[
    {
        "name": "ชาติไทยพัฒนา",
        "id": "ctp"
    },
    {
        "name": "ชาติพัฒนา",
        "id": "cpp"
    },
    {
        "name": "ไทษรักษาชาติ",
        "id": "tsn"
    },
    {
        "name": "ประชาธิปัตย์",
        "id": "dmc"
    },
    {
        "name": "พลังชล",
        "id": "plc"
    },
    {
        "name": "พลังประชารัฐ",
        "id": "pcr"
    },
    {
        "name": "เพื่อไทย",
        "id": "ptp"
    },
    {
        "name": "ภูมิใจไทย",
        "id": "bjt"
    },
    {
        "name": "รวมพลังประชาชาติไทย",
        "id": "act"
    },
    {
        "name": "สามัญชน",
        "id": "cmp"
    },
    {
        "name": "เสรีรวมไทย",
        "id": "tlp"
    },
    {
        "name": "อนาคตใหม่",
        "id": "fwp"
    }
]