{"trial_id": "03", "hyperparameters": {"space": [{"class_name": "Int", "config": {"name": "num_layers", "default": null, "conditions": [], "min_value": 2, "max_value": 10, "step": 1, "sampling": "linear"}}, {"class_name": "Int", "config": {"name": "units_0", "default": null, "conditions": [], "min_value": 32, "max_value": 256, "step": 32, "sampling": "linear"}}, {"class_name": "Int", "config": {"name": "units_1", "default": null, "conditions": [], "min_value": 32, "max_value": 256, "step": 32, "sampling": "linear"}}, {"class_name": "Float", "config": {"name": "dropout", "default": 0.5, "conditions": [], "min_value": 0.0, "max_value": 0.8, "step": 0.1, "sampling": "linear"}}, {"class_name": "Int", "config": {"name": "units_2", "default": null, "conditions": [], "min_value": 32, "max_value": 256, "step": 32, "sampling": "linear"}}, {"class_name": "Int", "config": {"name": "units_3", "default": null, "conditions": [], "min_value": 32, "max_value": 256, "step": 32, "sampling": "linear"}}, {"class_name": "Int", "config": {"name": "units_4", "default": null, "conditions": [], "min_value": 32, "max_value": 256, "step": 32, "sampling": "linear"}}, {"class_name": "Int", "config": {"name": "units_5", "default": null, "conditions": [], "min_value": 32, "max_value": 256, "step": 32, "sampling": "linear"}}, {"class_name": "Int", "config": {"name": "units_6", "default": null, "conditions": [], "min_value": 32, "max_value": 256, "step": 32, "sampling": "linear"}}, {"class_name": "Int", "config": {"name": "units_7", "default": null, "conditions": [], "min_value": 32, "max_value": 256, "step": 32, "sampling": "linear"}}], "values": {"num_layers": 4, "units_0": 224, "units_1": 256, "dropout": 0.8, "units_2": 224, "units_3": 192, "units_4": 256, "units_5": 256, "units_6": 64, "units_7": 128}}, "metrics": {"metrics": {"loss": {"direction": "min", "observations": [{"value": [0.16687044501304626], "step": 65}]}, "categorical_accuracy": {"direction": "max", "observations": [{"value": [0.939346969127655], "step": 65}]}, "val_loss": {"direction": "min", "observations": [{"value": [0.25365105271339417], "step": 65}]}, "val_categorical_accuracy": {"direction": "max", "observations": [{"value": [0.9042157530784607], "step": 65}]}}}, "score": 0.939346969127655, "best_step": 65, "status": "COMPLETED", "message": null}