[{"Unnamed: 0": 11091, "CandidateId": "44f683bf-fadf-41e1-8cf5-911c22a932e0", "CandidateNo": 1, "FirstName": "จิตรภณ", "LastName": "ทิพย์โภคาสกุล", "PartyName": "ภูมิใจไทย", "PartyNumber": 63, "Title": "นาย", "Votable": true, "province_id": 10, "province_name": "กรุงเทพมหานคร", "zone_number": 28, "PartyTerminated": false, "Age": 35, "Occupation": "นักธุรกิจ, ผู้บริหารบริษัทเอกชน", "HighestEducation": "ปริญญาตรี", "ImageFileId": "5c57cde7fbcb5f1eec0dc637", "SelfIntroduceFileId": "5c58f006fbcb5f1d88131e72", "PartyLogo": "https://storage.googleapis.com/candidate-thumbs/party/63.png", "CandididatePhoto": "https://storage.googleapis.com/candidate-thumbs/images/10-28-1.jpg"}, {"Unnamed: 0": 11092, "CandidateId": "3327a1dc-137c-4bae-896f-d1218298bcd8", "CandidateNo": 2, "FirstName": "สมเจตน์", "LastName": "มากสมบูรณ์", "PartyName": "ชาติไทยพัฒนา", "PartyNumber": 55, "Title": "นาย", "Votable": true, "province_id": 10, "province_name": "กรุงเทพมหานคร", "zone_number": 28, "PartyTerminated": false, "Age": 33, "Occupation": "พนักงานบริษัทเอกชน", "HighestEducation": "ปริญญาตรี", "ImageFileId": "5c57d039fbcb5f1eec0dcdcc", "SelfIntroduceFileId": "5c58fef1fbcb5f1d8813b412", "PartyLogo": "https://storage.googleapis.com/candidate-thumbs/party/55.png", "CandididatePhoto": "https://storage.googleapis.com/candidate-thumbs/images/10-28-2.jpg"}, {"Unnamed: 0": 11093, "CandidateId": "c71b90cf-4762-4452-a0ca-a17f3b31a78d", "CandidateNo": 3, "FirstName": "วัฒนา", "LastName": "เมืองสุข", "PartyName": "เพื่อไทย", "PartyNumber": 34, "Title": "นาย", "Votable": true, "province_id": 10, "province_name": "กรุงเทพมหานคร", "zone_number": 28, "PartyTerminated": false, "Age": 61, "Occupation": "นักการเมือง", "HighestEducation": "ปริญญาโท", "ImageFileId": "5c57d254fbcb5f1eec0dd593", "SelfIntroduceFileId": "5c590a6bfbcb5f1d88144775", "PartyLogo": "https://storage.googleapis.com/candidate-thumbs/party/34.png", "CandididatePhoto": "https://storage.googleapis.com/candidate-thumbs/images/10-28-3.jpg"}, {"Unnamed: 0": 11094, "CandidateId": "24b437c8-d72d-41da-9ec8-aa25fcf2aaa4", "CandidateNo": 4, "FirstName": "กฤชนนท์", "LastName": "อัยยปัญญา", "PartyName": "พลังประชารัฐ", "PartyNumber": 192, "Title": "นาย", "Votable": true, "province_id": 10, "province_name": "กรุงเทพมหานคร", "zone_number": 28, "PartyTerminated": false, "Age": 38, "Occupation": "รับจ้าง", "HighestEducation": "ปริญญาเอก", "ImageFileId": "5c57d488fbcb5f1eec0de058", "SelfIntroduceFileId": "5c591543fbcb5f1d8814de85", "PartyLogo": "https://storage.googleapis.com/candidate-thumbs/party/192.png", "CandididatePhoto": "https://storage.googleapis.com/candidate-thumbs/images/10-28-4.jpg"}, {"Unnamed: 0": 11095, "CandidateId": "2d872b29-3d33-484c-8a53-8915d2634ece", "CandidateNo": 5, "FirstName": "ปรเมศวร์", "LastName": "นาคเทวัญ", "PartyName": "รวมพลังประชาชาติไทย", "PartyNumber": 181, "Title": "นาย", "Votable": true, "province_id": 10, "province_name": "กรุงเทพมหานคร", "zone_number": 28, "PartyTerminated": false, "Age": 33, "Occupation": "หัวหน้าแผนกฝ่ายเขียนแบบ", "HighestEducation": "ปริญญาตรี", "ImageFileId": "5c57d6cdfbcb5f1eec0deb07", "SelfIntroduceFileId": "5c5926c1fbcb5f1d88157ba2", "PartyLogo": "https://storage.googleapis.com/candidate-thumbs/party/181.png", "CandididatePhoto": "https://storage.googleapis.com/candidate-thumbs/images/10-28-5.jpg"}, {"Unnamed: 0": 11096, "CandidateId": "36bbdf85-0d43-46ae-9379-f4bfa9775c9d", "CandidateNo": 6, "FirstName": "ปรีชา", "LastName": "วัชระนัย", "PartyName": "ประชาชาติ", "PartyNumber": 187, "Title": "นาย", "Votable": false, "province_id": 10, "province_name": "กรุงเทพมหานคร", "zone_number": 28, "PartyTerminated": false, "Age": 43, "Occupation": "ที่ปรึกษาฝ่ายประชาสัมพันธ์", "HighestEducation": "ปริญญาโท", "ImageFileId": "5c57d903fbcb5f1eec0df540", "SelfIntroduceFileId": "5c5d1ad8fbcb5f0fd8851a1b", "PartyLogo": "https://storage.googleapis.com/candidate-thumbs/party/187.png", "CandididatePhoto": "https://storage.googleapis.com/candidate-thumbs/images/10-28-6.jpg"}, {"Unnamed: 0": 11097, "CandidateId": "fb308b90-07aa-431a-ad39-6a118a0d839a", "CandidateNo": 7, "FirstName": "ศิริพงศ์", "LastName": "มหศิริไพศาล", "PartyName": "เพื่อชาติ", "PartyNumber": 149, "Title": "นาย", "Votable": true, "province_id": 10, "province_name": "กรุงเทพมหานคร", "zone_number": 28, "PartyTerminated": false, "Age": 37, "Occupation": "ธุรกิจส่วนตัว", "HighestEducation": "ต่ำกว่าปริญญาตรี", "ImageFileId": "5c57da5efbcb5f1eec0dfb23", "SelfIntroduceFileId": "5c59389efbcb5f1d881677ea", "PartyLogo": "https://storage.googleapis.com/candidate-thumbs/party/149.png", "CandididatePhoto": "https://storage.googleapis.com/candidate-thumbs/images/10-28-7.jpg"}, {"Unnamed: 0": 11098, "CandidateId": "903d9d3f-d677-4a61-808b-677ac8dbc6b4", "CandidateNo": 8, "FirstName": "เยาวภา", "LastName": "บุรพลชัย", "PartyName": "ชาติพัฒนา", "PartyNumber": 45, "Title": "นางสาว", "Votable": true, "province_id": 10, "province_name": "กรุงเทพมหานคร", "zone_number": 28, "PartyTerminated": false, "Age": 34, "Occupation": "เจ้าของธุรกิจด้านกีฬา", "HighestEducation": "ปริญญาโท", "ImageFileId": "5c57dc50fbcb5f1eec0e05fe", "SelfIntroduceFileId": "5c59408ffbcb5f1d8816e146", "PartyLogo": "https://storage.googleapis.com/candidate-thumbs/party/45.png", "CandididatePhoto": "https://storage.googleapis.com/candidate-thumbs/images/10-28-8.jpg"}, {"Unnamed: 0": 11099, "CandidateId": "04f594ae-8ec7-4131-91ee-592a155700da", "CandidateNo": 9, "FirstName": "ณัฐพงษ์", "LastName": "เรืองปัญญาวุฒิ", "PartyName": "อนาคตใหม่", "PartyNumber": 177, "Title": "นาย", "Votable": true, "province_id": 10, "province_name": "กรุงเทพมหานคร", "zone_number": 28, "PartyTerminated": false, "Age": 31, "Occupation": "เจ้าของธุรกิจส่วนตัว", "HighestEducation": "ปริญญาตรี", "ImageFileId": "5c57ddfffbcb5f1eec0e12e7", "SelfIntroduceFileId": "5c5d1b52fbcb5f0fd8851ccd", "PartyLogo": "https://storage.googleapis.com/candidate-thumbs/party/177.png", "CandididatePhoto": "https://storage.googleapis.com/candidate-thumbs/images/10-28-9.jpg"}, {"Unnamed: 0": 11100, "CandidateId": "f5c666dc-a3da-4bb8-99cb-7437ed870b50", "CandidateNo": 10, "FirstName": "อรอนงค์", "LastName": "คล้ายนก", "PartyName": "ประชาธิปัตย์", "PartyNumber": 1, "Title": "นาง", "Votable": true, "province_id": 10, "province_name": "กรุงเทพมหานคร", "zone_number": 28, "PartyTerminated": false, "Age": 50, "Occupation": "ธุรกิจส่วนตัว", "HighestEducation": "ปริญญาโท", "ImageFileId": "5c57df52fbcb5f1eec0e199c", "SelfIntroduceFileId": "5c5a3db1fbcb5f19bca89a57", "PartyLogo": "https://storage.googleapis.com/candidate-thumbs/party/1.png", "CandididatePhoto": "https://storage.googleapis.com/candidate-thumbs/images/10-28-10.jpg"}, {"Unnamed: 0": 11101, "CandidateId": "f51900bc-c2a2-4ebe-a48e-83642130be93", "CandidateNo": 11, "FirstName": "ประจักษ์", "LastName": "มนต์ประเสริฐ", "PartyName": "ประชาชนปฏิรูป", "PartyNumber": 176, "Title": "นาย", "Votable": true, "province_id": 10, "province_name": "กรุงเทพมหานคร", "zone_number": 28, "PartyTerminated": false, "Age": 63, "Occupation": "รับราชการ", "HighestEducation": "ปริญญาโท", "ImageFileId": "5c57e097fbcb5f1eec0e216c", "SelfIntroduceFileId": "5c5a4687fbcb5f19bca8d40a", "PartyLogo": "https://storage.googleapis.com/candidate-thumbs/party/176.png", "CandididatePhoto": "https://storage.googleapis.com/candidate-thumbs/images/10-28-11.jpg"}, {"Unnamed: 0": 11102, "CandidateId": "86736677-2fab-40d2-ad08-1367cf160cf3", "CandidateNo": 12, "FirstName": "จุตติ", "LastName": "ธรรมมโนวานิช", "PartyName": "เสรีรวมไทย", "PartyNumber": 145, "Title": "พลตำรวจโท", "Votable": true, "province_id": 10, "province_name": "กรุงเทพมหานคร", "zone_number": 28, "PartyTerminated": false, "Age": 65, "Occupation": "รับราชการตำรวจ", "HighestEducation": "ปริญญาโท", "ImageFileId": "5c57e1fdfbcb5f1eec0e29ea", "SelfIntroduceFileId": "5c5a4bacfbcb5f19bca8fec3", "PartyLogo": "https://storage.googleapis.com/candidate-thumbs/party/145.png", "CandididatePhoto": "https://storage.googleapis.com/candidate-thumbs/images/10-28-12.jpg"}, {"Unnamed: 0": 11103, "CandidateId": "98a2e81d-5b5a-4c5e-b20d-fcd92d06d097", "CandidateNo": 13, "FirstName": "ณัฐพล", "LastName": "ศิริสว่าง", "PartyName": "ประชาภิวัฒน์", "PartyNumber": 172, "Title": "นาย", "Votable": true, "province_id": 10, "province_name": "กรุงเทพมหานคร", "zone_number": 28, "PartyTerminated": false, "Age": 46, "Occupation": "นักธุรกิจ", "HighestEducation": "ปริญญาเอก", "ImageFileId": "5c57e395fbcb5f1eec0e36a4", "SelfIntroduceFileId": "5c5a502efbcb5f19bca92745", "PartyLogo": "https://storage.googleapis.com/candidate-thumbs/party/172.png", "CandididatePhoto": "https://storage.googleapis.com/candidate-thumbs/images/10-28-13.jpg"}, {"Unnamed: 0": 11104, "CandidateId": "5e82026e-5637-4008-ad16-74b57b985b25", "CandidateNo": 14, "FirstName": "ชวัลรัตน์", "LastName": "เข็มหนู", "PartyName": "พลังท้องถิ่นไท", "PartyNumber": 124, "Title": "นางสาว", "Votable": true, "province_id": 10, "province_name": "กรุงเทพมหานคร", "zone_number": 28, "PartyTerminated": false, "Age": 35, "Occupation": "ธุรกิจส่วนตัว", "HighestEducation": "ปริญญาตรี", "ImageFileId": "5c57e4c3fbcb5f1eec0e3ef4", "SelfIntroduceFileId": "5c5a56e4fbcb5f19bca96192", "PartyLogo": "https://storage.googleapis.com/candidate-thumbs/party/124.png", "CandididatePhoto": "https://storage.googleapis.com/candidate-thumbs/images/10-28-14.jpg"}, {"Unnamed: 0": 11105, "CandidateId": "ae137c55-3730-4a5e-9c77-2ae78790e1cb", "CandidateNo": 15, "FirstName": "อมรรัตน์", "LastName": "อัครอมรพงศ์", "PartyName": "ภราดรภาพ", "PartyNumber": 154, "Title": "นาง", "Votable": true, "province_id": 10, "province_name": "กรุงเทพมหานคร", "zone_number": 28, "PartyTerminated": false, "Age": 40, "Occupation": "กรรมการบริหารบริษัทไทยเฮลท์ จำกัด", "HighestEducation": "ปริญญาโท", "ImageFileId": "5c58ee49fbcb5f1d8813114c", "SelfIntroduceFileId": "5c5a6570fbcb5f19bca9d86b", "PartyLogo": "https://storage.googleapis.com/candidate-thumbs/party/154.png", "CandididatePhoto": "https://storage.googleapis.com/candidate-thumbs/images/10-28-15.jpg"}, {"Unnamed: 0": 11106, "CandidateId": "991dd217-11cd-4f07-a8c1-70534719e373", "CandidateNo": 16, "FirstName": "ลีลาวดี", "LastName": "น้ำหยด", "PartyName": "รักษ์ผืนป่าประเทศไทย", "PartyNumber": 133, "Title": "นางสาว", "Votable": true, "province_id": 10, "province_name": "กรุงเทพมหานคร", "zone_number": 28, "PartyTerminated": false, "Age": 28, "Occupation": "พนักงานบริษัทเอกชน", "HighestEducation": "ปริญญาตรี", "ImageFileId": "5c592ab1fbcb5f1d8815ac06", "SelfIntroduceFileId": "5c5a6b1bfbcb5f19bca9f759", "PartyLogo": "https://storage.googleapis.com/candidate-thumbs/party/133.png", "CandididatePhoto": "https://storage.googleapis.com/candidate-thumbs/images/10-28-16.jpg"}, {"Unnamed: 0": 11107, "CandidateId": "ec96eb55-7e75-446f-942d-bfa455b1aa57", "CandidateNo": 17, "FirstName": "กรกช", "LastName": "เติมรุ่งเรืองเลิศ", "PartyName": "ประชานิยม", "PartyNumber": 191, "Title": "นางสาว", "Votable": true, "province_id": 10, "province_name": "กรุงเทพมหานคร", "zone_number": 28, "PartyTerminated": false, "Age": 35, "Occupation": "พนักงารบริษัทเอกชน", "HighestEducation": "ปริญญาตรี", "ImageFileId": "5c5941f3fbcb5f1d8816f625", "SelfIntroduceFileId": "5c5a73f2fbcb5f19bcaa1462", "PartyLogo": "https://storage.googleapis.com/candidate-thumbs/party/191.png", "CandididatePhoto": "https://storage.googleapis.com/candidate-thumbs/images/10-28-17.jpg"}, {"Unnamed: 0": 11108, "CandidateId": "8ef7b106-3366-4cab-82d3-cccfc17f607d", "CandidateNo": 18, "FirstName": "ชัยกฤตย์", "LastName": "เดชณรงค์", "PartyName": "เศรษฐกิจใหม่", "PartyNumber": 193, "Title": "นาย", "Votable": false, "province_id": 10, "province_name": "กรุงเทพมหานคร", "zone_number": 28, "PartyTerminated": false, "Age": 38, "Occupation": "กรรมการผู้จัดการ บริษัท อาร์ เอ็น เอ คอมเมอร์เชียล", "HighestEducation": "ปริญญาโท", "ImageFileId": "5c5a7fddfbcb5f19bcaa6371", "SelfIntroduceFileId": "5c5a816ffbcb5f19bcaa6e8c", "PartyLogo": "https://storage.googleapis.com/candidate-thumbs/party/193.png", "CandididatePhoto": "https://storage.googleapis.com/candidate-thumbs/images/10-28-18.jpg"}, {"Unnamed: 0": 11109, "CandidateId": "282c7a1d-2bfe-4724-98c0-387e48680a1e", "CandidateNo": 19, "FirstName": "อนุชา", "LastName": "อินพุ่ม", "PartyName": "พลังชาติไทย", "PartyNumber": 186, "Title": "นาย", "Votable": true, "province_id": 10, "province_name": "กรุงเทพมหานคร", "zone_number": 28, "PartyTerminated": false, "Age": 47, "Occupation": "นักวิชาการอิสระ", "HighestEducation": "ปริญญาโท", "ImageFileId": "5c5bb2a1fbcb5f16fc661096", "SelfIntroduceFileId": "5c5bb5b3fbcb5f16fc662880", "PartyLogo": "https://storage.googleapis.com/candidate-thumbs/party/186.png", "CandididatePhoto": "https://storage.googleapis.com/candidate-thumbs/images/10-28-19.jpg"}, {"Unnamed: 0": 11110, "CandidateId": "766f432f-7652-4bd5-b3c9-364d772d4363", "CandidateNo": 20, "FirstName": "จิรายุ", "LastName": "ภูพาน", "PartyName": "พลังรัก", "PartyNumber": 195, "Title": "นาย", "Votable": false, "province_id": 10, "province_name": "กรุงเทพมหานคร", "zone_number": 28, "PartyTerminated": false, "Age": 28, "Occupation": "นายสัตวแพทย์", "HighestEducation": "ปริญญาตรี", "ImageFileId": "5c5bbf36fbcb5f16fc6662b7", "SelfIntroduceFileId": "5c5bc110fbcb5f16fc6669c2", "PartyLogo": "https://storage.googleapis.com/candidate-thumbs/party/195.png", "CandididatePhoto": "https://storage.googleapis.com/candidate-thumbs/images/10-28-20.jpg"}, {"Unnamed: 0": 11111, "CandidateId": "ff7d0c2a-b162-4abc-83f4-8804dc6ac4c4", "CandidateNo": 21, "FirstName": "ชาญชีพ", "LastName": "หิรัญภัทรเวช", "PartyName": "พลังไทยรักไทย", "PartyNumber": 185, "Title": "นาย", "Votable": true, "province_id": 10, "province_name": "กรุงเทพมหานคร", "zone_number": 28, "PartyTerminated": false, "Age": 32, "Occupation": "ธุรกิจส่วนตัว", "HighestEducation": "ปริญญาตรี", "ImageFileId": "5c5bce2efbcb5f16fc66af48", "SelfIntroduceFileId": "5c5bcfb2fbcb5f16fc66b90e", "PartyLogo": "https://storage.googleapis.com/candidate-thumbs/party/185.png", "CandididatePhoto": "https://storage.googleapis.com/candidate-thumbs/images/10-28-21.jpg"}, {"Unnamed: 0": 11112, "CandidateId": "4a9a48ee-d0b0-4912-bf41-94d97598d055", "CandidateNo": 22, "FirstName": "ชัยพล", "LastName": "องอาจผจญ", "PartyName": "แผ่นดินธรรม", "PartyNumber": 188, "Title": "นาย", "Votable": true, "province_id": 10, "province_name": "กรุงเทพมหานคร", "zone_number": 28, "PartyTerminated": false, "Age": 26, "Occupation": "ธุรกิจส่วนตัว", "HighestEducation": "ต่ำกว่าปริญญาตรี", "ImageFileId": "5c5bd41efbcb5f16fc66dbc6", "SelfIntroduceFileId": "5c5bd6a3fbcb5f16fc66eb86", "PartyLogo": "https://storage.googleapis.com/candidate-thumbs/party/188.png", "CandididatePhoto": "https://storage.googleapis.com/candidate-thumbs/images/10-28-22.jpg"}, {"Unnamed: 0": 11113, "CandidateId": "c050d760-d7b5-4104-b0af-4a95f0867584", "CandidateNo": 23, "FirstName": "ศุรุท", "LastName": "เกษมณีภูรเดช", "PartyName": "ไทยรักษาชาติ", "PartyNumber": 77, "Title": "นาย", "Votable": true, "province_id": 10, "province_name": "กรุงเทพมหานคร", "zone_number": 28, "PartyTerminated": true, "Age": 54, "Occupation": "ธุรกิจส่วนตัว", "HighestEducation": "ปริญญาโท", "ImageFileId": "5c5be106fbcb5f16fc674410", "SelfIntroduceFileId": "5c5be255fbcb5f16fc674e98", "PartyLogo": "https://storage.googleapis.com/candidate-thumbs/party/77.png", "CandididatePhoto": "https://storage.googleapis.com/candidate-thumbs/images/10-28-23.jpg"}, {"Unnamed: 0": 11114, "CandidateId": "723d19c6-ad94-492d-b989-bc88daca1762", "CandidateNo": 24, "FirstName": "ภัทรานิษฐ์", "LastName": "บุณยวิบูลย์", "PartyName": "ครูไทยเพื่อประชาชน", "PartyNumber": 118, "Title": "นาง", "Votable": true, "province_id": 10, "province_name": "กรุงเทพมหานคร", "zone_number": 28, "PartyTerminated": false, "Age": 61, "Occupation": "รับราชการ", "HighestEducation": "ปริญญาเอก", "ImageFileId": "5c5bf62dfbcb5f16fc67f816", "SelfIntroduceFileId": "5c5cdcfefbcb5f16fc688dc9", "PartyLogo": "https://storage.googleapis.com/candidate-thumbs/party/118.png", "CandididatePhoto": "https://storage.googleapis.com/candidate-thumbs/images/10-28-24.jpg"}, {"Unnamed: 0": 11115, "CandidateId": "baeb78c8-be2e-40b7-a665-030e1cfc20b4", "CandidateNo": 25, "FirstName": "ณพลการย์", "LastName": "ณิชยรวีพัชร์", "PartyName": "มหาชน", "PartyNumber": 4, "Title": "นาย", "Votable": false, "province_id": 10, "province_name": "กรุงเทพมหานคร", "zone_number": 28, "PartyTerminated": false, "Age": 29, "Occupation": "วิศวกร", "HighestEducation": "ปริญญาตรี", "ImageFileId": "5c5d2963fbcb5f0fd8858acc", "SelfIntroduceFileId": "5c5d2f66fbcb5f0fd885bd98", "PartyLogo": "https://storage.googleapis.com/candidate-thumbs/party/4.png", "CandididatePhoto": "https://storage.googleapis.com/candidate-thumbs/images/10-28-25.jpg"}, {"Unnamed: 0": 11116, "CandidateId": "e58057b4-1cb7-44fe-9d4b-065c1d32170a", "CandidateNo": 26, "FirstName": "ดวงประเสริฐ", "LastName": "นาคจีนวงศ์", "PartyName": "ประชาธรรมไทย", "PartyNumber": 190, "Title": "นาย", "Votable": false, "province_id": 10, "province_name": "กรุงเทพมหานคร", "zone_number": 28, "PartyTerminated": false, "Age": 49, "Occupation": "รับจ้าง", "HighestEducation": "ต่ำกว่าปริญญาตรี", "ImageFileId": "5c5d36b4fbcb5f0fd885f7ad", "SelfIntroduceFileId": "5c5d4747fbcb5f0fd88699f6", "PartyLogo": "https://storage.googleapis.com/candidate-thumbs/party/190.png", "CandididatePhoto": "https://storage.googleapis.com/candidate-thumbs/images/10-28-26.jpg"}, {"Unnamed: 0": 11117, "CandidateId": "4e3621a6-5dfa-4827-88f4-e22531b2da08", "CandidateNo": 27, "FirstName": "ภูเมธ", "LastName": "กมลศุภกิตติ์", "PartyName": "พลังไทสร้างชาติ", "PartyNumber": 200, "Title": "นาย", "Votable": true, "province_id": 10, "province_name": "กรุงเทพมหานคร", "zone_number": 28, "PartyTerminated": false, "Age": 50, "Occupation": "รับจ้าง", "HighestEducation": "ต่ำกว่าปริญญาตรี", "ImageFileId": "5c5d3dfafbcb5f0fd88637df", "SelfIntroduceFileId": "5c5d3fa5fbcb5f0fd8864890", "PartyLogo": "https://storage.googleapis.com/candidate-thumbs/party/200.png", "CandididatePhoto": "https://storage.googleapis.com/candidate-thumbs/images/10-28-27.jpg"}, {"Unnamed: 0": 11118, "CandidateId": "b291fa22-a0fc-44d6-b526-6b71e1bb92cd", "CandidateNo": 28, "FirstName": "นันทัชพร", "LastName": "บุญทรง", "PartyName": "ภาคีเครือข่ายไทย", "PartyNumber": 211, "Title": "นาง", "Votable": true, "province_id": 10, "province_name": "กรุงเทพมหานคร", "zone_number": 28, "PartyTerminated": false, "Age": 46, "Occupation": "ประดิษฐ์ดอกไม้ดิน", "HighestEducation": "ต่ำกว่าปริญญาตรี", "ImageFileId": "5c5d42cdfbcb5f0fd8866b9e", "SelfIntroduceFileId": "5c5d43affbcb5f0fd886746d", "PartyLogo": "https://storage.googleapis.com/candidate-thumbs/party/211.png", "CandididatePhoto": "https://storage.googleapis.com/candidate-thumbs/images/10-28-28.jpg"}]