[{"Unnamed: 0": 2663, "CandidateId": "3f606cd2-4ceb-44c5-a368-10f693e3e80b", "CandidateNo": 1, "FirstName": "ชัยวุฒิ", "LastName": "แสงทองไพบูลย์", "PartyName": "ภราดรภาพ", "PartyNumber": 154, "Title": "นาย", "Votable": true, "province_id": 62, "province_name": "กำแพงเพชร", "zone_number": 1, "PartyTerminated": false, "Age": 67, "Occupation": "เกษตรกรรม", "HighestEducation": "ต่ำกว่าปริญญาตรี", "ImageFileId": "5c57de2cfbcb5f1eec0e13fc", "SelfIntroduceFileId": "5c57fcabfbcb5f1eec0f2d96", "PartyLogo": "https://storage.googleapis.com/candidate-thumbs/party/154.png", "CandididatePhoto": "https://storage.googleapis.com/candidate-thumbs/images/62-1-1.jpg"}, {"Unnamed: 0": 2664, "CandidateId": "be8fcbe8-9037-48ab-bc48-cdac81f2bcf8", "CandidateNo": 2, "FirstName": "ประเสริฐ", "LastName": "เลิศจรัสกุลถาวร", "PartyName": "รวมพลังประชาชาติไทย", "PartyNumber": 181, "Title": "นาย", "Votable": true, "province_id": 62, "province_name": "กำแพงเพชร", "zone_number": 1, "PartyTerminated": false, "Age": 55, "Occupation": "เกษตรกรรม", "HighestEducation": "ปริญญาตรี", "ImageFileId": "5c57e01dfbcb5f1eec0e1e94", "SelfIntroduceFileId": "5c57fd01fbcb5f1eec0f32d8", "PartyLogo": "https://storage.googleapis.com/candidate-thumbs/party/181.png", "CandididatePhoto": "https://storage.googleapis.com/candidate-thumbs/images/62-1-2.jpg"}, {"Unnamed: 0": 2665, "CandidateId": "9c09d548-b261-4b41-8882-04c71e3de4fd", "CandidateNo": 3, "FirstName": "สุเกียรติ", "LastName": "ศรีประทุม", "PartyName": "รักษ์ผืนป่าประเทศไทย", "PartyNumber": 133, "Title": "นาย", "Votable": true, "province_id": 62, "province_name": "กำแพงเพชร", "zone_number": 1, "PartyTerminated": false, "Age": 51, "Occupation": "ประกอบธุรกิจส่วนตัว", "HighestEducation": "ต่ำกว่าปริญญาตรี", "ImageFileId": "5c57eac7fbcb5f1eec0e71d4", "SelfIntroduceFileId": "5c57fdd1fbcb5f1eec0f3fe2", "PartyLogo": "https://storage.googleapis.com/candidate-thumbs/party/133.png", "CandididatePhoto": "https://storage.googleapis.com/candidate-thumbs/images/62-1-3.jpg"}, {"Unnamed: 0": 2666, "CandidateId": "8b0fce7e-1f66-4ba1-8af9-443686a08cea", "CandidateNo": 4, "FirstName": "ชินโนรส", "LastName": "วิทยากาญจน์", "PartyName": "ประชาชนปฏิรูป", "PartyNumber": 176, "Title": "นาย", "Votable": true, "province_id": 62, "province_name": "กำแพงเพชร", "zone_number": 1, "PartyTerminated": false, "Age": 69, "Occupation": "พนักงานธนาคารเพื่อการเกษตรและสหกรณ์การเกษตร", "HighestEducation": "ปริญญาโท", "ImageFileId": "5c57ec61fbcb5f1eec0e7de5", "SelfIntroduceFileId": "5c57fe45fbcb5f1eec0f462c", "PartyLogo": "https://storage.googleapis.com/candidate-thumbs/party/176.png", "CandididatePhoto": "https://storage.googleapis.com/candidate-thumbs/images/62-1-4.jpg"}, {"Unnamed: 0": 2667, "CandidateId": "94e6cfbf-4ac9-47c2-9374-59f8b4189cdc", "CandidateNo": 5, "FirstName": "พัทยา", "LastName": "เลิศเกิดชัย", "PartyName": "ชาติไทยพัฒนา", "PartyNumber": 55, "Title": "นาง", "Votable": true, "province_id": 62, "province_name": "กำแพงเพชร", "zone_number": 1, "PartyTerminated": false, "Age": 53, "Occupation": "พนักงานธนาคาร", "HighestEducation": "ปริญญาตรี", "ImageFileId": "5c57ec04fbcb5f1eec0e7b65", "SelfIntroduceFileId": "5c57feb5fbcb5f1eec0f4d15", "PartyLogo": "https://storage.googleapis.com/candidate-thumbs/party/55.png", "CandididatePhoto": "https://storage.googleapis.com/candidate-thumbs/images/62-1-5.jpg"}, {"Unnamed: 0": 2668, "CandidateId": "24f51daa-80a6-4e2f-8386-ddfe59001fbf", "CandidateNo": 6, "FirstName": "ทองใบ", "LastName": "ทูลฉลอง", "PartyName": "ประชาภิวัฒน์", "PartyNumber": 172, "Title": "นาย", "Votable": true, "province_id": 62, "province_name": "กำแพงเพชร", "zone_number": 1, "PartyTerminated": false, "Age": 55, "Occupation": "เกษตรกรรม", "HighestEducation": "ต่ำกว่าปริญญาตรี", "ImageFileId": "5c58006dfbcb5f1eec0f60ea", "SelfIntroduceFileId": "5c58011cfbcb5f1eec0f69b5", "PartyLogo": "https://storage.googleapis.com/candidate-thumbs/party/172.png", "CandididatePhoto": "https://storage.googleapis.com/candidate-thumbs/images/62-1-6.jpg"}, {"Unnamed: 0": 2669, "CandidateId": "bec47cf8-3034-44b9-9c89-4eaedf79cf22", "CandidateNo": 7, "FirstName": "ปนัดดา", "LastName": "ธนูชัย", "PartyName": "พลังไทยรักไทย", "PartyNumber": 185, "Title": "นางสาว", "Votable": true, "province_id": 62, "province_name": "กำแพงเพชร", "zone_number": 1, "PartyTerminated": false, "Age": 38, "Occupation": "ค้าขาย", "HighestEducation": "ปริญญาตรี", "ImageFileId": "5c5801b5fbcb5f1eec0f7425", "SelfIntroduceFileId": "5c580227fbcb5f1eec0f7c10", "PartyLogo": "https://storage.googleapis.com/candidate-thumbs/party/185.png", "CandididatePhoto": "https://storage.googleapis.com/candidate-thumbs/images/62-1-7.jpg"}, {"Unnamed: 0": 2670, "CandidateId": "2404b7c3-69d8-4df3-8648-ab123dbe5038", "CandidateNo": 8, "FirstName": "ธนกฤต", "LastName": "เลื่องปุ้ย", "PartyName": "แผ่นดินธรรม", "PartyNumber": 188, "Title": "นาย", "Votable": true, "province_id": 62, "province_name": "กำแพงเพชร", "zone_number": 1, "PartyTerminated": false, "Age": 58, "Occupation": "ธุรกิจส่วนตัว", "HighestEducation": "ปริญญาตรี", "ImageFileId": "5c580305fbcb5f1eec0f8959", "SelfIntroduceFileId": "5c5a5d5ffbcb5f19bca99752", "PartyLogo": "https://storage.googleapis.com/candidate-thumbs/party/188.png", "CandididatePhoto": "https://storage.googleapis.com/candidate-thumbs/images/62-1-8.jpg"}, {"Unnamed: 0": 2671, "CandidateId": "d6c16489-8061-4a97-8d4d-f0d3da7cfd14", "CandidateNo": 9, "FirstName": "ทวีวัชร", "LastName": "ปิติปภาดา", "PartyName": "เสรีรวมไทย", "PartyNumber": 145, "Title": "พันตำรวจโท", "Votable": true, "province_id": 62, "province_name": "กำแพงเพชร", "zone_number": 1, "PartyTerminated": false, "Age": 67, "Occupation": "รับราชการตำรวจ อดีตรองผู้กำกับการสอบสวน", "HighestEducation": "ปริญญาตรี", "ImageFileId": "5c5804b6fbcb5f1eec0fa104", "SelfIntroduceFileId": "5c580540fbcb5f1eec0faa52", "PartyLogo": "https://storage.googleapis.com/candidate-thumbs/party/145.png", "CandididatePhoto": "https://storage.googleapis.com/candidate-thumbs/images/62-1-9.jpg"}, {"Unnamed: 0": 2672, "CandidateId": "a7592a8c-435d-4545-a2fc-20517ade6047", "CandidateNo": 10, "FirstName": "สำรวย", "LastName": "มนทอง", "PartyName": "เพื่อนไทย", "PartyNumber": 179, "Title": "นาย", "Votable": false, "province_id": 62, "province_name": "กำแพงเพชร", "zone_number": 1, "PartyTerminated": false, "Age": 62, "Occupation": "เกษตรกรรม", "HighestEducation": "ต่ำกว่าปริญญาตรี", "ImageFileId": "5c58063afbcb5f1eec0fb593", "SelfIntroduceFileId": "5c5806dcfbcb5f1eec0fbead", "PartyLogo": "https://storage.googleapis.com/candidate-thumbs/party/179.png", "CandididatePhoto": "https://storage.googleapis.com/candidate-thumbs/images/62-1-10.jpg"}, {"Unnamed: 0": 2673, "CandidateId": "3a752cd6-9e2a-4991-b9a2-88cf0153f23f", "CandidateNo": 11, "FirstName": "วีระศักดิ์", "LastName": "สุ่นสา", "PartyName": "เพื่อไทย", "PartyNumber": 34, "Title": "นาย", "Votable": true, "province_id": 62, "province_name": "กำแพงเพชร", "zone_number": 1, "PartyTerminated": false, "Age": 45, "Occupation": "ข้าราชการตำรวจ", "HighestEducation": "ปริญญาโท", "ImageFileId": "5c580bf7fbcb5f1eec0ffdb3", "SelfIntroduceFileId": "5c580c7afbcb5f1eec10037f", "PartyLogo": "https://storage.googleapis.com/candidate-thumbs/party/34.png", "CandididatePhoto": "https://storage.googleapis.com/candidate-thumbs/images/62-1-11.jpg"}, {"Unnamed: 0": 2674, "CandidateId": "f32fdba4-81bb-421e-826b-658bd2f79f70", "CandidateNo": 12, "FirstName": "สมพงษ์", "LastName": "ปรางค์ทอง", "PartyName": "เพื่อชาติ", "PartyNumber": 149, "Title": "นาย", "Votable": true, "province_id": 62, "province_name": "กำแพงเพชร", "zone_number": 1, "PartyTerminated": false, "Age": 64, "Occupation": "ข้าราชการบำนาญ", "HighestEducation": "ปริญญาตรี", "ImageFileId": "5c580cf1fbcb5f1eec1008bd", "SelfIntroduceFileId": "5c580d7afbcb5f1eec100f5b", "PartyLogo": "https://storage.googleapis.com/candidate-thumbs/party/149.png", "CandididatePhoto": "https://storage.googleapis.com/candidate-thumbs/images/62-1-12.jpg"}, {"Unnamed: 0": 2675, "CandidateId": "701511f9-7974-4a0b-9430-945c83075681", "CandidateNo": 13, "FirstName": "เกียรติชัย", "LastName": "ติรณศักดิ์กุล", "PartyName": "ภูมิใจไทย", "PartyNumber": 63, "Title": "นาย", "Votable": true, "province_id": 62, "province_name": "กำแพงเพชร", "zone_number": 1, "PartyTerminated": false, "Age": 62, "Occupation": "นักธุรกิจ", "HighestEducation": "ปริญญาตรี", "ImageFileId": "5c5806bffbcb5f1eec0fbc71", "SelfIntroduceFileId": "5c58087cfbcb5f1eec0fd532", "PartyLogo": "https://storage.googleapis.com/candidate-thumbs/party/63.png", "CandididatePhoto": "https://storage.googleapis.com/candidate-thumbs/images/62-1-13.jpg"}, {"Unnamed: 0": 2676, "CandidateId": "45519258-8507-4bf8-9d49-9dbd68cd563b", "CandidateNo": 14, "FirstName": "วิวัฒน์", "LastName": "อุ่นสวัสดิพงษ์", "PartyName": "พลังท้องถิ่นไท", "PartyNumber": 124, "Title": "นาย", "Votable": true, "province_id": 62, "province_name": "กำแพงเพชร", "zone_number": 1, "PartyTerminated": false, "Age": 63, "Occupation": "รับราชการ", "HighestEducation": "ปริญญาโท", "ImageFileId": "5c580b3ffbcb5f1eec0ff439", "SelfIntroduceFileId": "5c581491fbcb5f1eec105528", "PartyLogo": "https://storage.googleapis.com/candidate-thumbs/party/124.png", "CandididatePhoto": "https://storage.googleapis.com/candidate-thumbs/images/62-1-14.jpg"}, {"Unnamed: 0": 2677, "CandidateId": "8715aa5f-10ac-4a44-b79f-bb1f53b44e98", "CandidateNo": 15, "FirstName": "ไผ่", "LastName": "ลิกค์", "PartyName": "พลังประชารัฐ", "PartyNumber": 192, "Title": "นาย", "Votable": true, "province_id": 62, "province_name": "กำแพงเพชร", "zone_number": 1, "PartyTerminated": false, "Age": 40, "Occupation": "นักธุรกิจ", "HighestEducation": "ปริญญาตรี", "ImageFileId": "5c580fc9fbcb5f1eec102af2", "SelfIntroduceFileId": "5c580f8ffbcb5f1eec102841", "PartyLogo": "https://storage.googleapis.com/candidate-thumbs/party/192.png", "CandididatePhoto": "https://storage.googleapis.com/candidate-thumbs/images/62-1-15.jpg"}, {"Unnamed: 0": 2678, "CandidateId": "c322fd0e-eca3-4e13-8c39-4f0311528cbe", "CandidateNo": 16, "FirstName": "ธิติ", "LastName": "มหบุญพาชัย", "PartyName": "ประชาธิปัตย์", "PartyNumber": 1, "Title": "นาย", "Votable": true, "province_id": 62, "province_name": "กำแพงเพชร", "zone_number": 1, "PartyTerminated": false, "Age": 38, "Occupation": "ผู้บริหารสถานศึกษาเอกชน", "HighestEducation": "ปริญญาเอก", "ImageFileId": "5c5811a3fbcb5f1eec103ba1", "SelfIntroduceFileId": "5c581223fbcb5f1eec103fab", "PartyLogo": "https://storage.googleapis.com/candidate-thumbs/party/1.png", "CandididatePhoto": "https://storage.googleapis.com/candidate-thumbs/images/62-1-16.jpg"}, {"Unnamed: 0": 2679, "CandidateId": "b71249ae-7abe-4d52-84ff-05742b14ffbf", "CandidateNo": 17, "FirstName": "ศิวสรรค์", "LastName": "กล้ากสิกิจ", "PartyName": "อนาคตใหม่", "PartyNumber": 177, "Title": "นาย", "Votable": true, "province_id": 62, "province_name": "กำแพงเพชร", "zone_number": 1, "PartyTerminated": false, "Age": 37, "Occupation": "ธุรกิจส่วนตัว", "HighestEducation": "ต่ำกว่าปริญญาตรี", "ImageFileId": "5c581567fbcb5f1eec105c18", "SelfIntroduceFileId": "5c5a9c47fbcb5f19bcab2f46", "PartyLogo": "https://storage.googleapis.com/candidate-thumbs/party/177.png", "CandididatePhoto": "https://storage.googleapis.com/candidate-thumbs/images/62-1-17.jpg"}, {"Unnamed: 0": 2680, "CandidateId": "2b3cb411-c4ad-49db-b81a-40d20f5f0b64", "CandidateNo": 18, "FirstName": "สุวทัย", "LastName": "นาชัยเงิน", "PartyName": "ไทยศรีวิไลย์", "PartyNumber": 180, "Title": "นาย", "Votable": true, "province_id": 62, "province_name": "กำแพงเพชร", "zone_number": 1, "PartyTerminated": false, "Age": 54, "Occupation": "ผู้จัดการฝ่ายเครดิต", "HighestEducation": "ต่ำกว่าปริญญาตรี", "ImageFileId": "5c581739fbcb5f1eec106a4c", "SelfIntroduceFileId": "5c5817a8fbcb5f1eec106eba", "PartyLogo": "https://storage.googleapis.com/candidate-thumbs/party/180.png", "CandididatePhoto": "https://storage.googleapis.com/candidate-thumbs/images/62-1-18.jpg"}, {"Unnamed: 0": 2681, "CandidateId": "a45b44f5-da5c-431c-bc4b-bddb6e3c1fee", "CandidateNo": 19, "FirstName": "ณัฐวุฒิ", "LastName": "กาหา", "PartyName": "ประชานิยม", "PartyNumber": 191, "Title": "นาย", "Votable": true, "province_id": 62, "province_name": "กำแพงเพชร", "zone_number": 1, "PartyTerminated": false, "Age": 64, "Occupation": "รับราชการ", "HighestEducation": "ปริญญาตรี", "ImageFileId": "5c581832fbcb5f1eec1071a8", "SelfIntroduceFileId": "5c58188bfbcb5f1eec10758d", "PartyLogo": "https://storage.googleapis.com/candidate-thumbs/party/191.png", "CandididatePhoto": "https://storage.googleapis.com/candidate-thumbs/images/62-1-19.jpg"}, {"Unnamed: 0": 2682, "CandidateId": "3635c52a-c54d-49b1-9bd8-bafcc8f75802", "CandidateNo": 20, "FirstName": "ศุภกิจ", "LastName": "สีพุมมา", "PartyName": "เศรษฐกิจใหม่", "PartyNumber": 193, "Title": "นาย", "Votable": true, "province_id": 62, "province_name": "กำแพงเพชร", "zone_number": 1, "PartyTerminated": false, "Age": 40, "Occupation": "ธุรกิจส่วนตัว", "HighestEducation": "ปริญญาตรี", "ImageFileId": "5c5a84ddfbcb5f19bcaa8e1e", "SelfIntroduceFileId": "5c5a7ed1fbcb5f19bcaa5b0a", "PartyLogo": "https://storage.googleapis.com/candidate-thumbs/party/193.png", "CandididatePhoto": "https://storage.googleapis.com/candidate-thumbs/images/62-1-20.jpg"}, {"Unnamed: 0": 2683, "CandidateId": "155b8e18-d6b8-4473-be9a-b0c348cf9bd1", "CandidateNo": 21, "FirstName": "อัชราวรร", "LastName": "เวชกร", "PartyName": "ประชาธิปไตยใหม่", "PartyNumber": 109, "Title": "นางสาว", "Votable": true, "province_id": 62, "province_name": "กำแพงเพชร", "zone_number": 1, "PartyTerminated": false, "Age": 37, "Occupation": "ธุรกิจส่วนตัว", "HighestEducation": "ปริญญาตรี", "ImageFileId": "5c5aa8bbfbcb5f19bcab75f2", "SelfIntroduceFileId": "5c5aa90cfbcb5f19bcab783b", "PartyLogo": "https://storage.googleapis.com/candidate-thumbs/party/109.png", "CandididatePhoto": "https://storage.googleapis.com/candidate-thumbs/images/62-1-21.jpg"}, {"Unnamed: 0": 2684, "CandidateId": "7c94822e-9a6d-4813-b2f2-be7f67d09e29", "CandidateNo": 22, "FirstName": "สุภาณี", "LastName": "ศิลปชัย", "PartyName": "ครูไทยเพื่อประชาชน", "PartyNumber": 118, "Title": "นาง", "Votable": true, "province_id": 62, "province_name": "กำแพงเพชร", "zone_number": 1, "PartyTerminated": false, "Age": 64, "Occupation": "ข้าราชการบำนาญ", "HighestEducation": "ปริญญาตรี", "ImageFileId": "5c5b994afbcb5f16fc655b01", "SelfIntroduceFileId": "5c5b9841fbcb5f16fc655566", "PartyLogo": "https://storage.googleapis.com/candidate-thumbs/party/118.png", "CandididatePhoto": "https://storage.googleapis.com/candidate-thumbs/images/62-1-22.jpg"}, {"Unnamed: 0": 2685, "CandidateId": "dbe81ff9-9a2a-47bc-af44-52f1c93f9c16", "CandidateNo": 23, "FirstName": "วสันต์", "LastName": "คำมี", "PartyName": "พลังชาติไทย", "PartyNumber": 186, "Title": "นาย", "Votable": true, "province_id": 62, "province_name": "กำแพงเพชร", "zone_number": 1, "PartyTerminated": false, "Age": 66, "Occupation": "ข้าราชการบำนาญ", "HighestEducation": "ปริญญาตรี", "ImageFileId": "5c5bc97afbcb5f16fc668f3a", "SelfIntroduceFileId": "5c5bcc8dfbcb5f16fc66a3c0", "PartyLogo": "https://storage.googleapis.com/candidate-thumbs/party/186.png", "CandididatePhoto": "https://storage.googleapis.com/candidate-thumbs/images/62-1-23.jpg"}, {"Unnamed: 0": 2686, "CandidateId": "23aebc20-1763-4e9f-8b8b-00624c0a797b", "CandidateNo": 24, "FirstName": "เฉลียว", "LastName": "ศรีทัศน์", "PartyName": "เครือข่ายชาวนาแห่งประเทศไทย", "PartyNumber": 22, "Title": "นาง", "Votable": true, "province_id": 62, "province_name": "กำแพงเพชร", "zone_number": 1, "PartyTerminated": false, "Age": 66, "Occupation": "เกษตรกรรม", "HighestEducation": "ต่ำกว่าปริญญาตรี", "ImageFileId": "5c5bce4ffbcb5f16fc66b0fe", "SelfIntroduceFileId": "5c5d2fa9fbcb5f0fd885bfe5", "PartyLogo": "https://storage.googleapis.com/candidate-thumbs/party/22.png", "CandididatePhoto": "https://storage.googleapis.com/candidate-thumbs/images/62-1-24.jpg"}, {"Unnamed: 0": 2687, "CandidateId": "af5294d5-6cc1-437a-a668-5141c8e8257e", "CandidateNo": 25, "FirstName": "อินทัช", "LastName": "อินทะจันทร์", "PartyName": "ประชากรไทย", "PartyNumber": 2, "Title": "นาย", "Votable": true, "province_id": 62, "province_name": "กำแพงเพชร", "zone_number": 1, "PartyTerminated": false, "Age": 34, "Occupation": "ธุรกิจส่วนตัว", "HighestEducation": "ปริญญาโท", "ImageFileId": "5c5beec2fbcb5f16fc67bba4", "SelfIntroduceFileId": "5c5bf357fbcb5f16fc67e3fe", "PartyLogo": "https://storage.googleapis.com/candidate-thumbs/party/2.png", "CandididatePhoto": "https://storage.googleapis.com/candidate-thumbs/images/62-1-25.jpg"}, {"Unnamed: 0": 2688, "CandidateId": "c8d18b6d-ba0f-47bb-a97d-4734c176b438", "CandidateNo": 26, "FirstName": "วิษณุ", "LastName": "พุทธรักษามณี", "PartyName": "พลเมืองไทย", "PartyNumber": 173, "Title": "นาย", "Votable": true, "province_id": 62, "province_name": "กำแพงเพชร", "zone_number": 1, "PartyTerminated": false, "Age": 40, "Occupation": "นักธุรกิจ", "HighestEducation": "ปริญญาตรี", "ImageFileId": "5c5cf5b5fbcb5f16fc6913d9", "SelfIntroduceFileId": "5c5cfd24fbcb5f0fd88468ed", "PartyLogo": "https://storage.googleapis.com/candidate-thumbs/party/173.png", "CandididatePhoto": "https://storage.googleapis.com/candidate-thumbs/images/62-1-26.jpg"}, {"Unnamed: 0": 2689, "CandidateId": "9292e2f8-52a5-4ac4-ad07-a49b42b7e9aa", "CandidateNo": 27, "FirstName": "นันทวรีพร", "LastName": "ศรีสมุทร", "PartyName": "เพื่อแผ่นดิน", "PartyNumber": 41, "Title": "นางสาว", "Votable": true, "province_id": 62, "province_name": "กำแพงเพชร", "zone_number": 1, "PartyTerminated": false, "Age": 32, "Occupation": "ค้าขาย", "HighestEducation": "ต่ำกว่าปริญญาตรี", "ImageFileId": "5c5d309bfbcb5f0fd885c639", "SelfIntroduceFileId": "5c5d3409fbcb5f0fd885e325", "PartyLogo": "https://storage.googleapis.com/candidate-thumbs/party/41.png", "CandididatePhoto": "https://storage.googleapis.com/candidate-thumbs/images/62-1-27.jpg"}, {"Unnamed: 0": 2690, "CandidateId": "93659810-8328-401e-a12e-6babb46606b3", "CandidateNo": 28, "FirstName": "สยาม", "LastName": "ม่วงทอง", "PartyName": "ผึ้งหลวง", "PartyNumber": 164, "Title": "นาย", "Votable": true, "province_id": 62, "province_name": "กำแพงเพชร", "zone_number": 1, "PartyTerminated": false, "Age": 68, "Occupation": "ผู้อำนวยการโรงเรียน", "HighestEducation": "ปริญญาโท", "ImageFileId": "5c5d40b0fbcb5f0fd88657b7", "SelfIntroduceFileId": "5c5d44cefbcb5f0fd8868216", "PartyLogo": "https://storage.googleapis.com/candidate-thumbs/party/164.png", "CandididatePhoto": "https://storage.googleapis.com/candidate-thumbs/images/62-1-28.jpg"}, {"Unnamed: 0": 2691, "CandidateId": "865c172b-1345-4b2e-a7fd-f70b192d2a11", "CandidateNo": 29, "FirstName": "ชนาธิป", "LastName": "พิลึก", "PartyName": "ไทรักธรรม", "PartyNumber": 144, "Title": "นางสาว", "Votable": false, "province_id": 62, "province_name": "กำแพงเพชร", "zone_number": 1, "PartyTerminated": false, "Age": 36, "Occupation": "ธุรกิจส่วนตัว", "HighestEducation": "ต่ำกว่าปริญญาตรี", "ImageFileId": "5c5d47defbcb5f0fd886a01b", "SelfIntroduceFileId": "5c5d4b1dfbcb5f0fd886c83d", "PartyLogo": "https://storage.googleapis.com/candidate-thumbs/party/144.png", "CandididatePhoto": "https://storage.googleapis.com/candidate-thumbs/images/62-1-29.jpg"}, {"Unnamed: 0": 2692, "CandidateId": "8bc92902-82c5-467c-b42e-6707d1ab0ee5", "CandidateNo": 30, "FirstName": "มาโนชย์", "LastName": "แสงสวาสดิ์", "PartyName": "พลังประชาธิปไตย", "PartyNumber": 153, "Title": "นาย", "Votable": true, "province_id": 62, "province_name": "กำแพงเพชร", "zone_number": 1, "PartyTerminated": false, "Age": 70, "Occupation": "ธุรกิจส่วนตัว", "HighestEducation": "ต่ำกว่าปริญญาตรี", "ImageFileId": "5c5d52d7fbcb5f0fd887182b", "SelfIntroduceFileId": "5c5d54e3fbcb5f0fd8873548", "PartyLogo": "https://storage.googleapis.com/candidate-thumbs/party/153.png", "CandididatePhoto": "https://storage.googleapis.com/candidate-thumbs/images/62-1-30.jpg"}]