[{"Unnamed: 0": 10408, "CandidateId": "78d8139e-2e25-4632-b90f-68a83077a69f", "CandidateNo": 1, "FirstName": "อนุชาญ", "LastName": "กวางทอง", "PartyName": "ภูมิใจไทย", "PartyNumber": 63, "Title": "นาย", "Votable": true, "province_id": 10, "province_name": "กรุงเทพมหานคร", "zone_number": 6, "PartyTerminated": false, "Age": 53, "Occupation": "สมาชิกสภาเขตพญาไท", "HighestEducation": "ปริญญาตรี", "ImageFileId": "5c57f643fbcb5f1eec0ee232", "SelfIntroduceFileId": "5c57f946fbcb5f1eec0efd7c", "PartyLogo": "https://storage.googleapis.com/candidate-thumbs/party/63.png", "CandididatePhoto": "https://storage.googleapis.com/candidate-thumbs/images/10-6-1.jpg"}, {"Unnamed: 0": 10409, "CandidateId": "da903c6c-b5dc-4fa6-907a-c79c2eeb152e", "CandidateNo": 2, "FirstName": "ภูวพัฒน์", "LastName": "ชนะสกล", "PartyName": "เสรีรวมไทย", "PartyNumber": 145, "Title": "นาย", "Votable": true, "province_id": 10, "province_name": "กรุงเทพมหานคร", "zone_number": 6, "PartyTerminated": false, "Age": 30, "Occupation": "นักธุรกิจอสังหาริมทรัพย์อิสระ", "HighestEducation": "ปริญญาโท", "ImageFileId": "5c57d713fbcb5f1eec0dec17", "SelfIntroduceFileId": "5c57ecbafbcb5f1eec0e80bb", "PartyLogo": "https://storage.googleapis.com/candidate-thumbs/party/145.png", "CandididatePhoto": "https://storage.googleapis.com/candidate-thumbs/images/10-6-2.jpg"}, {"Unnamed: 0": 10410, "CandidateId": "b12e4393-3a67-4e1e-b68c-f511d5805178", "CandidateNo": 3, "FirstName": "ประพนธ์", "LastName": "เนตรรังษี", "PartyName": "เพื่อไทย", "PartyNumber": 34, "Title": "นาย", "Votable": true, "province_id": 10, "province_name": "กรุงเทพมหานคร", "zone_number": 6, "PartyTerminated": false, "Age": 49, "Occupation": "นักการเมืองท้องถิ่น", "HighestEducation": "ปริญญาเอก", "ImageFileId": "5c5805bffbcb5f1eec0fb028", "SelfIntroduceFileId": "5c5a7ddafbcb5f19bcaa4f9f", "PartyLogo": "https://storage.googleapis.com/candidate-thumbs/party/34.png", "CandididatePhoto": "https://storage.googleapis.com/candidate-thumbs/images/10-6-3.jpg"}, {"Unnamed: 0": 10411, "CandidateId": "c6236ecf-58ee-4fdb-8a3e-c82c66594202", "CandidateNo": 4, "FirstName": "รพีพจน์", "LastName": "เจิมเทียนชัย", "PartyName": "ประชาชนปฏิรูป", "PartyNumber": 176, "Title": "รตท.", "Votable": true, "province_id": 10, "province_name": "กรุงเทพมหานคร", "zone_number": 6, "PartyTerminated": false, "Age": 63, "Occupation": "ข้าราชการบำนาญ", "HighestEducation": "ปริญญาตรี", "ImageFileId": "5c57f0eafbcb5f1eec0eaabe", "SelfIntroduceFileId": "5c57fe40fbcb5f1eec0f45df", "PartyLogo": "https://storage.googleapis.com/candidate-thumbs/party/176.png", "CandididatePhoto": "https://storage.googleapis.com/candidate-thumbs/images/10-6-4.jpg"}, {"Unnamed: 0": 10412, "CandidateId": "1851313d-5059-448b-903e-0117df93481e", "CandidateNo": 5, "FirstName": "สังวน", "LastName": "เจิมแป้น", "PartyName": "ประชานิยม", "PartyNumber": 191, "Title": "นาย", "Votable": true, "province_id": 10, "province_name": "กรุงเทพมหานคร", "zone_number": 6, "PartyTerminated": false, "Age": 70, "Occupation": "ผู้จัดการสายระดับ 5 ขสมก.", "HighestEducation": "ต่ำกว่าปริญญาตรี", "ImageFileId": "5c5800ccfbcb5f1eec0f6569", "SelfIntroduceFileId": "5c5a81dffbcb5f19bcaa7428", "PartyLogo": "https://storage.googleapis.com/candidate-thumbs/party/191.png", "CandididatePhoto": "https://storage.googleapis.com/candidate-thumbs/images/10-6-5.jpg"}, {"Unnamed: 0": 10413, "CandidateId": "6862d06d-131c-4e4f-8302-8d0e1c7bdbed", "CandidateNo": 6, "FirstName": "ณัฏฐ์ปิยะ", "LastName": "กุลจิรารวีนิภา", "PartyName": "ชาติพัฒนา", "PartyNumber": 45, "Title": "นาย", "Votable": true, "province_id": 10, "province_name": "กรุงเทพมหานคร", "zone_number": 6, "PartyTerminated": false, "Age": 52, "Occupation": "รับจ้าง", "HighestEducation": "ต่ำกว่าปริญญาตรี", "ImageFileId": "5c580671fbcb5f1eec0fb8e7", "SelfIntroduceFileId": "5c5a83b1fbcb5f19bcaa8563", "PartyLogo": "https://storage.googleapis.com/candidate-thumbs/party/45.png", "CandididatePhoto": "https://storage.googleapis.com/candidate-thumbs/images/10-6-6.jpg"}, {"Unnamed: 0": 10414, "CandidateId": "3ed48ace-d56b-4ffe-81f7-1a0400c1a783", "CandidateNo": 7, "FirstName": "ดวงกมล", "LastName": "ดวงสร้อยทอง", "PartyName": "รวมพลังประชาชาติไทย", "PartyNumber": 181, "Title": "นาง", "Votable": true, "province_id": 10, "province_name": "กรุงเทพมหานคร", "zone_number": 6, "PartyTerminated": false, "Age": 33, "Occupation": "ธุรกิจส่วนตัว", "HighestEducation": "ปริญญาโท", "ImageFileId": "5c58079ffbcb5f1eec0fca69", "SelfIntroduceFileId": "5c5a856cfbcb5f19bcaa9111", "PartyLogo": "https://storage.googleapis.com/candidate-thumbs/party/181.png", "CandididatePhoto": "https://storage.googleapis.com/candidate-thumbs/images/10-6-7.jpg"}, {"Unnamed: 0": 10415, "CandidateId": "05438e54-8453-4b0f-b48e-3bc9e4fb527c", "CandidateNo": 8, "FirstName": "คริส", "LastName": "โปตระนันทน์", "PartyName": "อนาคตใหม่", "PartyNumber": 177, "Title": "นาย", "Votable": true, "province_id": 10, "province_name": "กรุงเทพมหานคร", "zone_number": 6, "PartyTerminated": false, "Age": 30, "Occupation": "อาชีพอิสระ", "HighestEducation": "ปริญญาโท", "ImageFileId": "5c5806fbfbcb5f1eec0fc051", "SelfIntroduceFileId": "5c5a8c36fbcb5f19bcaac11d", "PartyLogo": "https://storage.googleapis.com/candidate-thumbs/party/177.png", "CandididatePhoto": "https://storage.googleapis.com/candidate-thumbs/images/10-6-8.jpg"}, {"Unnamed: 0": 10416, "CandidateId": "636f0d09-94c5-44d1-8627-9d4342d7d007", "CandidateNo": 9, "FirstName": "พีรชาติ", "LastName": "ยุกตานนท์", "PartyName": "ชาติไทยพัฒนา", "PartyNumber": 55, "Title": "นาย", "Votable": true, "province_id": 10, "province_name": "กรุงเทพมหานคร", "zone_number": 6, "PartyTerminated": false, "Age": 41, "Occupation": "ที่ปรึกษาและวางแผนทางการเงิน ตัวแทนประกันชีวิต บริษัท เอไอเอ จำกัด", "HighestEducation": "ปริญญาตรี", "ImageFileId": "5c580e9cfbcb5f1eec101cbb", "SelfIntroduceFileId": "5c5a8eb2fbcb5f19bcaad328", "PartyLogo": "https://storage.googleapis.com/candidate-thumbs/party/55.png", "CandididatePhoto": "https://storage.googleapis.com/candidate-thumbs/images/10-6-9.jpg"}, {"Unnamed: 0": 10417, "CandidateId": "c42f8ddb-32de-4786-a5bc-cb592e659697", "CandidateNo": 10, "FirstName": "อรรถวิชช์", "LastName": "สุวรรณภักดี", "PartyName": "ประชาธิปัตย์", "PartyNumber": 1, "Title": "นาย", "Votable": true, "province_id": 10, "province_name": "กรุงเทพมหานคร", "zone_number": 6, "PartyTerminated": false, "Age": 40, "Occupation": "สมาชิกสภาผู้แทนราษฎร", "HighestEducation": "ปริญญาโท", "ImageFileId": "5c580fa0fbcb5f1eec102944", "SelfIntroduceFileId": "5c5a91edfbcb5f19bcaaed24", "PartyLogo": "https://storage.googleapis.com/candidate-thumbs/party/1.png", "CandididatePhoto": "https://storage.googleapis.com/candidate-thumbs/images/10-6-10.jpg"}, {"Unnamed: 0": 10418, "CandidateId": "d7cfc3b3-e997-4b97-a873-060c0522b51e", "CandidateNo": 11, "FirstName": "ภาดาท์", "LastName": "วรกานนท์", "PartyName": "พลังประชารัฐ", "PartyNumber": 192, "Title": "นางสาว", "Votable": true, "province_id": 10, "province_name": "กรุงเทพมหานคร", "zone_number": 6, "PartyTerminated": false, "Age": 42, "Occupation": "พนักงานบริษัท", "HighestEducation": "ปริญญาโท", "ImageFileId": "5c580a5cfbcb5f1eec0fea6c", "SelfIntroduceFileId": "5c5a9d2cfbcb5f19bcab351f", "PartyLogo": "https://storage.googleapis.com/candidate-thumbs/party/192.png", "CandididatePhoto": "https://storage.googleapis.com/candidate-thumbs/images/10-6-11.jpg"}, {"Unnamed: 0": 10419, "CandidateId": "7f6ee900-1c54-41fb-8471-46a3af9b214c", "CandidateNo": 12, "FirstName": "ไชยา", "LastName": "ประดิษฐธรรม", "PartyName": "เพื่อชาติ", "PartyNumber": 149, "Title": "นาย", "Votable": true, "province_id": 10, "province_name": "กรุงเทพมหานคร", "zone_number": 6, "PartyTerminated": false, "Age": 64, "Occupation": "ข้าราชการบำนาญ,อาจารย์พิเศษ", "HighestEducation": "ปริญญาเอก", "ImageFileId": "5c580b99fbcb5f1eec0ff983", "SelfIntroduceFileId": "5c5bb92efbcb5f16fc664099", "PartyLogo": "https://storage.googleapis.com/candidate-thumbs/party/149.png", "CandididatePhoto": "https://storage.googleapis.com/candidate-thumbs/images/10-6-12.jpg"}, {"Unnamed: 0": 10420, "CandidateId": "c4776b52-b98b-47d7-bc57-2e7cf177ce60", "CandidateNo": 13, "FirstName": "วิโรจน์", "LastName": "เจษฎาดิลก", "PartyName": "ประชาชาติ", "PartyNumber": 187, "Title": "นาย", "Votable": true, "province_id": 10, "province_name": "กรุงเทพมหานคร", "zone_number": 6, "PartyTerminated": false, "Age": 61, "Occupation": "ผู้บริหารสถานศึกษาเอกชน", "HighestEducation": "ปริญญาเอก", "ImageFileId": "5c581256fbcb5f1eec104263", "SelfIntroduceFileId": "5c5bbbecfbcb5f16fc6652d2", "PartyLogo": "https://storage.googleapis.com/candidate-thumbs/party/187.png", "CandididatePhoto": "https://storage.googleapis.com/candidate-thumbs/images/10-6-13.jpg"}, {"Unnamed: 0": 10421, "CandidateId": "93276fcc-4738-48ce-a5fa-3b3cac76a4b0", "CandidateNo": 14, "FirstName": "เอนก", "LastName": "นาคดิลก", "PartyName": "ประชาภิวัฒน์", "PartyNumber": 172, "Title": "นาย", "Votable": true, "province_id": 10, "province_name": "กรุงเทพมหานคร", "zone_number": 6, "PartyTerminated": false, "Age": 61, "Occupation": "ข้าราชการพลเรือน", "HighestEducation": "ปริญญาตรี", "ImageFileId": "5c5812c7fbcb5f1eec1046e9", "SelfIntroduceFileId": "5c5bd5e3fbcb5f16fc66e60d", "PartyLogo": "https://storage.googleapis.com/candidate-thumbs/party/172.png", "CandididatePhoto": "https://storage.googleapis.com/candidate-thumbs/images/10-6-14.jpg"}, {"Unnamed: 0": 10422, "CandidateId": "0d67a414-cef5-412b-a3fc-1b64625dbad2", "CandidateNo": 15, "FirstName": "รุจชรินทร์", "LastName": "ทองใหญ่", "PartyName": "พลังท้องถิ่นไท", "PartyNumber": 124, "Title": "นาย", "Votable": true, "province_id": 10, "province_name": "กรุงเทพมหานคร", "zone_number": 6, "PartyTerminated": false, "Age": 57, "Occupation": "กรรมการผู้จัดการบริษัท และทนายความ", "HighestEducation": "ปริญญาเอก", "ImageFileId": "5c581362fbcb5f1eec104b73", "SelfIntroduceFileId": "5c5be3defbcb5f16fc675b11", "PartyLogo": "https://storage.googleapis.com/candidate-thumbs/party/124.png", "CandididatePhoto": "https://storage.googleapis.com/candidate-thumbs/images/10-6-15.jpg"}, {"Unnamed: 0": 10423, "CandidateId": "ac70e5dd-8393-4908-a438-2eb904ad6a66", "CandidateNo": 16, "FirstName": "พิชัย", "LastName": "บุราวาศ", "PartyName": "ไทยศรีวิไลย์", "PartyNumber": 180, "Title": "นาย", "Votable": true, "province_id": 10, "province_name": "กรุงเทพมหานคร", "zone_number": 6, "PartyTerminated": false, "Age": 51, "Occupation": "พนักงานบริษัทเอกชน", "HighestEducation": "ต่ำกว่าปริญญาตรี", "ImageFileId": "5c581003fbcb5f1eec102e20", "SelfIntroduceFileId": "5c5be1a5fbcb5f16fc6749d3", "PartyLogo": "https://storage.googleapis.com/candidate-thumbs/party/180.png", "CandididatePhoto": "https://storage.googleapis.com/candidate-thumbs/images/10-6-16.jpg"}, {"Unnamed: 0": 10424, "CandidateId": "73010963-921f-4635-95a1-b5ced28ca20e", "CandidateNo": 17, "FirstName": "สุรภาส", "LastName": "วิเชียร", "PartyName": "ภราดรภาพ", "PartyNumber": 154, "Title": "นาย", "Votable": true, "province_id": 10, "province_name": "กรุงเทพมหานคร", "zone_number": 6, "PartyTerminated": false, "Age": 41, "Occupation": "พนักงานบริษัทเอกชน", "HighestEducation": "ปริญญาโท", "ImageFileId": "5c581051fbcb5f1eec103149", "SelfIntroduceFileId": "5c5be750fbcb5f16fc6777eb", "PartyLogo": "https://storage.googleapis.com/candidate-thumbs/party/154.png", "CandididatePhoto": "https://storage.googleapis.com/candidate-thumbs/images/10-6-17.jpg"}, {"Unnamed: 0": 10425, "CandidateId": "f7b0cb92-32f8-4da3-9589-3a77e64ccb7e", "CandidateNo": 18, "FirstName": "สุริยะ", "LastName": "อยู่เย็น", "PartyName": "รักษ์ผืนป่าประเทศไทย", "PartyNumber": 133, "Title": "พลตำรวจตรี", "Votable": true, "province_id": 10, "province_name": "กรุงเทพมหานคร", "zone_number": 6, "PartyTerminated": false, "Age": 62, "Occupation": "รับราชการ", "HighestEducation": "ปริญญาโท", "ImageFileId": "5c580ae9fbcb5f1eec0ff096", "SelfIntroduceFileId": "5c5be966fbcb5f16fc678b0c", "PartyLogo": "https://storage.googleapis.com/candidate-thumbs/party/133.png", "CandididatePhoto": "https://storage.googleapis.com/candidate-thumbs/images/10-6-18.jpg"}, {"Unnamed: 0": 10426, "CandidateId": "ff6a4861-915b-4edd-bfc3-0c82edbfa3ef", "CandidateNo": 19, "FirstName": "ประวีร์", "LastName": "จินดาวรรณ", "PartyName": "เพื่อแผ่นดิน", "PartyNumber": 41, "Title": "นาย", "Votable": true, "province_id": 10, "province_name": "กรุงเทพมหานคร", "zone_number": 6, "PartyTerminated": false, "Age": 49, "Occupation": "ข้าราชการทหาร", "HighestEducation": "ปริญญาตรี", "ImageFileId": "5c591943fbcb5f1d88150340", "SelfIntroduceFileId": "5c5beb9ffbcb5f16fc679dc5", "PartyLogo": "https://storage.googleapis.com/candidate-thumbs/party/41.png", "CandididatePhoto": "https://storage.googleapis.com/candidate-thumbs/images/10-6-19.jpg"}, {"Unnamed: 0": 10427, "CandidateId": "20eeb23f-a907-4e21-85f0-4dbd53e95469", "CandidateNo": 20, "FirstName": "สุมณฑา", "LastName": "อ่อนนุ่ม", "PartyName": "เศรษฐกิจใหม่", "PartyNumber": 193, "Title": "นาง", "Votable": true, "province_id": 10, "province_name": "กรุงเทพมหานคร", "zone_number": 6, "PartyTerminated": false, "Age": 61, "Occupation": "รับราชการตำแหน่งผู้อำนวยการสถานศึกษาโรงเรียนวัดธาตุทอง เขตวัฒนา", "HighestEducation": "ปริญญาเอก", "ImageFileId": "5c5a892cfbcb5f19bcaaa876", "SelfIntroduceFileId": "5c5bef27fbcb5f16fc67bf0a", "PartyLogo": "https://storage.googleapis.com/candidate-thumbs/party/193.png", "CandididatePhoto": "https://storage.googleapis.com/candidate-thumbs/images/10-6-20.jpg"}, {"Unnamed: 0": 10428, "CandidateId": "a880efb2-7833-472c-804a-632639b62653", "CandidateNo": 21, "FirstName": "อังศุธร", "LastName": "อังคะพินทุ", "PartyName": "พลังชาติไทย", "PartyNumber": 186, "Title": "นาง", "Votable": true, "province_id": 10, "province_name": "กรุงเทพมหานคร", "zone_number": 6, "PartyTerminated": false, "Age": 51, "Occupation": "อาชีพอิสระ", "HighestEducation": "ปริญญาตรี", "ImageFileId": "5c5bb6c0fbcb5f16fc66300e", "SelfIntroduceFileId": "5c5bcf19fbcb5f16fc66b53f", "PartyLogo": "https://storage.googleapis.com/candidate-thumbs/party/186.png", "CandididatePhoto": "https://storage.googleapis.com/candidate-thumbs/images/10-6-21.jpg"}, {"Unnamed: 0": 10429, "CandidateId": "a4cb6c31-7497-41ca-bd06-7587b3524214", "CandidateNo": 22, "FirstName": "พิสิษฐ์", "LastName": "พิพัฒน์กุลบุตร", "PartyName": "ครูไทยเพื่อประชาชน", "PartyNumber": 118, "Title": "นาย", "Votable": true, "province_id": 10, "province_name": "กรุงเทพมหานคร", "zone_number": 6, "PartyTerminated": false, "Age": 28, "Occupation": "ธุรกิจส่วนตัว", "HighestEducation": "ต่ำกว่าปริญญาตรี", "ImageFileId": "5c5bcc0cfbcb5f16fc66a193", "SelfIntroduceFileId": "5c5bf333fbcb5f16fc67e1f0", "PartyLogo": "https://storage.googleapis.com/candidate-thumbs/party/118.png", "CandididatePhoto": "https://storage.googleapis.com/candidate-thumbs/images/10-6-22.jpg"}, {"Unnamed: 0": 10430, "CandidateId": "f89e7a80-2665-4576-b193-77265ea37a66", "CandidateNo": 23, "FirstName": "ภัทรพงศ์", "LastName": "วนะไชยเกียรติ", "PartyName": "พลังรัก", "PartyNumber": 195, "Title": "นาย", "Votable": true, "province_id": 10, "province_name": "กรุงเทพมหานคร", "zone_number": 6, "PartyTerminated": false, "Age": 28, "Occupation": "วิศวกร", "HighestEducation": "ปริญญาตรี", "ImageFileId": "5c5be55bfbcb5f16fc6765ab", "SelfIntroduceFileId": "5c5d0290fbcb5f0fd884994f", "PartyLogo": "https://storage.googleapis.com/candidate-thumbs/party/195.png", "CandididatePhoto": "https://storage.googleapis.com/candidate-thumbs/images/10-6-23.jpg"}, {"Unnamed: 0": 10431, "CandidateId": "58dd668f-e256-4040-acdb-fcaa2d02121f", "CandidateNo": 24, "FirstName": "ขรรค์ชัย", "LastName": "แก้วเนตร", "PartyName": "พลังปวงชนไทย", "PartyNumber": 184, "Title": "นาย", "Votable": true, "province_id": 10, "province_name": "กรุงเทพมหานคร", "zone_number": 6, "PartyTerminated": false, "Age": 36, "Occupation": "creative consultant", "HighestEducation": "ปริญญาตรี", "ImageFileId": "5c5d09f1fbcb5f0fd884ced2", "SelfIntroduceFileId": "5c5d0d3efbcb5f0fd884e113", "PartyLogo": "https://storage.googleapis.com/candidate-thumbs/party/184.png", "CandididatePhoto": "https://storage.googleapis.com/candidate-thumbs/images/10-6-24.jpg"}, {"Unnamed: 0": 10432, "CandidateId": "01ce5f4b-975a-4fa4-9b7e-ee588a85163b", "CandidateNo": 25, "FirstName": "นภารำไพ", "LastName": "ณ นคร", "PartyName": "มหาชน", "PartyNumber": 4, "Title": "นาง", "Votable": true, "province_id": 10, "province_name": "กรุงเทพมหานคร", "zone_number": 6, "PartyTerminated": false, "Age": 52, "Occupation": "ประกอบธุรกิจส่วนตัว", "HighestEducation": "ปริญญาตรี", "ImageFileId": "5c5d181afbcb5f0fd8850df6", "SelfIntroduceFileId": "5c5d1c60fbcb5f0fd88523d9", "PartyLogo": "https://storage.googleapis.com/candidate-thumbs/party/4.png", "CandididatePhoto": "https://storage.googleapis.com/candidate-thumbs/images/10-6-25.jpg"}, {"Unnamed: 0": 10433, "CandidateId": "1d8ddbb7-4435-42ab-b2ad-237dda4f3014", "CandidateNo": 26, "FirstName": "มิตรพล", "LastName": "สิทธิกูล", "PartyName": "พลังไทสร้างชาติ", "PartyNumber": 200, "Title": "นาย", "Votable": true, "province_id": 10, "province_name": "กรุงเทพมหานคร", "zone_number": 6, "PartyTerminated": false, "Age": 46, "Occupation": "ดูแลผู้สูงอายุ (คุณแม่)", "HighestEducation": "ปริญญาโท", "ImageFileId": "5c5d19cffbcb5f0fd885157b", "SelfIntroduceFileId": "5c5d1ecefbcb5f0fd8853677", "PartyLogo": "https://storage.googleapis.com/candidate-thumbs/party/200.png", "CandididatePhoto": "https://storage.googleapis.com/candidate-thumbs/images/10-6-26.jpg"}, {"Unnamed: 0": 10434, "CandidateId": "1a6e5c78-315e-40ec-b2c9-d58290a7e5bf", "CandidateNo": 27, "FirstName": "ฐาปนี", "LastName": "โปร่งรัศมี", "PartyName": "พลเมืองไทย", "PartyNumber": 173, "Title": "นางสาว", "Votable": true, "province_id": 10, "province_name": "กรุงเทพมหานคร", "zone_number": 6, "PartyTerminated": false, "Age": 49, "Occupation": "พนักงานบริษัท", "HighestEducation": "ปริญญาเอก", "ImageFileId": "5c5d26d0fbcb5f0fd8857403", "SelfIntroduceFileId": "5c5d2905fbcb5f0fd88586c9", "PartyLogo": "https://storage.googleapis.com/candidate-thumbs/party/173.png", "CandididatePhoto": "https://storage.googleapis.com/candidate-thumbs/images/10-6-27.jpg"}, {"Unnamed: 0": 10435, "CandidateId": "b565e03f-f539-487f-9eaf-d9b44201b22e", "CandidateNo": 28, "FirstName": "ปริญญา", "LastName": "งามพัฒนพงศ์ชัย", "PartyName": "มติประชา", "PartyNumber": 171, "Title": "นาย", "Votable": true, "province_id": 10, "province_name": "กรุงเทพมหานคร", "zone_number": 6, "PartyTerminated": false, "Age": 50, "Occupation": "รับจ้าง", "HighestEducation": "ปริญญาตรี", "ImageFileId": "5c5d557bfbcb5f0fd8873f30", "SelfIntroduceFileId": "5c5d581afbcb5f0fd8876212", "PartyLogo": "https://storage.googleapis.com/candidate-thumbs/party/171.png", "CandididatePhoto": "https://storage.googleapis.com/candidate-thumbs/images/10-6-28.jpg"}, {"Unnamed: 0": 10436, "CandidateId": "c0d2a0af-833a-4194-a697-9888f1f00eed", "CandidateNo": 29, "FirstName": "คชษิน", "LastName": "กาดัสซา", "PartyName": "ภาคีเครือข่ายไทย", "PartyNumber": 211, "Title": "นาย", "Votable": true, "province_id": 10, "province_name": "กรุงเทพมหานคร", "zone_number": 6, "PartyTerminated": false, "Age": 59, "Occupation": "สมาชิกกิฟฟารีน", "HighestEducation": "ต่ำกว่าปริญญาตรี", "ImageFileId": "5c5d56e8fbcb5f0fd88751fd", "SelfIntroduceFileId": "5c5d59a7fbcb5f0fd887749d", "PartyLogo": "https://storage.googleapis.com/candidate-thumbs/party/211.png", "CandididatePhoto": "https://storage.googleapis.com/candidate-thumbs/images/10-6-29.jpg"}, {"Unnamed: 0": 10437, "CandidateId": "4ac3ba64-7980-4d45-be0f-3c1725ea49a0", "CandidateNo": 30, "FirstName": "ลาภวัต", "LastName": "สุริยสกุลลาภ", "PartyName": "ประชาธิปไตยใหม่", "PartyNumber": 109, "Title": "นาย", "Votable": true, "province_id": 10, "province_name": "กรุงเทพมหานคร", "zone_number": 6, "PartyTerminated": false, "Age": 51, "Occupation": "อิสระ", "HighestEducation": "ปริญญาตรี", "ImageFileId": "5c5d51fdfbcb5f0fd8870eb3", "SelfIntroduceFileId": "5c5d540ffbcb5f0fd8872a98", "PartyLogo": "https://storage.googleapis.com/candidate-thumbs/party/109.png", "CandididatePhoto": "https://storage.googleapis.com/candidate-thumbs/images/10-6-30.jpg"}]