[{"Unnamed: 0": 11061, "CandidateId": "02b568ef-7b94-4a4d-b7ee-48b37fe2126c", "CandidateNo": 1, "FirstName": "ยุทธนา", "LastName": "โตอาจ", "PartyName": "ชาติพัฒนา", "PartyNumber": 45, "Title": "นาย", "Votable": true, "province_id": 10, "province_name": "กรุงเทพมหานคร", "zone_number": 27, "PartyTerminated": false, "Age": 48, "Occupation": "ธุรกิจส่วนตัว", "HighestEducation": "ปริญญาตรี", "ImageFileId": "5c57add3fbcb5f1eec0cfa29", "SelfIntroduceFileId": "5c58f0a6fbcb5f1d881324a0", "PartyLogo": "https://storage.googleapis.com/candidate-thumbs/party/45.png", "CandididatePhoto": "https://storage.googleapis.com/candidate-thumbs/images/10-27-1.jpg"}, {"Unnamed: 0": 11062, "CandidateId": "9b40560b-765e-4904-baeb-4b61d66514a7", "CandidateNo": 2, "FirstName": "ธนธัส", "LastName": "สาสิงห์", "PartyName": "ชาติไทยพัฒนา", "PartyNumber": 55, "Title": "นาย", "Votable": true, "province_id": 10, "province_name": "กรุงเทพมหานคร", "zone_number": 27, "PartyTerminated": false, "Age": 51, "Occupation": "พนักงานบริษัท", "HighestEducation": "ปริญญาโท", "ImageFileId": "5c57b153fbcb5f1eec0d07cd", "SelfIntroduceFileId": "5c5921d7fbcb5f1d881543d0", "PartyLogo": "https://storage.googleapis.com/candidate-thumbs/party/55.png", "CandididatePhoto": "https://storage.googleapis.com/candidate-thumbs/images/10-27-2.jpg"}, {"Unnamed: 0": 11063, "CandidateId": "0a0f2379-5540-483c-95a5-a60f5f42e9a4", "CandidateNo": 3, "FirstName": "วันชัย", "LastName": "ฟักเอี้ยง", "PartyName": "เพื่อไทย", "PartyNumber": 34, "Title": "พันตำรวจโท", "Votable": true, "province_id": 10, "province_name": "กรุงเทพมหานคร", "zone_number": 27, "PartyTerminated": false, "Age": 58, "Occupation": "ข้าราชการบำนาญ (สำนักงานตำรวจแห่งชาติ)", "HighestEducation": "ปริญญาตรี", "ImageFileId": "5c57b41dfbcb5f1eec0d14af", "SelfIntroduceFileId": "5c592ba8fbcb5f1d8815bdc0", "PartyLogo": "https://storage.googleapis.com/candidate-thumbs/party/34.png", "CandididatePhoto": "https://storage.googleapis.com/candidate-thumbs/images/10-27-3.jpg"}, {"Unnamed: 0": 11064, "CandidateId": "4a7fd25e-44e3-48d7-b9cf-bd86f411c8bd", "CandidateNo": 4, "FirstName": "ปกาสิต", "LastName": "ตราชื่นต้อง", "PartyName": "ภูมิใจไทย", "PartyNumber": 63, "Title": "นาย", "Votable": true, "province_id": 10, "province_name": "กรุงเทพมหานคร", "zone_number": 27, "PartyTerminated": false, "Age": 58, "Occupation": "รับราชการครู", "HighestEducation": "ปริญญาโท", "ImageFileId": "5c57b6aafbcb5f1eec0d225f", "SelfIntroduceFileId": "5c592edefbcb5f1d8815f180", "PartyLogo": "https://storage.googleapis.com/candidate-thumbs/party/63.png", "CandididatePhoto": "https://storage.googleapis.com/candidate-thumbs/images/10-27-4.jpg"}, {"Unnamed: 0": 11065, "CandidateId": "ad69c2d0-27a5-4153-97e2-50dd18444c29", "CandidateNo": 5, "FirstName": "วิษุวัต", "LastName": "เจริญขวัญเมือง", "PartyName": "ประชาชาติ", "PartyNumber": 187, "Title": "นาย", "Votable": true, "province_id": 10, "province_name": "กรุงเทพมหานคร", "zone_number": 27, "PartyTerminated": false, "Age": 35, "Occupation": "ครู", "HighestEducation": "ปริญญาโท", "ImageFileId": "5c57b9fcfbcb5f1eec0d3709", "SelfIntroduceFileId": "5c594007fbcb5f1d8816d916", "PartyLogo": "https://storage.googleapis.com/candidate-thumbs/party/187.png", "CandididatePhoto": "https://storage.googleapis.com/candidate-thumbs/images/10-27-5.jpg"}, {"Unnamed: 0": 11066, "CandidateId": "6b55c934-fe04-48a2-b484-926d50d0beac", "CandidateNo": 6, "FirstName": "กฤดิทัช", "LastName": "แสงธนโยธิน", "PartyName": "ไทยศรีวิไลย์", "PartyNumber": 180, "Title": "นาย", "Votable": true, "province_id": 10, "province_name": "กรุงเทพมหานคร", "zone_number": 27, "PartyTerminated": false, "Age": 46, "Occupation": "พนักงานบริษัท", "HighestEducation": "ปริญญาโท", "ImageFileId": "5c57bc03fbcb5f1eec0d47bf", "SelfIntroduceFileId": "5c5945e2fbcb5f1d881729d8", "PartyLogo": "https://storage.googleapis.com/candidate-thumbs/party/180.png", "CandididatePhoto": "https://storage.googleapis.com/candidate-thumbs/images/10-27-6.jpg"}, {"Unnamed: 0": 11067, "CandidateId": "8cb1fbc0-178e-4cb4-a217-f28f5bbc3246", "CandidateNo": 7, "FirstName": "จิรวัฒน์", "LastName": "อรัณยกานนท์", "PartyName": "อนาคตใหม่", "PartyNumber": 177, "Title": "นาย", "Votable": true, "province_id": 10, "province_name": "กรุงเทพมหานคร", "zone_number": 27, "PartyTerminated": false, "Age": 28, "Occupation": "ทนายความ", "HighestEducation": "ปริญญาตรี", "ImageFileId": "5c57bf16fbcb5f1eec0d5ea5", "SelfIntroduceFileId": "5c594b44fbcb5f1d881776e9", "PartyLogo": "https://storage.googleapis.com/candidate-thumbs/party/177.png", "CandididatePhoto": "https://storage.googleapis.com/candidate-thumbs/images/10-27-7.jpg"}, {"Unnamed: 0": 11068, "CandidateId": "5a4efc24-3c20-45ca-90d1-24f856ec5cd6", "CandidateNo": 8, "FirstName": "เอกนัฏ", "LastName": "พร้อมพันธุ์", "PartyName": "ประชาธิปัตย์", "PartyNumber": 1, "Title": "นาย", "Votable": true, "province_id": 10, "province_name": "กรุงเทพมหานคร", "zone_number": 27, "PartyTerminated": false, "Age": 33, "Occupation": "สมาชิกสภาผู้แทนราษฎร กรุงเทพมหานคร", "HighestEducation": "ปริญญาโท", "ImageFileId": "5c57c258fbcb5f1eec0d784e", "SelfIntroduceFileId": "5c594e88fbcb5f1d88179fac", "PartyLogo": "https://storage.googleapis.com/candidate-thumbs/party/1.png", "CandididatePhoto": "https://storage.googleapis.com/candidate-thumbs/images/10-27-8.jpg"}, {"Unnamed: 0": 11069, "CandidateId": "db6e3e56-4f47-4a92-b481-ec592876a098", "CandidateNo": 9, "FirstName": "อำนาจ", "LastName": "การสมจิตร์", "PartyName": "ประชาชนปฏิรูป", "PartyNumber": 176, "Title": "นาย", "Votable": true, "province_id": 10, "province_name": "กรุงเทพมหานคร", "zone_number": 27, "PartyTerminated": false, "Age": 64, "Occupation": "รับราชการ สำนักปลัด กระทรวงกลาโหม", "HighestEducation": "ต่ำกว่าปริญญาตรี", "ImageFileId": "5c57c56efbcb5f1eec0d96b1", "SelfIntroduceFileId": "5c5950b8fbcb5f1d8817b8c9", "PartyLogo": "https://storage.googleapis.com/candidate-thumbs/party/176.png", "CandididatePhoto": "https://storage.googleapis.com/candidate-thumbs/images/10-27-9.jpg"}, {"Unnamed: 0": 11070, "CandidateId": "d99d5ee5-6077-444a-b533-bec068ec52f6", "CandidateNo": 10, "FirstName": "บุญรุ่ง", "LastName": "เต๋งจงดี", "PartyName": "พลังท้องถิ่นไท", "PartyNumber": 124, "Title": "นาย", "Votable": true, "province_id": 10, "province_name": "กรุงเทพมหานคร", "zone_number": 27, "PartyTerminated": false, "Age": 42, "Occupation": "รับเหมา รับจ้างออกแบบงานปฏิมากรรม", "HighestEducation": "ต่ำกว่าปริญญาตรี", "ImageFileId": "5c57c8d2fbcb5f1eec0db340", "SelfIntroduceFileId": "5c5a5501fbcb5f19bca953fd", "PartyLogo": "https://storage.googleapis.com/candidate-thumbs/party/124.png", "CandididatePhoto": "https://storage.googleapis.com/candidate-thumbs/images/10-27-10.jpg"}, {"Unnamed: 0": 11071, "CandidateId": "392ec32c-c219-4001-af48-be29dfbd8d5d", "CandidateNo": 11, "FirstName": "เกศศิริ", "LastName": "เรืองกาญจนเศรษฐ์", "PartyName": "เสรีรวมไทย", "PartyNumber": 145, "Title": "นางสาว", "Votable": true, "province_id": 10, "province_name": "กรุงเทพมหานคร", "zone_number": 27, "PartyTerminated": false, "Age": 34, "Occupation": "ผู้ประกาศข่าว", "HighestEducation": "ปริญญาโท", "ImageFileId": "5c57d019fbcb5f1eec0dcd43", "SelfIntroduceFileId": "5c5a5665fbcb5f19bca95e33", "PartyLogo": "https://storage.googleapis.com/candidate-thumbs/party/145.png", "CandididatePhoto": "https://storage.googleapis.com/candidate-thumbs/images/10-27-11.jpg"}, {"Unnamed: 0": 11072, "CandidateId": "04a984bd-d28d-432a-95f5-8ba5adaf738c", "CandidateNo": 12, "FirstName": "อุมาทิณี", "LastName": "ลกกะบูน", "PartyName": "รวมพลังประชาชาติไทย", "PartyNumber": 181, "Title": "นางสาว", "Votable": true, "province_id": 10, "province_name": "กรุงเทพมหานคร", "zone_number": 27, "PartyTerminated": false, "Age": 29, "Occupation": "พนักงานบริษัทเอกชน", "HighestEducation": "ปริญญาตรี", "ImageFileId": "5c57d9a4fbcb5f1eec0df817", "SelfIntroduceFileId": "5c5a57e8fbcb5f19bca96898", "PartyLogo": "https://storage.googleapis.com/candidate-thumbs/party/181.png", "CandididatePhoto": "https://storage.googleapis.com/candidate-thumbs/images/10-27-12.jpg"}, {"Unnamed: 0": 11073, "CandidateId": "739fc2b8-7c05-4a68-8855-afdbeaf83614", "CandidateNo": 13, "FirstName": "มิตรศิลป์", "LastName": "ธิกะ", "PartyName": "ประชาภิวัฒน์", "PartyNumber": 172, "Title": "นาย", "Votable": true, "province_id": 10, "province_name": "กรุงเทพมหานคร", "zone_number": 27, "PartyTerminated": false, "Age": 59, "Occupation": "ธุรกิจส่วนตัว", "HighestEducation": "ต่ำกว่าปริญญาตรี", "ImageFileId": "5c57d4b2fbcb5f1eec0de266", "SelfIntroduceFileId": "5c5a77c4fbcb5f19bcaa2ba1", "PartyLogo": "https://storage.googleapis.com/candidate-thumbs/party/172.png", "CandididatePhoto": "https://storage.googleapis.com/candidate-thumbs/images/10-27-13.jpg"}, {"Unnamed: 0": 11074, "CandidateId": "79bdb556-3877-456e-aefd-f588a03fb9ae", "CandidateNo": 14, "FirstName": "บุณณดา", "LastName": "สุปิยพันธุ์", "PartyName": "พลังประชารัฐ", "PartyNumber": 192, "Title": "นางสาว", "Votable": true, "province_id": 10, "province_name": "กรุงเทพมหานคร", "zone_number": 27, "PartyTerminated": false, "Age": 42, "Occupation": "นักธุรกิจ ผู้ดำเนินรายการโทรทัศน์", "HighestEducation": "ปริญญาโท", "ImageFileId": "5c57d6dffbcb5f1eec0deb50", "SelfIntroduceFileId": "5c5a7b2bfbcb5f19bcaa3c9e", "PartyLogo": "https://storage.googleapis.com/candidate-thumbs/party/192.png", "CandididatePhoto": "https://storage.googleapis.com/candidate-thumbs/images/10-27-14.jpg"}, {"Unnamed: 0": 11075, "CandidateId": "07cef564-584e-44a0-8df6-13e76722fa6d", "CandidateNo": 15, "FirstName": "สุวลักษณ์", "LastName": "พวงมาลัย", "PartyName": "ภราดรภาพ", "PartyNumber": 154, "Title": "นางสาว", "Votable": true, "province_id": 10, "province_name": "กรุงเทพมหานคร", "zone_number": 27, "PartyTerminated": false, "Age": 34, "Occupation": "ผู้จัดการร้านเจริญธุรกิจการค้า", "HighestEducation": "ต่ำกว่าปริญญาตรี", "ImageFileId": "5c57d92afbcb5f1eec0df60b", "SelfIntroduceFileId": "5c5a80e3fbcb5f19bcaa6aef", "PartyLogo": "https://storage.googleapis.com/candidate-thumbs/party/154.png", "CandididatePhoto": "https://storage.googleapis.com/candidate-thumbs/images/10-27-15.jpg"}, {"Unnamed: 0": 11076, "CandidateId": "94327724-b978-4767-a97b-b8eab5e5e4f4", "CandidateNo": 16, "FirstName": "บุญลือ", "LastName": "นุ้ยเมือง", "PartyName": "เพื่อชาติ", "PartyNumber": 149, "Title": "นาย", "Votable": true, "province_id": 10, "province_name": "กรุงเทพมหานคร", "zone_number": 27, "PartyTerminated": false, "Age": 63, "Occupation": "พนักงานรัฐวิสาหกิจ", "HighestEducation": "ปริญญาโท", "ImageFileId": "5c57dbd8fbcb5f1eec0e02eb", "SelfIntroduceFileId": "5c5a81e0fbcb5f19bcaa7439", "PartyLogo": "https://storage.googleapis.com/candidate-thumbs/party/149.png", "CandididatePhoto": "https://storage.googleapis.com/candidate-thumbs/images/10-27-16.jpg"}, {"Unnamed: 0": 11077, "CandidateId": "7025a33b-d610-4be7-9283-b07754aa90b0", "CandidateNo": 17, "FirstName": "ปรีชา", "LastName": "ลูกบัว", "PartyName": "รักษ์ผืนป่าประเทศไทย", "PartyNumber": 133, "Title": "นาย", "Votable": true, "province_id": 10, "province_name": "กรุงเทพมหานคร", "zone_number": 27, "PartyTerminated": false, "Age": 60, "Occupation": "ที่ปรึกษากฎหมาย สำนักงานกฎหมาย PK Group และเพื่อนทนายความ", "HighestEducation": "ปริญญาตรี", "ImageFileId": "5c593cccfbcb5f1d8816adbd", "SelfIntroduceFileId": "5c5a8b92fbcb5f19bcaabc6d", "PartyLogo": "https://storage.googleapis.com/candidate-thumbs/party/133.png", "CandididatePhoto": "https://storage.googleapis.com/candidate-thumbs/images/10-27-17.jpg"}, {"Unnamed: 0": 11078, "CandidateId": "d608be46-792f-44c4-bbc7-12a491dffec6", "CandidateNo": 18, "FirstName": "ภิญปภัส", "LastName": "นัยเนตร์", "PartyName": "พลังปวงชนไทย", "PartyNumber": 184, "Title": "นางสาว", "Votable": true, "province_id": 10, "province_name": "กรุงเทพมหานคร", "zone_number": 27, "PartyTerminated": false, "Age": 55, "Occupation": "ธุรกิจส่วนตัว", "HighestEducation": "ปริญญาโท", "ImageFileId": "5c5a7d24fbcb5f19bcaa4a55", "SelfIntroduceFileId": "5c5a90f1fbcb5f19bcaae5ec", "PartyLogo": "https://storage.googleapis.com/candidate-thumbs/party/184.png", "CandididatePhoto": "https://storage.googleapis.com/candidate-thumbs/images/10-27-18.jpg"}, {"Unnamed: 0": 11079, "CandidateId": "1c41532b-a709-4f60-8bbb-d0e25269ca56", "CandidateNo": 19, "FirstName": "ฐานิญา", "LastName": "ดวงมืด", "PartyName": "ประชานิยม", "PartyNumber": 191, "Title": "นางสาว", "Votable": true, "province_id": 10, "province_name": "กรุงเทพมหานคร", "zone_number": 27, "PartyTerminated": false, "Age": 42, "Occupation": "รับจ้าง", "HighestEducation": "ต่ำกว่าปริญญาตรี", "ImageFileId": "5c5aa90dfbcb5f19bcab7840", "SelfIntroduceFileId": "5c5b828efbcb5f16fc65133e", "PartyLogo": "https://storage.googleapis.com/candidate-thumbs/party/191.png", "CandididatePhoto": "https://storage.googleapis.com/candidate-thumbs/images/10-27-19.jpg"}, {"Unnamed: 0": 11080, "CandidateId": "79c196aa-0b84-4749-a466-924cd4ab1523", "CandidateNo": 20, "FirstName": "สุรเดช", "LastName": "อินทร์แก้ว", "PartyName": "ครูไทยเพื่อประชาชน", "PartyNumber": 118, "Title": "นาย", "Votable": false, "province_id": 10, "province_name": "กรุงเทพมหานคร", "zone_number": 27, "PartyTerminated": false, "Age": 56, "Occupation": "นายกองค์การบริหารส่วน ต.เมืองหลวง จ.ศรีสะเกษ", "HighestEducation": "ปริญญาโท", "ImageFileId": "5c5ba137fbcb5f16fc658a75", "SelfIntroduceFileId": "5c5bd476fbcb5f16fc66de26", "PartyLogo": "https://storage.googleapis.com/candidate-thumbs/party/118.png", "CandididatePhoto": "https://storage.googleapis.com/candidate-thumbs/images/10-27-20.jpg"}, {"Unnamed: 0": 11081, "CandidateId": "e71ea4ea-e249-4b41-bb09-43be4938a00a", "CandidateNo": 21, "FirstName": "จินตนา", "LastName": "เอิบอิ่ม", "PartyName": "ประชาธิปไตยใหม่", "PartyNumber": 109, "Title": "นางสาว", "Votable": true, "province_id": 10, "province_name": "กรุงเทพมหานคร", "zone_number": 27, "PartyTerminated": false, "Age": 51, "Occupation": "พนักงานเซ็นทรัลลาดพร้าว (รับจ้าง)", "HighestEducation": "ต่ำกว่าปริญญาตรี", "ImageFileId": "5c5bb746fbcb5f16fc66340e", "SelfIntroduceFileId": "5c5bd7b2fbcb5f16fc66f66e", "PartyLogo": "https://storage.googleapis.com/candidate-thumbs/party/109.png", "CandididatePhoto": "https://storage.googleapis.com/candidate-thumbs/images/10-27-21.jpg"}, {"Unnamed: 0": 11082, "CandidateId": "bff36496-1413-4138-a00e-37989ba8c92d", "CandidateNo": 22, "FirstName": "ประกิจ", "LastName": "ศิริมา", "PartyName": "แผ่นดินธรรม", "PartyNumber": 188, "Title": "นาย", "Votable": true, "province_id": 10, "province_name": "กรุงเทพมหานคร", "zone_number": 27, "PartyTerminated": false, "Age": 63, "Occupation": "อาชีพส่วนตัว ค้าขาย", "HighestEducation": "ปริญญาตรี", "ImageFileId": "5c5bbb07fbcb5f16fc664d15", "SelfIntroduceFileId": "5c5bea44fbcb5f16fc679268", "PartyLogo": "https://storage.googleapis.com/candidate-thumbs/party/188.png", "CandididatePhoto": "https://storage.googleapis.com/candidate-thumbs/images/10-27-22.jpg"}, {"Unnamed: 0": 11083, "CandidateId": "f8818756-ac96-4e81-aef6-19e46c908eb7", "CandidateNo": 23, "FirstName": "ดาริน", "LastName": "ลักษณ์ชนน", "PartyName": "พลังไทยรักไทย", "PartyNumber": 185, "Title": "นางสาว", "Votable": true, "province_id": 10, "province_name": "กรุงเทพมหานคร", "zone_number": 27, "PartyTerminated": false, "Age": 53, "Occupation": "เจ้าของกิจการ", "HighestEducation": "ต่ำกว่าปริญญาตรี", "ImageFileId": "5c5bc82dfbcb5f16fc6687b2", "SelfIntroduceFileId": "5c5bf442fbcb5f16fc67e9d4", "PartyLogo": "https://storage.googleapis.com/candidate-thumbs/party/185.png", "CandididatePhoto": "https://storage.googleapis.com/candidate-thumbs/images/10-27-23.jpg"}, {"Unnamed: 0": 11084, "CandidateId": "76b482db-201f-4cd3-b1de-29f1a422d3ea", "CandidateNo": 24, "FirstName": "สุกิต", "LastName": "น้อมศิริ", "PartyName": "กลาง", "PartyNumber": 203, "Title": "ว่าที่ร้อยตรี", "Votable": true, "province_id": 10, "province_name": "กรุงเทพมหานคร", "zone_number": 27, "PartyTerminated": false, "Age": 48, "Occupation": "ทนายความ", "HighestEducation": "ปริญญาโท", "ImageFileId": "5c5be143fbcb5f16fc6746a5", "SelfIntroduceFileId": "5c5cd148fbcb5f16fc688084", "PartyLogo": "https://storage.googleapis.com/candidate-thumbs/party/203.png", "CandididatePhoto": "https://storage.googleapis.com/candidate-thumbs/images/10-27-24.jpg"}, {"Unnamed: 0": 11085, "CandidateId": "2a4394a1-7c0c-4e3a-aacc-730880fca839", "CandidateNo": 25, "FirstName": "อาทร", "LastName": "มีถาวร", "PartyName": "พลังชาติไทย", "PartyNumber": 186, "Title": "จ่าสิบเอก", "Votable": true, "province_id": 10, "province_name": "กรุงเทพมหานคร", "zone_number": 27, "PartyTerminated": false, "Age": 43, "Occupation": "ข้าราชการ", "HighestEducation": "ปริญญาโท", "ImageFileId": "5c5bec8efbcb5f16fc67a6b0", "SelfIntroduceFileId": "5c5cd956fbcb5f16fc6885a3", "PartyLogo": "https://storage.googleapis.com/candidate-thumbs/party/186.png", "CandididatePhoto": "https://storage.googleapis.com/candidate-thumbs/images/10-27-25.jpg"}, {"Unnamed: 0": 11086, "CandidateId": "14e7c2f7-339b-4e9c-868f-89587b1e572b", "CandidateNo": 26, "FirstName": "ดนัย", "LastName": "อินทรพยุง", "PartyName": "เศรษฐกิจใหม่", "PartyNumber": 193, "Title": "นาย", "Votable": true, "province_id": 10, "province_name": "กรุงเทพมหานคร", "zone_number": 27, "PartyTerminated": false, "Age": 38, "Occupation": "เจ้าของกิจการ", "HighestEducation": "ปริญญาตรี", "ImageFileId": "5c5d07effbcb5f0fd884c425", "SelfIntroduceFileId": "5c5d212efbcb5f0fd88549f1", "PartyLogo": "https://storage.googleapis.com/candidate-thumbs/party/193.png", "CandididatePhoto": "https://storage.googleapis.com/candidate-thumbs/images/10-27-26.jpg"}, {"Unnamed: 0": 11087, "CandidateId": "8e68fa17-0786-45b7-b3a5-963f166a9c0a", "CandidateNo": 27, "FirstName": "วระสิทธิ์", "LastName": "ปิ่นกุลบุตร", "PartyName": "มหาชน", "PartyNumber": 4, "Title": "นาย", "Votable": true, "province_id": 10, "province_name": "กรุงเทพมหานคร", "zone_number": 27, "PartyTerminated": false, "Age": 54, "Occupation": "พนักงานบริษัท", "HighestEducation": "ปริญญาตรี", "ImageFileId": "5c5d0bfdfbcb5f0fd884daa8", "SelfIntroduceFileId": "5c5d2547fbcb5f0fd885686a", "PartyLogo": "https://storage.googleapis.com/candidate-thumbs/party/4.png", "CandididatePhoto": "https://storage.googleapis.com/candidate-thumbs/images/10-27-27.jpg"}, {"Unnamed: 0": 11088, "CandidateId": "4957ce3e-9c0b-4133-bbf0-1da31743da7e", "CandidateNo": 28, "FirstName": "ธนาดุล", "LastName": "มะลิใหม่", "PartyName": "ภาคีเครือข่ายไทย", "PartyNumber": 211, "Title": "นาย", "Votable": true, "province_id": 10, "province_name": "กรุงเทพมหานคร", "zone_number": 27, "PartyTerminated": false, "Age": 56, "Occupation": "ผู้อำนวยการหนังสือพิมพ์", "HighestEducation": "ต่ำกว่าปริญญาตรี", "ImageFileId": "5c5d1c67fbcb5f0fd885241b", "SelfIntroduceFileId": "5c5d2f36fbcb5f0fd885bc0c", "PartyLogo": "https://storage.googleapis.com/candidate-thumbs/party/211.png", "CandididatePhoto": "https://storage.googleapis.com/candidate-thumbs/images/10-27-28.jpg"}, {"Unnamed: 0": 11089, "CandidateId": "1c03614d-220b-4015-a9b6-722b58d36b26", "CandidateNo": 29, "FirstName": "ขวัญดาว", "LastName": "ท้วมกลัด", "PartyName": "ประชาธรรมไทย", "PartyNumber": 190, "Title": "นางสาว", "Votable": true, "province_id": 10, "province_name": "กรุงเทพมหานคร", "zone_number": 27, "PartyTerminated": false, "Age": 31, "Occupation": "จัดซื้อจัดจ้าง", "HighestEducation": "ปริญญาตรี", "ImageFileId": "5c5d1dfcfbcb5f0fd8852e38", "SelfIntroduceFileId": "5c5d347bfbcb5f0fd885e632", "PartyLogo": "https://storage.googleapis.com/candidate-thumbs/party/190.png", "CandididatePhoto": "https://storage.googleapis.com/candidate-thumbs/images/10-27-29.jpg"}, {"Unnamed: 0": 11090, "CandidateId": "75ae32e2-b87e-47a5-aa4f-dacdb9eae333", "CandidateNo": 30, "FirstName": "ชัชวาล", "LastName": "สุภัคชูกุล", "PartyName": "พลังไทสร้างชาติ", "PartyNumber": 200, "Title": "นาย", "Votable": true, "province_id": 10, "province_name": "กรุงเทพมหานคร", "zone_number": 27, "PartyTerminated": false, "Age": 37, "Occupation": "ธุรกิจส่วนตัว", "HighestEducation": "ปริญญาตรี", "ImageFileId": "5c5d2e89fbcb5f0fd885b699", "SelfIntroduceFileId": "5c5d389ffbcb5f0fd88606c2", "PartyLogo": "https://storage.googleapis.com/candidate-thumbs/party/200.png", "CandididatePhoto": "https://storage.googleapis.com/candidate-thumbs/images/10-27-30.jpg"}]