[{"Unnamed: 0": 10249, "CandidateId": "356c3473-c16b-4bca-bdb2-58d644d387c8", "CandidateNo": 1, "FirstName": "ณัฐปภัสร์", "LastName": "วรธันย์ผาสุข", "PartyName": "ไทยศรีวิไลย์", "PartyNumber": 180, "Title": "นางสาว", "Votable": true, "province_id": 10, "province_name": "กรุงเทพมหานคร", "zone_number": 1, "PartyTerminated": false, "Age": 32, "Occupation": "พนักงานบริษัทเอกชน", "HighestEducation": "ปริญญาโท", "ImageFileId": "5c58e78ffbcb5f1d8812ec90", "SelfIntroduceFileId": "5c57b9b3fbcb5f1eec0d351f", "PartyLogo": "https://storage.googleapis.com/candidate-thumbs/party/180.png", "CandididatePhoto": "https://storage.googleapis.com/candidate-thumbs/images/10-1-1.jpg"}, {"Unnamed: 0": 10250, "CandidateId": "2bf12052-c361-4237-947b-982c77ce0bfc", "CandidateNo": 2, "FirstName": "ธเนษฐ", "LastName": "เศรษฐาวาณิช", "PartyName": "พลังท้องถิ่นไท", "PartyNumber": 124, "Title": "นาย", "Votable": true, "province_id": 10, "province_name": "กรุงเทพมหานคร", "zone_number": 1, "PartyTerminated": false, "Age": 31, "Occupation": "ที่ปรึกษาทางธุรกิจ", "HighestEducation": "ปริญญาเอก", "ImageFileId": "5c5a7fb8fbcb5f19bcaa616b", "SelfIntroduceFileId": "5c57c34bfbcb5f1eec0d80e1", "PartyLogo": "https://storage.googleapis.com/candidate-thumbs/party/124.png", "CandididatePhoto": "https://storage.googleapis.com/candidate-thumbs/images/10-1-2.jpg"}, {"Unnamed: 0": 10251, "CandidateId": "f83a79bc-3648-464f-a85e-6229bd8f5f09", "CandidateNo": 3, "FirstName": "เจิมมาศ", "LastName": "จึงเลิศศิริ", "PartyName": "ประชาธิปัตย์", "PartyNumber": 1, "Title": "นาง", "Votable": true, "province_id": 10, "province_name": "กรุงเทพมหานคร", "zone_number": 1, "PartyTerminated": false, "Age": 59, "Occupation": "-", "HighestEducation": "ปริญญาโท", "ImageFileId": "5c58e96efbcb5f1d8812f5a7", "SelfIntroduceFileId": "5c57d020fbcb5f1eec0dcd4d", "PartyLogo": "https://storage.googleapis.com/candidate-thumbs/party/1.png", "CandididatePhoto": "https://storage.googleapis.com/candidate-thumbs/images/10-1-3.jpg"}, {"Unnamed: 0": 10252, "CandidateId": "bf773dc4-cec8-4e73-b71f-8a5f03bfcec9", "CandidateNo": 4, "FirstName": "กรีณรงค์", "LastName": "ชาตรี", "PartyName": "ชาติไทยพัฒนา", "PartyNumber": 55, "Title": "นาย", "Votable": true, "province_id": 10, "province_name": "กรุงเทพมหานคร", "zone_number": 1, "PartyTerminated": false, "Age": 51, "Occupation": "เจ้าของโรงงานผลิตแร่หินอุสาหกรรม", "HighestEducation": "ปริญญาโท", "ImageFileId": "5c591561fbcb5f1d8814e1fe", "SelfIntroduceFileId": "5c57d670fbcb5f1eec0de95a", "PartyLogo": "https://storage.googleapis.com/candidate-thumbs/party/55.png", "CandididatePhoto": "https://storage.googleapis.com/candidate-thumbs/images/10-1-4.jpg"}, {"Unnamed: 0": 10253, "CandidateId": "07f5f9b3-269d-4b2d-a69f-d79c4f3adaac", "CandidateNo": 5, "FirstName": "ดรัณภัทร", "LastName": "วิชชาวุธ", "PartyName": "ประชาชนปฏิรูป", "PartyNumber": 176, "Title": "นาง", "Votable": true, "province_id": 10, "province_name": "กรุงเทพมหานคร", "zone_number": 1, "PartyTerminated": false, "Age": 39, "Occupation": "นักธุรกิจ", "HighestEducation": "ปริญญาเอก", "ImageFileId": "5c57d81efbcb5f1eec0def0e", "SelfIntroduceFileId": "5c57dd0afbcb5f1eec0e0a96", "PartyLogo": "https://storage.googleapis.com/candidate-thumbs/party/176.png", "CandididatePhoto": "https://storage.googleapis.com/candidate-thumbs/images/10-1-5.jpg"}, {"Unnamed: 0": 10254, "CandidateId": "04e0182c-4c8f-4764-b96d-02451c5a286d", "CandidateNo": 6, "FirstName": "รวิโชติ", "LastName": "ธำรงนาวาสวัสดิ์", "PartyName": "ประชาชาติ", "PartyNumber": 187, "Title": "นาย", "Votable": true, "province_id": 10, "province_name": "กรุงเทพมหานคร", "zone_number": 1, "PartyTerminated": false, "Age": 38, "Occupation": "ผู้เชี่ยวชาญกรรมการการเลือกตั้ง", "HighestEducation": "ปริญญาโท", "ImageFileId": "5c57e07dfbcb5f1eec0e2054", "SelfIntroduceFileId": "5c57e756fbcb5f1eec0e574a", "PartyLogo": "https://storage.googleapis.com/candidate-thumbs/party/187.png", "CandididatePhoto": "https://storage.googleapis.com/candidate-thumbs/images/10-1-6.jpg"}, {"Unnamed: 0": 10255, "CandidateId": "314229b1-0660-4b69-87e1-74f968834401", "CandidateNo": 7, "FirstName": "เตช", "LastName": "เตชะพัฒน์สิริ", "PartyName": "รวมพลังประชาชาติไทย", "PartyNumber": 181, "Title": "นาย", "Votable": true, "province_id": 10, "province_name": "กรุงเทพมหานคร", "zone_number": 1, "PartyTerminated": false, "Age": 31, "Occupation": "ที่ปรึกษาาด้านเทคโนโลยีและการตลาดสมัยใหม่", "HighestEducation": "ปริญญาตรี", "ImageFileId": "5c57ea2bfbcb5f1eec0e6dab", "SelfIntroduceFileId": "5c57ee6afbcb5f1eec0e9423", "PartyLogo": "https://storage.googleapis.com/candidate-thumbs/party/181.png", "CandididatePhoto": "https://storage.googleapis.com/candidate-thumbs/images/10-1-7.jpg"}, {"Unnamed: 0": 10256, "CandidateId": "6bcb6de7-034f-4c8e-868c-c31ddb4482b4", "CandidateNo": 8, "FirstName": "อนุสรณ์", "LastName": "เกษมวรรณ", "PartyName": "ชาติพัฒนา", "PartyNumber": 45, "Title": "นาย", "Votable": false, "province_id": 10, "province_name": "กรุงเทพมหานคร", "zone_number": 1, "PartyTerminated": false, "Age": 59, "Occupation": "สื่อมวลชน", "HighestEducation": "ปริญญาโท", "ImageFileId": "5c57efd5fbcb5f1eec0ea00d", "SelfIntroduceFileId": "5c591bf4fbcb5f1d881516a7", "PartyLogo": "https://storage.googleapis.com/candidate-thumbs/party/45.png", "CandididatePhoto": "https://storage.googleapis.com/candidate-thumbs/images/10-1-8.jpg"}, {"Unnamed: 0": 10257, "CandidateId": "bccdeb47-a1da-4231-999e-7d593d2d47a3", "CandidateNo": 9, "FirstName": "ลีลาวดี", "LastName": "วัชโรบล", "PartyName": "เพื่อไทย", "PartyNumber": 34, "Title": "นางสาว", "Votable": true, "province_id": 10, "province_name": "กรุงเทพมหานคร", "zone_number": 1, "PartyTerminated": false, "Age": 52, "Occupation": "อาจารย์ประจำมหาวิทยาลัยชินวัตร", "HighestEducation": "ปริญญาเอก", "ImageFileId": "5c57f497fbcb5f1eec0eceb1", "SelfIntroduceFileId": "5c57f883fbcb5f1eec0ef6c3", "PartyLogo": "https://storage.googleapis.com/candidate-thumbs/party/34.png", "CandididatePhoto": "https://storage.googleapis.com/candidate-thumbs/images/10-1-9.jpg"}, {"Unnamed: 0": 10258, "CandidateId": "fa7a11e6-a48c-47a2-a556-0f83359d7f74", "CandidateNo": 10, "FirstName": "ณัฏฐ์พงษ์", "LastName": "ยงใจยุทธ", "PartyName": "เพื่อชาติ", "PartyNumber": 149, "Title": "นาย", "Votable": true, "province_id": 10, "province_name": "กรุงเทพมหานคร", "zone_number": 1, "PartyTerminated": false, "Age": 33, "Occupation": "ธุรกิจส่วนตัว", "HighestEducation": "ปริญญาโท", "ImageFileId": "5c57f9e5fbcb5f1eec0f0740", "SelfIntroduceFileId": "5c57fe75fbcb5f1eec0f47b7", "PartyLogo": "https://storage.googleapis.com/candidate-thumbs/party/149.png", "CandididatePhoto": "https://storage.googleapis.com/candidate-thumbs/images/10-1-10.jpg"}, {"Unnamed: 0": 10259, "CandidateId": "55c7af37-8463-4d53-ae69-b28999dc192e", "CandidateNo": 11, "FirstName": "นพมาศ", "LastName": "การุญ", "PartyName": "อนาคตใหม่", "PartyNumber": 177, "Title": "นางสาว", "Votable": true, "province_id": 10, "province_name": "กรุงเทพมหานคร", "zone_number": 1, "PartyTerminated": false, "Age": 34, "Occupation": "ธุรกิจส่วนตัว", "HighestEducation": "ปริญญาโท", "ImageFileId": "5c58007afbcb5f1eec0f61b2", "SelfIntroduceFileId": "5c593140fbcb5f1d88160f6e", "PartyLogo": "https://storage.googleapis.com/candidate-thumbs/party/177.png", "CandididatePhoto": "https://storage.googleapis.com/candidate-thumbs/images/10-1-11.jpg"}, {"Unnamed: 0": 10260, "CandidateId": "e4cfbfbd-3183-4cef-9499-9db7fe41d697", "CandidateNo": 12, "FirstName": "กอบชัย", "LastName": "ชยามฤต", "PartyName": "รักษ์ผืนป่าประเทศไทย", "PartyNumber": 133, "Title": "นาย", "Votable": true, "province_id": 10, "province_name": "กรุงเทพมหานคร", "zone_number": 1, "PartyTerminated": false, "Age": 37, "Occupation": "นักศึกษา", "HighestEducation": "ปริญญาโท", "ImageFileId": "5c580197fbcb5f1eec0f71cc", "SelfIntroduceFileId": "5c58f8e0fbcb5f1d88137a3f", "PartyLogo": "https://storage.googleapis.com/candidate-thumbs/party/133.png", "CandididatePhoto": "https://storage.googleapis.com/candidate-thumbs/images/10-1-12.jpg"}, {"Unnamed: 0": 10261, "CandidateId": "d6373d04-2db6-4601-902b-6403ff0c6ca3", "CandidateNo": 13, "FirstName": "ทวีพร", "LastName": "อนุตรพงษ์สกุล", "PartyName": "ภูมิใจไทย", "PartyNumber": 63, "Title": "นาย", "Votable": true, "province_id": 10, "province_name": "กรุงเทพมหานคร", "zone_number": 1, "PartyTerminated": false, "Age": 55, "Occupation": "สมาชิกสภาเขตพระนคร", "HighestEducation": "ปริญญาตรี", "ImageFileId": "5c5802b4fbcb5f1eec0f8395", "SelfIntroduceFileId": "5c58fe9ffbcb5f1d8813b05f", "PartyLogo": "https://storage.googleapis.com/candidate-thumbs/party/63.png", "CandididatePhoto": "https://storage.googleapis.com/candidate-thumbs/images/10-1-13.jpg"}, {"Unnamed: 0": 10262, "CandidateId": "cdfa44b9-c62d-4e8c-adda-994c1a8f0e8f", "CandidateNo": 14, "FirstName": "กานต์กนิษฐ์", "LastName": "แห้วสันตติ", "PartyName": "พลังประชารัฐ", "PartyNumber": 192, "Title": "นางสาว", "Votable": true, "province_id": 10, "province_name": "กรุงเทพมหานคร", "zone_number": 1, "PartyTerminated": false, "Age": 42, "Occupation": "ธุรกิจส่วนตัว", "HighestEducation": "ปริญญาโท", "ImageFileId": "5c5803a7fbcb5f1eec0f90da", "SelfIntroduceFileId": "5c590309fbcb5f1d8813ea9b", "PartyLogo": "https://storage.googleapis.com/candidate-thumbs/party/192.png", "CandididatePhoto": "https://storage.googleapis.com/candidate-thumbs/images/10-1-14.jpg"}, {"Unnamed: 0": 10263, "CandidateId": "df764c34-3720-4cdc-8b48-d53848c2b7b5", "CandidateNo": 15, "FirstName": "ธนชาต", "LastName": "เมฆวันวรา", "PartyName": "ประชาภิวัฒน์", "PartyNumber": 172, "Title": "นาย", "Votable": true, "province_id": 10, "province_name": "กรุงเทพมหานคร", "zone_number": 1, "PartyTerminated": false, "Age": 56, "Occupation": "ธุรกิจเครือข่าย", "HighestEducation": "ปริญญาโท", "ImageFileId": "5c5804affbcb5f1eec0fa0a1", "SelfIntroduceFileId": "5c5907f4fbcb5f1d881426a9", "PartyLogo": "https://storage.googleapis.com/candidate-thumbs/party/172.png", "CandididatePhoto": "https://storage.googleapis.com/candidate-thumbs/images/10-1-15.jpg"}, {"Unnamed: 0": 10264, "CandidateId": "f6173295-9bb1-44af-bed1-42c7f4671126", "CandidateNo": 16, "FirstName": "วิเชียร", "LastName": "โมไนยกุล", "PartyName": "เพื่อแผ่นดิน", "PartyNumber": 41, "Title": "นาย", "Votable": true, "province_id": 10, "province_name": "กรุงเทพมหานคร", "zone_number": 1, "PartyTerminated": false, "Age": 55, "Occupation": "ทนายความและผู้สอบบัญชีรับอนุญาต", "HighestEducation": "ปริญญาโท", "ImageFileId": "5c5805a9fbcb5f1eec0fae91", "SelfIntroduceFileId": "5c5914bafbcb5f1d8814d85e", "PartyLogo": "https://storage.googleapis.com/candidate-thumbs/party/41.png", "CandididatePhoto": "https://storage.googleapis.com/candidate-thumbs/images/10-1-16.jpg"}, {"Unnamed: 0": 10265, "CandidateId": "26b403c5-eaf3-466a-8e6c-ccb124b0e90c", "CandidateNo": 17, "FirstName": "วัชราภรณ์", "LastName": "สังวรโยธิน", "PartyName": "เสรีรวมไทย", "PartyNumber": 145, "Title": "ร้อยเอก", "Votable": true, "province_id": 10, "province_name": "กรุงเทพมหานคร", "zone_number": 1, "PartyTerminated": false, "Age": 63, "Occupation": "เกษตรกร", "HighestEducation": "ปริญญาตรี", "ImageFileId": "5c5806bbfbcb5f1eec0fbc57", "SelfIntroduceFileId": "5c593765fbcb5f1d88166515", "PartyLogo": "https://storage.googleapis.com/candidate-thumbs/party/145.png", "CandididatePhoto": "https://storage.googleapis.com/candidate-thumbs/images/10-1-17.jpg"}, {"Unnamed: 0": 10266, "CandidateId": "47ad25c9-ff42-49c8-8b2c-5c29c39b5b30", "CandidateNo": 18, "FirstName": "วิสุดา", "LastName": "จงสกุลชัย", "PartyName": "ประชานิยม", "PartyNumber": 191, "Title": "นางสาว", "Votable": true, "province_id": 10, "province_name": "กรุงเทพมหานคร", "zone_number": 1, "PartyTerminated": false, "Age": 31, "Occupation": "ลูกค้าสัมพันธ์", "HighestEducation": "ต่ำกว่าปริญญาตรี", "ImageFileId": "5c5807a8fbcb5f1eec0fcad5", "SelfIntroduceFileId": "5c593bf4fbcb5f1d8816a417", "PartyLogo": "https://storage.googleapis.com/candidate-thumbs/party/191.png", "CandididatePhoto": "https://storage.googleapis.com/candidate-thumbs/images/10-1-18.jpg"}, {"Unnamed: 0": 10267, "CandidateId": "5d586e40-c7fb-4b4b-93cc-36f1af873c68", "CandidateNo": 19, "FirstName": "เรียบ", "LastName": "ประทุมฝาง", "PartyName": "ถิ่นกาขาวชาววิไล", "PartyNumber": 129, "Title": "นาย", "Votable": true, "province_id": 10, "province_name": "กรุงเทพมหานคร", "zone_number": 1, "PartyTerminated": false, "Age": 67, "Occupation": "ข้าราชการครูกทม.", "HighestEducation": "ปริญญาโท", "ImageFileId": "5c593de6fbcb5f1d8816be3e", "SelfIntroduceFileId": "5c5943d5fbcb5f1d88170e9c", "PartyLogo": "https://storage.googleapis.com/candidate-thumbs/party/129.png", "CandididatePhoto": "https://storage.googleapis.com/candidate-thumbs/images/10-1-19.jpg"}, {"Unnamed: 0": 10268, "CandidateId": "1b63ded8-4bcb-4936-b4fc-0698c1ba473f", "CandidateNo": 20, "FirstName": "ณัฐพล", "LastName": "หวังชูเชิดกุล", "PartyName": "ภราดรภาพ", "PartyNumber": 154, "Title": "นาย", "Votable": true, "province_id": 10, "province_name": "กรุงเทพมหานคร", "zone_number": 1, "PartyTerminated": false, "Age": 41, "Occupation": "นักธุรกิจ", "HighestEducation": "ปริญญาโท", "ImageFileId": "5c5946a9fbcb5f1d881737bd", "SelfIntroduceFileId": "5c594ceafbcb5f1d88178ac3", "PartyLogo": "https://storage.googleapis.com/candidate-thumbs/party/154.png", "CandididatePhoto": "https://storage.googleapis.com/candidate-thumbs/images/10-1-20.jpg"}, {"Unnamed: 0": 10269, "CandidateId": "357c2185-68a4-49da-9644-1299867f11ab", "CandidateNo": 21, "FirstName": "มงคล", "LastName": "เสมอภาพ", "PartyName": "เศรษฐกิจใหม่", "PartyNumber": 193, "Title": "นาย", "Votable": true, "province_id": 10, "province_name": "กรุงเทพมหานคร", "zone_number": 1, "PartyTerminated": false, "Age": 66, "Occupation": "ที่ปรึกษารัฐมนตรีช่วยว่าการกระทรวงศึกษาธิการและเลขาคณะกรรมการการศึกษาสภาผู้แทนราษฏร", "HighestEducation": "ปริญญาโท", "ImageFileId": "5c5a8a71fbcb5f19bcaab236", "SelfIntroduceFileId": "5c5a8cf1fbcb5f19bcaac627", "PartyLogo": "https://storage.googleapis.com/candidate-thumbs/party/193.png", "CandididatePhoto": "https://storage.googleapis.com/candidate-thumbs/images/10-1-21.jpg"}, {"Unnamed: 0": 10270, "CandidateId": "6660fcdb-d703-440f-a3e2-772f6d7314ca", "CandidateNo": 22, "FirstName": "วัลลี", "LastName": "แอสุวรรณ์", "PartyName": "มติประชา", "PartyNumber": 171, "Title": "นาง", "Votable": true, "province_id": 10, "province_name": "กรุงเทพมหานคร", "zone_number": 1, "PartyTerminated": false, "Age": 67, "Occupation": "ว่างงาน(เกษียณอายุราชการ)", "HighestEducation": "ต่ำกว่าปริญญาตรี", "ImageFileId": "5c5a986afbcb5f19bcab13fb", "SelfIntroduceFileId": "5c5a9b52fbcb5f19bcab291d", "PartyLogo": "https://storage.googleapis.com/candidate-thumbs/party/171.png", "CandididatePhoto": "https://storage.googleapis.com/candidate-thumbs/images/10-1-22.jpg"}, {"Unnamed: 0": 10271, "CandidateId": "52bf9742-d95a-4d2d-b983-904d2eb1b047", "CandidateNo": 23, "FirstName": "พิพัฒน์", "LastName": "วงษ์ฤทธิ์", "PartyName": "แผ่นดินธรรม", "PartyNumber": 188, "Title": "จ่าเอก", "Votable": true, "province_id": 10, "province_name": "กรุงเทพมหานคร", "zone_number": 1, "PartyTerminated": false, "Age": 63, "Occupation": "พนักงานรัฐวิสาหกิจ การไฟฟ้านครหลวง", "HighestEducation": "ต่ำกว่าปริญญาตรี", "ImageFileId": "5c5aa05ffbcb5f19bcab4aff", "SelfIntroduceFileId": "5c5aa3b6fbcb5f19bcab6370", "PartyLogo": "https://storage.googleapis.com/candidate-thumbs/party/188.png", "CandididatePhoto": "https://storage.googleapis.com/candidate-thumbs/images/10-1-23.jpg"}, {"Unnamed: 0": 10272, "CandidateId": "a2f59dd1-7f77-4e67-92a3-937653763fed", "CandidateNo": 24, "FirstName": "หฤษฎ์", "LastName": "หนูเอี่ยม", "PartyName": "พลังชาติไทย", "PartyNumber": 186, "Title": "นาย", "Votable": true, "province_id": 10, "province_name": "กรุงเทพมหานคร", "zone_number": 1, "PartyTerminated": false, "Age": 54, "Occupation": "ประกอบธุรกิจส่วนตัว", "HighestEducation": "ปริญญาตรี", "ImageFileId": "5c5b9c8efbcb5f16fc656aac", "SelfIntroduceFileId": "5c5ba597fbcb5f16fc65a6b0", "PartyLogo": "https://storage.googleapis.com/candidate-thumbs/party/186.png", "CandididatePhoto": "https://storage.googleapis.com/candidate-thumbs/images/10-1-24.jpg"}, {"Unnamed: 0": 10273, "CandidateId": "c197b2ab-c98e-45ac-82f9-5aa5f0a2ec1b", "CandidateNo": 25, "FirstName": "พงศ์ชิษณุ", "LastName": "พีรดาจิราวัฒน์", "PartyName": "ครูไทยเพื่อประชาชน", "PartyNumber": 118, "Title": "นาย", "Votable": true, "province_id": 10, "province_name": "กรุงเทพมหานคร", "zone_number": 1, "PartyTerminated": false, "Age": 39, "Occupation": "โมเดลิ่ง เอเจนซี่", "HighestEducation": "ปริญญาโท", "ImageFileId": "5c5bcaadfbcb5f16fc66981c", "SelfIntroduceFileId": "5c5bd023fbcb5f16fc66bccd", "PartyLogo": "https://storage.googleapis.com/candidate-thumbs/party/118.png", "CandididatePhoto": "https://storage.googleapis.com/candidate-thumbs/images/10-1-25.jpg"}, {"Unnamed: 0": 10274, "CandidateId": "ceda7723-b253-47a5-9dc0-024dcf6cdd08", "CandidateNo": 26, "FirstName": "พัทธ์ฐิชา", "LastName": "ณิชยรวีพัชร์", "PartyName": "มหาชน", "PartyNumber": 4, "Title": "นางสาว", "Votable": true, "province_id": 10, "province_name": "กรุงเทพมหานคร", "zone_number": 1, "PartyTerminated": false, "Age": 38, "Occupation": "ธุรกิจส่วนตัว", "HighestEducation": "ปริญญาตรี", "ImageFileId": "5c5d274dfbcb5f0fd8857820", "SelfIntroduceFileId": "5c5d29cbfbcb5f0fd8858dc4", "PartyLogo": "https://storage.googleapis.com/candidate-thumbs/party/4.png", "CandididatePhoto": "https://storage.googleapis.com/candidate-thumbs/images/10-1-26.jpg"}, {"Unnamed: 0": 10275, "CandidateId": "93cd9025-62e3-455f-b8cd-1df98a78c453", "CandidateNo": 27, "FirstName": "กันญภัทร", "LastName": "นครังสุ", "PartyName": "พลังศรัทธา", "PartyNumber": 201, "Title": "นางสาว", "Votable": true, "province_id": 10, "province_name": "กรุงเทพมหานคร", "zone_number": 1, "PartyTerminated": false, "Age": 42, "Occupation": "ธุรกิจส่วนตัว", "HighestEducation": "ปริญญาตรี", "ImageFileId": "5c5d2abdfbcb5f0fd88595c0", "SelfIntroduceFileId": "5c5d2f90fbcb5f0fd885bf2e", "PartyLogo": "https://storage.googleapis.com/candidate-thumbs/party/201.png", "CandididatePhoto": "https://storage.googleapis.com/candidate-thumbs/images/10-1-27.jpg"}, {"Unnamed: 0": 10276, "CandidateId": "81f25e94-7b84-4b4a-9ab4-53d952dbce1b", "CandidateNo": 28, "FirstName": "หนึ่งฤทัย", "LastName": "หัสดิน", "PartyName": "ประชาธรรมไทย", "PartyNumber": 190, "Title": "นางสาว", "Votable": true, "province_id": 10, "province_name": "กรุงเทพมหานคร", "zone_number": 1, "PartyTerminated": false, "Age": 39, "Occupation": "ธุรกิจส่วนตัว", "HighestEducation": "ปริญญาโท", "ImageFileId": "5c5d3058fbcb5f0fd885c476", "SelfIntroduceFileId": "5c5d351efbcb5f0fd885eb55", "PartyLogo": "https://storage.googleapis.com/candidate-thumbs/party/190.png", "CandididatePhoto": "https://storage.googleapis.com/candidate-thumbs/images/10-1-28.jpg"}, {"Unnamed: 0": 10277, "CandidateId": "16fb4c74-49cc-410b-9c0d-d1f75ba1e0fd", "CandidateNo": 29, "FirstName": "อรุณรัตน์", "LastName": "ศิลปธรรมธาดา", "PartyName": "ภาคีเครือข่ายไทย", "PartyNumber": 211, "Title": "นาง", "Votable": true, "province_id": 10, "province_name": "กรุงเทพมหานคร", "zone_number": 1, "PartyTerminated": false, "Age": 53, "Occupation": "-", "HighestEducation": "ปริญญาตรี", "ImageFileId": "5c5d373dfbcb5f0fd885fbe0", "SelfIntroduceFileId": "5c5d3ad5fbcb5f0fd8861842", "PartyLogo": "https://storage.googleapis.com/candidate-thumbs/party/211.png", "CandididatePhoto": "https://storage.googleapis.com/candidate-thumbs/images/10-1-29.jpg"}, {"Unnamed: 0": 10278, "CandidateId": "9ecfce23-af8a-4b68-8edf-00123c9d285a", "CandidateNo": 30, "FirstName": "ภฤศ", "LastName": "วัฒนธาดากุล", "PartyName": "ไทรักธรรม", "PartyNumber": 144, "Title": "นาย", "Votable": true, "province_id": 10, "province_name": "กรุงเทพมหานคร", "zone_number": 1, "PartyTerminated": false, "Age": 49, "Occupation": "ช่างแต่งหน้า", "HighestEducation": "ต่ำกว่าปริญญาตรี", "ImageFileId": "5c5d4f29fbcb5f0fd886f2d4", "SelfIntroduceFileId": "5c5d52fbfbcb5f0fd8871a58", "PartyLogo": "https://storage.googleapis.com/candidate-thumbs/party/144.png", "CandididatePhoto": "https://storage.googleapis.com/candidate-thumbs/images/10-1-30.jpg"}]