[{"Unnamed: 0": 11032, "CandidateId": "8bcfb7ce-b801-415e-a61b-95691365242f", "CandidateNo": 1, "FirstName": "วีรญา", "LastName": "อังศุธรถาวริน", "PartyName": "รวมพลังประชาชาติไทย", "PartyNumber": 181, "Title": "นางสาว", "Votable": true, "province_id": 10, "province_name": "กรุงเทพมหานคร", "zone_number": 26, "PartyTerminated": false, "Age": 29, "Occupation": "นักวิจัย", "HighestEducation": "ปริญญาโท", "ImageFileId": "5c57deb6fbcb5f1eec0e16bc", "SelfIntroduceFileId": "5c58d929fbcb5f1d8812d528", "PartyLogo": "https://storage.googleapis.com/candidate-thumbs/party/181.png", "CandididatePhoto": "https://storage.googleapis.com/candidate-thumbs/images/10-26-1.jpg"}, {"Unnamed: 0": 11033, "CandidateId": "6e826637-3de1-4bd9-904e-e61ec7474461", "CandidateNo": 2, "FirstName": "สมยศ", "LastName": "ลักษณะสมบูรณ์", "PartyName": "พลังท้องถิ่นไท", "PartyNumber": 124, "Title": "นาย", "Votable": true, "province_id": 10, "province_name": "กรุงเทพมหานคร", "zone_number": 26, "PartyTerminated": false, "Age": 47, "Occupation": "กรรมการบริหาร", "HighestEducation": "ปริญญาโท", "ImageFileId": "5c57def3fbcb5f1eec0e1854", "SelfIntroduceFileId": "5c58de77fbcb5f1d8812d7e8", "PartyLogo": "https://storage.googleapis.com/candidate-thumbs/party/124.png", "CandididatePhoto": "https://storage.googleapis.com/candidate-thumbs/images/10-26-2.jpg"}, {"Unnamed: 0": 11034, "CandidateId": "6b91d678-54e7-455f-a851-00d10f77bc2d", "CandidateNo": 3, "FirstName": "หนึ่ง", "LastName": "ช่วยชู", "PartyName": "ประชานิยม", "PartyNumber": 191, "Title": "นาย", "Votable": true, "province_id": 10, "province_name": "กรุงเทพมหานคร", "zone_number": 26, "PartyTerminated": false, "Age": 61, "Occupation": "พนักงานบริษัท", "HighestEducation": "ต่ำกว่าปริญญาตรี", "ImageFileId": "5c57df4bfbcb5f1eec0e197f", "SelfIntroduceFileId": "5c58e1e4fbcb5f1d8812dae2", "PartyLogo": "https://storage.googleapis.com/candidate-thumbs/party/191.png", "CandididatePhoto": "https://storage.googleapis.com/candidate-thumbs/images/10-26-3.jpg"}, {"Unnamed: 0": 11035, "CandidateId": "c0dd3251-a67a-4806-a661-34fd251c7364", "CandidateNo": 4, "FirstName": "เศษฐวิชช์", "LastName": "ศิริโภคานุสรณ์", "PartyName": "เพื่อชาติ", "PartyNumber": 149, "Title": "นาย", "Votable": true, "province_id": 10, "province_name": "กรุงเทพมหานคร", "zone_number": 26, "PartyTerminated": false, "Age": 37, "Occupation": "ธุรกิจส่วนตัว", "HighestEducation": "ต่ำกว่าปริญญาตรี", "ImageFileId": "5c57df89fbcb5f1eec0e1aea", "SelfIntroduceFileId": "5c58e3a8fbcb5f1d8812dee2", "PartyLogo": "https://storage.googleapis.com/candidate-thumbs/party/149.png", "CandididatePhoto": "https://storage.googleapis.com/candidate-thumbs/images/10-26-4.jpg"}, {"Unnamed: 0": 11036, "CandidateId": "53fc738c-01c7-4483-9a71-2f9f7ab1a04a", "CandidateNo": 5, "FirstName": "ธนกร", "LastName": "เจียโหงว", "PartyName": "เสรีรวมไทย", "PartyNumber": 145, "Title": "ว่าที่ ร.ต.", "Votable": true, "province_id": 10, "province_name": "กรุงเทพมหานคร", "zone_number": 26, "PartyTerminated": false, "Age": 58, "Occupation": "รับจ้าง", "HighestEducation": "ปริญญาตรี", "ImageFileId": "5c57e31bfbcb5f1eec0e3235", "SelfIntroduceFileId": "5c58e643fbcb5f1d8812e70f", "PartyLogo": "https://storage.googleapis.com/candidate-thumbs/party/145.png", "CandididatePhoto": "https://storage.googleapis.com/candidate-thumbs/images/10-26-5.jpg"}, {"Unnamed: 0": 11037, "CandidateId": "12242801-270f-48f4-85bf-c2667e31456a", "CandidateNo": 6, "FirstName": "อนุรักษ์", "LastName": "อมรเมตตาจิต", "PartyName": "ไทยศรีวิไลย์", "PartyNumber": 180, "Title": "นาย", "Votable": true, "province_id": 10, "province_name": "กรุงเทพมหานคร", "zone_number": 26, "PartyTerminated": false, "Age": 39, "Occupation": "พนักงานบริษัทเอกชน", "HighestEducation": "ปริญญาตรี", "ImageFileId": "5c57e3e9fbcb5f1eec0e389a", "SelfIntroduceFileId": "5c58e824fbcb5f1d8812efe9", "PartyLogo": "https://storage.googleapis.com/candidate-thumbs/party/180.png", "CandididatePhoto": "https://storage.googleapis.com/candidate-thumbs/images/10-26-6.jpg"}, {"Unnamed: 0": 11038, "CandidateId": "472cc2a4-56a7-4170-bc63-202a46f886f3", "CandidateNo": 7, "FirstName": "สมชาย", "LastName": "พวงมาลัย", "PartyName": "ภราดรภาพ", "PartyNumber": 154, "Title": "นาย", "Votable": true, "province_id": 10, "province_name": "กรุงเทพมหานคร", "zone_number": 26, "PartyTerminated": false, "Age": 34, "Occupation": "กรรมการผู้จัดการ บริษัท ซุปเปอร์คาร์ การราจ จำกัด", "HighestEducation": "ต่ำกว่าปริญญาตรี", "ImageFileId": "5c57e786fbcb5f1eec0e58a8", "SelfIntroduceFileId": "5c58f89cfbcb5f1d8813759b", "PartyLogo": "https://storage.googleapis.com/candidate-thumbs/party/154.png", "CandididatePhoto": "https://storage.googleapis.com/candidate-thumbs/images/10-26-7.jpg"}, {"Unnamed: 0": 11039, "CandidateId": "de7308f1-37ac-4225-88cb-edb724ff87bd", "CandidateNo": 8, "FirstName": "สามารถ", "LastName": "ม่วงศิริ", "PartyName": "ประชาธิปัตย์", "PartyNumber": 1, "Title": "พ.ต.อ.", "Votable": true, "province_id": 10, "province_name": "กรุงเทพมหานคร", "zone_number": 26, "PartyTerminated": false, "Age": 49, "Occupation": "นายแพทย์", "HighestEducation": "ปริญญาตรี", "ImageFileId": "5c57e9f5fbcb5f1eec0e6c2f", "SelfIntroduceFileId": "5c58f9bcfbcb5f1d88138260", "PartyLogo": "https://storage.googleapis.com/candidate-thumbs/party/1.png", "CandididatePhoto": "https://storage.googleapis.com/candidate-thumbs/images/10-26-8.jpg"}, {"Unnamed: 0": 11040, "CandidateId": "e7d1e98c-32f4-4a74-831c-2530e45fd85b", "CandidateNo": 9, "FirstName": "กันต์พงษ์", "LastName": "ประยูรศักดิ์", "PartyName": "อนาคตใหม่", "PartyNumber": 177, "Title": "นาย", "Votable": true, "province_id": 10, "province_name": "กรุงเทพมหานคร", "zone_number": 26, "PartyTerminated": false, "Age": 42, "Occupation": "วิทยากร/อาจารย์", "HighestEducation": "ปริญญาโท", "ImageFileId": "5c57ed07fbcb5f1eec0e848a", "SelfIntroduceFileId": "5c58fa80fbcb5f1d88138957", "PartyLogo": "https://storage.googleapis.com/candidate-thumbs/party/177.png", "CandididatePhoto": "https://storage.googleapis.com/candidate-thumbs/images/10-26-9.jpg"}, {"Unnamed: 0": 11041, "CandidateId": "29b32060-f4f7-493a-acbb-2ad6c53c552e", "CandidateNo": 10, "FirstName": "ชัยนันท์", "LastName": "ขันทะชา", "PartyName": "ชาติพัฒนา", "PartyNumber": 45, "Title": "นาย", "Votable": true, "province_id": 10, "province_name": "กรุงเทพมหานคร", "zone_number": 26, "PartyTerminated": false, "Age": 38, "Occupation": "ผู้ฝึกสอนกีฬาเยาวชน/รับจ้าง", "HighestEducation": "ปริญญาตรี", "ImageFileId": "5c57f009fbcb5f1eec0ea290", "SelfIntroduceFileId": "5c58fb3afbcb5f1d88138faf", "PartyLogo": "https://storage.googleapis.com/candidate-thumbs/party/45.png", "CandididatePhoto": "https://storage.googleapis.com/candidate-thumbs/images/10-26-10.jpg"}, {"Unnamed: 0": 11042, "CandidateId": "ce6df7ad-073b-4014-8231-212a134d4260", "CandidateNo": 11, "FirstName": "ศศิยา", "LastName": "บุตรเนียร", "PartyName": "ประชาชนปฏิรูป", "PartyNumber": 176, "Title": "นางสาว", "Votable": true, "province_id": 10, "province_name": "กรุงเทพมหานคร", "zone_number": 26, "PartyTerminated": false, "Age": 58, "Occupation": "ข้าราชการบำนาญ", "HighestEducation": "ปริญญาโท", "ImageFileId": "5c57f334fbcb5f1eec0ec05c", "SelfIntroduceFileId": "5c58fd7dfbcb5f1d8813a3c8", "PartyLogo": "https://storage.googleapis.com/candidate-thumbs/party/176.png", "CandididatePhoto": "https://storage.googleapis.com/candidate-thumbs/images/10-26-11.jpg"}, {"Unnamed: 0": 11043, "CandidateId": "57164f94-c1ed-4323-9c1d-2a3fe89a9942", "CandidateNo": 12, "FirstName": "ศิลปชัย", "LastName": "บุญราย", "PartyName": "ภูมิใจไทย", "PartyNumber": 63, "Title": "นาย", "Votable": true, "province_id": 10, "province_name": "กรุงเทพมหานคร", "zone_number": 26, "PartyTerminated": false, "Age": 56, "Occupation": "วิศวกร", "HighestEducation": "ปริญญาโท", "ImageFileId": "5c57f6c9fbcb5f1eec0ee77d", "SelfIntroduceFileId": "5c58fe0efbcb5f1d8813ab03", "PartyLogo": "https://storage.googleapis.com/candidate-thumbs/party/63.png", "CandididatePhoto": "https://storage.googleapis.com/candidate-thumbs/images/10-26-12.jpg"}, {"Unnamed: 0": 11044, "CandidateId": "e9d5a890-473a-4360-a815-c428eecce6a7", "CandidateNo": 13, "FirstName": "วัน", "LastName": "อยู่บำรุง", "PartyName": "เพื่อไทย", "PartyNumber": 34, "Title": "นาย", "Votable": true, "province_id": 10, "province_name": "กรุงเทพมหานคร", "zone_number": 26, "PartyTerminated": false, "Age": 44, "Occupation": "ค้าขาย", "HighestEducation": "ปริญญาโท", "ImageFileId": "5c57f97dfbcb5f1eec0eff1c", "SelfIntroduceFileId": "5c58fecdfbcb5f1d8813b2f1", "PartyLogo": "https://storage.googleapis.com/candidate-thumbs/party/34.png", "CandididatePhoto": "https://storage.googleapis.com/candidate-thumbs/images/10-26-13.jpg"}, {"Unnamed: 0": 11045, "CandidateId": "0f23fc9d-d264-4108-9d69-3b4f5f03246b", "CandidateNo": 14, "FirstName": "วัชระ", "LastName": "กรรณิการ์", "PartyName": "พลังประชารัฐ", "PartyNumber": 192, "Title": "นาย", "Votable": true, "province_id": 10, "province_name": "กรุงเทพมหานคร", "zone_number": 26, "PartyTerminated": false, "Age": 54, "Occupation": "ธุรกิจส่วนตัว", "HighestEducation": "ปริญญาตรี", "ImageFileId": "5c57fc38fbcb5f1eec0f291a", "SelfIntroduceFileId": "5c58ffa8fbcb5f1d8813bcc4", "PartyLogo": "https://storage.googleapis.com/candidate-thumbs/party/192.png", "CandididatePhoto": "https://storage.googleapis.com/candidate-thumbs/images/10-26-14.jpg"}, {"Unnamed: 0": 11046, "CandidateId": "03b4bd77-7bcd-4a49-a6bc-b3cf9d5b55d0", "CandidateNo": 15, "FirstName": "ก่อเกียรติ", "LastName": "ขันทอง", "PartyName": "ชาติไทยพัฒนา", "PartyNumber": 55, "Title": "นาย", "Votable": true, "province_id": 10, "province_name": "กรุงเทพมหานคร", "zone_number": 26, "PartyTerminated": false, "Age": 53, "Occupation": "ธุรกิจส่วนตัว", "HighestEducation": "ต่ำกว่าปริญญาตรี", "ImageFileId": "5c57ff3afbcb5f1eec0f529d", "SelfIntroduceFileId": "5c5bee84fbcb5f16fc67ba1f", "PartyLogo": "https://storage.googleapis.com/candidate-thumbs/party/55.png", "CandididatePhoto": "https://storage.googleapis.com/candidate-thumbs/images/10-26-15.jpg"}, {"Unnamed: 0": 11047, "CandidateId": "56bc6ffb-3ed7-4d5b-acb5-4d5475d7d70b", "CandidateNo": 16, "FirstName": "สิครินทร์", "LastName": "ดามพ์วิจิตร", "PartyName": "ประชาภิวัฒน์", "PartyNumber": 172, "Title": "นาย", "Votable": true, "province_id": 10, "province_name": "กรุงเทพมหานคร", "zone_number": 26, "PartyTerminated": false, "Age": 47, "Occupation": "ธุรกิจส่วนตัว", "HighestEducation": "ปริญญาตรี", "ImageFileId": "5c5800fafbcb5f1eec0f6797", "SelfIntroduceFileId": "5c590264fbcb5f1d8813e190", "PartyLogo": "https://storage.googleapis.com/candidate-thumbs/party/172.png", "CandididatePhoto": "https://storage.googleapis.com/candidate-thumbs/images/10-26-16.jpg"}, {"Unnamed: 0": 11048, "CandidateId": "d6158f0c-296e-408b-ab25-97d0d0c29990", "CandidateNo": 17, "FirstName": "วรพล", "LastName": "เตรียมเวชวุฒิไกร", "PartyName": "รักษ์ผืนป่าประเทศไทย", "PartyNumber": 133, "Title": "นาย", "Votable": true, "province_id": 10, "province_name": "กรุงเทพมหานคร", "zone_number": 26, "PartyTerminated": false, "Age": 50, "Occupation": "ที่ปรึกษาธุรกิจ", "HighestEducation": "ปริญญาโท", "ImageFileId": "5c59046efbcb5f1d8813f726", "SelfIntroduceFileId": "5c590637fbcb5f1d88140e01", "PartyLogo": "https://storage.googleapis.com/candidate-thumbs/party/133.png", "CandididatePhoto": "https://storage.googleapis.com/candidate-thumbs/images/10-26-17.jpg"}, {"Unnamed: 0": 11049, "CandidateId": "5a639806-80b3-473e-b182-f576740a516b", "CandidateNo": 18, "FirstName": "ชวิกา", "LastName": "ไตรศิวะกุล", "PartyName": "ประชาชาติ", "PartyNumber": 187, "Title": "นางสาว", "Votable": true, "province_id": 10, "province_name": "กรุงเทพมหานคร", "zone_number": 26, "PartyTerminated": false, "Age": 32, "Occupation": "ผู้บริหารบริษัทการค้าทางอิเล็กทรอนิกส์และโซเชียลมีเดีย", "HighestEducation": "ปริญญาโท", "ImageFileId": "5c591138fbcb5f1d8814a89e", "SelfIntroduceFileId": "5c5913f2fbcb5f1d8814cee4", "PartyLogo": "https://storage.googleapis.com/candidate-thumbs/party/187.png", "CandididatePhoto": "https://storage.googleapis.com/candidate-thumbs/images/10-26-18.jpg"}, {"Unnamed: 0": 11050, "CandidateId": "8a0b8445-4245-46ab-b31b-b9ba3180b87c", "CandidateNo": 19, "FirstName": "ดนิตา", "LastName": "วงค์รัตน์", "PartyName": "กลาง", "PartyNumber": 203, "Title": "นาง", "Votable": true, "province_id": 10, "province_name": "กรุงเทพมหานคร", "zone_number": 26, "PartyTerminated": false, "Age": 63, "Occupation": "แม่บ้าน", "HighestEducation": "ต่ำกว่าปริญญาตรี", "ImageFileId": "5c594676fbcb5f1d88173409", "SelfIntroduceFileId": "5c594884fbcb5f1d881750b4", "PartyLogo": "https://storage.googleapis.com/candidate-thumbs/party/203.png", "CandididatePhoto": "https://storage.googleapis.com/candidate-thumbs/images/10-26-19.jpg"}, {"Unnamed: 0": 11051, "CandidateId": "f1d9a86c-a267-43b8-b12c-d0c66cbe3808", "CandidateNo": 20, "FirstName": "สุพรรณี", "LastName": "ทองหนองบัว", "PartyName": "พลังปวงชนไทย", "PartyNumber": 184, "Title": "นางสาว", "Votable": true, "province_id": 10, "province_name": "กรุงเทพมหานคร", "zone_number": 26, "PartyTerminated": false, "Age": 46, "Occupation": "รับจ้างและธุรกิจส่วนตัว", "HighestEducation": "ต่ำกว่าปริญญาตรี", "ImageFileId": "5c5a6b38fbcb5f19bca9f77d", "SelfIntroduceFileId": "5c5a6cf5fbcb5f19bca9fd46", "PartyLogo": "https://storage.googleapis.com/candidate-thumbs/party/184.png", "CandididatePhoto": "https://storage.googleapis.com/candidate-thumbs/images/10-26-20.jpg"}, {"Unnamed: 0": 11052, "CandidateId": "9083daae-ed8c-433e-a2bd-853cfb7da391", "CandidateNo": 21, "FirstName": "ทิชากร", "LastName": "วิสาลสกล", "PartyName": "พลเมืองไทย", "PartyNumber": 173, "Title": "นางสาว", "Votable": true, "province_id": 10, "province_name": "กรุงเทพมหานคร", "zone_number": 26, "PartyTerminated": false, "Age": 27, "Occupation": "อาจารย์", "HighestEducation": "ปริญญาโท", "ImageFileId": "5c5a8a19fbcb5f19bcaab018", "SelfIntroduceFileId": "5c5a8c00fbcb5f19bcaabf5b", "PartyLogo": "https://storage.googleapis.com/candidate-thumbs/party/173.png", "CandididatePhoto": "https://storage.googleapis.com/candidate-thumbs/images/10-26-21.jpg"}, {"Unnamed: 0": 11053, "CandidateId": "a535f8f1-9f8a-4635-8b75-c6c054f192e5", "CandidateNo": 22, "FirstName": "ชวลิต", "LastName": "ชัยชาญ", "PartyName": "แผ่นดินธรรม", "PartyNumber": 188, "Title": "นาย", "Votable": true, "province_id": 10, "province_name": "กรุงเทพมหานคร", "zone_number": 26, "PartyTerminated": false, "Age": 68, "Occupation": "กสิกรรม", "HighestEducation": "ปริญญาตรี", "ImageFileId": "5c5babbafbcb5f16fc65d25d", "SelfIntroduceFileId": "5c5bacc2fbcb5f16fc65d9ef", "PartyLogo": "https://storage.googleapis.com/candidate-thumbs/party/188.png", "CandididatePhoto": "https://storage.googleapis.com/candidate-thumbs/images/10-26-22.jpg"}, {"Unnamed: 0": 11054, "CandidateId": "71ac7722-52ad-4e9b-a9d7-89a73c357572", "CandidateNo": 23, "FirstName": "บุญฤทธิ์", "LastName": "ขวัญชุม", "PartyName": "พลังชาติไทย", "PartyNumber": 186, "Title": "นาย", "Votable": true, "province_id": 10, "province_name": "กรุงเทพมหานคร", "zone_number": 26, "PartyTerminated": false, "Age": 63, "Occupation": "รับจ้างทำบัญชี/เว็บไซต์", "HighestEducation": "ต่ำกว่าปริญญาตรี", "ImageFileId": "5c5bacfffbcb5f16fc65db03", "SelfIntroduceFileId": "5c5bae32fbcb5f16fc65e5d5", "PartyLogo": "https://storage.googleapis.com/candidate-thumbs/party/186.png", "CandididatePhoto": "https://storage.googleapis.com/candidate-thumbs/images/10-26-23.jpg"}, {"Unnamed: 0": 11055, "CandidateId": "5749a8d0-db27-4008-bb67-5f8c1b877080", "CandidateNo": 24, "FirstName": "พัทธนันท์", "LastName": "สิริปรีดาพัฒน์", "PartyName": "ครูไทยเพื่อประชาชน", "PartyNumber": 118, "Title": "นางสาว", "Votable": true, "province_id": 10, "province_name": "กรุงเทพมหานคร", "zone_number": 26, "PartyTerminated": false, "Age": 55, "Occupation": "นักออกแบบสินทรัพย์", "HighestEducation": "ปริญญาโท", "ImageFileId": "5c5bd643fbcb5f16fc66e891", "SelfIntroduceFileId": "5c5be9defbcb5f16fc678ef0", "PartyLogo": "https://storage.googleapis.com/candidate-thumbs/party/118.png", "CandididatePhoto": "https://storage.googleapis.com/candidate-thumbs/images/10-26-24.jpg"}, {"Unnamed: 0": 11056, "CandidateId": "692c39f8-8611-4ab2-a673-c89b067c8f2a", "CandidateNo": 25, "FirstName": "ชญาณ์นันท์", "LastName": "อ้วนพินิจ", "PartyName": "พลังไทยรักไทย", "PartyNumber": 185, "Title": "นางสาว", "Votable": true, "province_id": 10, "province_name": "กรุงเทพมหานคร", "zone_number": 26, "PartyTerminated": false, "Age": 26, "Occupation": "รับจ้าง", "HighestEducation": "ปริญญาตรี", "ImageFileId": "5c5bd920fbcb5f16fc6701e2", "SelfIntroduceFileId": "5c5bdad4fbcb5f16fc67109d", "PartyLogo": "https://storage.googleapis.com/candidate-thumbs/party/185.png", "CandididatePhoto": "https://storage.googleapis.com/candidate-thumbs/images/10-26-25.jpg"}, {"Unnamed: 0": 11057, "CandidateId": "607f4f7c-85d4-4cd4-a780-5c13ebe34e67", "CandidateNo": 26, "FirstName": "อารีลักษณ์", "LastName": "งามเจริญ", "PartyName": "ประชาธรรมไทย", "PartyNumber": 190, "Title": "นาง", "Votable": true, "province_id": 10, "province_name": "กรุงเทพมหานคร", "zone_number": 26, "PartyTerminated": false, "Age": 38, "Occupation": "คู่ค้ากับบริษัทยูนิลีเวอร์", "HighestEducation": "ต่ำกว่าปริญญาตรี", "ImageFileId": "5c5d1deffbcb5f0fd8852e0b", "SelfIntroduceFileId": "5c5d1f84fbcb5f0fd8853c0a", "PartyLogo": "https://storage.googleapis.com/candidate-thumbs/party/190.png", "CandididatePhoto": "https://storage.googleapis.com/candidate-thumbs/images/10-26-26.jpg"}, {"Unnamed: 0": 11058, "CandidateId": "ef58312d-7881-44f5-a70b-208086f9642f", "CandidateNo": 27, "FirstName": "อรวรรณ", "LastName": "จั่นบำรุง", "PartyName": "เศรษฐกิจใหม่", "PartyNumber": 193, "Title": "นาง", "Votable": true, "province_id": 10, "province_name": "กรุงเทพมหานคร", "zone_number": 26, "PartyTerminated": false, "Age": 47, "Occupation": "ธุรกิจส่วนตัว", "HighestEducation": "ต่ำกว่าปริญญาตรี", "ImageFileId": "5c5d1fb6fbcb5f0fd8853db0", "SelfIntroduceFileId": "5c5d20f3fbcb5f0fd88547fd", "PartyLogo": "https://storage.googleapis.com/candidate-thumbs/party/193.png", "CandididatePhoto": "https://storage.googleapis.com/candidate-thumbs/images/10-26-27.jpg"}, {"Unnamed: 0": 11059, "CandidateId": "89e1dad4-46a4-4a16-82b7-17db8763577a", "CandidateNo": 28, "FirstName": "ณัทกร", "LastName": "ลักษณ์ชนน", "PartyName": "ประชากรไทย", "PartyNumber": 2, "Title": "นาย", "Votable": true, "province_id": 10, "province_name": "กรุงเทพมหานคร", "zone_number": 26, "PartyTerminated": false, "Age": 63, "Occupation": "ขับรถผู้บริหาร", "HighestEducation": "ปริญญาตรี", "ImageFileId": "5c5d2c40fbcb5f0fd885a157", "SelfIntroduceFileId": "5c5d317bfbcb5f0fd885cde2", "PartyLogo": "https://storage.googleapis.com/candidate-thumbs/party/2.png", "CandididatePhoto": "https://storage.googleapis.com/candidate-thumbs/images/10-26-28.jpg"}, {"Unnamed: 0": 11060, "CandidateId": "0c5cf758-a446-44f6-b60b-8f106412e0ef", "CandidateNo": 29, "FirstName": "กิตติชัย", "LastName": "หนูชูชัย", "PartyName": "ไทรักธรรม", "PartyNumber": 144, "Title": "นาย", "Votable": true, "province_id": 10, "province_name": "กรุงเทพมหานคร", "zone_number": 26, "PartyTerminated": false, "Age": 49, "Occupation": "รับเหมาไฟฟ้า", "HighestEducation": "ต่ำกว่าปริญญาตรี", "ImageFileId": "5c5d4e54fbcb5f0fd886ea82", "SelfIntroduceFileId": "5c5d5569fbcb5f0fd8873e1e", "PartyLogo": "https://storage.googleapis.com/candidate-thumbs/party/144.png", "CandididatePhoto": "https://storage.googleapis.com/candidate-thumbs/images/10-26-29.jpg"}]