[{"Unnamed: 0": 4072, "CandidateId": "91a6d0fe-bef8-4d49-8a71-3c4163b97a90", "CandidateNo": 1, "FirstName": "วิไลวรรณ", "LastName": "ผิวคำ", "PartyName": "พลังปวงชนไทย", "PartyNumber": 184, "Title": "นาง", "Votable": true, "province_id": 46, "province_name": "กาฬสินธุ์", "zone_number": 3, "PartyTerminated": false, "Age": 51, "Occupation": "ธุรกิจส่วนตัว", "HighestEducation": "ปริญญาโท", "ImageFileId": "5c57f987fbcb5f1eec0effa6", "SelfIntroduceFileId": "5c594d69fbcb5f1d8817921f", "PartyLogo": "https://storage.googleapis.com/candidate-thumbs/party/184.png", "CandididatePhoto": "https://storage.googleapis.com/candidate-thumbs/images/46-3-1.jpg"}, {"Unnamed: 0": 4073, "CandidateId": "f0eae2c4-90b2-47f2-9a47-2b05f2c33efa", "CandidateNo": 2, "FirstName": "ฐานิดา", "LastName": "อนุอัน", "PartyName": "ประชาชนปฏิรูป", "PartyNumber": 176, "Title": "นาง", "Votable": true, "province_id": 46, "province_name": "กาฬสินธุ์", "zone_number": 3, "PartyTerminated": false, "Age": 47, "Occupation": "ธุรกิจส่วนตัว", "HighestEducation": "ต่ำกว่าปริญญาตรี", "ImageFileId": "5c580087fbcb5f1eec0f6223", "SelfIntroduceFileId": "5c594febfbcb5f1d8817ad23", "PartyLogo": "https://storage.googleapis.com/candidate-thumbs/party/176.png", "CandididatePhoto": "https://storage.googleapis.com/candidate-thumbs/images/46-3-2.jpg"}, {"Unnamed: 0": 4074, "CandidateId": "65830084-4b60-43c4-b4bf-2ff09e3fd223", "CandidateNo": 3, "FirstName": "ฐานมญ", "LastName": "มาตรา", "PartyName": "เศรษฐกิจใหม่", "PartyNumber": 193, "Title": "นางสาว", "Votable": true, "province_id": 46, "province_name": "กาฬสินธุ์", "zone_number": 3, "PartyTerminated": false, "Age": 46, "Occupation": "ครูเอกชน", "HighestEducation": "ปริญญาตรี", "ImageFileId": "5c590037fbcb5f1d8813c5d6", "SelfIntroduceFileId": "5c59509dfbcb5f1d8817b676", "PartyLogo": "https://storage.googleapis.com/candidate-thumbs/party/193.png", "CandididatePhoto": "https://storage.googleapis.com/candidate-thumbs/images/46-3-3.jpg"}, {"Unnamed: 0": 4075, "CandidateId": "38967492-6ede-4e3a-a191-bb4a963e9e2b", "CandidateNo": 4, "FirstName": "สัมพันธ์", "LastName": "ภูแป้ง", "PartyName": "ประชาธิปัตย์", "PartyNumber": 1, "Title": "นาย", "Votable": true, "province_id": 46, "province_name": "กาฬสินธุ์", "zone_number": 3, "PartyTerminated": false, "Age": 49, "Occupation": "เจ้าของกิจการขายวัสดุก่อสร้าง", "HighestEducation": "ปริญญาตรี", "ImageFileId": "5c5807cdfbcb5f1eec0fcd12", "SelfIntroduceFileId": "5c5908e1fbcb5f1d8814318d", "PartyLogo": "https://storage.googleapis.com/candidate-thumbs/party/1.png", "CandididatePhoto": "https://storage.googleapis.com/candidate-thumbs/images/46-3-4.jpg"}, {"Unnamed: 0": 4076, "CandidateId": "acbc7a26-b21e-40a5-be8e-7382071125b3", "CandidateNo": 5, "FirstName": "จำเนียร", "LastName": "ภูปัญญา", "PartyName": "ประชาภิวัฒน์", "PartyNumber": 172, "Title": "นาย", "Votable": true, "province_id": 46, "province_name": "กาฬสินธุ์", "zone_number": 3, "PartyTerminated": false, "Age": 56, "Occupation": "รับจ้าง", "HighestEducation": "ปริญญาโท", "ImageFileId": "5c58e787fbcb5f1d8812ec7c", "SelfIntroduceFileId": "5c5951f1fbcb5f1d8817ca54", "PartyLogo": "https://storage.googleapis.com/candidate-thumbs/party/172.png", "CandididatePhoto": "https://storage.googleapis.com/candidate-thumbs/images/46-3-5.jpg"}, {"Unnamed: 0": 4077, "CandidateId": "c067a963-12a6-457c-b45e-662a52a02840", "CandidateNo": 6, "FirstName": "จรวย", "LastName": "ปู่หลุ่น", "PartyName": "เสรีรวมไทย", "PartyNumber": 145, "Title": "นาย", "Votable": true, "province_id": 46, "province_name": "กาฬสินธุ์", "zone_number": 3, "PartyTerminated": false, "Age": 62, "Occupation": "ข้าราชการบำนาญ,ทนายความ", "HighestEducation": "ปริญญาตรี", "ImageFileId": "5c58ee76fbcb5f1d88131234", "SelfIntroduceFileId": "5c58f090fbcb5f1d8813240c", "PartyLogo": "https://storage.googleapis.com/candidate-thumbs/party/145.png", "CandididatePhoto": "https://storage.googleapis.com/candidate-thumbs/images/46-3-6.jpg"}, {"Unnamed: 0": 4078, "CandidateId": "b4223764-dc78-4b4f-a37d-89a5e3cbf4ae", "CandidateNo": 7, "FirstName": "เสถียร", "LastName": "ญานสาร", "PartyName": "เพื่อชาติ", "PartyNumber": 149, "Title": "นาย", "Votable": true, "province_id": 46, "province_name": "กาฬสินธุ์", "zone_number": 3, "PartyTerminated": false, "Age": 45, "Occupation": "เจ้าของกิจการ", "HighestEducation": "ปริญญาโท", "ImageFileId": "5c58f3d4fbcb5f1d88134381", "SelfIntroduceFileId": "5c5952b1fbcb5f1d8817d28e", "PartyLogo": "https://storage.googleapis.com/candidate-thumbs/party/149.png", "CandididatePhoto": "https://storage.googleapis.com/candidate-thumbs/images/46-3-7.jpg"}, {"Unnamed: 0": 4079, "CandidateId": "c16db435-56a9-46d7-bcbe-14dc54d246f7", "CandidateNo": 8, "FirstName": "วันเพ็ญ", "LastName": "วรรณจักร์", "PartyName": "เพื่อคนไทย", "PartyNumber": 183, "Title": "นางสาว", "Votable": true, "province_id": 46, "province_name": "กาฬสินธุ์", "zone_number": 3, "PartyTerminated": false, "Age": 45, "Occupation": "รับจ้างทั่วไป", "HighestEducation": "ปริญญาตรี", "ImageFileId": "5c58f6d5fbcb5f1d8813624a", "SelfIntroduceFileId": "5c5953a6fbcb5f1d8817d998", "PartyLogo": "https://storage.googleapis.com/candidate-thumbs/party/183.png", "CandididatePhoto": "https://storage.googleapis.com/candidate-thumbs/images/46-3-8.jpg"}, {"Unnamed: 0": 4080, "CandidateId": "1ce32039-f3ac-4783-b616-c59cac19d47a", "CandidateNo": 9, "FirstName": "ดนุพล", "LastName": "ผือโย", "PartyName": "ภูมิใจไทย", "PartyNumber": 63, "Title": "นาย", "Votable": true, "province_id": 46, "province_name": "กาฬสินธุ์", "zone_number": 3, "PartyTerminated": false, "Age": 56, "Occupation": "สมาชิกสภาองค์การบริหารส่วนจังหวัดกาฬสินธุ์", "HighestEducation": "ปริญญาตรี", "ImageFileId": "5c58fa0bfbcb5f1d8813851d", "SelfIntroduceFileId": "5c5912e8fbcb5f1d8814c198", "PartyLogo": "https://storage.googleapis.com/candidate-thumbs/party/63.png", "CandididatePhoto": "https://storage.googleapis.com/candidate-thumbs/images/46-3-9.jpg"}, {"Unnamed: 0": 4081, "CandidateId": "7c7d1709-933f-4f7d-a4a5-d1cddcf0c071", "CandidateNo": 10, "FirstName": "ชญาดล", "LastName": "ฆารเจริญ", "PartyName": "รวมพลังประชาชาติไทย", "PartyNumber": 181, "Title": "นาย", "Votable": true, "province_id": 46, "province_name": "กาฬสินธุ์", "zone_number": 3, "PartyTerminated": false, "Age": 51, "Occupation": "พนักงานของรัฐ", "HighestEducation": "ปริญญาตรี", "ImageFileId": "5c590cd7fbcb5f1d88146aeb", "SelfIntroduceFileId": "5c591415fbcb5f1d8814d11e", "PartyLogo": "https://storage.googleapis.com/candidate-thumbs/party/181.png", "CandididatePhoto": "https://storage.googleapis.com/candidate-thumbs/images/46-3-10.jpg"}, {"Unnamed: 0": 4082, "CandidateId": "5feefb67-e93d-4dc0-a035-0833c201c90b", "CandidateNo": 11, "FirstName": "ภูมินทร์", "LastName": "อินธิศร", "PartyName": "ชาติไทยพัฒนา", "PartyNumber": 55, "Title": "นาย", "Votable": true, "province_id": 46, "province_name": "กาฬสินธุ์", "zone_number": 3, "PartyTerminated": false, "Age": 77, "Occupation": "กำนัน", "HighestEducation": "ต่ำกว่าปริญญาตรี", "ImageFileId": "5c592c74fbcb5f1d8815cb34", "SelfIntroduceFileId": "5c592f16fbcb5f1d8815f4c3", "PartyLogo": "https://storage.googleapis.com/candidate-thumbs/party/55.png", "CandididatePhoto": "https://storage.googleapis.com/candidate-thumbs/images/46-3-11.jpg"}, {"Unnamed: 0": 4083, "CandidateId": "27d83593-fbdf-4c35-ae96-51968cdb3c23", "CandidateNo": 12, "FirstName": "ศรายุทธ", "LastName": "ภูภักดี", "PartyName": "ประชาไทย", "PartyNumber": 205, "Title": "นาย", "Votable": true, "province_id": 46, "province_name": "กาฬสินธุ์", "zone_number": 3, "PartyTerminated": false, "Age": 61, "Occupation": "ข้าราชการบำนาญ", "HighestEducation": "ปริญญาตรี", "ImageFileId": "5c593024fbcb5f1d88160079", "SelfIntroduceFileId": "5c593609fbcb5f1d88164f24", "PartyLogo": "https://storage.googleapis.com/candidate-thumbs/party/205.png", "CandididatePhoto": "https://storage.googleapis.com/candidate-thumbs/images/46-3-12.jpg"}, {"Unnamed: 0": 4084, "CandidateId": "8dc642eb-621a-4f75-a135-9b45c69ecdb2", "CandidateNo": 13, "FirstName": "สุรักษ์", "LastName": "จุตาทิศ", "PartyName": "อนาคตใหม่", "PartyNumber": 177, "Title": "นาย", "Votable": true, "province_id": 46, "province_name": "กาฬสินธุ์", "zone_number": 3, "PartyTerminated": false, "Age": 46, "Occupation": "วิศวกรโยธา", "HighestEducation": "ปริญญาโท", "ImageFileId": "5c59331dfbcb5f1d88162c43", "SelfIntroduceFileId": "5c593870fbcb5f1d88167573", "PartyLogo": "https://storage.googleapis.com/candidate-thumbs/party/177.png", "CandididatePhoto": "https://storage.googleapis.com/candidate-thumbs/images/46-3-13.jpg"}, {"Unnamed: 0": 4085, "CandidateId": "046687c9-3a6b-46b1-af8c-56b7918ffa59", "CandidateNo": 14, "FirstName": "ทักษิณ", "LastName": "พันธฤทธิ์", "PartyName": "ประชานิยม", "PartyNumber": 191, "Title": "นาย", "Votable": true, "province_id": 46, "province_name": "กาฬสินธุ์", "zone_number": 3, "PartyTerminated": false, "Age": 63, "Occupation": "เกษตรกรรม", "HighestEducation": "ต่ำกว่าปริญญาตรี", "ImageFileId": "5c593370fbcb5f1d88163047", "SelfIntroduceFileId": "5c593d06fbcb5f1d8816b0c5", "PartyLogo": "https://storage.googleapis.com/candidate-thumbs/party/191.png", "CandididatePhoto": "https://storage.googleapis.com/candidate-thumbs/images/46-3-14.jpg"}, {"Unnamed: 0": 4086, "CandidateId": "72a86dd1-1e49-4980-a851-a37530bf37a8", "CandidateNo": 15, "FirstName": "คมเดช", "LastName": "ไชยศิวามงคล", "PartyName": "เพื่อไทย", "PartyNumber": 34, "Title": "นาย", "Votable": true, "province_id": 46, "province_name": "กาฬสินธุ์", "zone_number": 3, "PartyTerminated": false, "Age": 64, "Occupation": "นักการเมือง", "HighestEducation": "ปริญญาตรี", "ImageFileId": "5c5933cffbcb5f1d88163396", "SelfIntroduceFileId": "5c594157fbcb5f1d8816ef30", "PartyLogo": "https://storage.googleapis.com/candidate-thumbs/party/34.png", "CandididatePhoto": "https://storage.googleapis.com/candidate-thumbs/images/46-3-15.jpg"}, {"Unnamed: 0": 4087, "CandidateId": "f4741890-9110-4872-b6d8-21eac4c5e0c6", "CandidateNo": 16, "FirstName": "จำลอง", "LastName": "ภูนวนทา", "PartyName": "พลังประชารัฐ", "PartyNumber": 192, "Title": "นาย", "Votable": true, "province_id": 46, "province_name": "กาฬสินธุ์", "zone_number": 3, "PartyTerminated": false, "Age": 59, "Occupation": "ค้าขาย", "HighestEducation": "ปริญญาโท", "ImageFileId": "5c593431fbcb5f1d881638aa", "SelfIntroduceFileId": "5c594378fbcb5f1d881709fd", "PartyLogo": "https://storage.googleapis.com/candidate-thumbs/party/192.png", "CandididatePhoto": "https://storage.googleapis.com/candidate-thumbs/images/46-3-16.jpg"}, {"Unnamed: 0": 4088, "CandidateId": "24732e87-3471-44c0-95b5-a5f2649a7c17", "CandidateNo": 17, "FirstName": "สุรพงษ์", "LastName": "ลักษวุธ", "PartyName": "พลังท้องถิ่นไท", "PartyNumber": 124, "Title": "นาย", "Votable": true, "province_id": 46, "province_name": "กาฬสินธุ์", "zone_number": 3, "PartyTerminated": false, "Age": 42, "Occupation": "รับราชการ", "HighestEducation": "ปริญญาตรี", "ImageFileId": "5c593478fbcb5f1d88163a53", "SelfIntroduceFileId": "5c594b9cfbcb5f1d8817797d", "PartyLogo": "https://storage.googleapis.com/candidate-thumbs/party/124.png", "CandididatePhoto": "https://storage.googleapis.com/candidate-thumbs/images/46-3-17.jpg"}, {"Unnamed: 0": 4089, "CandidateId": "ecd5da7e-a9b2-4325-9af0-462539d280d9", "CandidateNo": 18, "FirstName": "ณภัทร", "LastName": "หันตุลา", "PartyName": "เพื่อแผ่นดิน", "PartyNumber": 41, "Title": "นาย", "Votable": true, "province_id": 46, "province_name": "กาฬสินธุ์", "zone_number": 3, "PartyTerminated": false, "Age": 30, "Occupation": "รับจัดงานฟรีแลนด์", "HighestEducation": "ต่ำกว่าปริญญาตรี", "ImageFileId": "5c595b81fbcb5f1d88181458", "SelfIntroduceFileId": "5c595d07fbcb5f1d881818dd", "PartyLogo": "https://storage.googleapis.com/candidate-thumbs/party/41.png", "CandididatePhoto": "https://storage.googleapis.com/candidate-thumbs/images/46-3-18.jpg"}, {"Unnamed: 0": 4090, "CandidateId": "be5df854-acfe-486d-8be5-75e98276c0fc", "CandidateNo": 19, "FirstName": "ฉลอง", "LastName": "โพธิสารัตน์", "PartyName": "ประชาชาติ", "PartyNumber": 187, "Title": "นาย", "Votable": true, "province_id": 46, "province_name": "กาฬสินธุ์", "zone_number": 3, "PartyTerminated": false, "Age": 64, "Occupation": "ข้าราชการบำนาญ", "HighestEducation": "ปริญญาโท", "ImageFileId": "5c5a5007fbcb5f19bca925ed", "SelfIntroduceFileId": "5c5a521dfbcb5f19bca938d4", "PartyLogo": "https://storage.googleapis.com/candidate-thumbs/party/187.png", "CandididatePhoto": "https://storage.googleapis.com/candidate-thumbs/images/46-3-19.jpg"}, {"Unnamed: 0": 4091, "CandidateId": "bba06bac-4fd9-41ef-a370-4d46afc64a5a", "CandidateNo": 20, "FirstName": "สมบูรณ์", "LastName": "พลธิรักษา", "PartyName": "แผ่นดินธรรม", "PartyNumber": 188, "Title": "นาง", "Votable": true, "province_id": 46, "province_name": "กาฬสินธุ์", "zone_number": 3, "PartyTerminated": false, "Age": 57, "Occupation": "ข้าราชการบำนาญ", "HighestEducation": "ปริญญาตรี", "ImageFileId": "5c5a63f0fbcb5f19bca9cfb6", "SelfIntroduceFileId": "5c5a6565fbcb5f19bca9d822", "PartyLogo": "https://storage.googleapis.com/candidate-thumbs/party/188.png", "CandididatePhoto": "https://storage.googleapis.com/candidate-thumbs/images/46-3-20.jpg"}, {"Unnamed: 0": 4092, "CandidateId": "4744540e-8611-46f0-a9f8-397761e65e5e", "CandidateNo": 21, "FirstName": "พลรัตน์", "LastName": "มิตรดี", "PartyName": "ภราดรภาพ", "PartyNumber": 154, "Title": "นาย", "Votable": true, "province_id": 46, "province_name": "กาฬสินธุ์", "zone_number": 3, "PartyTerminated": false, "Age": 36, "Occupation": "รับจ้างทั่วไป", "HighestEducation": "ต่ำกว่าปริญญาตรี", "ImageFileId": "5c5a7628fbcb5f19bcaa21b5", "SelfIntroduceFileId": "5c5a774bfbcb5f19bcaa27db", "PartyLogo": "https://storage.googleapis.com/candidate-thumbs/party/154.png", "CandididatePhoto": "https://storage.googleapis.com/candidate-thumbs/images/46-3-21.jpg"}, {"Unnamed: 0": 4093, "CandidateId": "d6003225-9865-48ce-8d3c-1df08d71b246", "CandidateNo": 22, "FirstName": "วัลลภ", "LastName": "ฆารรัศมี", "PartyName": "ครูไทยเพื่อประชาชน", "PartyNumber": 118, "Title": "นาย", "Votable": true, "province_id": 46, "province_name": "กาฬสินธุ์", "zone_number": 3, "PartyTerminated": false, "Age": 65, "Occupation": "เกษตรกร", "HighestEducation": "ต่ำกว่าปริญญาตรี", "ImageFileId": "5c5b9bf6fbcb5f16fc6568c2", "SelfIntroduceFileId": "5c5b9d8efbcb5f16fc656f7f", "PartyLogo": "https://storage.googleapis.com/candidate-thumbs/party/118.png", "CandididatePhoto": "https://storage.googleapis.com/candidate-thumbs/images/46-3-22.jpg"}, {"Unnamed: 0": 4094, "CandidateId": "dbc6482a-5212-4fa6-8d3c-5da4cbcdd570", "CandidateNo": 23, "FirstName": "อัจราพร", "LastName": "บัวศรี", "PartyName": "ประชาธิปไตยใหม่", "PartyNumber": 109, "Title": "นาง", "Votable": true, "province_id": 46, "province_name": "กาฬสินธุ์", "zone_number": 3, "PartyTerminated": false, "Age": 56, "Occupation": "ทำนา", "HighestEducation": "ปริญญาตรี", "ImageFileId": "5c5bb415fbcb5f16fc661df9", "SelfIntroduceFileId": "5c5bb716fbcb5f16fc6632ed", "PartyLogo": "https://storage.googleapis.com/candidate-thumbs/party/109.png", "CandididatePhoto": "https://storage.googleapis.com/candidate-thumbs/images/46-3-23.jpg"}, {"Unnamed: 0": 4095, "CandidateId": "d1b03abb-6a8f-45f6-890a-f7ffa24e6d5a", "CandidateNo": 24, "FirstName": "พงษ์พันธ์", "LastName": "แก้วศิลา", "PartyName": "ไทยศรีวิไลย์", "PartyNumber": 180, "Title": "นาย", "Votable": true, "province_id": 46, "province_name": "กาฬสินธุ์", "zone_number": 3, "PartyTerminated": false, "Age": 25, "Occupation": "ว่างงาน", "HighestEducation": "ปริญญาตรี", "ImageFileId": "5c5bbee5fbcb5f16fc666087", "SelfIntroduceFileId": "5c5bc9e8fbcb5f16fc669246", "PartyLogo": "https://storage.googleapis.com/candidate-thumbs/party/180.png", "CandididatePhoto": "https://storage.googleapis.com/candidate-thumbs/images/46-3-24.jpg"}, {"Unnamed: 0": 4096, "CandidateId": "c41c75e9-f06e-4061-a00d-78d6a30b8d59", "CandidateNo": 25, "FirstName": "อภิชาติ", "LastName": "แก้วบูโฮม", "PartyName": "พลังไทสร้างชาติ", "PartyNumber": 200, "Title": "นาย", "Votable": true, "province_id": 46, "province_name": "กาฬสินธุ์", "zone_number": 3, "PartyTerminated": false, "Age": 48, "Occupation": "ธุรกิจส่วนตัว", "HighestEducation": "ต่ำกว่าปริญญาตรี", "ImageFileId": "5c5bd280fbcb5f16fc66cf8e", "SelfIntroduceFileId": "5c5bd37cfbcb5f16fc66d642", "PartyLogo": "https://storage.googleapis.com/candidate-thumbs/party/200.png", "CandididatePhoto": "https://storage.googleapis.com/candidate-thumbs/images/46-3-25.jpg"}, {"Unnamed: 0": 4097, "CandidateId": "30c1f37a-6d65-4611-a634-a647493bfd65", "CandidateNo": 26, "FirstName": "พิเชฐ", "LastName": "เขตประกร", "PartyName": "กรีน", "PartyNumber": 206, "Title": "นาย", "Votable": true, "province_id": 46, "province_name": "กาฬสินธุ์", "zone_number": 3, "PartyTerminated": false, "Age": 50, "Occupation": "เกษตรกร", "HighestEducation": "ต่ำกว่าปริญญาตรี", "ImageFileId": "5c5bd732fbcb5f16fc66f096", "SelfIntroduceFileId": "5c5bd8a3fbcb5f16fc66fe1a", "PartyLogo": "https://storage.googleapis.com/candidate-thumbs/party/206.png", "CandididatePhoto": "https://storage.googleapis.com/candidate-thumbs/images/46-3-26.jpg"}, {"Unnamed: 0": 4098, "CandidateId": "4243e933-10c4-4495-8e3a-cda0e5d06c81", "CandidateNo": 27, "FirstName": "เสกสรรค์", "LastName": "ขจรกิตติฤทธิ์", "PartyName": "พลังไทยรักไทย", "PartyNumber": 185, "Title": "นาย", "Votable": true, "province_id": 46, "province_name": "กาฬสินธุ์", "zone_number": 3, "PartyTerminated": false, "Age": 43, "Occupation": "ครูอัตราจ้าง", "HighestEducation": "ปริญญาตรี", "ImageFileId": "5c5be8befbcb5f16fc678463", "SelfIntroduceFileId": "5c5be9e7fbcb5f16fc678faf", "PartyLogo": "https://storage.googleapis.com/candidate-thumbs/party/185.png", "CandididatePhoto": "https://storage.googleapis.com/candidate-thumbs/images/46-3-27.jpg"}, {"Unnamed: 0": 4099, "CandidateId": "29022b2d-5325-49c9-ad7d-9e33ad1ef960", "CandidateNo": 28, "FirstName": "แปลก", "LastName": "สุวรรณชาติ", "PartyName": "พลังชาติไทย", "PartyNumber": 186, "Title": "นาย", "Votable": true, "province_id": 46, "province_name": "กาฬสินธุ์", "zone_number": 3, "PartyTerminated": false, "Age": 69, "Occupation": "สมาชิกสภาจังหวัดกาฬสินธุ์เขตอำเภอท่าคันโท", "HighestEducation": "ปริญญาตรี", "ImageFileId": "5c5ceeb8fbcb5f16fc68e421", "SelfIntroduceFileId": "5c5cf0d3fbcb5f16fc68f1f8", "PartyLogo": "https://storage.googleapis.com/candidate-thumbs/party/186.png", "CandididatePhoto": "https://storage.googleapis.com/candidate-thumbs/images/46-3-28.jpg"}, {"Unnamed: 0": 4100, "CandidateId": "db0ac7e1-0c0c-40d3-93bd-1c021568232b", "CandidateNo": 29, "FirstName": "อนันต์", "LastName": "จันทะรัตน์", "PartyName": "ประชาธรรมไทย", "PartyNumber": 190, "Title": "นาย", "Votable": true, "province_id": 46, "province_name": "กาฬสินธุ์", "zone_number": 3, "PartyTerminated": false, "Age": 54, "Occupation": "นักการเมืองท้องถิ่น", "HighestEducation": "ปริญญาตรี", "ImageFileId": "5c5cf81ffbcb5f0fd884412c", "SelfIntroduceFileId": "5c5cf93efbcb5f0fd8844904", "PartyLogo": "https://storage.googleapis.com/candidate-thumbs/party/190.png", "CandididatePhoto": "https://storage.googleapis.com/candidate-thumbs/images/46-3-29.jpg"}, {"Unnamed: 0": 4101, "CandidateId": "ad6ff0bf-fc0c-4a7d-bfcb-f055b3ab3ccc", "CandidateNo": 30, "FirstName": "วันชัย", "LastName": "ภวสุริยกุล", "PartyName": "เพื่อนไทย", "PartyNumber": 179, "Title": "นาย", "Votable": false, "province_id": 46, "province_name": "กาฬสินธุ์", "zone_number": 3, "PartyTerminated": false, "Age": 72, "Occupation": "เจ้าหน้าที่บริหารพัฒนาชุมชน", "HighestEducation": "ปริญญาตรี", "ImageFileId": "5c5d03befbcb5f0fd884a2a2", "SelfIntroduceFileId": "5c5d0528fbcb5f0fd884ade1", "PartyLogo": "https://storage.googleapis.com/candidate-thumbs/party/179.png", "CandididatePhoto": "https://storage.googleapis.com/candidate-thumbs/images/46-3-30.jpg"}, {"Unnamed: 0": 4102, "CandidateId": "764837d5-da9a-4098-aa75-907cef80305e", "CandidateNo": 31, "FirstName": "จินตนา", "LastName": "ศรีนุเดช", "PartyName": "สามัญชน", "PartyNumber": 209, "Title": "นางสาว", "Votable": true, "province_id": 46, "province_name": "กาฬสินธุ์", "zone_number": 3, "PartyTerminated": false, "Age": 33, "Occupation": "รับจ้าง", "HighestEducation": "ปริญญาตรี", "ImageFileId": "5c5d11d1fbcb5f0fd884f78f", "SelfIntroduceFileId": "5c5d20fcfbcb5f0fd88548de", "PartyLogo": "https://storage.googleapis.com/candidate-thumbs/party/209.png", "CandididatePhoto": "https://storage.googleapis.com/candidate-thumbs/images/46-3-31.jpg"}, {"Unnamed: 0": 4103, "CandidateId": "2b5dd287-9a82-4d45-9e86-682b2322edb9", "CandidateNo": 32, "FirstName": "อิษรา", "LastName": "สีทำมา", "PartyName": "พลเมืองไทย", "PartyNumber": 173, "Title": "นางสาว", "Votable": true, "province_id": 46, "province_name": "กาฬสินธุ์", "zone_number": 3, "PartyTerminated": false, "Age": 43, "Occupation": "ธุริกิจรับเหมาก่อสร้าง", "HighestEducation": "ปริญญาตรี", "ImageFileId": "5c5d28f9fbcb5f0fd8858678", "SelfIntroduceFileId": "5c5d2f43fbcb5f0fd885bc86", "PartyLogo": "https://storage.googleapis.com/candidate-thumbs/party/173.png", "CandididatePhoto": "https://storage.googleapis.com/candidate-thumbs/images/46-3-32.jpg"}, {"Unnamed: 0": 4104, "CandidateId": "a1dda498-1e3e-48fb-a045-1cc5d0fbf8c6", "CandidateNo": 33, "FirstName": "สมาน", "LastName": "นาแถมทอง", "PartyName": "ประชากรไทย", "PartyNumber": 2, "Title": "นาย", "Votable": false, "province_id": 46, "province_name": "กาฬสินธุ์", "zone_number": 3, "PartyTerminated": false, "Age": 64, "Occupation": "คณะกรรมการสหกรณ์หนองกุงศรีจำกัด", "HighestEducation": "ต่ำกว่าปริญญาตรี", "ImageFileId": "5c5d4acafbcb5f0fd886c587", "SelfIntroduceFileId": "5c5d4bfcfbcb5f0fd886d3b5", "PartyLogo": "https://storage.googleapis.com/candidate-thumbs/party/2.png", "CandididatePhoto": "https://storage.googleapis.com/candidate-thumbs/images/46-3-33.jpg"}, {"Unnamed: 0": 4105, "CandidateId": "ca9863ab-1bcc-4205-b3df-dbc3b26adcad", "CandidateNo": 34, "FirstName": "อนอง", "LastName": "เหล่านุกูล", "PartyName": "พลังประชาธิปไตย", "PartyNumber": 153, "Title": "นาย", "Votable": true, "province_id": 46, "province_name": "กาฬสินธุ์", "zone_number": 3, "PartyTerminated": false, "Age": 71, "Occupation": "ค้าขาย", "HighestEducation": "ต่ำกว่าปริญญาตรี", "ImageFileId": "5c5d4c4dfbcb5f0fd886d6dc", "SelfIntroduceFileId": "5c5d4d6cfbcb5f0fd886e1ad", "PartyLogo": "https://storage.googleapis.com/candidate-thumbs/party/153.png", "CandididatePhoto": "https://storage.googleapis.com/candidate-thumbs/images/46-3-34.jpg"}, {"Unnamed: 0": 4106, "CandidateId": "73d30ff2-c073-40ff-bbbe-313293b7a93b", "CandidateNo": 35, "FirstName": "ลับมณี", "LastName": "มูลอินทร", "PartyName": "รักษ์ผืนป่าประเทศไทย", "PartyNumber": 133, "Title": "นาง", "Votable": true, "province_id": 46, "province_name": "กาฬสินธุ์", "zone_number": 3, "PartyTerminated": false, "Age": 49, "Occupation": "แม่บ้าน", "HighestEducation": "ต่ำกว่าปริญญาตรี", "ImageFileId": "5c5d685bfbcb5f0fd887e47d", "SelfIntroduceFileId": "5c5d6980fbcb5f0fd887e96e", "PartyLogo": "https://storage.googleapis.com/candidate-thumbs/party/133.png", "CandididatePhoto": "https://storage.googleapis.com/candidate-thumbs/images/46-3-35.jpg"}, {"Unnamed: 0": 4107, "CandidateId": "6e284b07-64dd-4e19-9dad-ed8e1a1cf23c", "CandidateNo": 36, "FirstName": "กฤษณะ", "LastName": "พาภิรมย์", "PartyName": "ฐานรากไทย", "PartyNumber": 208, "Title": "นาย", "Votable": true, "province_id": 46, "province_name": "กาฬสินธุ์", "zone_number": 3, "PartyTerminated": false, "Age": 48, "Occupation": "เกษตรกร", "HighestEducation": "ปริญญาตรี", "ImageFileId": "5c5d69d5fbcb5f0fd887ea88", "SelfIntroduceFileId": "5c5eaf86fbcb5f14489aa754", "PartyLogo": "https://storage.googleapis.com/candidate-thumbs/party/208.png", "CandididatePhoto": "https://storage.googleapis.com/candidate-thumbs/images/46-3-36.jpg"}, {"Unnamed: 0": 4108, "CandidateId": "96bea0cb-9309-4eed-83c6-c73809af1647", "CandidateNo": 37, "FirstName": "ธนา", "LastName": "วงค์ไชยา", "PartyName": "ภูมิพลังเกษตรกรไทย", "PartyNumber": 197, "Title": "นาย", "Votable": true, "province_id": 46, "province_name": "กาฬสินธุ์", "zone_number": 3, "PartyTerminated": false, "Age": 55, "Occupation": "เกษตรกร", "HighestEducation": "ปริญญาโท", "ImageFileId": "5c5d7393fbcb5f0fd88811d9", "SelfIntroduceFileId": "5c5d74c4fbcb5f0fd8881474", "PartyLogo": "https://storage.googleapis.com/candidate-thumbs/party/197.png", "CandididatePhoto": "https://storage.googleapis.com/candidate-thumbs/images/46-3-37.jpg"}, {"Unnamed: 0": 4109, "CandidateId": "63744c73-d273-4afd-a4f0-77c3ac33b432", "CandidateNo": 38, "FirstName": "บุญร่วม", "LastName": "บุตรพรม", "PartyName": "เพื่อชีวิตใหม่", "PartyNumber": 157, "Title": "นาย", "Votable": true, "province_id": 46, "province_name": "กาฬสินธุ์", "zone_number": 3, "PartyTerminated": false, "Age": 57, "Occupation": "รับจ้างทั่วไป,ค้าขาย", "HighestEducation": "ต่ำกว่าปริญญาตรี", "ImageFileId": "5c5d6ddcfbcb5f0fd887fd1b", "SelfIntroduceFileId": "5c5d6f4bfbcb5f0fd888042f", "PartyLogo": "https://storage.googleapis.com/candidate-thumbs/party/157.png", "CandididatePhoto": "https://storage.googleapis.com/candidate-thumbs/images/46-3-38.jpg"}, {"Unnamed: 0": 4110, "CandidateId": "5c87d9a8-8710-4a5d-b358-799938096c7d", "CandidateNo": 39, "FirstName": "น้ำพุ", "LastName": "สารวัล", "PartyName": "ไทรักธรรม", "PartyNumber": 144, "Title": "นางสาว", "Votable": true, "province_id": 46, "province_name": "กาฬสินธุ์", "zone_number": 3, "PartyTerminated": false, "Age": 45, "Occupation": "ค้าขาข,ธุรกิจส่วนตัว", "HighestEducation": "ต่ำกว่าปริญญาตรี", "ImageFileId": "5c5d6ff6fbcb5f0fd88807e7", "SelfIntroduceFileId": "5c5d717dfbcb5f0fd8880d1f", "PartyLogo": "https://storage.googleapis.com/candidate-thumbs/party/144.png", "CandididatePhoto": "https://storage.googleapis.com/candidate-thumbs/images/46-3-39.jpg"}, {"Unnamed: 0": 4111, "CandidateId": "e9e0856c-f62a-4131-af22-b8a0a11bb269", "CandidateNo": 40, "FirstName": "ปริญญา", "LastName": "ทองเสน", "PartyName": "ความหวังใหม่", "PartyNumber": 13, "Title": "นาย", "Votable": true, "province_id": 46, "province_name": "กาฬสินธุ์", "zone_number": 3, "PartyTerminated": false, "Age": 63, "Occupation": "รับราชการครู", "HighestEducation": "ปริญญาโท", "ImageFileId": "5c5d750efbcb5f0fd888150e", "SelfIntroduceFileId": "5c5eafc5fbcb5f14489aa763", "PartyLogo": "https://storage.googleapis.com/candidate-thumbs/party/13.png", "CandididatePhoto": "https://storage.googleapis.com/candidate-thumbs/images/46-3-40.jpg"}]