[{"Unnamed: 0": 10438, "CandidateId": "ded40dba-25ce-4a39-b2ff-53a14ae3162f", "CandidateNo": 1, "FirstName": "ธัญญธำรง", "LastName": "อัศวนนท์", "PartyName": "ประชาชาติ", "PartyNumber": 187, "Title": "นาย", "Votable": true, "province_id": 10, "province_name": "กรุงเทพมหานคร", "zone_number": 7, "PartyTerminated": false, "Age": 41, "Occupation": "รับจ้าง", "HighestEducation": "ปริญญาเอก", "ImageFileId": "5c57b6c4fbcb5f1eec0d22d1", "SelfIntroduceFileId": "5c595070fbcb5f1d8817b374", "PartyLogo": "https://storage.googleapis.com/candidate-thumbs/party/187.png", "CandididatePhoto": "https://storage.googleapis.com/candidate-thumbs/images/10-7-1.jpg"}, {"Unnamed: 0": 10439, "CandidateId": "e782ca9f-5554-4b5a-9cb6-a43fe318b97b", "CandidateNo": 2, "FirstName": "พรมงคล", "LastName": "ศรีดี", "PartyName": "ประชาชนปฏิรูป", "PartyNumber": 176, "Title": "นาย", "Votable": true, "province_id": 10, "province_name": "กรุงเทพมหานคร", "zone_number": 7, "PartyTerminated": false, "Age": 63, "Occupation": "ทนายความ", "HighestEducation": "ปริญญาตรี", "ImageFileId": "5c59590efbcb5f1d88180638", "SelfIntroduceFileId": "5c595f55fbcb5f1d88181f30", "PartyLogo": "https://storage.googleapis.com/candidate-thumbs/party/176.png", "CandididatePhoto": "https://storage.googleapis.com/candidate-thumbs/images/10-7-2.jpg"}, {"Unnamed: 0": 10440, "CandidateId": "055a9bb7-bd2b-45e4-8198-fc6ddd9890a1", "CandidateNo": 3, "FirstName": "ปิยะชาติ", "LastName": "อำนวยเวช", "PartyName": "อนาคตใหม่", "PartyNumber": 177, "Title": "นาย", "Votable": true, "province_id": 10, "province_name": "กรุงเทพมหานคร", "zone_number": 7, "PartyTerminated": false, "Age": 62, "Occupation": "ประธานที่ปรึกษาสมัชชาชาวบ้านตาก จังหวัดตาก", "HighestEducation": "ปริญญาโท", "ImageFileId": "5c596481fbcb5f1d88182d70", "SelfIntroduceFileId": "5c5a7b78fbcb5f19bcaa3e1b", "PartyLogo": "https://storage.googleapis.com/candidate-thumbs/party/177.png", "CandididatePhoto": "https://storage.googleapis.com/candidate-thumbs/images/10-7-3.jpg"}, {"Unnamed: 0": 10441, "CandidateId": "decdbdfd-4e3e-405e-9105-361ab5227167", "CandidateNo": 4, "FirstName": "ธณิกานต์", "LastName": "พรพงษาโรจน์", "PartyName": "พลังประชารัฐ", "PartyNumber": 192, "Title": "นางสาว", "Votable": true, "province_id": 10, "province_name": "กรุงเทพมหานคร", "zone_number": 7, "PartyTerminated": false, "Age": 38, "Occupation": "ผู้บริหารระดับสูงองค์กรเอกชน", "HighestEducation": "ปริญญาโท", "ImageFileId": "5c5a7f1cfbcb5f19bcaa5dd2", "SelfIntroduceFileId": "5c5a8220fbcb5f19bcaa7616", "PartyLogo": "https://storage.googleapis.com/candidate-thumbs/party/192.png", "CandididatePhoto": "https://storage.googleapis.com/candidate-thumbs/images/10-7-4.jpg"}, {"Unnamed: 0": 10442, "CandidateId": "f505abb7-2475-471a-b08c-de788920f682", "CandidateNo": 5, "FirstName": "กัษณ", "LastName": "เข็มเพ็ชร", "PartyName": "ประชาภิวัฒน์", "PartyNumber": 172, "Title": "นาย", "Votable": true, "province_id": 10, "province_name": "กรุงเทพมหานคร", "zone_number": 7, "PartyTerminated": false, "Age": 54, "Occupation": "อิสระ", "HighestEducation": "ปริญญาตรี", "ImageFileId": "5c5a8711fbcb5f19bcaa9b49", "SelfIntroduceFileId": "5c5a89a4fbcb5f19bcaaacec", "PartyLogo": "https://storage.googleapis.com/candidate-thumbs/party/172.png", "CandididatePhoto": "https://storage.googleapis.com/candidate-thumbs/images/10-7-5.jpg"}, {"Unnamed: 0": 10443, "CandidateId": "873256a1-0e8d-4246-b2b8-dd5be6ea615d", "CandidateNo": 6, "FirstName": "วิโรจน์", "LastName": "จิตรอบอารีย์", "PartyName": "ชาติพัฒนา", "PartyNumber": 45, "Title": "นาย", "Votable": true, "province_id": 10, "province_name": "กรุงเทพมหานคร", "zone_number": 7, "PartyTerminated": false, "Age": 50, "Occupation": "เจ้าของกิจการ", "HighestEducation": "ปริญญาตรี", "ImageFileId": "5c5a95cdfbcb5f19bcab0638", "SelfIntroduceFileId": "5c5a9a20fbcb5f19bcab1fd5", "PartyLogo": "https://storage.googleapis.com/candidate-thumbs/party/45.png", "CandididatePhoto": "https://storage.googleapis.com/candidate-thumbs/images/10-7-6.jpg"}, {"Unnamed: 0": 10444, "CandidateId": "a305cde8-8487-48a5-af05-d8df54356acf", "CandidateNo": 7, "FirstName": "วรินทร", "LastName": "สิรรมย์", "PartyName": "เสรีรวมไทย", "PartyNumber": 145, "Title": "นาย", "Votable": true, "province_id": 10, "province_name": "กรุงเทพมหานคร", "zone_number": 7, "PartyTerminated": false, "Age": 39, "Occupation": "คณะทำงานที่ปรึกษาหัวหน้าภาค กทม. พรรคเสรีรวมไทย", "HighestEducation": "ต่ำกว่าปริญญาตรี", "ImageFileId": "5c5a9f55fbcb5f19bcab45cd", "SelfIntroduceFileId": "5c5aa3effbcb5f19bcab647b", "PartyLogo": "https://storage.googleapis.com/candidate-thumbs/party/145.png", "CandididatePhoto": "https://storage.googleapis.com/candidate-thumbs/images/10-7-7.jpg"}, {"Unnamed: 0": 10445, "CandidateId": "79a2010c-1e35-4664-a987-ad4bd9cb9b0f", "CandidateNo": 8, "FirstName": "ปฐมพร", "LastName": "ทิมเพชร", "PartyName": "ชาติไทยพัฒนา", "PartyNumber": 55, "Title": "นาย", "Votable": true, "province_id": 10, "province_name": "กรุงเทพมหานคร", "zone_number": 7, "PartyTerminated": false, "Age": 63, "Occupation": "รับราชการ", "HighestEducation": "ต่ำกว่าปริญญาตรี", "ImageFileId": "5c5aa8e4fbcb5f19bcab7774", "SelfIntroduceFileId": "5c5aac7efbcb5f19bcab8192", "PartyLogo": "https://storage.googleapis.com/candidate-thumbs/party/55.png", "CandididatePhoto": "https://storage.googleapis.com/candidate-thumbs/images/10-7-8.jpg"}, {"Unnamed: 0": 10446, "CandidateId": "f45e80d6-7372-42cd-a9ec-12e8ef2b7f27", "CandidateNo": 9, "FirstName": "กฤษยากร", "LastName": "สรชัย", "PartyName": "ไทยศรีวิไลย์", "PartyNumber": 180, "Title": "นางสาว", "Votable": true, "province_id": 10, "province_name": "กรุงเทพมหานคร", "zone_number": 7, "PartyTerminated": false, "Age": 26, "Occupation": "พนักงานบริษัทเอกชน", "HighestEducation": "ปริญญาตรี", "ImageFileId": "5c5aaeaffbcb5f19bcab8914", "SelfIntroduceFileId": "5c5ab060fbcb5f19bcab8ca4", "PartyLogo": "https://storage.googleapis.com/candidate-thumbs/party/180.png", "CandididatePhoto": "https://storage.googleapis.com/candidate-thumbs/images/10-7-9.jpg"}, {"Unnamed: 0": 10447, "CandidateId": "c13999bc-58e5-45c4-bd21-2fdc0d666f52", "CandidateNo": 10, "FirstName": "สมชาติ", "LastName": "อ่อนประดิษฐ์", "PartyName": "เพื่อแผ่นดิน", "PartyNumber": 41, "Title": "นาย", "Votable": true, "province_id": 10, "province_name": "กรุงเทพมหานคร", "zone_number": 7, "PartyTerminated": false, "Age": 51, "Occupation": "รับราชการ", "HighestEducation": "ปริญญาเอก", "ImageFileId": "5c5ab1ecfbcb5f19bcab916a", "SelfIntroduceFileId": "5c5ab3c4fbcb5f19bcab93d5", "PartyLogo": "https://storage.googleapis.com/candidate-thumbs/party/41.png", "CandididatePhoto": "https://storage.googleapis.com/candidate-thumbs/images/10-7-10.jpg"}, {"Unnamed: 0": 10448, "CandidateId": "91a90064-2604-42c8-ac5e-a24350103997", "CandidateNo": 11, "FirstName": "กันตพล", "LastName": "กิตติธากรณ์", "PartyName": "รวมพลังประชาชาติไทย", "PartyNumber": 181, "Title": "นาย", "Votable": true, "province_id": 10, "province_name": "กรุงเทพมหานคร", "zone_number": 7, "PartyTerminated": false, "Age": 25, "Occupation": "นักศึกษา", "HighestEducation": "ปริญญาตรี", "ImageFileId": "5c5ab820fbcb5f19bcab9713", "SelfIntroduceFileId": "5c5ab9f2fbcb5f19bcab9b6c", "PartyLogo": "https://storage.googleapis.com/candidate-thumbs/party/181.png", "CandididatePhoto": "https://storage.googleapis.com/candidate-thumbs/images/10-7-11.jpg"}, {"Unnamed: 0": 10449, "CandidateId": "b690867e-7f91-4d25-a828-1d3330fdd0c9", "CandidateNo": 12, "FirstName": "พิมพ์อร", "LastName": "คงอุดม", "PartyName": "พลังท้องถิ่นไท", "PartyNumber": 124, "Title": "นาง", "Votable": true, "province_id": 10, "province_name": "กรุงเทพมหานคร", "zone_number": 7, "PartyTerminated": false, "Age": 40, "Occupation": "พนักงานรัฐวิสาหกิจ", "HighestEducation": "ปริญญาโท", "ImageFileId": "5c5be768fbcb5f16fc6779a8", "SelfIntroduceFileId": "5c5d0ea9fbcb5f0fd884ebb5", "PartyLogo": "https://storage.googleapis.com/candidate-thumbs/party/124.png", "CandididatePhoto": "https://storage.googleapis.com/candidate-thumbs/images/10-7-12.jpg"}, {"Unnamed: 0": 10450, "CandidateId": "0640568f-3ba7-434d-899e-79f99d358abe", "CandidateNo": 13, "FirstName": "โพยมราษี", "LastName": "ฤกษ์สำราญ", "PartyName": "เพื่อชาติ", "PartyNumber": 149, "Title": "นางสาว", "Votable": true, "province_id": 10, "province_name": "กรุงเทพมหานคร", "zone_number": 7, "PartyTerminated": false, "Age": 44, "Occupation": "พนักงานบริษัท", "HighestEducation": "ปริญญาเอก", "ImageFileId": "5c5bfd17fbcb5f16fc68169a", "SelfIntroduceFileId": "5c5bfe78fbcb5f16fc681db7", "PartyLogo": "https://storage.googleapis.com/candidate-thumbs/party/149.png", "CandididatePhoto": "https://storage.googleapis.com/candidate-thumbs/images/10-7-13.jpg"}, {"Unnamed: 0": 10451, "CandidateId": "39ae3685-0619-4f77-9d49-47786da12853", "CandidateNo": 14, "FirstName": "อัครนันท์", "LastName": "อริยศรีพงษ์", "PartyName": "ภูมิใจไทย", "PartyNumber": 63, "Title": "นาย", "Votable": true, "province_id": 10, "province_name": "กรุงเทพมหานคร", "zone_number": 7, "PartyTerminated": false, "Age": 50, "Occupation": "ประกอบธุรกิจส่วนตัว", "HighestEducation": "ปริญญาเอก", "ImageFileId": "5c62998ffbcb5f2ba43bf326", "SelfIntroduceFileId": "5c5c14b9fbcb5f16fc684707", "PartyLogo": "https://storage.googleapis.com/candidate-thumbs/party/63.png", "CandididatePhoto": "https://storage.googleapis.com/candidate-thumbs/images/10-7-14.jpg"}, {"Unnamed: 0": 10452, "CandidateId": "010158f9-1c3b-48aa-baef-bf278ba4cd8a", "CandidateNo": 15, "FirstName": "คณวัฒน์", "LastName": "จันทรลาวัณย์", "PartyName": "ประชาธิปัตย์", "PartyNumber": 1, "Title": "นาย", "Votable": true, "province_id": 10, "province_name": "กรุงเทพมหานคร", "zone_number": 7, "PartyTerminated": false, "Age": 29, "Occupation": "แพทย์", "HighestEducation": "ปริญญาตรี", "ImageFileId": "5c5cdcf2fbcb5f16fc688d5f", "SelfIntroduceFileId": "5c5ce070fbcb5f16fc689935", "PartyLogo": "https://storage.googleapis.com/candidate-thumbs/party/1.png", "CandididatePhoto": "https://storage.googleapis.com/candidate-thumbs/images/10-7-15.jpg"}, {"Unnamed: 0": 10453, "CandidateId": "231de288-de2f-4647-bbab-51e394bb0ad9", "CandidateNo": 16, "FirstName": "พงษ์รุจี", "LastName": "ศิริวัฒนะ", "PartyName": "รักษ์ผืนป่าประเทศไทย", "PartyNumber": 133, "Title": "พลโทหญิง", "Votable": true, "province_id": 10, "province_name": "กรุงเทพมหานคร", "zone_number": 7, "PartyTerminated": false, "Age": 70, "Occupation": "ข้าราชการบำนาญ", "HighestEducation": "ปริญญาตรี", "ImageFileId": "5c5ce652fbcb5f16fc68b559", "SelfIntroduceFileId": "5c5cea5ffbcb5f16fc68ca94", "PartyLogo": "https://storage.googleapis.com/candidate-thumbs/party/133.png", "CandididatePhoto": "https://storage.googleapis.com/candidate-thumbs/images/10-7-16.jpg"}, {"Unnamed: 0": 10454, "CandidateId": "4cf5f8da-857d-479f-8bf2-c9886bef49dc", "CandidateNo": 17, "FirstName": "วัฒนรักษ์", "LastName": "สุรนาทยุทธ์", "PartyName": "เพื่อไทย", "PartyNumber": 34, "Title": "ร.ต.อ.", "Votable": true, "province_id": 10, "province_name": "กรุงเทพมหานคร", "zone_number": 7, "PartyTerminated": false, "Age": 37, "Occupation": "นักการเมือง", "HighestEducation": "ปริญญาโท", "ImageFileId": "5c5cec4cfbcb5f16fc68d683", "SelfIntroduceFileId": "5c5cee1ffbcb5f16fc68e103", "PartyLogo": "https://storage.googleapis.com/candidate-thumbs/party/34.png", "CandididatePhoto": "https://storage.googleapis.com/candidate-thumbs/images/10-7-17.jpg"}, {"Unnamed: 0": 10455, "CandidateId": "bfcb1ab6-8927-4937-93e0-82b4bf06e727", "CandidateNo": 18, "FirstName": "พีรยุทธ", "LastName": "อินทรสุวรรณ", "PartyName": "ประชานิยม", "PartyNumber": 191, "Title": "นาย", "Votable": true, "province_id": 10, "province_name": "กรุงเทพมหานคร", "zone_number": 7, "PartyTerminated": false, "Age": 31, "Occupation": "พนักงานเอกชน", "HighestEducation": "ปริญญาโท", "ImageFileId": "5c5cf4b7fbcb5f16fc690d09", "SelfIntroduceFileId": "5c5cf6d6fbcb5f0fd8843a01", "PartyLogo": "https://storage.googleapis.com/candidate-thumbs/party/191.png", "CandididatePhoto": "https://storage.googleapis.com/candidate-thumbs/images/10-7-18.jpg"}, {"Unnamed: 0": 10456, "CandidateId": "8261c6d6-fbe1-4418-ab03-435b4f40e692", "CandidateNo": 19, "FirstName": "สันติ", "LastName": "โอเงิน", "PartyName": "พลังศรัทธา", "PartyNumber": 201, "Title": "พันเอก", "Votable": true, "province_id": 10, "province_name": "กรุงเทพมหานคร", "zone_number": 7, "PartyTerminated": false, "Age": 67, "Occupation": "ที่ปรึกษาและวิศกรออกแบบก่อสร้าง", "HighestEducation": "ปริญญาตรี", "ImageFileId": "5c5cf961fbcb5f0fd88449f5", "SelfIntroduceFileId": "5c5cfb23fbcb5f0fd8845910", "PartyLogo": "https://storage.googleapis.com/candidate-thumbs/party/201.png", "CandididatePhoto": "https://storage.googleapis.com/candidate-thumbs/images/10-7-19.jpg"}, {"Unnamed: 0": 10457, "CandidateId": "8863099f-781b-41f7-a7e8-a4894e18a1ca", "CandidateNo": 20, "FirstName": "อริยะ", "LastName": "ฮุยลัน", "PartyName": "พลังปวงชนไทย", "PartyNumber": 184, "Title": "นาย", "Votable": true, "province_id": 10, "province_name": "กรุงเทพมหานคร", "zone_number": 7, "PartyTerminated": false, "Age": 44, "Occupation": "ธุรกิจส่วนตัว", "HighestEducation": "ปริญญาตรี", "ImageFileId": "5c5d0160fbcb5f0fd8848db9", "SelfIntroduceFileId": "5c65411afbcb5f1b4c4ce507", "PartyLogo": "https://storage.googleapis.com/candidate-thumbs/party/184.png", "CandididatePhoto": "https://storage.googleapis.com/candidate-thumbs/images/10-7-20.jpg"}, {"Unnamed: 0": 10458, "CandidateId": "46e705dd-dac6-4c52-80ba-64ba909ea087", "CandidateNo": 21, "FirstName": "ศจีกาญจน์", "LastName": "สรรพช่าง", "PartyName": "ภราดรภาพ", "PartyNumber": 154, "Title": "นางสาว", "Votable": true, "province_id": 10, "province_name": "กรุงเทพมหานคร", "zone_number": 7, "PartyTerminated": false, "Age": 36, "Occupation": "เลขานุการประธาน บริษัท ไทยเฮลท์ จำกัด", "HighestEducation": "ปริญญาตรี", "ImageFileId": "5c5a894efbcb5f19bcaaa90f", "SelfIntroduceFileId": "5c5d0e0ffbcb5f0fd884e667", "PartyLogo": "https://storage.googleapis.com/candidate-thumbs/party/154.png", "CandididatePhoto": "https://storage.googleapis.com/candidate-thumbs/images/10-7-21.jpg"}, {"Unnamed: 0": 10459, "CandidateId": "b3153e70-475f-49ce-b7bf-1cbf0787aaa1", "CandidateNo": 22, "FirstName": "ณัทพสิษฐ์", "LastName": "ประสานวงศ์", "PartyName": "เศรษฐกิจใหม่", "PartyNumber": 193, "Title": "นาย", "Votable": true, "province_id": 10, "province_name": "กรุงเทพมหานคร", "zone_number": 7, "PartyTerminated": false, "Age": 45, "Occupation": "รับจ้าง", "HighestEducation": "ปริญญาตรี", "ImageFileId": "5c5d12fffbcb5f0fd884fa2a", "SelfIntroduceFileId": "5c5d157efbcb5f0fd88503d3", "PartyLogo": "https://storage.googleapis.com/candidate-thumbs/party/193.png", "CandididatePhoto": "https://storage.googleapis.com/candidate-thumbs/images/10-7-22.jpg"}, {"Unnamed: 0": 10460, "CandidateId": "4c157c58-95ac-4a6b-ad60-38202349cbd6", "CandidateNo": 23, "FirstName": "กิติพันธ์", "LastName": "นันทะสีวะลี", "PartyName": "ครูไทยเพื่อประชาชน", "PartyNumber": 118, "Title": "นาย", "Votable": true, "province_id": 10, "province_name": "กรุงเทพมหานคร", "zone_number": 7, "PartyTerminated": false, "Age": 62, "Occupation": "พ่อบ้าน", "HighestEducation": "ต่ำกว่าปริญญาตรี", "ImageFileId": "5c5d1d9afbcb5f0fd8852c0d", "SelfIntroduceFileId": "5c5d2236fbcb5f0fd8855327", "PartyLogo": "https://storage.googleapis.com/candidate-thumbs/party/118.png", "CandididatePhoto": "https://storage.googleapis.com/candidate-thumbs/images/10-7-23.jpg"}, {"Unnamed: 0": 10461, "CandidateId": "d2b5e7df-5b77-43db-804f-997e61c02dfe", "CandidateNo": 24, "FirstName": "วโรภาส", "LastName": "แสงเพชร", "PartyName": "พลังชาติไทย", "PartyNumber": 186, "Title": "นาย", "Votable": true, "province_id": 10, "province_name": "กรุงเทพมหานคร", "zone_number": 7, "PartyTerminated": false, "Age": 39, "Occupation": "ผู้บริหารศูนย์ บมจ. ไทยประกันชีวิต สาขาอโศก", "HighestEducation": "ปริญญาโท", "ImageFileId": "5c5d2ad2fbcb5f0fd8859684", "SelfIntroduceFileId": "5c5d2ca3fbcb5f0fd885a366", "PartyLogo": "https://storage.googleapis.com/candidate-thumbs/party/186.png", "CandididatePhoto": "https://storage.googleapis.com/candidate-thumbs/images/10-7-24.jpg"}, {"Unnamed: 0": 10462, "CandidateId": "59c8f05b-8e83-447d-9045-b24eb40c22a5", "CandidateNo": 25, "FirstName": "รัฐโรจน์", "LastName": "ประสิทธิ์พรกุล", "PartyName": "มติประชา", "PartyNumber": 171, "Title": "นาย", "Votable": true, "province_id": 10, "province_name": "กรุงเทพมหานคร", "zone_number": 7, "PartyTerminated": false, "Age": 43, "Occupation": "รับจ้าง", "HighestEducation": "ปริญญาตรี", "ImageFileId": "5c5d2e8cfbcb5f0fd885b6b0", "SelfIntroduceFileId": "5c5d2ffffbcb5f0fd885c205", "PartyLogo": "https://storage.googleapis.com/candidate-thumbs/party/171.png", "CandididatePhoto": "https://storage.googleapis.com/candidate-thumbs/images/10-7-25.jpg"}, {"Unnamed: 0": 10463, "CandidateId": "1724c783-6d35-4302-bcc0-3135504c19e9", "CandidateNo": 26, "FirstName": "วิสุทธิ์", "LastName": "โพธิ์ศรี", "PartyName": "แผ่นดินธรรม", "PartyNumber": 188, "Title": "นาย", "Votable": true, "province_id": 10, "province_name": "กรุงเทพมหานคร", "zone_number": 7, "PartyTerminated": false, "Age": 61, "Occupation": "พนักงานรัฐวิสาหกิจ (ก.ฟ.น.)", "HighestEducation": "ปริญญาโท", "ImageFileId": "5c5d3324fbcb5f0fd885dc1c", "SelfIntroduceFileId": "5c5d34e7fbcb5f0fd885e952", "PartyLogo": "https://storage.googleapis.com/candidate-thumbs/party/188.png", "CandididatePhoto": "https://storage.googleapis.com/candidate-thumbs/images/10-7-26.jpg"}, {"Unnamed: 0": 10464, "CandidateId": "883903f9-c718-480d-8f2c-e8a8008b04ee", "CandidateNo": 27, "FirstName": "นิธิศ", "LastName": "ศรีแย้ม", "PartyName": "กลาง", "PartyNumber": 203, "Title": "นาย", "Votable": true, "province_id": 10, "province_name": "กรุงเทพมหานคร", "zone_number": 7, "PartyTerminated": false, "Age": 44, "Occupation": "ประกอบกิจการส่วนตัว", "HighestEducation": "ปริญญาตรี", "ImageFileId": "5c5d4addfbcb5f0fd886c5fd", "SelfIntroduceFileId": "5c5d4c44fbcb5f0fd886d699", "PartyLogo": "https://storage.googleapis.com/candidate-thumbs/party/203.png", "CandididatePhoto": "https://storage.googleapis.com/candidate-thumbs/images/10-7-27.jpg"}, {"Unnamed: 0": 10465, "CandidateId": "77278897-f1df-48e2-bed1-5d07ab3d788d", "CandidateNo": 28, "FirstName": "อิทธิพล", "LastName": "ตัตวธร", "PartyName": "ประชาธรรมไทย", "PartyNumber": 190, "Title": "นาย", "Votable": true, "province_id": 10, "province_name": "กรุงเทพมหานคร", "zone_number": 7, "PartyTerminated": false, "Age": 50, "Occupation": "วิทยากรฝึกอาชีพ วิชาคอมพิวเตอร์", "HighestEducation": "ปริญญาตรี", "ImageFileId": "5c5d3bf7fbcb5f0fd8862475", "SelfIntroduceFileId": "5c5d3e13fbcb5f0fd88638f8", "PartyLogo": "https://storage.googleapis.com/candidate-thumbs/party/190.png", "CandididatePhoto": "https://storage.googleapis.com/candidate-thumbs/images/10-7-28.jpg"}, {"Unnamed: 0": 10466, "CandidateId": "5519533c-f77d-4ad2-a782-b3afbb9f1af7", "CandidateNo": 29, "FirstName": "เสน่ห์", "LastName": "ชัยทร", "PartyName": "ประชากรไทย", "PartyNumber": 2, "Title": "ร้อยตำรวจตรี", "Votable": true, "province_id": 10, "province_name": "กรุงเทพมหานคร", "zone_number": 7, "PartyTerminated": false, "Age": 71, "Occupation": "ข้าราชการบำนาญ", "HighestEducation": "ปริญญาตรี", "ImageFileId": "5c5d4165fbcb5f0fd8865e9c", "SelfIntroduceFileId": "5c5d47c7fbcb5f0fd8869f31", "PartyLogo": "https://storage.googleapis.com/candidate-thumbs/party/2.png", "CandididatePhoto": "https://storage.googleapis.com/candidate-thumbs/images/10-7-29.jpg"}, {"Unnamed: 0": 10467, "CandidateId": "d2f8ef4f-9704-4b98-98eb-b11909be6085", "CandidateNo": 30, "FirstName": "สันต์สุข", "LastName": "ไตรเพทพิสัย", "PartyName": "มหาชน", "PartyNumber": 4, "Title": "นาย", "Votable": true, "province_id": 10, "province_name": "กรุงเทพมหานคร", "zone_number": 7, "PartyTerminated": false, "Age": 53, "Occupation": "ธุรกิจส่วนตัว", "HighestEducation": "ปริญญาโท", "ImageFileId": "5c5d4f42fbcb5f0fd886f40d", "SelfIntroduceFileId": "5c5d50f5fbcb5f0fd887060d", "PartyLogo": "https://storage.googleapis.com/candidate-thumbs/party/4.png", "CandididatePhoto": "https://storage.googleapis.com/candidate-thumbs/images/10-7-30.jpg"}, {"Unnamed: 0": 10468, "CandidateId": "3d49e7f6-995e-4e96-b303-c4e0c5d0716d", "CandidateNo": 31, "FirstName": "กิตติพศ", "LastName": "กากาเคน", "PartyName": "ไทรักธรรม", "PartyNumber": 144, "Title": "นาย", "Votable": true, "province_id": 10, "province_name": "กรุงเทพมหานคร", "zone_number": 7, "PartyTerminated": false, "Age": 41, "Occupation": "ธุรกิจส่วนตัว", "HighestEducation": "ต่ำกว่าปริญญาตรี", "ImageFileId": "5c5d592dfbcb5f0fd8876ed3", "SelfIntroduceFileId": "5c5d56d8fbcb5f0fd887514f", "PartyLogo": "https://storage.googleapis.com/candidate-thumbs/party/144.png", "CandididatePhoto": "https://storage.googleapis.com/candidate-thumbs/images/10-7-31.jpg"}]