[{"Unnamed: 0": 3945, "CandidateId": "a2392423-d1bd-4614-bcaf-f06d7c8963ab", "CandidateNo": 1, "FirstName": "สุมัทธนา", "LastName": "สังข์เงิน", "PartyName": "ชาติพัฒนา", "PartyNumber": 45, "Title": "นาง", "Votable": true, "province_id": 71, "province_name": "กาญจนบุรี", "zone_number": 4, "PartyTerminated": false, "Age": 38, "Occupation": "ธุรกิจส่วนตัว", "HighestEducation": "ปริญญาตรี", "ImageFileId": "5c57a6adfbcb5f1eec0cea47", "SelfIntroduceFileId": "5c57b135fbcb5f1eec0d071a", "PartyLogo": "https://storage.googleapis.com/candidate-thumbs/party/45.png", "CandididatePhoto": "https://storage.googleapis.com/candidate-thumbs/images/71-4-1.jpg"}, {"Unnamed: 0": 3946, "CandidateId": "0ca221cd-a43f-4b1a-8cdb-9cb7a6199f77", "CandidateNo": 2, "FirstName": "เฉลิมชัย", "LastName": "ปัณฑะโชติ", "PartyName": "เสรีรวมไทย", "PartyNumber": 145, "Title": "นาย", "Votable": true, "province_id": 71, "province_name": "กาญจนบุรี", "zone_number": 4, "PartyTerminated": false, "Age": 66, "Occupation": "รับราชการ", "HighestEducation": "ปริญญาโท", "ImageFileId": "5c57b3c3fbcb5f1eec0d1323", "SelfIntroduceFileId": "5c57b8f6fbcb5f1eec0d3034", "PartyLogo": "https://storage.googleapis.com/candidate-thumbs/party/145.png", "CandididatePhoto": "https://storage.googleapis.com/candidate-thumbs/images/71-4-2.jpg"}, {"Unnamed: 0": 3947, "CandidateId": "b0944fd9-f5ab-4de1-a440-0b05c1dd4f68", "CandidateNo": 3, "FirstName": "ทำนุ", "LastName": "โพธิ์งาม", "PartyName": "ประชาธิปัตย์", "PartyNumber": 1, "Title": "พลโท", "Votable": true, "province_id": 71, "province_name": "กาญจนบุรี", "zone_number": 4, "PartyTerminated": false, "Age": 58, "Occupation": "รับราชการ", "HighestEducation": "ปริญญาตรี", "ImageFileId": "5c57c105fbcb5f1eec0d6d38", "SelfIntroduceFileId": "5c57be62fbcb5f1eec0d58d8", "PartyLogo": "https://storage.googleapis.com/candidate-thumbs/party/1.png", "CandididatePhoto": "https://storage.googleapis.com/candidate-thumbs/images/71-4-3.jpg"}, {"Unnamed: 0": 3948, "CandidateId": "214a1100-99ec-4427-8c53-54a1a946e78a", "CandidateNo": 4, "FirstName": "สุพัฒน์", "LastName": "บุญมาก", "PartyName": "พลังท้องถิ่นไท", "PartyNumber": 124, "Title": "นาย", "Votable": true, "province_id": 71, "province_name": "กาญจนบุรี", "zone_number": 4, "PartyTerminated": false, "Age": 54, "Occupation": "เกษตรกร", "HighestEducation": "ปริญญาตรี", "ImageFileId": "5c57c1e4fbcb5f1eec0d747c", "SelfIntroduceFileId": "5c57c494fbcb5f1eec0d8eb8", "PartyLogo": "https://storage.googleapis.com/candidate-thumbs/party/124.png", "CandididatePhoto": "https://storage.googleapis.com/candidate-thumbs/images/71-4-4.jpg"}, {"Unnamed: 0": 3949, "CandidateId": "5930347d-22a4-450f-a15f-2cf9d5d38f5a", "CandidateNo": 5, "FirstName": "บุญเกิด", "LastName": "อินสว่าง", "PartyName": "พลังปวงชนไทย", "PartyNumber": 184, "Title": "นาย", "Votable": true, "province_id": 71, "province_name": "กาญจนบุรี", "zone_number": 4, "PartyTerminated": false, "Age": 56, "Occupation": "สมาชิกเทศบาลตำบลหนองฝ้าย", "HighestEducation": "ต่ำกว่าปริญญาตรี", "ImageFileId": "5c57f5eafbcb5f1eec0ede43", "SelfIntroduceFileId": "5c590171fbcb5f1d8813d436", "PartyLogo": "https://storage.googleapis.com/candidate-thumbs/party/184.png", "CandididatePhoto": "https://storage.googleapis.com/candidate-thumbs/images/71-4-5.jpg"}, {"Unnamed: 0": 3950, "CandidateId": "53c9a855-9f0c-4642-8a61-07ddf60c8564", "CandidateNo": 6, "FirstName": "ธรรมวิชญ์", "LastName": "โพธิพิพิธ", "PartyName": "พลังประชารัฐ", "PartyNumber": 192, "Title": "นาย", "Votable": true, "province_id": 71, "province_name": "กาญจนบุรี", "zone_number": 4, "PartyTerminated": false, "Age": 49, "Occupation": "เกษตรกร", "HighestEducation": "ปริญญาโท", "ImageFileId": "5c57f7b7fbcb5f1eec0ef011", "SelfIntroduceFileId": "5c5904a0fbcb5f1d8813f926", "PartyLogo": "https://storage.googleapis.com/candidate-thumbs/party/192.png", "CandididatePhoto": "https://storage.googleapis.com/candidate-thumbs/images/71-4-6.jpg"}, {"Unnamed: 0": 3951, "CandidateId": "2703b481-c91e-4466-bfc9-d0fbbcea311a", "CandidateNo": 7, "FirstName": "สามารถ", "LastName": "คงอาจหาญ", "PartyName": "เพื่อชาติ", "PartyNumber": 149, "Title": "นาย", "Votable": true, "province_id": 71, "province_name": "กาญจนบุรี", "zone_number": 4, "PartyTerminated": false, "Age": 52, "Occupation": "ธุรกิจส่วนตัว", "HighestEducation": "ต่ำกว่าปริญญาตรี", "ImageFileId": "5c57f965fbcb5f1eec0efe87", "SelfIntroduceFileId": "5c5905eafbcb5f1d881409ce", "PartyLogo": "https://storage.googleapis.com/candidate-thumbs/party/149.png", "CandididatePhoto": "https://storage.googleapis.com/candidate-thumbs/images/71-4-7.jpg"}, {"Unnamed: 0": 3952, "CandidateId": "c03e3bdc-a475-484e-8486-25c82b521bbe", "CandidateNo": 8, "FirstName": "สันติชัย", "LastName": "จีระพัฒน์", "PartyName": "ไทยรักษาชาติ", "PartyNumber": 77, "Title": "นาย", "Votable": true, "province_id": 71, "province_name": "กาญจนบุรี", "zone_number": 4, "PartyTerminated": true, "Age": 57, "Occupation": "ทนายความ", "HighestEducation": "ปริญญาโท", "ImageFileId": "5c57fa64fbcb5f1eec0f0e87", "SelfIntroduceFileId": "5c59077ffbcb5f1d881420fc", "PartyLogo": "https://storage.googleapis.com/candidate-thumbs/party/77.png", "CandididatePhoto": "https://storage.googleapis.com/candidate-thumbs/images/71-4-8.jpg"}, {"Unnamed: 0": 3953, "CandidateId": "46488e00-cc1d-47fe-ab53-e920b18c44f8", "CandidateNo": 9, "FirstName": "พีรพัฒน์", "LastName": "เหลืองสำราญจิตต์", "PartyName": "รวมพลังประชาชาติไทย", "PartyNumber": 181, "Title": "นาย", "Votable": true, "province_id": 71, "province_name": "กาญจนบุรี", "zone_number": 4, "PartyTerminated": false, "Age": 36, "Occupation": "ธุรกิจส่วนตัว", "HighestEducation": "ปริญญาตรี", "ImageFileId": "5c57fb4ffbcb5f1eec0f1869", "SelfIntroduceFileId": "5c590a4dfbcb5f1d88144549", "PartyLogo": "https://storage.googleapis.com/candidate-thumbs/party/181.png", "CandididatePhoto": "https://storage.googleapis.com/candidate-thumbs/images/71-4-9.jpg"}, {"Unnamed: 0": 3954, "CandidateId": "f718d83c-548a-4bc2-a2cf-285188cd2090", "CandidateNo": 10, "FirstName": "ยศพัทธ์", "LastName": "เหลืองสดใส", "PartyName": "อนาคตใหม่", "PartyNumber": 177, "Title": "นาย", "Votable": true, "province_id": 71, "province_name": "กาญจนบุรี", "zone_number": 4, "PartyTerminated": false, "Age": 36, "Occupation": "ทนายความ/นักธุรกิจ", "HighestEducation": "ปริญญาโท", "ImageFileId": "5c57fc1cfbcb5f1eec0f2730", "SelfIntroduceFileId": "5c590c4bfbcb5f1d88146416", "PartyLogo": "https://storage.googleapis.com/candidate-thumbs/party/177.png", "CandididatePhoto": "https://storage.googleapis.com/candidate-thumbs/images/71-4-10.jpg"}, {"Unnamed: 0": 3955, "CandidateId": "8ba74cc2-b6b7-4670-b83d-cd22cccc4a56", "CandidateNo": 11, "FirstName": "อนุเทพ", "LastName": "ตระกูลอิ่มน้อย", "PartyName": "ภูมิใจไทย", "PartyNumber": 63, "Title": "นาย", "Votable": true, "province_id": 71, "province_name": "กาญจนบุรี", "zone_number": 4, "PartyTerminated": false, "Age": 51, "Occupation": "รับจ้าง", "HighestEducation": "ปริญญาโท", "ImageFileId": "5c57fd0efbcb5f1eec0f3411", "SelfIntroduceFileId": "5c590d92fbcb5f1d8814771a", "PartyLogo": "https://storage.googleapis.com/candidate-thumbs/party/63.png", "CandididatePhoto": "https://storage.googleapis.com/candidate-thumbs/images/71-4-11.jpg"}, {"Unnamed: 0": 3956, "CandidateId": "fe73f35a-cec2-4175-b1c7-b04a1b8bc91d", "CandidateNo": 12, "FirstName": "สุนทร", "LastName": "บุญวงษ์", "PartyName": "ประชาชาติ", "PartyNumber": 187, "Title": "นาย", "Votable": true, "province_id": 71, "province_name": "กาญจนบุรี", "zone_number": 4, "PartyTerminated": false, "Age": 30, "Occupation": "พนักงานบริษัทเอกชน", "HighestEducation": "ปริญญาตรี", "ImageFileId": "5c57fdfdfbcb5f1eec0f4243", "SelfIntroduceFileId": "5c590efffbcb5f1d88148801", "PartyLogo": "https://storage.googleapis.com/candidate-thumbs/party/187.png", "CandididatePhoto": "https://storage.googleapis.com/candidate-thumbs/images/71-4-12.jpg"}, {"Unnamed: 0": 3957, "CandidateId": "67045c68-1e80-4ecb-93cc-a86b78f6fb7c", "CandidateNo": 13, "FirstName": "ธวัชชัย", "LastName": "พิกุลแก้ว", "PartyName": "ประชาไทย", "PartyNumber": 205, "Title": "นาย", "Votable": true, "province_id": 71, "province_name": "กาญจนบุรี", "zone_number": 4, "PartyTerminated": false, "Age": 65, "Occupation": "รับราชการ", "HighestEducation": "ปริญญาเอก", "ImageFileId": "5c57ff6ffbcb5f1eec0f54a8", "SelfIntroduceFileId": "5c59129ffbcb5f1d8814bd5f", "PartyLogo": "https://storage.googleapis.com/candidate-thumbs/party/205.png", "CandididatePhoto": "https://storage.googleapis.com/candidate-thumbs/images/71-4-13.jpg"}, {"Unnamed: 0": 3958, "CandidateId": "933bab98-b840-486e-a2bd-b13a861eb332", "CandidateNo": 14, "FirstName": "ไพรัส", "LastName": "ศรีเริ่มสกุล", "PartyName": "รักษ์ผืนป่าประเทศไทย", "PartyNumber": 133, "Title": "นาย", "Votable": true, "province_id": 71, "province_name": "กาญจนบุรี", "zone_number": 4, "PartyTerminated": false, "Age": 57, "Occupation": "เกษตรกรรม", "HighestEducation": "ปริญญาตรี", "ImageFileId": "5c580057fbcb5f1eec0f5fda", "SelfIntroduceFileId": "5c5917e0fbcb5f1d8814f5dc", "PartyLogo": "https://storage.googleapis.com/candidate-thumbs/party/133.png", "CandididatePhoto": "https://storage.googleapis.com/candidate-thumbs/images/71-4-14.jpg"}, {"Unnamed: 0": 3959, "CandidateId": "53be08c1-3e6d-404d-948f-39ad0d928eea", "CandidateNo": 15, "FirstName": "มณีแสง", "LastName": "หลำพา", "PartyName": "ไทยศรีวิไลย์", "PartyNumber": 180, "Title": "นาง", "Votable": true, "province_id": 71, "province_name": "กาญจนบุรี", "zone_number": 4, "PartyTerminated": false, "Age": 46, "Occupation": "ค้าขาย", "HighestEducation": "ต่ำกว่าปริญญาตรี", "ImageFileId": "5c58017bfbcb5f1eec0f6fa2", "SelfIntroduceFileId": "5c591f63fbcb5f1d88152dff", "PartyLogo": "https://storage.googleapis.com/candidate-thumbs/party/180.png", "CandididatePhoto": "https://storage.googleapis.com/candidate-thumbs/images/71-4-15.jpg"}, {"Unnamed: 0": 3960, "CandidateId": "44b4f2ea-0c43-4cb3-99b3-6bc7bffe2839", "CandidateNo": 16, "FirstName": "อดิศักดิ์", "LastName": "สุวรรณรัฐ", "PartyName": "ประชานิยม", "PartyNumber": 191, "Title": "ร.ต.ต.", "Votable": true, "province_id": 71, "province_name": "กาญจนบุรี", "zone_number": 4, "PartyTerminated": false, "Age": 67, "Occupation": "ข้าราชการ", "HighestEducation": "ต่ำกว่าปริญญาตรี", "ImageFileId": "5c5802d9fbcb5f1eec0f85b6", "SelfIntroduceFileId": "5c5920fffbcb5f1d88153b29", "PartyLogo": "https://storage.googleapis.com/candidate-thumbs/party/191.png", "CandididatePhoto": "https://storage.googleapis.com/candidate-thumbs/images/71-4-16.jpg"}, {"Unnamed: 0": 3961, "CandidateId": "eca47d51-4deb-433c-90cb-183f7050f806", "CandidateNo": 17, "FirstName": "ภูษิต", "LastName": "เปียสวน", "PartyName": "ประชาภิวัฒน์", "PartyNumber": 172, "Title": "นาย", "Votable": true, "province_id": 71, "province_name": "กาญจนบุรี", "zone_number": 4, "PartyTerminated": false, "Age": 46, "Occupation": "ธุรกิจส่วนตัว", "HighestEducation": "ต่ำกว่าปริญญาตรี", "ImageFileId": "5c580501fbcb5f1eec0fa4f6", "SelfIntroduceFileId": "5c5925c2fbcb5f1d88156c56", "PartyLogo": "https://storage.googleapis.com/candidate-thumbs/party/172.png", "CandididatePhoto": "https://storage.googleapis.com/candidate-thumbs/images/71-4-17.jpg"}, {"Unnamed: 0": 3962, "CandidateId": "b1e8ede8-1840-4084-8fe3-89903d5cf08f", "CandidateNo": 18, "FirstName": "นพรัตน์", "LastName": "เผ่าวัฒน์ชัย", "PartyName": "พลังธรรมใหม่", "PartyNumber": 175, "Title": "นาย", "Votable": true, "province_id": 71, "province_name": "กาญจนบุรี", "zone_number": 4, "PartyTerminated": false, "Age": 62, "Occupation": "การเกษตร", "HighestEducation": "ต่ำกว่าปริญญาตรี", "ImageFileId": "5c5805d7fbcb5f1eec0fb139", "SelfIntroduceFileId": "5c592961fbcb5f1d88159824", "PartyLogo": "https://storage.googleapis.com/candidate-thumbs/party/175.png", "CandididatePhoto": "https://storage.googleapis.com/candidate-thumbs/images/71-4-18.jpg"}, {"Unnamed: 0": 3963, "CandidateId": "9ad9bb7c-b898-41a9-84d0-3bbf9bee7e0e", "CandidateNo": 19, "FirstName": "นิพนธ์", "LastName": "พูลสมบัติ", "PartyName": "ชาติไทยพัฒนา", "PartyNumber": 55, "Title": "นาย", "Votable": true, "province_id": 71, "province_name": "กาญจนบุรี", "zone_number": 4, "PartyTerminated": false, "Age": 56, "Occupation": "การเกษตร", "HighestEducation": "ต่ำกว่าปริญญาตรี", "ImageFileId": "5c580689fbcb5f1eec0fb98a", "SelfIntroduceFileId": "5c58081afbcb5f1eec0fcf66", "PartyLogo": "https://storage.googleapis.com/candidate-thumbs/party/55.png", "CandididatePhoto": "https://storage.googleapis.com/candidate-thumbs/images/71-4-19.jpg"}, {"Unnamed: 0": 3964, "CandidateId": "5a14b12e-d63f-4b83-8b48-f1db12b5957d", "CandidateNo": 20, "FirstName": "เช้ง", "LastName": "โคกคำ", "PartyName": "ไทยรุ่งเรือง", "PartyNumber": 194, "Title": "นาย", "Votable": true, "province_id": 71, "province_name": "กาญจนบุรี", "zone_number": 4, "PartyTerminated": false, "Age": 63, "Occupation": "การเกษตร", "HighestEducation": "ปริญญาตรี", "ImageFileId": "5c5aa1e6fbcb5f19bcab55bf", "SelfIntroduceFileId": "5c5808b1fbcb5f1eec0fd8ac", "PartyLogo": "https://storage.googleapis.com/candidate-thumbs/party/194.png", "CandididatePhoto": "https://storage.googleapis.com/candidate-thumbs/images/71-4-20.jpg"}, {"Unnamed: 0": 3965, "CandidateId": "51fd2e47-f62d-406f-8698-2e4fc7549d93", "CandidateNo": 21, "FirstName": "อมรเทพ", "LastName": "ใจหลัก", "PartyName": "ประชาธรรมไทย", "PartyNumber": 190, "Title": "นาย", "Votable": true, "province_id": 71, "province_name": "กาญจนบุรี", "zone_number": 4, "PartyTerminated": false, "Age": 26, "Occupation": "ธุรกิจส่วนตัว", "HighestEducation": "ต่ำกว่าปริญญาตรี", "ImageFileId": "5c58f67bfbcb5f1d88135c89", "SelfIntroduceFileId": "5c58f6eafbcb5f1d8813640c", "PartyLogo": "https://storage.googleapis.com/candidate-thumbs/party/190.png", "CandididatePhoto": "https://storage.googleapis.com/candidate-thumbs/images/71-4-21.jpg"}, {"Unnamed: 0": 3966, "CandidateId": "15ff8497-ac51-4d04-a43d-2106d955456f", "CandidateNo": 22, "FirstName": "สมคิด", "LastName": "พึ่งมนัส", "PartyName": "เศรษฐกิจใหม่", "PartyNumber": 193, "Title": "นาย", "Votable": true, "province_id": 71, "province_name": "กาญจนบุรี", "zone_number": 4, "PartyTerminated": false, "Age": 57, "Occupation": "ธุรกิจส่วนตัว", "HighestEducation": "ต่ำกว่าปริญญาตรี", "ImageFileId": "5c58fe4dfbcb5f1d8813ac78", "SelfIntroduceFileId": "5c592e0ffbcb5f1d8815e332", "PartyLogo": "https://storage.googleapis.com/candidate-thumbs/party/193.png", "CandididatePhoto": "https://storage.googleapis.com/candidate-thumbs/images/71-4-22.jpg"}, {"Unnamed: 0": 3967, "CandidateId": "d259a45b-d760-443c-b8fe-a1545b551ed4", "CandidateNo": 23, "FirstName": "ฉันท์กิจ", "LastName": "ภาคภูมิ", "PartyName": "พลังไทยรักชาติ", "PartyNumber": 155, "Title": "นาย", "Votable": true, "province_id": 71, "province_name": "กาญจนบุรี", "zone_number": 4, "PartyTerminated": false, "Age": 52, "Occupation": "เกษตรกร", "HighestEducation": "ต่ำกว่าปริญญาตรี", "ImageFileId": "5c591d29fbcb5f1d88151f3c", "SelfIntroduceFileId": "5c591dd0fbcb5f1d881523f4", "PartyLogo": "https://storage.googleapis.com/candidate-thumbs/party/155.png", "CandididatePhoto": "https://storage.googleapis.com/candidate-thumbs/images/71-4-23.jpg"}, {"Unnamed: 0": 3968, "CandidateId": "f24d0703-f0a8-4b1f-8201-11545999a356", "CandidateNo": 24, "FirstName": "ธนวัฒน์", "LastName": "ทองคำ", "PartyName": "ประชาชนปฏิรูป", "PartyNumber": 176, "Title": "นาย", "Votable": true, "province_id": 71, "province_name": "กาญจนบุรี", "zone_number": 4, "PartyTerminated": false, "Age": 57, "Occupation": "เกษตรกร", "HighestEducation": "ต่ำกว่าปริญญาตรี", "ImageFileId": "5c594fe1fbcb5f1d8817ad06", "SelfIntroduceFileId": "5c595086fbcb5f1d8817b519", "PartyLogo": "https://storage.googleapis.com/candidate-thumbs/party/176.png", "CandididatePhoto": "https://storage.googleapis.com/candidate-thumbs/images/71-4-24.jpg"}, {"Unnamed: 0": 3969, "CandidateId": "256bd62d-af90-4073-89d7-2124dfe4251f", "CandidateNo": 25, "FirstName": "ธรรมรงค์", "LastName": "ธัญทิพย์ไพศาล", "PartyName": "ภราดรภาพ", "PartyNumber": 154, "Title": "นาย", "Votable": true, "province_id": 71, "province_name": "กาญจนบุรี", "zone_number": 4, "PartyTerminated": false, "Age": 44, "Occupation": "ธุรกิจส่วนตัว", "HighestEducation": "ปริญญาโท", "ImageFileId": "5c5a75e8fbcb5f19bcaa1f9c", "SelfIntroduceFileId": "5c5a76acfbcb5f19bcaa24b0", "PartyLogo": "https://storage.googleapis.com/candidate-thumbs/party/154.png", "CandididatePhoto": "https://storage.googleapis.com/candidate-thumbs/images/71-4-25.jpg"}, {"Unnamed: 0": 3970, "CandidateId": "cd7c3c0e-1b1b-464c-8a97-169c3bd6fe38", "CandidateNo": 26, "FirstName": "ณัศญ์สยา", "LastName": "วิษณุกรโยธิน", "PartyName": "ครูไทยเพื่อประชาชน", "PartyNumber": 118, "Title": "นางสาว", "Votable": true, "province_id": 71, "province_name": "กาญจนบุรี", "zone_number": 4, "PartyTerminated": false, "Age": 53, "Occupation": "เกษตรกร", "HighestEducation": "ต่ำกว่าปริญญาตรี", "ImageFileId": "5c5baf76fbcb5f16fc65f4b2", "SelfIntroduceFileId": "5c5bb12dfbcb5f16fc6603fa", "PartyLogo": "https://storage.googleapis.com/candidate-thumbs/party/118.png", "CandididatePhoto": "https://storage.googleapis.com/candidate-thumbs/images/71-4-26.jpg"}, {"Unnamed: 0": 3971, "CandidateId": "ebf34e35-0a88-4897-a5be-9839127d76e8", "CandidateNo": 27, "FirstName": "คามิน", "LastName": "ปั้นแหน่งเพ็ชร", "PartyName": "เครือข่ายชาวนาแห่งประเทศไทย", "PartyNumber": 22, "Title": "นาย", "Votable": true, "province_id": 71, "province_name": "กาญจนบุรี", "zone_number": 4, "PartyTerminated": false, "Age": 63, "Occupation": "เกษตรกร", "HighestEducation": "ต่ำกว่าปริญญาตรี", "ImageFileId": "5c5bc9bafbcb5f16fc669155", "SelfIntroduceFileId": "5c5bcadafbcb5f16fc66994d", "PartyLogo": "https://storage.googleapis.com/candidate-thumbs/party/22.png", "CandididatePhoto": "https://storage.googleapis.com/candidate-thumbs/images/71-4-27.jpg"}, {"Unnamed: 0": 3972, "CandidateId": "83e09bdc-ada8-43e9-b70e-133a475dd1c4", "CandidateNo": 28, "FirstName": "นัทฏิมา", "LastName": "บ่อผล", "PartyName": "มหาชน", "PartyNumber": 4, "Title": "นางสาว", "Votable": true, "province_id": 71, "province_name": "กาญจนบุรี", "zone_number": 4, "PartyTerminated": false, "Age": 46, "Occupation": "ธุรกิจส่วนตัว", "HighestEducation": "ต่ำกว่าปริญญาตรี", "ImageFileId": "5c5bd530fbcb5f16fc66e219", "SelfIntroduceFileId": "5c5bd6cefbcb5f16fc66edfc", "PartyLogo": "https://storage.googleapis.com/candidate-thumbs/party/4.png", "CandididatePhoto": "https://storage.googleapis.com/candidate-thumbs/images/71-4-28.jpg"}, {"Unnamed: 0": 3973, "CandidateId": "1bd8ecf9-87cc-4efc-85d6-564a33187b76", "CandidateNo": 29, "FirstName": "สมคิด", "LastName": "เกตุคง", "PartyName": "พลังชาติไทย", "PartyNumber": 186, "Title": "นาย", "Votable": true, "province_id": 71, "province_name": "กาญจนบุรี", "zone_number": 4, "PartyTerminated": false, "Age": 38, "Occupation": "สมาชิกองค์การบริหารส่วนตำบลหนองปรือ", "HighestEducation": "ปริญญาโท", "ImageFileId": "5c5bff54fbcb5f16fc682026", "SelfIntroduceFileId": "5c5c0076fbcb5f16fc68254d", "PartyLogo": "https://storage.googleapis.com/candidate-thumbs/party/186.png", "CandididatePhoto": "https://storage.googleapis.com/candidate-thumbs/images/71-4-29.jpg"}, {"Unnamed: 0": 3974, "CandidateId": "7733e064-e53d-421f-b714-a88a3b7f09a9", "CandidateNo": 30, "FirstName": "ธวัชชัย", "LastName": "ชมภูวิเศษ", "PartyName": "ถิ่นกาขาวชาววิไล", "PartyNumber": 129, "Title": "นาย", "Votable": true, "province_id": 71, "province_name": "กาญจนบุรี", "zone_number": 4, "PartyTerminated": false, "Age": 60, "Occupation": "ธุรกิจส่วนตัว", "HighestEducation": "ต่ำกว่าปริญญาตรี", "ImageFileId": "5c5d4e4efbcb5f0fd886ea5b", "SelfIntroduceFileId": "5c5d4eeefbcb5f0fd886f08a", "PartyLogo": "https://storage.googleapis.com/candidate-thumbs/party/129.png", "CandididatePhoto": "https://storage.googleapis.com/candidate-thumbs/images/71-4-30.jpg"}, {"Unnamed: 0": 3975, "CandidateId": "a17ca79a-369f-4381-a265-f180a35a1ede", "CandidateNo": 31, "FirstName": "นาย", "LastName": "ชาติโย", "PartyName": "ไทรักธรรม", "PartyNumber": 144, "Title": "นาย", "Votable": true, "province_id": 71, "province_name": "กาญจนบุรี", "zone_number": 4, "PartyTerminated": false, "Age": 42, "Occupation": "ธุรกิจส่วนตัว", "HighestEducation": "ต่ำกว่าปริญญาตรี", "ImageFileId": "5c5d5167fbcb5f0fd8870a4b", "SelfIntroduceFileId": "5c5d5202fbcb5f0fd8870ee6", "PartyLogo": "https://storage.googleapis.com/candidate-thumbs/party/144.png", "CandididatePhoto": "https://storage.googleapis.com/candidate-thumbs/images/71-4-31.jpg"}]