[{"Unnamed: 0": 11001, "CandidateId": "37cbb05d-3879-48f3-912b-da1ee534f685", "CandidateNo": 1, "FirstName": "สมศักดิ์", "LastName": "ลีลาสถาพรกูร", "PartyName": "ภูมิใจไทย", "PartyNumber": 63, "Title": "นาย", "Votable": true, "province_id": 10, "province_name": "กรุงเทพมหานคร", "zone_number": 25, "PartyTerminated": false, "Age": 60, "Occupation": "นักธุรกิจ", "HighestEducation": "ปริญญาโท", "ImageFileId": "5c57a74ffbcb5f1eec0ceb31", "SelfIntroduceFileId": "5c5be2f5fbcb5f16fc675423", "PartyLogo": "https://storage.googleapis.com/candidate-thumbs/party/63.png", "CandididatePhoto": "https://storage.googleapis.com/candidate-thumbs/images/10-25-1.jpg"}, {"Unnamed: 0": 11002, "CandidateId": "75f59fe7-94b4-40c8-b252-2c7a89001b69", "CandidateNo": 2, "FirstName": "ณัฐชา", "LastName": "บุญไชยอินสวัสดิ์", "PartyName": "อนาคตใหม่", "PartyNumber": 177, "Title": "นาย", "Votable": true, "province_id": 10, "province_name": "กรุงเทพมหานคร", "zone_number": 25, "PartyTerminated": false, "Age": 28, "Occupation": "ธุรกิจส่วนตัว", "HighestEducation": "ต่ำกว่าปริญญาตรี", "ImageFileId": "5c57ad76fbcb5f1eec0cf8e9", "SelfIntroduceFileId": "5c5be5e5fbcb5f16fc6769df", "PartyLogo": "https://storage.googleapis.com/candidate-thumbs/party/177.png", "CandididatePhoto": "https://storage.googleapis.com/candidate-thumbs/images/10-25-2.jpg"}, {"Unnamed: 0": 11003, "CandidateId": "9058b685-1f55-4bab-9469-2c8f82060cb8", "CandidateNo": 3, "FirstName": "นิวัฒน์", "LastName": "ไชยมิ่ง", "PartyName": "เสรีรวมไทย", "PartyNumber": 145, "Title": "นาย", "Votable": true, "province_id": 10, "province_name": "กรุงเทพมหานคร", "zone_number": 25, "PartyTerminated": false, "Age": 66, "Occupation": "ข้าราชการบำนาญ", "HighestEducation": "ปริญญาโท", "ImageFileId": "5c57afc8fbcb5f1eec0d00d8", "SelfIntroduceFileId": "5c5be88cfbcb5f16fc67824d", "PartyLogo": "https://storage.googleapis.com/candidate-thumbs/party/145.png", "CandididatePhoto": "https://storage.googleapis.com/candidate-thumbs/images/10-25-3.jpg"}, {"Unnamed: 0": 11004, "CandidateId": "2218cc14-85bc-4a6d-989d-dd270145a3fb", "CandidateNo": 4, "FirstName": "ปิยะพัชร์", "LastName": "เนตรน้อยสกุล", "PartyName": "ชาติไทยพัฒนา", "PartyNumber": 55, "Title": "นางสาว", "Votable": true, "province_id": 10, "province_name": "กรุงเทพมหานคร", "zone_number": 25, "PartyTerminated": false, "Age": 50, "Occupation": "ธุรกิจส่วนตัว", "HighestEducation": "ปริญญาตรี", "ImageFileId": "5c57b06afbcb5f1eec0d02f1", "SelfIntroduceFileId": "5c5be9e5fbcb5f16fc678f8e", "PartyLogo": "https://storage.googleapis.com/candidate-thumbs/party/55.png", "CandididatePhoto": "https://storage.googleapis.com/candidate-thumbs/images/10-25-4.jpg"}, {"Unnamed: 0": 11005, "CandidateId": "e7cdf936-450e-49e6-8be2-283e7b50e15d", "CandidateNo": 5, "FirstName": "ธีทัชฐ์", "LastName": "เกียรติลดารมย์", "PartyName": "พลังประชารัฐ", "PartyNumber": 192, "Title": "นาย", "Votable": true, "province_id": 10, "province_name": "กรุงเทพมหานคร", "zone_number": 25, "PartyTerminated": false, "Age": 49, "Occupation": "นายสัตวแพทย์", "HighestEducation": "ปริญญาตรี", "ImageFileId": "5c57b0d4fbcb5f1eec0d0533", "SelfIntroduceFileId": "5c5ce161fbcb5f16fc689cfa", "PartyLogo": "https://storage.googleapis.com/candidate-thumbs/party/192.png", "CandididatePhoto": "https://storage.googleapis.com/candidate-thumbs/images/10-25-5.jpg"}, {"Unnamed: 0": 11006, "CandidateId": "1977a30f-5f7d-4f61-ab36-11760743ed4d", "CandidateNo": 6, "FirstName": "คมกร", "LastName": "เกียรติวิทยากุล", "PartyName": "รวมพลังประชาชาติไทย", "PartyNumber": 181, "Title": "นาย", "Votable": true, "province_id": 10, "province_name": "กรุงเทพมหานคร", "zone_number": 25, "PartyTerminated": false, "Age": 36, "Occupation": "พนักงานบริษัทเอกชน", "HighestEducation": "ปริญญาตรี", "ImageFileId": "5c57b14afbcb5f1eec0d0796", "SelfIntroduceFileId": "5c5ce29bfbcb5f16fc68a2e3", "PartyLogo": "https://storage.googleapis.com/candidate-thumbs/party/181.png", "CandididatePhoto": "https://storage.googleapis.com/candidate-thumbs/images/10-25-6.jpg"}, {"Unnamed: 0": 11007, "CandidateId": "f120c282-a08a-4832-b55f-cfca7007fbe8", "CandidateNo": 7, "FirstName": "สวัสดิ์", "LastName": "จำปาศรี", "PartyName": "พลังท้องถิ่นไท", "PartyNumber": 124, "Title": "นาย", "Votable": true, "province_id": 10, "province_name": "กรุงเทพมหานคร", "zone_number": 25, "PartyTerminated": false, "Age": 67, "Occupation": "รองผู้อำนวยการโรงพยาบาลบางปะกอก 8", "HighestEducation": "ปริญญาโท", "ImageFileId": "5c57b264fbcb5f1eec0d0cb2", "SelfIntroduceFileId": "5c5ce394fbcb5f16fc68a6f4", "PartyLogo": "https://storage.googleapis.com/candidate-thumbs/party/124.png", "CandididatePhoto": "https://storage.googleapis.com/candidate-thumbs/images/10-25-7.jpg"}, {"Unnamed: 0": 11008, "CandidateId": "9133388b-708b-43a4-871f-767071b29778", "CandidateNo": 8, "FirstName": "สากล", "LastName": "ม่วงศิริ", "PartyName": "ประชาธิปัตย์", "PartyNumber": 1, "Title": "นาย", "Votable": true, "province_id": 10, "province_name": "กรุงเทพมหานคร", "zone_number": 25, "PartyTerminated": false, "Age": 47, "Occupation": "นักการเมืิอง", "HighestEducation": "ปริญญาโท", "ImageFileId": "5c57b2f7fbcb5f1eec0d0f2d", "SelfIntroduceFileId": "5c59550efbcb5f1d8817ea37", "PartyLogo": "https://storage.googleapis.com/candidate-thumbs/party/1.png", "CandididatePhoto": "https://storage.googleapis.com/candidate-thumbs/images/10-25-8.jpg"}, {"Unnamed: 0": 11009, "CandidateId": "a6bf5599-0d47-4f0d-9e5e-b2f33aa7664b", "CandidateNo": 9, "FirstName": "ประเสริฐ", "LastName": "ทองลือ", "PartyName": "ประชาภิวัฒน์", "PartyNumber": 172, "Title": "นาย", "Votable": true, "province_id": 10, "province_name": "กรุงเทพมหานคร", "zone_number": 25, "PartyTerminated": false, "Age": 67, "Occupation": "พิธีกรรายการทีวี", "HighestEducation": "ต่ำกว่าปริญญาตรี", "ImageFileId": "5c57b3f9fbcb5f1eec0d13fb", "SelfIntroduceFileId": "5c593689fbcb5f1d8816582c", "PartyLogo": "https://storage.googleapis.com/candidate-thumbs/party/172.png", "CandididatePhoto": "https://storage.googleapis.com/candidate-thumbs/images/10-25-9.jpg"}, {"Unnamed: 0": 11010, "CandidateId": "55ae0a6c-3198-49ee-8ebb-c357b6316183", "CandidateNo": 10, "FirstName": "กมลพัฒน์", "LastName": "ปุงบางกะดี่", "PartyName": "ไทยรักษาชาติ", "PartyNumber": 77, "Title": "นางสาว", "Votable": true, "province_id": 10, "province_name": "กรุงเทพมหานคร", "zone_number": 25, "PartyTerminated": true, "Age": 40, "Occupation": "รับจ้าง", "HighestEducation": "ปริญญาโท", "ImageFileId": "5c57b583fbcb5f1eec0d1be6", "SelfIntroduceFileId": "5c5927b8fbcb5f1d881584c1", "PartyLogo": "https://storage.googleapis.com/candidate-thumbs/party/77.png", "CandididatePhoto": "https://storage.googleapis.com/candidate-thumbs/images/10-25-10.jpg"}, {"Unnamed: 0": 11011, "CandidateId": "ddef4216-5c5b-413a-a095-c146eb1dcd95", "CandidateNo": 11, "FirstName": "สุไพรพล", "LastName": "ช่วยชู", "PartyName": "เพื่อชาติ", "PartyNumber": 149, "Title": "นาย", "Votable": true, "province_id": 10, "province_name": "กรุงเทพมหานคร", "zone_number": 25, "PartyTerminated": false, "Age": 38, "Occupation": "ธุรกิจส่วนตัว", "HighestEducation": "ต่ำกว่าปริญญาตรี", "ImageFileId": "5c57b60dfbcb5f1eec0d1ec7", "SelfIntroduceFileId": "5c5918d9fbcb5f1d8814ff8c", "PartyLogo": "https://storage.googleapis.com/candidate-thumbs/party/149.png", "CandididatePhoto": "https://storage.googleapis.com/candidate-thumbs/images/10-25-11.jpg"}, {"Unnamed: 0": 11012, "CandidateId": "8540653f-e439-4b34-909a-fc7c69d08d05", "CandidateNo": 12, "FirstName": "ไพรัช", "LastName": "เศวกวงศ์", "PartyName": "ไทยศรีวิไลย์", "PartyNumber": 180, "Title": "นาย", "Votable": true, "province_id": 10, "province_name": "กรุงเทพมหานคร", "zone_number": 25, "PartyTerminated": false, "Age": 60, "Occupation": "รับจ้าง", "HighestEducation": "ต่ำกว่าปริญญาตรี", "ImageFileId": "5c57b6cafbcb5f1eec0d2326", "SelfIntroduceFileId": "5c590c9cfbcb5f1d881467b2", "PartyLogo": "https://storage.googleapis.com/candidate-thumbs/party/180.png", "CandididatePhoto": "https://storage.googleapis.com/candidate-thumbs/images/10-25-12.jpg"}, {"Unnamed: 0": 11013, "CandidateId": "13ceb4f8-f74a-4b8c-9ff6-b7d1543ae039", "CandidateNo": 13, "FirstName": "ศรายุทธ", "LastName": "สุขะวัลลิ", "PartyName": "ชาติพัฒนา", "PartyNumber": 45, "Title": "นาย", "Votable": true, "province_id": 10, "province_name": "กรุงเทพมหานคร", "zone_number": 25, "PartyTerminated": false, "Age": 44, "Occupation": "วิศวกร", "HighestEducation": "ปริญญาตรี", "ImageFileId": "5c57d2bbfbcb5f1eec0dd799", "SelfIntroduceFileId": "5c590b07fbcb5f1d881450f7", "PartyLogo": "https://storage.googleapis.com/candidate-thumbs/party/45.png", "CandididatePhoto": "https://storage.googleapis.com/candidate-thumbs/images/10-25-13.jpg"}, {"Unnamed: 0": 11014, "CandidateId": "9b588ad0-4824-4c7e-ae9e-a0ee50128fd6", "CandidateNo": 14, "FirstName": "รัตนพร", "LastName": "โอภาสพิมลธรรม", "PartyName": "รักษ์ผืนป่าประเทศไทย", "PartyNumber": 133, "Title": "นาง", "Votable": true, "province_id": 10, "province_name": "กรุงเทพมหานคร", "zone_number": 25, "PartyTerminated": false, "Age": 59, "Occupation": " ธุรกิจส่วนตัว", "HighestEducation": "ต่ำกว่าปริญญาตรี", "ImageFileId": "5c590217fbcb5f1d8813de79", "SelfIntroduceFileId": "5c5908bbfbcb5f1d88142eeb", "PartyLogo": "https://storage.googleapis.com/candidate-thumbs/party/133.png", "CandididatePhoto": "https://storage.googleapis.com/candidate-thumbs/images/10-25-14.jpg"}, {"Unnamed: 0": 11015, "CandidateId": "3881233e-2718-4922-80f5-0205683ac015", "CandidateNo": 15, "FirstName": "ธิติกรณ์", "LastName": "ชาวบ้านเกาะ", "PartyName": "ภราดรภาพ", "PartyNumber": 154, "Title": "นาย", "Votable": true, "province_id": 10, "province_name": "กรุงเทพมหานคร", "zone_number": 25, "PartyTerminated": false, "Age": 25, "Occupation": "ธุรกิจส่วนตัว", "HighestEducation": "ต่ำกว่าปริญญาตรี", "ImageFileId": "5c59019efbcb5f1d8813d6a9", "SelfIntroduceFileId": "5c590512fbcb5f1d8813ff84", "PartyLogo": "https://storage.googleapis.com/candidate-thumbs/party/154.png", "CandididatePhoto": "https://storage.googleapis.com/candidate-thumbs/images/10-25-15.jpg"}, {"Unnamed: 0": 11016, "CandidateId": "b882cee3-02b9-4229-8dfe-d7d9c26064d2", "CandidateNo": 16, "FirstName": "วริศรา", "LastName": "เกษมศรี", "PartyName": "ประชาชาติ", "PartyNumber": 187, "Title": "นางสาว", "Votable": true, "province_id": 10, "province_name": "กรุงเทพมหานคร", "zone_number": 25, "PartyTerminated": false, "Age": 39, "Occupation": "ผู้บริหารบริษัทที่ปรึกษาด้านการลงทุนในกลุ่มประเทศตลาดใหม่", "HighestEducation": "ปริญญาเอก", "ImageFileId": "5c5913e8fbcb5f1d8814ce63", "SelfIntroduceFileId": "5c59160afbcb5f1d8814e762", "PartyLogo": "https://storage.googleapis.com/candidate-thumbs/party/187.png", "CandididatePhoto": "https://storage.googleapis.com/candidate-thumbs/images/10-25-16.jpg"}, {"Unnamed: 0": 11017, "CandidateId": "4f4e0ba4-a812-4fa3-9085-2149ff288518", "CandidateNo": 17, "FirstName": "นิธิโชติ", "LastName": "มานะธัญญา", "PartyName": "ประชานิยม", "PartyNumber": 191, "Title": "นาย", "Votable": true, "province_id": 10, "province_name": "กรุงเทพมหานคร", "zone_number": 25, "PartyTerminated": false, "Age": 35, "Occupation": "พนักงานบริษัท", "HighestEducation": "ปริญญาตรี", "ImageFileId": "5c5948b5fbcb5f1d881754c8", "SelfIntroduceFileId": "5c5950a3fbcb5f1d8817b72b", "PartyLogo": "https://storage.googleapis.com/candidate-thumbs/party/191.png", "CandididatePhoto": "https://storage.googleapis.com/candidate-thumbs/images/10-25-17.jpg"}, {"Unnamed: 0": 11018, "CandidateId": "6c1667c0-3ee6-4ef5-9d55-e0bf4481ccfd", "CandidateNo": 18, "FirstName": "จันทร์จิรา", "LastName": "เกษมศรีนิวัฒนา", "PartyName": "กลาง", "PartyNumber": 203, "Title": "นางสาว", "Votable": true, "province_id": 10, "province_name": "กรุงเทพมหานคร", "zone_number": 25, "PartyTerminated": false, "Age": 68, "Occupation": "แม่บ้าน", "HighestEducation": "ต่ำกว่าปริญญาตรี", "ImageFileId": "5c594914fbcb5f1d881759b1", "SelfIntroduceFileId": "5c5951bafbcb5f1d8817c850", "PartyLogo": "https://storage.googleapis.com/candidate-thumbs/party/203.png", "CandididatePhoto": "https://storage.googleapis.com/candidate-thumbs/images/10-25-18.jpg"}, {"Unnamed: 0": 11019, "CandidateId": "754f230a-d83e-47b0-a950-64092bc1ca9f", "CandidateNo": 19, "FirstName": "ราตรี", "LastName": "สงยอด", "PartyName": "พลังปวงชนไทย", "PartyNumber": 184, "Title": "นาง", "Votable": true, "province_id": 10, "province_name": "กรุงเทพมหานคร", "zone_number": 25, "PartyTerminated": false, "Age": 46, "Occupation": "ธุรกิจส่วนตัว", "HighestEducation": "ต่ำกว่าปริญญาตรี", "ImageFileId": "5c5a66f1fbcb5f19bca9e4ea", "SelfIntroduceFileId": "5c5bb47cfbcb5f16fc662162", "PartyLogo": "https://storage.googleapis.com/candidate-thumbs/party/184.png", "CandididatePhoto": "https://storage.googleapis.com/candidate-thumbs/images/10-25-19.jpg"}, {"Unnamed: 0": 11020, "CandidateId": "4e64621e-4f82-4f94-aa5b-b510fb29c1d1", "CandidateNo": 20, "FirstName": "นารัตน์", "LastName": "วงวาลย์", "PartyName": "เศรษฐกิจใหม่", "PartyNumber": 193, "Title": "นาย", "Votable": true, "province_id": 10, "province_name": "กรุงเทพมหานคร", "zone_number": 25, "PartyTerminated": false, "Age": 44, "Occupation": "ค้าขาย", "HighestEducation": "ต่ำกว่าปริญญาตรี", "ImageFileId": "5c5a9351fbcb5f19bcaaf82c", "SelfIntroduceFileId": "5c5bb679fbcb5f16fc662c26", "PartyLogo": "https://storage.googleapis.com/candidate-thumbs/party/193.png", "CandididatePhoto": "https://storage.googleapis.com/candidate-thumbs/images/10-25-20.jpg"}, {"Unnamed: 0": 11021, "CandidateId": "e913f1d1-6d5e-4804-94ff-a62ee3396d12", "CandidateNo": 21, "FirstName": "มนัสนันท์", "LastName": "นพพิบูลย์", "PartyName": "พลังศรัทธา", "PartyNumber": 201, "Title": "นางสาว", "Votable": true, "province_id": 10, "province_name": "กรุงเทพมหานคร", "zone_number": 25, "PartyTerminated": false, "Age": 50, "Occupation": "ค้าขาย", "HighestEducation": "ปริญญาตรี", "ImageFileId": "5c5bac92fbcb5f16fc65d876", "SelfIntroduceFileId": "5c5bcdd0fbcb5f16fc66abff", "PartyLogo": "https://storage.googleapis.com/candidate-thumbs/party/201.png", "CandididatePhoto": "https://storage.googleapis.com/candidate-thumbs/images/10-25-21.jpg"}, {"Unnamed: 0": 11022, "CandidateId": "4234aa13-a29b-49e8-86e6-820e7705eff7", "CandidateNo": 22, "FirstName": "กีรติ", "LastName": "ลือชาพนธารา", "PartyName": "ครูไทยเพื่อประชาชน", "PartyNumber": 118, "Title": "นาย", "Votable": true, "province_id": 10, "province_name": "กรุงเทพมหานคร", "zone_number": 25, "PartyTerminated": false, "Age": 31, "Occupation": "รับจ้าง", "HighestEducation": "ปริญญาตรี", "ImageFileId": "5c5bbeadfbcb5f16fc666042", "SelfIntroduceFileId": "5c5bfaa9fbcb5f16fc680dc3", "PartyLogo": "https://storage.googleapis.com/candidate-thumbs/party/118.png", "CandididatePhoto": "https://storage.googleapis.com/candidate-thumbs/images/10-25-22.jpg"}, {"Unnamed: 0": 11023, "CandidateId": "7f62f671-81ec-46ce-bb98-8cc6f93f47a4", "CandidateNo": 23, "FirstName": "กิตตพัฒน์", "LastName": "จิรัฏฐวงศ์", "PartyName": "พลังชาติไทย", "PartyNumber": 186, "Title": "นาย", "Votable": true, "province_id": 10, "province_name": "กรุงเทพมหานคร", "zone_number": 25, "PartyTerminated": false, "Age": 57, "Occupation": "ธุรกิจส่วนตัว", "HighestEducation": "ต่ำกว่าปริญญาตรี", "ImageFileId": "5c5bc44afbcb5f16fc66750c", "SelfIntroduceFileId": "5c5bfbe5fbcb5f16fc68120d", "PartyLogo": "https://storage.googleapis.com/candidate-thumbs/party/186.png", "CandididatePhoto": "https://storage.googleapis.com/candidate-thumbs/images/10-25-23.jpg"}, {"Unnamed: 0": 11024, "CandidateId": "7bd827a6-5d8a-4383-bb22-8392009d82e3", "CandidateNo": 24, "FirstName": "นพดล", "LastName": "รามนัฏ", "PartyName": "ประชาชนปฏิรูป", "PartyNumber": 176, "Title": "นาย", "Votable": true, "province_id": 10, "province_name": "กรุงเทพมหานคร", "zone_number": 25, "PartyTerminated": false, "Age": 63, "Occupation": "วิศวกรอิสระ", "HighestEducation": "ปริญญาตรี", "ImageFileId": "5c5bf05ffbcb5f16fc67c921", "SelfIntroduceFileId": "5c5bfd29fbcb5f16fc6816e8", "PartyLogo": "https://storage.googleapis.com/candidate-thumbs/party/176.png", "CandididatePhoto": "https://storage.googleapis.com/candidate-thumbs/images/10-25-24.jpg"}, {"Unnamed: 0": 11025, "CandidateId": "42365393-043a-494f-8726-5e1ccad6c754", "CandidateNo": 25, "FirstName": "นิธิรุจน์", "LastName": "อินทร์สังข์", "PartyName": "ประชาธิปไตยใหม่", "PartyNumber": 109, "Title": "นาย", "Votable": true, "province_id": 10, "province_name": "กรุงเทพมหานคร", "zone_number": 25, "PartyTerminated": false, "Age": 46, "Occupation": "รับจ้าง", "HighestEducation": "ต่ำกว่าปริญญาตรี", "ImageFileId": "5c5d0da3fbcb5f0fd884e3a9", "SelfIntroduceFileId": "5c5d3388fbcb5f0fd885e017", "PartyLogo": "https://storage.googleapis.com/candidate-thumbs/party/109.png", "CandididatePhoto": "https://storage.googleapis.com/candidate-thumbs/images/10-25-25.jpg"}, {"Unnamed: 0": 11026, "CandidateId": "cc654398-c2a8-4033-b86c-1bdd2fbed170", "CandidateNo": 26, "FirstName": "สุวัฒน์", "LastName": "อยู่เย็น", "PartyName": "พลังไทสร้างชาติ", "PartyNumber": 200, "Title": "นาย", "Votable": true, "province_id": 10, "province_name": "กรุงเทพมหานคร", "zone_number": 25, "PartyTerminated": false, "Age": 49, "Occupation": "ธุรกิจส่วนตัว", "HighestEducation": "ต่ำกว่าปริญญาตรี", "ImageFileId": "5c5d0f6afbcb5f0fd884efef", "SelfIntroduceFileId": "5c5d24c9fbcb5f0fd8856464", "PartyLogo": "https://storage.googleapis.com/candidate-thumbs/party/200.png", "CandididatePhoto": "https://storage.googleapis.com/candidate-thumbs/images/10-25-26.jpg"}, {"Unnamed: 0": 11027, "CandidateId": "7a22ceed-bba4-4deb-a916-233ec2189b95", "CandidateNo": 27, "FirstName": "เอกธนัช", "LastName": "รงค์บัญฑิต", "PartyName": "ประชาธรรมไทย", "PartyNumber": 190, "Title": "นาย", "Votable": true, "province_id": 10, "province_name": "กรุงเทพมหานคร", "zone_number": 25, "PartyTerminated": false, "Age": 53, "Occupation": "พนักงานบริษัทเอกชน", "HighestEducation": "ต่ำกว่าปริญญาตรี", "ImageFileId": "5c5d2083fbcb5f0fd88544a8", "SelfIntroduceFileId": "5c5d34c7fbcb5f0fd885e815", "PartyLogo": "https://storage.googleapis.com/candidate-thumbs/party/190.png", "CandididatePhoto": "https://storage.googleapis.com/candidate-thumbs/images/10-25-27.jpg"}, {"Unnamed: 0": 11028, "CandidateId": "e3e3912b-ccfe-4978-b670-4b62024d9abe", "CandidateNo": 28, "FirstName": "ไสว", "LastName": "แก้วขาว", "PartyName": "ภาคีเครือข่ายไทย", "PartyNumber": 211, "Title": "นาย", "Votable": true, "province_id": 10, "province_name": "กรุงเทพมหานคร", "zone_number": 25, "PartyTerminated": false, "Age": 75, "Occupation": "พนักงานธนาคารกสิกรไทย(สาขาใหญ่)", "HighestEducation": "ปริญญาโท", "ImageFileId": "5c5d2205fbcb5f0fd885520d", "SelfIntroduceFileId": "5c5d36defbcb5f0fd885f8da", "PartyLogo": "https://storage.googleapis.com/candidate-thumbs/party/211.png", "CandididatePhoto": "https://storage.googleapis.com/candidate-thumbs/images/10-25-28.jpg"}, {"Unnamed: 0": 11029, "CandidateId": "49157f50-aa56-42c2-b7a3-d56a3cc5475e", "CandidateNo": 29, "FirstName": "นภาภรณ์", "LastName": "ครรชิตจารุสิทธิ์", "PartyName": "พลเมืองไทย", "PartyNumber": 173, "Title": "นางสาว", "Votable": true, "province_id": 10, "province_name": "กรุงเทพมหานคร", "zone_number": 25, "PartyTerminated": false, "Age": 37, "Occupation": "ทนายความ", "HighestEducation": "ปริญญาตรี", "ImageFileId": "5c5d3241fbcb5f0fd885d619", "SelfIntroduceFileId": "5c5d35d5fbcb5f0fd885f0f4", "PartyLogo": "https://storage.googleapis.com/candidate-thumbs/party/173.png", "CandididatePhoto": "https://storage.googleapis.com/candidate-thumbs/images/10-25-29.jpg"}, {"Unnamed: 0": 11030, "CandidateId": "c84f40df-6b63-4d3a-8b56-4ebf6fd6f2fa", "CandidateNo": 30, "FirstName": "ลลิต", "LastName": "วรรธนะดำเกิง", "PartyName": "ประชาไทย", "PartyNumber": 205, "Title": "นางสาว", "Votable": true, "province_id": 10, "province_name": "กรุงเทพมหานคร", "zone_number": 25, "PartyTerminated": false, "Age": 53, "Occupation": "พนักงานบริษัท", "HighestEducation": "ปริญญาโท", "ImageFileId": "5c5d3157fbcb5f0fd885cd14", "SelfIntroduceFileId": "5c5d3806fbcb5f0fd8860111", "PartyLogo": "https://storage.googleapis.com/candidate-thumbs/party/205.png", "CandididatePhoto": "https://storage.googleapis.com/candidate-thumbs/images/10-25-30.jpg"}, {"Unnamed: 0": 11031, "CandidateId": "bc70c8fd-92db-4f29-b855-36e36c5e0f82", "CandidateNo": 31, "FirstName": "สิทธิเดช", "LastName": "จรกรรณ", "PartyName": "ไทรักธรรม", "PartyNumber": 144, "Title": "นาย", "Votable": true, "province_id": 10, "province_name": "กรุงเทพมหานคร", "zone_number": 25, "PartyTerminated": false, "Age": 44, "Occupation": "ธุรกิจส่วนตัว", "HighestEducation": "ต่ำกว่าปริญญาตรี", "ImageFileId": "5c5d4ddefbcb5f0fd886e46d", "SelfIntroduceFileId": "5c5d6a7ffbcb5f0fd887edb2", "PartyLogo": "https://storage.googleapis.com/candidate-thumbs/party/144.png", "CandididatePhoto": "https://storage.googleapis.com/candidate-thumbs/images/10-25-31.jpg"}]