[{"Unnamed: 0": 2754, "CandidateId": "a5608ab9-714c-4da9-b91c-21eb853347d3", "CandidateNo": 1, "FirstName": "อรวรรณ", "LastName": "เชียงสีทอง", "PartyName": "ชาติพัฒนา", "PartyNumber": 45, "Title": "นาง", "Votable": true, "province_id": 62, "province_name": "กำแพงเพชร", "zone_number": 4, "PartyTerminated": false, "Age": 42, "Occupation": "ทำไร่อ้อย", "HighestEducation": "ปริญญาตรี", "ImageFileId": "5c57e658fbcb5f1eec0e4c60", "SelfIntroduceFileId": "5c57ea35fbcb5f1eec0e6e25", "PartyLogo": "https://storage.googleapis.com/candidate-thumbs/party/45.png", "CandididatePhoto": "https://storage.googleapis.com/candidate-thumbs/images/62-4-1.jpg"}, {"Unnamed: 0": 2755, "CandidateId": "8aca45e2-3e5b-46bd-9132-a8ba2f79fe5b", "CandidateNo": 2, "FirstName": "ปริญญา", "LastName": "ฤกษ์หร่าย", "PartyName": "พลังประชารัฐ", "PartyNumber": 192, "Title": "นาย", "Votable": true, "province_id": 62, "province_name": "กำแพงเพชร", "zone_number": 4, "PartyTerminated": false, "Age": 43, "Occupation": "ธุรกิจส่วนตัว", "HighestEducation": "ปริญญาโท", "ImageFileId": "5c57c13ffbcb5f1eec0d6f40", "SelfIntroduceFileId": "5c57e48efbcb5f1eec0e3cbf", "PartyLogo": "https://storage.googleapis.com/candidate-thumbs/party/192.png", "CandididatePhoto": "https://storage.googleapis.com/candidate-thumbs/images/62-4-2.jpg"}, {"Unnamed: 0": 2756, "CandidateId": "d9bbf25b-cfbc-4d67-a320-6060aa5ffa93", "CandidateNo": 3, "FirstName": "วัลชัย", "LastName": "ขอนทอง", "PartyName": "เสรีรวมไทย", "PartyNumber": 145, "Title": "นาย", "Votable": true, "province_id": 62, "province_name": "กำแพงเพชร", "zone_number": 4, "PartyTerminated": false, "Age": 35, "Occupation": "เกษตรกร", "HighestEducation": "ปริญญาตรี", "ImageFileId": "5c57ea8efbcb5f1eec0e7085", "SelfIntroduceFileId": "5c57ecd1fbcb5f1eec0e81df", "PartyLogo": "https://storage.googleapis.com/candidate-thumbs/party/145.png", "CandididatePhoto": "https://storage.googleapis.com/candidate-thumbs/images/62-4-3.jpg"}, {"Unnamed: 0": 2757, "CandidateId": "cf4abc93-29ca-455a-9a39-507391ea2260", "CandidateNo": 4, "FirstName": "ปราโมทย์", "LastName": "ประธรรมสาร", "PartyName": "แผ่นดินธรรม", "PartyNumber": 188, "Title": "นาย", "Votable": true, "province_id": 62, "province_name": "กำแพงเพชร", "zone_number": 4, "PartyTerminated": false, "Age": 47, "Occupation": "รับจ้าง", "HighestEducation": "ต่ำกว่าปริญญาตรี", "ImageFileId": "5c57c430fbcb5f1eec0d8b52", "SelfIntroduceFileId": "5c57ef2ffbcb5f1eec0e9aba", "PartyLogo": "https://storage.googleapis.com/candidate-thumbs/party/188.png", "CandididatePhoto": "https://storage.googleapis.com/candidate-thumbs/images/62-4-4.jpg"}, {"Unnamed: 0": 2758, "CandidateId": "86d0f08f-af36-4534-9431-4d0adeac2d91", "CandidateNo": 5, "FirstName": "วรรณลพ", "LastName": "คล้ายเจียม", "PartyName": "พลังท้องถิ่นไท", "PartyNumber": 124, "Title": "นาย", "Votable": true, "province_id": 62, "province_name": "กำแพงเพชร", "zone_number": 4, "PartyTerminated": false, "Age": 41, "Occupation": "การเมืองท้องถิ่น", "HighestEducation": "ปริญญาโท", "ImageFileId": "5c57ef74fbcb5f1eec0e9dcc", "SelfIntroduceFileId": "5c57f204fbcb5f1eec0eb379", "PartyLogo": "https://storage.googleapis.com/candidate-thumbs/party/124.png", "CandididatePhoto": "https://storage.googleapis.com/candidate-thumbs/images/62-4-5.jpg"}, {"Unnamed: 0": 2759, "CandidateId": "78a819e9-c541-40d8-9fcc-3270a7efad64", "CandidateNo": 6, "FirstName": "ปรีชา", "LastName": "เพ็งภู่", "PartyName": "เพื่อไทย", "PartyNumber": 34, "Title": "นาย", "Votable": true, "province_id": 62, "province_name": "กำแพงเพชร", "zone_number": 4, "PartyTerminated": false, "Age": 49, "Occupation": "นักการเมือง", "HighestEducation": "ปริญญาโท", "ImageFileId": "5c57f276fbcb5f1eec0eb9f9", "SelfIntroduceFileId": "5c57f433fbcb5f1eec0ecac0", "PartyLogo": "https://storage.googleapis.com/candidate-thumbs/party/34.png", "CandididatePhoto": "https://storage.googleapis.com/candidate-thumbs/images/62-4-6.jpg"}, {"Unnamed: 0": 2760, "CandidateId": "3147bd89-19a9-4f69-bc12-87bd7b3c3529", "CandidateNo": 7, "FirstName": "พัฒน์", "LastName": "รินทไชย", "PartyName": "เพื่อแผ่นดิน", "PartyNumber": 41, "Title": "นาย", "Votable": false, "province_id": 62, "province_name": "กำแพงเพชร", "zone_number": 4, "PartyTerminated": false, "Age": 64, "Occupation": "เกษตรกร", "HighestEducation": "ต่ำกว่าปริญญาตรี", "ImageFileId": "5c57fae0fbcb5f1eec0f13b7", "SelfIntroduceFileId": "5c592f4afbcb5f1d8815f6ba", "PartyLogo": "https://storage.googleapis.com/candidate-thumbs/party/41.png", "CandididatePhoto": "https://storage.googleapis.com/candidate-thumbs/images/62-4-7.jpg"}, {"Unnamed: 0": 2761, "CandidateId": "98575330-b2da-4fdd-8a8c-1d09ea9f73c6", "CandidateNo": 8, "FirstName": "กิจติการต์", "LastName": "ชุมเสน", "PartyName": "รักษ์ผืนป่าประเทศไทย", "PartyNumber": 133, "Title": "นาย", "Votable": true, "province_id": 62, "province_name": "กำแพงเพชร", "zone_number": 4, "PartyTerminated": false, "Age": 54, "Occupation": "ค้าขาย", "HighestEducation": "ต่ำกว่าปริญญาตรี", "ImageFileId": "5c57f644fbcb5f1eec0ee237", "SelfIntroduceFileId": "5c57f9b1fbcb5f1eec0f02ec", "PartyLogo": "https://storage.googleapis.com/candidate-thumbs/party/133.png", "CandididatePhoto": "https://storage.googleapis.com/candidate-thumbs/images/62-4-8.jpg"}, {"Unnamed: 0": 2762, "CandidateId": "fd7b7c17-48ea-46ed-b6a2-9673ecbccb1c", "CandidateNo": 9, "FirstName": "สนาม", "LastName": "พะสะภาค", "PartyName": "ประชาภิวัฒน์", "PartyNumber": 172, "Title": "นาย", "Votable": true, "province_id": 62, "province_name": "กำแพงเพชร", "zone_number": 4, "PartyTerminated": false, "Age": 62, "Occupation": "ธุรกิจส่วนตัว", "HighestEducation": "ต่ำกว่าปริญญาตรี", "ImageFileId": "5c57fd37fbcb5f1eec0f366e", "SelfIntroduceFileId": "5c580231fbcb5f1eec0f7cab", "PartyLogo": "https://storage.googleapis.com/candidate-thumbs/party/172.png", "CandididatePhoto": "https://storage.googleapis.com/candidate-thumbs/images/62-4-9.jpg"}, {"Unnamed: 0": 2763, "CandidateId": "80843c70-033a-4859-a5f7-d9a165c565b6", "CandidateNo": 10, "FirstName": "เจริญ", "LastName": "สามงามยา", "PartyName": "รวมพลังประชาชาติไทย", "PartyNumber": 181, "Title": "นาย", "Votable": true, "province_id": 62, "province_name": "กำแพงเพชร", "zone_number": 4, "PartyTerminated": false, "Age": 47, "Occupation": "ค้าขาย", "HighestEducation": "ต่ำกว่าปริญญาตรี", "ImageFileId": "5c58028bfbcb5f1eec0f8241", "SelfIntroduceFileId": "5c5806c6fbcb5f1eec0fbccb", "PartyLogo": "https://storage.googleapis.com/candidate-thumbs/party/181.png", "CandididatePhoto": "https://storage.googleapis.com/candidate-thumbs/images/62-4-10.jpg"}, {"Unnamed: 0": 2764, "CandidateId": "05bf4232-ff1b-476a-b131-ab4b6fdcb051", "CandidateNo": 11, "FirstName": "พินนุรัตน์", "LastName": "ชัยพิทักษ์", "PartyName": "เพื่อชาติ", "PartyNumber": 149, "Title": "นาง", "Votable": true, "province_id": 62, "province_name": "กำแพงเพชร", "zone_number": 4, "PartyTerminated": false, "Age": 53, "Occupation": "ค้าขาย", "HighestEducation": "ปริญญาตรี", "ImageFileId": "5c57fec6fbcb5f1eec0f4e3a", "SelfIntroduceFileId": "5c58007efbcb5f1eec0f61d5", "PartyLogo": "https://storage.googleapis.com/candidate-thumbs/party/149.png", "CandididatePhoto": "https://storage.googleapis.com/candidate-thumbs/images/62-4-11.jpg"}, {"Unnamed: 0": 2765, "CandidateId": "5dd5222c-523d-436f-8cb5-8af4a6fc782c", "CandidateNo": 12, "FirstName": "วินัย", "LastName": "เดชศรี", "PartyName": "ภูมิใจไทย", "PartyNumber": 63, "Title": "นาย", "Votable": true, "province_id": 62, "province_name": "กำแพงเพชร", "zone_number": 4, "PartyTerminated": false, "Age": 49, "Occupation": "ธุรกิจส่วนตัว", "HighestEducation": "ปริญญาตรี", "ImageFileId": "5c580a9ffbcb5f1eec0fed92", "SelfIntroduceFileId": "5c580be9fbcb5f1eec0ffd15", "PartyLogo": "https://storage.googleapis.com/candidate-thumbs/party/63.png", "CandididatePhoto": "https://storage.googleapis.com/candidate-thumbs/images/62-4-12.jpg"}, {"Unnamed: 0": 2766, "CandidateId": "45ee892d-b77b-4dce-9961-75731fe791a6", "CandidateNo": 13, "FirstName": "ประนอม", "LastName": "มะลิวัลย์", "PartyName": "ชาติไทยพัฒนา", "PartyNumber": 55, "Title": "นาง", "Votable": true, "province_id": 62, "province_name": "กำแพงเพชร", "zone_number": 4, "PartyTerminated": false, "Age": 58, "Occupation": "ธุรกิจส่วนตัว", "HighestEducation": "ปริญญาตรี", "ImageFileId": "5c580788fbcb5f1eec0fc91e", "SelfIntroduceFileId": "5c5809e9fbcb5f1eec0fe474", "PartyLogo": "https://storage.googleapis.com/candidate-thumbs/party/55.png", "CandididatePhoto": "https://storage.googleapis.com/candidate-thumbs/images/62-4-13.jpg"}, {"Unnamed: 0": 2767, "CandidateId": "f6ef8224-b3c1-43b7-ae15-c93dbad7be15", "CandidateNo": 14, "FirstName": "พลเดช", "LastName": "ศรีแปงวงค์", "PartyName": "ประชาธิปัตย์", "PartyNumber": 1, "Title": "นาย", "Votable": true, "province_id": 62, "province_name": "กำแพงเพชร", "zone_number": 4, "PartyTerminated": false, "Age": 55, "Occupation": "รับจ้าง", "HighestEducation": "ปริญญาตรี", "ImageFileId": "5c580c2afbcb5f1eec10009e", "SelfIntroduceFileId": "5c59005ffbcb5f1d8813c83a", "PartyLogo": "https://storage.googleapis.com/candidate-thumbs/party/1.png", "CandididatePhoto": "https://storage.googleapis.com/candidate-thumbs/images/62-4-14.jpg"}, {"Unnamed: 0": 2768, "CandidateId": "f950fbf0-85a5-4e1a-b383-ce7d49ee7417", "CandidateNo": 15, "FirstName": "ธานันท์", "LastName": "หล่าวเจริญ", "PartyName": "ไทยรักษาชาติ", "PartyNumber": 77, "Title": "นาย", "Votable": true, "province_id": 62, "province_name": "กำแพงเพชร", "zone_number": 4, "PartyTerminated": true, "Age": 58, "Occupation": "ค้าขาย", "HighestEducation": "ปริญญาโท", "ImageFileId": "5c580e57fbcb5f1eec10198d", "SelfIntroduceFileId": "5c580fdbfbcb5f1eec102bd7", "PartyLogo": "https://storage.googleapis.com/candidate-thumbs/party/77.png", "CandididatePhoto": "https://storage.googleapis.com/candidate-thumbs/images/62-4-15.jpg"}, {"Unnamed: 0": 2769, "CandidateId": "7a9746d0-d3d8-4dc3-9638-c52ea73324aa", "CandidateNo": 16, "FirstName": "ภูกิจ", "LastName": "เยาวธนโชค", "PartyName": "อนาคตใหม่", "PartyNumber": 177, "Title": "นาย", "Votable": true, "province_id": 62, "province_name": "กำแพงเพชร", "zone_number": 4, "PartyTerminated": false, "Age": 42, "Occupation": "ธุรกิจส่วนตัว", "HighestEducation": "ปริญญาตรี", "ImageFileId": "5c5811a4fbcb5f1eec103bb5", "SelfIntroduceFileId": "5c581840fbcb5f1eec1071f1", "PartyLogo": "https://storage.googleapis.com/candidate-thumbs/party/177.png", "CandididatePhoto": "https://storage.googleapis.com/candidate-thumbs/images/62-4-16.jpg"}, {"Unnamed: 0": 2770, "CandidateId": "09259174-bf4b-46cc-ad56-62f71abdca97", "CandidateNo": 17, "FirstName": "ปริญญา", "LastName": "จันดาแก้ว", "PartyName": "ประชานิยม", "PartyNumber": 191, "Title": "นาย", "Votable": true, "province_id": 62, "province_name": "กำแพงเพชร", "zone_number": 4, "PartyTerminated": false, "Age": 61, "Occupation": "ข้าราชการ", "HighestEducation": "ปริญญาตรี", "ImageFileId": "5c581470fbcb5f1eec1054a1", "SelfIntroduceFileId": "5c581782fbcb5f1eec106cb3", "PartyLogo": "https://storage.googleapis.com/candidate-thumbs/party/191.png", "CandididatePhoto": "https://storage.googleapis.com/candidate-thumbs/images/62-4-17.jpg"}, {"Unnamed: 0": 2771, "CandidateId": "c8ef0cf2-d1b9-4c2d-a71b-f86f839fa0b2", "CandidateNo": 18, "FirstName": "ชัยยศ", "LastName": "แสนกล้า", "PartyName": "ไทยศรีวิไลย์", "PartyNumber": 180, "Title": "นาย", "Votable": true, "province_id": 62, "province_name": "กำแพงเพชร", "zone_number": 4, "PartyTerminated": false, "Age": 50, "Occupation": "ค้าขาย", "HighestEducation": "ปริญญาตรี", "ImageFileId": "5c58184cfbcb5f1eec1072d3", "SelfIntroduceFileId": "5c581a4ffbcb5f1eec107dfd", "PartyLogo": "https://storage.googleapis.com/candidate-thumbs/party/180.png", "CandididatePhoto": "https://storage.googleapis.com/candidate-thumbs/images/62-4-18.jpg"}, {"Unnamed: 0": 2772, "CandidateId": "739579c6-2067-4438-beef-ca0c4ad89175", "CandidateNo": 19, "FirstName": "สถิตย์", "LastName": "คำมา", "PartyName": "เศรษฐกิจใหม่", "PartyNumber": 193, "Title": "นาย", "Votable": true, "province_id": 62, "province_name": "กำแพงเพชร", "zone_number": 4, "PartyTerminated": false, "Age": 41, "Occupation": "ค้าขาย", "HighestEducation": "ต่ำกว่าปริญญาตรี", "ImageFileId": "5c593dbcfbcb5f1d8816bb48", "SelfIntroduceFileId": "5c594603fbcb5f1d88172bb1", "PartyLogo": "https://storage.googleapis.com/candidate-thumbs/party/193.png", "CandididatePhoto": "https://storage.googleapis.com/candidate-thumbs/images/62-4-19.jpg"}, {"Unnamed: 0": 2773, "CandidateId": "340cf3f6-5510-4e9a-b75c-f2e9445b35c5", "CandidateNo": 20, "FirstName": "บุญช่วย", "LastName": "มุกดา", "PartyName": "ประชาชนปฏิรูป", "PartyNumber": 176, "Title": "นาย", "Votable": true, "province_id": 62, "province_name": "กำแพงเพชร", "zone_number": 4, "PartyTerminated": false, "Age": 43, "Occupation": "พนักงานเอกชน", "HighestEducation": "ต่ำกว่าปริญญาตรี", "ImageFileId": "5c5a5f13fbcb5f19bca9a9b4", "SelfIntroduceFileId": "5c5a6083fbcb5f19bca9b56e", "PartyLogo": "https://storage.googleapis.com/candidate-thumbs/party/176.png", "CandididatePhoto": "https://storage.googleapis.com/candidate-thumbs/images/62-4-20.jpg"}, {"Unnamed: 0": 2774, "CandidateId": "217528dc-a80a-4022-9b1a-3769585368c8", "CandidateNo": 21, "FirstName": "สุนันท์", "LastName": "สิงห์ประเสริฐ", "PartyName": "ครูไทยเพื่อประชาชน", "PartyNumber": 118, "Title": "นาย", "Votable": false, "province_id": 62, "province_name": "กำแพงเพชร", "zone_number": 4, "PartyTerminated": false, "Age": 48, "Occupation": "เกษตรกรรม", "HighestEducation": "ต่ำกว่าปริญญาตรี", "ImageFileId": "5c5b9fabfbcb5f16fc657cc7", "SelfIntroduceFileId": "5c5ba247fbcb5f16fc6592e8", "PartyLogo": "https://storage.googleapis.com/candidate-thumbs/party/118.png", "CandididatePhoto": "https://storage.googleapis.com/candidate-thumbs/images/62-4-21.jpg"}, {"Unnamed: 0": 2775, "CandidateId": "283f2abd-55ae-4e91-887d-520277ce3f61", "CandidateNo": 22, "FirstName": "ทองใบ", "LastName": "นกน้อย", "PartyName": "เครือข่ายชาวนาแห่งประเทศไทย", "PartyNumber": 22, "Title": "นาย", "Votable": true, "province_id": 62, "province_name": "กำแพงเพชร", "zone_number": 4, "PartyTerminated": false, "Age": 65, "Occupation": "เกษตรกร", "HighestEducation": "ต่ำกว่าปริญญาตรี", "ImageFileId": "5c5bea42fbcb5f16fc67925c", "SelfIntroduceFileId": "5c5d3a02fbcb5f0fd8861133", "PartyLogo": "https://storage.googleapis.com/candidate-thumbs/party/22.png", "CandididatePhoto": "https://storage.googleapis.com/candidate-thumbs/images/62-4-22.jpg"}, {"Unnamed: 0": 2776, "CandidateId": "ba9bfb84-7d37-4395-92d6-fc28e8c5a98e", "CandidateNo": 23, "FirstName": "คมน์", "LastName": "พิมพาพัฒนโยธิน", "PartyName": "พลังชาติไทย", "PartyNumber": 186, "Title": "นาย", "Votable": true, "province_id": 62, "province_name": "กำแพงเพชร", "zone_number": 4, "PartyTerminated": false, "Age": 67, "Occupation": "ทนายความ", "HighestEducation": "ปริญญาโท", "ImageFileId": "5c5bf796fbcb5f16fc67ffab", "SelfIntroduceFileId": "5c5bfbbbfbcb5f16fc6810c1", "PartyLogo": "https://storage.googleapis.com/candidate-thumbs/party/186.png", "CandididatePhoto": "https://storage.googleapis.com/candidate-thumbs/images/62-4-23.jpg"}, {"Unnamed: 0": 2777, "CandidateId": "bd9cd15e-5df1-4fc1-a4b7-660c60ac895d", "CandidateNo": 24, "FirstName": "รุ่งทิวา", "LastName": "สูงปานเขา", "PartyName": "เพื่อสหกรณ์ไทย", "PartyNumber": 167, "Title": "นางสาว", "Votable": true, "province_id": 62, "province_name": "กำแพงเพชร", "zone_number": 4, "PartyTerminated": false, "Age": 34, "Occupation": "รับจ้าง", "HighestEducation": "ต่ำกว่าปริญญาตรี", "ImageFileId": "5c5c0082fbcb5f16fc68258c", "SelfIntroduceFileId": "5c5c01dcfbcb5f16fc682835", "PartyLogo": "https://storage.googleapis.com/candidate-thumbs/party/167.png", "CandididatePhoto": "https://storage.googleapis.com/candidate-thumbs/images/62-4-24.jpg"}, {"Unnamed: 0": 2778, "CandidateId": "472f7d28-c663-4b5c-a798-01ef4155609f", "CandidateNo": 25, "FirstName": "จันทร์ดี", "LastName": "หลวงนัน", "PartyName": "พลังปวงชนไทย", "PartyNumber": 184, "Title": "นาย", "Votable": true, "province_id": 62, "province_name": "กำแพงเพชร", "zone_number": 4, "PartyTerminated": false, "Age": 52, "Occupation": "ธุรกิจส่วนตัว", "HighestEducation": "ต่ำกว่าปริญญาตรี", "ImageFileId": "5c5cf763fbcb5f0fd8843e3b", "SelfIntroduceFileId": "5c5cfb49fbcb5f0fd8845ad3", "PartyLogo": "https://storage.googleapis.com/candidate-thumbs/party/184.png", "CandididatePhoto": "https://storage.googleapis.com/candidate-thumbs/images/62-4-25.jpg"}, {"Unnamed: 0": 2779, "CandidateId": "c11216a7-56f0-469c-88a8-051d821e6ccd", "CandidateNo": 26, "FirstName": "วัชรา", "LastName": "สีทอง", "PartyName": "พลังไทยรักไทย", "PartyNumber": 185, "Title": "นาย", "Votable": true, "province_id": 62, "province_name": "กำแพงเพชร", "zone_number": 4, "PartyTerminated": false, "Age": 32, "Occupation": "รับราชการทหาร", "HighestEducation": "ปริญญาตรี", "ImageFileId": "5c5d34d7fbcb5f0fd885e8a1", "SelfIntroduceFileId": "5c5d3701fbcb5f0fd885f9ef", "PartyLogo": "https://storage.googleapis.com/candidate-thumbs/party/185.png", "CandididatePhoto": "https://storage.googleapis.com/candidate-thumbs/images/62-4-26.jpg"}, {"Unnamed: 0": 2780, "CandidateId": "b77ef18e-0521-4a75-9fbe-d1505fa2fef5", "CandidateNo": 27, "FirstName": "หอมจันทร์", "LastName": "ซาฮาต", "PartyName": "ประชาธรรมไทย", "PartyNumber": 190, "Title": "นางสาว", "Votable": false, "province_id": 62, "province_name": "กำแพงเพชร", "zone_number": 4, "PartyTerminated": false, "Age": 51, "Occupation": "ประถมศึกษาปีที่ 6", "HighestEducation": "ต่ำกว่าปริญญาตรี", "ImageFileId": "5c5d3d9cfbcb5f0fd8863479", "SelfIntroduceFileId": "5c5d3f93fbcb5f0fd8864829", "PartyLogo": "https://storage.googleapis.com/candidate-thumbs/party/190.png", "CandididatePhoto": "https://storage.googleapis.com/candidate-thumbs/images/62-4-27.jpg"}, {"Unnamed: 0": 2781, "CandidateId": "993c22c1-61e0-437f-bcbd-0e55fc4c5cdd", "CandidateNo": 28, "FirstName": "อุดม", "LastName": "เจริญขวัญ", "PartyName": "พลังประชาธิปไตย", "PartyNumber": 153, "Title": "นาย", "Votable": true, "province_id": 62, "province_name": "กำแพงเพชร", "zone_number": 4, "PartyTerminated": false, "Age": 49, "Occupation": "เกษตรกรรม", "HighestEducation": "ต่ำกว่าปริญญาตรี", "ImageFileId": "5c5d3af2fbcb5f0fd8861923", "SelfIntroduceFileId": "5c5d3dadfbcb5f0fd886354c", "PartyLogo": "https://storage.googleapis.com/candidate-thumbs/party/153.png", "CandididatePhoto": "https://storage.googleapis.com/candidate-thumbs/images/62-4-28.jpg"}, {"Unnamed: 0": 2782, "CandidateId": "070bdd25-f077-422b-ab85-f24435fc4ad6", "CandidateNo": 29, "FirstName": "พัชรินทร", "LastName": "สุวรรณวงศ์", "PartyName": "ภาคีเครือข่ายไทย", "PartyNumber": 211, "Title": "นาย", "Votable": true, "province_id": 62, "province_name": "กำแพงเพชร", "zone_number": 4, "PartyTerminated": false, "Age": 60, "Occupation": "เกษตรกร", "HighestEducation": "ต่ำกว่าปริญญาตรี", "ImageFileId": "5c5d49d5fbcb5f0fd886b7e8", "SelfIntroduceFileId": "5c5d4c9cfbcb5f0fd886da60", "PartyLogo": "https://storage.googleapis.com/candidate-thumbs/party/211.png", "CandididatePhoto": "https://storage.googleapis.com/candidate-thumbs/images/62-4-29.jpg"}, {"Unnamed: 0": 2783, "CandidateId": "e506a289-22ac-4dbb-8d9c-7309e32996e0", "CandidateNo": 30, "FirstName": "สุนทร", "LastName": "ม่วงนอก", "PartyName": "ผึ้งหลวง", "PartyNumber": 164, "Title": "นาย", "Votable": true, "province_id": 62, "province_name": "กำแพงเพชร", "zone_number": 4, "PartyTerminated": false, "Age": 60, "Occupation": "รับราชการ", "HighestEducation": "ปริญญาตรี", "ImageFileId": "5c5d4d14fbcb5f0fd886de31", "SelfIntroduceFileId": "5c5d4e8afbcb5f0fd886ec34", "PartyLogo": "https://storage.googleapis.com/candidate-thumbs/party/164.png", "CandididatePhoto": "https://storage.googleapis.com/candidate-thumbs/images/62-4-30.jpg"}, {"Unnamed: 0": 2784, "CandidateId": "20ac7000-2007-4f3f-b040-289985bd3a45", "CandidateNo": 31, "FirstName": "บุญเที่ยง", "LastName": "ทองพูลรุ่งเรือง", "PartyName": "ไทรักธรรม", "PartyNumber": 144, "Title": "นาย", "Votable": true, "province_id": 62, "province_name": "กำแพงเพชร", "zone_number": 4, "PartyTerminated": false, "Age": 57, "Occupation": "ค้าขาย", "HighestEducation": "ต่ำกว่าปริญญาตรี", "ImageFileId": "5c5d5660fbcb5f0fd8874d0b", "SelfIntroduceFileId": "5c5d5742fbcb5f0fd88755dd", "PartyLogo": "https://storage.googleapis.com/candidate-thumbs/party/144.png", "CandididatePhoto": "https://storage.googleapis.com/candidate-thumbs/images/62-4-31.jpg"}]