[{"Unnamed: 0": 10818, "CandidateId": "3743b7e4-fe9c-4cf3-8de9-db90be6c7fe0", "CandidateNo": 1, "FirstName": "วิตต์", "LastName": "ก้องธรนินทร์", "PartyName": "เพื่อไทย", "PartyNumber": 34, "Title": "นาย", "Votable": true, "province_id": 10, "province_name": "กรุงเทพมหานคร", "zone_number": 19, "PartyTerminated": false, "Age": 34, "Occupation": "ประกอบธุรกิจส่วนตัว", "HighestEducation": "ปริญญาโท", "ImageFileId": "5c58de62fbcb5f1d8812d7a3", "SelfIntroduceFileId": "5c58f3e0fbcb5f1d88134405", "PartyLogo": "https://storage.googleapis.com/candidate-thumbs/party/34.png", "CandididatePhoto": "https://storage.googleapis.com/candidate-thumbs/images/10-19-1.jpg"}, {"Unnamed: 0": 10819, "CandidateId": "911ac9af-188c-4419-a719-dfc2e839c4c5", "CandidateNo": 2, "FirstName": "แมน", "LastName": "สมจิตต์", "PartyName": "ประชาภิวัฒน์", "PartyNumber": 172, "Title": "นาย", "Votable": true, "province_id": 10, "province_name": "กรุงเทพมหานคร", "zone_number": 19, "PartyTerminated": false, "Age": 54, "Occupation": "ผู้บริหารมูลนิธิพลังงานไทยลดโลกร้อน", "HighestEducation": "ปริญญาเอก", "ImageFileId": "5c58e0bafbcb5f1d8812d948", "SelfIntroduceFileId": "5c58f843fbcb5f1d88137095", "PartyLogo": "https://storage.googleapis.com/candidate-thumbs/party/172.png", "CandididatePhoto": "https://storage.googleapis.com/candidate-thumbs/images/10-19-2.jpg"}, {"Unnamed: 0": 10820, "CandidateId": "a9babd35-4de7-4bf0-a504-69f476d2fa50", "CandidateNo": 3, "FirstName": "สุรกฤณ", "LastName": "ลิมปรัทกาญจนา", "PartyName": "อนาคตใหม่", "PartyNumber": 177, "Title": "นาย", "Votable": true, "province_id": 10, "province_name": "กรุงเทพมหานคร", "zone_number": 19, "PartyTerminated": false, "Age": 36, "Occupation": "พนักงานบริษัทเอกชน", "HighestEducation": "ปริญญาโท", "ImageFileId": "5c58e956fbcb5f1d8812f523", "SelfIntroduceFileId": "5c58fc59fbcb5f1d88139ac9", "PartyLogo": "https://storage.googleapis.com/candidate-thumbs/party/177.png", "CandididatePhoto": "https://storage.googleapis.com/candidate-thumbs/images/10-19-3.jpg"}, {"Unnamed: 0": 10821, "CandidateId": "8ed34d24-1f06-4e45-a455-d6fceac26d0d", "CandidateNo": 4, "FirstName": "วันชัย", "LastName": "รัตนเมธีดล", "PartyName": "เพื่อแผ่นดิน", "PartyNumber": 41, "Title": "นาย", "Votable": true, "province_id": 10, "province_name": "กรุงเทพมหานคร", "zone_number": 19, "PartyTerminated": false, "Age": 71, "Occupation": "ข้าราชการ ตำแหน่งปลัดจังหวัดกาญจนบุรี", "HighestEducation": "ปริญญาเอก", "ImageFileId": "5c58e9e6fbcb5f1d8812f6fd", "SelfIntroduceFileId": "5c590130fbcb5f1d8813d14c", "PartyLogo": "https://storage.googleapis.com/candidate-thumbs/party/41.png", "CandididatePhoto": "https://storage.googleapis.com/candidate-thumbs/images/10-19-4.jpg"}, {"Unnamed: 0": 10822, "CandidateId": "fe27b0d6-5f26-4192-8608-52d0c33695f7", "CandidateNo": 5, "FirstName": "ปราโมทย์", "LastName": "บุญชู", "PartyName": "รวมพลังประชาชาติไทย", "PartyNumber": 181, "Title": "นาย", "Votable": true, "province_id": 10, "province_name": "กรุงเทพมหานคร", "zone_number": 19, "PartyTerminated": false, "Age": 54, "Occupation": "ผู้บริหารบริษัทเอกชน (ธุรกิจเทคโนโลยีการศึกษา)", "HighestEducation": "ปริญญาโท", "ImageFileId": "5c58eb4cfbcb5f1d8812fe00", "SelfIntroduceFileId": "5c5906a5fbcb5f1d88141420", "PartyLogo": "https://storage.googleapis.com/candidate-thumbs/party/181.png", "CandididatePhoto": "https://storage.googleapis.com/candidate-thumbs/images/10-19-5.jpg"}, {"Unnamed: 0": 10823, "CandidateId": "e590e538-1e6b-4681-a93c-d44316e726cf", "CandidateNo": 6, "FirstName": "ตะวัน", "LastName": "กาญจนะโกมล", "PartyName": "เพื่อชาติ", "PartyNumber": 149, "Title": "นาย", "Votable": true, "province_id": 10, "province_name": "กรุงเทพมหานคร", "zone_number": 19, "PartyTerminated": false, "Age": 60, "Occupation": "ธุรกิจส่วนตัว", "HighestEducation": "ปริญญาเอก", "ImageFileId": "5c58eba4fbcb5f1d8812ffb0", "SelfIntroduceFileId": "5c590b18fbcb5f1d881451ce", "PartyLogo": "https://storage.googleapis.com/candidate-thumbs/party/149.png", "CandididatePhoto": "https://storage.googleapis.com/candidate-thumbs/images/10-19-6.jpg"}, {"Unnamed: 0": 10824, "CandidateId": "0ad79525-92d2-4578-b660-29ae51eb4abb", "CandidateNo": 7, "FirstName": "นพดล", "LastName": "วรศรี", "PartyName": "ชาติไทยพัฒนา", "PartyNumber": 55, "Title": "นาย", "Votable": true, "province_id": 10, "province_name": "กรุงเทพมหานคร", "zone_number": 19, "PartyTerminated": false, "Age": 35, "Occupation": "ธุรกิจส่วนตัว", "HighestEducation": "ปริญญาตรี", "ImageFileId": "5c58ebe8fbcb5f1d88130101", "SelfIntroduceFileId": "5c59114afbcb5f1d8814aabf", "PartyLogo": "https://storage.googleapis.com/candidate-thumbs/party/55.png", "CandididatePhoto": "https://storage.googleapis.com/candidate-thumbs/images/10-19-7.jpg"}, {"Unnamed: 0": 10825, "CandidateId": "3e5fba24-e084-417e-8b29-2417762efab6", "CandidateNo": 8, "FirstName": "สามารถ", "LastName": "หวังพิทักษ์", "PartyName": "ภูมิใจไทย", "PartyNumber": 63, "Title": "นาย", "Votable": true, "province_id": 10, "province_name": "กรุงเทพมหานคร", "zone_number": 19, "PartyTerminated": false, "Age": 46, "Occupation": "ธุรกิจส่วนตัว", "HighestEducation": "ปริญญาโท", "ImageFileId": "5c58ec2cfbcb5f1d881302df", "SelfIntroduceFileId": "5c59134afbcb5f1d8814c734", "PartyLogo": "https://storage.googleapis.com/candidate-thumbs/party/63.png", "CandididatePhoto": "https://storage.googleapis.com/candidate-thumbs/images/10-19-8.jpg"}, {"Unnamed: 0": 10826, "CandidateId": "eee7b9f5-b3f6-4379-9d75-686913d4af55", "CandidateNo": 9, "FirstName": "ประสิทธิ์", "LastName": "มะหะหมัด", "PartyName": "พลังประชารัฐ", "PartyNumber": 192, "Title": "นาย", "Votable": true, "province_id": 10, "province_name": "กรุงเทพมหานคร", "zone_number": 19, "PartyTerminated": false, "Age": 61, "Occupation": "สมาชิกสภากรุงเทพมหานคร", "HighestEducation": "ปริญญาโท", "ImageFileId": "5c58ec78fbcb5f1d881304ac", "SelfIntroduceFileId": "5c5914affbcb5f1d8814d811", "PartyLogo": "https://storage.googleapis.com/candidate-thumbs/party/192.png", "CandididatePhoto": "https://storage.googleapis.com/candidate-thumbs/images/10-19-9.jpg"}, {"Unnamed: 0": 10827, "CandidateId": "fd845959-a18a-4387-9641-3bb443c11ddf", "CandidateNo": 10, "FirstName": "เขมจิรา", "LastName": "พชรจรวยพร", "PartyName": "ชาติพัฒนา", "PartyNumber": 45, "Title": "นาง", "Votable": true, "province_id": 10, "province_name": "กรุงเทพมหานคร", "zone_number": 19, "PartyTerminated": false, "Age": 43, "Occupation": "เกษตรกรรม,ค้าขาย", "HighestEducation": "ปริญญาตรี", "ImageFileId": "5c58eccffbcb5f1d881306ae", "SelfIntroduceFileId": "5c5916cefbcb5f1d8814ee72", "PartyLogo": "https://storage.googleapis.com/candidate-thumbs/party/45.png", "CandididatePhoto": "https://storage.googleapis.com/candidate-thumbs/images/10-19-10.jpg"}, {"Unnamed: 0": 10828, "CandidateId": "2e10af46-98f6-4244-baa7-09011a2dba9a", "CandidateNo": 11, "FirstName": "มัทนา", "LastName": "ศรีกระจ่าง", "PartyName": "รักษ์ผืนป่าประเทศไทย", "PartyNumber": 133, "Title": "นางสาว", "Votable": true, "province_id": 10, "province_name": "กรุงเทพมหานคร", "zone_number": 19, "PartyTerminated": false, "Age": 65, "Occupation": "ข้าราชการ", "HighestEducation": "ปริญญาเอก", "ImageFileId": "5c58ed14fbcb5f1d8813086c", "SelfIntroduceFileId": "5c591a07fbcb5f1d881508cc", "PartyLogo": "https://storage.googleapis.com/candidate-thumbs/party/133.png", "CandididatePhoto": "https://storage.googleapis.com/candidate-thumbs/images/10-19-11.jpg"}, {"Unnamed: 0": 10829, "CandidateId": "49cf68c2-9592-4f5c-88c2-18bee4cda7a6", "CandidateNo": 12, "FirstName": "คำออน", "LastName": "แก้วอินศรี", "PartyName": "ประชาชนปฏิรูป", "PartyNumber": 176, "Title": "นาง", "Votable": true, "province_id": 10, "province_name": "กรุงเทพมหานคร", "zone_number": 19, "PartyTerminated": false, "Age": 55, "Occupation": "แม่บ้าน", "HighestEducation": "ต่ำกว่าปริญญาตรี", "ImageFileId": "5c58ed58fbcb5f1d881309f7", "SelfIntroduceFileId": "5c592b60fbcb5f1d8815b85d", "PartyLogo": "https://storage.googleapis.com/candidate-thumbs/party/176.png", "CandididatePhoto": "https://storage.googleapis.com/candidate-thumbs/images/10-19-12.jpg"}, {"Unnamed: 0": 10830, "CandidateId": "bcf41a80-fc7f-436c-bfb2-b05e822d7033", "CandidateNo": 13, "FirstName": "ทวี", "LastName": "พัฒนาบุญไพบูลย์", "PartyName": "พลังธรรมใหม่", "PartyNumber": 175, "Title": "นาย", "Votable": true, "province_id": 10, "province_name": "กรุงเทพมหานคร", "zone_number": 19, "PartyTerminated": false, "Age": 58, "Occupation": "ศูนย์สุขภาพและการแพทย์ ฝ่ายทะเบียนประวัติคนไข้", "HighestEducation": "ปริญญาตรี", "ImageFileId": "5c58eda8fbcb5f1d88130bd5", "SelfIntroduceFileId": "5c592d2efbcb5f1d8815d556", "PartyLogo": "https://storage.googleapis.com/candidate-thumbs/party/175.png", "CandididatePhoto": "https://storage.googleapis.com/candidate-thumbs/images/10-19-13.jpg"}, {"Unnamed: 0": 10831, "CandidateId": "ade37fca-fcda-4497-be36-1acbede8a245", "CandidateNo": 14, "FirstName": "นาถยา", "LastName": "แดงบุหงา", "PartyName": "ประชาธิปัตย์", "PartyNumber": 1, "Title": "นาง", "Votable": true, "province_id": 10, "province_name": "กรุงเทพมหานคร", "zone_number": 19, "PartyTerminated": false, "Age": 57, "Occupation": "นักการเมือง", "HighestEducation": "ปริญญาตรี", "ImageFileId": "5c58edf8fbcb5f1d88130d9d", "SelfIntroduceFileId": "5c5934bafbcb5f1d88163f16", "PartyLogo": "https://storage.googleapis.com/candidate-thumbs/party/1.png", "CandididatePhoto": "https://storage.googleapis.com/candidate-thumbs/images/10-19-14.jpg"}, {"Unnamed: 0": 10832, "CandidateId": "84c5f479-ccd8-4c35-bb9b-0f57147f609c", "CandidateNo": 15, "FirstName": "ไพฑูรย์", "LastName": "ดาณีสมัน", "PartyName": "พลังท้องถิ่นไท", "PartyNumber": 124, "Title": "นาย", "Votable": true, "province_id": 10, "province_name": "กรุงเทพมหานคร", "zone_number": 19, "PartyTerminated": false, "Age": 44, "Occupation": "รับจ้าง", "HighestEducation": "ต่ำกว่าปริญญาตรี", "ImageFileId": "5c58ee38fbcb5f1d88130faa", "SelfIntroduceFileId": "5c593660fbcb5f1d88165643", "PartyLogo": "https://storage.googleapis.com/candidate-thumbs/party/124.png", "CandididatePhoto": "https://storage.googleapis.com/candidate-thumbs/images/10-19-15.jpg"}, {"Unnamed: 0": 10833, "CandidateId": "59e0fe43-50f6-4d2e-be8a-8aac8d908919", "CandidateNo": 16, "FirstName": "ปรีชาชัย", "LastName": "พิพรรธน์ธนาดุล", "PartyName": "เสรีรวมไทย", "PartyNumber": 145, "Title": "นาย", "Votable": true, "province_id": 10, "province_name": "กรุงเทพมหานคร", "zone_number": 19, "PartyTerminated": false, "Age": 39, "Occupation": "กรรมการผู้จัดการบริษัท มีทรัพย์ดาร์เร้นท์เทิล จำกัด,บริษัท โปรแอ็คชั่น 2000 จำกัด", "HighestEducation": "ปริญญาโท", "ImageFileId": "5c58eea6fbcb5f1d881312d8", "SelfIntroduceFileId": "5c593900fbcb5f1d88167cdc", "PartyLogo": "https://storage.googleapis.com/candidate-thumbs/party/145.png", "CandididatePhoto": "https://storage.googleapis.com/candidate-thumbs/images/10-19-16.jpg"}, {"Unnamed: 0": 10834, "CandidateId": "96b66173-c5a9-4896-9abd-9a3f8a7b6c7c", "CandidateNo": 17, "FirstName": "มูฮัมหมัดรุสดี", "LastName": "เชคฮารูณ", "PartyName": "ประชาชาติ", "PartyNumber": 187, "Title": "นาย", "Votable": true, "province_id": 10, "province_name": "กรุงเทพมหานคร", "zone_number": 19, "PartyTerminated": false, "Age": 29, "Occupation": "นักสื่อสารมวลชน และ ผู้สื่อข่าวสำนักข่าวไทย", "HighestEducation": "ปริญญาตรี", "ImageFileId": "5c593ac8fbcb5f1d881696bc", "SelfIntroduceFileId": "5c594beefbcb5f1d88177df6", "PartyLogo": "https://storage.googleapis.com/candidate-thumbs/party/187.png", "CandididatePhoto": "https://storage.googleapis.com/candidate-thumbs/images/10-19-17.jpg"}, {"Unnamed: 0": 10835, "CandidateId": "e0f54125-c05c-4a16-9839-b2a5e7afb0f8", "CandidateNo": 18, "FirstName": "ไชยพร", "LastName": "พรตรีสัตย์", "PartyName": "ภราดรภาพ", "PartyNumber": 154, "Title": "นาย", "Votable": true, "province_id": 10, "province_name": "กรุงเทพมหานคร", "zone_number": 19, "PartyTerminated": false, "Age": 40, "Occupation": "ธุรกิจส่วนตัวและพนักงานบริษัท", "HighestEducation": "ปริญญาตรี", "ImageFileId": "5c594918fbcb5f1d881759c8", "SelfIntroduceFileId": "5c594d74fbcb5f1d88179248", "PartyLogo": "https://storage.googleapis.com/candidate-thumbs/party/154.png", "CandididatePhoto": "https://storage.googleapis.com/candidate-thumbs/images/10-19-18.jpg"}, {"Unnamed: 0": 10836, "CandidateId": "d535a8fa-e61a-4ecb-b4e6-ba16b90080b2", "CandidateNo": 19, "FirstName": "รุ่งทิวา", "LastName": "อำนวยพร", "PartyName": "ประชานิยม", "PartyNumber": 191, "Title": "นางสาว", "Votable": true, "province_id": 10, "province_name": "กรุงเทพมหานคร", "zone_number": 19, "PartyTerminated": false, "Age": 38, "Occupation": "พนักงานบริษัทเอกชน", "HighestEducation": "ปริญญาตรี", "ImageFileId": "5c5a8edafbcb5f19bcaad4e8", "SelfIntroduceFileId": "5c5a962dfbcb5f19bcab07f7", "PartyLogo": "https://storage.googleapis.com/candidate-thumbs/party/191.png", "CandididatePhoto": "https://storage.googleapis.com/candidate-thumbs/images/10-19-19.jpg"}, {"Unnamed: 0": 10837, "CandidateId": "75741747-9e30-4e0c-bd41-d8a9da54b6f3", "CandidateNo": 20, "FirstName": "อาศิระ", "LastName": "ประวัติยากูร", "PartyName": "เศรษฐกิจใหม่", "PartyNumber": 193, "Title": "นาง", "Votable": true, "province_id": 10, "province_name": "กรุงเทพมหานคร", "zone_number": 19, "PartyTerminated": false, "Age": 68, "Occupation": "ผู้บริหารสถานศึกษา", "HighestEducation": "ปริญญาโท", "ImageFileId": "5c5a9858fbcb5f19bcab136c", "SelfIntroduceFileId": "5c5a9b0dfbcb5f19bcab27c6", "PartyLogo": "https://storage.googleapis.com/candidate-thumbs/party/193.png", "CandididatePhoto": "https://storage.googleapis.com/candidate-thumbs/images/10-19-20.jpg"}, {"Unnamed: 0": 10838, "CandidateId": "cdb37c9c-877d-4e9e-8914-8cc591ac4fb8", "CandidateNo": 21, "FirstName": "ชาย", "LastName": "โมระศิลปิน", "PartyName": "ครูไทยเพื่อประชาชน", "PartyNumber": 118, "Title": "นาย", "Votable": true, "province_id": 10, "province_name": "กรุงเทพมหานคร", "zone_number": 19, "PartyTerminated": false, "Age": 63, "Occupation": "รับจ้าง", "HighestEducation": "ปริญญาตรี", "ImageFileId": "5c5bb6a5fbcb5f16fc662d71", "SelfIntroduceFileId": "5c5be23dfbcb5f16fc674d90", "PartyLogo": "https://storage.googleapis.com/candidate-thumbs/party/118.png", "CandididatePhoto": "https://storage.googleapis.com/candidate-thumbs/images/10-19-21.jpg"}, {"Unnamed: 0": 10839, "CandidateId": "0bec52f8-cda5-4c20-b69a-b1d8db614213", "CandidateNo": 22, "FirstName": "สุภาวดี", "LastName": "บางใหญ่", "PartyName": "พลังไทยรักไทย", "PartyNumber": 185, "Title": "นาง", "Votable": true, "province_id": 10, "province_name": "กรุงเทพมหานคร", "zone_number": 19, "PartyTerminated": false, "Age": 57, "Occupation": "ค้าขาย", "HighestEducation": "ปริญญาตรี", "ImageFileId": "5c5be643fbcb5f16fc676d38", "SelfIntroduceFileId": "5c5cdedefbcb5f16fc689228", "PartyLogo": "https://storage.googleapis.com/candidate-thumbs/party/185.png", "CandididatePhoto": "https://storage.googleapis.com/candidate-thumbs/images/10-19-22.jpg"}, {"Unnamed: 0": 10840, "CandidateId": "3be03f80-3ae2-47a4-995e-c507ea0ded19", "CandidateNo": 23, "FirstName": "วีระ", "LastName": "เชื้อนุ่น", "PartyName": "มหาชน", "PartyNumber": 4, "Title": "นาย", "Votable": true, "province_id": 10, "province_name": "กรุงเทพมหานคร", "zone_number": 19, "PartyTerminated": false, "Age": 50, "Occupation": "ธุรกิจส่วนตัว", "HighestEducation": "ปริญญาตรี", "ImageFileId": "5c5ce298fbcb5f16fc68a2d5", "SelfIntroduceFileId": "5c5ce4a1fbcb5f16fc68ab41", "PartyLogo": "https://storage.googleapis.com/candidate-thumbs/party/4.png", "CandididatePhoto": "https://storage.googleapis.com/candidate-thumbs/images/10-19-23.jpg"}, {"Unnamed: 0": 10841, "CandidateId": "83a95908-1853-40d4-b84a-8a9e90f7e97a", "CandidateNo": 24, "FirstName": "ศรศิลป์", "LastName": "สายตา", "PartyName": "ประชาธิปไตยใหม่", "PartyNumber": 109, "Title": "นาย", "Votable": true, "province_id": 10, "province_name": "กรุงเทพมหานคร", "zone_number": 19, "PartyTerminated": false, "Age": 65, "Occupation": "พนักงานรัฐวิสาหกิจการไฟฟ้านครหลวง", "HighestEducation": "ปริญญาตรี", "ImageFileId": "5c5ce823fbcb5f16fc68bdb8", "SelfIntroduceFileId": "5c5cea96fbcb5f16fc68cd03", "PartyLogo": "https://storage.googleapis.com/candidate-thumbs/party/109.png", "CandididatePhoto": "https://storage.googleapis.com/candidate-thumbs/images/10-19-24.jpg"}, {"Unnamed: 0": 10842, "CandidateId": "bab8e993-0a49-4b71-8de3-c83fd9ba2e92", "CandidateNo": 25, "FirstName": "บวรวิช", "LastName": "รักไทย", "PartyName": "พลังชาติไทย", "PartyNumber": 186, "Title": "นาย", "Votable": true, "province_id": 10, "province_name": "กรุงเทพมหานคร", "zone_number": 19, "PartyTerminated": false, "Age": 46, "Occupation": "ธุรกิจส่วนตัว", "HighestEducation": "ปริญญาโท", "ImageFileId": "5c5cef65fbcb5f16fc68e820", "SelfIntroduceFileId": "5c5cf0e6fbcb5f16fc68f22a", "PartyLogo": "https://storage.googleapis.com/candidate-thumbs/party/186.png", "CandididatePhoto": "https://storage.googleapis.com/candidate-thumbs/images/10-19-25.jpg"}, {"Unnamed: 0": 10843, "CandidateId": "61de128d-a5db-40c2-80c1-27224550a5ed", "CandidateNo": 26, "FirstName": "ธีรเสฏฐ์", "LastName": "เนตรทอง", "PartyName": "พลเมืองไทย", "PartyNumber": 173, "Title": "นาย", "Votable": true, "province_id": 10, "province_name": "กรุงเทพมหานคร", "zone_number": 19, "PartyTerminated": false, "Age": 47, "Occupation": "ทนายความ", "HighestEducation": "ปริญญาตรี", "ImageFileId": "5c5d2899fbcb5f0fd88582f1", "SelfIntroduceFileId": "5c5d2d1ffbcb5f0fd885a83b", "PartyLogo": "https://storage.googleapis.com/candidate-thumbs/party/173.png", "CandididatePhoto": "https://storage.googleapis.com/candidate-thumbs/images/10-19-26.jpg"}, {"Unnamed: 0": 10844, "CandidateId": "43991a0f-a10d-4d2c-93f3-6015fd298db1", "CandidateNo": 27, "FirstName": "ทัตเทพ", "LastName": "รติภูมิ", "PartyName": "ภาคีเครือข่ายไทย", "PartyNumber": 211, "Title": "นาย", "Votable": true, "province_id": 10, "province_name": "กรุงเทพมหานคร", "zone_number": 19, "PartyTerminated": false, "Age": 39, "Occupation": "พนักงานบริษัท", "HighestEducation": "ปริญญาตรี", "ImageFileId": "5c5d2fedfbcb5f0fd885c190", "SelfIntroduceFileId": "5c5d3764fbcb5f0fd885fd28", "PartyLogo": "https://storage.googleapis.com/candidate-thumbs/party/211.png", "CandididatePhoto": "https://storage.googleapis.com/candidate-thumbs/images/10-19-27.jpg"}, {"Unnamed: 0": 10845, "CandidateId": "9c1d7211-4f38-4088-8027-6fa1fc3b61ac", "CandidateNo": 28, "FirstName": "ปริญสิรา", "LastName": "สังข์อ่ำ", "PartyName": "ประชาธรรมไทย", "PartyNumber": 190, "Title": "นางสาว", "Votable": true, "province_id": 10, "province_name": "กรุงเทพมหานคร", "zone_number": 19, "PartyTerminated": false, "Age": 39, "Occupation": "ธุรกิจส่วนตัว", "HighestEducation": "ปริญญาตรี", "ImageFileId": "5c5d3603fbcb5f0fd885f28a", "SelfIntroduceFileId": "5c5d39abfbcb5f0fd8860dfc", "PartyLogo": "https://storage.googleapis.com/candidate-thumbs/party/190.png", "CandididatePhoto": "https://storage.googleapis.com/candidate-thumbs/images/10-19-28.jpg"}, {"Unnamed: 0": 10846, "CandidateId": "2d3615c3-a7f7-4fe1-aa67-1ad5410ab8fc", "CandidateNo": 29, "FirstName": "มารุด", "LastName": "ปาทาน", "PartyName": "พลังไทสร้างชาติ", "PartyNumber": 200, "Title": "นาย", "Votable": true, "province_id": 10, "province_name": "กรุงเทพมหานคร", "zone_number": 19, "PartyTerminated": false, "Age": 71, "Occupation": "ธุรกิจส่วนตัว", "HighestEducation": "ต่ำกว่าปริญญาตรี", "ImageFileId": "5c5d3c25fbcb5f0fd886263a", "SelfIntroduceFileId": "5c5d3dd0fbcb5f0fd886371c", "PartyLogo": "https://storage.googleapis.com/candidate-thumbs/party/200.png", "CandididatePhoto": "https://storage.googleapis.com/candidate-thumbs/images/10-19-29.jpg"}, {"Unnamed: 0": 10847, "CandidateId": "ec38a4f4-af53-4d32-8aaf-bdd61d804a85", "CandidateNo": 30, "FirstName": "ยุพิน", "LastName": "คงแก้ว", "PartyName": "ไทรักธรรม", "PartyNumber": 144, "Title": "นาง", "Votable": true, "province_id": 10, "province_name": "กรุงเทพมหานคร", "zone_number": 19, "PartyTerminated": false, "Age": 55, "Occupation": "พนักงานธนาคาร", "HighestEducation": "ปริญญาตรี", "ImageFileId": "5c5d554efbcb5f0fd8873c44", "SelfIntroduceFileId": "5c5d6de1fbcb5f0fd887fd69", "PartyLogo": "https://storage.googleapis.com/candidate-thumbs/party/144.png", "CandididatePhoto": "https://storage.googleapis.com/candidate-thumbs/images/10-19-30.jpg"}]