[{"Unnamed: 0": 3976, "CandidateId": "5856ff21-bab4-400e-9f65-9eccb448c2f7", "CandidateNo": 1, "FirstName": "สมเกียรติ", "LastName": "นาคศรีโภชน์", "PartyName": "พลังท้องถิ่นไท", "PartyNumber": 124, "Title": "นาย", "Votable": true, "province_id": 71, "province_name": "กาญจนบุรี", "zone_number": 5, "PartyTerminated": false, "Age": 57, "Occupation": "ธุรกิจส่วนตัว", "HighestEducation": "ปริญญาโท", "ImageFileId": "5c57be4cfbcb5f1eec0d5816", "SelfIntroduceFileId": "5c57c3a5fbcb5f1eec0d84eb", "PartyLogo": "https://storage.googleapis.com/candidate-thumbs/party/124.png", "CandididatePhoto": "https://storage.googleapis.com/candidate-thumbs/images/71-5-1.jpg"}, {"Unnamed: 0": 3977, "CandidateId": "e45fbeb9-1870-4b5a-9d43-8aa4050c51dc", "CandidateNo": 2, "FirstName": "อานนท์", "LastName": "ถนอมวงษ์", "PartyName": "ภูมิใจไทย", "PartyNumber": 63, "Title": "นาย", "Votable": true, "province_id": 71, "province_name": "กาญจนบุรี", "zone_number": 5, "PartyTerminated": false, "Age": 36, "Occupation": "สมาชิกสภาจังหวัดกาญจนบุรี", "HighestEducation": "ปริญญาโท", "ImageFileId": "5c57cb02fbcb5f1eec0dbd34", "SelfIntroduceFileId": "5c57ce8afbcb5f1eec0dc7f5", "PartyLogo": "https://storage.googleapis.com/candidate-thumbs/party/63.png", "CandididatePhoto": "https://storage.googleapis.com/candidate-thumbs/images/71-5-2.jpg"}, {"Unnamed: 0": 3978, "CandidateId": "e183724c-3f2c-4508-9d0a-eb2cd788d2c0", "CandidateNo": 3, "FirstName": "ขจร", "LastName": "ทองสุก", "PartyName": "พลังประชาธิปไตย", "PartyNumber": 153, "Title": "นาย", "Votable": true, "province_id": 71, "province_name": "กาญจนบุรี", "zone_number": 5, "PartyTerminated": false, "Age": 56, "Occupation": "ทำการเกษตร", "HighestEducation": "ต่ำกว่าปริญญาตรี", "ImageFileId": "5c57d666fbcb5f1eec0de938", "SelfIntroduceFileId": "5c57d838fbcb5f1eec0defd4", "PartyLogo": "https://storage.googleapis.com/candidate-thumbs/party/153.png", "CandididatePhoto": "https://storage.googleapis.com/candidate-thumbs/images/71-5-3.jpg"}, {"Unnamed: 0": 3979, "CandidateId": "57fe230c-c8d0-441e-9573-b31c972360ae", "CandidateNo": 4, "FirstName": "ประเทือง", "LastName": "กรุดทอง", "PartyName": "เสรีรวมไทย", "PartyNumber": 145, "Title": "นาย", "Votable": true, "province_id": 71, "province_name": "กาญจนบุรี", "zone_number": 5, "PartyTerminated": false, "Age": 54, "Occupation": "ธุรกิจส่วนตัว", "HighestEducation": "ปริญญาตรี", "ImageFileId": "5c580e90fbcb5f1eec101c8f", "SelfIntroduceFileId": "5c581038fbcb5f1eec102ff1", "PartyLogo": "https://storage.googleapis.com/candidate-thumbs/party/145.png", "CandididatePhoto": "https://storage.googleapis.com/candidate-thumbs/images/71-5-4.jpg"}, {"Unnamed: 0": 3980, "CandidateId": "89aea465-0170-4dae-9411-bc53efad1ada", "CandidateNo": 5, "FirstName": "สรเลข", "LastName": "บุญเกตุ", "PartyName": "รักษ์ผืนป่าประเทศไทย", "PartyNumber": 133, "Title": "นาย", "Votable": true, "province_id": 71, "province_name": "กาญจนบุรี", "zone_number": 5, "PartyTerminated": false, "Age": 70, "Occupation": "รับราชการ", "HighestEducation": "ปริญญาตรี", "ImageFileId": "5c581079fbcb5f1eec1032b4", "SelfIntroduceFileId": "5c581168fbcb5f1eec103a28", "PartyLogo": "https://storage.googleapis.com/candidate-thumbs/party/133.png", "CandididatePhoto": "https://storage.googleapis.com/candidate-thumbs/images/71-5-5.jpg"}, {"Unnamed: 0": 3981, "CandidateId": "74a2ac6c-7b5f-4bc2-ae89-1696d275c2be", "CandidateNo": 6, "FirstName": "ไสว", "LastName": "บัวบาน", "PartyName": "อนาคตใหม่", "PartyNumber": 177, "Title": "นาย", "Votable": true, "province_id": 71, "province_name": "กาญจนบุรี", "zone_number": 5, "PartyTerminated": false, "Age": 41, "Occupation": "เกษตรกร", "HighestEducation": "ปริญญาตรี", "ImageFileId": "5c581215fbcb5f1eec103f5f", "SelfIntroduceFileId": "5c58132ffbcb5f1eec104974", "PartyLogo": "https://storage.googleapis.com/candidate-thumbs/party/177.png", "CandididatePhoto": "https://storage.googleapis.com/candidate-thumbs/images/71-5-6.jpg"}, {"Unnamed: 0": 3982, "CandidateId": "64073906-66bb-4256-8718-88c7faf0767e", "CandidateNo": 7, "FirstName": "พีระภัทร์", "LastName": "ยวงเงิน", "PartyName": "ชาติพัฒนา", "PartyNumber": 45, "Title": "นาย", "Votable": true, "province_id": 71, "province_name": "กาญจนบุรี", "zone_number": 5, "PartyTerminated": false, "Age": 57, "Occupation": "รับจ้าง", "HighestEducation": "ต่ำกว่าปริญญาตรี", "ImageFileId": "5c58e8e7fbcb5f1d8812f2eb", "SelfIntroduceFileId": "5c58ece4fbcb5f1d8813078c", "PartyLogo": "https://storage.googleapis.com/candidate-thumbs/party/45.png", "CandididatePhoto": "https://storage.googleapis.com/candidate-thumbs/images/71-5-7.jpg"}, {"Unnamed: 0": 3983, "CandidateId": "92fb7bb5-2521-4a1f-a8a2-5af3ef9b231b", "CandidateNo": 8, "FirstName": "ฐนันดร", "LastName": "อุดมสินค้า", "PartyName": "เพื่อชาติ", "PartyNumber": 149, "Title": "นาย", "Votable": false, "province_id": 71, "province_name": "กาญจนบุรี", "zone_number": 5, "PartyTerminated": false, "Age": 57, "Occupation": "ค้าขาย", "HighestEducation": "ปริญญาเอก", "ImageFileId": "5c58eda5fbcb5f1d88130bb4", "SelfIntroduceFileId": "5c58ef8cfbcb5f1d88131974", "PartyLogo": "https://storage.googleapis.com/candidate-thumbs/party/149.png", "CandididatePhoto": "https://storage.googleapis.com/candidate-thumbs/images/71-5-8.jpg"}, {"Unnamed: 0": 3984, "CandidateId": "87418773-4b76-4af0-a6ac-ae24ddc1dd08", "CandidateNo": 9, "FirstName": "พนม", "LastName": "โพธิ์แก้ว", "PartyName": "ไทยรักษาชาติ", "PartyNumber": 77, "Title": "นาย", "Votable": true, "province_id": 71, "province_name": "กาญจนบุรี", "zone_number": 5, "PartyTerminated": true, "Age": 40, "Occupation": "สมาชิกองค์การบริหารส่วนจังหวัดกาญจนบุรี", "HighestEducation": "ปริญญาตรี", "ImageFileId": "5c58f16bfbcb5f1d88132c1b", "SelfIntroduceFileId": "5c58f23efbcb5f1d88133338", "PartyLogo": "https://storage.googleapis.com/candidate-thumbs/party/77.png", "CandididatePhoto": "https://storage.googleapis.com/candidate-thumbs/images/71-5-9.jpg"}, {"Unnamed: 0": 3985, "CandidateId": "7a42f0d9-c542-4990-8068-548281d70ab4", "CandidateNo": 10, "FirstName": "สุรพงษ์", "LastName": "ตันธนศรีกุล", "PartyName": "ประชาธิปัตย์", "PartyNumber": 1, "Title": "นาย", "Votable": true, "province_id": 71, "province_name": "กาญจนบุรี", "zone_number": 5, "PartyTerminated": false, "Age": 70, "Occupation": "ข้าราชการบำนาญ", "HighestEducation": "ปริญญาโท", "ImageFileId": "5c58f2f4fbcb5f1d88133b9f", "SelfIntroduceFileId": "5c58f4ebfbcb5f1d88134d0c", "PartyLogo": "https://storage.googleapis.com/candidate-thumbs/party/1.png", "CandididatePhoto": "https://storage.googleapis.com/candidate-thumbs/images/71-5-10.jpg"}, {"Unnamed: 0": 3986, "CandidateId": "c5f1d936-6f3d-4216-a8eb-9947ccff5b4b", "CandidateNo": 11, "FirstName": "อัฏฐพล", "LastName": "โพธิพิพิธ", "PartyName": "พลังประชารัฐ", "PartyNumber": 192, "Title": "นาย", "Votable": true, "province_id": 71, "province_name": "กาญจนบุรี", "zone_number": 5, "PartyTerminated": false, "Age": 52, "Occupation": "นักการเมือง", "HighestEducation": "ปริญญาโท", "ImageFileId": "5c58f71efbcb5f1d881366bf", "SelfIntroduceFileId": "5c58f8aafbcb5f1d881376d9", "PartyLogo": "https://storage.googleapis.com/candidate-thumbs/party/192.png", "CandididatePhoto": "https://storage.googleapis.com/candidate-thumbs/images/71-5-11.jpg"}, {"Unnamed: 0": 3987, "CandidateId": "a0395dcd-5adc-4c03-8705-8c07de8313ea", "CandidateNo": 12, "FirstName": "มนฤดี", "LastName": "สุขเกษม", "PartyName": "รวมพลังประชาชาติไทย", "PartyNumber": 181, "Title": "นาง", "Votable": true, "province_id": 71, "province_name": "กาญจนบุรี", "zone_number": 5, "PartyTerminated": false, "Age": 51, "Occupation": "พนักงานบริษัท", "HighestEducation": "ต่ำกว่าปริญญาตรี", "ImageFileId": "5c58f91bfbcb5f1d88137c87", "SelfIntroduceFileId": "5c58fb26fbcb5f1d88138f07", "PartyLogo": "https://storage.googleapis.com/candidate-thumbs/party/181.png", "CandididatePhoto": "https://storage.googleapis.com/candidate-thumbs/images/71-5-12.jpg"}, {"Unnamed: 0": 3988, "CandidateId": "5394e84a-c15c-4a56-b389-a9b097114748", "CandidateNo": 13, "FirstName": "นรพล", "LastName": "คงนานดี", "PartyName": "ประชาภิวัฒน์", "PartyNumber": 172, "Title": "นาย", "Votable": true, "province_id": 71, "province_name": "กาญจนบุรี", "zone_number": 5, "PartyTerminated": false, "Age": 48, "Occupation": "ผู้ช่วยนักพัฒนาชุมชนตำบลไล่โว่", "HighestEducation": "ปริญญาตรี", "ImageFileId": "5c58fea3fbcb5f1d8813b09f", "SelfIntroduceFileId": "5c590194fbcb5f1d8813d613", "PartyLogo": "https://storage.googleapis.com/candidate-thumbs/party/172.png", "CandididatePhoto": "https://storage.googleapis.com/candidate-thumbs/images/71-5-13.jpg"}, {"Unnamed: 0": 3989, "CandidateId": "1b227578-5217-4883-b7bc-ab1ad5e31f69", "CandidateNo": 14, "FirstName": "สุรินทร์", "LastName": "สุรินก้อน", "PartyName": "ไทยศรีวิไลย์", "PartyNumber": 180, "Title": "นาย", "Votable": true, "province_id": 71, "province_name": "กาญจนบุรี", "zone_number": 5, "PartyTerminated": false, "Age": 78, "Occupation": "เกษตรกร", "HighestEducation": "ต่ำกว่าปริญญาตรี", "ImageFileId": "5c59033afbcb5f1d8813ec9a", "SelfIntroduceFileId": "5c590666fbcb5f1d88141115", "PartyLogo": "https://storage.googleapis.com/candidate-thumbs/party/180.png", "CandididatePhoto": "https://storage.googleapis.com/candidate-thumbs/images/71-5-14.jpg"}, {"Unnamed: 0": 3990, "CandidateId": "8b915852-e955-4683-ba55-417114327df4", "CandidateNo": 15, "FirstName": "ฐานันดร์", "LastName": "นาคขำพันธ์", "PartyName": "ประชานิยม", "PartyNumber": 191, "Title": "พันตำรวจเอก", "Votable": true, "province_id": 71, "province_name": "กาญจนบุรี", "zone_number": 5, "PartyTerminated": false, "Age": 69, "Occupation": "ข้าราชการบำนาญ", "HighestEducation": "ปริญญาตรี", "ImageFileId": "5c5907a6fbcb5f1d88142286", "SelfIntroduceFileId": "5c590d64fbcb5f1d88147420", "PartyLogo": "https://storage.googleapis.com/candidate-thumbs/party/191.png", "CandididatePhoto": "https://storage.googleapis.com/candidate-thumbs/images/71-5-15.jpg"}, {"Unnamed: 0": 3991, "CandidateId": "d926d8a6-e6ab-45fa-95df-7b21adc000c9", "CandidateNo": 16, "FirstName": "มงคล", "LastName": "แก้วสระแสน", "PartyName": "ชาติไทยพัฒนา", "PartyNumber": 55, "Title": "นาย", "Votable": true, "province_id": 71, "province_name": "กาญจนบุรี", "zone_number": 5, "PartyTerminated": false, "Age": 39, "Occupation": "ธุรกิจส่วนตัว", "HighestEducation": "ต่ำกว่าปริญญาตรี", "ImageFileId": "5c590da7fbcb5f1d881477d9", "SelfIntroduceFileId": "5c590fe1fbcb5f1d88149759", "PartyLogo": "https://storage.googleapis.com/candidate-thumbs/party/55.png", "CandididatePhoto": "https://storage.googleapis.com/candidate-thumbs/images/71-5-16.jpg"}, {"Unnamed: 0": 3992, "CandidateId": "9cd3e4bf-22d0-41b0-ad07-0a8364ac55e7", "CandidateNo": 17, "FirstName": "นิล", "LastName": "เชื้อทอง", "PartyName": "ไทยรุ่งเรือง", "PartyNumber": 194, "Title": "นาย", "Votable": true, "province_id": 71, "province_name": "กาญจนบุรี", "zone_number": 5, "PartyTerminated": false, "Age": 56, "Occupation": "รับจ้างทั่วไป", "HighestEducation": "ต่ำกว่าปริญญาตรี", "ImageFileId": "5c5910eafbcb5f1d8814a70c", "SelfIntroduceFileId": "5c5d042dfbcb5f0fd884a529", "PartyLogo": "https://storage.googleapis.com/candidate-thumbs/party/194.png", "CandididatePhoto": "https://storage.googleapis.com/candidate-thumbs/images/71-5-17.jpg"}, {"Unnamed: 0": 3993, "CandidateId": "5bfcfb25-e687-4578-8395-c5d5d3c58a63", "CandidateNo": 18, "FirstName": "วิชิต", "LastName": "โฉมแก่นแก้ว", "PartyName": "เศรษฐกิจใหม่", "PartyNumber": 193, "Title": "นาย", "Votable": true, "province_id": 71, "province_name": "กาญจนบุรี", "zone_number": 5, "PartyTerminated": false, "Age": 41, "Occupation": "ธุรกิจส่วนตัว", "HighestEducation": "ต่ำกว่าปริญญาตรี", "ImageFileId": "5c591c3bfbcb5f1d881518c1", "SelfIntroduceFileId": "5c591f0cfbcb5f1d88152b6b", "PartyLogo": "https://storage.googleapis.com/candidate-thumbs/party/193.png", "CandididatePhoto": "https://storage.googleapis.com/candidate-thumbs/images/71-5-18.jpg"}, {"Unnamed: 0": 3994, "CandidateId": "c5a3d4ba-1be5-40ac-b7ed-e0dafaea374d", "CandidateNo": 19, "FirstName": "พรชัย", "LastName": "ค้ำชู", "PartyName": "เพื่อนไทย", "PartyNumber": 179, "Title": "นาย", "Votable": false, "province_id": 71, "province_name": "กาญจนบุรี", "zone_number": 5, "PartyTerminated": false, "Age": 40, "Occupation": "เกษตรกร", "HighestEducation": "ต่ำกว่าปริญญาตรี", "ImageFileId": "5c595834fbcb5f1d8818023c", "SelfIntroduceFileId": "5c5a467ffbcb5f19bca8d3e1", "PartyLogo": "https://storage.googleapis.com/candidate-thumbs/party/179.png", "CandididatePhoto": "https://storage.googleapis.com/candidate-thumbs/images/71-5-19.jpg"}, {"Unnamed: 0": 3995, "CandidateId": "22da3ec3-c5d9-4d25-b682-49d83f4eab0c", "CandidateNo": 20, "FirstName": "สมศักดิ์", "LastName": "ทรัพย์ไพบูลย์", "PartyName": "พลังปวงชนไทย", "PartyNumber": 184, "Title": "ร.ต.", "Votable": true, "province_id": 71, "province_name": "กาญจนบุรี", "zone_number": 5, "PartyTerminated": false, "Age": 61, "Occupation": "ราชการบำนาญ", "HighestEducation": "ปริญญาตรี", "ImageFileId": "5c5a4a22fbcb5f19bca8ef79", "SelfIntroduceFileId": "5c5a4c87fbcb5f19bca90571", "PartyLogo": "https://storage.googleapis.com/candidate-thumbs/party/184.png", "CandididatePhoto": "https://storage.googleapis.com/candidate-thumbs/images/71-5-20.jpg"}, {"Unnamed: 0": 3996, "CandidateId": "75dd793e-bb6e-4d3b-ba5e-75f0d0cbd2e4", "CandidateNo": 21, "FirstName": "อัครวินทร์", "LastName": "แพรกนก", "PartyName": "พลังไทยรักชาติ", "PartyNumber": 155, "Title": "นาย", "Votable": true, "province_id": 71, "province_name": "กาญจนบุรี", "zone_number": 5, "PartyTerminated": false, "Age": 60, "Occupation": "ทำสวน", "HighestEducation": "ต่ำกว่าปริญญาตรี", "ImageFileId": "5c5ba0d6fbcb5f16fc65881b", "SelfIntroduceFileId": "5c5ba30bfbcb5f16fc6597a1", "PartyLogo": "https://storage.googleapis.com/candidate-thumbs/party/155.png", "CandididatePhoto": "https://storage.googleapis.com/candidate-thumbs/images/71-5-21.jpg"}, {"Unnamed: 0": 3997, "CandidateId": "1f54add2-224c-42fb-ae7d-6cb9e2a2978e", "CandidateNo": 22, "FirstName": "ฉัตรชัย", "LastName": "สอาดเอี่ยม", "PartyName": "เครือข่ายชาวนาแห่งประเทศไทย", "PartyNumber": 22, "Title": "นาย", "Votable": true, "province_id": 71, "province_name": "กาญจนบุรี", "zone_number": 5, "PartyTerminated": false, "Age": 60, "Occupation": "เกษตรกร", "HighestEducation": "ต่ำกว่าปริญญาตรี", "ImageFileId": "5c5bcb3dfbcb5f16fc669b1e", "SelfIntroduceFileId": "5c5bce19fbcb5f16fc66af1b", "PartyLogo": "https://storage.googleapis.com/candidate-thumbs/party/22.png", "CandididatePhoto": "https://storage.googleapis.com/candidate-thumbs/images/71-5-22.jpg"}, {"Unnamed: 0": 3998, "CandidateId": "abfa3bcf-4840-4c39-96c7-938ead8e7ebe", "CandidateNo": 23, "FirstName": "ธนโชติ", "LastName": "อนันตเดโชชัย", "PartyName": "มหาชน", "PartyNumber": 4, "Title": "นาย", "Votable": true, "province_id": 71, "province_name": "กาญจนบุรี", "zone_number": 5, "PartyTerminated": false, "Age": 57, "Occupation": "ธุรกิจส่วนตัว", "HighestEducation": "ต่ำกว่าปริญญาตรี", "ImageFileId": "5c5bd39afbcb5f16fc66d769", "SelfIntroduceFileId": "5c5bd5e8fbcb5f16fc66e633", "PartyLogo": "https://storage.googleapis.com/candidate-thumbs/party/4.png", "CandididatePhoto": "https://storage.googleapis.com/candidate-thumbs/images/71-5-23.jpg"}, {"Unnamed: 0": 3999, "CandidateId": "6d8347f2-4236-4fc1-ae89-68fda01a968a", "CandidateNo": 24, "FirstName": "ภูมิศักดิ์", "LastName": "สุทธิ", "PartyName": "พลังชาติไทย", "PartyNumber": 186, "Title": "นาย", "Votable": true, "province_id": 71, "province_name": "กาญจนบุรี", "zone_number": 5, "PartyTerminated": false, "Age": 69, "Occupation": "เกษตรกร", "HighestEducation": "ต่ำกว่าปริญญาตรี", "ImageFileId": "5c5bfcc4fbcb5f16fc681531", "SelfIntroduceFileId": "5c5c0029fbcb5f16fc6822ec", "PartyLogo": "https://storage.googleapis.com/candidate-thumbs/party/186.png", "CandididatePhoto": "https://storage.googleapis.com/candidate-thumbs/images/71-5-24.jpg"}, {"Unnamed: 0": 4000, "CandidateId": "602c8f36-56e9-4268-9659-212d6ea505dc", "CandidateNo": 25, "FirstName": "ตระการ", "LastName": "สมใจเพ็ง", "PartyName": "ครูไทยเพื่อประชาชน", "PartyNumber": 118, "Title": "นาย", "Votable": true, "province_id": 71, "province_name": "กาญจนบุรี", "zone_number": 5, "PartyTerminated": false, "Age": 27, "Occupation": "รับจ้าง", "HighestEducation": "ต่ำกว่าปริญญาตรี", "ImageFileId": "5c5d3c0afbcb5f0fd886257d", "SelfIntroduceFileId": "5c5d3f6ffbcb5f0fd886469b", "PartyLogo": "https://storage.googleapis.com/candidate-thumbs/party/118.png", "CandididatePhoto": "https://storage.googleapis.com/candidate-thumbs/images/71-5-25.jpg"}, {"Unnamed: 0": 4001, "CandidateId": "e2719e5f-ddfc-4642-833c-a29a30e0aa7b", "CandidateNo": 26, "FirstName": "อรวรรณ", "LastName": "ผ่องศิริ", "PartyName": "ไทรักธรรม", "PartyNumber": 144, "Title": "นาง", "Votable": true, "province_id": 71, "province_name": "กาญจนบุรี", "zone_number": 5, "PartyTerminated": false, "Age": 50, "Occupation": "ค้าขาย", "HighestEducation": "ปริญญาตรี", "ImageFileId": "5c5d43d8fbcb5f0fd8867594", "SelfIntroduceFileId": "5c5d4749fbcb5f0fd8869a0e", "PartyLogo": "https://storage.googleapis.com/candidate-thumbs/party/144.png", "CandididatePhoto": "https://storage.googleapis.com/candidate-thumbs/images/71-5-26.jpg"}]