[{"Unnamed: 0": 3869, "CandidateId": "e2bc0ee2-0d67-4a6b-bbf4-7b385bb0551d", "CandidateNo": 1, "FirstName": "พัฒน์พงศ์", "LastName": "จันทร์อัมพร", "PartyName": "รักษ์ผืนป่าประเทศไทย", "PartyNumber": 133, "Title": "นาย", "Votable": true, "province_id": 71, "province_name": "กาญจนบุรี", "zone_number": 1, "PartyTerminated": false, "Age": 47, "Occupation": "ค้าขาย", "HighestEducation": "ต่ำกว่าปริญญาตรี", "ImageFileId": "5c57aef1fbcb5f1eec0cfe4b", "SelfIntroduceFileId": "5c57b2dcfbcb5f1eec0d0e8a", "PartyLogo": "https://storage.googleapis.com/candidate-thumbs/party/133.png", "CandididatePhoto": "https://storage.googleapis.com/candidate-thumbs/images/71-1-1.jpg"}, {"Unnamed: 0": 3870, "CandidateId": "0805b72f-e381-41da-aa16-ff4b924c1ba9", "CandidateNo": 2, "FirstName": "สมชาย", "LastName": "วิษณุวงศ์", "PartyName": "พลังประชารัฐ", "PartyNumber": 192, "Title": "พลเอก", "Votable": true, "province_id": 71, "province_name": "กาญจนบุรี", "zone_number": 1, "PartyTerminated": false, "Age": 73, "Occupation": "ข้าราชการบำนาญ", "HighestEducation": "ปริญญาตรี", "ImageFileId": "5c57be4efbcb5f1eec0d5823", "SelfIntroduceFileId": "5c57c0e2fbcb5f1eec0d6c55", "PartyLogo": "https://storage.googleapis.com/candidate-thumbs/party/192.png", "CandididatePhoto": "https://storage.googleapis.com/candidate-thumbs/images/71-1-2.jpg"}, {"Unnamed: 0": 3871, "CandidateId": "77303208-6b66-4aeb-adce-72c0042e4032", "CandidateNo": 3, "FirstName": "ธีรชัย", "LastName": "ชุติมันต์", "PartyName": "ภูมิใจไทย", "PartyNumber": 63, "Title": "นาย", "Votable": true, "province_id": 71, "province_name": "กาญจนบุรี", "zone_number": 1, "PartyTerminated": false, "Age": 58, "Occupation": "ประกอบธุรกิจส่วนตัว", "HighestEducation": "ปริญญาเอก", "ImageFileId": "5c5bf6c2fbcb5f16fc67fbee", "SelfIntroduceFileId": "5c57cf28fbcb5f1eec0dc9e5", "PartyLogo": "https://storage.googleapis.com/candidate-thumbs/party/63.png", "CandididatePhoto": "https://storage.googleapis.com/candidate-thumbs/images/71-1-3.jpg"}, {"Unnamed: 0": 3872, "CandidateId": "bf5e4f48-d8eb-46ac-ba3e-432c109f5265", "CandidateNo": 4, "FirstName": "ไพฑูรย์", "LastName": "สังข์ทอง", "PartyName": "ประชานิยม", "PartyNumber": 191, "Title": "ร้อยตำรวจโท", "Votable": true, "province_id": 71, "province_name": "กาญจนบุรี", "zone_number": 1, "PartyTerminated": false, "Age": 61, "Occupation": "ข้าราชการตำรวจ", "HighestEducation": "ต่ำกว่าปริญญาตรี", "ImageFileId": "5c5d3adffbcb5f0fd88618b9", "SelfIntroduceFileId": "5c57d727fbcb5f1eec0dec4b", "PartyLogo": "https://storage.googleapis.com/candidate-thumbs/party/191.png", "CandididatePhoto": "https://storage.googleapis.com/candidate-thumbs/images/71-1-4.jpg"}, {"Unnamed: 0": 3873, "CandidateId": "956de31e-ff21-4057-b3a6-7ac458fe837a", "CandidateNo": 5, "FirstName": "ธนพัต", "LastName": "ทองใบ", "PartyName": "พลังท้องถิ่นไท", "PartyNumber": 124, "Title": "นาย", "Votable": true, "province_id": 71, "province_name": "กาญจนบุรี", "zone_number": 1, "PartyTerminated": false, "Age": 54, "Occupation": "ธุรกิจส่วนตัว", "HighestEducation": "ปริญญาโท", "ImageFileId": "5c57dd03fbcb5f1eec0e0a5e", "SelfIntroduceFileId": "5c57de53fbcb5f1eec0e14cd", "PartyLogo": "https://storage.googleapis.com/candidate-thumbs/party/124.png", "CandididatePhoto": "https://storage.googleapis.com/candidate-thumbs/images/71-1-5.jpg"}, {"Unnamed: 0": 3874, "CandidateId": "a88601ab-f4aa-448b-944e-20d4c0156fff", "CandidateNo": 6, "FirstName": "ดามพ์", "LastName": "เผด็จดัสกร", "PartyName": "เพื่อชาติ", "PartyNumber": 149, "Title": "นาย", "Votable": true, "province_id": 71, "province_name": "กาญจนบุรี", "zone_number": 1, "PartyTerminated": false, "Age": 73, "Occupation": "ดารานักแสดง", "HighestEducation": "ปริญญาตรี", "ImageFileId": "5c57e2cffbcb5f1eec0e2ef5", "SelfIntroduceFileId": "5c57e45cfbcb5f1eec0e3b4b", "PartyLogo": "https://storage.googleapis.com/candidate-thumbs/party/149.png", "CandididatePhoto": "https://storage.googleapis.com/candidate-thumbs/images/71-1-6.jpg"}, {"Unnamed: 0": 3875, "CandidateId": "028888d1-e7db-43d9-a8fb-e8e3a27232cd", "CandidateNo": 7, "FirstName": "กิติศักดิ์", "LastName": "อินชูกูล", "PartyName": "รวมพลังประชาชาติไทย", "PartyNumber": 181, "Title": "นาย", "Votable": true, "province_id": 71, "province_name": "กาญจนบุรี", "zone_number": 1, "PartyTerminated": false, "Age": 36, "Occupation": "พนักงานบริษัท", "HighestEducation": "ปริญญาตรี", "ImageFileId": "5c57e84bfbcb5f1eec0e5f7d", "SelfIntroduceFileId": "5c57e9eafbcb5f1eec0e6bbe", "PartyLogo": "https://storage.googleapis.com/candidate-thumbs/party/181.png", "CandididatePhoto": "https://storage.googleapis.com/candidate-thumbs/images/71-1-7.jpg"}, {"Unnamed: 0": 3876, "CandidateId": "50e74d8c-b146-4f39-b427-3a0e240f515e", "CandidateNo": 8, "FirstName": "เศษฐวิชช์", "LastName": "อัครกิจวราสกุล", "PartyName": "เสรีรวมไทย", "PartyNumber": 145, "Title": "นาย", "Votable": true, "province_id": 71, "province_name": "กาญจนบุรี", "zone_number": 1, "PartyTerminated": false, "Age": 39, "Occupation": "ติดต่อประสานงาน", "HighestEducation": "ปริญญาโท", "ImageFileId": "5c57eeb3fbcb5f1eec0e96a7", "SelfIntroduceFileId": "5c57f054fbcb5f1eec0ea502", "PartyLogo": "https://storage.googleapis.com/candidate-thumbs/party/145.png", "CandididatePhoto": "https://storage.googleapis.com/candidate-thumbs/images/71-1-8.jpg"}, {"Unnamed: 0": 3877, "CandidateId": "4d4ad170-45e5-4612-880c-3a382ac8c00b", "CandidateNo": 9, "FirstName": "ไชยันต์", "LastName": "อินทสะอาด", "PartyName": "ไทยศรีวิไลย์", "PartyNumber": 180, "Title": "พลตรี", "Votable": true, "province_id": 71, "province_name": "กาญจนบุรี", "zone_number": 1, "PartyTerminated": false, "Age": 70, "Occupation": "เกษตรกร ทำสวนผสมผสาน", "HighestEducation": "ปริญญาเอก", "ImageFileId": "5c57f315fbcb5f1eec0ebf41", "SelfIntroduceFileId": "5c57f3f3fbcb5f1eec0ec7f7", "PartyLogo": "https://storage.googleapis.com/candidate-thumbs/party/180.png", "CandididatePhoto": "https://storage.googleapis.com/candidate-thumbs/images/71-1-9.jpg"}, {"Unnamed: 0": 3878, "CandidateId": "91a73c2f-3a73-4d8a-bd8e-b762201636c8", "CandidateNo": 10, "FirstName": "อาศุชิน", "LastName": "เป้าอารีย์", "PartyName": "ประชาธิปัตย์", "PartyNumber": 1, "Title": "นาย", "Votable": true, "province_id": 71, "province_name": "กาญจนบุรี", "zone_number": 1, "PartyTerminated": false, "Age": 48, "Occupation": "ผู้บริหารบริษัทฯ", "HighestEducation": "ปริญญาโท", "ImageFileId": "5c5d3b78fbcb5f0fd8861e2c", "SelfIntroduceFileId": "5c57f8b7fbcb5f1eec0ef92c", "PartyLogo": "https://storage.googleapis.com/candidate-thumbs/party/1.png", "CandididatePhoto": "https://storage.googleapis.com/candidate-thumbs/images/71-1-10.jpg"}, {"Unnamed: 0": 3879, "CandidateId": "9fe3d3ed-ef13-48e8-8858-13dbfc0ac046", "CandidateNo": 11, "FirstName": "วรสุดา", "LastName": "สุขารมณ์", "PartyName": "ไทยรักษาชาติ", "PartyNumber": 77, "Title": "นางสาว", "Votable": true, "province_id": 71, "province_name": "กาญจนบุรี", "zone_number": 1, "PartyTerminated": true, "Age": 42, "Occupation": "ผู้ช่วยอธิการบดีมหาวิทยาลัยมหิดล", "HighestEducation": "ปริญญาเอก", "ImageFileId": "5c5a9b4bfbcb5f19bcab28a8", "SelfIntroduceFileId": "5c57fd4bfbcb5f1eec0f37da", "PartyLogo": "https://storage.googleapis.com/candidate-thumbs/party/77.png", "CandididatePhoto": "https://storage.googleapis.com/candidate-thumbs/images/71-1-11.jpg"}, {"Unnamed: 0": 3880, "CandidateId": "69a3af2c-7caf-4a11-a5b7-6364a5337584", "CandidateNo": 12, "FirstName": "โกสัญญา", "LastName": "ภุมรินทร์", "PartyName": "ประชาภิวัฒน์", "PartyNumber": 172, "Title": "นาย", "Votable": true, "province_id": 71, "province_name": "กาญจนบุรี", "zone_number": 1, "PartyTerminated": false, "Age": 56, "Occupation": "ผู้จัดการแผนกทัวร์", "HighestEducation": "ปริญญาตรี", "ImageFileId": "5c5a9a4dfbcb5f19bcab231f", "SelfIntroduceFileId": "5c58049dfbcb5f1eec0f9fd9", "PartyLogo": "https://storage.googleapis.com/candidate-thumbs/party/172.png", "CandididatePhoto": "https://storage.googleapis.com/candidate-thumbs/images/71-1-12.jpg"}, {"Unnamed: 0": 3881, "CandidateId": "84cc0d1b-0408-44f4-b2c6-5cb83c15bd3f", "CandidateNo": 13, "FirstName": "วิลัยพันธ์", "LastName": "พุทธรักษา", "PartyName": "ภราดรภาพ", "PartyNumber": 154, "Title": "นางสาว", "Votable": true, "province_id": 71, "province_name": "กาญจนบุรี", "zone_number": 1, "PartyTerminated": false, "Age": 40, "Occupation": "ธุรกิจส่วนตัว/ทนายความ", "HighestEducation": "ปริญญาตรี", "ImageFileId": "5c580bc1fbcb5f1eec0ffbaf", "SelfIntroduceFileId": "5c5810e0fbcb5f1eec10363d", "PartyLogo": "https://storage.googleapis.com/candidate-thumbs/party/154.png", "CandididatePhoto": "https://storage.googleapis.com/candidate-thumbs/images/71-1-13.jpg"}, {"Unnamed: 0": 3882, "CandidateId": "578a2fa4-0748-4b5a-8c4f-bfcdc03604a0", "CandidateNo": 14, "FirstName": "สนธิชัย", "LastName": "สีสันต์", "PartyName": "ชาติไทยพัฒนา", "PartyNumber": 55, "Title": "นาย", "Votable": true, "province_id": 71, "province_name": "กาญจนบุรี", "zone_number": 1, "PartyTerminated": false, "Age": 55, "Occupation": "เกษตรกร", "HighestEducation": "ต่ำกว่าปริญญาตรี", "ImageFileId": "5c5d3b25fbcb5f0fd8861b7a", "SelfIntroduceFileId": "5c581403fbcb5f1eec1051c6", "PartyLogo": "https://storage.googleapis.com/candidate-thumbs/party/55.png", "CandididatePhoto": "https://storage.googleapis.com/candidate-thumbs/images/71-1-14.jpg"}, {"Unnamed: 0": 3883, "CandidateId": "c7dd2ca7-90ce-4411-9069-91992c1c3669", "CandidateNo": 15, "FirstName": "นาฎอนงค์", "LastName": "โคกคำ", "PartyName": "ไทยรุ่งเรือง", "PartyNumber": 194, "Title": "นางสาว", "Votable": true, "province_id": 71, "province_name": "กาญจนบุรี", "zone_number": 1, "PartyTerminated": false, "Age": 28, "Occupation": "รับจ้างทั่วไป", "HighestEducation": "ปริญญาตรี", "ImageFileId": "5c580be9fbcb5f1eec0ffd11", "SelfIntroduceFileId": "5c580d1afbcb5f1eec100a57", "PartyLogo": "https://storage.googleapis.com/candidate-thumbs/party/194.png", "CandididatePhoto": "https://storage.googleapis.com/candidate-thumbs/images/71-1-15.jpg"}, {"Unnamed: 0": 3884, "CandidateId": "9e2d912d-a67f-4136-9a2c-ac2e2894c7cf", "CandidateNo": 16, "FirstName": "วรรษภณ", "LastName": "แสงเป่า", "PartyName": "อนาคตใหม่", "PartyNumber": 177, "Title": "นาย", "Votable": true, "province_id": 71, "province_name": "กาญจนบุรี", "zone_number": 1, "PartyTerminated": false, "Age": 61, "Occupation": "ทนายความ", "HighestEducation": "ปริญญาตรี", "ImageFileId": "5c58fd12fbcb5f1d8813a045", "SelfIntroduceFileId": "5c58ff22fbcb5f1d8813b60d", "PartyLogo": "https://storage.googleapis.com/candidate-thumbs/party/177.png", "CandididatePhoto": "https://storage.googleapis.com/candidate-thumbs/images/71-1-16.jpg"}, {"Unnamed: 0": 3885, "CandidateId": "282e212e-460d-437d-a0ad-92610ab6dde3", "CandidateNo": 17, "FirstName": "สิทธิชัย", "LastName": "มนตรีวิบูลย์ชัย", "PartyName": "เพื่อนไทย", "PartyNumber": 179, "Title": "นาย", "Votable": false, "province_id": 71, "province_name": "กาญจนบุรี", "zone_number": 1, "PartyTerminated": false, "Age": 57, "Occupation": "เกษตรกร (เลี้ยงสุกร)", "HighestEducation": "ต่ำกว่าปริญญาตรี", "ImageFileId": "5c5905a8fbcb5f1d8814063f", "SelfIntroduceFileId": "5c59300afbcb5f1d8815fec0", "PartyLogo": "https://storage.googleapis.com/candidate-thumbs/party/179.png", "CandididatePhoto": "https://storage.googleapis.com/candidate-thumbs/images/71-1-17.jpg"}, {"Unnamed: 0": 3886, "CandidateId": "8f1f07a4-97b1-454b-a966-e162828dde88", "CandidateNo": 18, "FirstName": "ยอดชาย", "LastName": "บุญจีน", "PartyName": "เศรษฐกิจใหม่", "PartyNumber": 193, "Title": "นาย", "Votable": true, "province_id": 71, "province_name": "กาญจนบุรี", "zone_number": 1, "PartyTerminated": false, "Age": 46, "Occupation": "ธุรกิจส่วนตัว", "HighestEducation": "ต่ำกว่าปริญญาตรี", "ImageFileId": "5c5a9c1bfbcb5f19bcab2e81", "SelfIntroduceFileId": "5c595a70fbcb5f1d88180ecc", "PartyLogo": "https://storage.googleapis.com/candidate-thumbs/party/193.png", "CandididatePhoto": "https://storage.googleapis.com/candidate-thumbs/images/71-1-18.jpg"}, {"Unnamed: 0": 3887, "CandidateId": "c55d231f-de69-4dc3-8c08-9d44e765e753", "CandidateNo": 19, "FirstName": "สำราญ", "LastName": "วงษ์น้อย", "PartyName": "พลังปวงชนไทย", "PartyNumber": 184, "Title": "ร้อยตรี", "Votable": true, "province_id": 71, "province_name": "กาญจนบุรี", "zone_number": 1, "PartyTerminated": false, "Age": 62, "Occupation": "ข้าราชการบำนาญ", "HighestEducation": "ต่ำกว่าปริญญาตรี", "ImageFileId": "5c5a5c3dfbcb5f19bca98a66", "SelfIntroduceFileId": "5c5a5e2dfbcb5f19bca9a078", "PartyLogo": "https://storage.googleapis.com/candidate-thumbs/party/184.png", "CandididatePhoto": "https://storage.googleapis.com/candidate-thumbs/images/71-1-19.jpg"}, {"Unnamed: 0": 3888, "CandidateId": "c2649691-62f8-4dcd-8da1-f4fa2562990c", "CandidateNo": 20, "FirstName": "ศิริพร", "LastName": "เกิดสิน", "PartyName": "ประชาชนปฏิรูป", "PartyNumber": 176, "Title": "นางสาว", "Votable": true, "province_id": 71, "province_name": "กาญจนบุรี", "zone_number": 1, "PartyTerminated": false, "Age": 52, "Occupation": "อาสาสมัครทั่วไป (อปพร.  ชรบ.)และดูแลผู้สูงอายุ(มารดา)", "HighestEducation": "ปริญญาตรี", "ImageFileId": "5c5a7557fbcb5f19bcaa1ac4", "SelfIntroduceFileId": "5c5bd465fbcb5f16fc66dd92", "PartyLogo": "https://storage.googleapis.com/candidate-thumbs/party/176.png", "CandididatePhoto": "https://storage.googleapis.com/candidate-thumbs/images/71-1-20.jpg"}, {"Unnamed: 0": 3889, "CandidateId": "9f502403-cfad-4cad-8dcd-85324bdedadf", "CandidateNo": 21, "FirstName": "อุดม", "LastName": "สุภาเนติรัตน์", "PartyName": "ครูไทยเพื่อประชาชน", "PartyNumber": 118, "Title": "นาย", "Votable": true, "province_id": 71, "province_name": "กาญจนบุรี", "zone_number": 1, "PartyTerminated": false, "Age": 63, "Occupation": "รับราชการครู", "HighestEducation": "ปริญญาตรี", "ImageFileId": "5c5ba993fbcb5f16fc65c3ae", "SelfIntroduceFileId": "5c5baaa2fbcb5f16fc65cb15", "PartyLogo": "https://storage.googleapis.com/candidate-thumbs/party/118.png", "CandididatePhoto": "https://storage.googleapis.com/candidate-thumbs/images/71-1-21.jpg"}, {"Unnamed: 0": 3890, "CandidateId": "962ac62b-2c06-46b0-8788-f202637bcc27", "CandidateNo": 22, "FirstName": "ชุมพล", "LastName": "ดอกเรียง", "PartyName": "มหาชน", "PartyNumber": 4, "Title": "นาย", "Votable": true, "province_id": 71, "province_name": "กาญจนบุรี", "zone_number": 1, "PartyTerminated": false, "Age": 49, "Occupation": "ธุรกิจส่วนตัว", "HighestEducation": "ต่ำกว่าปริญญาตรี", "ImageFileId": "5c5bb491fbcb5f16fc6621b2", "SelfIntroduceFileId": "5c5bb661fbcb5f16fc662b81", "PartyLogo": "https://storage.googleapis.com/candidate-thumbs/party/4.png", "CandididatePhoto": "https://storage.googleapis.com/candidate-thumbs/images/71-1-22.jpg"}, {"Unnamed: 0": 3891, "CandidateId": "8ee6d6c6-a4e2-40c6-8581-0d783d1a3a23", "CandidateNo": 23, "FirstName": "ณรงค์", "LastName": "เรืองขจร", "PartyName": "เครือข่ายชาวนาแห่งประเทศไทย", "PartyNumber": 22, "Title": "นาย", "Votable": true, "province_id": 71, "province_name": "กาญจนบุรี", "zone_number": 1, "PartyTerminated": false, "Age": 55, "Occupation": "เกษตรกร", "HighestEducation": "ต่ำกว่าปริญญาตรี", "ImageFileId": "5c5bbb0dfbcb5f16fc664d1c", "SelfIntroduceFileId": "5c5bbbe9fbcb5f16fc66526c", "PartyLogo": "https://storage.googleapis.com/candidate-thumbs/party/22.png", "CandididatePhoto": "https://storage.googleapis.com/candidate-thumbs/images/71-1-23.jpg"}, {"Unnamed: 0": 3892, "CandidateId": "847598b6-8556-43f6-bbce-2b4dc628ddbb", "CandidateNo": 24, "FirstName": "สมบัติ", "LastName": "ดาราสุข", "PartyName": "แผ่นดินธรรม", "PartyNumber": 188, "Title": "นาย", "Votable": true, "province_id": 71, "province_name": "กาญจนบุรี", "zone_number": 1, "PartyTerminated": false, "Age": 48, "Occupation": "ทำการเกษตร", "HighestEducation": "ต่ำกว่าปริญญาตรี", "ImageFileId": "5c5bd567fbcb5f16fc66e2d7", "SelfIntroduceFileId": "5c5bd6e0fbcb5f16fc66eebf", "PartyLogo": "https://storage.googleapis.com/candidate-thumbs/party/188.png", "CandididatePhoto": "https://storage.googleapis.com/candidate-thumbs/images/71-1-24.jpg"}, {"Unnamed: 0": 3893, "CandidateId": "687e843e-2bf5-4a94-9ddd-abcfc6026f38", "CandidateNo": 25, "FirstName": "ศยาธิป", "LastName": "เชื้อวงศ์พรหม", "PartyName": "พลังศรัทธา", "PartyNumber": 201, "Title": "นางสาว", "Votable": true, "province_id": 71, "province_name": "กาญจนบุรี", "zone_number": 1, "PartyTerminated": false, "Age": 40, "Occupation": "ค้าขาย-เกษตรกร", "HighestEducation": "ต่ำกว่าปริญญาตรี", "ImageFileId": "5c5bea3efbcb5f16fc679248", "SelfIntroduceFileId": "5c5beb89fbcb5f16fc679d4a", "PartyLogo": "https://storage.googleapis.com/candidate-thumbs/party/201.png", "CandididatePhoto": "https://storage.googleapis.com/candidate-thumbs/images/71-1-25.jpg"}, {"Unnamed: 0": 3894, "CandidateId": "5c5df191-e2fa-47c1-98fe-4e1f2e283b25", "CandidateNo": 26, "FirstName": "ปาริชาติ", "LastName": "ชูแก้ว", "PartyName": "พลังชาติไทย", "PartyNumber": 186, "Title": "นาง", "Votable": true, "province_id": 71, "province_name": "กาญจนบุรี", "zone_number": 1, "PartyTerminated": false, "Age": 47, "Occupation": "ธุรกิจส่วนตัว", "HighestEducation": "ปริญญาตรี", "ImageFileId": "5c5bfdcefbcb5f16fc68189e", "SelfIntroduceFileId": "5c5bffdefbcb5f16fc6821f8", "PartyLogo": "https://storage.googleapis.com/candidate-thumbs/party/186.png", "CandididatePhoto": "https://storage.googleapis.com/candidate-thumbs/images/71-1-26.jpg"}, {"Unnamed: 0": 3895, "CandidateId": "71700553-2ce5-43a7-8e78-c08c32944076", "CandidateNo": 27, "FirstName": "สมชาย", "LastName": "คงพรม", "PartyName": "พลังไทสร้างชาติ", "PartyNumber": 200, "Title": "เรืออากาศตรี", "Votable": true, "province_id": 71, "province_name": "กาญจนบุรี", "zone_number": 1, "PartyTerminated": false, "Age": 60, "Occupation": "ข้าราชการ", "HighestEducation": "ต่ำกว่าปริญญาตรี", "ImageFileId": "5c5cee03fbcb5f16fc68e041", "SelfIntroduceFileId": "5c5cf29bfbcb5f16fc68ff9f", "PartyLogo": "https://storage.googleapis.com/candidate-thumbs/party/200.png", "CandididatePhoto": "https://storage.googleapis.com/candidate-thumbs/images/71-1-27.jpg"}, {"Unnamed: 0": 3896, "CandidateId": "6a24572d-1f1d-4482-826f-82e7fa704c6b", "CandidateNo": 28, "FirstName": "กชพร", "LastName": "ทัพกรุง", "PartyName": "พลังสังคม", "PartyNumber": 198, "Title": "นางสาว", "Votable": true, "province_id": 71, "province_name": "กาญจนบุรี", "zone_number": 1, "PartyTerminated": false, "Age": 51, "Occupation": "เกษตรกร", "HighestEducation": "ต่ำกว่าปริญญาตรี", "ImageFileId": "5c5d2921fbcb5f0fd8858822", "SelfIntroduceFileId": "5c5d2cfafbcb5f0fd885a6ce", "PartyLogo": "https://storage.googleapis.com/candidate-thumbs/party/198.png", "CandididatePhoto": "https://storage.googleapis.com/candidate-thumbs/images/71-1-28.jpg"}, {"Unnamed: 0": 3897, "CandidateId": "41ecff98-f4b7-4d7c-96e3-b016d37d8f89", "CandidateNo": 29, "FirstName": "สัญญา", "LastName": "เสนาบุตร", "PartyName": "ชาติพัฒนา", "PartyNumber": 45, "Title": "นาย", "Votable": true, "province_id": 71, "province_name": "กาญจนบุรี", "zone_number": 1, "PartyTerminated": false, "Age": 45, "Occupation": "ธุรกิจส่วนตัว", "HighestEducation": "ปริญญาตรี", "ImageFileId": "5c5d4905fbcb5f0fd886ae3c", "SelfIntroduceFileId": "5c5d49d8fbcb5f0fd886b80f", "PartyLogo": "https://storage.googleapis.com/candidate-thumbs/party/45.png", "CandididatePhoto": "https://storage.googleapis.com/candidate-thumbs/images/71-1-29.jpg"}]