[{"Unnamed: 0": 10503, "CandidateId": "557c789b-4e11-4319-9157-71fa43ffcbae", "CandidateNo": 1, "FirstName": "เจริญ", "LastName": "สุดโสภา", "PartyName": "ชาติไทยพัฒนา", "PartyNumber": 55, "Title": "พลตรี", "Votable": true, "province_id": 10, "province_name": "กรุงเทพมหานคร", "zone_number": 9, "PartyTerminated": false, "Age": 71, "Occupation": "ข้าราชการบำนาญ", "HighestEducation": "ปริญญาตรี", "ImageFileId": "5c5a2f20fbcb5f19bca875c5", "SelfIntroduceFileId": "5c5bb631fbcb5f16fc662ab5", "PartyLogo": "https://storage.googleapis.com/candidate-thumbs/party/55.png", "CandididatePhoto": "https://storage.googleapis.com/candidate-thumbs/images/10-9-1.jpg"}, {"Unnamed: 0": 10504, "CandidateId": "4048a880-d2e2-44f8-9256-f1e40e04c0b1", "CandidateNo": 2, "FirstName": "สุรชาติ", "LastName": "เทียนทอง", "PartyName": "เพื่อไทย", "PartyNumber": 34, "Title": "นาย", "Votable": true, "province_id": 10, "province_name": "กรุงเทพมหานคร", "zone_number": 9, "PartyTerminated": false, "Age": 39, "Occupation": "นักธุกิจ", "HighestEducation": "ปริญญาโท", "ImageFileId": "5c5a2f3efbcb5f19bca875d9", "SelfIntroduceFileId": "5c57e78bfbcb5f1eec0e58dc", "PartyLogo": "https://storage.googleapis.com/candidate-thumbs/party/34.png", "CandididatePhoto": "https://storage.googleapis.com/candidate-thumbs/images/10-9-2.jpg"}, {"Unnamed: 0": 10505, "CandidateId": "bcb4c05b-4f81-40ec-b7c9-282fe20ce571", "CandidateNo": 3, "FirstName": "นันทวัน", "LastName": "อินธิแสง", "PartyName": "ประชาชาติ", "PartyNumber": 187, "Title": "นางสาว", "Votable": true, "province_id": 10, "province_name": "กรุงเทพมหานคร", "zone_number": 9, "PartyTerminated": false, "Age": 42, "Occupation": "รับซื้อของเก่า ขยะรีไซเคิล", "HighestEducation": "ต่ำกว่าปริญญาตรี", "ImageFileId": "5c5a2f5afbcb5f19bca875e0", "SelfIntroduceFileId": "5c5cdbf4fbcb5f16fc688a6f", "PartyLogo": "https://storage.googleapis.com/candidate-thumbs/party/187.png", "CandididatePhoto": "https://storage.googleapis.com/candidate-thumbs/images/10-9-3.jpg"}, {"Unnamed: 0": 10506, "CandidateId": "4146127c-3e33-4067-83fe-7a7c9c5d1572", "CandidateNo": 4, "FirstName": "ประภัสสร", "LastName": "ชูทอง", "PartyName": "เพื่อชาติ", "PartyNumber": 149, "Title": "นาง", "Votable": true, "province_id": 10, "province_name": "กรุงเทพมหานคร", "zone_number": 9, "PartyTerminated": false, "Age": 64, "Occupation": "ค้าขาย", "HighestEducation": "ต่ำกว่าปริญญาตรี", "ImageFileId": "5c5a32fafbcb5f19bca877a3", "SelfIntroduceFileId": "5c5ce281fbcb5f16fc68a244", "PartyLogo": "https://storage.googleapis.com/candidate-thumbs/party/149.png", "CandididatePhoto": "https://storage.googleapis.com/candidate-thumbs/images/10-9-4.jpg"}, {"Unnamed: 0": 10507, "CandidateId": "90621d2e-6e41-4ce2-ba52-217f3a1ecc28", "CandidateNo": 5, "FirstName": "วิชัย", "LastName": "สังข์ประไพ", "PartyName": "ประชาธิปัตย์", "PartyNumber": 1, "Title": "พลตำรวจตรี", "Votable": true, "province_id": 10, "province_name": "กรุงเทพมหานคร", "zone_number": 9, "PartyTerminated": false, "Age": 64, "Occupation": "รับจ้าง", "HighestEducation": "ปริญญาโท", "ImageFileId": "5c5a3343fbcb5f19bca877fa", "SelfIntroduceFileId": "5c57ffd6fbcb5f1eec0f5a09", "PartyLogo": "https://storage.googleapis.com/candidate-thumbs/party/1.png", "CandididatePhoto": "https://storage.googleapis.com/candidate-thumbs/images/10-9-5.jpg"}, {"Unnamed: 0": 10508, "CandidateId": "195293bb-9dbb-4ca4-bcba-476de6d2dcfd", "CandidateNo": 6, "FirstName": "สิระ", "LastName": "เจนจาคะ", "PartyName": "พลังประชารัฐ", "PartyNumber": 192, "Title": "นาย", "Votable": true, "province_id": 10, "province_name": "กรุงเทพมหานคร", "zone_number": 9, "PartyTerminated": false, "Age": 55, "Occupation": "ธุรกิจส่วนตัว", "HighestEducation": "ปริญญาตรี", "ImageFileId": "5c5a335efbcb5f19bca87800", "SelfIntroduceFileId": "5c5bb69dfbcb5f16fc662d0c", "PartyLogo": "https://storage.googleapis.com/candidate-thumbs/party/192.png", "CandididatePhoto": "https://storage.googleapis.com/candidate-thumbs/images/10-9-6.jpg"}, {"Unnamed: 0": 10509, "CandidateId": "d665a7d2-469e-49f4-87ff-927f4bcc9dbb", "CandidateNo": 7, "FirstName": "บวรกิตติ์", "LastName": "สันทัด", "PartyName": "ภูมิใจไทย", "PartyNumber": 63, "Title": "นาย", "Votable": true, "province_id": 10, "province_name": "กรุงเทพมหานคร", "zone_number": 9, "PartyTerminated": false, "Age": 54, "Occupation": "ทนายความ", "HighestEducation": "ปริญญาตรี", "ImageFileId": "5c5a338dfbcb5f19bca8781e", "SelfIntroduceFileId": "5c5801f4fbcb5f1eec0f789f", "PartyLogo": "https://storage.googleapis.com/candidate-thumbs/party/63.png", "CandididatePhoto": "https://storage.googleapis.com/candidate-thumbs/images/10-9-7.jpg"}, {"Unnamed: 0": 10510, "CandidateId": "05a79e8c-dc44-4a7c-905d-c440d6a59611", "CandidateNo": 8, "FirstName": "ชุมพล", "LastName": "รุ่งวิชานิวัฒน์", "PartyName": "ชาติพัฒนา", "PartyNumber": 45, "Title": "นาย", "Votable": true, "province_id": 10, "province_name": "กรุงเทพมหานคร", "zone_number": 9, "PartyTerminated": false, "Age": 37, "Occupation": "พนักงานบริษัท", "HighestEducation": "ปริญญาโท", "ImageFileId": "5c5a33c8fbcb5f19bca87826", "SelfIntroduceFileId": "5c58062afbcb5f1eec0fb474", "PartyLogo": "https://storage.googleapis.com/candidate-thumbs/party/45.png", "CandididatePhoto": "https://storage.googleapis.com/candidate-thumbs/images/10-9-8.jpg"}, {"Unnamed: 0": 10511, "CandidateId": "4b3d0bf8-8d5d-4feb-8637-3da67c60921d", "CandidateNo": 9, "FirstName": "ศุภกร", "LastName": "จงนภาศิริกูร", "PartyName": "พลังท้องถิ่นไท", "PartyNumber": 124, "Title": "นาย", "Votable": true, "province_id": 10, "province_name": "กรุงเทพมหานคร", "zone_number": 9, "PartyTerminated": false, "Age": 31, "Occupation": "ธุรกิจส่วนตัว", "HighestEducation": "ปริญญาโท", "ImageFileId": "5c5a33e6fbcb5f19bca8782f", "SelfIntroduceFileId": "5c580ee2fbcb5f1eec102035", "PartyLogo": "https://storage.googleapis.com/candidate-thumbs/party/124.png", "CandididatePhoto": "https://storage.googleapis.com/candidate-thumbs/images/10-9-9.jpg"}, {"Unnamed: 0": 10512, "CandidateId": "78c70b2d-d091-4a7f-9b16-0fcd925a1a35", "CandidateNo": 10, "FirstName": "ธัชชา", "LastName": "ภิรมย์ชาติ", "PartyName": "ประชาชนปฏิรูป", "PartyNumber": 176, "Title": "นาย", "Votable": true, "province_id": 10, "province_name": "กรุงเทพมหานคร", "zone_number": 9, "PartyTerminated": false, "Age": 42, "Occupation": "กรรมการบริหาร บ.ออร์ก้า ครีเอทีฟ เซอร์วิส", "HighestEducation": "ปริญญาโท", "ImageFileId": "5c5a3405fbcb5f19bca87847", "SelfIntroduceFileId": "5c580fb9fbcb5f1eec102a0e", "PartyLogo": "https://storage.googleapis.com/candidate-thumbs/party/176.png", "CandididatePhoto": "https://storage.googleapis.com/candidate-thumbs/images/10-9-10.jpg"}, {"Unnamed: 0": 10513, "CandidateId": "4e2fce0d-46be-4d50-9316-baa360a735ef", "CandidateNo": 11, "FirstName": "สุรวัช", "LastName": "สุนทรศารทูล", "PartyName": "รวมพลังประชาชาติไทย", "PartyNumber": 181, "Title": "นาย", "Votable": true, "province_id": 10, "province_name": "กรุงเทพมหานคร", "zone_number": 9, "PartyTerminated": false, "Age": 30, "Occupation": "เจ้าหน้าที่หน่วยงานในกำกับของรัฐ", "HighestEducation": "ปริญญาตรี", "ImageFileId": "5c5a3420fbcb5f19bca878dd", "SelfIntroduceFileId": "5c58107efbcb5f1eec1032c4", "PartyLogo": "https://storage.googleapis.com/candidate-thumbs/party/181.png", "CandididatePhoto": "https://storage.googleapis.com/candidate-thumbs/images/10-9-11.jpg"}, {"Unnamed: 0": 10514, "CandidateId": "3b19617a-762a-4eb3-aa36-80837ad13cc8", "CandidateNo": 12, "FirstName": "กฤษณุชา", "LastName": "สรรเสริญ", "PartyName": "อนาคตใหม่", "PartyNumber": 177, "Title": "นาย", "Votable": true, "province_id": 10, "province_name": "กรุงเทพมหานคร", "zone_number": 9, "PartyTerminated": false, "Age": 45, "Occupation": "พนักงานเอกชน", "HighestEducation": "ปริญญาตรี", "ImageFileId": "5c5a343afbcb5f19bca87933", "SelfIntroduceFileId": "5c5bb6e4fbcb5f16fc66313c", "PartyLogo": "https://storage.googleapis.com/candidate-thumbs/party/177.png", "CandididatePhoto": "https://storage.googleapis.com/candidate-thumbs/images/10-9-12.jpg"}, {"Unnamed: 0": 10515, "CandidateId": "c64be38b-c96d-4d90-a63b-d18c92b610f0", "CandidateNo": 13, "FirstName": "ปัณณธร", "LastName": "รัตน์ภูริเดช", "PartyName": "เสรีรวมไทย", "PartyNumber": 145, "Title": "นาย", "Votable": true, "province_id": 10, "province_name": "กรุงเทพมหานคร", "zone_number": 9, "PartyTerminated": false, "Age": 39, "Occupation": "ธุรกิจส่วนตัว", "HighestEducation": "ปริญญาโท", "ImageFileId": "5c5a3456fbcb5f19bca879c1", "SelfIntroduceFileId": "5c5bec9cfbcb5f16fc67a71c", "PartyLogo": "https://storage.googleapis.com/candidate-thumbs/party/145.png", "CandididatePhoto": "https://storage.googleapis.com/candidate-thumbs/images/10-9-13.jpg"}, {"Unnamed: 0": 10516, "CandidateId": "3aa49555-5009-45c0-b4cb-b47772a48221", "CandidateNo": 14, "FirstName": "พิชิต", "LastName": "จันทร์ประเสริฐ", "PartyName": "ประชาภิวัฒน์", "PartyNumber": 172, "Title": "นาย", "Votable": true, "province_id": 10, "province_name": "กรุงเทพมหานคร", "zone_number": 9, "PartyTerminated": false, "Age": 50, "Occupation": "รับจ้าง", "HighestEducation": "ปริญญาเอก", "ImageFileId": "5c5a3473fbcb5f19bca879e6", "SelfIntroduceFileId": "5c581868fbcb5f1eec1073e2", "PartyLogo": "https://storage.googleapis.com/candidate-thumbs/party/172.png", "CandididatePhoto": "https://storage.googleapis.com/candidate-thumbs/images/10-9-14.jpg"}, {"Unnamed: 0": 10517, "CandidateId": "cb18b4be-2b58-4714-88d6-7e91db99b33f", "CandidateNo": 15, "FirstName": "วีรพัส", "LastName": "เทพา", "PartyName": "รักษ์ผืนป่าประเทศไทย", "PartyNumber": 133, "Title": "นาย", "Votable": true, "province_id": 10, "province_name": "กรุงเทพมหานคร", "zone_number": 9, "PartyTerminated": false, "Age": 49, "Occupation": "ธุรกิจส่วนตัว", "HighestEducation": "ปริญญาตรี", "ImageFileId": "5c5a348dfbcb5f19bca87ad7", "SelfIntroduceFileId": "5c5816d9fbcb5f1eec106751", "PartyLogo": "https://storage.googleapis.com/candidate-thumbs/party/133.png", "CandididatePhoto": "https://storage.googleapis.com/candidate-thumbs/images/10-9-15.jpg"}, {"Unnamed: 0": 10518, "CandidateId": "33f1c3d1-f437-49d6-8ae2-e7f5104c5a80", "CandidateNo": 16, "FirstName": "ฐิตินันต์", "LastName": "ชวนอยู่", "PartyName": "ประชานิยม", "PartyNumber": 191, "Title": "นาย", "Votable": true, "province_id": 10, "province_name": "กรุงเทพมหานคร", "zone_number": 9, "PartyTerminated": false, "Age": 28, "Occupation": "พนักงานบริษัท", "HighestEducation": "ต่ำกว่าปริญญาตรี", "ImageFileId": "5c5a34a8fbcb5f19bca87b06", "SelfIntroduceFileId": "5c5818f1fbcb5f1eec1076b3", "PartyLogo": "https://storage.googleapis.com/candidate-thumbs/party/191.png", "CandididatePhoto": "https://storage.googleapis.com/candidate-thumbs/images/10-9-16.jpg"}, {"Unnamed: 0": 10519, "CandidateId": "c65a0f40-12f6-4602-b59d-c98d521b2c88", "CandidateNo": 17, "FirstName": "ณัฐพล", "LastName": "วิสุทธิวงศ์", "PartyName": "ภราดรภาพ", "PartyNumber": 154, "Title": "นาย", "Votable": true, "province_id": 10, "province_name": "กรุงเทพมหานคร", "zone_number": 9, "PartyTerminated": false, "Age": 29, "Occupation": "นักดนตรี", "HighestEducation": "ต่ำกว่าปริญญาตรี", "ImageFileId": "5c594d0efbcb5f1d88178e61", "SelfIntroduceFileId": "5c58fdfffbcb5f1d8813a9b3", "PartyLogo": "https://storage.googleapis.com/candidate-thumbs/party/154.png", "CandididatePhoto": "https://storage.googleapis.com/candidate-thumbs/images/10-9-17.jpg"}, {"Unnamed: 0": 10520, "CandidateId": "1dab1f38-2966-4a8c-b7cd-5a67f80c0ad1", "CandidateNo": 18, "FirstName": "อรอุสา", "LastName": "งามเบญจวิชัยกุล", "PartyName": "มติประชา", "PartyNumber": 171, "Title": "นาง", "Votable": true, "province_id": 10, "province_name": "กรุงเทพมหานคร", "zone_number": 9, "PartyTerminated": false, "Age": 36, "Occupation": "รับจ้าง", "HighestEducation": "ปริญญาโท", "ImageFileId": "5c594f69fbcb5f1d8817a773", "SelfIntroduceFileId": "5c592602fbcb5f1d881570f8", "PartyLogo": "https://storage.googleapis.com/candidate-thumbs/party/171.png", "CandididatePhoto": "https://storage.googleapis.com/candidate-thumbs/images/10-9-18.jpg"}, {"Unnamed: 0": 10521, "CandidateId": "357f546d-206f-4a5e-a8d9-d8f46cac7326", "CandidateNo": 19, "FirstName": "พสันต์", "LastName": "ดิษเจริญ", "PartyName": "พลังประชาธิปไตย", "PartyNumber": 153, "Title": "นาย", "Votable": true, "province_id": 10, "province_name": "กรุงเทพมหานคร", "zone_number": 9, "PartyTerminated": false, "Age": 38, "Occupation": "ประกอบธุรกิจส่วนตัว", "HighestEducation": "ปริญญาตรี", "ImageFileId": "5c5932c0fbcb5f1d88162558", "SelfIntroduceFileId": "5c5bdddffbcb5f16fc672967", "PartyLogo": "https://storage.googleapis.com/candidate-thumbs/party/153.png", "CandididatePhoto": "https://storage.googleapis.com/candidate-thumbs/images/10-9-19.jpg"}, {"Unnamed: 0": 10522, "CandidateId": "f9469b84-a8f0-4878-bb00-ea3c240a586b", "CandidateNo": 20, "FirstName": "ศักดิภัทร์", "LastName": "สวามิวัสดุ์", "PartyName": "เศรษฐกิจใหม่", "PartyNumber": 193, "Title": "นาย", "Votable": true, "province_id": 10, "province_name": "กรุงเทพมหานคร", "zone_number": 9, "PartyTerminated": false, "Age": 35, "Occupation": "วิศวกร", "HighestEducation": "ปริญญาตรี", "ImageFileId": "5c5a86f4fbcb5f19bcaa9ad2", "SelfIntroduceFileId": "5c5a8c21fbcb5f19bcaac081", "PartyLogo": "https://storage.googleapis.com/candidate-thumbs/party/193.png", "CandididatePhoto": "https://storage.googleapis.com/candidate-thumbs/images/10-9-20.jpg"}, {"Unnamed: 0": 10523, "CandidateId": "142b6066-3621-4982-a33c-4a93d8ced212", "CandidateNo": 21, "FirstName": "กรรวิการ์", "LastName": "บุตรเนียร", "PartyName": "พลังปวงชนไทย", "PartyNumber": 184, "Title": "นาง", "Votable": true, "province_id": 10, "province_name": "กรุงเทพมหานคร", "zone_number": 9, "PartyTerminated": false, "Age": 60, "Occupation": "ธุรกิจส่วนตัว", "HighestEducation": "ต่ำกว่าปริญญาตรี", "ImageFileId": "5c5a8d82fbcb5f19bcaac9e6", "SelfIntroduceFileId": "5c5a8f33fbcb5f19bcaad6d3", "PartyLogo": "https://storage.googleapis.com/candidate-thumbs/party/184.png", "CandididatePhoto": "https://storage.googleapis.com/candidate-thumbs/images/10-9-21.jpg"}, {"Unnamed: 0": 10524, "CandidateId": "20e7832a-d737-4d88-bfa6-f6fad5a41f7b", "CandidateNo": 22, "FirstName": "กฤษฎา", "LastName": "แรงสูงเนิน", "PartyName": "ประชากรไทย", "PartyNumber": 2, "Title": "นาย", "Votable": true, "province_id": 10, "province_name": "กรุงเทพมหานคร", "zone_number": 9, "PartyTerminated": false, "Age": 39, "Occupation": "เกษตรกรรุ่นใหม่ (Young Smart Farmer)", "HighestEducation": "ปริญญาโท", "ImageFileId": "5c5a973bfbcb5f19bcab0d4f", "SelfIntroduceFileId": "5c5a99befbcb5f19bcab1cd2", "PartyLogo": "https://storage.googleapis.com/candidate-thumbs/party/2.png", "CandididatePhoto": "https://storage.googleapis.com/candidate-thumbs/images/10-9-22.jpg"}, {"Unnamed: 0": 10525, "CandidateId": "db76fd8e-e583-4977-b0e2-2ba0b117c6ad", "CandidateNo": 23, "FirstName": "โสพรรณา", "LastName": "ทิพย์โยธา", "PartyName": "ครูไทยเพื่อประชาชน", "PartyNumber": 118, "Title": "นางสาว", "Votable": true, "province_id": 10, "province_name": "กรุงเทพมหานคร", "zone_number": 9, "PartyTerminated": false, "Age": 50, "Occupation": "แม่บ้้าน", "HighestEducation": "ปริญญาตรี", "ImageFileId": "5c5ba401fbcb5f16fc659d7e", "SelfIntroduceFileId": "5c5ba45ffbcb5f16fc659fdb", "PartyLogo": "https://storage.googleapis.com/candidate-thumbs/party/118.png", "CandididatePhoto": "https://storage.googleapis.com/candidate-thumbs/images/10-9-23.jpg"}, {"Unnamed: 0": 10526, "CandidateId": "114656e4-7ddb-46ad-82ca-89b3ad2f1ed7", "CandidateNo": 24, "FirstName": "ฐิตินันทน์", "LastName": "แก้วกิตติกาญจนา", "PartyName": "พลังชาติไทย", "PartyNumber": 186, "Title": "นาย", "Votable": true, "province_id": 10, "province_name": "กรุงเทพมหานคร", "zone_number": 9, "PartyTerminated": false, "Age": 53, "Occupation": "ขับรถยนต์รับจ้างสาธารณะ แท็กซี่", "HighestEducation": "ปริญญาตรี", "ImageFileId": "5c5bafa9fbcb5f16fc65f693", "SelfIntroduceFileId": "5c5cf05afbcb5f16fc68ee22", "PartyLogo": "https://storage.googleapis.com/candidate-thumbs/party/186.png", "CandididatePhoto": "https://storage.googleapis.com/candidate-thumbs/images/10-9-24.jpg"}, {"Unnamed: 0": 10527, "CandidateId": "8c0ff712-d21d-4654-9896-385fd0986615", "CandidateNo": 25, "FirstName": "ไพบูลย์", "LastName": "ภู่ธงแก้ว", "PartyName": "พลังไทสร้างชาติ", "PartyNumber": 200, "Title": "จ่าสิบเอก", "Votable": true, "province_id": 10, "province_name": "กรุงเทพมหานคร", "zone_number": 9, "PartyTerminated": false, "Age": 63, "Occupation": "ข้าราชการบำนาญ", "HighestEducation": "ต่ำกว่าปริญญาตรี", "ImageFileId": "5c5d2b5efbcb5f0fd8859a56", "SelfIntroduceFileId": "5c5d2dedfbcb5f0fd885b1e6", "PartyLogo": "https://storage.googleapis.com/candidate-thumbs/party/200.png", "CandididatePhoto": "https://storage.googleapis.com/candidate-thumbs/images/10-9-25.jpg"}, {"Unnamed: 0": 10528, "CandidateId": "f72b8466-a88a-4af7-9022-072b84531479", "CandidateNo": 26, "FirstName": "ธงชัย", "LastName": "เสี่ยงเทียนชัย", "PartyName": "พลังสังคม", "PartyNumber": 198, "Title": "นาย", "Votable": true, "province_id": 10, "province_name": "กรุงเทพมหานคร", "zone_number": 9, "PartyTerminated": false, "Age": 62, "Occupation": "รับราชการ", "HighestEducation": "ปริญญาตรี", "ImageFileId": "5c5d2dcbfbcb5f0fd885b117", "SelfIntroduceFileId": "5c5d318cfbcb5f0fd885cf5b", "PartyLogo": "https://storage.googleapis.com/candidate-thumbs/party/198.png", "CandididatePhoto": "https://storage.googleapis.com/candidate-thumbs/images/10-9-26.jpg"}, {"Unnamed: 0": 10529, "CandidateId": "0b013b1e-7384-4d1f-b927-e1975b245b51", "CandidateNo": 27, "FirstName": "สมปอง", "LastName": "เพิ่มพูล", "PartyName": "พลังศรัทธา", "PartyNumber": 201, "Title": "นาย", "Votable": true, "province_id": 10, "province_name": "กรุงเทพมหานคร", "zone_number": 9, "PartyTerminated": false, "Age": 64, "Occupation": "ค้าขาย", "HighestEducation": "ต่ำกว่าปริญญาตรี", "ImageFileId": "5c5d3238fbcb5f0fd885d5ab", "SelfIntroduceFileId": "5c5d3450fbcb5f0fd885e523", "PartyLogo": "https://storage.googleapis.com/candidate-thumbs/party/201.png", "CandididatePhoto": "https://storage.googleapis.com/candidate-thumbs/images/10-9-27.jpg"}, {"Unnamed: 0": 10530, "CandidateId": "701cbc52-3c60-446f-98bc-7d4e39278fd7", "CandidateNo": 28, "FirstName": "รุ่งโรจน์", "LastName": "อิบรอฮีม", "PartyName": "ประชาธรรมไทย", "PartyNumber": 190, "Title": "นาย", "Votable": true, "province_id": 10, "province_name": "กรุงเทพมหานคร", "zone_number": 9, "PartyTerminated": false, "Age": 39, "Occupation": "ธุรกิจส่วนตัว", "HighestEducation": "ปริญญาตรี", "ImageFileId": "5c5d3cecfbcb5f0fd8862cb6", "SelfIntroduceFileId": "5c5d3f1ffbcb5f0fd88642e1", "PartyLogo": "https://storage.googleapis.com/candidate-thumbs/party/190.png", "CandididatePhoto": "https://storage.googleapis.com/candidate-thumbs/images/10-9-28.jpg"}, {"Unnamed: 0": 10531, "CandidateId": "18e2aea8-0784-4f3d-bfc0-3e54eb852786", "CandidateNo": 29, "FirstName": "ฟ้าใส", "LastName": "บินสุมัน", "PartyName": "มหาชน", "PartyNumber": 4, "Title": "นาย", "Votable": false, "province_id": 10, "province_name": "กรุงเทพมหานคร", "zone_number": 9, "PartyTerminated": false, "Age": 30, "Occupation": "ธุรกิจส่วนตัว", "HighestEducation": "ปริญญาตรี", "ImageFileId": "5c5d38dbfbcb5f0fd8860941", "SelfIntroduceFileId": "5c5d3ad5fbcb5f0fd8861848", "PartyLogo": "https://storage.googleapis.com/candidate-thumbs/party/4.png", "CandididatePhoto": "https://storage.googleapis.com/candidate-thumbs/images/10-9-29.jpg"}, {"Unnamed: 0": 10532, "CandidateId": "3db54734-1f8e-4789-bb4d-96400cbaec0d", "CandidateNo": 30, "FirstName": "กนกวรรณ", "LastName": "กล่ำเครือ", "PartyName": "ภาคีเครือข่ายไทย", "PartyNumber": 211, "Title": "นาง", "Votable": true, "province_id": 10, "province_name": "กรุงเทพมหานคร", "zone_number": 9, "PartyTerminated": false, "Age": 60, "Occupation": "รับจ้าง", "HighestEducation": "ปริญญาตรี", "ImageFileId": "5c5d4153fbcb5f0fd8865d86", "SelfIntroduceFileId": "5c5d43dafbcb5f0fd88675ce", "PartyLogo": "https://storage.googleapis.com/candidate-thumbs/party/211.png", "CandididatePhoto": "https://storage.googleapis.com/candidate-thumbs/images/10-9-30.jpg"}]