[{"Unnamed: 0": 11119, "CandidateId": "0faf892c-8dbe-4256-ae1d-4904e90aead5", "CandidateNo": 1, "FirstName": "จิรพัฒน์", "LastName": "สัจยากร", "PartyName": "เสรีรวมไทย", "PartyNumber": 145, "Title": "นาย", "Votable": true, "province_id": 10, "province_name": "กรุงเทพมหานคร", "zone_number": 29, "PartyTerminated": false, "Age": 27, "Occupation": "ธุรกิจส่วนตัว", "HighestEducation": "ปริญญาโท", "ImageFileId": "5c57ccb6fbcb5f1eec0dc1e6", "SelfIntroduceFileId": "5c57d0eefbcb5f1eec0dd0f9", "PartyLogo": "https://storage.googleapis.com/candidate-thumbs/party/145.png", "CandididatePhoto": "https://storage.googleapis.com/candidate-thumbs/images/10-29-1.jpg"}, {"Unnamed: 0": 11120, "CandidateId": "8d47a220-cb86-4bac-ab4c-fef114cf5c9b", "CandidateNo": 2, "FirstName": "สราวุธ", "LastName": "ยุติโยธิน", "PartyName": "เพื่อชาติ", "PartyNumber": 149, "Title": "นาย", "Votable": true, "province_id": 10, "province_name": "กรุงเทพมหานคร", "zone_number": 29, "PartyTerminated": false, "Age": 32, "Occupation": "ค้าขาย", "HighestEducation": "ปริญญาตรี", "ImageFileId": "5c57d996fbcb5f1eec0df804", "SelfIntroduceFileId": "5c57d8d8fbcb5f1eec0df480", "PartyLogo": "https://storage.googleapis.com/candidate-thumbs/party/149.png", "CandididatePhoto": "https://storage.googleapis.com/candidate-thumbs/images/10-29-2.jpg"}, {"Unnamed: 0": 11121, "CandidateId": "ebfa4548-7dc0-426c-adfc-1c9f224b1eb5", "CandidateNo": 3, "FirstName": "วิลาศ", "LastName": "จันทร์พิทักษ์", "PartyName": "ประชาธิปัตย์", "PartyNumber": 1, "Title": "นาย", "Votable": true, "province_id": 10, "province_name": "กรุงเทพมหานคร", "zone_number": 29, "PartyTerminated": false, "Age": 67, "Occupation": "นักการเมือง", "HighestEducation": "ปริญญาโท", "ImageFileId": "5c57dc2afbcb5f1eec0e0551", "SelfIntroduceFileId": "5c57dc88fbcb5f1eec0e0701", "PartyLogo": "https://storage.googleapis.com/candidate-thumbs/party/1.png", "CandididatePhoto": "https://storage.googleapis.com/candidate-thumbs/images/10-29-3.jpg"}, {"Unnamed: 0": 11122, "CandidateId": "1c7a7dd7-d4db-4f2f-8623-0189710b5f4d", "CandidateNo": 4, "FirstName": "ปริญญา", "LastName": "กิจยิ่งยง", "PartyName": "ประชาชาติ", "PartyNumber": 187, "Title": "นาย", "Votable": true, "province_id": 10, "province_name": "กรุงเทพมหานคร", "zone_number": 29, "PartyTerminated": false, "Age": 40, "Occupation": "ผู้ประกอบอาชีพอิสระ", "HighestEducation": "ปริญญาตรี", "ImageFileId": "5c57ddf6fbcb5f1eec0e129c", "SelfIntroduceFileId": "5c57ddcbfbcb5f1eec0e0f76", "PartyLogo": "https://storage.googleapis.com/candidate-thumbs/party/187.png", "CandididatePhoto": "https://storage.googleapis.com/candidate-thumbs/images/10-29-4.jpg"}, {"Unnamed: 0": 11123, "CandidateId": "a12a728f-6c03-4c26-b905-3fbb3cd0a346", "CandidateNo": 5, "FirstName": "ปัณย์วีร์", "LastName": "อิสริยาพร", "PartyName": "ชาติพัฒนา", "PartyNumber": 45, "Title": "นางสาว", "Votable": true, "province_id": 10, "province_name": "กรุงเทพมหานคร", "zone_number": 29, "PartyTerminated": false, "Age": 37, "Occupation": "ธุรกิจส่วนตัว", "HighestEducation": "ปริญญาเอก", "ImageFileId": "5c57e0d9fbcb5f1eec0e2266", "SelfIntroduceFileId": "5c57e050fbcb5f1eec0e1f1b", "PartyLogo": "https://storage.googleapis.com/candidate-thumbs/party/45.png", "CandididatePhoto": "https://storage.googleapis.com/candidate-thumbs/images/10-29-5.jpg"}, {"Unnamed: 0": 11124, "CandidateId": "122cf911-4bf8-4b0e-b857-c8177addfdda", "CandidateNo": 6, "FirstName": "ทวีชัย", "LastName": "วงศ์ไพโรจน์กุล", "PartyName": "อนาคตใหม่", "PartyNumber": 177, "Title": "นาย", "Votable": true, "province_id": 10, "province_name": "กรุงเทพมหานคร", "zone_number": 29, "PartyTerminated": false, "Age": 31, "Occupation": "ธุรกิจส่วนตัว", "HighestEducation": "ต่ำกว่าปริญญาตรี", "ImageFileId": "5c57e370fbcb5f1eec0e35fb", "SelfIntroduceFileId": "5c57e359fbcb5f1eec0e3570", "PartyLogo": "https://storage.googleapis.com/candidate-thumbs/party/177.png", "CandididatePhoto": "https://storage.googleapis.com/candidate-thumbs/images/10-29-6.jpg"}, {"Unnamed: 0": 11125, "CandidateId": "e6b56055-29e5-49ed-ae83-65834f9c1a51", "CandidateNo": 7, "FirstName": "ภัทรพล", "LastName": "หมดมลทิน", "PartyName": "ประชาชนปฏิรูป", "PartyNumber": 176, "Title": "นาย", "Votable": true, "province_id": 10, "province_name": "กรุงเทพมหานคร", "zone_number": 29, "PartyTerminated": false, "Age": 43, "Occupation": "ประธานชมรมพัฒนาคุณธรรมเยาวชน", "HighestEducation": "ปริญญาเอก", "ImageFileId": "5c57e5e3fbcb5f1eec0e46c3", "SelfIntroduceFileId": "5c5cf4bcfbcb5f16fc690d1e", "PartyLogo": "https://storage.googleapis.com/candidate-thumbs/party/176.png", "CandididatePhoto": "https://storage.googleapis.com/candidate-thumbs/images/10-29-7.jpg"}, {"Unnamed: 0": 11126, "CandidateId": "0b99e3d8-2e6d-45d0-841b-156f9f1c3a74", "CandidateNo": 8, "FirstName": "ชูชาติ", "LastName": "ยิ้มงาม", "PartyName": "ภูมิใจไทย", "PartyNumber": 63, "Title": "นาย", "Votable": true, "province_id": 10, "province_name": "กรุงเทพมหานคร", "zone_number": 29, "PartyTerminated": false, "Age": 37, "Occupation": "ผู้บริหารองค์กรสาธารณประโยชน์", "HighestEducation": "ปริญญาโท", "ImageFileId": "5c57e805fbcb5f1eec0e5e0e", "SelfIntroduceFileId": "5c57e7c3fbcb5f1eec0e5c04", "PartyLogo": "https://storage.googleapis.com/candidate-thumbs/party/63.png", "CandididatePhoto": "https://storage.googleapis.com/candidate-thumbs/images/10-29-8.jpg"}, {"Unnamed: 0": 11127, "CandidateId": "31674dad-e75b-48f9-ad5b-15afa610fd01", "CandidateNo": 9, "FirstName": "ชญาพัฒน์", "LastName": "โปร่งปรีชา", "PartyName": "พลังท้องถิ่นไท", "PartyNumber": 124, "Title": "นาย", "Votable": true, "province_id": 10, "province_name": "กรุงเทพมหานคร", "zone_number": 29, "PartyTerminated": false, "Age": 30, "Occupation": "ธุรกิจส่วนตัว", "HighestEducation": "ปริญญาตรี", "ImageFileId": "5c57e9dffbcb5f1eec0e6b08", "SelfIntroduceFileId": "5c57ea3afbcb5f1eec0e6e84", "PartyLogo": "https://storage.googleapis.com/candidate-thumbs/party/124.png", "CandididatePhoto": "https://storage.googleapis.com/candidate-thumbs/images/10-29-9.jpg"}, {"Unnamed: 0": 11128, "CandidateId": "81c6682a-cc2a-43d1-9df8-273574fd8ecb", "CandidateNo": 10, "FirstName": "ประพันธ์", "LastName": "โชติอาภรณ์ ร.น.", "PartyName": "พลังธรรมใหม่", "PartyNumber": 175, "Title": "น.อ.", "Votable": true, "province_id": 10, "province_name": "กรุงเทพมหานคร", "zone_number": 29, "PartyTerminated": false, "Age": 79, "Occupation": "ข้าราชการตำแหน่งอาจารย์โรงเรียนเสนาธิการทหารเรือ", "HighestEducation": "ปริญญาตรี", "ImageFileId": "5c57eb93fbcb5f1eec0e7811", "SelfIntroduceFileId": "5c57ed8efbcb5f1eec0e8a6d", "PartyLogo": "https://storage.googleapis.com/candidate-thumbs/party/175.png", "CandididatePhoto": "https://storage.googleapis.com/candidate-thumbs/images/10-29-10.jpg"}, {"Unnamed: 0": 11129, "CandidateId": "8a57fbf9-3052-412b-9275-7c096e833df3", "CandidateNo": 11, "FirstName": "สุภาภรณ์", "LastName": "คงวุฒิปัญญา", "PartyName": "เพื่อไทย", "PartyNumber": 34, "Title": "นาง", "Votable": true, "province_id": 10, "province_name": "กรุงเทพมหานคร", "zone_number": 29, "PartyTerminated": false, "Age": 52, "Occupation": "ค้าขาย", "HighestEducation": "ปริญญาโท", "ImageFileId": "5c57f037fbcb5f1eec0ea41e", "SelfIntroduceFileId": "5c57f09afbcb5f1eec0ea86e", "PartyLogo": "https://storage.googleapis.com/candidate-thumbs/party/34.png", "CandididatePhoto": "https://storage.googleapis.com/candidate-thumbs/images/10-29-11.jpg"}, {"Unnamed: 0": 11130, "CandidateId": "d216cbc5-bab4-4911-a7c6-3ed172977204", "CandidateNo": 12, "FirstName": "วันชัย", "LastName": "เวชพานิช", "PartyName": "ประชาภิวัฒน์", "PartyNumber": 172, "Title": "นาย", "Votable": true, "province_id": 10, "province_name": "กรุงเทพมหานคร", "zone_number": 29, "PartyTerminated": false, "Age": 57, "Occupation": "พนักงานธนาคารแห่งประเทศไทย", "HighestEducation": "ปริญญาตรี", "ImageFileId": "5c57d4b1fbcb5f1eec0de252", "SelfIntroduceFileId": "5c57d514fbcb5f1eec0de304", "PartyLogo": "https://storage.googleapis.com/candidate-thumbs/party/172.png", "CandididatePhoto": "https://storage.googleapis.com/candidate-thumbs/images/10-29-12.jpg"}, {"Unnamed: 0": 11131, "CandidateId": "b0916c70-f2be-4e39-b54b-6ca3fd9e3712", "CandidateNo": 13, "FirstName": "ปุณฐิภาภัคร์", "LastName": "สุวรรณราช", "PartyName": "ชาติไทยพัฒนา", "PartyNumber": 55, "Title": "นางสาว", "Votable": true, "province_id": 10, "province_name": "กรุงเทพมหานคร", "zone_number": 29, "PartyTerminated": false, "Age": 28, "Occupation": "นักแสดงอิสระ", "HighestEducation": "ปริญญาโท", "ImageFileId": "5c57f135fbcb5f1eec0ead26", "SelfIntroduceFileId": "5c57f185fbcb5f1eec0eb02e", "PartyLogo": "https://storage.googleapis.com/candidate-thumbs/party/55.png", "CandididatePhoto": "https://storage.googleapis.com/candidate-thumbs/images/10-29-13.jpg"}, {"Unnamed: 0": 11132, "CandidateId": "4f3d3b17-11f9-4677-ac22-63db01a10083", "CandidateNo": 14, "FirstName": "กชพงศ์", "LastName": "โรจน์ไพศาลกิจ", "PartyName": "รวมพลังประชาชาติไทย", "PartyNumber": 181, "Title": "นาย", "Votable": true, "province_id": 10, "province_name": "กรุงเทพมหานคร", "zone_number": 29, "PartyTerminated": false, "Age": 51, "Occupation": "อาชีพอิสระ ที่ปรึกษาบุคคลและธุรกิจการเงินและการลงทุน", "HighestEducation": "ปริญญาตรี", "ImageFileId": "5c57f34ffbcb5f1eec0ec1d5", "SelfIntroduceFileId": "5c57f39cfbcb5f1eec0ec42d", "PartyLogo": "https://storage.googleapis.com/candidate-thumbs/party/181.png", "CandididatePhoto": "https://storage.googleapis.com/candidate-thumbs/images/10-29-14.jpg"}, {"Unnamed: 0": 11133, "CandidateId": "a3404fcf-906b-4834-b8a0-321993d42770", "CandidateNo": 15, "FirstName": "ณพงศ์", "LastName": "นพเกตุ", "PartyName": "พลังประชารัฐ", "PartyNumber": 192, "Title": "นาย", "Votable": true, "province_id": 10, "province_name": "กรุงเทพมหานคร", "zone_number": 29, "PartyTerminated": false, "Age": 44, "Occupation": "พนักงานมหาวิทยาลัยของรัฐ/อาจารย์", "HighestEducation": "ปริญญาเอก", "ImageFileId": "5c57f4c8fbcb5f1eec0ed0ca", "SelfIntroduceFileId": "5c57f482fbcb5f1eec0ecd81", "PartyLogo": "https://storage.googleapis.com/candidate-thumbs/party/192.png", "CandididatePhoto": "https://storage.googleapis.com/candidate-thumbs/images/10-29-15.jpg"}, {"Unnamed: 0": 11134, "CandidateId": "fc1ce08b-59aa-477c-8ed8-fd81607bd6f1", "CandidateNo": 16, "FirstName": "นิธิศ", "LastName": "อังศุกุลธร", "PartyName": "ภราดรภาพ", "PartyNumber": 154, "Title": "นาย", "Votable": true, "province_id": 10, "province_name": "กรุงเทพมหานคร", "zone_number": 29, "PartyTerminated": false, "Age": 43, "Occupation": "ธุรกิจส่วนตัว", "HighestEducation": "ปริญญาตรี", "ImageFileId": "5c58f9ccfbcb5f1d88138322", "SelfIntroduceFileId": "5c590a4efbcb5f1d88144550", "PartyLogo": "https://storage.googleapis.com/candidate-thumbs/party/154.png", "CandididatePhoto": "https://storage.googleapis.com/candidate-thumbs/images/10-29-16.jpg"}, {"Unnamed: 0": 11135, "CandidateId": "36f6eaec-cecf-4f9e-b9b6-e82a9829f100", "CandidateNo": 17, "FirstName": "ฐิตินันท์", "LastName": "ศิริวสุธา", "PartyName": "รักษ์ผืนป่าประเทศไทย", "PartyNumber": 133, "Title": "นาย", "Votable": true, "province_id": 10, "province_name": "กรุงเทพมหานคร", "zone_number": 29, "PartyTerminated": false, "Age": 31, "Occupation": "ธุรกิจส่วนตัว", "HighestEducation": "ปริญญาตรี", "ImageFileId": "5c592cb5fbcb5f1d8815ce6c", "SelfIntroduceFileId": "5c593526fbcb5f1d8816453a", "PartyLogo": "https://storage.googleapis.com/candidate-thumbs/party/133.png", "CandididatePhoto": "https://storage.googleapis.com/candidate-thumbs/images/10-29-17.jpg"}, {"Unnamed: 0": 11136, "CandidateId": "61d28bac-ea31-46bf-bc7e-21b74cb63ae8", "CandidateNo": 18, "FirstName": "อภัสนันท์", "LastName": "ชูเชิด", "PartyName": "กลาง", "PartyNumber": 203, "Title": "นางสาว", "Votable": true, "province_id": 10, "province_name": "กรุงเทพมหานคร", "zone_number": 29, "PartyTerminated": false, "Age": 41, "Occupation": "อาชีพอิสระ", "HighestEducation": "ต่ำกว่าปริญญาตรี", "ImageFileId": "5c59407efbcb5f1d8816dff8", "SelfIntroduceFileId": "5c59435bfbcb5f1d881708be", "PartyLogo": "https://storage.googleapis.com/candidate-thumbs/party/203.png", "CandididatePhoto": "https://storage.googleapis.com/candidate-thumbs/images/10-29-18.jpg"}, {"Unnamed: 0": 11137, "CandidateId": "b61ea22f-1810-46c7-9988-c89b99727191", "CandidateNo": 19, "FirstName": "อภิกษณาอร", "LastName": "ลิ่วเฉลิมวงศ์", "PartyName": "เศรษฐกิจใหม่", "PartyNumber": 193, "Title": "นาง", "Votable": true, "province_id": 10, "province_name": "กรุงเทพมหานคร", "zone_number": 29, "PartyTerminated": false, "Age": 60, "Occupation": "พนักงานราชการ", "HighestEducation": "ปริญญาตรี", "ImageFileId": "5c5a81a9fbcb5f19bcaa7105", "SelfIntroduceFileId": "5c5a84affbcb5f19bcaa8d00", "PartyLogo": "https://storage.googleapis.com/candidate-thumbs/party/193.png", "CandididatePhoto": "https://storage.googleapis.com/candidate-thumbs/images/10-29-19.jpg"}, {"Unnamed: 0": 11138, "CandidateId": "049ac9f4-a226-4722-a9b4-5f2187738751", "CandidateNo": 20, "FirstName": "พิทักษ์", "LastName": "รักษาวงศ์", "PartyName": "ประชาธิปไตยใหม่", "PartyNumber": 109, "Title": "นาย", "Votable": true, "province_id": 10, "province_name": "กรุงเทพมหานคร", "zone_number": 29, "PartyTerminated": false, "Age": 58, "Occupation": "ธุรกิจส่วนตัว", "HighestEducation": "ปริญญาตรี", "ImageFileId": "5c5a9107fbcb5f19bcaae670", "SelfIntroduceFileId": "5c5a91d2fbcb5f19bcaaec67", "PartyLogo": "https://storage.googleapis.com/candidate-thumbs/party/109.png", "CandididatePhoto": "https://storage.googleapis.com/candidate-thumbs/images/10-29-20.jpg"}, {"Unnamed: 0": 11139, "CandidateId": "2c51ff7d-65f1-4592-8068-1d47324a9640", "CandidateNo": 21, "FirstName": "สัมฤทธิ์", "LastName": "เสลาหอม", "PartyName": "ประชานิยม", "PartyNumber": 191, "Title": "นาย", "Votable": true, "province_id": 10, "province_name": "กรุงเทพมหานคร", "zone_number": 29, "PartyTerminated": false, "Age": 35, "Occupation": "พนักงานบริษัท", "HighestEducation": "ต่ำกว่าปริญญาตรี", "ImageFileId": "5c5aa882fbcb5f19bcab7583", "SelfIntroduceFileId": "5c5aaa36fbcb5f19bcab7d88", "PartyLogo": "https://storage.googleapis.com/candidate-thumbs/party/191.png", "CandididatePhoto": "https://storage.googleapis.com/candidate-thumbs/images/10-29-21.jpg"}, {"Unnamed: 0": 11140, "CandidateId": "5df2cffe-7e7c-45cf-a831-f9cb98920532", "CandidateNo": 22, "FirstName": "บัณฑิต", "LastName": "ธรรมปรีชา", "PartyName": "พลังประชาธิปไตย", "PartyNumber": 153, "Title": "นาย", "Votable": true, "province_id": 10, "province_name": "กรุงเทพมหานคร", "zone_number": 29, "PartyTerminated": false, "Age": 58, "Occupation": "ทนายความ", "HighestEducation": "ปริญญาตรี", "ImageFileId": "5c5b9766fbcb5f16fc6550be", "SelfIntroduceFileId": "5c5b98bafbcb5f16fc6557c5", "PartyLogo": "https://storage.googleapis.com/candidate-thumbs/party/153.png", "CandididatePhoto": "https://storage.googleapis.com/candidate-thumbs/images/10-29-22.jpg"}, {"Unnamed: 0": 11141, "CandidateId": "c7081270-7ddc-4c00-aa36-c3d03b5747ea", "CandidateNo": 23, "FirstName": "ธนกฤษ", "LastName": "นพรัตน์", "PartyName": "พลังชาติไทย", "PartyNumber": 186, "Title": "นาย", "Votable": true, "province_id": 10, "province_name": "กรุงเทพมหานคร", "zone_number": 29, "PartyTerminated": false, "Age": 62, "Occupation": "ธุรกิจส่วนตัว", "HighestEducation": "ปริญญาตรี", "ImageFileId": "5c5b9a6bfbcb5f16fc656235", "SelfIntroduceFileId": "5c5b9be6fbcb5f16fc6567f0", "PartyLogo": "https://storage.googleapis.com/candidate-thumbs/party/186.png", "CandididatePhoto": "https://storage.googleapis.com/candidate-thumbs/images/10-29-23.jpg"}, {"Unnamed: 0": 11142, "CandidateId": "a8e9a2ea-66f5-4b77-a716-066867717ed0", "CandidateNo": 24, "FirstName": "สายรุ้ง", "LastName": "กาวิลา", "PartyName": "พลังไทยรักไทย", "PartyNumber": 185, "Title": "นาง", "Votable": true, "province_id": 10, "province_name": "กรุงเทพมหานคร", "zone_number": 29, "PartyTerminated": false, "Age": 61, "Occupation": "รับจ้าง", "HighestEducation": "ปริญญาตรี", "ImageFileId": "5c5bd5b4fbcb5f16fc66e47c", "SelfIntroduceFileId": "5c5bd77cfbcb5f16fc66f3b4", "PartyLogo": "https://storage.googleapis.com/candidate-thumbs/party/185.png", "CandididatePhoto": "https://storage.googleapis.com/candidate-thumbs/images/10-29-24.jpg"}, {"Unnamed: 0": 11143, "CandidateId": "ee906933-aa35-4c66-89e5-8e3aaccacf7f", "CandidateNo": 25, "FirstName": "ศิริพา", "LastName": "นันทกิจ", "PartyName": "ครูไทยเพื่อประชาชน", "PartyNumber": 118, "Title": "นางสาว", "Votable": true, "province_id": 10, "province_name": "กรุงเทพมหานคร", "zone_number": 29, "PartyTerminated": false, "Age": 50, "Occupation": "กรรมการบริหาร บริษัท โซโลมอน อินทีเรีย แอนด์ อาร์คิเท็ค จำกัด", "HighestEducation": "ปริญญาโท", "ImageFileId": "5c5be20efbcb5f16fc674c6e", "SelfIntroduceFileId": "5c5be543fbcb5f16fc67647f", "PartyLogo": "https://storage.googleapis.com/candidate-thumbs/party/118.png", "CandididatePhoto": "https://storage.googleapis.com/candidate-thumbs/images/10-29-25.jpg"}, {"Unnamed: 0": 11144, "CandidateId": "d6a1062d-294d-4f0d-a6c3-336af37a7a81", "CandidateNo": 26, "FirstName": "บัณฑิต", "LastName": "สนิทประชากร", "PartyName": "พลังสังคม", "PartyNumber": 198, "Title": "นาย", "Votable": true, "province_id": 10, "province_name": "กรุงเทพมหานคร", "zone_number": 29, "PartyTerminated": false, "Age": 63, "Occupation": "ข้าราชการบำนาญ", "HighestEducation": "ปริญญาโท", "ImageFileId": "5c5d266ffbcb5f0fd88570e9", "SelfIntroduceFileId": "5c5d279dfbcb5f0fd8857af9", "PartyLogo": "https://storage.googleapis.com/candidate-thumbs/party/198.png", "CandididatePhoto": "https://storage.googleapis.com/candidate-thumbs/images/10-29-26.jpg"}, {"Unnamed: 0": 11145, "CandidateId": "42675f6a-6143-479f-b11d-e8c01af5fa31", "CandidateNo": 27, "FirstName": "กิตติชัย", "LastName": "ชูเชิด", "PartyName": "ประชาธรรมไทย", "PartyNumber": 190, "Title": "นาย", "Votable": true, "province_id": 10, "province_name": "กรุงเทพมหานคร", "zone_number": 29, "PartyTerminated": false, "Age": 37, "Occupation": "ธุรกิจส่วนตัว", "HighestEducation": "ต่ำกว่าปริญญาตรี", "ImageFileId": "5c5d2854fbcb5f0fd885810a", "SelfIntroduceFileId": "5c5d2bd0fbcb5f0fd8859d86", "PartyLogo": "https://storage.googleapis.com/candidate-thumbs/party/190.png", "CandididatePhoto": "https://storage.googleapis.com/candidate-thumbs/images/10-29-27.jpg"}, {"Unnamed: 0": 11146, "CandidateId": "00f46d7f-2ef3-4078-aaae-2feb9927aa87", "CandidateNo": 28, "FirstName": "สมนึก", "LastName": "ปัทมาลัย", "PartyName": "ภาคีเครือข่ายไทย", "PartyNumber": 211, "Title": "นาง", "Votable": true, "province_id": 10, "province_name": "กรุงเทพมหานคร", "zone_number": 29, "PartyTerminated": false, "Age": 50, "Occupation": "แม่บ้าน", "HighestEducation": "ต่ำกว่าปริญญาตรี", "ImageFileId": "5c5d2ef3fbcb5f0fd885b9ce", "SelfIntroduceFileId": "5c5d30e2fbcb5f0fd885c87b", "PartyLogo": "https://storage.googleapis.com/candidate-thumbs/party/211.png", "CandididatePhoto": "https://storage.googleapis.com/candidate-thumbs/images/10-29-28.jpg"}, {"Unnamed: 0": 11147, "CandidateId": "3b444a90-8558-4900-919a-bcb04b3f7e7f", "CandidateNo": 29, "FirstName": "ธนชาติ", "LastName": "รายวงศ์", "PartyName": "พลังปวงชนไทย", "PartyNumber": 184, "Title": "นาย", "Votable": true, "province_id": 10, "province_name": "กรุงเทพมหานคร", "zone_number": 29, "PartyTerminated": false, "Age": 49, "Occupation": "ทนายความ", "HighestEducation": "ปริญญาตรี", "ImageFileId": "5c5d34fffbcb5f0fd885ea6f", "SelfIntroduceFileId": "5c5d3632fbcb5f0fd885f3db", "PartyLogo": "https://storage.googleapis.com/candidate-thumbs/party/184.png", "CandididatePhoto": "https://storage.googleapis.com/candidate-thumbs/images/10-29-29.jpg"}, {"Unnamed: 0": 11148, "CandidateId": "f04b2f04-d066-406a-97b6-12fbabd1ddde", "CandidateNo": 30, "FirstName": "ณัฐธิดา", "LastName": "นิโครธางกูร", "PartyName": "พลังไทยรักชาติ", "PartyNumber": 155, "Title": "นางสาว", "Votable": true, "province_id": 10, "province_name": "กรุงเทพมหานคร", "zone_number": 29, "PartyTerminated": false, "Age": 54, "Occupation": "ธุรกิจส่วนตัว", "HighestEducation": "ปริญญาตรี", "ImageFileId": "5c5d49abfbcb5f0fd886b57f", "SelfIntroduceFileId": "5c5d4b36fbcb5f0fd886c95d", "PartyLogo": "https://storage.googleapis.com/candidate-thumbs/party/155.png", "CandididatePhoto": "https://storage.googleapis.com/candidate-thumbs/images/10-29-30.jpg"}, {"Unnamed: 0": 11149, "CandidateId": "f6980b07-561b-4e60-b03e-20b8867c0dca", "CandidateNo": 31, "FirstName": "ถวิล", "LastName": "รัตนพงศ์", "PartyName": "ไทรักธรรม", "PartyNumber": 144, "Title": "นาย", "Votable": true, "province_id": 10, "province_name": "กรุงเทพมหานคร", "zone_number": 29, "PartyTerminated": false, "Age": 61, "Occupation": "รับราชการ", "HighestEducation": "ปริญญาตรี", "ImageFileId": "5c5d4e93fbcb5f0fd886ecc7", "SelfIntroduceFileId": "5c5d4e51fbcb5f0fd886ea73", "PartyLogo": "https://storage.googleapis.com/candidate-thumbs/party/144.png", "CandididatePhoto": "https://storage.googleapis.com/candidate-thumbs/images/10-29-31.jpg"}]