[{"Unnamed: 0": 10906, "CandidateId": "15b9d7ca-9456-4c09-825c-cca55643f89a", "CandidateNo": 1, "FirstName": "โชคชัย", "LastName": "อินทรประเสริฐ", "PartyName": "พลังท้องถิ่นไท", "PartyNumber": 124, "Title": "นาย", "Votable": true, "province_id": 10, "province_name": "กรุงเทพมหานคร", "zone_number": 22, "PartyTerminated": false, "Age": 61, "Occupation": "วิทยากร ระบบบริหารคุณภาพ ISO 9001", "HighestEducation": "ปริญญาตรี", "ImageFileId": "5c57da76fbcb5f1eec0dfb69", "SelfIntroduceFileId": "5c5a49d2fbcb5f19bca8edb8", "PartyLogo": "https://storage.googleapis.com/candidate-thumbs/party/124.png", "CandididatePhoto": "https://storage.googleapis.com/candidate-thumbs/images/10-22-1.jpg"}, {"Unnamed: 0": 10907, "CandidateId": "c45e62a7-3a75-4d2f-84ad-6320c0c06727", "CandidateNo": 2, "FirstName": "ฤทธิ์กร", "LastName": "เทศน์สาลี", "PartyName": "รวมพลังประชาชาติไทย", "PartyNumber": 181, "Title": "นาย", "Votable": true, "province_id": 10, "province_name": "กรุงเทพมหานคร", "zone_number": 22, "PartyTerminated": false, "Age": 33, "Occupation": "พนักงานบริษัท", "HighestEducation": "ปริญญาตรี", "ImageFileId": "5c57dab0fbcb5f1eec0dfd19", "SelfIntroduceFileId": "5c58f590fbcb5f1d88135390", "PartyLogo": "https://storage.googleapis.com/candidate-thumbs/party/181.png", "CandididatePhoto": "https://storage.googleapis.com/candidate-thumbs/images/10-22-2.jpg"}, {"Unnamed: 0": 10908, "CandidateId": "6662822f-4515-46a5-ab63-2c2232c36e70", "CandidateNo": 3, "FirstName": "สมชาย", "LastName": "จรุญวงษ์", "PartyName": "ทางเลือกใหม่", "PartyNumber": 170, "Title": "นาย", "Votable": true, "province_id": 10, "province_name": "กรุงเทพมหานคร", "zone_number": 22, "PartyTerminated": false, "Age": 62, "Occupation": "ธุรกิจส่วนตัว", "HighestEducation": "ต่ำกว่าปริญญาตรี", "ImageFileId": "5c57dae1fbcb5f1eec0dfe03", "SelfIntroduceFileId": "5c58fce2fbcb5f1d88139f0a", "PartyLogo": "https://storage.googleapis.com/candidate-thumbs/party/170.png", "CandididatePhoto": "https://storage.googleapis.com/candidate-thumbs/images/10-22-3.jpg"}, {"Unnamed: 0": 10909, "CandidateId": "07ea2c60-253c-4926-9b40-6b529e217b47", "CandidateNo": 4, "FirstName": "วันชัย", "LastName": "ชัยณรงค์โลกา", "PartyName": "เสรีรวมไทย", "PartyNumber": 145, "Title": "นาย", "Votable": true, "province_id": 10, "province_name": "กรุงเทพมหานคร", "zone_number": 22, "PartyTerminated": false, "Age": 43, "Occupation": "ธุรกิจส่วนตัว", "HighestEducation": "ปริญญาโท", "ImageFileId": "5c57db35fbcb5f1eec0dff00", "SelfIntroduceFileId": "5c590d88fbcb5f1d881476b6", "PartyLogo": "https://storage.googleapis.com/candidate-thumbs/party/145.png", "CandididatePhoto": "https://storage.googleapis.com/candidate-thumbs/images/10-22-4.jpg"}, {"Unnamed: 0": 10910, "CandidateId": "e3df63b4-5696-4a95-adca-370f3b1e239e", "CandidateNo": 5, "FirstName": "จิรเสกข์", "LastName": "วัฒนมงคล", "PartyName": "ชาติไทยพัฒนา", "PartyNumber": 55, "Title": "นาย", "Votable": true, "province_id": 10, "province_name": "กรุงเทพมหานคร", "zone_number": 22, "PartyTerminated": false, "Age": 52, "Occupation": "ประธานสภาเขตจอมทอง", "HighestEducation": "ปริญญาโท", "ImageFileId": "5c57dc3dfbcb5f1eec0e0571", "SelfIntroduceFileId": "5c590d1cfbcb5f1d88146e8f", "PartyLogo": "https://storage.googleapis.com/candidate-thumbs/party/55.png", "CandididatePhoto": "https://storage.googleapis.com/candidate-thumbs/images/10-22-5.jpg"}, {"Unnamed: 0": 10911, "CandidateId": "22d0dd06-e8f6-49ca-99c9-8f4bee87ddbe", "CandidateNo": 6, "FirstName": "วัลลภ", "LastName": "ณ นคร", "PartyName": "ประชาชาติ", "PartyNumber": 187, "Title": "พันตำรวจโท", "Votable": true, "province_id": 10, "province_name": "กรุงเทพมหานคร", "zone_number": 22, "PartyTerminated": false, "Age": 63, "Occupation": "ข้าราชการตำรวจ", "HighestEducation": "ปริญญาโท", "ImageFileId": "5c57e237fbcb5f1eec0e2b18", "SelfIntroduceFileId": "5c590dcbfbcb5f1d881479f9", "PartyLogo": "https://storage.googleapis.com/candidate-thumbs/party/187.png", "CandididatePhoto": "https://storage.googleapis.com/candidate-thumbs/images/10-22-6.jpg"}, {"Unnamed: 0": 10912, "CandidateId": "f140b40f-7ae2-4b39-81c5-3b77dad08a2d", "CandidateNo": 7, "FirstName": "เท่าพิภพ", "LastName": "ลิ้มจิตรกร", "PartyName": "อนาคตใหม่", "PartyNumber": 177, "Title": "นาย", "Votable": true, "province_id": 10, "province_name": "กรุงเทพมหานคร", "zone_number": 22, "PartyTerminated": false, "Age": 30, "Occupation": "อาชีพอิสระ", "HighestEducation": "ปริญญาตรี", "ImageFileId": "5c57e29ffbcb5f1eec0e2dad", "SelfIntroduceFileId": "5c5912bbfbcb5f1d8814bf1e", "PartyLogo": "https://storage.googleapis.com/candidate-thumbs/party/177.png", "CandididatePhoto": "https://storage.googleapis.com/candidate-thumbs/images/10-22-7.jpg"}, {"Unnamed: 0": 10913, "CandidateId": "d9973cb6-42de-422d-b87e-79569c01b018", "CandidateNo": 8, "FirstName": "อโนชา", "LastName": "สกุลธนพันธ์", "PartyName": "ไทยศรีวิไลย์", "PartyNumber": 180, "Title": "นาย", "Votable": true, "province_id": 10, "province_name": "กรุงเทพมหานคร", "zone_number": 22, "PartyTerminated": false, "Age": 31, "Occupation": "ธุรกิจส่วนตัว", "HighestEducation": "ปริญญาตรี", "ImageFileId": "5c57e2dafbcb5f1eec0e2f93", "SelfIntroduceFileId": "5c59187ffbcb5f1d8814fbed", "PartyLogo": "https://storage.googleapis.com/candidate-thumbs/party/180.png", "CandididatePhoto": "https://storage.googleapis.com/candidate-thumbs/images/10-22-8.jpg"}, {"Unnamed: 0": 10914, "CandidateId": "34a4a5bc-e253-4733-b315-ed7b0dee4e44", "CandidateNo": 9, "FirstName": "สุรพล", "LastName": "เมฆะอำนวยชัย", "PartyName": "ชาติพัฒนา", "PartyNumber": 45, "Title": "นาย", "Votable": true, "province_id": 10, "province_name": "กรุงเทพมหานคร", "zone_number": 22, "PartyTerminated": false, "Age": 60, "Occupation": "ผู้สอบบัญชีรับอนุญาตและนักกฎหมาย", "HighestEducation": "ปริญญาโท", "ImageFileId": "5c57eadafbcb5f1eec0e7271", "SelfIntroduceFileId": "5c59238cfbcb5f1d88155429", "PartyLogo": "https://storage.googleapis.com/candidate-thumbs/party/45.png", "CandididatePhoto": "https://storage.googleapis.com/candidate-thumbs/images/10-22-9.jpg"}, {"Unnamed: 0": 10915, "CandidateId": "4889e1ae-381b-4b07-aaef-7220e4e445b3", "CandidateNo": 10, "FirstName": "สราริน", "LastName": "ชาลีวรรณ", "PartyName": "ไทยรักษาชาติ", "PartyNumber": 77, "Title": "นาง", "Votable": true, "province_id": 10, "province_name": "กรุงเทพมหานคร", "zone_number": 22, "PartyTerminated": true, "Age": 37, "Occupation": "ธุรกิจส่วนตัว", "HighestEducation": "ปริญญาโท", "ImageFileId": "5c57eb05fbcb5f1eec0e7355", "SelfIntroduceFileId": "5c59280afbcb5f1d881587f0", "PartyLogo": "https://storage.googleapis.com/candidate-thumbs/party/77.png", "CandididatePhoto": "https://storage.googleapis.com/candidate-thumbs/images/10-22-10.jpg"}, {"Unnamed: 0": 10916, "CandidateId": "4b2b4fba-a160-4378-8831-4833c2ed8cd5", "CandidateNo": 11, "FirstName": "ศันสนะ", "LastName": "สุริยะโยธิน", "PartyName": "พลังประชารัฐ", "PartyNumber": 192, "Title": "นาย", "Votable": true, "province_id": 10, "province_name": "กรุงเทพมหานคร", "zone_number": 22, "PartyTerminated": false, "Age": 41, "Occupation": "กรรมการบริษัทเอ็มอีพรีเมี่ยมแอ็คเคาน์ติ้งจำกัด", "HighestEducation": "ปริญญาโท", "ImageFileId": "5c57eb40fbcb5f1eec0e74a9", "SelfIntroduceFileId": "5c593119fbcb5f1d88160dfc", "PartyLogo": "https://storage.googleapis.com/candidate-thumbs/party/192.png", "CandididatePhoto": "https://storage.googleapis.com/candidate-thumbs/images/10-22-11.jpg"}, {"Unnamed: 0": 10917, "CandidateId": "277fe972-e845-4940-9111-a3b7cdce62d7", "CandidateNo": 12, "FirstName": "บุญทวี", "LastName": "คณโฑแก้ว", "PartyName": "ประชาภิวัฒน์", "PartyNumber": 172, "Title": "ร้อยตำรวจโท", "Votable": true, "province_id": 10, "province_name": "กรุงเทพมหานคร", "zone_number": 22, "PartyTerminated": false, "Age": 62, "Occupation": "ข้าราชการตำรวจ", "HighestEducation": "ต่ำกว่าปริญญาตรี", "ImageFileId": "5c57f6c3fbcb5f1eec0ee732", "SelfIntroduceFileId": "5c5938c6fbcb5f1d88167a81", "PartyLogo": "https://storage.googleapis.com/candidate-thumbs/party/172.png", "CandididatePhoto": "https://storage.googleapis.com/candidate-thumbs/images/10-22-12.jpg"}, {"Unnamed: 0": 10918, "CandidateId": "aca11fa0-ac6e-4762-a2fb-455f487d913d", "CandidateNo": 13, "FirstName": "สายรุ้ง", "LastName": "ปิ่นโมรา", "PartyName": "ภูมิใจไทย", "PartyNumber": 63, "Title": "นางสาว", "Votable": true, "province_id": 10, "province_name": "กรุงเทพมหานคร", "zone_number": 22, "PartyTerminated": false, "Age": 57, "Occupation": "นักการเมืองท้องถิ่น", "HighestEducation": "ปริญญาโท", "ImageFileId": "5c57f76dfbcb5f1eec0eedbd", "SelfIntroduceFileId": "5c593dbcfbcb5f1d8816bb37", "PartyLogo": "https://storage.googleapis.com/candidate-thumbs/party/63.png", "CandididatePhoto": "https://storage.googleapis.com/candidate-thumbs/images/10-22-13.jpg"}, {"Unnamed: 0": 10919, "CandidateId": "75ec0c73-2dc2-4d6f-a13a-60545103170f", "CandidateNo": 14, "FirstName": "สุรันต์", "LastName": "จันทร์พิทักษ์", "PartyName": "ประชาธิปัตย์", "PartyNumber": 1, "Title": "นาย", "Votable": true, "province_id": 10, "province_name": "กรุงเทพมหานคร", "zone_number": 22, "PartyTerminated": false, "Age": 63, "Occupation": "ทันตแพทย์", "HighestEducation": "ปริญญาโท", "ImageFileId": "5c57fa3efbcb5f1eec0f0d13", "SelfIntroduceFileId": "5c59422bfbcb5f1d8816f93e", "PartyLogo": "https://storage.googleapis.com/candidate-thumbs/party/1.png", "CandididatePhoto": "https://storage.googleapis.com/candidate-thumbs/images/10-22-14.jpg"}, {"Unnamed: 0": 10920, "CandidateId": "9f14d747-3e36-4aea-bfe9-d04e7dae77b9", "CandidateNo": 15, "FirstName": "สำรวม", "LastName": "บุญทัน", "PartyName": "เพื่อชาติ", "PartyNumber": 149, "Title": "เรือเอก", "Votable": true, "province_id": 10, "province_name": "กรุงเทพมหานคร", "zone_number": 22, "PartyTerminated": false, "Age": 64, "Occupation": "รับราชการ", "HighestEducation": "ต่ำกว่าปริญญาตรี", "ImageFileId": "5c57fa76fbcb5f1eec0f0f71", "SelfIntroduceFileId": "5c594423fbcb5f1d88171258", "PartyLogo": "https://storage.googleapis.com/candidate-thumbs/party/149.png", "CandididatePhoto": "https://storage.googleapis.com/candidate-thumbs/images/10-22-15.jpg"}, {"Unnamed: 0": 10921, "CandidateId": "cd6051e8-563b-46ff-b43c-1b4e3559cbfb", "CandidateNo": 16, "FirstName": "มนต์สัณฑ์", "LastName": "อรรถปรีชาพล", "PartyName": "แผ่นดินธรรม", "PartyNumber": 188, "Title": "นาย", "Votable": true, "province_id": 10, "province_name": "กรุงเทพมหานคร", "zone_number": 22, "PartyTerminated": false, "Age": 49, "Occupation": "ค้าขาย", "HighestEducation": "ต่ำกว่าปริญญาตรี", "ImageFileId": "5c57faa2fbcb5f1eec0f116e", "SelfIntroduceFileId": "5c59491afbcb5f1d881759e5", "PartyLogo": "https://storage.googleapis.com/candidate-thumbs/party/188.png", "CandididatePhoto": "https://storage.googleapis.com/candidate-thumbs/images/10-22-16.jpg"}, {"Unnamed: 0": 10922, "CandidateId": "ae7cd29f-781e-4c91-8ed8-e1672b86e116", "CandidateNo": 17, "FirstName": "จุมพฏ กระบวนยุทธ", "LastName": "เลขะพันธุ์", "PartyName": "รักษ์ผืนป่าประเทศไทย", "PartyNumber": 133, "Title": "นาย", "Votable": true, "province_id": 10, "province_name": "กรุงเทพมหานคร", "zone_number": 22, "PartyTerminated": false, "Age": 57, "Occupation": "ทนายความ", "HighestEducation": "ปริญญาโท", "ImageFileId": "5c57facdfbcb5f1eec0f1338", "SelfIntroduceFileId": "5c594d5afbcb5f1d881791dc", "PartyLogo": "https://storage.googleapis.com/candidate-thumbs/party/133.png", "CandididatePhoto": "https://storage.googleapis.com/candidate-thumbs/images/10-22-17.jpg"}, {"Unnamed: 0": 10923, "CandidateId": "5f234dce-787f-479a-81c6-62578d6fb1d7", "CandidateNo": 18, "FirstName": "กวินรัตน์", "LastName": "หิรัญศิริภาคย์", "PartyName": "ประชานิยม", "PartyNumber": 191, "Title": "นางสาว", "Votable": true, "province_id": 10, "province_name": "กรุงเทพมหานคร", "zone_number": 22, "PartyTerminated": false, "Age": 27, "Occupation": "พนักงานบริษัท", "HighestEducation": "ปริญญาตรี", "ImageFileId": "5c580484fbcb5f1eec0f9efd", "SelfIntroduceFileId": "5c5a3563fbcb5f19bca87bcf", "PartyLogo": "https://storage.googleapis.com/candidate-thumbs/party/191.png", "CandididatePhoto": "https://storage.googleapis.com/candidate-thumbs/images/10-22-18.jpg"}, {"Unnamed: 0": 10924, "CandidateId": "e4108fd1-58d8-46e5-9365-d1c860ffcaa1", "CandidateNo": 19, "FirstName": "กุลภัสสรณ์", "LastName": "ฤกษ์ศิริรัตน์", "PartyName": "ภราดรภาพ", "PartyNumber": 154, "Title": "นางสาว", "Votable": true, "province_id": 10, "province_name": "กรุงเทพมหานคร", "zone_number": 22, "PartyTerminated": false, "Age": 36, "Occupation": "ธุรกิจส่วนตัว", "HighestEducation": "ปริญญาตรี", "ImageFileId": "5c594f24fbcb5f1d8817a5e9", "SelfIntroduceFileId": "5c5a3b32fbcb5f19bca88ece", "PartyLogo": "https://storage.googleapis.com/candidate-thumbs/party/154.png", "CandididatePhoto": "https://storage.googleapis.com/candidate-thumbs/images/10-22-19.jpg"}, {"Unnamed: 0": 10925, "CandidateId": "b7908920-d98e-44d9-9600-7a9a5f6eac40", "CandidateNo": 20, "FirstName": "จันทนา", "LastName": "แสนสำราญ", "PartyName": "กลาง", "PartyNumber": 203, "Title": "นาง", "Votable": true, "province_id": 10, "province_name": "กรุงเทพมหานคร", "zone_number": 22, "PartyTerminated": false, "Age": 50, "Occupation": "ค้าขาย", "HighestEducation": "ต่ำกว่าปริญญาตรี", "ImageFileId": "5c595070fbcb5f1d8817b370", "SelfIntroduceFileId": "5c5a30fefbcb5f19bca87621", "PartyLogo": "https://storage.googleapis.com/candidate-thumbs/party/203.png", "CandididatePhoto": "https://storage.googleapis.com/candidate-thumbs/images/10-22-20.jpg"}, {"Unnamed: 0": 10926, "CandidateId": "913e0976-a45b-4563-81e0-aabaedb6af5d", "CandidateNo": 21, "FirstName": "เปรม", "LastName": "ซิงห์กิล", "PartyName": "ประชาชนปฏิรูป", "PartyNumber": 176, "Title": "นาย", "Votable": true, "province_id": 10, "province_name": "กรุงเทพมหานคร", "zone_number": 22, "PartyTerminated": false, "Age": 33, "Occupation": "อาจารย์", "HighestEducation": "ปริญญาตรี", "ImageFileId": "5c5a49aafbcb5f19bca8ec97", "SelfIntroduceFileId": "5c5a51f4fbcb5f19bca9377a", "PartyLogo": "https://storage.googleapis.com/candidate-thumbs/party/176.png", "CandididatePhoto": "https://storage.googleapis.com/candidate-thumbs/images/10-22-21.jpg"}, {"Unnamed: 0": 10927, "CandidateId": "9e03a32c-ba91-4d30-b6e2-cdf6167b82b3", "CandidateNo": 22, "FirstName": "นัทธพงศ์", "LastName": "ธรรมวณิช", "PartyName": "พลังปวงชนไทย", "PartyNumber": 184, "Title": "นาย", "Votable": true, "province_id": 10, "province_name": "กรุงเทพมหานคร", "zone_number": 22, "PartyTerminated": false, "Age": 68, "Occupation": "รับจ้าง", "HighestEducation": "ต่ำกว่าปริญญาตรี", "ImageFileId": "5c5a6eaffbcb5f19bcaa01a9", "SelfIntroduceFileId": "5c5a78e7fbcb5f19bcaa3146", "PartyLogo": "https://storage.googleapis.com/candidate-thumbs/party/184.png", "CandididatePhoto": "https://storage.googleapis.com/candidate-thumbs/images/10-22-22.jpg"}, {"Unnamed: 0": 10928, "CandidateId": "e2e3ded9-a278-490f-9a77-5ee87cffd9df", "CandidateNo": 23, "FirstName": "สุภกิจ", "LastName": "สุรจินตนาภรณ์", "PartyName": "เศรษฐกิจใหม่", "PartyNumber": 193, "Title": "นาย", "Votable": true, "province_id": 10, "province_name": "กรุงเทพมหานคร", "zone_number": 22, "PartyTerminated": false, "Age": 61, "Occupation": "รับราชการ", "HighestEducation": "ปริญญาโท", "ImageFileId": "5c5a903efbcb5f19bcaade02", "SelfIntroduceFileId": "5c5a9741fbcb5f19bcab0d69", "PartyLogo": "https://storage.googleapis.com/candidate-thumbs/party/193.png", "CandididatePhoto": "https://storage.googleapis.com/candidate-thumbs/images/10-22-23.jpg"}, {"Unnamed: 0": 10929, "CandidateId": "e6cae588-210a-4241-a18a-042d3bcd4a4a", "CandidateNo": 24, "FirstName": "ทวิชนม์", "LastName": "สกุลกัน", "PartyName": "พลังชาติไทย", "PartyNumber": 186, "Title": "นาย", "Votable": true, "province_id": 10, "province_name": "กรุงเทพมหานคร", "zone_number": 22, "PartyTerminated": false, "Age": 48, "Occupation": "ประกอบธุรกิจส่วนตัว", "HighestEducation": "ปริญญาโท", "ImageFileId": "5c5b9b84fbcb5f16fc656722", "SelfIntroduceFileId": "5c5cda7bfbcb5f16fc6886ec", "PartyLogo": "https://storage.googleapis.com/candidate-thumbs/party/186.png", "CandididatePhoto": "https://storage.googleapis.com/candidate-thumbs/images/10-22-24.jpg"}, {"Unnamed: 0": 10930, "CandidateId": "ea2e6118-18af-4ca4-b9ec-8b6706759de0", "CandidateNo": 25, "FirstName": "สิริการย์", "LastName": "วสุภิรมย์เมธี", "PartyName": "ครูไทยเพื่อประชาชน", "PartyNumber": 118, "Title": "นางสาว", "Votable": false, "province_id": 10, "province_name": "กรุงเทพมหานคร", "zone_number": 22, "PartyTerminated": false, "Age": 47, "Occupation": "หัวหน้าทีมขายบริษัทโตโยต้า", "HighestEducation": "ต่ำกว่าปริญญาตรี", "ImageFileId": "5c5ba6d8fbcb5f16fc65b017", "SelfIntroduceFileId": "5c5cda5dfbcb5f16fc6886ca", "PartyLogo": "https://storage.googleapis.com/candidate-thumbs/party/118.png", "CandididatePhoto": "https://storage.googleapis.com/candidate-thumbs/images/10-22-25.jpg"}, {"Unnamed: 0": 10931, "CandidateId": "5da483f7-eea2-4d92-be54-83fbd14613f7", "CandidateNo": 26, "FirstName": "ทวี", "LastName": "สูงหางหว้า", "PartyName": "พลังไทสร้างชาติ", "PartyNumber": 200, "Title": "นาย", "Votable": true, "province_id": 10, "province_name": "กรุงเทพมหานคร", "zone_number": 22, "PartyTerminated": false, "Age": 46, "Occupation": "นักแสดง", "HighestEducation": "ต่ำกว่าปริญญาตรี", "ImageFileId": "5c5d12aafbcb5f0fd884f944", "SelfIntroduceFileId": "5c5d4e89fbcb5f0fd886ec24", "PartyLogo": "https://storage.googleapis.com/candidate-thumbs/party/200.png", "CandididatePhoto": "https://storage.googleapis.com/candidate-thumbs/images/10-22-26.jpg"}, {"Unnamed: 0": 10932, "CandidateId": "5660e7fd-cdcd-4565-9ab2-baf78c35d4a2", "CandidateNo": 27, "FirstName": "ดนุวัศ", "LastName": "จินดาทวีภัทร", "PartyName": "ประชาธรรมไทย", "PartyNumber": 190, "Title": "นาย", "Votable": true, "province_id": 10, "province_name": "กรุงเทพมหานคร", "zone_number": 22, "PartyTerminated": false, "Age": 53, "Occupation": "เชื่อมสแตนเลส", "HighestEducation": "ต่ำกว่าปริญญาตรี", "ImageFileId": "5c5d15f5fbcb5f0fd88504f7", "SelfIntroduceFileId": "5c5d4405fbcb5f0fd8867819", "PartyLogo": "https://storage.googleapis.com/candidate-thumbs/party/190.png", "CandididatePhoto": "https://storage.googleapis.com/candidate-thumbs/images/10-22-27.jpg"}, {"Unnamed: 0": 10933, "CandidateId": "8603efd5-0e1e-4d90-b72c-577b822e0f1c", "CandidateNo": 28, "FirstName": "ลัคนา", "LastName": "สฤษฎิ์สุข", "PartyName": "พลเมืองไทย", "PartyNumber": 173, "Title": "นางสาว", "Votable": true, "province_id": 10, "province_name": "กรุงเทพมหานคร", "zone_number": 22, "PartyTerminated": false, "Age": 42, "Occupation": "ธุรกิจส่วนตัว", "HighestEducation": "ปริญญาตรี", "ImageFileId": "5c5d1ca3fbcb5f0fd885258f", "SelfIntroduceFileId": "5c5d3884fbcb5f0fd88605ed", "PartyLogo": "https://storage.googleapis.com/candidate-thumbs/party/173.png", "CandididatePhoto": "https://storage.googleapis.com/candidate-thumbs/images/10-22-28.jpg"}, {"Unnamed: 0": 10934, "CandidateId": "6e43e9d8-1631-4cc7-9f0e-ecfdada1beb3", "CandidateNo": 29, "FirstName": "ลาวัลย์", "LastName": "ชุมสาย ณ อยุธยา", "PartyName": "มหาชน", "PartyNumber": 4, "Title": "นาง", "Votable": false, "province_id": 10, "province_name": "กรุงเทพมหานคร", "zone_number": 22, "PartyTerminated": false, "Age": 62, "Occupation": "ธุรกิจส่วนตัว", "HighestEducation": "ปริญญาตรี", "ImageFileId": "5c5d2055fbcb5f0fd8854389", "SelfIntroduceFileId": "5c5d3238fbcb5f0fd885d5a8", "PartyLogo": "https://storage.googleapis.com/candidate-thumbs/party/4.png", "CandididatePhoto": "https://storage.googleapis.com/candidate-thumbs/images/10-22-29.jpg"}, {"Unnamed: 0": 10935, "CandidateId": "b2b2099a-afda-4552-b008-2d9d2a3da6f9", "CandidateNo": 30, "FirstName": "ภัคจิรา", "LastName": "บุณยเพ็ญ", "PartyName": "ภาคีเครือข่ายไทย", "PartyNumber": 211, "Title": "นาง", "Votable": true, "province_id": 10, "province_name": "กรุงเทพมหานคร", "zone_number": 22, "PartyTerminated": false, "Age": 54, "Occupation": "-", "HighestEducation": "ต่ำกว่าปริญญาตรี", "ImageFileId": "5c5d238ffbcb5f0fd8855b8a", "SelfIntroduceFileId": "5c5d2d22fbcb5f0fd885a851", "PartyLogo": "https://storage.googleapis.com/candidate-thumbs/party/211.png", "CandididatePhoto": "https://storage.googleapis.com/candidate-thumbs/images/10-22-30.jpg"}, {"Unnamed: 0": 10936, "CandidateId": "d3a15a2c-c13f-4d8d-89c1-4c3fa59001f0", "CandidateNo": 31, "FirstName": "ภัทรานิษฐ์", "LastName": "คลอวุฒิวัฒน์", "PartyName": "ถิ่นกาขาวชาววิไล", "PartyNumber": 129, "Title": "นาง", "Votable": true, "province_id": 10, "province_name": "กรุงเทพมหานคร", "zone_number": 22, "PartyTerminated": false, "Age": 74, "Occupation": "แม่บ้าน", "HighestEducation": "ปริญญาตรี", "ImageFileId": "5c5d53a9fbcb5f0fd8872500", "SelfIntroduceFileId": "5c5d53fefbcb5f0fd887297f", "PartyLogo": "https://storage.googleapis.com/candidate-thumbs/party/129.png", "CandididatePhoto": "https://storage.googleapis.com/candidate-thumbs/images/10-22-31.jpg"}, {"Unnamed: 0": 10937, "CandidateId": "137de8f4-7c67-4d53-98e8-e3e8f79ccb6b", "CandidateNo": 32, "FirstName": "ชุมาพร", "LastName": "แต่งเกลี้ยง", "PartyName": "สามัญชน", "PartyNumber": 209, "Title": "นางสาว", "Votable": true, "province_id": 10, "province_name": "กรุงเทพมหานคร", "zone_number": 22, "PartyTerminated": false, "Age": 36, "Occupation": "รับจ้าง", "HighestEducation": "ปริญญาตรี", "ImageFileId": "5c5d5530fbcb5f0fd8873b34", "SelfIntroduceFileId": "5c5d56d5fbcb5f0fd8875139", "PartyLogo": "https://storage.googleapis.com/candidate-thumbs/party/209.png", "CandididatePhoto": "https://storage.googleapis.com/candidate-thumbs/images/10-22-32.jpg"}]