[{"Unnamed: 0": 4002, "CandidateId": "7e01dae7-3e6a-4145-92d9-db03c664ae88", "CandidateNo": 1, "FirstName": "ปิยรัฐ", "LastName": "จงเทพ", "PartyName": "อนาคตใหม่", "PartyNumber": 177, "Title": "นาย", "Votable": true, "province_id": 46, "province_name": "กาฬสินธุ์", "zone_number": 1, "PartyTerminated": false, "Age": 28, "Occupation": "พนักงานรัฐวิสาหกิจ การไฟฟ้านครหลวง", "HighestEducation": "ปริญญาตรี", "ImageFileId": "5c57fcfafbcb5f1eec0f322a", "SelfIntroduceFileId": "5c5aa666fbcb5f19bcab6f36", "PartyLogo": "https://storage.googleapis.com/candidate-thumbs/party/177.png", "CandididatePhoto": "https://storage.googleapis.com/candidate-thumbs/images/46-1-1.jpg"}, {"Unnamed: 0": 4003, "CandidateId": "b021e5ae-5651-4437-b190-27c93809fe54", "CandidateNo": 2, "FirstName": "ฉลอง", "LastName": "ฆารเลิศ", "PartyName": "พลังประชารัฐ", "PartyNumber": 192, "Title": "นาย", "Votable": true, "province_id": 46, "province_name": "กาฬสินธุ์", "zone_number": 1, "PartyTerminated": false, "Age": 57, "Occupation": "ข้าราชการบำนาญ", "HighestEducation": "ปริญญาโท", "ImageFileId": "5c580597fbcb5f1eec0fad64", "SelfIntroduceFileId": "5c605735fbcb5f23c8b847b9", "PartyLogo": "https://storage.googleapis.com/candidate-thumbs/party/192.png", "CandididatePhoto": "https://storage.googleapis.com/candidate-thumbs/images/46-1-2.jpg"}, {"Unnamed: 0": 4004, "CandidateId": "141742a7-7489-49eb-8a2b-5fcd5db5c773", "CandidateNo": 3, "FirstName": "พนมพร", "LastName": "เขตอนันต์", "PartyName": "เพื่อชาติ", "PartyNumber": 149, "Title": "นาย", "Votable": true, "province_id": 46, "province_name": "กาฬสินธุ์", "zone_number": 1, "PartyTerminated": false, "Age": 57, "Occupation": "พนักงานบริษัทน้ำตาลมิตรผล จำกัด", "HighestEducation": "ปริญญาตรี", "ImageFileId": "5c58eacafbcb5f1d8812fbce", "SelfIntroduceFileId": "5c5c142afbcb5f16fc6846a6", "PartyLogo": "https://storage.googleapis.com/candidate-thumbs/party/149.png", "CandididatePhoto": "https://storage.googleapis.com/candidate-thumbs/images/46-1-3.jpg"}, {"Unnamed: 0": 4005, "CandidateId": "3295792a-2a84-46d8-8b39-d24372b6ff86", "CandidateNo": 4, "FirstName": "วิษณุ", "LastName": "เยาวนิจ", "PartyName": "เสรีรวมไทย", "PartyNumber": 145, "Title": "นาย", "Votable": true, "province_id": 46, "province_name": "กาฬสินธุ์", "zone_number": 1, "PartyTerminated": false, "Age": 55, "Occupation": "ทนายความ", "HighestEducation": "ปริญญาโท", "ImageFileId": "5c58f27cfbcb5f1d881336d2", "SelfIntroduceFileId": "5c5c1595fbcb5f16fc68484f", "PartyLogo": "https://storage.googleapis.com/candidate-thumbs/party/145.png", "CandididatePhoto": "https://storage.googleapis.com/candidate-thumbs/images/46-1-4.jpg"}, {"Unnamed: 0": 4006, "CandidateId": "b0e324cc-3aed-4786-8e34-be23990b0acc", "CandidateNo": 5, "FirstName": "อภิชาติ", "LastName": "มาตรา", "PartyName": "ประชานิยม", "PartyNumber": 191, "Title": "นาย", "Votable": true, "province_id": 46, "province_name": "กาฬสินธุ์", "zone_number": 1, "PartyTerminated": false, "Age": 65, "Occupation": "รับเหมาก่อสร้าง", "HighestEducation": "ปริญญาตรี", "ImageFileId": "5c590129fbcb5f1d8813d133", "SelfIntroduceFileId": "5c5c16cdfbcb5f16fc6849b0", "PartyLogo": "https://storage.googleapis.com/candidate-thumbs/party/191.png", "CandididatePhoto": "https://storage.googleapis.com/candidate-thumbs/images/46-1-5.jpg"}, {"Unnamed: 0": 4007, "CandidateId": "3ed7c83c-1c5d-41b4-a454-1bc5221ae2a4", "CandidateNo": 6, "FirstName": "อรษา", "LastName": "วงษา", "PartyName": "ประชาชนปฏิรูป", "PartyNumber": 176, "Title": "นางสาว", "Votable": true, "province_id": 46, "province_name": "กาฬสินธุ์", "zone_number": 1, "PartyTerminated": false, "Age": 41, "Occupation": "ค้าขาย", "HighestEducation": "ต่ำกว่าปริญญาตรี", "ImageFileId": "5c59055efbcb5f1d88140352", "SelfIntroduceFileId": "5c5c17a4fbcb5f16fc684a3b", "PartyLogo": "https://storage.googleapis.com/candidate-thumbs/party/176.png", "CandididatePhoto": "https://storage.googleapis.com/candidate-thumbs/images/46-1-6.jpg"}, {"Unnamed: 0": 4008, "CandidateId": "97116d2b-5208-4e23-b893-b649b6aa7cd2", "CandidateNo": 7, "FirstName": "วิรัช", "LastName": "พิมพะนิตย์", "PartyName": "ภูมิใจไทย", "PartyNumber": 63, "Title": "นาย", "Votable": true, "province_id": 46, "province_name": "กาฬสินธุ์", "zone_number": 1, "PartyTerminated": false, "Age": 57, "Occupation": "สมาชิกวุฒิสภาจังหวัดกาฬสินธุ์", "HighestEducation": "ปริญญาโท", "ImageFileId": "5c590deafbcb5f1d88147b6e", "SelfIntroduceFileId": "5c5d86f9fbcb5f0fd8883222", "PartyLogo": "https://storage.googleapis.com/candidate-thumbs/party/63.png", "CandididatePhoto": "https://storage.googleapis.com/candidate-thumbs/images/46-1-7.jpg"}, {"Unnamed: 0": 4009, "CandidateId": "b2b42624-6167-498d-823d-b9f4ae7f29c7", "CandidateNo": 8, "FirstName": "ศรัณย์", "LastName": "ฆารพร", "PartyName": "พลังท้องถิ่นไท", "PartyNumber": 124, "Title": "นาย", "Votable": true, "province_id": 46, "province_name": "กาฬสินธุ์", "zone_number": 1, "PartyTerminated": false, "Age": 49, "Occupation": "รองนายกเทศมนตรี", "HighestEducation": "ปริญญาโท", "ImageFileId": "5c591429fbcb5f1d8814d201", "SelfIntroduceFileId": "5c5c19cdfbcb5f16fc684c5b", "PartyLogo": "https://storage.googleapis.com/candidate-thumbs/party/124.png", "CandididatePhoto": "https://storage.googleapis.com/candidate-thumbs/images/46-1-8.jpg"}, {"Unnamed: 0": 4010, "CandidateId": "d7acaa68-f214-41e6-97d9-ab6b9e23b442", "CandidateNo": 9, "FirstName": "สุวิทย์", "LastName": "นันอำไพ", "PartyName": "รวมพลังประชาชาติไทย", "PartyNumber": 181, "Title": "นาย", "Votable": true, "province_id": 46, "province_name": "กาฬสินธุ์", "zone_number": 1, "PartyTerminated": false, "Age": 54, "Occupation": "เกษตรกร", "HighestEducation": "ปริญญาตรี", "ImageFileId": "5c5921dffbcb5f1d8815441a", "SelfIntroduceFileId": "5c5c1a7efbcb5f16fc684cec", "PartyLogo": "https://storage.googleapis.com/candidate-thumbs/party/181.png", "CandididatePhoto": "https://storage.googleapis.com/candidate-thumbs/images/46-1-9.jpg"}, {"Unnamed: 0": 4011, "CandidateId": "d673254f-cb51-4b82-85bd-eda142c06483", "CandidateNo": 10, "FirstName": "ธนัท", "LastName": "จิตรลดานนท์", "PartyName": "พลังปวงชนไทย", "PartyNumber": 184, "Title": "นาย", "Votable": true, "province_id": 46, "province_name": "กาฬสินธุ์", "zone_number": 1, "PartyTerminated": false, "Age": 51, "Occupation": "สมาชิกสภาเทศบาลเมืองกาฬสินธุ์", "HighestEducation": "ปริญญาตรี", "ImageFileId": "5c592febfbcb5f1d8815fcf2", "SelfIntroduceFileId": "5c5c1b69fbcb5f16fc684dd0", "PartyLogo": "https://storage.googleapis.com/candidate-thumbs/party/184.png", "CandididatePhoto": "https://storage.googleapis.com/candidate-thumbs/images/46-1-10.jpg"}, {"Unnamed: 0": 4012, "CandidateId": "7749491d-053c-4328-b1d5-fb4bd79a5774", "CandidateNo": 11, "FirstName": "จักรี", "LastName": "กองอุดม", "PartyName": "เศรษฐกิจใหม่", "PartyNumber": 193, "Title": "นาย", "Votable": true, "province_id": 46, "province_name": "กาฬสินธุ์", "zone_number": 1, "PartyTerminated": false, "Age": 26, "Occupation": "ผู้ฝึกสอนการออกกำลังกายและกีฬา", "HighestEducation": "ปริญญาตรี", "ImageFileId": "5c5937c2fbcb5f1d88166b1f", "SelfIntroduceFileId": "5c5c1c80fbcb5f16fc684eb6", "PartyLogo": "https://storage.googleapis.com/candidate-thumbs/party/193.png", "CandididatePhoto": "https://storage.googleapis.com/candidate-thumbs/images/46-1-11.jpg"}, {"Unnamed: 0": 4013, "CandidateId": "a2cc5ae4-48a2-4f2b-90ee-d4eba8288b97", "CandidateNo": 12, "FirstName": "บุญรื่น", "LastName": "ศรีธเรศ", "PartyName": "เพื่อไทย", "PartyNumber": 34, "Title": "นาง", "Votable": true, "province_id": 46, "province_name": "กาฬสินธุ์", "zone_number": 1, "PartyTerminated": false, "Age": 75, "Occupation": "ข้าราชการบำนาญ", "HighestEducation": "ปริญญาตรี", "ImageFileId": "5c593bfafbcb5f1d8816a488", "SelfIntroduceFileId": "5c5c1db6fbcb5f16fc684f8e", "PartyLogo": "https://storage.googleapis.com/candidate-thumbs/party/34.png", "CandididatePhoto": "https://storage.googleapis.com/candidate-thumbs/images/46-1-12.jpg"}, {"Unnamed: 0": 4014, "CandidateId": "923a6ae9-02ab-49e2-88c7-c1bc5511e6d0", "CandidateNo": 13, "FirstName": "สุรชาติ", "LastName": "สุขบรม", "PartyName": "ประชาไทย", "PartyNumber": 205, "Title": "นาย", "Votable": true, "province_id": 46, "province_name": "กาฬสินธุ์", "zone_number": 1, "PartyTerminated": false, "Age": 61, "Occupation": "ข้าราชการบำนาญ", "HighestEducation": "ปริญญาตรี", "ImageFileId": "5c593f4ffbcb5f1d8816cf1a", "SelfIntroduceFileId": "5c5ce061fbcb5f16fc689867", "PartyLogo": "https://storage.googleapis.com/candidate-thumbs/party/205.png", "CandididatePhoto": "https://storage.googleapis.com/candidate-thumbs/images/46-1-13.jpg"}, {"Unnamed: 0": 4015, "CandidateId": "eb2ce633-598e-4cac-b80e-3a3deb596464", "CandidateNo": 14, "FirstName": "ประสิทธิ์", "LastName": "แสงมณี", "PartyName": "ประชาธิปัตย์", "PartyNumber": 1, "Title": "นาย", "Votable": true, "province_id": 46, "province_name": "กาฬสินธุ์", "zone_number": 1, "PartyTerminated": false, "Age": 62, "Occupation": "ข้าราชการครู", "HighestEducation": "ปริญญาตรี", "ImageFileId": "5c594433fbcb5f1d8817132a", "SelfIntroduceFileId": "5c5ce493fbcb5f16fc68aaec", "PartyLogo": "https://storage.googleapis.com/candidate-thumbs/party/1.png", "CandididatePhoto": "https://storage.googleapis.com/candidate-thumbs/images/46-1-14.jpg"}, {"Unnamed: 0": 4016, "CandidateId": "8894643e-1f29-4720-978e-3030e7f10c3e", "CandidateNo": 15, "FirstName": "ดาวัลย์", "LastName": "ปิ่นคำ", "PartyName": "ประชาภิวัฒน์", "PartyNumber": 172, "Title": "นางสาว", "Votable": true, "province_id": 46, "province_name": "กาฬสินธุ์", "zone_number": 1, "PartyTerminated": false, "Age": 57, "Occupation": "ธุรกิจส่วนตัว", "HighestEducation": "ต่ำกว่าปริญญาตรี", "ImageFileId": "5c59473dfbcb5f1d88173fb9", "SelfIntroduceFileId": "5c5d3148fbcb5f0fd885cc09", "PartyLogo": "https://storage.googleapis.com/candidate-thumbs/party/172.png", "CandididatePhoto": "https://storage.googleapis.com/candidate-thumbs/images/46-1-15.jpg"}, {"Unnamed: 0": 4017, "CandidateId": "db2879ed-23dc-4bfe-a30b-e8e999216a69", "CandidateNo": 16, "FirstName": "จตุรพร", "LastName": "ไชยภา", "PartyName": "ชาติไทยพัฒนา", "PartyNumber": 55, "Title": "นางสาว", "Votable": true, "province_id": 46, "province_name": "กาฬสินธุ์", "zone_number": 1, "PartyTerminated": false, "Age": 37, "Occupation": "ทนายความ", "HighestEducation": "ปริญญาโท", "ImageFileId": "5c594bd1fbcb5f1d88177c48", "SelfIntroduceFileId": "5c5ce9f5fbcb5f16fc68c86e", "PartyLogo": "https://storage.googleapis.com/candidate-thumbs/party/55.png", "CandididatePhoto": "https://storage.googleapis.com/candidate-thumbs/images/46-1-16.jpg"}, {"Unnamed: 0": 4018, "CandidateId": "b0cd1502-202d-4033-ab95-6ff64b194ca5", "CandidateNo": 17, "FirstName": "สายจิต", "LastName": "อุบลลา", "PartyName": "เพื่อนไทย", "PartyNumber": 179, "Title": "นาง", "Votable": false, "province_id": 46, "province_name": "กาฬสินธุ์", "zone_number": 1, "PartyTerminated": false, "Age": 61, "Occupation": "ทำนา", "HighestEducation": "ต่ำกว่าปริญญาตรี", "ImageFileId": "5c595ea7fbcb5f1d88181e27", "SelfIntroduceFileId": "5c611524fbcb5f13a0b7970d", "PartyLogo": "https://storage.googleapis.com/candidate-thumbs/party/179.png", "CandididatePhoto": "https://storage.googleapis.com/candidate-thumbs/images/46-1-17.jpg"}, {"Unnamed: 0": 4019, "CandidateId": "7bd0bbe2-d03e-4498-8f71-bfbf8ad9d373", "CandidateNo": 18, "FirstName": "สมพร", "LastName": "โพนศรีสม", "PartyName": "เพื่อแผ่นดิน", "PartyNumber": 41, "Title": "นางสาว", "Votable": true, "province_id": 46, "province_name": "กาฬสินธุ์", "zone_number": 1, "PartyTerminated": false, "Age": 44, "Occupation": "ธุรกิจส่วนตัว", "HighestEducation": "ต่ำกว่าปริญญาตรี", "ImageFileId": "5c596092fbcb5f1d8818224e", "SelfIntroduceFileId": "5c5d47dcfbcb5f0fd8869ff5", "PartyLogo": "https://storage.googleapis.com/candidate-thumbs/party/41.png", "CandididatePhoto": "https://storage.googleapis.com/candidate-thumbs/images/46-1-18.jpg"}, {"Unnamed: 0": 4020, "CandidateId": "44d3e28f-463c-42de-8156-5046bf989d8d", "CandidateNo": 19, "FirstName": "ฉัตรชัย", "LastName": "ฉายมงคล", "PartyName": "แทนคุณแผ่นดิน", "PartyNumber": 53, "Title": "นาย", "Votable": true, "province_id": 46, "province_name": "กาฬสินธุ์", "zone_number": 1, "PartyTerminated": false, "Age": 52, "Occupation": "ทำนา", "HighestEducation": "ปริญญาตรี", "ImageFileId": "5c596265fbcb5f1d881829ac", "SelfIntroduceFileId": "5c61181cfbcb5f13a0b79bf5", "PartyLogo": "https://storage.googleapis.com/candidate-thumbs/party/53.png", "CandididatePhoto": "https://storage.googleapis.com/candidate-thumbs/images/46-1-19.jpg"}, {"Unnamed: 0": 4021, "CandidateId": "856d5a61-517a-4390-b780-6a69b2e5b59d", "CandidateNo": 20, "FirstName": "อรไท", "LastName": "สินธุศิริ", "PartyName": "ประชาธรรมไทย", "PartyNumber": 190, "Title": "นางสาว", "Votable": true, "province_id": 46, "province_name": "กาฬสินธุ์", "zone_number": 1, "PartyTerminated": false, "Age": 65, "Occupation": "ผู้จัดการไนท์ทีนรีสอร์ท", "HighestEducation": "ปริญญาเอก", "ImageFileId": "5c596424fbcb5f1d88182c87", "SelfIntroduceFileId": "5c5d2581fbcb5f0fd8856a11", "PartyLogo": "https://storage.googleapis.com/candidate-thumbs/party/190.png", "CandididatePhoto": "https://storage.googleapis.com/candidate-thumbs/images/46-1-20.jpg"}, {"Unnamed: 0": 4022, "CandidateId": "8bb26182-a43d-4baa-9eae-bcc0e3fcd2fc", "CandidateNo": 21, "FirstName": "สาคร", "LastName": "ระวิวรรณ์", "PartyName": "กรีน", "PartyNumber": 206, "Title": "นาย", "Votable": true, "province_id": 46, "province_name": "กาฬสินธุ์", "zone_number": 1, "PartyTerminated": false, "Age": 49, "Occupation": "เกษตรกร", "HighestEducation": "ต่ำกว่าปริญญาตรี", "ImageFileId": "5c5bf3d0fbcb5f16fc67e6ef", "SelfIntroduceFileId": "5c5cf9e8fbcb5f0fd8844e59", "PartyLogo": "https://storage.googleapis.com/candidate-thumbs/party/206.png", "CandididatePhoto": "https://storage.googleapis.com/candidate-thumbs/images/46-1-21.jpg"}, {"Unnamed: 0": 4023, "CandidateId": "2041c144-3984-4c7f-97cb-ae6c0c9ab8de", "CandidateNo": 22, "FirstName": "ประสาร", "LastName": "พันโพธิ์", "PartyName": "ครูไทยเพื่อประชาชน", "PartyNumber": 118, "Title": "นาย", "Votable": true, "province_id": 46, "province_name": "กาฬสินธุ์", "zone_number": 1, "PartyTerminated": false, "Age": 59, "Occupation": "รับจ้างทั่วไป", "HighestEducation": "ต่ำกว่าปริญญาตรี", "ImageFileId": "5c5c0474fbcb5f16fc682e46", "SelfIntroduceFileId": "5c5cfd09fbcb5f0fd8846841", "PartyLogo": "https://storage.googleapis.com/candidate-thumbs/party/118.png", "CandididatePhoto": "https://storage.googleapis.com/candidate-thumbs/images/46-1-22.jpg"}, {"Unnamed: 0": 4024, "CandidateId": "157ec08d-2757-4bdb-8470-c2d910798d84", "CandidateNo": 23, "FirstName": "จีรศักดิ์", "LastName": "ภูโคกหิน", "PartyName": "พลังชาติไทย", "PartyNumber": 186, "Title": "นาย", "Votable": true, "province_id": 46, "province_name": "กาฬสินธุ์", "zone_number": 1, "PartyTerminated": false, "Age": 31, "Occupation": "ธุรกิจส่วนตัว", "HighestEducation": "ปริญญาตรี", "ImageFileId": "5c5c07befbcb5f16fc6833e7", "SelfIntroduceFileId": "5c5cfea8fbcb5f0fd88475b9", "PartyLogo": "https://storage.googleapis.com/candidate-thumbs/party/186.png", "CandididatePhoto": "https://storage.googleapis.com/candidate-thumbs/images/46-1-23.jpg"}, {"Unnamed: 0": 4025, "CandidateId": "18bf81e5-0a73-4e15-b706-ef058237089a", "CandidateNo": 24, "FirstName": "ภูวเดช", "LastName": "สุวรรณรัตน์", "PartyName": "ประชาธิปไตยใหม่", "PartyNumber": 109, "Title": "นาย", "Votable": true, "province_id": 46, "province_name": "กาฬสินธุ์", "zone_number": 1, "PartyTerminated": false, "Age": 38, "Occupation": "ทำสวน", "HighestEducation": "ปริญญาตรี", "ImageFileId": "5c5c0a5ffbcb5f16fc683909", "SelfIntroduceFileId": "5c5d0131fbcb5f0fd8848cc5", "PartyLogo": "https://storage.googleapis.com/candidate-thumbs/party/109.png", "CandididatePhoto": "https://storage.googleapis.com/candidate-thumbs/images/46-1-24.jpg"}, {"Unnamed: 0": 4026, "CandidateId": "a9b1fb08-6b31-404c-bbb3-fc6437977911", "CandidateNo": 25, "FirstName": "ถาวร", "LastName": "ฆารไชย์", "PartyName": "พลังไทยรักไทย", "PartyNumber": 185, "Title": "นาย", "Votable": true, "province_id": 46, "province_name": "กาฬสินธุ์", "zone_number": 1, "PartyTerminated": false, "Age": 49, "Occupation": "ค้าขาย", "HighestEducation": "ปริญญาตรี", "ImageFileId": "5c5c0c24fbcb5f16fc683d2e", "SelfIntroduceFileId": "5c5d02cbfbcb5f0fd8849af3", "PartyLogo": "https://storage.googleapis.com/candidate-thumbs/party/185.png", "CandididatePhoto": "https://storage.googleapis.com/candidate-thumbs/images/46-1-25.jpg"}, {"Unnamed: 0": 4027, "CandidateId": "8802454b-69e9-4a2d-83c3-5e90d1f84ff1", "CandidateNo": 26, "FirstName": "สริดา", "LastName": "ทาบรรหาร", "PartyName": "ความหวังใหม่", "PartyNumber": 13, "Title": "นาง", "Votable": true, "province_id": 46, "province_name": "กาฬสินธุ์", "zone_number": 1, "PartyTerminated": false, "Age": 52, "Occupation": "ข้าราชการ", "HighestEducation": "ปริญญาโท", "ImageFileId": "5c5d067dfbcb5f0fd884b974", "SelfIntroduceFileId": "5c5d1fcbfbcb5f0fd8853e7b", "PartyLogo": "https://storage.googleapis.com/candidate-thumbs/party/13.png", "CandididatePhoto": "https://storage.googleapis.com/candidate-thumbs/images/46-1-26.jpg"}, {"Unnamed: 0": 4028, "CandidateId": "0f426ab1-7c9a-4cb2-9569-1ff3491811a6", "CandidateNo": 27, "FirstName": "วงศกร", "LastName": "สารปรัง", "PartyName": "สามัญชน", "PartyNumber": 209, "Title": "นาย", "Votable": true, "province_id": 46, "province_name": "กาฬสินธุ์", "zone_number": 1, "PartyTerminated": false, "Age": 30, "Occupation": "ทนายความ", "HighestEducation": "ปริญญาตรี", "ImageFileId": "5c5d1d21fbcb5f0fd8852891", "SelfIntroduceFileId": "5c5d2268fbcb5f0fd88554d9", "PartyLogo": "https://storage.googleapis.com/candidate-thumbs/party/209.png", "CandididatePhoto": "https://storage.googleapis.com/candidate-thumbs/images/46-1-27.jpg"}, {"Unnamed: 0": 4029, "CandidateId": "21aacdfe-70d7-430c-bb6a-dc2f6cdf9a09", "CandidateNo": 28, "FirstName": "วิโรจน์", "LastName": "สมบัติมล", "PartyName": "เพื่อชีวิตใหม่", "PartyNumber": 157, "Title": "นาย", "Votable": true, "province_id": 46, "province_name": "กาฬสินธุ์", "zone_number": 1, "PartyTerminated": false, "Age": 45, "Occupation": "รับจ้าง", "HighestEducation": "ปริญญาตรี", "ImageFileId": "5c5d5f44fbcb5f0fd887a627", "SelfIntroduceFileId": "5c5d6a81fbcb5f0fd887edbf", "PartyLogo": "https://storage.googleapis.com/candidate-thumbs/party/157.png", "CandididatePhoto": "https://storage.googleapis.com/candidate-thumbs/images/46-1-28.jpg"}, {"Unnamed: 0": 4030, "CandidateId": "65db9605-3b11-45d4-b343-69aec4901469", "CandidateNo": 29, "FirstName": "สินประเสริฐ", "LastName": "โคสมบูรณ์", "PartyName": "ภูมิพลังเกษตรกรไทย", "PartyNumber": 197, "Title": "นาย", "Votable": true, "province_id": 46, "province_name": "กาฬสินธุ์", "zone_number": 1, "PartyTerminated": false, "Age": 57, "Occupation": "เกษตรกร", "HighestEducation": "ต่ำกว่าปริญญาตรี", "ImageFileId": "5c5d68b1fbcb5f0fd887e599", "SelfIntroduceFileId": "5c5d7021fbcb5f0fd88808cc", "PartyLogo": "https://storage.googleapis.com/candidate-thumbs/party/197.png", "CandididatePhoto": "https://storage.googleapis.com/candidate-thumbs/images/46-1-29.jpg"}, {"Unnamed: 0": 4031, "CandidateId": "3259e8ce-081d-4227-99aa-8e833334b447", "CandidateNo": 30, "FirstName": "วิเชียร", "LastName": "มีบุญ", "PartyName": "แผ่นดินธรรม", "PartyNumber": 188, "Title": "นาย", "Votable": true, "province_id": 46, "province_name": "กาฬสินธุ์", "zone_number": 1, "PartyTerminated": false, "Age": 63, "Occupation": "ทำนา", "HighestEducation": "ต่ำกว่าปริญญาตรี", "ImageFileId": "5c5d714efbcb5f0fd8880ceb", "SelfIntroduceFileId": "5c5d72d4fbcb5f0fd888102d", "PartyLogo": "https://storage.googleapis.com/candidate-thumbs/party/188.png", "CandididatePhoto": "https://storage.googleapis.com/candidate-thumbs/images/46-1-30.jpg"}, {"Unnamed: 0": 4032, "CandidateId": "6aa421d3-4338-4a86-bbd4-b39f9b434ffc", "CandidateNo": 31, "FirstName": "รัชดา", "LastName": "ศรีบุญเรือง", "PartyName": "ไทยศรีวิไลย์", "PartyNumber": 180, "Title": "นาง", "Votable": true, "province_id": 46, "province_name": "กาฬสินธุ์", "zone_number": 1, "PartyTerminated": false, "Age": 47, "Occupation": "ธุรกิจส่วนตัว", "HighestEducation": "ต่ำกว่าปริญญาตรี", "ImageFileId": "5c5d7405fbcb5f0fd888131d", "SelfIntroduceFileId": "5c5d7557fbcb5f0fd88815fd", "PartyLogo": "https://storage.googleapis.com/candidate-thumbs/party/180.png", "CandididatePhoto": "https://storage.googleapis.com/candidate-thumbs/images/46-1-31.jpg"}, {"Unnamed: 0": 4033, "CandidateId": "bc827a04-310b-400d-8e76-56e17b597bc2", "CandidateNo": 32, "FirstName": "ลมุล", "LastName": "ศิลปแก่น", "PartyName": "ไทรักธรรม", "PartyNumber": 144, "Title": "นาง", "Votable": true, "province_id": 46, "province_name": "กาฬสินธุ์", "zone_number": 1, "PartyTerminated": false, "Age": 66, "Occupation": "ข้าราชการบำนาญ", "HighestEducation": "ปริญญาโท", "ImageFileId": "5c5d7646fbcb5f0fd8881910", "SelfIntroduceFileId": "5c5d78c1fbcb5f0fd8881dff", "PartyLogo": "https://storage.googleapis.com/candidate-thumbs/party/144.png", "CandididatePhoto": "https://storage.googleapis.com/candidate-thumbs/images/46-1-32.jpg"}, {"Unnamed: 0": 4034, "CandidateId": "0c1f8a3e-9368-4bdf-9ade-8c14e1b81ed2", "CandidateNo": 33, "FirstName": "วิจิตร", "LastName": "บุญยบุตร", "PartyName": "พลังประชาธิปไตย", "PartyNumber": 153, "Title": "นาง", "Votable": true, "province_id": 46, "province_name": "กาฬสินธุ์", "zone_number": 1, "PartyTerminated": false, "Age": 54, "Occupation": "เกษตรกร", "HighestEducation": "ต่ำกว่าปริญญาตรี", "ImageFileId": "5c5d799dfbcb5f0fd8881f76", "SelfIntroduceFileId": "5c5d7e97fbcb5f0fd8882624", "PartyLogo": "https://storage.googleapis.com/candidate-thumbs/party/153.png", "CandididatePhoto": "https://storage.googleapis.com/candidate-thumbs/images/46-1-33.jpg"}, {"Unnamed: 0": 4035, "CandidateId": "a15bd2b2-ba47-4d1d-a089-287c6f8fbd07", "CandidateNo": 34, "FirstName": "สมศิลป์", "LastName": "ชินคีรี", "PartyName": "รักษ์ผืนป่าประเทศไทย", "PartyNumber": 133, "Title": "นาง", "Votable": true, "province_id": 46, "province_name": "กาฬสินธุ์", "zone_number": 1, "PartyTerminated": false, "Age": 43, "Occupation": "แม่บ้าน", "HighestEducation": "ต่ำกว่าปริญญาตรี", "ImageFileId": "5c5d7ae2fbcb5f0fd88820e9", "SelfIntroduceFileId": "5c5d8080fbcb5f0fd8882930", "PartyLogo": "https://storage.googleapis.com/candidate-thumbs/party/133.png", "CandididatePhoto": "https://storage.googleapis.com/candidate-thumbs/images/46-1-34.jpg"}, {"Unnamed: 0": 4036, "CandidateId": "6ffc6f2d-0b27-4237-bed7-52f80c63ac89", "CandidateNo": 35, "FirstName": "สุทาทิพย์", "LastName": "โคตาสี", "PartyName": "พลังศรัทธา", "PartyNumber": 201, "Title": "นางสาว", "Votable": true, "province_id": 46, "province_name": "กาฬสินธุ์", "zone_number": 1, "PartyTerminated": false, "Age": 41, "Occupation": "ธุรกิจส่วนตัว", "HighestEducation": "ปริญญาตรี", "ImageFileId": "5c5d7b42fbcb5f0fd8882128", "SelfIntroduceFileId": "5c5d82a2fbcb5f0fd8882c8e", "PartyLogo": "https://storage.googleapis.com/candidate-thumbs/party/201.png", "CandididatePhoto": "https://storage.googleapis.com/candidate-thumbs/images/46-1-35.jpg"}, {"Unnamed: 0": 4037, "CandidateId": "4d958213-efd5-4be7-a3ce-91864e12de96", "CandidateNo": 36, "FirstName": "อดุลย์", "LastName": "แจ่มศรี", "PartyName": "ภราดรภาพ", "PartyNumber": 154, "Title": "นาย", "Votable": true, "province_id": 46, "province_name": "กาฬสินธุ์", "zone_number": 1, "PartyTerminated": false, "Age": 42, "Occupation": "ธุรกิจส่วนตัว", "HighestEducation": "ปริญญาตรี", "ImageFileId": "5c5d7bc8fbcb5f0fd888223b", "SelfIntroduceFileId": "5c5d8434fbcb5f0fd8882f18", "PartyLogo": "https://storage.googleapis.com/candidate-thumbs/party/154.png", "CandididatePhoto": "https://storage.googleapis.com/candidate-thumbs/images/46-1-36.jpg"}]