[{"Unnamed: 0": 9162, "CandidateId": "0a54eaf3-998a-4315-8a39-9772626a782a", "CandidateNo": 1, "FirstName": "ดิลกเทพ", "LastName": "กุลน้อย", "PartyName": "ประชาธิปัตย์", "PartyNumber": 1, "Title": "นาย", "Votable": true, "province_id": 40, "province_name": "ขอนแก่น", "zone_number": 6, "PartyTerminated": false, "Age": 70, "Occupation": "ธุรกิจส่วนตัว", "HighestEducation": "ปริญญาตรี", "ImageFileId": "5c580006fbcb5f1eec0f5c23", "SelfIntroduceFileId": "5c5935a9fbcb5f1d88164afa", "PartyLogo": "https://storage.googleapis.com/candidate-thumbs/party/1.png", "CandididatePhoto": "https://storage.googleapis.com/candidate-thumbs/images/40-6-1.jpg"}, {"Unnamed: 0": 9163, "CandidateId": "72284f47-aa94-43fe-b9ac-e286ddac4130", "CandidateNo": 2, "FirstName": "บุญศรี", "LastName": "เคนมิ่ง", "PartyName": "ชาติไทยพัฒนา", "PartyNumber": 55, "Title": "นาย", "Votable": true, "province_id": 40, "province_name": "ขอนแก่น", "zone_number": 6, "PartyTerminated": false, "Age": 61, "Occupation": "ข้าราชการครู (บำนาญ)", "HighestEducation": "ปริญญาโท", "ImageFileId": "5c58013afbcb5f1eec0f6bc1", "SelfIntroduceFileId": "5c59382afbcb5f1d88167298", "PartyLogo": "https://storage.googleapis.com/candidate-thumbs/party/55.png", "CandididatePhoto": "https://storage.googleapis.com/candidate-thumbs/images/40-6-2.jpg"}, {"Unnamed: 0": 9164, "CandidateId": "b12adbef-66b8-414e-8752-a15721222b58", "CandidateNo": 3, "FirstName": "สานิตย์", "LastName": "พระโบราณ", "PartyName": "อนาคตใหม่", "PartyNumber": 177, "Title": "นาย", "Votable": true, "province_id": 40, "province_name": "ขอนแก่น", "zone_number": 6, "PartyTerminated": false, "Age": 49, "Occupation": "เกษตรกร", "HighestEducation": "ต่ำกว่าปริญญาตรี", "ImageFileId": "5c580177fbcb5f1eec0f6f1c", "SelfIntroduceFileId": "5c593acafbcb5f1d881696d8", "PartyLogo": "https://storage.googleapis.com/candidate-thumbs/party/177.png", "CandididatePhoto": "https://storage.googleapis.com/candidate-thumbs/images/40-6-3.jpg"}, {"Unnamed: 0": 9165, "CandidateId": "a315cb2d-d881-4e1f-a599-4c475b06de48", "CandidateNo": 4, "FirstName": "ปณิธาน", "LastName": "แต่งสุวรรณ", "PartyName": "ประชานิยม", "PartyNumber": 191, "Title": "นาย", "Votable": true, "province_id": 40, "province_name": "ขอนแก่น", "zone_number": 6, "PartyTerminated": false, "Age": 38, "Occupation": "ธุรกิจส่วนตัว", "HighestEducation": "ปริญญาตรี", "ImageFileId": "5c58029bfbcb5f1eec0f830a", "SelfIntroduceFileId": "5c594805fbcb5f1d88174ca0", "PartyLogo": "https://storage.googleapis.com/candidate-thumbs/party/191.png", "CandididatePhoto": "https://storage.googleapis.com/candidate-thumbs/images/40-6-4.jpg"}, {"Unnamed: 0": 9166, "CandidateId": "d1275d8c-c56e-4466-af2f-bc8d2eefc0cf", "CandidateNo": 5, "FirstName": "สิงหภณ", "LastName": "ดีนาง", "PartyName": "เพื่อไทย", "PartyNumber": 34, "Title": "นาย", "Votable": true, "province_id": 40, "province_name": "ขอนแก่น", "zone_number": 6, "PartyTerminated": false, "Age": 60, "Occupation": "ทนายความ", "HighestEducation": "ปริญญาตรี", "ImageFileId": "5c5802c7fbcb5f1eec0f84db", "SelfIntroduceFileId": "5c594accfbcb5f1d88177107", "PartyLogo": "https://storage.googleapis.com/candidate-thumbs/party/34.png", "CandididatePhoto": "https://storage.googleapis.com/candidate-thumbs/images/40-6-5.jpg"}, {"Unnamed: 0": 9167, "CandidateId": "4b79558e-c1fc-4476-99fe-eeceadbff522", "CandidateNo": 6, "FirstName": "ชลธิช", "LastName": "มณีแสง", "PartyName": "เสรีรวมไทย", "PartyNumber": 145, "Title": "ร้อยตำรวจโท", "Votable": false, "province_id": 40, "province_name": "ขอนแก่น", "zone_number": 6, "PartyTerminated": false, "Age": 56, "Occupation": "รับราชการตำรวจ", "HighestEducation": "ปริญญาเอก", "ImageFileId": "5c580388fbcb5f1eec0f8e67", "SelfIntroduceFileId": "5c5952c4fbcb5f1d8817d422", "PartyLogo": "https://storage.googleapis.com/candidate-thumbs/party/145.png", "CandididatePhoto": "https://storage.googleapis.com/candidate-thumbs/images/40-6-6.jpg"}, {"Unnamed: 0": 9168, "CandidateId": "12e43497-636f-4183-9ca4-05adfa4df40a", "CandidateNo": 7, "FirstName": "ภิเภก", "LastName": "คำชมภู", "PartyName": "ประชาธิปไตยใหม่", "PartyNumber": 109, "Title": "นาย", "Votable": true, "province_id": 40, "province_name": "ขอนแก่น", "zone_number": 6, "PartyTerminated": false, "Age": 62, "Occupation": "รับจ้าง", "HighestEducation": "ต่ำกว่าปริญญาตรี", "ImageFileId": "5c5803dbfbcb5f1eec0f93e6", "SelfIntroduceFileId": "5c5a4477fbcb5f19bca8c3ad", "PartyLogo": "https://storage.googleapis.com/candidate-thumbs/party/109.png", "CandididatePhoto": "https://storage.googleapis.com/candidate-thumbs/images/40-6-7.jpg"}, {"Unnamed: 0": 9169, "CandidateId": "7f62f995-5f65-44ca-85ce-d5ac1938f117", "CandidateNo": 8, "FirstName": "สมพงษ์", "LastName": "ปู่เพ็ง", "PartyName": "พลังประชารัฐ", "PartyNumber": 192, "Title": "นาย", "Votable": true, "province_id": 40, "province_name": "ขอนแก่น", "zone_number": 6, "PartyTerminated": false, "Age": 66, "Occupation": "สมาชิก อบจ. ขอนแก่น เขต 2 อ.ชุมแพ", "HighestEducation": "ปริญญาตรี", "ImageFileId": "5c580500fbcb5f1eec0fa4dc", "SelfIntroduceFileId": "5c5a45fffbcb5f19bca8cdc5", "PartyLogo": "https://storage.googleapis.com/candidate-thumbs/party/192.png", "CandididatePhoto": "https://storage.googleapis.com/candidate-thumbs/images/40-6-8.jpg"}, {"Unnamed: 0": 9170, "CandidateId": "c0945c7b-a9bf-4105-8170-1d7278eb5210", "CandidateNo": 9, "FirstName": "พยงค์", "LastName": "ศรีภา", "PartyName": "พลังท้องถิ่นไท", "PartyNumber": 124, "Title": "นาง", "Votable": true, "province_id": 40, "province_name": "ขอนแก่น", "zone_number": 6, "PartyTerminated": false, "Age": 55, "Occupation": "ผู้อำนวยการวิทยาลัยอาชีวศึกษามหานครไทยอาเซียน", "HighestEducation": "ปริญญาตรี", "ImageFileId": "5c5806b3fbcb5f1eec0fbc09", "SelfIntroduceFileId": "5c5a4785fbcb5f19bca8dc6f", "PartyLogo": "https://storage.googleapis.com/candidate-thumbs/party/124.png", "CandididatePhoto": "https://storage.googleapis.com/candidate-thumbs/images/40-6-9.jpg"}, {"Unnamed: 0": 9171, "CandidateId": "0f7b314a-3dbf-452e-9ed5-2388f77bfcb5", "CandidateNo": 10, "FirstName": "อารีย์", "LastName": "พฤฒิสาร", "PartyName": "รวมพลังประชาชาติไทย", "PartyNumber": 181, "Title": "ร้อยตรี", "Votable": true, "province_id": 40, "province_name": "ขอนแก่น", "zone_number": 6, "PartyTerminated": false, "Age": 59, "Occupation": "ข้าราชการทหาร(บำนาญ)", "HighestEducation": "ต่ำกว่าปริญญาตรี", "ImageFileId": "5c580906fbcb5f1eec0fdbd0", "SelfIntroduceFileId": "5c5a4ed7fbcb5f19bca91ab7", "PartyLogo": "https://storage.googleapis.com/candidate-thumbs/party/181.png", "CandididatePhoto": "https://storage.googleapis.com/candidate-thumbs/images/40-6-10.jpg"}, {"Unnamed: 0": 9172, "CandidateId": "9cb070dd-bbfc-4ea2-8b65-9ea2da69b697", "CandidateNo": 11, "FirstName": "ประสิทธิ์", "LastName": "มหาแก้ว", "PartyName": "เพื่อนไทย", "PartyNumber": 179, "Title": "นาย", "Votable": false, "province_id": 40, "province_name": "ขอนแก่น", "zone_number": 6, "PartyTerminated": false, "Age": 59, "Occupation": "เกษตรกรรม", "HighestEducation": "ปริญญาตรี", "ImageFileId": "5c580993fbcb5f1eec0fe085", "SelfIntroduceFileId": "5c5a4b2dfbcb5f19bca8f924", "PartyLogo": "https://storage.googleapis.com/candidate-thumbs/party/179.png", "CandididatePhoto": "https://storage.googleapis.com/candidate-thumbs/images/40-6-11.jpg"}, {"Unnamed: 0": 9173, "CandidateId": "c238290f-04a2-4782-baef-3af396cfc1ef", "CandidateNo": 12, "FirstName": "ประดิษฐ", "LastName": "พันธ์โชติ", "PartyName": "เพื่อไทยพัฒนา", "PartyNumber": 213, "Title": "นาย", "Votable": true, "province_id": 40, "province_name": "ขอนแก่น", "zone_number": 6, "PartyTerminated": false, "Age": 58, "Occupation": "เกษตร", "HighestEducation": "ต่ำกว่าปริญญาตรี", "ImageFileId": "5c5809d2fbcb5f1eec0fe35c", "SelfIntroduceFileId": "5c5a50f0fbcb5f19bca92e97", "PartyLogo": "https://storage.googleapis.com/candidate-thumbs/party/213.png", "CandididatePhoto": "https://storage.googleapis.com/candidate-thumbs/images/40-6-12.jpg"}, {"Unnamed: 0": 9174, "CandidateId": "57aba806-f509-478d-a043-26f3256ab47e", "CandidateNo": 13, "FirstName": "ธนายุทธ", "LastName": "บุดดาเวียง", "PartyName": "รักษ์ผืนป่าประเทศไทย", "PartyNumber": 133, "Title": "นาย", "Votable": true, "province_id": 40, "province_name": "ขอนแก่น", "zone_number": 6, "PartyTerminated": false, "Age": 60, "Occupation": "ลูกจ้าง", "HighestEducation": "ปริญญาตรี", "ImageFileId": "5c580a2afbcb5f1eec0fe77c", "SelfIntroduceFileId": "5c5a53e4fbcb5f19bca9497a", "PartyLogo": "https://storage.googleapis.com/candidate-thumbs/party/133.png", "CandididatePhoto": "https://storage.googleapis.com/candidate-thumbs/images/40-6-13.jpg"}, {"Unnamed: 0": 9175, "CandidateId": "825246a3-4c6b-4092-b030-461a9dd9fc8f", "CandidateNo": 14, "FirstName": "ธนกฤษ", "LastName": "อธิรชานนท์", "PartyName": "ประชาชาติ", "PartyNumber": 187, "Title": "นาย", "Votable": true, "province_id": 40, "province_name": "ขอนแก่น", "zone_number": 6, "PartyTerminated": false, "Age": 47, "Occupation": "รับจ้าง", "HighestEducation": "ปริญญาโท", "ImageFileId": "5c580a77fbcb5f1eec0fec4e", "SelfIntroduceFileId": "5c5a5795fbcb5f19bca96733", "PartyLogo": "https://storage.googleapis.com/candidate-thumbs/party/187.png", "CandididatePhoto": "https://storage.googleapis.com/candidate-thumbs/images/40-6-14.jpg"}, {"Unnamed: 0": 9176, "CandidateId": "84d9ebd8-89d1-4dc9-a1ad-127cbd2690c2", "CandidateNo": 15, "FirstName": "อุดร", "LastName": "ชาญนุวงศ์", "PartyName": "เพื่อชาติ", "PartyNumber": 149, "Title": "พันตำรวจเอก", "Votable": true, "province_id": 40, "province_name": "ขอนแก่น", "zone_number": 6, "PartyTerminated": false, "Age": 73, "Occupation": "ข้าราชการบำนาญ", "HighestEducation": "ปริญญาตรี", "ImageFileId": "5c580ab2fbcb5f1eec0fee18", "SelfIntroduceFileId": "5c5d18ebfbcb5f0fd8851123", "PartyLogo": "https://storage.googleapis.com/candidate-thumbs/party/149.png", "CandididatePhoto": "https://storage.googleapis.com/candidate-thumbs/images/40-6-15.jpg"}, {"Unnamed: 0": 9177, "CandidateId": "f90528a2-53b2-4521-8334-71a079d91731", "CandidateNo": 16, "FirstName": "กัญญ์ณพัชญ์", "LastName": "ศรีจันทร์ดี", "PartyName": "เศรษฐกิจใหม่", "PartyNumber": 193, "Title": "นางสาว", "Votable": true, "province_id": 40, "province_name": "ขอนแก่น", "zone_number": 6, "PartyTerminated": false, "Age": 50, "Occupation": "อิสระ", "HighestEducation": "ปริญญาตรี", "ImageFileId": "5c580ae4fbcb5f1eec0ff079", "SelfIntroduceFileId": "5c5a5c54fbcb5f19bca98c03", "PartyLogo": "https://storage.googleapis.com/candidate-thumbs/party/193.png", "CandididatePhoto": "https://storage.googleapis.com/candidate-thumbs/images/40-6-16.jpg"}, {"Unnamed: 0": 9178, "CandidateId": "a3c8a8a8-42d9-492c-b20d-979236693900", "CandidateNo": 17, "FirstName": "นิกร", "LastName": "พลเรือง", "PartyName": "ชาติพัฒนา", "PartyNumber": 45, "Title": "นาย", "Votable": true, "province_id": 40, "province_name": "ขอนแก่น", "zone_number": 6, "PartyTerminated": false, "Age": 46, "Occupation": "กำนัน", "HighestEducation": "ต่ำกว่าปริญญาตรี", "ImageFileId": "5c580b12fbcb5f1eec0ff2f3", "SelfIntroduceFileId": "5c5a5dbefbcb5f19bca99b8e", "PartyLogo": "https://storage.googleapis.com/candidate-thumbs/party/45.png", "CandididatePhoto": "https://storage.googleapis.com/candidate-thumbs/images/40-6-17.jpg"}, {"Unnamed: 0": 9179, "CandidateId": "63d18f64-38bd-4db3-b314-a3fff303ab39", "CandidateNo": 18, "FirstName": "ศุภพัชร์ชัย", "LastName": "จันทร์หอม", "PartyName": "ภูมิใจไทย", "PartyNumber": 63, "Title": "นาย", "Votable": true, "province_id": 40, "province_name": "ขอนแก่น", "zone_number": 6, "PartyTerminated": false, "Age": 49, "Occupation": "ประกอบธุรกิจส่วนตัว", "HighestEducation": "ปริญญาโท", "ImageFileId": "5c580b3bfbcb5f1eec0ff3f9", "SelfIntroduceFileId": "5c5a608afbcb5f19bca9b5d3", "PartyLogo": "https://storage.googleapis.com/candidate-thumbs/party/63.png", "CandididatePhoto": "https://storage.googleapis.com/candidate-thumbs/images/40-6-18.jpg"}, {"Unnamed: 0": 9180, "CandidateId": "8cfc3dd6-12bc-4645-98e0-394aef6f03b1", "CandidateNo": 19, "FirstName": "สาคร", "LastName": "ศรีตาแสน", "PartyName": "เพื่อแผ่นดิน", "PartyNumber": 41, "Title": "นาย", "Votable": true, "province_id": 40, "province_name": "ขอนแก่น", "zone_number": 6, "PartyTerminated": false, "Age": 69, "Occupation": "เกษตรกร", "HighestEducation": "ต่ำกว่าปริญญาตรี", "ImageFileId": "5c580b64fbcb5f1eec0ff74c", "SelfIntroduceFileId": "5c5a6271fbcb5f19bca9c1e3", "PartyLogo": "https://storage.googleapis.com/candidate-thumbs/party/41.png", "CandididatePhoto": "https://storage.googleapis.com/candidate-thumbs/images/40-6-19.jpg"}, {"Unnamed: 0": 9181, "CandidateId": "d8420747-05e7-48d5-8848-97aaa9f869c8", "CandidateNo": 20, "FirstName": "ปรัชญา", "LastName": "สงลา", "PartyName": "พลเมืองไทย", "PartyNumber": 173, "Title": "นาย", "Votable": true, "province_id": 40, "province_name": "ขอนแก่น", "zone_number": 6, "PartyTerminated": false, "Age": 50, "Occupation": "พนักงานบริษัท ธุรกิจห้องพัก", "HighestEducation": "ปริญญาตรี", "ImageFileId": "5c592e4ffbcb5f1d8815e68b", "SelfIntroduceFileId": "5c5d1958fbcb5f0fd8851398", "PartyLogo": "https://storage.googleapis.com/candidate-thumbs/party/173.png", "CandididatePhoto": "https://storage.googleapis.com/candidate-thumbs/images/40-6-20.jpg"}, {"Unnamed: 0": 9182, "CandidateId": "ab4baa0c-d4c6-4957-a97b-bcc83316cb3b", "CandidateNo": 21, "FirstName": "ธนวัฒน์", "LastName": "สิงคำป้อง", "PartyName": "พลังไทยรักไทย", "PartyNumber": 185, "Title": "นาย", "Votable": true, "province_id": 40, "province_name": "ขอนแก่น", "zone_number": 6, "PartyTerminated": false, "Age": 60, "Occupation": "ธุรกิจส่วนตัว", "HighestEducation": "ปริญญาตรี", "ImageFileId": "5c594326fbcb5f1d88170660", "SelfIntroduceFileId": "5c5a6426fbcb5f19bca9d0a2", "PartyLogo": "https://storage.googleapis.com/candidate-thumbs/party/185.png", "CandididatePhoto": "https://storage.googleapis.com/candidate-thumbs/images/40-6-21.jpg"}, {"Unnamed: 0": 9183, "CandidateId": "4c971681-601d-4afc-a946-9a5d1cabcf9f", "CandidateNo": 22, "FirstName": "สุระ", "LastName": "สุขแป", "PartyName": "ประชาภิวัฒน์", "PartyNumber": 172, "Title": "นาย", "Votable": true, "province_id": 40, "province_name": "ขอนแก่น", "zone_number": 6, "PartyTerminated": false, "Age": 65, "Occupation": "ข้าราชการบำนาญ", "HighestEducation": "ปริญญาโท", "ImageFileId": "5c594666fbcb5f1d88173326", "SelfIntroduceFileId": "5c5a763bfbcb5f19bcaa2216", "PartyLogo": "https://storage.googleapis.com/candidate-thumbs/party/172.png", "CandididatePhoto": "https://storage.googleapis.com/candidate-thumbs/images/40-6-22.jpg"}, {"Unnamed: 0": 9184, "CandidateId": "13c269a6-9800-4047-80ef-79c93e57174d", "CandidateNo": 23, "FirstName": "สุภาพ", "LastName": "เมืองเหนือ", "PartyName": "พลังปวงชนไทย", "PartyNumber": 184, "Title": "นาง", "Votable": true, "province_id": 40, "province_name": "ขอนแก่น", "zone_number": 6, "PartyTerminated": false, "Age": 62, "Occupation": "ข้าราชการครู", "HighestEducation": "ปริญญาโท", "ImageFileId": "5c5a7965fbcb5f19bcaa33f7", "SelfIntroduceFileId": "5c5a7cf8fbcb5f19bcaa4970", "PartyLogo": "https://storage.googleapis.com/candidate-thumbs/party/184.png", "CandididatePhoto": "https://storage.googleapis.com/candidate-thumbs/images/40-6-23.jpg"}, {"Unnamed: 0": 9185, "CandidateId": "b428c9ef-429a-4fc1-9819-5bbee69ec71c", "CandidateNo": 24, "FirstName": "อารักษ์", "LastName": "โฉมสุภาพ", "PartyName": "ประชากรไทย", "PartyNumber": 2, "Title": "ดาบตำรวจ", "Votable": true, "province_id": 40, "province_name": "ขอนแก่น", "zone_number": 6, "PartyTerminated": false, "Age": 67, "Occupation": "ข้าราชการบำนาญ", "HighestEducation": "ต่ำกว่าปริญญาตรี", "ImageFileId": "5c5a8348fbcb5f19bcaa8077", "SelfIntroduceFileId": "5c5a8530fbcb5f19bcaa8f9e", "PartyLogo": "https://storage.googleapis.com/candidate-thumbs/party/2.png", "CandididatePhoto": "https://storage.googleapis.com/candidate-thumbs/images/40-6-24.jpg"}, {"Unnamed: 0": 9186, "CandidateId": "88b90136-b543-4388-ba23-3fd6c6fdae3f", "CandidateNo": 25, "FirstName": "คำมี", "LastName": "ปรมหิน", "PartyName": "มหาชน", "PartyNumber": 4, "Title": "นาง", "Votable": true, "province_id": 40, "province_name": "ขอนแก่น", "zone_number": 6, "PartyTerminated": false, "Age": 65, "Occupation": "เกษตรกร", "HighestEducation": "ต่ำกว่าปริญญาตรี", "ImageFileId": "5c5a9009fbcb5f19bcaadbbd", "SelfIntroduceFileId": "5c5a9264fbcb5f19bcaaeffd", "PartyLogo": "https://storage.googleapis.com/candidate-thumbs/party/4.png", "CandididatePhoto": "https://storage.googleapis.com/candidate-thumbs/images/40-6-25.jpg"}, {"Unnamed: 0": 9187, "CandidateId": "2602bff4-db15-4d98-b555-84aea3b35c09", "CandidateNo": 26, "FirstName": "ทวีทรัพย์", "LastName": "นามโส", "PartyName": "แผ่นดินธรรม", "PartyNumber": 188, "Title": "นาย", "Votable": false, "province_id": 40, "province_name": "ขอนแก่น", "zone_number": 6, "PartyTerminated": false, "Age": 61, "Occupation": "รับเหมาก่อสร้าง", "HighestEducation": "ต่ำกว่าปริญญาตรี", "ImageFileId": "5c5a9ba7fbcb5f19bcab2aa6", "SelfIntroduceFileId": "5c5a9cf9fbcb5f19bcab33e5", "PartyLogo": "https://storage.googleapis.com/candidate-thumbs/party/188.png", "CandididatePhoto": "https://storage.googleapis.com/candidate-thumbs/images/40-6-26.jpg"}, {"Unnamed: 0": 9188, "CandidateId": "7936c167-2d27-4ef3-be03-e1b3e8b127fd", "CandidateNo": 27, "FirstName": "สุธี", "LastName": "ลีกระจ่าง", "PartyName": "ครูไทยเพื่อประชาชน", "PartyNumber": 118, "Title": "นาย", "Votable": true, "province_id": 40, "province_name": "ขอนแก่น", "zone_number": 6, "PartyTerminated": false, "Age": 65, "Occupation": "ข้าราชการครูบำนาญ", "HighestEducation": "ปริญญาโท", "ImageFileId": "5c5b9d95fbcb5f16fc656f8a", "SelfIntroduceFileId": "5c5b9eb8fbcb5f16fc6575bc", "PartyLogo": "https://storage.googleapis.com/candidate-thumbs/party/118.png", "CandididatePhoto": "https://storage.googleapis.com/candidate-thumbs/images/40-6-27.jpg"}, {"Unnamed: 0": 9189, "CandidateId": "ec81ba4a-5951-4ee5-bec4-dee1706703b1", "CandidateNo": 28, "FirstName": "ปรัศนียา", "LastName": "ภูพาน", "PartyName": "พลังรัก", "PartyNumber": 195, "Title": "นางสาว", "Votable": true, "province_id": 40, "province_name": "ขอนแก่น", "zone_number": 6, "PartyTerminated": false, "Age": 36, "Occupation": "ธุรกิจส่วนตัว (ร้านหมูกะทะ)", "HighestEducation": "ต่ำกว่าปริญญาตรี", "ImageFileId": "5c5bad45fbcb5f16fc65dd46", "SelfIntroduceFileId": "5c5baeb1fbcb5f16fc65ed5c", "PartyLogo": "https://storage.googleapis.com/candidate-thumbs/party/195.png", "CandididatePhoto": "https://storage.googleapis.com/candidate-thumbs/images/40-6-28.jpg"}, {"Unnamed: 0": 9190, "CandidateId": "e6dec7e8-058b-4e5d-be1c-24a1a243fb80", "CandidateNo": 29, "FirstName": "สถาพร", "LastName": "เปรมประโยชน์", "PartyName": "พลังไทสร้างชาติ", "PartyNumber": 200, "Title": "นาย", "Votable": true, "province_id": 40, "province_name": "ขอนแก่น", "zone_number": 6, "PartyTerminated": false, "Age": 51, "Occupation": "เกษตรกรรม", "HighestEducation": "ต่ำกว่าปริญญาตรี", "ImageFileId": "5c5bc82efbcb5f16fc6687b7", "SelfIntroduceFileId": "5c5bca99fbcb5f16fc669762", "PartyLogo": "https://storage.googleapis.com/candidate-thumbs/party/200.png", "CandididatePhoto": "https://storage.googleapis.com/candidate-thumbs/images/40-6-29.jpg"}, {"Unnamed: 0": 9191, "CandidateId": "442645eb-ede4-4b82-a7a7-2ddbb6797c39", "CandidateNo": 30, "FirstName": "พวงเพชร", "LastName": "ปราบสมรชัย", "PartyName": "ไทยรักษาชาติ", "PartyNumber": 77, "Title": "นาง", "Votable": true, "province_id": 40, "province_name": "ขอนแก่น", "zone_number": 6, "PartyTerminated": true, "Age": 61, "Occupation": "รับราชการครู", "HighestEducation": "ปริญญาโท", "ImageFileId": "5c5bcf53fbcb5f16fc66b778", "SelfIntroduceFileId": "5c5bd0dffbcb5f16fc66c225", "PartyLogo": "https://storage.googleapis.com/candidate-thumbs/party/77.png", "CandididatePhoto": "https://storage.googleapis.com/candidate-thumbs/images/40-6-30.jpg"}, {"Unnamed: 0": 9192, "CandidateId": "5e934be7-938d-4321-acce-937218c30ab3", "CandidateNo": 31, "FirstName": "ประกาย", "LastName": "ศรีโยธา", "PartyName": "ทางเลือกใหม่", "PartyNumber": 170, "Title": "นางสาว", "Votable": true, "province_id": 40, "province_name": "ขอนแก่น", "zone_number": 6, "PartyTerminated": false, "Age": 38, "Occupation": "พนักงานบริษัทเอกชน", "HighestEducation": "ปริญญาตรี", "ImageFileId": "5c5bd541fbcb5f16fc66e24e", "SelfIntroduceFileId": "5c5bd66efbcb5f16fc66e99c", "PartyLogo": "https://storage.googleapis.com/candidate-thumbs/party/170.png", "CandididatePhoto": "https://storage.googleapis.com/candidate-thumbs/images/40-6-31.jpg"}, {"Unnamed: 0": 9193, "CandidateId": "b61d2dd4-0ee1-47d9-b930-c6d06488ccb5", "CandidateNo": 32, "FirstName": "สังคมวิทยา", "LastName": "ซาซุม", "PartyName": "พลังชาติไทย", "PartyNumber": 186, "Title": "นาย", "Votable": true, "province_id": 40, "province_name": "ขอนแก่น", "zone_number": 6, "PartyTerminated": false, "Age": 63, "Occupation": "จิตอาสา", "HighestEducation": "ปริญญาโท", "ImageFileId": "5c5bf2d0fbcb5f16fc67decc", "SelfIntroduceFileId": "5c5bf480fbcb5f16fc67ebfb", "PartyLogo": "https://storage.googleapis.com/candidate-thumbs/party/186.png", "CandididatePhoto": "https://storage.googleapis.com/candidate-thumbs/images/40-6-32.jpg"}, {"Unnamed: 0": 9194, "CandidateId": "2582f983-753a-41b0-bd17-dd24ada14368", "CandidateNo": 33, "FirstName": "วรวิทย์", "LastName": "มาตราช", "PartyName": "พลังประชาธิปไตย", "PartyNumber": 153, "Title": "นาย", "Votable": true, "province_id": 40, "province_name": "ขอนแก่น", "zone_number": 6, "PartyTerminated": false, "Age": 52, "Occupation": "ธุรกิจส่วนตัว", "HighestEducation": "ต่ำกว่าปริญญาตรี", "ImageFileId": "5c5cf1ecfbcb5f16fc68fadf", "SelfIntroduceFileId": "5c5cf4e3fbcb5f16fc690e4e", "PartyLogo": "https://storage.googleapis.com/candidate-thumbs/party/153.png", "CandididatePhoto": "https://storage.googleapis.com/candidate-thumbs/images/40-6-33.jpg"}, {"Unnamed: 0": 9195, "CandidateId": "5309b70b-6c60-4630-b5b0-a9923fb98311", "CandidateNo": 34, "FirstName": "เกสราภรณ์", "LastName": "ฎาณุภรณิพัฒณ์", "PartyName": "ประชาธรรมไทย", "PartyNumber": 190, "Title": "นางสาว", "Votable": true, "province_id": 40, "province_name": "ขอนแก่น", "zone_number": 6, "PartyTerminated": false, "Age": 52, "Occupation": "พนักงานบริษัท", "HighestEducation": "ต่ำกว่าปริญญาตรี", "ImageFileId": "5c5d06eefbcb5f0fd884bca4", "SelfIntroduceFileId": "5c5d0761fbcb5f0fd884c084", "PartyLogo": "https://storage.googleapis.com/candidate-thumbs/party/190.png", "CandididatePhoto": "https://storage.googleapis.com/candidate-thumbs/images/40-6-34.jpg"}, {"Unnamed: 0": 9196, "CandidateId": "2034e100-4943-435a-9547-1b8f8480f7d1", "CandidateNo": 35, "FirstName": "ธนากร", "LastName": "คำเมลี", "PartyName": "ภาคีเครือข่ายไทย", "PartyNumber": 211, "Title": "นาย", "Votable": true, "province_id": 40, "province_name": "ขอนแก่น", "zone_number": 6, "PartyTerminated": false, "Age": 52, "Occupation": "ธุรกิจส่วนตัว", "HighestEducation": "ปริญญาตรี", "ImageFileId": "5c5d32fcfbcb5f0fd885dad3", "SelfIntroduceFileId": "5c5d342afbcb5f0fd885e3e7", "PartyLogo": "https://storage.googleapis.com/candidate-thumbs/party/211.png", "CandididatePhoto": "https://storage.googleapis.com/candidate-thumbs/images/40-6-35.jpg"}, {"Unnamed: 0": 9197, "CandidateId": "291e9b3c-a5e1-41e5-b8b4-b4c6729d3cc3", "CandidateNo": 36, "FirstName": "ชัยเรือง", "LastName": "โสภาเพีย", "PartyName": "ผึ้งหลวง", "PartyNumber": 164, "Title": "นาย", "Votable": true, "province_id": 40, "province_name": "ขอนแก่น", "zone_number": 6, "PartyTerminated": false, "Age": 48, "Occupation": "ทำนา เพาะเห็ด", "HighestEducation": "ต่ำกว่าปริญญาตรี", "ImageFileId": "5c5d3940fbcb5f0fd8860b43", "SelfIntroduceFileId": "5c5d3c56fbcb5f0fd8862800", "PartyLogo": "https://storage.googleapis.com/candidate-thumbs/party/164.png", "CandididatePhoto": "https://storage.googleapis.com/candidate-thumbs/images/40-6-36.jpg"}, {"Unnamed: 0": 9198, "CandidateId": "46f29d95-4d0a-44b3-9b77-583afc302c57", "CandidateNo": 37, "FirstName": "ยงยุทธ", "LastName": "เหล่าประเสริฐ", "PartyName": "ประชาไทย", "PartyNumber": 205, "Title": "นาย", "Votable": true, "province_id": 40, "province_name": "ขอนแก่น", "zone_number": 6, "PartyTerminated": false, "Age": 55, "Occupation": "ค้าขาย", "HighestEducation": "ต่ำกว่าปริญญาตรี", "ImageFileId": "5c5d3e64fbcb5f0fd8863c9c", "SelfIntroduceFileId": "5c5d3ff0fbcb5f0fd8864d80", "PartyLogo": "https://storage.googleapis.com/candidate-thumbs/party/205.png", "CandididatePhoto": "https://storage.googleapis.com/candidate-thumbs/images/40-6-37.jpg"}, {"Unnamed: 0": 9199, "CandidateId": "e5c985c8-8d25-4845-ad1e-8d3fea090a27", "CandidateNo": 38, "FirstName": "ณัฐศักดิ์", "LastName": "บุญอำไพกิตตน์", "PartyName": "แทนคุณแผ่นดิน", "PartyNumber": 53, "Title": "นาย", "Votable": true, "province_id": 40, "province_name": "ขอนแก่น", "zone_number": 6, "PartyTerminated": false, "Age": 62, "Occupation": "อิสระ", "HighestEducation": "ต่ำกว่าปริญญาตรี", "ImageFileId": "5c5d5b17fbcb5f0fd887817a", "SelfIntroduceFileId": "5c5d5c44fbcb5f0fd8878ced", "PartyLogo": "https://storage.googleapis.com/candidate-thumbs/party/53.png", "CandididatePhoto": "https://storage.googleapis.com/candidate-thumbs/images/40-6-38.jpg"}, {"Unnamed: 0": 9200, "CandidateId": "f34de4b1-e650-456c-ae77-dad7c7459360", "CandidateNo": 39, "FirstName": "โยธิน", "LastName": "กิจใบ", "PartyName": "ไทรักธรรม", "PartyNumber": 144, "Title": "นาย", "Votable": true, "province_id": 40, "province_name": "ขอนแก่น", "zone_number": 6, "PartyTerminated": false, "Age": 73, "Occupation": "หมอลำ", "HighestEducation": "ต่ำกว่าปริญญาตรี", "ImageFileId": "5c5d5c77fbcb5f0fd8878f48", "SelfIntroduceFileId": "5c5d5d51fbcb5f0fd8879663", "PartyLogo": "https://storage.googleapis.com/candidate-thumbs/party/144.png", "CandididatePhoto": "https://storage.googleapis.com/candidate-thumbs/images/40-6-39.jpg"}, {"Unnamed: 0": 9201, "CandidateId": "976f66b7-0cbd-4821-a54d-ec606ffcfaac", "CandidateNo": 40, "FirstName": "วินิจ", "LastName": "สิงห์ทุย", "PartyName": "รักท้องถิ่นไทย", "PartyNumber": 162, "Title": "นาย", "Votable": true, "province_id": 40, "province_name": "ขอนแก่น", "zone_number": 6, "PartyTerminated": false, "Age": 61, "Occupation": "ตัวแทนประกันชีวิต", "HighestEducation": "ต่ำกว่าปริญญาตรี", "ImageFileId": "5c5d5d88fbcb5f0fd88798c9", "SelfIntroduceFileId": "5c5d5f3ffbcb5f0fd887a613", "PartyLogo": "https://storage.googleapis.com/candidate-thumbs/party/162.png", "CandididatePhoto": "https://storage.googleapis.com/candidate-thumbs/images/40-6-40.jpg"}]