[{"Unnamed: 0": 8998, "CandidateId": "43898c34-4e36-4421-af7f-f496585fb94b", "CandidateNo": 1, "FirstName": "ถิ่นไทย", "LastName": "ไชยฤทธิเดช", "PartyName": "ชาติพัฒนา", "PartyNumber": 45, "Title": "นาย", "Votable": false, "province_id": 40, "province_name": "ขอนแก่น", "zone_number": 2, "PartyTerminated": false, "Age": 63, "Occupation": "อาจารย์แนะแนวมหาวิทยาลัยกรุงเทพธนบุรี", "HighestEducation": "ปริญญาตรี", "ImageFileId": "5c580787fbcb5f1eec0fc916", "SelfIntroduceFileId": "5c592c86fbcb5f1d8815cbec", "PartyLogo": "https://storage.googleapis.com/candidate-thumbs/party/45.png", "CandididatePhoto": "https://storage.googleapis.com/candidate-thumbs/images/40-2-1.jpg"}, {"Unnamed: 0": 8999, "CandidateId": "13a779b9-7dce-4cf8-895c-e656cb995450", "CandidateNo": 2, "FirstName": "วรพจน์", "LastName": "วงศ์สง่า", "PartyName": "รักษ์ผืนป่าประเทศไทย", "PartyNumber": 133, "Title": "นาย", "Votable": true, "province_id": 40, "province_name": "ขอนแก่น", "zone_number": 2, "PartyTerminated": false, "Age": 61, "Occupation": "รับจ้าง", "HighestEducation": "ต่ำกว่าปริญญาตรี", "ImageFileId": "5c5807ecfbcb5f1eec0fce04", "SelfIntroduceFileId": "5c59306bfbcb5f1d881604ac", "PartyLogo": "https://storage.googleapis.com/candidate-thumbs/party/133.png", "CandididatePhoto": "https://storage.googleapis.com/candidate-thumbs/images/40-2-2.jpg"}, {"Unnamed: 0": 9000, "CandidateId": "aa646f86-ca12-4722-9942-c17666aea450", "CandidateNo": 3, "FirstName": "กิตติพงษ์", "LastName": "เต็มยงค์", "PartyName": "ภูมิใจไทย", "PartyNumber": 63, "Title": "นาย", "Votable": true, "province_id": 40, "province_name": "ขอนแก่น", "zone_number": 2, "PartyTerminated": false, "Age": 53, "Occupation": "นักธุรกิจ", "HighestEducation": "ต่ำกว่าปริญญาตรี", "ImageFileId": "5c580888fbcb5f1eec0fd5cf", "SelfIntroduceFileId": "5c5937aafbcb5f1d881668cd", "PartyLogo": "https://storage.googleapis.com/candidate-thumbs/party/63.png", "CandididatePhoto": "https://storage.googleapis.com/candidate-thumbs/images/40-2-3.jpg"}, {"Unnamed: 0": 9001, "CandidateId": "4c566133-53a9-46ff-89c1-2821ab0b5b99", "CandidateNo": 4, "FirstName": "เข็มพร", "LastName": "มาตสมบัติ", "PartyName": "ประชาภิวัฒน์", "PartyNumber": 172, "Title": "นาย", "Votable": true, "province_id": 40, "province_name": "ขอนแก่น", "zone_number": 2, "PartyTerminated": false, "Age": 50, "Occupation": "นักการเมืองท้องถิ่น", "HighestEducation": "ต่ำกว่าปริญญาตรี", "ImageFileId": "5c580901fbcb5f1eec0fdb8f", "SelfIntroduceFileId": "5c594037fbcb5f1d8816dc2b", "PartyLogo": "https://storage.googleapis.com/candidate-thumbs/party/172.png", "CandididatePhoto": "https://storage.googleapis.com/candidate-thumbs/images/40-2-4.jpg"}, {"Unnamed: 0": 9002, "CandidateId": "88a64a00-d7e2-4cdd-b39c-6218103b4fd4", "CandidateNo": 5, "FirstName": "วัฒนา", "LastName": "ช่างเหลา", "PartyName": "พลังประชารัฐ", "PartyNumber": 192, "Title": "นาย", "Votable": true, "province_id": 40, "province_name": "ขอนแก่น", "zone_number": 2, "PartyTerminated": false, "Age": 37, "Occupation": "นัการเมืองท้องถิ่น", "HighestEducation": "ปริญญาโท", "ImageFileId": "5c580a02fbcb5f1eec0fe54e", "SelfIntroduceFileId": "5c5946b5fbcb5f1d88173849", "PartyLogo": "https://storage.googleapis.com/candidate-thumbs/party/192.png", "CandididatePhoto": "https://storage.googleapis.com/candidate-thumbs/images/40-2-5.jpg"}, {"Unnamed: 0": 9003, "CandidateId": "386fe250-977a-4ed3-b59a-3e01ab0057f6", "CandidateNo": 6, "FirstName": "ลานบุญ", "LastName": "สีลา", "PartyName": "เศรษฐกิจใหม่", "PartyNumber": 193, "Title": "ร.ต.", "Votable": true, "province_id": 40, "province_name": "ขอนแก่น", "zone_number": 2, "PartyTerminated": false, "Age": 61, "Occupation": "ข้าราชการบำนาญ สังกัดกองทัพบก", "HighestEducation": "ปริญญาตรี", "ImageFileId": "5c580a81fbcb5f1eec0feca2", "SelfIntroduceFileId": "5c594a2ffbcb5f1d88176849", "PartyLogo": "https://storage.googleapis.com/candidate-thumbs/party/193.png", "CandididatePhoto": "https://storage.googleapis.com/candidate-thumbs/images/40-2-6.jpg"}, {"Unnamed: 0": 9004, "CandidateId": "c9e9dae2-ecb0-49cf-9e61-d45d41a15123", "CandidateNo": 7, "FirstName": "สันชัย", "LastName": "ทะคง", "PartyName": "อนาคตใหม่", "PartyNumber": 177, "Title": "นาย", "Votable": true, "province_id": 40, "province_name": "ขอนแก่น", "zone_number": 2, "PartyTerminated": false, "Age": 48, "Occupation": "ธุรกิจส่วนตัว", "HighestEducation": "ปริญญาตรี", "ImageFileId": "5c580b16fbcb5f1eec0ff30b", "SelfIntroduceFileId": "5c5950bffbcb5f1d8817b8f8", "PartyLogo": "https://storage.googleapis.com/candidate-thumbs/party/177.png", "CandididatePhoto": "https://storage.googleapis.com/candidate-thumbs/images/40-2-7.jpg"}, {"Unnamed: 0": 9005, "CandidateId": "b85ce3bc-47b1-43c7-bb02-944c05c78f3f", "CandidateNo": 8, "FirstName": "สมบุญ", "LastName": "ยะมุลณี", "PartyName": "เพื่อนไทย", "PartyNumber": 179, "Title": "นาย", "Votable": false, "province_id": 40, "province_name": "ขอนแก่น", "zone_number": 2, "PartyTerminated": false, "Age": 51, "Occupation": "ข้าราชการ", "HighestEducation": "ปริญญาตรี", "ImageFileId": "5c580b86fbcb5f1eec0ff8a0", "SelfIntroduceFileId": "5c5a3c9cfbcb5f19bca89522", "PartyLogo": "https://storage.googleapis.com/candidate-thumbs/party/179.png", "CandididatePhoto": "https://storage.googleapis.com/candidate-thumbs/images/40-2-8.jpg"}, {"Unnamed: 0": 9006, "CandidateId": "4b71e153-9ea6-4298-af2e-27f8ed2f959f", "CandidateNo": 9, "FirstName": "อัษฎาวุธ", "LastName": "วงษ์ชัย", "PartyName": "ประชานิยม", "PartyNumber": 191, "Title": "นาย", "Votable": true, "province_id": 40, "province_name": "ขอนแก่น", "zone_number": 2, "PartyTerminated": false, "Age": 38, "Occupation": "ธุรกิจส่วนตัว", "HighestEducation": "ปริญญาตรี", "ImageFileId": "5c580ce4fbcb5f1eec10086d", "SelfIntroduceFileId": "5c5a4636fbcb5f19bca8d03d", "PartyLogo": "https://storage.googleapis.com/candidate-thumbs/party/191.png", "CandididatePhoto": "https://storage.googleapis.com/candidate-thumbs/images/40-2-9.jpg"}, {"Unnamed: 0": 9007, "CandidateId": "42fb54a0-374b-458e-a866-44a7dc41f1e8", "CandidateNo": 10, "FirstName": "ธีระศักดิ์", "LastName": "ศรีเมืองบุญ", "PartyName": "เสรีรวมไทย", "PartyNumber": 145, "Title": "นาย", "Votable": true, "province_id": 40, "province_name": "ขอนแก่น", "zone_number": 2, "PartyTerminated": false, "Age": 54, "Occupation": "ผู้ดำเนินรายการวิทยุ", "HighestEducation": "ปริญญาตรี", "ImageFileId": "5c580d32fbcb5f1eec100b4e", "SelfIntroduceFileId": "5c5a4db7fbcb5f19bca90f83", "PartyLogo": "https://storage.googleapis.com/candidate-thumbs/party/145.png", "CandididatePhoto": "https://storage.googleapis.com/candidate-thumbs/images/40-2-10.jpg"}, {"Unnamed: 0": 9008, "CandidateId": "e43532fe-4a78-4bff-a4b7-39fd84a01262", "CandidateNo": 11, "FirstName": "สุพัฒน์", "LastName": "ปัสสาคร", "PartyName": "รวมพลังประชาชาติไทย", "PartyNumber": 181, "Title": "นาย", "Votable": true, "province_id": 40, "province_name": "ขอนแก่น", "zone_number": 2, "PartyTerminated": false, "Age": 58, "Occupation": "เกษตรกร", "HighestEducation": "ต่ำกว่าปริญญาตรี", "ImageFileId": "5c580d7bfbcb5f1eec100f75", "SelfIntroduceFileId": "5c5a507dfbcb5f19bca92b95", "PartyLogo": "https://storage.googleapis.com/candidate-thumbs/party/181.png", "CandididatePhoto": "https://storage.googleapis.com/candidate-thumbs/images/40-2-11.jpg"}, {"Unnamed: 0": 9009, "CandidateId": "51791b4b-dc75-4b9e-a544-219a6326a42a", "CandidateNo": 12, "FirstName": "อุทัย", "LastName": "หานนท์", "PartyName": "ชาติไทยพัฒนา", "PartyNumber": 55, "Title": "นาย", "Votable": true, "province_id": 40, "province_name": "ขอนแก่น", "zone_number": 2, "PartyTerminated": false, "Age": 59, "Occupation": "สมาชิกองค์การบริหารส่วนตำบล", "HighestEducation": "ปริญญาตรี", "ImageFileId": "5c580dbffbcb5f1eec10127c", "SelfIntroduceFileId": "5c5a553afbcb5f19bca955ea", "PartyLogo": "https://storage.googleapis.com/candidate-thumbs/party/55.png", "CandididatePhoto": "https://storage.googleapis.com/candidate-thumbs/images/40-2-12.jpg"}, {"Unnamed: 0": 9010, "CandidateId": "1de05769-98d0-46ac-8862-49175fcf0006", "CandidateNo": 13, "FirstName": "ศุภฤกษ์", "LastName": "พุทธโพธิ์ศรี", "PartyName": "พลังท้องถิ่นไท", "PartyNumber": 124, "Title": "นาย", "Votable": true, "province_id": 40, "province_name": "ขอนแก่น", "zone_number": 2, "PartyTerminated": false, "Age": 46, "Occupation": "ธุรกิจส่วนตัว", "HighestEducation": "ปริญญาตรี", "ImageFileId": "5c580e0efbcb5f1eec10158f", "SelfIntroduceFileId": "5c5a63e0fbcb5f19bca9ce75", "PartyLogo": "https://storage.googleapis.com/candidate-thumbs/party/124.png", "CandididatePhoto": "https://storage.googleapis.com/candidate-thumbs/images/40-2-13.jpg"}, {"Unnamed: 0": 9011, "CandidateId": "b2dacce6-d966-4585-ae2c-c10c8d5e0558", "CandidateNo": 14, "FirstName": "ปดิวรัดดา", "LastName": "ปะกังพะลัง", "PartyName": "ประชาชนปฏิรูป", "PartyNumber": 176, "Title": "นาง", "Votable": true, "province_id": 40, "province_name": "ขอนแก่น", "zone_number": 2, "PartyTerminated": false, "Age": 44, "Occupation": "ค้าขาย", "HighestEducation": "ต่ำกว่าปริญญาตรี", "ImageFileId": "5c580e56fbcb5f1eec101964", "SelfIntroduceFileId": "5c5a73f1fbcb5f19bcaa145c", "PartyLogo": "https://storage.googleapis.com/candidate-thumbs/party/176.png", "CandididatePhoto": "https://storage.googleapis.com/candidate-thumbs/images/40-2-14.jpg"}, {"Unnamed: 0": 9012, "CandidateId": "6daec883-9113-4694-8e3f-e98ccaeea651", "CandidateNo": 15, "FirstName": "จริยา", "LastName": "อนันต์สุวรรณชัย", "PartyName": "พลเมืองไทย", "PartyNumber": 173, "Title": "นาง", "Votable": true, "province_id": 40, "province_name": "ขอนแก่น", "zone_number": 2, "PartyTerminated": false, "Age": 58, "Occupation": "อาจาร์ยพิเศษ", "HighestEducation": "ปริญญาเอก", "ImageFileId": "5c580e99fbcb5f1eec101ca9", "SelfIntroduceFileId": "5c5a7ebafbcb5f19bcaa59b9", "PartyLogo": "https://storage.googleapis.com/candidate-thumbs/party/173.png", "CandididatePhoto": "https://storage.googleapis.com/candidate-thumbs/images/40-2-15.jpg"}, {"Unnamed: 0": 9013, "CandidateId": "012c48a0-9d86-4f21-806d-94ff4f119818", "CandidateNo": 16, "FirstName": "อรอนงค์", "LastName": "สาระผล", "PartyName": "เพื่อไทย", "PartyNumber": 34, "Title": "นาง", "Votable": true, "province_id": 40, "province_name": "ขอนแก่น", "zone_number": 2, "PartyTerminated": false, "Age": 61, "Occupation": "ข้าราชการบำนาญ", "HighestEducation": "ปริญญาโท", "ImageFileId": "5c580ed9fbcb5f1eec101f60", "SelfIntroduceFileId": "5c5a826afbcb5f19bcaa793b", "PartyLogo": "https://storage.googleapis.com/candidate-thumbs/party/34.png", "CandididatePhoto": "https://storage.googleapis.com/candidate-thumbs/images/40-2-16.jpg"}, {"Unnamed: 0": 9014, "CandidateId": "ac405e50-25c6-49b1-884e-e5045bbcb3e1", "CandidateNo": 17, "FirstName": "ชนุช", "LastName": "พันธุวร", "PartyName": "สยามพัฒนา", "PartyNumber": 182, "Title": "นาง", "Votable": true, "province_id": 40, "province_name": "ขอนแก่น", "zone_number": 2, "PartyTerminated": false, "Age": 53, "Occupation": "ค้าขาย", "HighestEducation": "ต่ำกว่าปริญญาตรี", "ImageFileId": "5c580f19fbcb5f1eec1023ac", "SelfIntroduceFileId": "5c5a888dfbcb5f19bcaaa355", "PartyLogo": "https://storage.googleapis.com/candidate-thumbs/party/182.png", "CandididatePhoto": "https://storage.googleapis.com/candidate-thumbs/images/40-2-17.jpg"}, {"Unnamed: 0": 9015, "CandidateId": "cf309cf4-9d5b-4a36-950a-1386d8c47391", "CandidateNo": 18, "FirstName": "ปฏิณญา", "LastName": "วิเชฎฐพงษ์", "PartyName": "ประชาธิปัตย์", "PartyNumber": 1, "Title": "พ.ต.ท.", "Votable": true, "province_id": 40, "province_name": "ขอนแก่น", "zone_number": 2, "PartyTerminated": false, "Age": 59, "Occupation": "ข้าราชการ", "HighestEducation": "ปริญญาโท", "ImageFileId": "5c580f5efbcb5f1eec1025cc", "SelfIntroduceFileId": "5c5a9bb9fbcb5f19bcab2bb8", "PartyLogo": "https://storage.googleapis.com/candidate-thumbs/party/1.png", "CandididatePhoto": "https://storage.googleapis.com/candidate-thumbs/images/40-2-18.jpg"}, {"Unnamed: 0": 9016, "CandidateId": "40498c7c-6cdd-4c4f-ae25-267dc56d1447", "CandidateNo": 19, "FirstName": "นพรัตน์", "LastName": "สีดาคำ", "PartyName": "พลังธรรมใหม่", "PartyNumber": 175, "Title": "นาย", "Votable": true, "province_id": 40, "province_name": "ขอนแก่น", "zone_number": 2, "PartyTerminated": false, "Age": 54, "Occupation": "ค้าขาย", "HighestEducation": "ต่ำกว่าปริญญาตรี", "ImageFileId": "5c580f9bfbcb5f1eec10293c", "SelfIntroduceFileId": "5c5a9d78fbcb5f19bcab38b2", "PartyLogo": "https://storage.googleapis.com/candidate-thumbs/party/175.png", "CandididatePhoto": "https://storage.googleapis.com/candidate-thumbs/images/40-2-19.jpg"}, {"Unnamed: 0": 9017, "CandidateId": "d0479f3d-b39e-45f4-88b5-5c4f046f65f3", "CandidateNo": 20, "FirstName": "ทวีพล", "LastName": "วงศ์ใหญ่", "PartyName": "แผ่นดินธรรม", "PartyNumber": 188, "Title": "นาย", "Votable": true, "province_id": 40, "province_name": "ขอนแก่น", "zone_number": 2, "PartyTerminated": false, "Age": 68, "Occupation": "เกษตรกร", "HighestEducation": "ต่ำกว่าปริญญาตรี", "ImageFileId": "5c580fe7fbcb5f1eec102c4a", "SelfIntroduceFileId": "5c5aa189fbcb5f19bcab52fa", "PartyLogo": "https://storage.googleapis.com/candidate-thumbs/party/188.png", "CandididatePhoto": "https://storage.googleapis.com/candidate-thumbs/images/40-2-20.jpg"}, {"Unnamed: 0": 9018, "CandidateId": "890356ce-857d-40c0-843b-d56a8d569281", "CandidateNo": 21, "FirstName": "สุรินทร์", "LastName": "ศรวิเศษ", "PartyName": "เพื่อแผ่นดิน", "PartyNumber": 41, "Title": "นาย", "Votable": true, "province_id": 40, "province_name": "ขอนแก่น", "zone_number": 2, "PartyTerminated": false, "Age": 60, "Occupation": "เกษตรกร", "HighestEducation": "ต่ำกว่าปริญญาตรี", "ImageFileId": "5c581023fbcb5f1eec102f17", "SelfIntroduceFileId": "5c5aa457fbcb5f19bcab6653", "PartyLogo": "https://storage.googleapis.com/candidate-thumbs/party/41.png", "CandididatePhoto": "https://storage.googleapis.com/candidate-thumbs/images/40-2-21.jpg"}, {"Unnamed: 0": 9019, "CandidateId": "10717268-709c-4e0c-a755-d9c311d2293b", "CandidateNo": 22, "FirstName": "เกียรติศักดิ์", "LastName": "ปัจจุโส", "PartyName": "เพื่อไทยพัฒนา", "PartyNumber": 213, "Title": "นาย", "Votable": true, "province_id": 40, "province_name": "ขอนแก่น", "zone_number": 2, "PartyTerminated": false, "Age": 51, "Occupation": "เกษตรกร", "HighestEducation": "ต่ำกว่าปริญญาตรี", "ImageFileId": "5c591f70fbcb5f1d88152e78", "SelfIntroduceFileId": "5c5b8b37fbcb5f16fc651bef", "PartyLogo": "https://storage.googleapis.com/candidate-thumbs/party/213.png", "CandididatePhoto": "https://storage.googleapis.com/candidate-thumbs/images/40-2-22.jpg"}, {"Unnamed: 0": 9020, "CandidateId": "d751ace9-fb3f-4404-bf13-29c9c2a999c3", "CandidateNo": 23, "FirstName": "ประดับศิลป์", "LastName": "วะสมบัติ", "PartyName": "พลังครูไทย", "PartyNumber": 210, "Title": "นาง", "Votable": true, "province_id": 40, "province_name": "ขอนแก่น", "zone_number": 2, "PartyTerminated": false, "Age": 67, "Occupation": "ข้าราชการบำนาญ", "HighestEducation": "ปริญญาตรี", "ImageFileId": "5c595720fbcb5f1d8817fade", "SelfIntroduceFileId": "5c5b8ceafbcb5f16fc6522a2", "PartyLogo": "https://storage.googleapis.com/candidate-thumbs/party/210.png", "CandididatePhoto": "https://storage.googleapis.com/candidate-thumbs/images/40-2-23.jpg"}, {"Unnamed: 0": 9021, "CandidateId": "30893bab-3500-48b8-a013-8fdc4b4f27a1", "CandidateNo": 24, "FirstName": "สฤษดิ์", "LastName": "นิรพันธ์", "PartyName": "ประชาชาติ", "PartyNumber": 187, "Title": "นาย", "Votable": true, "province_id": 40, "province_name": "ขอนแก่น", "zone_number": 2, "PartyTerminated": false, "Age": 36, "Occupation": "รับจ้าง", "HighestEducation": "ปริญญาตรี", "ImageFileId": "5c5a8b37fbcb5f19bcaabac7", "SelfIntroduceFileId": "5c5b8e8cfbcb5f16fc65265a", "PartyLogo": "https://storage.googleapis.com/candidate-thumbs/party/187.png", "CandididatePhoto": "https://storage.googleapis.com/candidate-thumbs/images/40-2-24.jpg"}, {"Unnamed: 0": 9022, "CandidateId": "26bf011b-1e49-43d2-b474-07454db5c2e7", "CandidateNo": 25, "FirstName": "เสถียรพงศ์", "LastName": "ถมคำ", "PartyName": "ประชากรไทย", "PartyNumber": 2, "Title": "นาย", "Votable": true, "province_id": 40, "province_name": "ขอนแก่น", "zone_number": 2, "PartyTerminated": false, "Age": 65, "Occupation": "เกษตรกร", "HighestEducation": "ปริญญาตรี", "ImageFileId": "5c5a982efbcb5f19bcab12a5", "SelfIntroduceFileId": "5c5b90a7fbcb5f16fc652e60", "PartyLogo": "https://storage.googleapis.com/candidate-thumbs/party/2.png", "CandididatePhoto": "https://storage.googleapis.com/candidate-thumbs/images/40-2-25.jpg"}, {"Unnamed: 0": 9023, "CandidateId": "5925598b-1845-44be-a207-42e22aed9a1d", "CandidateNo": 26, "FirstName": "นวลละออง", "LastName": "ซอลี", "PartyName": "มหาชน", "PartyNumber": 4, "Title": "นาง", "Votable": true, "province_id": 40, "province_name": "ขอนแก่น", "zone_number": 2, "PartyTerminated": false, "Age": 38, "Occupation": "รับจ้าง", "HighestEducation": "ต่ำกว่าปริญญาตรี", "ImageFileId": "5c5a988afbcb5f19bcab14b5", "SelfIntroduceFileId": "5c5b91ddfbcb5f16fc6534ca", "PartyLogo": "https://storage.googleapis.com/candidate-thumbs/party/4.png", "CandididatePhoto": "https://storage.googleapis.com/candidate-thumbs/images/40-2-26.jpg"}, {"Unnamed: 0": 9024, "CandidateId": "b00802b8-3769-446e-b1cc-424db0ad61d9", "CandidateNo": 27, "FirstName": "บุญเที่ยง", "LastName": "ขุนด้วง", "PartyName": "ไทยศรีวิไลย์", "PartyNumber": 180, "Title": "ร.ต.อ.", "Votable": true, "province_id": 40, "province_name": "ขอนแก่น", "zone_number": 2, "PartyTerminated": false, "Age": 60, "Occupation": "ข้าราชการบำนาญ", "HighestEducation": "ต่ำกว่าปริญญาตรี", "ImageFileId": "5c5ba0f3fbcb5f16fc6588c1", "SelfIntroduceFileId": "5c5bb219fbcb5f16fc660bfa", "PartyLogo": "https://storage.googleapis.com/candidate-thumbs/party/180.png", "CandididatePhoto": "https://storage.googleapis.com/candidate-thumbs/images/40-2-27.jpg"}, {"Unnamed: 0": 9025, "CandidateId": "6f3d4e61-7753-4c95-a5d1-3db7896bc07f", "CandidateNo": 28, "FirstName": "สุรศักดิ์", "LastName": "นาคปราการ", "PartyName": "พลังชาติไทย", "PartyNumber": 186, "Title": "นาย", "Votable": true, "province_id": 40, "province_name": "ขอนแก่น", "zone_number": 2, "PartyTerminated": false, "Age": 69, "Occupation": "ข้าราชการบำนาญ", "HighestEducation": "ปริญญาโท", "ImageFileId": "5c5baca4fbcb5f16fc65d8ec", "SelfIntroduceFileId": "5c5bb3c4fbcb5f16fc661b24", "PartyLogo": "https://storage.googleapis.com/candidate-thumbs/party/186.png", "CandididatePhoto": "https://storage.googleapis.com/candidate-thumbs/images/40-2-28.jpg"}, {"Unnamed: 0": 9026, "CandidateId": "8b9f425e-3f5c-4d96-8eb8-fc9933864954", "CandidateNo": 29, "FirstName": "ยศนันท์", "LastName": "ขันทะ", "PartyName": "ครูไทยเพื่อประชาชน", "PartyNumber": 118, "Title": "นาย", "Votable": true, "province_id": 40, "province_name": "ขอนแก่น", "zone_number": 2, "PartyTerminated": false, "Age": 61, "Occupation": "ข้าราชการบำนาญ", "HighestEducation": "ปริญญาโท", "ImageFileId": "5c5bb3fffbcb5f16fc661d80", "SelfIntroduceFileId": "5c5bc936fbcb5f16fc668c43", "PartyLogo": "https://storage.googleapis.com/candidate-thumbs/party/118.png", "CandididatePhoto": "https://storage.googleapis.com/candidate-thumbs/images/40-2-29.jpg"}, {"Unnamed: 0": 9027, "CandidateId": "9371fbe3-18a2-4ba6-b989-a7a806520ba1", "CandidateNo": 30, "FirstName": "สุดใจ", "LastName": "ทุยบึงฉิม", "PartyName": "เพื่อชาติ", "PartyNumber": 149, "Title": "นาย", "Votable": true, "province_id": 40, "province_name": "ขอนแก่น", "zone_number": 2, "PartyTerminated": false, "Age": 65, "Occupation": "นักการเมืองท้องถิ่น", "HighestEducation": "ปริญญาเอก", "ImageFileId": "5c5bd344fbcb5f16fc66d4ec", "SelfIntroduceFileId": "5c5bd67cfbcb5f16fc66ea2f", "PartyLogo": "https://storage.googleapis.com/candidate-thumbs/party/149.png", "CandididatePhoto": "https://storage.googleapis.com/candidate-thumbs/images/40-2-30.jpg"}, {"Unnamed: 0": 9028, "CandidateId": "89fe3bff-bade-4977-aca7-5056b09fd500", "CandidateNo": 31, "FirstName": "อิศราพงศ์", "LastName": "พรหมวงศานนท์", "PartyName": "พลังไทสร้างชาติ", "PartyNumber": 200, "Title": "นาย", "Votable": true, "province_id": 40, "province_name": "ขอนแก่น", "zone_number": 2, "PartyTerminated": false, "Age": 61, "Occupation": "ข้าราชการ", "HighestEducation": "ปริญญาตรี", "ImageFileId": "5c5bd71efbcb5f16fc66f048", "SelfIntroduceFileId": "5c5bd8c3fbcb5f16fc67000b", "PartyLogo": "https://storage.googleapis.com/candidate-thumbs/party/200.png", "CandididatePhoto": "https://storage.googleapis.com/candidate-thumbs/images/40-2-31.jpg"}, {"Unnamed: 0": 9029, "CandidateId": "a804e707-1457-433a-a03b-8a14a6db5b4f", "CandidateNo": 32, "FirstName": "จำลอง", "LastName": "ดรตะโกน", "PartyName": "ไทยรักษาชาติ", "PartyNumber": 77, "Title": "นาย", "Votable": true, "province_id": 40, "province_name": "ขอนแก่น", "zone_number": 2, "PartyTerminated": true, "Age": 68, "Occupation": "ธุรกิจส่วนตัว", "HighestEducation": "ต่ำกว่าปริญญาตรี", "ImageFileId": "5c5bee68fbcb5f16fc67b897", "SelfIntroduceFileId": "5c5bf131fbcb5f16fc67cfc2", "PartyLogo": "https://storage.googleapis.com/candidate-thumbs/party/77.png", "CandididatePhoto": "https://storage.googleapis.com/candidate-thumbs/images/40-2-32.jpg"}, {"Unnamed: 0": 9030, "CandidateId": "50b16327-15c4-4a3b-9036-c7376009e7b7", "CandidateNo": 33, "FirstName": "วีรยุทธ", "LastName": "แรงดี", "PartyName": "พลังศรัทธา", "PartyNumber": 201, "Title": "นาย", "Votable": true, "province_id": 40, "province_name": "ขอนแก่น", "zone_number": 2, "PartyTerminated": false, "Age": 56, "Occupation": "ธุรกิจส่วนตัว", "HighestEducation": "ปริญญาตรี", "ImageFileId": "5c5cf745fbcb5f0fd8843d94", "SelfIntroduceFileId": "5c5cfd8cfbcb5f0fd8846bd6", "PartyLogo": "https://storage.googleapis.com/candidate-thumbs/party/201.png", "CandididatePhoto": "https://storage.googleapis.com/candidate-thumbs/images/40-2-33.jpg"}, {"Unnamed: 0": 9031, "CandidateId": "6937cdff-758e-4f78-b349-8a0ac4deaefe", "CandidateNo": 34, "FirstName": "เรือง", "LastName": "สุระเสียง", "PartyName": "ประชาธิปไตยเพื่อประชาชน", "PartyNumber": 169, "Title": "นาย", "Votable": true, "province_id": 40, "province_name": "ขอนแก่น", "zone_number": 2, "PartyTerminated": false, "Age": 77, "Occupation": "ข้าราชการบำนาญ", "HighestEducation": "ต่ำกว่าปริญญาตรี", "ImageFileId": "5c5cf295fbcb5f16fc68ff8b", "SelfIntroduceFileId": "5c5d0350fbcb5f0fd8849f4f", "PartyLogo": "https://storage.googleapis.com/candidate-thumbs/party/169.png", "CandididatePhoto": "https://storage.googleapis.com/candidate-thumbs/images/40-2-34.jpg"}, {"Unnamed: 0": 9032, "CandidateId": "6585ba29-2bed-4cb4-a6bf-95975893ecb4", "CandidateNo": 35, "FirstName": "บวรเดช", "LastName": "ศิริคูณทอง", "PartyName": "พลังปวงชนไทย", "PartyNumber": 184, "Title": "นาย", "Votable": true, "province_id": 40, "province_name": "ขอนแก่น", "zone_number": 2, "PartyTerminated": false, "Age": 65, "Occupation": "ข้าราชการบำนาญ", "HighestEducation": "ปริญญาตรี", "ImageFileId": "5c5cf8f4fbcb5f0fd88446a1", "SelfIntroduceFileId": "5c5d0626fbcb5f0fd884b629", "PartyLogo": "https://storage.googleapis.com/candidate-thumbs/party/184.png", "CandididatePhoto": "https://storage.googleapis.com/candidate-thumbs/images/40-2-35.jpg"}, {"Unnamed: 0": 9033, "CandidateId": "a0737013-84fc-49d3-a677-9750ac411e15", "CandidateNo": 36, "FirstName": "สุขวัฒน์", "LastName": "เหมวงษ์", "PartyName": "พลังสังคม", "PartyNumber": 198, "Title": "นาย", "Votable": true, "province_id": 40, "province_name": "ขอนแก่น", "zone_number": 2, "PartyTerminated": false, "Age": 58, "Occupation": "รับจ้าง                                                                                    ื                                                                                                                                                                                                                                                                                                                                                                                                                                                                                                                                                                                                                                                                                                                                                                                                                                                                                                                                                                                                                                                       ", "HighestEducation": "ปริญญาโท", "ImageFileId": "5c5d4255fbcb5f0fd8866722", "SelfIntroduceFileId": "5c5d5865fbcb5f0fd8876583", "PartyLogo": "https://storage.googleapis.com/candidate-thumbs/party/198.png", "CandididatePhoto": "https://storage.googleapis.com/candidate-thumbs/images/40-2-36.jpg"}, {"Unnamed: 0": 9034, "CandidateId": "8f442a41-4b0c-4ea9-a4ce-60ea6fdccb01", "CandidateNo": 37, "FirstName": "นิติรัฐ", "LastName": "ศรีรัตนพรรณ", "PartyName": "ภาคีเครือข่ายไทย", "PartyNumber": 211, "Title": "นาย", "Votable": true, "province_id": 40, "province_name": "ขอนแก่น", "zone_number": 2, "PartyTerminated": false, "Age": 47, "Occupation": "ธุรกิจส่วนตัว", "HighestEducation": "ปริญญาโท", "ImageFileId": "5c5d5076fbcb5f0fd8870307", "SelfIntroduceFileId": "5c5d5972fbcb5f0fd8877280", "PartyLogo": "https://storage.googleapis.com/candidate-thumbs/party/211.png", "CandididatePhoto": "https://storage.googleapis.com/candidate-thumbs/images/40-2-37.jpg"}, {"Unnamed: 0": 9035, "CandidateId": "b21c2904-327a-484d-8496-3a2683d1fb89", "CandidateNo": 38, "FirstName": "อินท์วาริน", "LastName": "เธียรเลิศธนากร", "PartyName": "พลังไทยรักไทย", "PartyNumber": 185, "Title": "นางสาว", "Votable": true, "province_id": 40, "province_name": "ขอนแก่น", "zone_number": 2, "PartyTerminated": false, "Age": 49, "Occupation": "ธุรกิจส่วนตัว", "HighestEducation": "ปริญญาตรี", "ImageFileId": "5c5d5334fbcb5f0fd887204a", "SelfIntroduceFileId": "5c5d5ac6fbcb5f0fd8877f4f", "PartyLogo": "https://storage.googleapis.com/candidate-thumbs/party/185.png", "CandididatePhoto": "https://storage.googleapis.com/candidate-thumbs/images/40-2-38.jpg"}, {"Unnamed: 0": 9036, "CandidateId": "fe0a11f1-6401-4adc-ae46-3109444bda07", "CandidateNo": 39, "FirstName": "สมจิตร์", "LastName": "อ่วมศิริ", "PartyName": "ผึ้งหลวง", "PartyNumber": 164, "Title": "นาย", "Votable": true, "province_id": 40, "province_name": "ขอนแก่น", "zone_number": 2, "PartyTerminated": false, "Age": 51, "Occupation": "รับจ้าง", "HighestEducation": "ต่ำกว่าปริญญาตรี", "ImageFileId": "5c5d53d5fbcb5f0fd8872794", "SelfIntroduceFileId": "5c5d5beffbcb5f0fd8878af1", "PartyLogo": "https://storage.googleapis.com/candidate-thumbs/party/164.png", "CandididatePhoto": "https://storage.googleapis.com/candidate-thumbs/images/40-2-39.jpg"}, {"Unnamed: 0": 9037, "CandidateId": "fbada808-e3a5-4189-8883-2a3f61c9e31c", "CandidateNo": 40, "FirstName": "พัทธนันท์", "LastName": "วิชัย", "PartyName": "แทนคุณแผ่นดิน", "PartyNumber": 53, "Title": "นาง", "Votable": true, "province_id": 40, "province_name": "ขอนแก่น", "zone_number": 2, "PartyTerminated": false, "Age": 57, "Occupation": "รับจ้าง", "HighestEducation": "ปริญญาตรี", "ImageFileId": "5c5d5437fbcb5f0fd8872cd8", "SelfIntroduceFileId": "5c5d5d5afbcb5f0fd88796cf", "PartyLogo": "https://storage.googleapis.com/candidate-thumbs/party/53.png", "CandididatePhoto": "https://storage.googleapis.com/candidate-thumbs/images/40-2-40.jpg"}, {"Unnamed: 0": 9038, "CandidateId": "3a703dab-2b99-4ce1-ba09-663a55b640ed", "CandidateNo": 41, "FirstName": "ศุภลักษณ์ ", "LastName": "สิงหบุตร", "PartyName": "ฐานรากไทย", "PartyNumber": 208, "Title": "นาง", "Votable": true, "province_id": 40, "province_name": "ขอนแก่น", "zone_number": 2, "PartyTerminated": false, "Age": 66, "Occupation": "ข้าราชการบำนาญ", "HighestEducation": "ปริญญาเอก", "ImageFileId": "5c5d5528fbcb5f0fd8873ab4", "SelfIntroduceFileId": "5c5d5ebcfbcb5f0fd887a19f", "PartyLogo": "https://storage.googleapis.com/candidate-thumbs/party/208.png", "CandididatePhoto": "https://storage.googleapis.com/candidate-thumbs/images/40-2-41.jpg"}, {"Unnamed: 0": 9039, "CandidateId": "cf8fc883-f7df-412a-9110-fb1670571145", "CandidateNo": 42, "FirstName": "ชนะ", "LastName": "วงษ์สีหา", "PartyName": "ไทรักธรรม", "PartyNumber": 144, "Title": "นาย", "Votable": true, "province_id": 40, "province_name": "ขอนแก่น", "zone_number": 2, "PartyTerminated": false, "Age": 59, "Occupation": "รับจ้าง", "HighestEducation": "ต่ำกว่าปริญญาตรี", "ImageFileId": "5c5d5636fbcb5f0fd8874b46", "SelfIntroduceFileId": "5c5d5fedfbcb5f0fd887ab71", "PartyLogo": "https://storage.googleapis.com/candidate-thumbs/party/144.png", "CandididatePhoto": "https://storage.googleapis.com/candidate-thumbs/images/40-2-42.jpg"}]