[{"Unnamed: 0": 8956, "CandidateId": "ef7acb0c-8542-4816-a238-c112b914697c", "CandidateNo": 1, "FirstName": "ภพธร", "LastName": "แก้วขัน", "PartyName": "พลังประชารัฐ", "PartyNumber": 192, "Title": "นาย", "Votable": true, "province_id": 40, "province_name": "ขอนแก่น", "zone_number": 1, "PartyTerminated": false, "Age": 56, "Occupation": "ทนายความ", "HighestEducation": "ปริญญาเอก", "ImageFileId": "5c57deb0fbcb5f1eec0e1691", "SelfIntroduceFileId": "5c57ea1efbcb5f1eec0e6d26", "PartyLogo": "https://storage.googleapis.com/candidate-thumbs/party/192.png", "CandididatePhoto": "https://storage.googleapis.com/candidate-thumbs/images/40-1-1.jpg"}, {"Unnamed: 0": 8957, "CandidateId": "d2f7a0c5-a636-465c-8e8b-06e125fe85a2", "CandidateNo": 2, "FirstName": "ฐิตินันท์", "LastName": "แสงนาค", "PartyName": "อนาคตใหม่", "PartyNumber": 177, "Title": "นาย", "Votable": true, "province_id": 40, "province_name": "ขอนแก่น", "zone_number": 1, "PartyTerminated": false, "Age": 58, "Occupation": "อิสระ", "HighestEducation": "ปริญญาโท", "ImageFileId": "5c580b07fbcb5f1eec0ff2b1", "SelfIntroduceFileId": "5c59420cfbcb5f1d8816f750", "PartyLogo": "https://storage.googleapis.com/candidate-thumbs/party/177.png", "CandididatePhoto": "https://storage.googleapis.com/candidate-thumbs/images/40-1-2.jpg"}, {"Unnamed: 0": 8958, "CandidateId": "3109843e-a843-4709-b1de-a9a0e7fc9980", "CandidateNo": 3, "FirstName": "สานิตย์", "LastName": "สุภเลิศ", "PartyName": "ประชาธิปไตยใหม่", "PartyNumber": 109, "Title": "นาย", "Votable": true, "province_id": 40, "province_name": "ขอนแก่น", "zone_number": 1, "PartyTerminated": false, "Age": 58, "Occupation": "เกษตรกรรม", "HighestEducation": "ปริญญาตรี", "ImageFileId": "5c580b89fbcb5f1eec0ff8af", "SelfIntroduceFileId": "5c59463efbcb5f1d88173027", "PartyLogo": "https://storage.googleapis.com/candidate-thumbs/party/109.png", "CandididatePhoto": "https://storage.googleapis.com/candidate-thumbs/images/40-1-3.jpg"}, {"Unnamed: 0": 8959, "CandidateId": "b9447c73-1338-478e-88f7-5e029a5c16ea", "CandidateNo": 4, "FirstName": "เรืองชัย", "LastName": "พลเสนา", "PartyName": "เพื่อไทยพัฒนา", "PartyNumber": 213, "Title": "ร.ต.", "Votable": true, "province_id": 40, "province_name": "ขอนแก่น", "zone_number": 1, "PartyTerminated": false, "Age": 60, "Occupation": "รับราชการ", "HighestEducation": "ต่ำกว่าปริญญาตรี", "ImageFileId": "5c580bccfbcb5f1eec0ffc0c", "SelfIntroduceFileId": "5c594961fbcb5f1d88175e8a", "PartyLogo": "https://storage.googleapis.com/candidate-thumbs/party/213.png", "CandididatePhoto": "https://storage.googleapis.com/candidate-thumbs/images/40-1-4.jpg"}, {"Unnamed: 0": 8960, "CandidateId": "8a963dba-987b-4e31-a249-375a257b5165", "CandidateNo": 5, "FirstName": "กิตติกูร", "LastName": "กาญจนสกุล", "PartyName": "เสรีรวมไทย", "PartyNumber": 145, "Title": "พ.ต.อ.", "Votable": true, "province_id": 40, "province_name": "ขอนแก่น", "zone_number": 1, "PartyTerminated": false, "Age": 71, "Occupation": "ข้าราชการบำนาญ", "HighestEducation": "ปริญญาตรี", "ImageFileId": "5c580c35fbcb5f1eec10016c", "SelfIntroduceFileId": "5c594b6afbcb5f1d881777ee", "PartyLogo": "https://storage.googleapis.com/candidate-thumbs/party/145.png", "CandididatePhoto": "https://storage.googleapis.com/candidate-thumbs/images/40-1-5.jpg"}, {"Unnamed: 0": 8961, "CandidateId": "38ee3339-61a6-4781-9820-3e4282a95194", "CandidateNo": 6, "FirstName": "จุมพล", "LastName": "สวัสดิผล", "PartyName": "ประชาภิวัฒน์", "PartyNumber": 172, "Title": "นาย", "Votable": true, "province_id": 40, "province_name": "ขอนแก่น", "zone_number": 1, "PartyTerminated": false, "Age": 65, "Occupation": "ข้าราชการ (ผู้บริหารสถานศึกษา)", "HighestEducation": "ปริญญาโท", "ImageFileId": "5c580c73fbcb5f1eec100350", "SelfIntroduceFileId": "5c595146fbcb5f1d8817c3dd", "PartyLogo": "https://storage.googleapis.com/candidate-thumbs/party/172.png", "CandididatePhoto": "https://storage.googleapis.com/candidate-thumbs/images/40-1-6.jpg"}, {"Unnamed: 0": 8962, "CandidateId": "471e2940-fd02-4ecb-a32c-82ed4980c2ff", "CandidateNo": 7, "FirstName": "เริ่ม", "LastName": "สามหมอ", "PartyName": "เพื่อนไทย", "PartyNumber": 179, "Title": "นาย", "Votable": false, "province_id": 40, "province_name": "ขอนแก่น", "zone_number": 1, "PartyTerminated": false, "Age": 72, "Occupation": "ข้าราชการบำนาญ", "HighestEducation": "ปริญญาตรี", "ImageFileId": "5c580cd5fbcb5f1eec10081f", "SelfIntroduceFileId": "5c5ba1bafbcb5f16fc658d7e", "PartyLogo": "https://storage.googleapis.com/candidate-thumbs/party/179.png", "CandididatePhoto": "https://storage.googleapis.com/candidate-thumbs/images/40-1-7.jpg"}, {"Unnamed: 0": 8963, "CandidateId": "4282fb10-a163-441c-a4ec-092bec45816a", "CandidateNo": 8, "FirstName": "ปรีชา", "LastName": "ศรีวงษ์", "PartyName": "พลังท้องถิ่นไท", "PartyNumber": 124, "Title": "นาย", "Votable": true, "province_id": 40, "province_name": "ขอนแก่น", "zone_number": 1, "PartyTerminated": false, "Age": 55, "Occupation": "ทนายความ", "HighestEducation": "ปริญญาโท", "ImageFileId": "5c591781fbcb5f1d8814f2e1", "SelfIntroduceFileId": "5c5a6299fbcb5f19bca9c31e", "PartyLogo": "https://storage.googleapis.com/candidate-thumbs/party/124.png", "CandididatePhoto": "https://storage.googleapis.com/candidate-thumbs/images/40-1-8.jpg"}, {"Unnamed: 0": 8964, "CandidateId": "003bc7a0-bd17-416f-bfae-0be36908ebab", "CandidateNo": 9, "FirstName": "รังสฤษดิ์", "LastName": "เส่งมูล", "PartyName": "สยามพัฒนา", "PartyNumber": 182, "Title": "นาย", "Votable": true, "province_id": 40, "province_name": "ขอนแก่น", "zone_number": 1, "PartyTerminated": false, "Age": 65, "Occupation": "ข้าราชการครู", "HighestEducation": "ปริญญาโท", "ImageFileId": "5c580d7cfbcb5f1eec100f79", "SelfIntroduceFileId": "5c5a53a2fbcb5f19bca947c8", "PartyLogo": "https://storage.googleapis.com/candidate-thumbs/party/182.png", "CandididatePhoto": "https://storage.googleapis.com/candidate-thumbs/images/40-1-9.jpg"}, {"Unnamed: 0": 8965, "CandidateId": "7e89aa1e-798a-438d-9fa9-646a423180e7", "CandidateNo": 10, "FirstName": "จักริน", "LastName": "พัฒน์ดำรงจิตร", "PartyName": "เพื่อไทย", "PartyNumber": 34, "Title": "นาย", "Votable": true, "province_id": 40, "province_name": "ขอนแก่น", "zone_number": 1, "PartyTerminated": false, "Age": 54, "Occupation": "นักธุรกิจ", "HighestEducation": "ปริญญาโท", "ImageFileId": "5c580dc8fbcb5f1eec1012a0", "SelfIntroduceFileId": "5c5a650bfbcb5f19bca9d5a2", "PartyLogo": "https://storage.googleapis.com/candidate-thumbs/party/34.png", "CandididatePhoto": "https://storage.googleapis.com/candidate-thumbs/images/40-1-10.jpg"}, {"Unnamed: 0": 8966, "CandidateId": "c679842c-2841-4324-8703-215488e9d9cd", "CandidateNo": 11, "FirstName": "ลักษณา", "LastName": "แกล้วกล้าหาญ", "PartyName": "ชาติไทยพัฒนา", "PartyNumber": 55, "Title": "นาง", "Votable": true, "province_id": 40, "province_name": "ขอนแก่น", "zone_number": 1, "PartyTerminated": false, "Age": 62, "Occupation": "ข้าราชการบำนาญ สังกัด มหาวิทยาลัยขอนแก่น", "HighestEducation": "ปริญญาเอก", "ImageFileId": "5c580e06fbcb5f1eec101555", "SelfIntroduceFileId": "5c5a75dbfbcb5f19bcaa1f3c", "PartyLogo": "https://storage.googleapis.com/candidate-thumbs/party/55.png", "CandididatePhoto": "https://storage.googleapis.com/candidate-thumbs/images/40-1-11.jpg"}, {"Unnamed: 0": 8967, "CandidateId": "e006546c-f0f7-4d44-b5fa-8cd44034a271", "CandidateNo": 12, "FirstName": "จิตติ", "LastName": "เชิดชู", "PartyName": "ประชาธิปัตย์", "PartyNumber": 1, "Title": "นาย", "Votable": true, "province_id": 40, "province_name": "ขอนแก่น", "zone_number": 1, "PartyTerminated": false, "Age": 55, "Occupation": "เจ้าของกิจการจิตติอิเล็กทริก", "HighestEducation": "ปริญญาโท", "ImageFileId": "5c580e4ffbcb5f1eec1018dd", "SelfIntroduceFileId": "5c5a7935fbcb5f19bcaa330e", "PartyLogo": "https://storage.googleapis.com/candidate-thumbs/party/1.png", "CandididatePhoto": "https://storage.googleapis.com/candidate-thumbs/images/40-1-12.jpg"}, {"Unnamed: 0": 8968, "CandidateId": "bba3f59f-242d-4ef2-b624-c91b24d07f4b", "CandidateNo": 13, "FirstName": "วิฑูรย์", "LastName": "กมลนฤเมธ", "PartyName": "รวมพลังประชาชาติไทย", "PartyNumber": 181, "Title": "นาย", "Votable": true, "province_id": 40, "province_name": "ขอนแก่น", "zone_number": 1, "PartyTerminated": false, "Age": 59, "Occupation": "ค้าขาย", "HighestEducation": "ปริญญาโท", "ImageFileId": "5c580e8efbcb5f1eec101c85", "SelfIntroduceFileId": "5c5a7d3cfbcb5f19bcaa4ade", "PartyLogo": "https://storage.googleapis.com/candidate-thumbs/party/181.png", "CandididatePhoto": "https://storage.googleapis.com/candidate-thumbs/images/40-1-13.jpg"}, {"Unnamed: 0": 8969, "CandidateId": "eca16115-776e-487c-9d9e-c1fdbee2381c", "CandidateNo": 14, "FirstName": "อนุชา", "LastName": "ทองยา", "PartyName": "ประชานิยม", "PartyNumber": 191, "Title": "นาย", "Votable": true, "province_id": 40, "province_name": "ขอนแก่น", "zone_number": 1, "PartyTerminated": false, "Age": 48, "Occupation": "ธุรกิจส่วนตัว", "HighestEducation": "ปริญญาตรี", "ImageFileId": "5c580ecffbcb5f1eec101ef0", "SelfIntroduceFileId": "5c5a7ebcfbcb5f19bcaa59cc", "PartyLogo": "https://storage.googleapis.com/candidate-thumbs/party/191.png", "CandididatePhoto": "https://storage.googleapis.com/candidate-thumbs/images/40-1-14.jpg"}, {"Unnamed: 0": 8970, "CandidateId": "e50ad069-897a-4794-8f25-0636b4c62d78", "CandidateNo": 15, "FirstName": "โตบูรพา", "LastName": "สิมมาทัน", "PartyName": "ประชาชาติ", "PartyNumber": 187, "Title": "นาย", "Votable": true, "province_id": 40, "province_name": "ขอนแก่น", "zone_number": 1, "PartyTerminated": false, "Age": 47, "Occupation": "ผู้บริหารสถานีวิทยุ เอฟ เอ็ม 99.0 MHz.ขอนแก่น", "HighestEducation": "ปริญญาตรี", "ImageFileId": "5c580f09fbcb5f1eec1022a6", "SelfIntroduceFileId": "5c5a82e1fbcb5f19bcaa7c82", "PartyLogo": "https://storage.googleapis.com/candidate-thumbs/party/187.png", "CandididatePhoto": "https://storage.googleapis.com/candidate-thumbs/images/40-1-15.jpg"}, {"Unnamed: 0": 8971, "CandidateId": "84923f19-0b7c-4968-8e42-b892a17c6227", "CandidateNo": 16, "FirstName": "คำปอน", "LastName": "วงศ์สละ", "PartyName": "รักษ์ผืนป่าประเทศไทย", "PartyNumber": 133, "Title": "นาง", "Votable": true, "province_id": 40, "province_name": "ขอนแก่น", "zone_number": 1, "PartyTerminated": false, "Age": 63, "Occupation": "เกษตรกร", "HighestEducation": "ต่ำกว่าปริญญาตรี", "ImageFileId": "5c580f41fbcb5f1eec1024fb", "SelfIntroduceFileId": "5c5a869cfbcb5f19bcaa9909", "PartyLogo": "https://storage.googleapis.com/candidate-thumbs/party/133.png", "CandididatePhoto": "https://storage.googleapis.com/candidate-thumbs/images/40-1-16.jpg"}, {"Unnamed: 0": 8972, "CandidateId": "82bb181c-f042-423d-858f-fc97e3d7a3e0", "CandidateNo": 17, "FirstName": "ปพน", "LastName": "ทุมพัฒน์", "PartyName": "แผ่นดินธรรม", "PartyNumber": 188, "Title": "นาย", "Votable": true, "province_id": 40, "province_name": "ขอนแก่น", "zone_number": 1, "PartyTerminated": false, "Age": 66, "Occupation": "ธุรกิจส่วนตัว", "HighestEducation": "ปริญญาตรี", "ImageFileId": "5c580f79fbcb5f1eec102789", "SelfIntroduceFileId": "5c5aa113fbcb5f19bcab5094", "PartyLogo": "https://storage.googleapis.com/candidate-thumbs/party/188.png", "CandididatePhoto": "https://storage.googleapis.com/candidate-thumbs/images/40-1-17.jpg"}, {"Unnamed: 0": 8973, "CandidateId": "aa633b0e-7840-4488-93dd-66c5664ff653", "CandidateNo": 18, "FirstName": "บุญคง", "LastName": "ดวงจันคำ", "PartyName": "ภูมิใจไทย", "PartyNumber": 63, "Title": "นาย", "Votable": true, "province_id": 40, "province_name": "ขอนแก่น", "zone_number": 1, "PartyTerminated": false, "Age": 66, "Occupation": "ทนายความ", "HighestEducation": "ปริญญาตรี", "ImageFileId": "5c580fb4fbcb5f1eec1029ec", "SelfIntroduceFileId": "5c5aa07dfbcb5f19bcab4bf8", "PartyLogo": "https://storage.googleapis.com/candidate-thumbs/party/63.png", "CandididatePhoto": "https://storage.googleapis.com/candidate-thumbs/images/40-1-18.jpg"}, {"Unnamed: 0": 8974, "CandidateId": "b5e0d72b-dc22-456f-a4da-39d9389e4e5c", "CandidateNo": 19, "FirstName": "จารุณี", "LastName": "ศรีขา", "PartyName": "เพื่อแผ่นดิน", "PartyNumber": 41, "Title": "นาง", "Votable": true, "province_id": 40, "province_name": "ขอนแก่น", "zone_number": 1, "PartyTerminated": false, "Age": 66, "Occupation": "ค้าขาย", "HighestEducation": "ต่ำกว่าปริญญาตรี", "ImageFileId": "5c580fecfbcb5f1eec102c81", "SelfIntroduceFileId": "5c5aa388fbcb5f19bcab61be", "PartyLogo": "https://storage.googleapis.com/candidate-thumbs/party/41.png", "CandididatePhoto": "https://storage.googleapis.com/candidate-thumbs/images/40-1-19.jpg"}, {"Unnamed: 0": 8975, "CandidateId": "c4ded1b5-92ed-4b52-8a07-3d707c9bc29f", "CandidateNo": 20, "FirstName": "สวาท", "LastName": "ฮาดภักดี", "PartyName": "เศรษฐกิจใหม่", "PartyNumber": 193, "Title": "นาย", "Votable": true, "province_id": 40, "province_name": "ขอนแก่น", "zone_number": 1, "PartyTerminated": false, "Age": 40, "Occupation": "อาจารย์มหาวิทยาลัย ", "HighestEducation": "ปริญญาโท", "ImageFileId": "5c581024fbcb5f1eec102f1c", "SelfIntroduceFileId": "5c5aac58fbcb5f19bcab80f1", "PartyLogo": "https://storage.googleapis.com/candidate-thumbs/party/193.png", "CandididatePhoto": "https://storage.googleapis.com/candidate-thumbs/images/40-1-20.jpg"}, {"Unnamed: 0": 8976, "CandidateId": "7f6a261f-216f-409e-b4b0-516c1a2f259a", "CandidateNo": 21, "FirstName": "พิตตินันท์", "LastName": "รู้กิจ", "PartyName": "ชาติพัฒนา", "PartyNumber": 45, "Title": "นางสาว", "Votable": true, "province_id": 40, "province_name": "ขอนแก่น", "zone_number": 1, "PartyTerminated": false, "Age": 64, "Occupation": "ข้าราชการครู", "HighestEducation": "ปริญญาโท", "ImageFileId": "5c581059fbcb5f1eec103187", "SelfIntroduceFileId": "5c5aae4afbcb5f19bcab8744", "PartyLogo": "https://storage.googleapis.com/candidate-thumbs/party/45.png", "CandididatePhoto": "https://storage.googleapis.com/candidate-thumbs/images/40-1-21.jpg"}, {"Unnamed: 0": 8977, "CandidateId": "747fd280-3fa5-4702-9f95-f1342a7ebb04", "CandidateNo": 22, "FirstName": "พัชรา", "LastName": "เคนไชยวงศ์", "PartyName": "พลังไทยรักไทย", "PartyNumber": 185, "Title": "นาง", "Votable": true, "province_id": 40, "province_name": "ขอนแก่น", "zone_number": 1, "PartyTerminated": false, "Age": 51, "Occupation": "สารวัตรกำนัน", "HighestEducation": "ปริญญาโท", "ImageFileId": "5c581090fbcb5f1eec10332c", "SelfIntroduceFileId": "5c5ab148fbcb5f19bcab9016", "PartyLogo": "https://storage.googleapis.com/candidate-thumbs/party/185.png", "CandididatePhoto": "https://storage.googleapis.com/candidate-thumbs/images/40-1-22.jpg"}, {"Unnamed: 0": 8978, "CandidateId": "f217deab-f6f5-403b-8f13-4a3358720f7a", "CandidateNo": 23, "FirstName": "ทวีศักดิ์", "LastName": "บุญระมี", "PartyName": "พลังปวงชนไทย", "PartyNumber": 184, "Title": "นาย", "Votable": true, "province_id": 40, "province_name": "ขอนแก่น", "zone_number": 1, "PartyTerminated": false, "Age": 60, "Occupation": "รับราชการทหาร", "HighestEducation": "ต่ำกว่าปริญญาตรี", "ImageFileId": "5c5810c6fbcb5f1eec103594", "SelfIntroduceFileId": "5c5ba45dfbcb5f16fc659fd3", "PartyLogo": "https://storage.googleapis.com/candidate-thumbs/party/184.png", "CandididatePhoto": "https://storage.googleapis.com/candidate-thumbs/images/40-1-23.jpg"}, {"Unnamed: 0": 8979, "CandidateId": "b9a4aa09-0a90-4161-809d-fffe32f6ec7b", "CandidateNo": 24, "FirstName": "สมภพ", "LastName": "วงศ์ก่อ", "PartyName": "เพื่อชาติ", "PartyNumber": 149, "Title": "นาย", "Votable": true, "province_id": 40, "province_name": "ขอนแก่น", "zone_number": 1, "PartyTerminated": false, "Age": 56, "Occupation": "นักการเมืองท้องถิ่น", "HighestEducation": "ปริญญาโท", "ImageFileId": "5c5959c7fbcb5f1d88180a85", "SelfIntroduceFileId": "5c5b9e3dfbcb5f16fc657284", "PartyLogo": "https://storage.googleapis.com/candidate-thumbs/party/149.png", "CandididatePhoto": "https://storage.googleapis.com/candidate-thumbs/images/40-1-24.jpg"}, {"Unnamed: 0": 8980, "CandidateId": "9e5c0797-0ee1-4575-851d-f59e7655a009", "CandidateNo": 25, "FirstName": "สนอง", "LastName": "เพชรสังหาร", "PartyName": "พลังครูไทย", "PartyNumber": 210, "Title": "นาย", "Votable": true, "province_id": 40, "province_name": "ขอนแก่น", "zone_number": 1, "PartyTerminated": false, "Age": 68, "Occupation": "ข้าราชการบำนาญ", "HighestEducation": "ปริญญาตรี", "ImageFileId": "5c595afffbcb5f1d88181318", "SelfIntroduceFileId": "5c5beaf2fbcb5f16fc6798fc", "PartyLogo": "https://storage.googleapis.com/candidate-thumbs/party/210.png", "CandididatePhoto": "https://storage.googleapis.com/candidate-thumbs/images/40-1-25.jpg"}, {"Unnamed: 0": 8981, "CandidateId": "f1b7b43e-1156-4aa3-9294-e6f981151011", "CandidateNo": 26, "FirstName": "จุฑาทิตย์", "LastName": "ไนเจิล  บราวลี", "PartyName": "ประชาชนปฏิรูป", "PartyNumber": 176, "Title": "นาง", "Votable": true, "province_id": 40, "province_name": "ขอนแก่น", "zone_number": 1, "PartyTerminated": false, "Age": 60, "Occupation": "นักธุรกิจ", "HighestEducation": "ปริญญาโท", "ImageFileId": "5c5a972dfbcb5f19bcab0d11", "SelfIntroduceFileId": "5c5ba7dffbcb5f16fc65b8e4", "PartyLogo": "https://storage.googleapis.com/candidate-thumbs/party/176.png", "CandididatePhoto": "https://storage.googleapis.com/candidate-thumbs/images/40-1-26.jpg"}, {"Unnamed: 0": 8982, "CandidateId": "e898fb55-b85d-4c3c-8c70-1087be9a971f", "CandidateNo": 27, "FirstName": "วงเดือน", "LastName": "ศรีคำภา", "PartyName": "มหาชน", "PartyNumber": 4, "Title": "นาง", "Votable": false, "province_id": 40, "province_name": "ขอนแก่น", "zone_number": 1, "PartyTerminated": false, "Age": 52, "Occupation": "แม่บ้าน", "HighestEducation": "ต่ำกว่าปริญญาตรี", "ImageFileId": "5c5a979efbcb5f19bcab0fcd", "SelfIntroduceFileId": "5c5baaf1fbcb5f16fc65cd87", "PartyLogo": "https://storage.googleapis.com/candidate-thumbs/party/4.png", "CandididatePhoto": "https://storage.googleapis.com/candidate-thumbs/images/40-1-27.jpg"}, {"Unnamed: 0": 8983, "CandidateId": "05c0e0fb-abdf-4332-bd23-e1bc90df0d75", "CandidateNo": 28, "FirstName": "ศึกษา", "LastName": "แก้วสูงเนิน", "PartyName": "ประชาธรรมไทย", "PartyNumber": 190, "Title": "นาย", "Votable": true, "province_id": 40, "province_name": "ขอนแก่น", "zone_number": 1, "PartyTerminated": false, "Age": 62, "Occupation": "ทนายความ", "HighestEducation": "ปริญญาตรี", "ImageFileId": "5c5a9bc7fbcb5f19bcab2be7", "SelfIntroduceFileId": "5c5bdffbfbcb5f16fc673bf4", "PartyLogo": "https://storage.googleapis.com/candidate-thumbs/party/190.png", "CandididatePhoto": "https://storage.googleapis.com/candidate-thumbs/images/40-1-28.jpg"}, {"Unnamed: 0": 8984, "CandidateId": "03d901eb-bac7-4970-a046-934432c93c9e", "CandidateNo": 29, "FirstName": "ธนกฤต", "LastName": "ขาวกุญชร", "PartyName": "พลังไทสร้างชาติ", "PartyNumber": 200, "Title": "นาย", "Votable": true, "province_id": 40, "province_name": "ขอนแก่น", "zone_number": 1, "PartyTerminated": false, "Age": 48, "Occupation": "เจ้าของกิจการ (เต็นท์รถมือสอง)", "HighestEducation": "ปริญญาตรี", "ImageFileId": "5c5bc4eefbcb5f16fc667843", "SelfIntroduceFileId": "5c5bcacefbcb5f16fc669902", "PartyLogo": "https://storage.googleapis.com/candidate-thumbs/party/200.png", "CandididatePhoto": "https://storage.googleapis.com/candidate-thumbs/images/40-1-29.jpg"}, {"Unnamed: 0": 8985, "CandidateId": "d30df14e-e30d-44ce-95c2-8c4fc23c3d99", "CandidateNo": 30, "FirstName": "วิวัฒน์", "LastName": "ตันติยาสวัสดิกุล", "PartyName": "ไทยรักษาชาติ", "PartyNumber": 77, "Title": "นาย", "Votable": true, "province_id": 40, "province_name": "ขอนแก่น", "zone_number": 1, "PartyTerminated": true, "Age": 50, "Occupation": "รับจ้าง", "HighestEducation": "ต่ำกว่าปริญญาตรี", "ImageFileId": "5c5bcb0efbcb5f16fc669aac", "SelfIntroduceFileId": "5c5bcf3efbcb5f16fc66b708", "PartyLogo": "https://storage.googleapis.com/candidate-thumbs/party/77.png", "CandididatePhoto": "https://storage.googleapis.com/candidate-thumbs/images/40-1-30.jpg"}, {"Unnamed: 0": 8986, "CandidateId": "f1912da0-0215-4aef-83ef-4739d2bd9db3", "CandidateNo": 31, "FirstName": "โนปกรณ์", "LastName": "คชสูงเนิน", "PartyName": "ครูไทยเพื่อประชาชน", "PartyNumber": 118, "Title": "ร.ต.ท.", "Votable": true, "province_id": 40, "province_name": "ขอนแก่น", "zone_number": 1, "PartyTerminated": false, "Age": 64, "Occupation": "ข้าราชการตำรวจ", "HighestEducation": "ต่ำกว่าปริญญาตรี", "ImageFileId": "5c5bd1a2fbcb5f16fc66c8fb", "SelfIntroduceFileId": "5c5bd3fdfbcb5f16fc66da89", "PartyLogo": "https://storage.googleapis.com/candidate-thumbs/party/118.png", "CandididatePhoto": "https://storage.googleapis.com/candidate-thumbs/images/40-1-31.jpg"}, {"Unnamed: 0": 8987, "CandidateId": "badaf7e1-9f4d-4123-8ba1-f564eef4c315", "CandidateNo": 32, "FirstName": "ฤทธิ์", "LastName": "วีรชายลักษณ์", "PartyName": "พลังธรรมใหม่", "PartyNumber": 175, "Title": "นาย", "Votable": true, "province_id": 40, "province_name": "ขอนแก่น", "zone_number": 1, "PartyTerminated": false, "Age": 43, "Occupation": "ทนายความ", "HighestEducation": "ปริญญาตรี", "ImageFileId": "5c5bd866fbcb5f16fc66fbb5", "SelfIntroduceFileId": "5c5bdc63fbcb5f16fc671e59", "PartyLogo": "https://storage.googleapis.com/candidate-thumbs/party/175.png", "CandididatePhoto": "https://storage.googleapis.com/candidate-thumbs/images/40-1-32.jpg"}, {"Unnamed: 0": 8988, "CandidateId": "992f9fac-ef39-4219-ba75-8ffdbba5c3ec", "CandidateNo": 33, "FirstName": "วัศนนท์", "LastName": "บางบ่อ", "PartyName": "พลเมืองไทย", "PartyNumber": 173, "Title": "นาย", "Votable": true, "province_id": 40, "province_name": "ขอนแก่น", "zone_number": 1, "PartyTerminated": false, "Age": 34, "Occupation": "ค้าขายเครื่องประดับและอัญมณี", "HighestEducation": "ปริญญาตรี", "ImageFileId": "5c5d06bdfbcb5f0fd884bb68", "SelfIntroduceFileId": "5c5d0b2cfbcb5f0fd884d612", "PartyLogo": "https://storage.googleapis.com/candidate-thumbs/party/173.png", "CandididatePhoto": "https://storage.googleapis.com/candidate-thumbs/images/40-1-33.jpg"}, {"Unnamed: 0": 8989, "CandidateId": "9456e10c-2277-4356-9224-26e94766d0b1", "CandidateNo": 34, "FirstName": "ธนเดช", "LastName": "กล่อมจอหอ", "PartyName": "ประชาธิปไตยเพื่อประชาชน", "PartyNumber": 169, "Title": "นาย", "Votable": true, "province_id": 40, "province_name": "ขอนแก่น", "zone_number": 1, "PartyTerminated": false, "Age": 51, "Occupation": "ค้าขาย", "HighestEducation": "ต่ำกว่าปริญญาตรี", "ImageFileId": "5c5d556ffbcb5f0fd8873e69", "SelfIntroduceFileId": "5c5d5e96fbcb5f0fd887a02d", "PartyLogo": "https://storage.googleapis.com/candidate-thumbs/party/169.png", "CandididatePhoto": "https://storage.googleapis.com/candidate-thumbs/images/40-1-34.jpg"}, {"Unnamed: 0": 8990, "CandidateId": "9ea628a3-56b2-4aff-ada5-18b57d390cb8", "CandidateNo": 35, "FirstName": "เคียงเดือน", "LastName": "จันทร์หล้า", "PartyName": "ภาคีเครือข่ายไทย", "PartyNumber": 211, "Title": "นาง", "Votable": true, "province_id": 40, "province_name": "ขอนแก่น", "zone_number": 1, "PartyTerminated": false, "Age": 51, "Occupation": "รับจ้าง", "HighestEducation": "ปริญญาตรี", "ImageFileId": "5c5d55f4fbcb5f0fd88747e1", "SelfIntroduceFileId": "5c5d60bcfbcb5f0fd887b41d", "PartyLogo": "https://storage.googleapis.com/candidate-thumbs/party/211.png", "CandididatePhoto": "https://storage.googleapis.com/candidate-thumbs/images/40-1-35.jpg"}, {"Unnamed: 0": 8991, "CandidateId": "e9cc538c-4aa1-457f-9f65-eb855a99c826", "CandidateNo": 36, "FirstName": "เจษฎา", "LastName": "ชัยมงคล", "PartyName": "ไทยศรีวิไลย์", "PartyNumber": 180, "Title": "นาย", "Votable": true, "province_id": 40, "province_name": "ขอนแก่น", "zone_number": 1, "PartyTerminated": false, "Age": 27, "Occupation": "ที่ปรึกษาเด็กและเยาวชนแห่งประเทศไทย", "HighestEducation": "ต่ำกว่าปริญญาตรี", "ImageFileId": "5c5d566cfbcb5f0fd8874d46", "SelfIntroduceFileId": "5c5d6484fbcb5f0fd887ce6f", "PartyLogo": "https://storage.googleapis.com/candidate-thumbs/party/180.png", "CandididatePhoto": "https://storage.googleapis.com/candidate-thumbs/images/40-1-36.jpg"}, {"Unnamed: 0": 8992, "CandidateId": "f2c5aad1-ce07-488c-8296-d55f93d5e98d", "CandidateNo": 37, "FirstName": "อุทิศ", "LastName": "มวลลี", "PartyName": "ผึ้งหลวง", "PartyNumber": 164, "Title": "นาย", "Votable": true, "province_id": 40, "province_name": "ขอนแก่น", "zone_number": 1, "PartyTerminated": false, "Age": 44, "Occupation": "รับเหมาก่อสร้าง", "HighestEducation": "ต่ำกว่าปริญญาตรี", "ImageFileId": "5c5d575cfbcb5f0fd88757ea", "SelfIntroduceFileId": "5c5d662afbcb5f0fd887da7d", "PartyLogo": "https://storage.googleapis.com/candidate-thumbs/party/164.png", "CandididatePhoto": "https://storage.googleapis.com/candidate-thumbs/images/40-1-37.jpg"}, {"Unnamed: 0": 8993, "CandidateId": "6664c391-01f1-4959-9e72-e31af56f1b43", "CandidateNo": 38, "FirstName": "โกวิท", "LastName": "คลังอุดม", "PartyName": "เครือข่ายชาวนาแห่งประเทศไทย", "PartyNumber": 22, "Title": "นาย", "Votable": true, "province_id": 40, "province_name": "ขอนแก่น", "zone_number": 1, "PartyTerminated": false, "Age": 65, "Occupation": "เกษตรกรรม", "HighestEducation": "ต่ำกว่าปริญญาตรี", "ImageFileId": "5c5d57c5fbcb5f0fd8875d61", "SelfIntroduceFileId": "5c5d67e3fbcb5f0fd887e185", "PartyLogo": "https://storage.googleapis.com/candidate-thumbs/party/22.png", "CandididatePhoto": "https://storage.googleapis.com/candidate-thumbs/images/40-1-38.jpg"}, {"Unnamed: 0": 8994, "CandidateId": "3cabe056-e941-4d99-89ab-e77ca64c6d2f", "CandidateNo": 39, "FirstName": "ทนงศักดิ์", "LastName": "เหล่าลาภะ", "PartyName": "ฐานรากไทย", "PartyNumber": 208, "Title": "นาย", "Votable": true, "province_id": 40, "province_name": "ขอนแก่น", "zone_number": 1, "PartyTerminated": false, "Age": 56, "Occupation": "เกษตรกร", "HighestEducation": "ปริญญาตรี", "ImageFileId": "5c5d5870fbcb5f0fd8876626", "SelfIntroduceFileId": "5c5d6945fbcb5f0fd887e7e6", "PartyLogo": "https://storage.googleapis.com/candidate-thumbs/party/208.png", "CandididatePhoto": "https://storage.googleapis.com/candidate-thumbs/images/40-1-39.jpg"}, {"Unnamed: 0": 8995, "CandidateId": "07a0dc01-de8e-49ee-8058-5b819b089d86", "CandidateNo": 40, "FirstName": "พจน์", "LastName": "สารบรรณ", "PartyName": "ความหวังใหม่", "PartyNumber": 13, "Title": "นาย", "Votable": true, "province_id": 40, "province_name": "ขอนแก่น", "zone_number": 1, "PartyTerminated": false, "Age": 52, "Occupation": "ข้าราชการบำนาญ", "HighestEducation": "ปริญญาเอก", "ImageFileId": "5c5d58c6fbcb5f0fd8876a47", "SelfIntroduceFileId": "5c5d6bb5fbcb5f0fd887f5c1", "PartyLogo": "https://storage.googleapis.com/candidate-thumbs/party/13.png", "CandididatePhoto": "https://storage.googleapis.com/candidate-thumbs/images/40-1-40.jpg"}, {"Unnamed: 0": 8996, "CandidateId": "4e0d1a3c-a622-412a-8638-4c6934e29b01", "CandidateNo": 41, "FirstName": "สุรพล", "LastName": "นามพิลา", "PartyName": "แทนคุณแผ่นดิน", "PartyNumber": 53, "Title": "นาย", "Votable": true, "province_id": 40, "province_name": "ขอนแก่น", "zone_number": 1, "PartyTerminated": false, "Age": 61, "Occupation": "ธุรกิจส่วนตัว", "HighestEducation": "ต่ำกว่าปริญญาตรี", "ImageFileId": "5c5d5932fbcb5f0fd8876f05", "SelfIntroduceFileId": "5c5d6f35fbcb5f0fd8880369", "PartyLogo": "https://storage.googleapis.com/candidate-thumbs/party/53.png", "CandididatePhoto": "https://storage.googleapis.com/candidate-thumbs/images/40-1-41.jpg"}, {"Unnamed: 0": 8997, "CandidateId": "791edb3f-aa21-49d7-a559-a2737414bd8b", "CandidateNo": 42, "FirstName": "สรรพศร", "LastName": "หาญสุริย์", "PartyName": "ไทรักธรรม", "PartyNumber": 144, "Title": "นาย", "Votable": true, "province_id": 40, "province_name": "ขอนแก่น", "zone_number": 1, "PartyTerminated": false, "Age": 45, "Occupation": "ศิลปิน  นักร้อง หมอลำ ", "HighestEducation": "ต่ำกว่าปริญญาตรี", "ImageFileId": "5c5d5987fbcb5f0fd88773da", "SelfIntroduceFileId": "5c5d70d0fbcb5f0fd8880b9e", "PartyLogo": "https://storage.googleapis.com/candidate-thumbs/party/144.png", "CandididatePhoto": "https://storage.googleapis.com/candidate-thumbs/images/40-1-42.jpg"}]