[{"Unnamed: 0": 9202, "CandidateId": "0cc8c52a-d83e-4289-b74a-e917b861724b", "CandidateNo": 1, "FirstName": "เจริญ", "LastName": "แสงฤทธิ์", "PartyName": "เพื่อไทยพัฒนา", "PartyNumber": 213, "Title": "นาย", "Votable": true, "province_id": 40, "province_name": "ขอนแก่น", "zone_number": 7, "PartyTerminated": false, "Age": 61, "Occupation": "ธุรกิจส่วนตัว", "HighestEducation": "ต่ำกว่าปริญญาตรี", "ImageFileId": "5c57e1b3fbcb5f1eec0e27f7", "SelfIntroduceFileId": "5c58ecfffbcb5f1d881307df", "PartyLogo": "https://storage.googleapis.com/candidate-thumbs/party/213.png", "CandididatePhoto": "https://storage.googleapis.com/candidate-thumbs/images/40-7-1.jpg"}, {"Unnamed: 0": 9203, "CandidateId": "9c9fc585-b3b3-4b3e-9f8a-58ae9d9446d4", "CandidateNo": 2, "FirstName": "รับเสด็จ", "LastName": "ยศติณเธียร", "PartyName": "ชาติไทยพัฒนา", "PartyNumber": 55, "Title": "ร.ต.ต.", "Votable": true, "province_id": 40, "province_name": "ขอนแก่น", "zone_number": 7, "PartyTerminated": false, "Age": 63, "Occupation": "ข้าราชการตำรวจ", "HighestEducation": "ปริญญาตรี", "ImageFileId": "5c580aeafbcb5f1eec0ff09b", "SelfIntroduceFileId": "5c5d2262fbcb5f0fd8855453", "PartyLogo": "https://storage.googleapis.com/candidate-thumbs/party/55.png", "CandididatePhoto": "https://storage.googleapis.com/candidate-thumbs/images/40-7-2.jpg"}, {"Unnamed: 0": 9204, "CandidateId": "c8d46c22-d7e1-4a27-94c0-94a1f80c2887", "CandidateNo": 3, "FirstName": "สมชาย", "LastName": "ขุนจันทร์", "PartyName": "ภูมิใจไทย", "PartyNumber": 63, "Title": "นาย", "Votable": true, "province_id": 40, "province_name": "ขอนแก่น", "zone_number": 7, "PartyTerminated": false, "Age": 51, "Occupation": "ประกอบอาชีพส่วนตัว", "HighestEducation": "ปริญญาตรี", "ImageFileId": "5c580abcfbcb5f1eec0fee76", "SelfIntroduceFileId": "5c58ffebfbcb5f1d8813bf13", "PartyLogo": "https://storage.googleapis.com/candidate-thumbs/party/63.png", "CandididatePhoto": "https://storage.googleapis.com/candidate-thumbs/images/40-7-3.jpg"}, {"Unnamed: 0": 9205, "CandidateId": "df72e4d0-af08-47aa-a70f-7835baa35440", "CandidateNo": 4, "FirstName": "เกษม", "LastName": "โสภา", "PartyName": "ชาติพัฒนา", "PartyNumber": 45, "Title": "นาย", "Votable": true, "province_id": 40, "province_name": "ขอนแก่น", "zone_number": 7, "PartyTerminated": false, "Age": 64, "Occupation": "ข้าราชการบำนาญ", "HighestEducation": "ปริญญาโท", "ImageFileId": "5c580a8bfbcb5f1eec0feced", "SelfIntroduceFileId": "5c5922c2fbcb5f1d88154c7c", "PartyLogo": "https://storage.googleapis.com/candidate-thumbs/party/45.png", "CandididatePhoto": "https://storage.googleapis.com/candidate-thumbs/images/40-7-4.jpg"}, {"Unnamed: 0": 9206, "CandidateId": "de868257-6959-4195-9daa-07211c906209", "CandidateNo": 5, "FirstName": "นาวิน", "LastName": "คำเวียง", "PartyName": "ประชาชาติ", "PartyNumber": 187, "Title": "นาย", "Votable": true, "province_id": 40, "province_name": "ขอนแก่น", "zone_number": 7, "PartyTerminated": false, "Age": 43, "Occupation": "ประกอบธุรกิจส่วนตัว", "HighestEducation": "ปริญญาตรี", "ImageFileId": "5c580a54fbcb5f1eec0fea21", "SelfIntroduceFileId": "5c5a98e0fbcb5f19bcab1627", "PartyLogo": "https://storage.googleapis.com/candidate-thumbs/party/187.png", "CandididatePhoto": "https://storage.googleapis.com/candidate-thumbs/images/40-7-5.jpg"}, {"Unnamed: 0": 9207, "CandidateId": "349b2e6b-ba52-49b7-8788-1922c4337be0", "CandidateNo": 6, "FirstName": "เคน", "LastName": "เภชัยภูมิ", "PartyName": "พลังธรรมใหม่", "PartyNumber": 175, "Title": "นาย", "Votable": true, "province_id": 40, "province_name": "ขอนแก่น", "zone_number": 7, "PartyTerminated": false, "Age": 62, "Occupation": "ข้าราชการบำนาญ", "HighestEducation": "ปริญญาโท", "ImageFileId": "5c580a23fbcb5f1eec0fe74a", "SelfIntroduceFileId": "5c5910bdfbcb5f1d8814a560", "PartyLogo": "https://storage.googleapis.com/candidate-thumbs/party/175.png", "CandididatePhoto": "https://storage.googleapis.com/candidate-thumbs/images/40-7-6.jpg"}, {"Unnamed: 0": 9208, "CandidateId": "674b071a-0547-4001-910c-0d89ae3ae263", "CandidateNo": 7, "FirstName": "สมศักดิ์", "LastName": "คุณเงิน", "PartyName": "พลังประชารัฐ", "PartyNumber": 192, "Title": "นาย", "Votable": true, "province_id": 40, "province_name": "ขอนแก่น", "zone_number": 7, "PartyTerminated": false, "Age": 66, "Occupation": "ทนายความ", "HighestEducation": "ปริญญาเอก", "ImageFileId": "5c5809affbcb5f1eec0fe182", "SelfIntroduceFileId": "5c591931fbcb5f1d881502bd", "PartyLogo": "https://storage.googleapis.com/candidate-thumbs/party/192.png", "CandididatePhoto": "https://storage.googleapis.com/candidate-thumbs/images/40-7-7.jpg"}, {"Unnamed: 0": 9209, "CandidateId": "3f8e164f-ddd7-4e41-bb28-f29aaa650be9", "CandidateNo": 8, "FirstName": "ศิริ", "LastName": "ประพรต", "PartyName": "ทางเลือกใหม่", "PartyNumber": 170, "Title": "นาย", "Votable": true, "province_id": 40, "province_name": "ขอนแก่น", "zone_number": 7, "PartyTerminated": false, "Age": 64, "Occupation": "เกษตรกร", "HighestEducation": "ต่ำกว่าปริญญาตรี", "ImageFileId": "5c58097efbcb5f1eec0fdf65", "SelfIntroduceFileId": "5c59299ffbcb5f1d881599c3", "PartyLogo": "https://storage.googleapis.com/candidate-thumbs/party/170.png", "CandididatePhoto": "https://storage.googleapis.com/candidate-thumbs/images/40-7-8.jpg"}, {"Unnamed: 0": 9210, "CandidateId": "c2e082eb-9bce-4b1d-8945-f6aaae8541c6", "CandidateNo": 9, "FirstName": "สมควร", "LastName": "ไกรพน", "PartyName": "อนาคตใหม่", "PartyNumber": 177, "Title": "นาย", "Votable": true, "province_id": 40, "province_name": "ขอนแก่น", "zone_number": 7, "PartyTerminated": false, "Age": 62, "Occupation": "รับราชการครู", "HighestEducation": "ปริญญาโท", "ImageFileId": "5c58094bfbcb5f1eec0fde0b", "SelfIntroduceFileId": "5c592f1bfbcb5f1d8815f52b", "PartyLogo": "https://storage.googleapis.com/candidate-thumbs/party/177.png", "CandididatePhoto": "https://storage.googleapis.com/candidate-thumbs/images/40-7-9.jpg"}, {"Unnamed: 0": 9211, "CandidateId": "fc851b71-1658-4d7b-90a5-58cea8718fe1", "CandidateNo": 10, "FirstName": "ทรงเดช", "LastName": "ผาจันทร์", "PartyName": "เสรีรวมไทย", "PartyNumber": 145, "Title": "พ.ต.ท.", "Votable": true, "province_id": 40, "province_name": "ขอนแก่น", "zone_number": 7, "PartyTerminated": false, "Age": 74, "Occupation": "รับราชการ", "HighestEducation": "ปริญญาตรี", "ImageFileId": "5c58090afbcb5f1eec0fdbe9", "SelfIntroduceFileId": "5c593340fbcb5f1d88162d32", "PartyLogo": "https://storage.googleapis.com/candidate-thumbs/party/145.png", "CandididatePhoto": "https://storage.googleapis.com/candidate-thumbs/images/40-7-10.jpg"}, {"Unnamed: 0": 9212, "CandidateId": "16685d0f-2f59-41bc-9b7a-8bcf6c9e57c0", "CandidateNo": 11, "FirstName": "พชรธรณ์พงษ์", "LastName": "แสงสิงห์", "PartyName": "ประชาภิวัฒน์", "PartyNumber": 172, "Title": "นาย", "Votable": true, "province_id": 40, "province_name": "ขอนแก่น", "zone_number": 7, "PartyTerminated": false, "Age": 50, "Occupation": "นักธุรกิจอิสระ", "HighestEducation": "ปริญญาตรี", "ImageFileId": "5c5808cafbcb5f1eec0fd9ac", "SelfIntroduceFileId": "5c593809fbcb5f1d881670de", "PartyLogo": "https://storage.googleapis.com/candidate-thumbs/party/172.png", "CandididatePhoto": "https://storage.googleapis.com/candidate-thumbs/images/40-7-11.jpg"}, {"Unnamed: 0": 9213, "CandidateId": "4c05101e-90b7-41ec-8db6-bee0f27f2058", "CandidateNo": 12, "FirstName": "เกริกฤทธิ์", "LastName": "แจ้งพรมมา", "PartyName": "ประชาธิปไตยใหม่", "PartyNumber": 109, "Title": "นาย", "Votable": true, "province_id": 40, "province_name": "ขอนแก่น", "zone_number": 7, "PartyTerminated": false, "Age": 54, "Occupation": "-", "HighestEducation": "ปริญญาตรี", "ImageFileId": "5c58088efbcb5f1eec0fd65e", "SelfIntroduceFileId": "5c5d1b29fbcb5f0fd8851bf5", "PartyLogo": "https://storage.googleapis.com/candidate-thumbs/party/109.png", "CandididatePhoto": "https://storage.googleapis.com/candidate-thumbs/images/40-7-12.jpg"}, {"Unnamed: 0": 9214, "CandidateId": "64545eaf-9ab5-458c-912e-0afc447e0212", "CandidateNo": 13, "FirstName": "ชัย", "LastName": "ยอดรัก", "PartyName": "รักษ์ผืนป่าประเทศไทย", "PartyNumber": 133, "Title": "นาย", "Votable": true, "province_id": 40, "province_name": "ขอนแก่น", "zone_number": 7, "PartyTerminated": false, "Age": 57, "Occupation": "ธุรกิจส่วนตัว", "HighestEducation": "ปริญญาตรี", "ImageFileId": "5c58084ffbcb5f1eec0fd2f9", "SelfIntroduceFileId": "5c593e13fbcb5f1d8816c0e6", "PartyLogo": "https://storage.googleapis.com/candidate-thumbs/party/133.png", "CandididatePhoto": "https://storage.googleapis.com/candidate-thumbs/images/40-7-13.jpg"}, {"Unnamed: 0": 9215, "CandidateId": "a929b2ef-facd-4442-8015-a8553c485ec1", "CandidateNo": 14, "FirstName": "ภูมิบดี", "LastName": "วิเชฏฐพงษ์", "PartyName": "ประชาธิปัตย์", "PartyNumber": 1, "Title": "นาย", "Votable": true, "province_id": 40, "province_name": "ขอนแก่น", "zone_number": 7, "PartyTerminated": false, "Age": 31, "Occupation": "ครูสอนพิเศษ", "HighestEducation": "ปริญญาโท", "ImageFileId": "5c580810fbcb5f1eec0fced6", "SelfIntroduceFileId": "5c5941aefbcb5f1d8816f34b", "PartyLogo": "https://storage.googleapis.com/candidate-thumbs/party/1.png", "CandididatePhoto": "https://storage.googleapis.com/candidate-thumbs/images/40-7-14.jpg"}, {"Unnamed: 0": 9216, "CandidateId": "5d3a1fc6-b33d-4cef-a4d0-6ddbfc557e40", "CandidateNo": 15, "FirstName": "โกมล", "LastName": "สำแดง", "PartyName": "รวมพลังประชาชาติไทย", "PartyNumber": 181, "Title": "นาย", "Votable": true, "province_id": 40, "province_name": "ขอนแก่น", "zone_number": 7, "PartyTerminated": false, "Age": 60, "Occupation": "รับราชการครู", "HighestEducation": "ปริญญาโท", "ImageFileId": "5c5807d5fbcb5f1eec0fcd74", "SelfIntroduceFileId": "5c5d1e4dfbcb5f0fd8853080", "PartyLogo": "https://storage.googleapis.com/candidate-thumbs/party/181.png", "CandididatePhoto": "https://storage.googleapis.com/candidate-thumbs/images/40-7-15.jpg"}, {"Unnamed: 0": 9217, "CandidateId": "10120fcd-6199-4df0-8948-7f84b174f5ff", "CandidateNo": 16, "FirstName": "นวัธ", "LastName": "เตาะเจริญสุข", "PartyName": "เพื่อไทย", "PartyNumber": 34, "Title": "นาย", "Votable": true, "province_id": 40, "province_name": "ขอนแก่น", "zone_number": 7, "PartyTerminated": false, "Age": 51, "Occupation": "นักการเมือง", "HighestEducation": "ปริญญาตรี", "ImageFileId": "5c5807a2fbcb5f1eec0fca76", "SelfIntroduceFileId": "5c59499efbcb5f1d8817618c", "PartyLogo": "https://storage.googleapis.com/candidate-thumbs/party/34.png", "CandididatePhoto": "https://storage.googleapis.com/candidate-thumbs/images/40-7-16.jpg"}, {"Unnamed: 0": 9218, "CandidateId": "033a3e02-98ce-49cd-8620-49034e870292", "CandidateNo": 17, "FirstName": "ดิษยภัทร", "LastName": "ไชยพิเดช", "PartyName": "ประชานิยม", "PartyNumber": 191, "Title": "นาย", "Votable": true, "province_id": 40, "province_name": "ขอนแก่น", "zone_number": 7, "PartyTerminated": false, "Age": 61, "Occupation": "รับราชการครู", "HighestEducation": "ปริญญาเอก", "ImageFileId": "5c58075ffbcb5f1eec0fc64e", "SelfIntroduceFileId": "5c594e11fbcb5f1d881799cc", "PartyLogo": "https://storage.googleapis.com/candidate-thumbs/party/191.png", "CandididatePhoto": "https://storage.googleapis.com/candidate-thumbs/images/40-7-17.jpg"}, {"Unnamed: 0": 9219, "CandidateId": "9ea81a1e-3bd6-4a17-891a-a2760e3d2755", "CandidateNo": 18, "FirstName": "ภรณ์ทิพย์", "LastName": "ศรีภา", "PartyName": "พลังท้องถิ่นไท", "PartyNumber": 124, "Title": "นางสาว", "Votable": true, "province_id": 40, "province_name": "ขอนแก่น", "zone_number": 7, "PartyTerminated": false, "Age": 30, "Occupation": "ผู้รับใบอนุญาตวิทยาลัยอาชีวะศึกษามหานครอาเซียน", "HighestEducation": "ปริญญาตรี", "ImageFileId": "5c580717fbcb5f1eec0fc28e", "SelfIntroduceFileId": "5c5952ebfbcb5f1d8817d5c6", "PartyLogo": "https://storage.googleapis.com/candidate-thumbs/party/124.png", "CandididatePhoto": "https://storage.googleapis.com/candidate-thumbs/images/40-7-18.jpg"}, {"Unnamed: 0": 9220, "CandidateId": "9731888b-066c-4fb6-a426-babdfaa0837a", "CandidateNo": 19, "FirstName": "สมชาย", "LastName": "โพธิ์พันเรือ", "PartyName": "แผ่นดินธรรม", "PartyNumber": 188, "Title": "นาย", "Votable": true, "province_id": 40, "province_name": "ขอนแก่น", "zone_number": 7, "PartyTerminated": false, "Age": 66, "Occupation": "รับราชการ", "HighestEducation": "ปริญญาตรี", "ImageFileId": "5c5806e5fbcb5f1eec0fbfa8", "SelfIntroduceFileId": "5c5a7c8afbcb5f19bcaa46c8", "PartyLogo": "https://storage.googleapis.com/candidate-thumbs/party/188.png", "CandididatePhoto": "https://storage.googleapis.com/candidate-thumbs/images/40-7-19.jpg"}, {"Unnamed: 0": 9221, "CandidateId": "25609ce2-b51c-4a6c-8a93-4c58dd5d0eeb", "CandidateNo": 20, "FirstName": "ภาวัต", "LastName": "เนาว์โสภา", "PartyName": "เศรษฐกิจใหม่", "PartyNumber": 193, "Title": "นาย", "Votable": true, "province_id": 40, "province_name": "ขอนแก่น", "zone_number": 7, "PartyTerminated": false, "Age": 43, "Occupation": "อาชีพอิสระ", "HighestEducation": "ปริญญาตรี", "ImageFileId": "5c5806b4fbcb5f1eec0fbc17", "SelfIntroduceFileId": "5c5a494dfbcb5f19bca8e94d", "PartyLogo": "https://storage.googleapis.com/candidate-thumbs/party/193.png", "CandididatePhoto": "https://storage.googleapis.com/candidate-thumbs/images/40-7-20.jpg"}, {"Unnamed: 0": 9222, "CandidateId": "b572aeb6-1c13-49a5-8981-02ecd101c880", "CandidateNo": 21, "FirstName": "ปรียารัตน์", "LastName": "ปะกังพลัง", "PartyName": "ประชาชนปฏิรูป", "PartyNumber": 176, "Title": "นางสาว", "Votable": true, "province_id": 40, "province_name": "ขอนแก่น", "zone_number": 7, "PartyTerminated": false, "Age": 54, "Occupation": "ค้าขาย", "HighestEducation": "ต่ำกว่าปริญญาตรี", "ImageFileId": "5c580675fbcb5f1eec0fb902", "SelfIntroduceFileId": "5c5a52f9fbcb5f19bca94301", "PartyLogo": "https://storage.googleapis.com/candidate-thumbs/party/176.png", "CandididatePhoto": "https://storage.googleapis.com/candidate-thumbs/images/40-7-21.jpg"}, {"Unnamed: 0": 9223, "CandidateId": "4c71b05f-5033-46b0-a91c-4fd8ff527466", "CandidateNo": 22, "FirstName": "สมหวัง", "LastName": "พรมโสภา", "PartyName": "ประชาธรรมไทย", "PartyNumber": 190, "Title": "นาย", "Votable": true, "province_id": 40, "province_name": "ขอนแก่น", "zone_number": 7, "PartyTerminated": false, "Age": 71, "Occupation": "ข้าราชการรู", "HighestEducation": "ปริญญาตรี", "ImageFileId": "5c580637fbcb5f1eec0fb577", "SelfIntroduceFileId": "5c5a582afbcb5f19bca96b39", "PartyLogo": "https://storage.googleapis.com/candidate-thumbs/party/190.png", "CandididatePhoto": "https://storage.googleapis.com/candidate-thumbs/images/40-7-22.jpg"}, {"Unnamed: 0": 9224, "CandidateId": "01922b58-1c56-4a95-a813-536494e4f94d", "CandidateNo": 23, "FirstName": "บุญสินธ์", "LastName": "มีกลางแสน", "PartyName": "เพื่อแผ่นดิน", "PartyNumber": 41, "Title": "นาย", "Votable": true, "province_id": 40, "province_name": "ขอนแก่น", "zone_number": 7, "PartyTerminated": false, "Age": 65, "Occupation": "เกษตรกร", "HighestEducation": "ต่ำกว่าปริญญาตรี", "ImageFileId": "5c5805aafbcb5f1eec0faeaa", "SelfIntroduceFileId": "5c5a7f02fbcb5f19bcaa5d12", "PartyLogo": "https://storage.googleapis.com/candidate-thumbs/party/41.png", "CandididatePhoto": "https://storage.googleapis.com/candidate-thumbs/images/40-7-23.jpg"}, {"Unnamed: 0": 9225, "CandidateId": "a8c09c73-308c-45cb-8c65-07fce645b599", "CandidateNo": 24, "FirstName": "เจริญชัย", "LastName": "ศรีวิบูลย์", "PartyName": "เพื่อชาติ", "PartyNumber": 149, "Title": "นาย", "Votable": true, "province_id": 40, "province_name": "ขอนแก่น", "zone_number": 7, "PartyTerminated": false, "Age": 47, "Occupation": "ธุรกิจส่วนตัว", "HighestEducation": "ปริญญาตรี", "ImageFileId": "5c5959d9fbcb5f1d88180a93", "SelfIntroduceFileId": "5c5a779efbcb5f19bcaa2a3a", "PartyLogo": "https://storage.googleapis.com/candidate-thumbs/party/149.png", "CandididatePhoto": "https://storage.googleapis.com/candidate-thumbs/images/40-7-24.jpg"}, {"Unnamed: 0": 9226, "CandidateId": "95b35da2-f76b-47fe-ab7e-4a968c8ea54d", "CandidateNo": 25, "FirstName": "สุภกิจ", "LastName": "มีสกุลทิพยานนท์", "PartyName": "พลังไทยรักไทย", "PartyNumber": 185, "Title": "นาย", "Votable": true, "province_id": 40, "province_name": "ขอนแก่น", "zone_number": 7, "PartyTerminated": false, "Age": 62, "Occupation": "สมาชิกสภาเทศบาลตำบลดอนโมง", "HighestEducation": "ปริญญาตรี", "ImageFileId": "5c5a787dfbcb5f19bcaa2f44", "SelfIntroduceFileId": "5c5a7af7fbcb5f19bcaa3b9c", "PartyLogo": "https://storage.googleapis.com/candidate-thumbs/party/185.png", "CandididatePhoto": "https://storage.googleapis.com/candidate-thumbs/images/40-7-25.jpg"}, {"Unnamed: 0": 9227, "CandidateId": "4242ef88-fe01-4f38-83f6-91fc4fd7541c", "CandidateNo": 26, "FirstName": "อินทร์", "LastName": "ใจดี", "PartyName": "มหาชน", "PartyNumber": 4, "Title": "นาง", "Votable": true, "province_id": 40, "province_name": "ขอนแก่น", "zone_number": 7, "PartyTerminated": false, "Age": 65, "Occupation": "เกษตรกร", "HighestEducation": "ต่ำกว่าปริญญาตรี", "ImageFileId": "5c5a9efcfbcb5f19bcab4392", "SelfIntroduceFileId": "5c5aa0ddfbcb5f19bcab4efb", "PartyLogo": "https://storage.googleapis.com/candidate-thumbs/party/4.png", "CandididatePhoto": "https://storage.googleapis.com/candidate-thumbs/images/40-7-26.jpg"}, {"Unnamed: 0": 9228, "CandidateId": "1d9df9e8-674a-409e-8998-01eef92d1288", "CandidateNo": 27, "FirstName": "อุทัย", "LastName": "โวหาร", "PartyName": "ครูไทยเพื่อประชาชน", "PartyNumber": 118, "Title": "นาย", "Votable": true, "province_id": 40, "province_name": "ขอนแก่น", "zone_number": 7, "PartyTerminated": false, "Age": 71, "Occupation": "ข้าราชการ", "HighestEducation": "ปริญญาโท", "ImageFileId": "5c5bb94ffbcb5f16fc6641d9", "SelfIntroduceFileId": "5c5bbaacfbcb5f16fc664b27", "PartyLogo": "https://storage.googleapis.com/candidate-thumbs/party/118.png", "CandididatePhoto": "https://storage.googleapis.com/candidate-thumbs/images/40-7-27.jpg"}, {"Unnamed: 0": 9229, "CandidateId": "7cee5e67-670a-404e-9a91-db90a1344678", "CandidateNo": 28, "FirstName": "กันตวิชญ์", "LastName": "ตีมูลลา", "PartyName": "เครือข่ายชาวนาแห่งประเทศไทย", "PartyNumber": 22, "Title": "นาย", "Votable": true, "province_id": 40, "province_name": "ขอนแก่น", "zone_number": 7, "PartyTerminated": false, "Age": 61, "Occupation": "รับราชการ", "HighestEducation": "ปริญญาโท", "ImageFileId": "5c5bca3cfbcb5f16fc66952a", "SelfIntroduceFileId": "5c5bcbbdfbcb5f16fc669f86", "PartyLogo": "https://storage.googleapis.com/candidate-thumbs/party/22.png", "CandididatePhoto": "https://storage.googleapis.com/candidate-thumbs/images/40-7-28.jpg"}, {"Unnamed: 0": 9230, "CandidateId": "a506c0a5-8580-447b-9a20-909c31c4ee9f", "CandidateNo": 29, "FirstName": "เอกวัชร์", "LastName": "โชติธนธำรง", "PartyName": "เพื่อนไทย", "PartyNumber": 179, "Title": "นาย", "Votable": false, "province_id": 40, "province_name": "ขอนแก่น", "zone_number": 7, "PartyTerminated": false, "Age": 57, "Occupation": "คณะกรรมการธรรมาภิบาลจังหวัดขอนแก่น", "HighestEducation": "ปริญญาตรี", "ImageFileId": "5c5bd71efbcb5f16fc66f043", "SelfIntroduceFileId": "5c5bd90efbcb5f16fc670151", "PartyLogo": "https://storage.googleapis.com/candidate-thumbs/party/179.png", "CandididatePhoto": "https://storage.googleapis.com/candidate-thumbs/images/40-7-29.jpg"}, {"Unnamed: 0": 9231, "CandidateId": "da085f11-73c0-4153-824e-4f564e4bb3e0", "CandidateNo": 30, "FirstName": "สายันต์", "LastName": "นะพะวาลศรี", "PartyName": "พลังไทสร้างชาติ", "PartyNumber": 200, "Title": "นาย", "Votable": true, "province_id": 40, "province_name": "ขอนแก่น", "zone_number": 7, "PartyTerminated": false, "Age": 51, "Occupation": "เกษตรกรรม", "HighestEducation": "ต่ำกว่าปริญญาตรี", "ImageFileId": "5c5be501fbcb5f16fc676272", "SelfIntroduceFileId": "5c5be6cafbcb5f16fc6772aa", "PartyLogo": "https://storage.googleapis.com/candidate-thumbs/party/200.png", "CandididatePhoto": "https://storage.googleapis.com/candidate-thumbs/images/40-7-30.jpg"}, {"Unnamed: 0": 9232, "CandidateId": "25af7805-afcd-471f-8289-e9423105cbf0", "CandidateNo": 31, "FirstName": "แสงดาว", "LastName": "ศิริโนนรัง", "PartyName": "ภาคีเครือข่ายไทย", "PartyNumber": 211, "Title": "สิบเอก", "Votable": true, "province_id": 40, "province_name": "ขอนแก่น", "zone_number": 7, "PartyTerminated": false, "Age": 73, "Occupation": "เกษตรกร", "HighestEducation": "ต่ำกว่าปริญญาตรี", "ImageFileId": "5c5d2a4afbcb5f0fd88590bd", "SelfIntroduceFileId": "5c5d2bc4fbcb5f0fd8859ce0", "PartyLogo": "https://storage.googleapis.com/candidate-thumbs/party/211.png", "CandididatePhoto": "https://storage.googleapis.com/candidate-thumbs/images/40-7-31.jpg"}, {"Unnamed: 0": 9233, "CandidateId": "55311c86-c983-4b04-ae09-a41bffc5181a", "CandidateNo": 32, "FirstName": "กรรณิการ์", "LastName": "พุฒพันธุ์", "PartyName": "ประชาธิปไตยเพื่อประชาชน", "PartyNumber": 169, "Title": "นาง", "Votable": true, "province_id": 40, "province_name": "ขอนแก่น", "zone_number": 7, "PartyTerminated": false, "Age": 67, "Occupation": "แม่บ้าน", "HighestEducation": "ต่ำกว่าปริญญาตรี", "ImageFileId": "5c5d3878fbcb5f0fd88605b5", "SelfIntroduceFileId": "5c5d3c13fbcb5f0fd88625ff", "PartyLogo": "https://storage.googleapis.com/candidate-thumbs/party/169.png", "CandididatePhoto": "https://storage.googleapis.com/candidate-thumbs/images/40-7-32.jpg"}, {"Unnamed: 0": 9234, "CandidateId": "2fe94390-72d8-45cb-be1e-f8548696bb69", "CandidateNo": 33, "FirstName": "อวยชัย", "LastName": "ปู่หลุ่น", "PartyName": "พลังชาติไทย", "PartyNumber": 186, "Title": "นาย", "Votable": true, "province_id": 40, "province_name": "ขอนแก่น", "zone_number": 7, "PartyTerminated": false, "Age": 55, "Occupation": "เกษตรกร", "HighestEducation": "ต่ำกว่าปริญญาตรี", "ImageFileId": "5c5d430efbcb5f0fd8866e1a", "SelfIntroduceFileId": "5c5d4476fbcb5f0fd8867de2", "PartyLogo": "https://storage.googleapis.com/candidate-thumbs/party/186.png", "CandididatePhoto": "https://storage.googleapis.com/candidate-thumbs/images/40-7-33.jpg"}, {"Unnamed: 0": 9235, "CandidateId": "1e0970c1-8cba-417f-bf6d-55c8e641b434", "CandidateNo": 34, "FirstName": "เสาวภา", "LastName": "วงษ์ชมภู", "PartyName": "แทนคุณแผ่นดิน", "PartyNumber": 53, "Title": "นาง", "Votable": true, "province_id": 40, "province_name": "ขอนแก่น", "zone_number": 7, "PartyTerminated": false, "Age": 51, "Occupation": "ค้าขาย", "HighestEducation": "ปริญญาโท", "ImageFileId": "5c5d50f8fbcb5f0fd887061d", "SelfIntroduceFileId": "5c5d5319fbcb5f0fd8871d0f", "PartyLogo": "https://storage.googleapis.com/candidate-thumbs/party/53.png", "CandididatePhoto": "https://storage.googleapis.com/candidate-thumbs/images/40-7-34.jpg"}, {"Unnamed: 0": 9236, "CandidateId": "4679dcef-9603-4688-8407-fbd18b92ee2f", "CandidateNo": 35, "FirstName": "สมศักดิ์", "LastName": "ขันซ้าย", "PartyName": "ผึ้งหลวง", "PartyNumber": 164, "Title": "นาย", "Votable": true, "province_id": 40, "province_name": "ขอนแก่น", "zone_number": 7, "PartyTerminated": false, "Age": 61, "Occupation": "ค้าขาย", "HighestEducation": "ต่ำกว่าปริญญาตรี", "ImageFileId": "5c5d5609fbcb5f0fd887490d", "SelfIntroduceFileId": "5c5d5749fbcb5f0fd88756b1", "PartyLogo": "https://storage.googleapis.com/candidate-thumbs/party/164.png", "CandididatePhoto": "https://storage.googleapis.com/candidate-thumbs/images/40-7-35.jpg"}, {"Unnamed: 0": 9237, "CandidateId": "a1ff87fb-5d34-4a85-9d9d-db7a074b997b", "CandidateNo": 36, "FirstName": "พนมรัตน์", "LastName": "เชื้อหลง", "PartyName": "ไทรักธรรม", "PartyNumber": 144, "Title": "นาย", "Votable": true, "province_id": 40, "province_name": "ขอนแก่น", "zone_number": 7, "PartyTerminated": false, "Age": 53, "Occupation": "รับจ้าง", "HighestEducation": "ต่ำกว่าปริญญาตรี", "ImageFileId": "5c5d5a9ffbcb5f0fd8877e43", "SelfIntroduceFileId": "5c5d5c79fbcb5f0fd8878f6b", "PartyLogo": "https://storage.googleapis.com/candidate-thumbs/party/144.png", "CandididatePhoto": "https://storage.googleapis.com/candidate-thumbs/images/40-7-36.jpg"}, {"Unnamed: 0": 9238, "CandidateId": "3731fca2-10b9-41db-826a-d06d02616929", "CandidateNo": 37, "FirstName": "ดุสิต", "LastName": "อานจำปา", "PartyName": "ไทยศรีวิไลย์", "PartyNumber": 180, "Title": "นาย", "Votable": true, "province_id": 40, "province_name": "ขอนแก่น", "zone_number": 7, "PartyTerminated": false, "Age": 61, "Occupation": "เกษตรกร", "HighestEducation": "ต่ำกว่าปริญญาตรี", "ImageFileId": "5c5d5ff0fbcb5f0fd887abc9", "SelfIntroduceFileId": "5c5d60f2fbcb5f0fd887b602", "PartyLogo": "https://storage.googleapis.com/candidate-thumbs/party/180.png", "CandididatePhoto": "https://storage.googleapis.com/candidate-thumbs/images/40-7-37.jpg"}, {"Unnamed: 0": 9239, "CandidateId": "28c133ca-bb83-4daf-8b75-4aab925829b4", "CandidateNo": 38, "FirstName": "สฤษดิ์", "LastName": "ทิพพิลา", "PartyName": "ฐานรากไทย", "PartyNumber": 208, "Title": "นาย", "Votable": true, "province_id": 40, "province_name": "ขอนแก่น", "zone_number": 7, "PartyTerminated": false, "Age": 57, "Occupation": "เกษตรกร", "HighestEducation": "ต่ำกว่าปริญญาตรี", "ImageFileId": "5c5d645ffbcb5f0fd887cd72", "SelfIntroduceFileId": "5c5d6570fbcb5f0fd887d4c7", "PartyLogo": "https://storage.googleapis.com/candidate-thumbs/party/208.png", "CandididatePhoto": "https://storage.googleapis.com/candidate-thumbs/images/40-7-38.jpg"}, {"Unnamed: 0": 9240, "CandidateId": "0433c1ab-cf84-448b-a436-3bfbadc39e95", "CandidateNo": 39, "FirstName": "อุดม", "LastName": "แพงสร้อย", "PartyName": "พลเมืองไทย", "PartyNumber": 173, "Title": "นาย", "Votable": true, "province_id": 40, "province_name": "ขอนแก่น", "zone_number": 7, "PartyTerminated": false, "Age": 74, "Occupation": "ข้าราชการบำนาญ", "HighestEducation": "ปริญญาตรี", "ImageFileId": "5c5d6959fbcb5f0fd887e85e", "SelfIntroduceFileId": "5c5d6a5bfbcb5f0fd887eccc", "PartyLogo": "https://storage.googleapis.com/candidate-thumbs/party/173.png", "CandididatePhoto": "https://storage.googleapis.com/candidate-thumbs/images/40-7-39.jpg"}, {"Unnamed: 0": 9241, "CandidateId": "576023db-e1f4-44d9-8ca8-60d4d0e1b669", "CandidateNo": 40, "FirstName": "วีระกุล", "LastName": "ชายผา", "PartyName": "ไทยรักษาชาติ", "PartyNumber": 77, "Title": "นาย", "Votable": true, "province_id": 40, "province_name": "ขอนแก่น", "zone_number": 7, "PartyTerminated": true, "Age": 66, "Occupation": "ข้าราชการ", "HighestEducation": "ปริญญาเอก", "ImageFileId": "5c5d6dd4fbcb5f0fd887fcfe", "SelfIntroduceFileId": "5c5d701dfbcb5f0fd888086c", "PartyLogo": "https://storage.googleapis.com/candidate-thumbs/party/77.png", "CandididatePhoto": "https://storage.googleapis.com/candidate-thumbs/images/40-7-40.jpg"}]