[{"Unnamed: 0": 9080, "CandidateId": "45a73015-8d35-4d14-baf5-2abb2a60378e", "CandidateNo": 1, "FirstName": "อลงกรณ์", "LastName": "ศิลปดอนบม", "PartyName": "อนาคตใหม่", "PartyNumber": 177, "Title": "นาย", "Votable": true, "province_id": 40, "province_name": "ขอนแก่น", "zone_number": 4, "PartyTerminated": false, "Age": 25, "Occupation": "เจ้าของธุรกิจอพาร์ทเม้น", "HighestEducation": "ปริญญาตรี", "ImageFileId": "5c580416fbcb5f1eec0f976c", "SelfIntroduceFileId": "5c593cdffbcb5f1d8816afa3", "PartyLogo": "https://storage.googleapis.com/candidate-thumbs/party/177.png", "CandididatePhoto": "https://storage.googleapis.com/candidate-thumbs/images/40-4-1.jpg"}, {"Unnamed: 0": 9081, "CandidateId": "54e52e1e-fbc8-4b08-ac6d-765ca010d941", "CandidateNo": 2, "FirstName": "เรืองยศ", "LastName": "บุตราช", "PartyName": "ชาติพัฒนา", "PartyNumber": 45, "Title": "นาย", "Votable": true, "province_id": 40, "province_name": "ขอนแก่น", "zone_number": 4, "PartyTerminated": false, "Age": 56, "Occupation": "นักการเมืองท้องถิ่น", "HighestEducation": "ปริญญาโท", "ImageFileId": "5c5804dbfbcb5f1eec0fa30e", "SelfIntroduceFileId": "5c5940e6fbcb5f1d8816e8c2", "PartyLogo": "https://storage.googleapis.com/candidate-thumbs/party/45.png", "CandididatePhoto": "https://storage.googleapis.com/candidate-thumbs/images/40-4-2.jpg"}, {"Unnamed: 0": 9082, "CandidateId": "fe1f2d27-8c73-49e1-8d03-1dd437da93c7", "CandidateNo": 3, "FirstName": "ฉลวย", "LastName": "หล่องบุศรี", "PartyName": "สยามพัฒนา", "PartyNumber": 182, "Title": "นาย", "Votable": true, "province_id": 40, "province_name": "ขอนแก่น", "zone_number": 4, "PartyTerminated": false, "Age": 67, "Occupation": "ข้าราชการครูบำนาญ", "HighestEducation": "ปริญญาโท", "ImageFileId": "5c5805fdfbcb5f1eec0fb275", "SelfIntroduceFileId": "5c594338fbcb5f1d881707a6", "PartyLogo": "https://storage.googleapis.com/candidate-thumbs/party/182.png", "CandididatePhoto": "https://storage.googleapis.com/candidate-thumbs/images/40-4-3.jpg"}, {"Unnamed: 0": 9083, "CandidateId": "5aaa2b88-4594-4d1d-8927-5559f656b745", "CandidateNo": 4, "FirstName": "วินัย", "LastName": "ประวันนา", "PartyName": "ประชาภิวัฒน์", "PartyNumber": 172, "Title": "นาย", "Votable": true, "province_id": 40, "province_name": "ขอนแก่น", "zone_number": 4, "PartyTerminated": false, "Age": 66, "Occupation": "ข้าราชการบำนาญ", "HighestEducation": "ปริญญาโท", "ImageFileId": "5c580643fbcb5f1eec0fb5cd", "SelfIntroduceFileId": "5c59459efbcb5f1d88172576", "PartyLogo": "https://storage.googleapis.com/candidate-thumbs/party/172.png", "CandididatePhoto": "https://storage.googleapis.com/candidate-thumbs/images/40-4-4.jpg"}, {"Unnamed: 0": 9084, "CandidateId": "a1bd5b4e-4214-4c52-8ce2-d51d006244aa", "CandidateNo": 5, "FirstName": "ประยุทธ", "LastName": "ไชยชาติ", "PartyName": "ประชาธิปไตยใหม่", "PartyNumber": 109, "Title": "นาย", "Votable": true, "province_id": 40, "province_name": "ขอนแก่น", "zone_number": 4, "PartyTerminated": false, "Age": 77, "Occupation": "ทนายความ", "HighestEducation": "ปริญญาตรี", "ImageFileId": "5c58067ffbcb5f1eec0fb937", "SelfIntroduceFileId": "5c59496dfbcb5f1d88175fa6", "PartyLogo": "https://storage.googleapis.com/candidate-thumbs/party/109.png", "CandididatePhoto": "https://storage.googleapis.com/candidate-thumbs/images/40-4-5.jpg"}, {"Unnamed: 0": 9085, "CandidateId": "9364d239-9c44-4100-ad3c-9102ba916873", "CandidateNo": 6, "FirstName": "เอกภักดิ์", "LastName": "คลังกลาง", "PartyName": "เพื่อไทยพัฒนา", "PartyNumber": 213, "Title": "นาย", "Votable": true, "province_id": 40, "province_name": "ขอนแก่น", "zone_number": 4, "PartyTerminated": false, "Age": 49, "Occupation": "ค้าขาย", "HighestEducation": "ต่ำกว่าปริญญาตรี", "ImageFileId": "5c5806c1fbcb5f1eec0fbc8b", "SelfIntroduceFileId": "5c594c23fbcb5f1d88178120", "PartyLogo": "https://storage.googleapis.com/candidate-thumbs/party/213.png", "CandididatePhoto": "https://storage.googleapis.com/candidate-thumbs/images/40-4-6.jpg"}, {"Unnamed: 0": 9086, "CandidateId": "f8b5471b-0f60-4b5d-90a7-a87ec0c5ab34", "CandidateNo": 7, "FirstName": "ถาวร", "LastName": "สรรสมบัติ", "PartyName": "รวมพลังประชาชาติไทย", "PartyNumber": 181, "Title": "นาย", "Votable": true, "province_id": 40, "province_name": "ขอนแก่น", "zone_number": 4, "PartyTerminated": false, "Age": 70, "Occupation": "เกษตรกร", "HighestEducation": "ปริญญาตรี", "ImageFileId": "5c58070afbcb5f1eec0fc18d", "SelfIntroduceFileId": "5c594f7efbcb5f1d8817a8d9", "PartyLogo": "https://storage.googleapis.com/candidate-thumbs/party/181.png", "CandididatePhoto": "https://storage.googleapis.com/candidate-thumbs/images/40-4-7.jpg"}, {"Unnamed: 0": 9087, "CandidateId": "cdb1a88a-6e3b-494d-b67c-52b73f235c97", "CandidateNo": 8, "FirstName": "พิชิต", "LastName": "สุรพล", "PartyName": "พลังประชารัฐ", "PartyNumber": 192, "Title": "นาย", "Votable": true, "province_id": 40, "province_name": "ขอนแก่น", "zone_number": 4, "PartyTerminated": false, "Age": 47, "Occupation": "นักการเมืองท้องถิ่น", "HighestEducation": "ปริญญาโท", "ImageFileId": "5c580749fbcb5f1eec0fc49e", "SelfIntroduceFileId": "5c595225fbcb5f1d8817cc06", "PartyLogo": "https://storage.googleapis.com/candidate-thumbs/party/192.png", "CandididatePhoto": "https://storage.googleapis.com/candidate-thumbs/images/40-4-8.jpg"}, {"Unnamed: 0": 9088, "CandidateId": "79620a41-7552-4c19-ab51-0a01685d511b", "CandidateNo": 9, "FirstName": "วาน", "LastName": "สีพั้ว", "PartyName": "พลังไทยรักไทย", "PartyNumber": 185, "Title": "ร้อยตรี", "Votable": true, "province_id": 40, "province_name": "ขอนแก่น", "zone_number": 4, "PartyTerminated": false, "Age": 58, "Occupation": "เกษตรกร", "HighestEducation": "ปริญญาตรี", "ImageFileId": "5c58078dfbcb5f1eec0fc962", "SelfIntroduceFileId": "5c5955b3fbcb5f1d8817eef0", "PartyLogo": "https://storage.googleapis.com/candidate-thumbs/party/185.png", "CandididatePhoto": "https://storage.googleapis.com/candidate-thumbs/images/40-4-9.jpg"}, {"Unnamed: 0": 9089, "CandidateId": "fbaac290-8445-4961-9dfc-b5559c676e8d", "CandidateNo": 10, "FirstName": "อนนท์", "LastName": "สีสมบัติ", "PartyName": "รักษ์ผืนป่าประเทศไทย", "PartyNumber": 133, "Title": "นาย", "Votable": true, "province_id": 40, "province_name": "ขอนแก่น", "zone_number": 4, "PartyTerminated": false, "Age": 51, "Occupation": "ผู้รับเหมา", "HighestEducation": "ต่ำกว่าปริญญาตรี", "ImageFileId": "5c5807cffbcb5f1eec0fcd34", "SelfIntroduceFileId": "5c5a4cc3fbcb5f19bca9076f", "PartyLogo": "https://storage.googleapis.com/candidate-thumbs/party/133.png", "CandididatePhoto": "https://storage.googleapis.com/candidate-thumbs/images/40-4-10.jpg"}, {"Unnamed: 0": 9090, "CandidateId": "94c6a214-0006-43c8-b7b5-4b8c52a4956f", "CandidateNo": 11, "FirstName": "วิญญู", "LastName": "เจริญสุข", "PartyName": "ประชานิยม", "PartyNumber": 191, "Title": "นาย", "Votable": true, "province_id": 40, "province_name": "ขอนแก่น", "zone_number": 4, "PartyTerminated": false, "Age": 49, "Occupation": "เกษตรกร", "HighestEducation": "ต่ำกว่าปริญญาตรี", "ImageFileId": "5c580815fbcb5f1eec0fcf08", "SelfIntroduceFileId": "5c5a4f52fbcb5f19bca91e3b", "PartyLogo": "https://storage.googleapis.com/candidate-thumbs/party/191.png", "CandididatePhoto": "https://storage.googleapis.com/candidate-thumbs/images/40-4-11.jpg"}, {"Unnamed: 0": 9091, "CandidateId": "262f2881-f1ec-44b4-8385-3b8138347a51", "CandidateNo": 12, "FirstName": "ฉัตรชัย", "LastName": "ข้อยุ่น", "PartyName": "ภูมิใจไทย", "PartyNumber": 63, "Title": "นาย", "Votable": true, "province_id": 40, "province_name": "ขอนแก่น", "zone_number": 4, "PartyTerminated": false, "Age": 62, "Occupation": "ข้าราชการบำนาญ", "HighestEducation": "ปริญญาโท", "ImageFileId": "5c58084efbcb5f1eec0fd2ec", "SelfIntroduceFileId": "5c5a52cdfbcb5f19bca9400b", "PartyLogo": "https://storage.googleapis.com/candidate-thumbs/party/63.png", "CandididatePhoto": "https://storage.googleapis.com/candidate-thumbs/images/40-4-12.jpg"}, {"Unnamed: 0": 9092, "CandidateId": "f18fafc2-8d35-4c55-bb0f-ef96c0b6eb2b", "CandidateNo": 13, "FirstName": "เปลี่ยน", "LastName": "นามพรมมา", "PartyName": "ชาติไทยพัฒนา", "PartyNumber": 55, "Title": "พันตำรวจโท", "Votable": true, "province_id": 40, "province_name": "ขอนแก่น", "zone_number": 4, "PartyTerminated": false, "Age": 62, "Occupation": "ข้าราชการตำรวจ บำนาญ", "HighestEducation": "ปริญญาโท", "ImageFileId": "5c580883fbcb5f1eec0fd583", "SelfIntroduceFileId": "5c5a5633fbcb5f19bca95c1d", "PartyLogo": "https://storage.googleapis.com/candidate-thumbs/party/55.png", "CandididatePhoto": "https://storage.googleapis.com/candidate-thumbs/images/40-4-13.jpg"}, {"Unnamed: 0": 9093, "CandidateId": "d6e94600-c776-42b3-b782-110149aeee1b", "CandidateNo": 14, "FirstName": "มุกดา", "LastName": "พงษ์สมบัติ", "PartyName": "เพื่อไทย", "PartyNumber": 34, "Title": "นาง", "Votable": true, "province_id": 40, "province_name": "ขอนแก่น", "zone_number": 4, "PartyTerminated": false, "Age": 66, "Occupation": "นักการเมือง", "HighestEducation": "ปริญญาโท", "ImageFileId": "5c5808b8fbcb5f1eec0fd956", "SelfIntroduceFileId": "5c5a5943fbcb5f19bca973b8", "PartyLogo": "https://storage.googleapis.com/candidate-thumbs/party/34.png", "CandididatePhoto": "https://storage.googleapis.com/candidate-thumbs/images/40-4-14.jpg"}, {"Unnamed: 0": 9094, "CandidateId": "940c017c-51c5-420a-b240-e74ee90edc76", "CandidateNo": 15, "FirstName": "สุพจน์", "LastName": "ทองเนื้อขาว", "PartyName": "เสรีรวมไทย", "PartyNumber": 145, "Title": "นาย", "Votable": true, "province_id": 40, "province_name": "ขอนแก่น", "zone_number": 4, "PartyTerminated": false, "Age": 56, "Occupation": "ตัวแทนประกันภัย", "HighestEducation": "ปริญญาเอก", "ImageFileId": "5c5808edfbcb5f1eec0fda6e", "SelfIntroduceFileId": "5c5a5bb3fbcb5f19bca98736", "PartyLogo": "https://storage.googleapis.com/candidate-thumbs/party/145.png", "CandididatePhoto": "https://storage.googleapis.com/candidate-thumbs/images/40-4-15.jpg"}, {"Unnamed: 0": 9095, "CandidateId": "fb75514f-2404-4481-9c84-541969aeaa29", "CandidateNo": 16, "FirstName": "วัน", "LastName": "สุวรรณพงษ์", "PartyName": "เศรษฐกิจใหม่", "PartyNumber": 193, "Title": "นาย", "Votable": true, "province_id": 40, "province_name": "ขอนแก่น", "zone_number": 4, "PartyTerminated": false, "Age": 80, "Occupation": "ทนายความ", "HighestEducation": "ปริญญาเอก", "ImageFileId": "5c580933fbcb5f1eec0fdd37", "SelfIntroduceFileId": "5c5a5ed5fbcb5f19bca9a758", "PartyLogo": "https://storage.googleapis.com/candidate-thumbs/party/193.png", "CandididatePhoto": "https://storage.googleapis.com/candidate-thumbs/images/40-4-16.jpg"}, {"Unnamed: 0": 9096, "CandidateId": "35708bdc-793e-46e4-b88d-9b4e8d3831d8", "CandidateNo": 17, "FirstName": "กฤษณา", "LastName": "เผ่าบ้านฝาง", "PartyName": "เพื่อนไทย", "PartyNumber": 179, "Title": "นาย", "Votable": false, "province_id": 40, "province_name": "ขอนแก่น", "zone_number": 4, "PartyTerminated": false, "Age": 34, "Occupation": "ธุรกิจส่วนตัว", "HighestEducation": "ต่ำกว่าปริญญาตรี", "ImageFileId": "5c580973fbcb5f1eec0fdee6", "SelfIntroduceFileId": "5c5a605ffbcb5f19bca9b402", "PartyLogo": "https://storage.googleapis.com/candidate-thumbs/party/179.png", "CandididatePhoto": "https://storage.googleapis.com/candidate-thumbs/images/40-4-17.jpg"}, {"Unnamed: 0": 9097, "CandidateId": "c18e48de-9c66-4001-b3fa-f588d410b4fa", "CandidateNo": 18, "FirstName": "บุญเหลือ", "LastName": "แก่งสันเทียะ", "PartyName": "พลังท้องถิ่นไท", "PartyNumber": 124, "Title": "ดาบตำรวจ", "Votable": true, "province_id": 40, "province_name": "ขอนแก่น", "zone_number": 4, "PartyTerminated": false, "Age": 64, "Occupation": "ข้าราชการตำรวจ บำนาญ", "HighestEducation": "ต่ำกว่าปริญญาตรี", "ImageFileId": "5c5809b9fbcb5f1eec0fe1df", "SelfIntroduceFileId": "5c5a9efefbcb5f19bcab439e", "PartyLogo": "https://storage.googleapis.com/candidate-thumbs/party/124.png", "CandididatePhoto": "https://storage.googleapis.com/candidate-thumbs/images/40-4-18.jpg"}, {"Unnamed: 0": 9098, "CandidateId": "c3659997-d6da-4d46-a0c2-6b0ec6e151ee", "CandidateNo": 19, "FirstName": "นิพนธ์", "LastName": "ไชยโสดา", "PartyName": "พลังธรรมใหม่", "PartyNumber": 175, "Title": "นาย", "Votable": true, "province_id": 40, "province_name": "ขอนแก่น", "zone_number": 4, "PartyTerminated": false, "Age": 74, "Occupation": "ข้าราชการบำนาญ", "HighestEducation": "ปริญญาตรี", "ImageFileId": "5c580a09fbcb5f1eec0fe5c1", "SelfIntroduceFileId": "5c5a69a8fbcb5f19bca9f1f0", "PartyLogo": "https://storage.googleapis.com/candidate-thumbs/party/175.png", "CandididatePhoto": "https://storage.googleapis.com/candidate-thumbs/images/40-4-19.jpg"}, {"Unnamed: 0": 9099, "CandidateId": "29008e08-3f71-446e-979b-61d5a639e617", "CandidateNo": 20, "FirstName": "พงษ์นิรันดร์", "LastName": "อุทัยกาญจนกุล", "PartyName": "รวมใจไทย", "PartyNumber": 174, "Title": "นาย", "Votable": true, "province_id": 40, "province_name": "ขอนแก่น", "zone_number": 4, "PartyTerminated": false, "Age": 56, "Occupation": "รองคณบดีคณะนิติศาสตร์", "HighestEducation": "ปริญญาเอก", "ImageFileId": "5c580a49fbcb5f1eec0fe9b7", "SelfIntroduceFileId": "5c5a7688fbcb5f19bcaa2420", "PartyLogo": "https://storage.googleapis.com/candidate-thumbs/party/174.png", "CandididatePhoto": "https://storage.googleapis.com/candidate-thumbs/images/40-4-20.jpg"}, {"Unnamed: 0": 9100, "CandidateId": "2a00280d-dd75-4ba1-a6b2-47d28af346b1", "CandidateNo": 21, "FirstName": "ไพจิตร", "LastName": "วงค์หนองแล้ง", "PartyName": "เพื่อแผ่นดิน", "PartyNumber": 41, "Title": "นาย", "Votable": true, "province_id": 40, "province_name": "ขอนแก่น", "zone_number": 4, "PartyTerminated": false, "Age": 61, "Occupation": "เกษตรกร", "HighestEducation": "ต่ำกว่าปริญญาตรี", "ImageFileId": "5c580a85fbcb5f1eec0fecac", "SelfIntroduceFileId": "5c5a7b95fbcb5f19bcaa3f6e", "PartyLogo": "https://storage.googleapis.com/candidate-thumbs/party/41.png", "CandididatePhoto": "https://storage.googleapis.com/candidate-thumbs/images/40-4-21.jpg"}, {"Unnamed: 0": 9101, "CandidateId": "5da8519b-287f-4464-bd05-d1466b9d3861", "CandidateNo": 22, "FirstName": "ทองดี", "LastName": "ทะกอง", "PartyName": "แผ่นดินธรรม", "PartyNumber": 188, "Title": "นาย", "Votable": true, "province_id": 40, "province_name": "ขอนแก่น", "zone_number": 4, "PartyTerminated": false, "Age": 71, "Occupation": "นักข่าวหนังสือพิมพ์ข่าว ภาค 4", "HighestEducation": "ต่ำกว่าปริญญาตรี", "ImageFileId": "5c580ac4fbcb5f1eec0feefe", "SelfIntroduceFileId": "5c5a7c0efbcb5f19bcaa4284", "PartyLogo": "https://storage.googleapis.com/candidate-thumbs/party/188.png", "CandididatePhoto": "https://storage.googleapis.com/candidate-thumbs/images/40-4-22.jpg"}, {"Unnamed: 0": 9102, "CandidateId": "b9c39980-d98e-4eb1-96fa-3e772e93b14b", "CandidateNo": 23, "FirstName": "ชุติมณฑน์", "LastName": "รักษาพล", "PartyName": "ประชาชนปฏิรูป", "PartyNumber": 176, "Title": "นางสาว", "Votable": true, "province_id": 40, "province_name": "ขอนแก่น", "zone_number": 4, "PartyTerminated": false, "Age": 53, "Occupation": "ธุรกิจส่วนตัว", "HighestEducation": "ปริญญาตรี", "ImageFileId": "5c580b02fbcb5f1eec0ff254", "SelfIntroduceFileId": "5c5a7d5afbcb5f19bcaa4bc8", "PartyLogo": "https://storage.googleapis.com/candidate-thumbs/party/176.png", "CandididatePhoto": "https://storage.googleapis.com/candidate-thumbs/images/40-4-23.jpg"}, {"Unnamed: 0": 9103, "CandidateId": "fa039a38-587e-451c-9210-1aed57844db0", "CandidateNo": 24, "FirstName": "บุญเลิศ", "LastName": "กาพย์แก้ว", "PartyName": "พลังปวงชนไทย", "PartyNumber": 184, "Title": "นาย", "Votable": true, "province_id": 40, "province_name": "ขอนแก่น", "zone_number": 4, "PartyTerminated": false, "Age": 67, "Occupation": "รับจ้างทั่วไป", "HighestEducation": "ต่ำกว่าปริญญาตรี", "ImageFileId": "5c580b3ffbcb5f1eec0ff43d", "SelfIntroduceFileId": "5c5a7eddfbcb5f19bcaa5bf1", "PartyLogo": "https://storage.googleapis.com/candidate-thumbs/party/184.png", "CandididatePhoto": "https://storage.googleapis.com/candidate-thumbs/images/40-4-24.jpg"}, {"Unnamed: 0": 9104, "CandidateId": "85ec2875-8374-4d95-9fb0-c032c56f52bb", "CandidateNo": 25, "FirstName": "สำเนียง", "LastName": "ลือเจียงคำ", "PartyName": "พลเมืองไทย", "PartyNumber": 173, "Title": "พันตำรวจเอก", "Votable": true, "province_id": 40, "province_name": "ขอนแก่น", "zone_number": 4, "PartyTerminated": false, "Age": 67, "Occupation": "ข้าราชการบำนาญ ตำรวจ", "HighestEducation": "ปริญญาโท", "ImageFileId": "5c593298fbcb5f1d88162267", "SelfIntroduceFileId": "5c5aa1ddfbcb5f19bcab5564", "PartyLogo": "https://storage.googleapis.com/candidate-thumbs/party/173.png", "CandididatePhoto": "https://storage.googleapis.com/candidate-thumbs/images/40-4-25.jpg"}, {"Unnamed: 0": 9105, "CandidateId": "ec539266-0bf2-43d2-8a12-706d16b9a4b9", "CandidateNo": 26, "FirstName": "สมพงษ์", "LastName": "อันไขหน้า", "PartyName": "ประชาชาติ", "PartyNumber": 187, "Title": "นาย", "Votable": true, "province_id": 40, "province_name": "ขอนแก่น", "zone_number": 4, "PartyTerminated": false, "Age": 64, "Occupation": "ธุรกิจการเกษตร", "HighestEducation": "ต่ำกว่าปริญญาตรี", "ImageFileId": "5c5a8fe8fbcb5f19bcaada1e", "SelfIntroduceFileId": "5c5a92adfbcb5f19bcaaf220", "PartyLogo": "https://storage.googleapis.com/candidate-thumbs/party/187.png", "CandididatePhoto": "https://storage.googleapis.com/candidate-thumbs/images/40-4-26.jpg"}, {"Unnamed: 0": 9106, "CandidateId": "893edd8f-3d5f-4cd7-abac-fa53fd56aebc", "CandidateNo": 27, "FirstName": "สิทธิชัย", "LastName": "ศรีบุญเรือง", "PartyName": "ประชากรไทย", "PartyNumber": 2, "Title": "นาย", "Votable": true, "province_id": 40, "province_name": "ขอนแก่น", "zone_number": 4, "PartyTerminated": false, "Age": 65, "Occupation": "ข้าราชการบำนาญ", "HighestEducation": "ปริญญาโท", "ImageFileId": "5c5a902efbcb5f19bcaadcfe", "SelfIntroduceFileId": "5c5aa303fbcb5f19bcab5ffe", "PartyLogo": "https://storage.googleapis.com/candidate-thumbs/party/2.png", "CandididatePhoto": "https://storage.googleapis.com/candidate-thumbs/images/40-4-27.jpg"}, {"Unnamed: 0": 9107, "CandidateId": "fd213c52-47a2-41d0-b84e-22c18031b206", "CandidateNo": 28, "FirstName": "สมรักษ์", "LastName": "งามเนตร", "PartyName": "มหาชน", "PartyNumber": 4, "Title": "นาง", "Votable": true, "province_id": 40, "province_name": "ขอนแก่น", "zone_number": 4, "PartyTerminated": false, "Age": 45, "Occupation": "รับจ้าง", "HighestEducation": "ต่ำกว่าปริญญาตรี", "ImageFileId": "5c5a9076fbcb5f19bcaae083", "SelfIntroduceFileId": "5c5aa371fbcb5f19bcab6154", "PartyLogo": "https://storage.googleapis.com/candidate-thumbs/party/4.png", "CandididatePhoto": "https://storage.googleapis.com/candidate-thumbs/images/40-4-28.jpg"}, {"Unnamed: 0": 9108, "CandidateId": "0871dda6-7280-486f-8abd-b254aec0f8da", "CandidateNo": 29, "FirstName": "สุจิตรา", "LastName": "คำไธสง", "PartyName": "กลาง", "PartyNumber": 203, "Title": "นาง", "Votable": true, "province_id": 40, "province_name": "ขอนแก่น", "zone_number": 4, "PartyTerminated": false, "Age": 51, "Occupation": "รับเหมาติดตั้งกระจกอลูมิเนียม", "HighestEducation": "ต่ำกว่าปริญญาตรี", "ImageFileId": "5c5aa60cfbcb5f19bcab6d60", "SelfIntroduceFileId": "5c5aa777fbcb5f19bcab7255", "PartyLogo": "https://storage.googleapis.com/candidate-thumbs/party/203.png", "CandididatePhoto": "https://storage.googleapis.com/candidate-thumbs/images/40-4-29.jpg"}, {"Unnamed: 0": 9109, "CandidateId": "3bc5ae77-2d77-4ff0-9b53-74e8b305088f", "CandidateNo": 30, "FirstName": "สมัย", "LastName": "สายอ่อนตา", "PartyName": "ไทยรักษาชาติ", "PartyNumber": 77, "Title": "สิบตำรวจเอก", "Votable": true, "province_id": 40, "province_name": "ขอนแก่น", "zone_number": 4, "PartyTerminated": true, "Age": 51, "Occupation": "ส.อบต.(เจ้าหน้่ที่ของรัฐ)", "HighestEducation": "ปริญญาตรี", "ImageFileId": "5c5bd24ffbcb5f16fc66ce7b", "SelfIntroduceFileId": "5c5be034fbcb5f16fc673d5b", "PartyLogo": "https://storage.googleapis.com/candidate-thumbs/party/77.png", "CandididatePhoto": "https://storage.googleapis.com/candidate-thumbs/images/40-4-30.jpg"}, {"Unnamed: 0": 9110, "CandidateId": "657786a3-036c-40a9-8b62-fd964535c52a", "CandidateNo": 31, "FirstName": "คนอง", "LastName": "ทองแดง", "PartyName": "ไทยศรีวิไลย์", "PartyNumber": 180, "Title": "ร้อยตรี", "Votable": true, "province_id": 40, "province_name": "ขอนแก่น", "zone_number": 4, "PartyTerminated": false, "Age": 58, "Occupation": "ข้าราชการบำนาญ", "HighestEducation": "ต่ำกว่าปริญญาตรี", "ImageFileId": "5c5bd2e1fbcb5f16fc66d2a3", "SelfIntroduceFileId": "5c5bf204fbcb5f16fc67d7da", "PartyLogo": "https://storage.googleapis.com/candidate-thumbs/party/180.png", "CandididatePhoto": "https://storage.googleapis.com/candidate-thumbs/images/40-4-31.jpg"}, {"Unnamed: 0": 9111, "CandidateId": "e82d24da-2bcc-49b6-b7c9-46ae9d2c8118", "CandidateNo": 32, "FirstName": "ถวิลกานต์", "LastName": "ชาวกะตา", "PartyName": "ครูไทยเพื่อประชาชน", "PartyNumber": 118, "Title": "นาย", "Votable": true, "province_id": 40, "province_name": "ขอนแก่น", "zone_number": 4, "PartyTerminated": false, "Age": 73, "Occupation": "เกษตรกร", "HighestEducation": "ปริญญาตรี", "ImageFileId": "5c5bd349fbcb5f16fc66d4f3", "SelfIntroduceFileId": "5c5be3fffbcb5f16fc675c1a", "PartyLogo": "https://storage.googleapis.com/candidate-thumbs/party/118.png", "CandididatePhoto": "https://storage.googleapis.com/candidate-thumbs/images/40-4-32.jpg"}, {"Unnamed: 0": 9112, "CandidateId": "50a28924-372e-4e45-9206-d6886e3e9249", "CandidateNo": 33, "FirstName": "พงศ์ฐยากรณ์", "LastName": "จันทะบุรม", "PartyName": "พลังชาติไทย", "PartyNumber": 186, "Title": "ว่าที่พันตรี", "Votable": true, "province_id": 40, "province_name": "ขอนแก่น", "zone_number": 4, "PartyTerminated": false, "Age": 54, "Occupation": "ที่ปรึกษา ผู้บริหารธุรกิจ", "HighestEducation": "ปริญญาโท", "ImageFileId": "5c5bd399fbcb5f16fc66d761", "SelfIntroduceFileId": "5c5be5e0fbcb5f16fc676967", "PartyLogo": "https://storage.googleapis.com/candidate-thumbs/party/186.png", "CandididatePhoto": "https://storage.googleapis.com/candidate-thumbs/images/40-4-33.jpg"}, {"Unnamed: 0": 9113, "CandidateId": "47c50556-e74d-4255-8b9a-d0467ce44384", "CandidateNo": 34, "FirstName": "สุทธินันท์", "LastName": "ภูสมจิตร", "PartyName": "พลังไทสร้างชาติ", "PartyNumber": 200, "Title": "นาย", "Votable": true, "province_id": 40, "province_name": "ขอนแก่น", "zone_number": 4, "PartyTerminated": false, "Age": 64, "Occupation": "นักแสดง", "HighestEducation": "ต่ำกว่าปริญญาตรี", "ImageFileId": "5c5bd3dbfbcb5f16fc66d930", "SelfIntroduceFileId": "5c5bd5cffbcb5f16fc66e4fd", "PartyLogo": "https://storage.googleapis.com/candidate-thumbs/party/200.png", "CandididatePhoto": "https://storage.googleapis.com/candidate-thumbs/images/40-4-34.jpg"}, {"Unnamed: 0": 9114, "CandidateId": "6f87fe8f-89a5-4784-b702-cd11075b89ce", "CandidateNo": 35, "FirstName": "พลชัย", "LastName": "พิพิธวรกุล", "PartyName": "ประชาธิปัตย์", "PartyNumber": 1, "Title": "นาย", "Votable": true, "province_id": 40, "province_name": "ขอนแก่น", "zone_number": 4, "PartyTerminated": false, "Age": 49, "Occupation": "ทนายความ", "HighestEducation": "ปริญญาตรี", "ImageFileId": "5c5cf825fbcb5f0fd884413e", "SelfIntroduceFileId": "5c5d030afbcb5f0fd8849d10", "PartyLogo": "https://storage.googleapis.com/candidate-thumbs/party/1.png", "CandididatePhoto": "https://storage.googleapis.com/candidate-thumbs/images/40-4-35.jpg"}, {"Unnamed: 0": 9115, "CandidateId": "8517a4ec-0d4c-4385-b7a7-3337a53d524d", "CandidateNo": 36, "FirstName": "ฉัตรชัย", "LastName": "พิสุทธิรัตน์", "PartyName": "เพื่อชาติ", "PartyNumber": 149, "Title": "นาย", "Votable": true, "province_id": 40, "province_name": "ขอนแก่น", "zone_number": 4, "PartyTerminated": false, "Age": 59, "Occupation": "ธุรกิจส่วนตัว", "HighestEducation": "ปริญญาตรี", "ImageFileId": "5c5cff8ffbcb5f0fd8847d85", "SelfIntroduceFileId": "5c5d0210fbcb5f0fd88492db", "PartyLogo": "https://storage.googleapis.com/candidate-thumbs/party/149.png", "CandididatePhoto": "https://storage.googleapis.com/candidate-thumbs/images/40-4-36.jpg"}, {"Unnamed: 0": 9116, "CandidateId": "18641c54-46c7-46e1-8a55-d8d35c988cdf", "CandidateNo": 37, "FirstName": "สิทธิชัย", "LastName": "วรธิพรหมมา", "PartyName": "ประชาธิปไตยเพื่อประชาชน", "PartyNumber": 169, "Title": "นาย", "Votable": true, "province_id": 40, "province_name": "ขอนแก่น", "zone_number": 4, "PartyTerminated": false, "Age": 52, "Occupation": "ค้าขาย", "HighestEducation": "ต่ำกว่าปริญญาตรี", "ImageFileId": "5c5d2047fbcb5f0fd8854349", "SelfIntroduceFileId": "5c5d21defbcb5f0fd88550c5", "PartyLogo": "https://storage.googleapis.com/candidate-thumbs/party/169.png", "CandididatePhoto": "https://storage.googleapis.com/candidate-thumbs/images/40-4-37.jpg"}, {"Unnamed: 0": 9117, "CandidateId": "5c1d9e15-8740-4e3e-9de8-23b9ef822bad", "CandidateNo": 38, "FirstName": "จักรกฤตย์", "LastName": "อัตฤทธิ์", "PartyName": "ภาคีเครือข่ายไทย", "PartyNumber": 211, "Title": "นาย", "Votable": true, "province_id": 40, "province_name": "ขอนแก่น", "zone_number": 4, "PartyTerminated": false, "Age": 45, "Occupation": "ธุรกิจส่วนตัว", "HighestEducation": "ปริญญาตรี", "ImageFileId": "5c5d26c0fbcb5f0fd88573b2", "SelfIntroduceFileId": "5c5d27effbcb5f0fd8857de8", "PartyLogo": "https://storage.googleapis.com/candidate-thumbs/party/211.png", "CandididatePhoto": "https://storage.googleapis.com/candidate-thumbs/images/40-4-38.jpg"}, {"Unnamed: 0": 9118, "CandidateId": "ddb9ddf6-3e24-4f7c-96bf-d2c9beba1678", "CandidateNo": 39, "FirstName": "พิชิต", "LastName": "สมบัติธีระ", "PartyName": "ฐานรากไทย", "PartyNumber": 208, "Title": "นาย", "Votable": true, "province_id": 40, "province_name": "ขอนแก่น", "zone_number": 4, "PartyTerminated": false, "Age": 62, "Occupation": "พนักงานการไฟฟ้าส่วนภูมิภาค", "HighestEducation": "ต่ำกว่าปริญญาตรี", "ImageFileId": "5c5d3394fbcb5f0fd885e089", "SelfIntroduceFileId": "5c5d3756fbcb5f0fd885fcee", "PartyLogo": "https://storage.googleapis.com/candidate-thumbs/party/208.png", "CandididatePhoto": "https://storage.googleapis.com/candidate-thumbs/images/40-4-39.jpg"}, {"Unnamed: 0": 9119, "CandidateId": "2bbc12c8-9915-4299-be66-e800cd4b73eb", "CandidateNo": 40, "FirstName": "พนม", "LastName": "ทัพซ้าย", "PartyName": "ผึ้งหลวง", "PartyNumber": 164, "Title": "นาย", "Votable": true, "province_id": 40, "province_name": "ขอนแก่น", "zone_number": 4, "PartyTerminated": false, "Age": 65, "Occupation": "ทำนา", "HighestEducation": "ต่ำกว่าปริญญาตรี", "ImageFileId": "5c5d3a25fbcb5f0fd8861238", "SelfIntroduceFileId": "5c5d3c62fbcb5f0fd8862839", "PartyLogo": "https://storage.googleapis.com/candidate-thumbs/party/164.png", "CandididatePhoto": "https://storage.googleapis.com/candidate-thumbs/images/40-4-40.jpg"}, {"Unnamed: 0": 9120, "CandidateId": "16b891af-d5cc-481c-98d5-4a201b0a7f5a", "CandidateNo": 41, "FirstName": "ณัฐชพงศ์", "LastName": "อินทร์เสนา", "PartyName": "แทนคุณแผ่นดิน", "PartyNumber": 53, "Title": "นาย", "Votable": true, "province_id": 40, "province_name": "ขอนแก่น", "zone_number": 4, "PartyTerminated": false, "Age": 58, "Occupation": "รับราชการ", "HighestEducation": "ปริญญาตรี", "ImageFileId": "5c5d4558fbcb5f0fd88686d3", "SelfIntroduceFileId": "5c5d4714fbcb5f0fd88697b1", "PartyLogo": "https://storage.googleapis.com/candidate-thumbs/party/53.png", "CandididatePhoto": "https://storage.googleapis.com/candidate-thumbs/images/40-4-41.jpg"}, {"Unnamed: 0": 9121, "CandidateId": "d3b18e10-3228-4a59-b667-89dc2b16c089", "CandidateNo": 42, "FirstName": "วันชัย", "LastName": "อินทร์นาง", "PartyName": "ไทรักธรรม", "PartyNumber": 144, "Title": "นาย", "Votable": true, "province_id": 40, "province_name": "ขอนแก่น", "zone_number": 4, "PartyTerminated": false, "Age": 57, "Occupation": "ค้าขาย", "HighestEducation": "ต่ำกว่าปริญญาตรี", "ImageFileId": "5c5d4f9efbcb5f0fd886f6fe", "SelfIntroduceFileId": "5c5d513cfbcb5f0fd887089e", "PartyLogo": "https://storage.googleapis.com/candidate-thumbs/party/144.png", "CandididatePhoto": "https://storage.googleapis.com/candidate-thumbs/images/40-4-42.jpg"}]