[{"Unnamed: 0": 904, "CandidateId": "6395a7f8-924d-4105-b4b5-8f5ca0d9e1d6", "CandidateNo": 1, "FirstName": "ยุคล", "LastName": "ชนะวัฒน์ปัญญา", "PartyName": "พลังประชารัฐ", "PartyNumber": 192, "Title": "นาย", "Votable": true, "province_id": 22, "province_name": "จันทบุรี", "zone_number": 2, "PartyTerminated": false, "Age": 56, "Occupation": "เจ้าของสวนผลไม้สวนปาล์มและสวนยางพารา", "HighestEducation": "ปริญญาโท", "ImageFileId": "5c57bb06fbcb5f1eec0d3edc", "SelfIntroduceFileId": "5c57c3c9fbcb5f1eec0d86ef", "PartyLogo": "https://storage.googleapis.com/candidate-thumbs/party/192.png", "CandididatePhoto": "https://storage.googleapis.com/candidate-thumbs/images/22-2-1.jpg"}, {"Unnamed: 0": 905, "CandidateId": "b3198756-baa9-4a70-9ce9-7d633eefb3a4", "CandidateNo": 2, "FirstName": "มานะ", "LastName": "ชนะสิทธิ์", "PartyName": "ไทยรักษาชาติ", "PartyNumber": 77, "Title": "นาย", "Votable": true, "province_id": 22, "province_name": "จันทบุรี", "zone_number": 2, "PartyTerminated": true, "Age": 54, "Occupation": "ธุรกิจส่วนตัว อัญมณี-ทำสวนผลไม้", "HighestEducation": "ปริญญาตรี", "ImageFileId": "5c57d488fbcb5f1eec0de054", "SelfIntroduceFileId": "5c57d631fbcb5f1eec0de794", "PartyLogo": "https://storage.googleapis.com/candidate-thumbs/party/77.png", "CandididatePhoto": "https://storage.googleapis.com/candidate-thumbs/images/22-2-2.jpg"}, {"Unnamed: 0": 906, "CandidateId": "c6e4520d-045f-4c0f-ac20-d18481daaa01", "CandidateNo": 3, "FirstName": "จารึก", "LastName": "ศรีอ่อน", "PartyName": "อนาคตใหม่", "PartyNumber": 177, "Title": "นาย", "Votable": true, "province_id": 22, "province_name": "จันทบุรี", "zone_number": 2, "PartyTerminated": false, "Age": 54, "Occupation": "เกษตรกร(ทำสวน)", "HighestEducation": "ปริญญาตรี", "ImageFileId": "5c57daa2fbcb5f1eec0dfcb0", "SelfIntroduceFileId": "5c57dd93fbcb5f1eec0e0e07", "PartyLogo": "https://storage.googleapis.com/candidate-thumbs/party/177.png", "CandididatePhoto": "https://storage.googleapis.com/candidate-thumbs/images/22-2-3.jpg"}, {"Unnamed: 0": 907, "CandidateId": "4c636ebd-6ca4-44ca-93bc-bd09efcb5d9f", "CandidateNo": 4, "FirstName": "อ๊อด", "LastName": "ไกรนิวรณ์", "PartyName": "ประชาธรรมไทย", "PartyNumber": 190, "Title": "นาย", "Votable": true, "province_id": 22, "province_name": "จันทบุรี", "zone_number": 2, "PartyTerminated": false, "Age": 47, "Occupation": "ค้าขาย", "HighestEducation": "ต่ำกว่าปริญญาตรี", "ImageFileId": "5c57dff8fbcb5f1eec0e1db8", "SelfIntroduceFileId": "5c57e1b4fbcb5f1eec0e2808", "PartyLogo": "https://storage.googleapis.com/candidate-thumbs/party/190.png", "CandididatePhoto": "https://storage.googleapis.com/candidate-thumbs/images/22-2-4.jpg"}, {"Unnamed: 0": 908, "CandidateId": "f0b78dba-edbd-40f0-85e4-06cfa1cb1687", "CandidateNo": 5, "FirstName": "สุชาติ", "LastName": "บุญสิทธิ์", "PartyName": "ประชาธิปไตยใหม่", "PartyNumber": 109, "Title": "นาย", "Votable": true, "province_id": 22, "province_name": "จันทบุรี", "zone_number": 2, "PartyTerminated": false, "Age": 42, "Occupation": "อดีตหัวหน้าฝ่ายประสานงานด้านการข่าว(อสมธ.)", "HighestEducation": "ต่ำกว่าปริญญาตรี", "ImageFileId": "5c57e529fbcb5f1eec0e40e9", "SelfIntroduceFileId": "5c57e73ffbcb5f1eec0e55bc", "PartyLogo": "https://storage.googleapis.com/candidate-thumbs/party/109.png", "CandididatePhoto": "https://storage.googleapis.com/candidate-thumbs/images/22-2-5.jpg"}, {"Unnamed: 0": 909, "CandidateId": "a5459a4a-4c18-44b7-a36c-9a3a986ccd62", "CandidateNo": 6, "FirstName": "มัชฌิมา", "LastName": "สารเจริญ", "PartyName": "รักษ์ผืนป่าประเทศไทย", "PartyNumber": 133, "Title": "นางสาว", "Votable": true, "province_id": 22, "province_name": "จันทบุรี", "zone_number": 2, "PartyTerminated": false, "Age": 36, "Occupation": "พนักงานบริษัท", "HighestEducation": "ปริญญาตรี", "ImageFileId": "5c57eab2fbcb5f1eec0e717f", "SelfIntroduceFileId": "5c57ebe7fbcb5f1eec0e7acd", "PartyLogo": "https://storage.googleapis.com/candidate-thumbs/party/133.png", "CandididatePhoto": "https://storage.googleapis.com/candidate-thumbs/images/22-2-6.jpg"}, {"Unnamed: 0": 910, "CandidateId": "cf27a3f1-9bda-4f56-ba30-280e1f15fa3b", "CandidateNo": 7, "FirstName": "สรรเพ็ชร", "LastName": "พัฒนสิงห์", "PartyName": "รวมพลังประชาชาติไทย", "PartyNumber": 181, "Title": "นาย", "Votable": true, "province_id": 22, "province_name": "จันทบุรี", "zone_number": 2, "PartyTerminated": false, "Age": 43, "Occupation": "เสมียนทนายความ, เกษตรกร", "HighestEducation": "ปริญญาตรี", "ImageFileId": "5c57f36bfbcb5f1eec0ec298", "SelfIntroduceFileId": "5c57f47ffbcb5f1eec0ecd61", "PartyLogo": "https://storage.googleapis.com/candidate-thumbs/party/181.png", "CandididatePhoto": "https://storage.googleapis.com/candidate-thumbs/images/22-2-7.jpg"}, {"Unnamed: 0": 911, "CandidateId": "c77f696f-b18b-457f-919f-c1cdd1717eaf", "CandidateNo": 8, "FirstName": "สุพรชัย", "LastName": "สายพานิช", "PartyName": "พลังท้องถิ่นไท", "PartyNumber": 124, "Title": "นาย", "Votable": true, "province_id": 22, "province_name": "จันทบุรี", "zone_number": 2, "PartyTerminated": false, "Age": 57, "Occupation": "เกษตรกร", "HighestEducation": "ต่ำกว่าปริญญาตรี", "ImageFileId": "5c58ed02fbcb5f1d881307f4", "SelfIntroduceFileId": "5c58edabfbcb5f1d88130bec", "PartyLogo": "https://storage.googleapis.com/candidate-thumbs/party/124.png", "CandididatePhoto": "https://storage.googleapis.com/candidate-thumbs/images/22-2-8.jpg"}, {"Unnamed: 0": 912, "CandidateId": "237bf4e2-69ff-4c59-ae70-94de76b1694a", "CandidateNo": 9, "FirstName": "นเรนทร์ฤทธิ์", "LastName": "แสนหาญ", "PartyName": "ประชาภิวัฒน์", "PartyNumber": 172, "Title": "นาย", "Votable": true, "province_id": 22, "province_name": "จันทบุรี", "zone_number": 2, "PartyTerminated": false, "Age": 32, "Occupation": "พนักงานบริษัท", "HighestEducation": "ปริญญาตรี", "ImageFileId": "5c58eeeffbcb5f1d881314c5", "SelfIntroduceFileId": "5c58ef5bfbcb5f1d88131841", "PartyLogo": "https://storage.googleapis.com/candidate-thumbs/party/172.png", "CandididatePhoto": "https://storage.googleapis.com/candidate-thumbs/images/22-2-9.jpg"}, {"Unnamed: 0": 913, "CandidateId": "49ae879f-3c7a-43fc-84b3-bc8d34eaf97d", "CandidateNo": 10, "FirstName": "ธนกร", "LastName": "โฉมเฉลา", "PartyName": "เสรีรวมไทย", "PartyNumber": 145, "Title": "นาย", "Votable": true, "province_id": 22, "province_name": "จันทบุรี", "zone_number": 2, "PartyTerminated": false, "Age": 43, "Occupation": "ธุรกิจส่วนตัว", "HighestEducation": "ปริญญาโท", "ImageFileId": "5c58f02dfbcb5f1d88132022", "SelfIntroduceFileId": "5c58f089fbcb5f1d88132396", "PartyLogo": "https://storage.googleapis.com/candidate-thumbs/party/145.png", "CandididatePhoto": "https://storage.googleapis.com/candidate-thumbs/images/22-2-10.jpg"}, {"Unnamed: 0": 914, "CandidateId": "a175ea39-7b8d-474b-8f78-3a5cb6ac50e3", "CandidateNo": 11, "FirstName": "มนตรี", "LastName": "พงษ์เจริญ", "PartyName": "ภูมิใจไทย", "PartyNumber": 63, "Title": "นาย ", "Votable": true, "province_id": 22, "province_name": "จันทบุรี", "zone_number": 2, "PartyTerminated": false, "Age": 65, "Occupation": "กรรมการการเลืกตั้งจังหวัดจันทบุรี", "HighestEducation": "ปริญญาตรี", "ImageFileId": "5c58f1aefbcb5f1d88132e78", "SelfIntroduceFileId": "5c58f213fbcb5f1d8813316b", "PartyLogo": "https://storage.googleapis.com/candidate-thumbs/party/63.png", "CandididatePhoto": "https://storage.googleapis.com/candidate-thumbs/images/22-2-11.jpg"}, {"Unnamed: 0": 915, "CandidateId": "235aec31-15bd-4e1b-897f-eded7341fd7d", "CandidateNo": 12, "FirstName": "เสกสรรค์", "LastName": "ทองศรี", "PartyName": "ไทยศรีวิไลย์", "PartyNumber": 180, "Title": "เรือตรี", "Votable": true, "province_id": 22, "province_name": "จันทบุรี", "zone_number": 2, "PartyTerminated": false, "Age": 60, "Occupation": "ข้าราชการบำนาญ", "HighestEducation": "ปริญญาตรี", "ImageFileId": "5c58f472fbcb5f1d881348c2", "SelfIntroduceFileId": "5c58f4b9fbcb5f1d88134a4b", "PartyLogo": "https://storage.googleapis.com/candidate-thumbs/party/180.png", "CandididatePhoto": "https://storage.googleapis.com/candidate-thumbs/images/22-2-12.jpg"}, {"Unnamed: 0": 916, "CandidateId": "2e685565-0146-48df-ab88-00bf7011e80b", "CandidateNo": 13, "FirstName": "บุญภูวนาถ", "LastName": "เจ๊ะหมวก", "PartyName": "ฐานรากไทย", "PartyNumber": 208, "Title": "นาย", "Votable": true, "province_id": 22, "province_name": "จันทบุรี", "zone_number": 2, "PartyTerminated": false, "Age": 32, "Occupation": "Ao ธนาคาร ธกส", "HighestEducation": "ปริญญาโท", "ImageFileId": "5c58f4e7fbcb5f1d88134cca", "SelfIntroduceFileId": "5c58f520fbcb5f1d88134e98", "PartyLogo": "https://storage.googleapis.com/candidate-thumbs/party/208.png", "CandididatePhoto": "https://storage.googleapis.com/candidate-thumbs/images/22-2-13.jpg"}, {"Unnamed: 0": 917, "CandidateId": "6a3cb5f4-1616-4a53-949d-d9d5bd07e6d6", "CandidateNo": 14, "FirstName": "โรจนะ", "LastName": "สวัสดี", "PartyName": "ประชาชนปฏิรูป", "PartyNumber": 176, "Title": "นาย", "Votable": true, "province_id": 22, "province_name": "จันทบุรี", "zone_number": 2, "PartyTerminated": false, "Age": 64, "Occupation": "เกษตรกร", "HighestEducation": "ต่ำกว่าปริญญาตรี", "ImageFileId": "5c58f55dfbcb5f1d88135244", "SelfIntroduceFileId": "5c58f8a6fbcb5f1d8813768a", "PartyLogo": "https://storage.googleapis.com/candidate-thumbs/party/176.png", "CandididatePhoto": "https://storage.googleapis.com/candidate-thumbs/images/22-2-14.jpg"}, {"Unnamed: 0": 918, "CandidateId": "0d38199c-7aed-4daf-b4af-1946c64df93d", "CandidateNo": 15, "FirstName": "สัมพันธ์", "LastName": "จันทร์ดำ", "PartyName": "ชาติไทยพัฒนา", "PartyNumber": 55, "Title": "นาย", "Votable": true, "province_id": 22, "province_name": "จันทบุรี", "zone_number": 2, "PartyTerminated": false, "Age": 48, "Occupation": "อาจารย์ราชมงคลจันทบุรี เกษตรกระทิง", "HighestEducation": "ปริญญาเอก", "ImageFileId": "5c58f597fbcb5f1d881353c1", "SelfIntroduceFileId": "5c58fd49fbcb5f1d8813a180", "PartyLogo": "https://storage.googleapis.com/candidate-thumbs/party/55.png", "CandididatePhoto": "https://storage.googleapis.com/candidate-thumbs/images/22-2-15.jpg"}, {"Unnamed: 0": 919, "CandidateId": "cd757b65-e2c0-4776-9ac6-131dafdc9e60", "CandidateNo": 16, "FirstName": "ชาติชาย", "LastName": "วรพิพัฒน์", "PartyName": "ประชาธิปัตย์", "PartyNumber": 1, "Title": "นาย", "Votable": true, "province_id": 22, "province_name": "จันทบุรี", "zone_number": 2, "PartyTerminated": false, "Age": 56, "Occupation": "กำนันตำบลวังใหม่", "HighestEducation": "ปริญญาโท", "ImageFileId": "5c58fe4bfbcb5f1d8813ac67", "SelfIntroduceFileId": "5c58feabfbcb5f1d8813b147", "PartyLogo": "https://storage.googleapis.com/candidate-thumbs/party/1.png", "CandididatePhoto": "https://storage.googleapis.com/candidate-thumbs/images/22-2-16.jpg"}, {"Unnamed: 0": 920, "CandidateId": "beb94993-4292-4601-a9b8-27d463ea4001", "CandidateNo": 17, "FirstName": "มารุต", "LastName": "พิสุทธิพันธ์พงศ์", "PartyName": "เพื่อชาติ", "PartyNumber": 149, "Title": "นาย", "Votable": true, "province_id": 22, "province_name": "จันทบุรี", "zone_number": 2, "PartyTerminated": false, "Age": 35, "Occupation": "ธุรกิจส่วนตัว", "HighestEducation": "ปริญญาตรี", "ImageFileId": "5c58ff8dfbcb5f1d8813ba9d", "SelfIntroduceFileId": "5c58ffe2fbcb5f1d8813be58", "PartyLogo": "https://storage.googleapis.com/candidate-thumbs/party/149.png", "CandididatePhoto": "https://storage.googleapis.com/candidate-thumbs/images/22-2-17.jpg"}, {"Unnamed: 0": 921, "CandidateId": "f6ee5bb9-b078-4e7d-a163-cb37a0439cbc", "CandidateNo": 18, "FirstName": "ชูศักดิ์", "LastName": "ศรีสมบูรณ์", "PartyName": "ครูไทยเพื่อประชาชน", "PartyNumber": 118, "Title": "นาย", "Votable": true, "province_id": 22, "province_name": "จันทบุรี", "zone_number": 2, "PartyTerminated": false, "Age": 68, "Occupation": "ข้าราชการบำนาญ", "HighestEducation": "ปริญญาตรี", "ImageFileId": "5c5902d1fbcb5f1d8813e674", "SelfIntroduceFileId": "5c5903e8fbcb5f1d8813f1fc", "PartyLogo": "https://storage.googleapis.com/candidate-thumbs/party/118.png", "CandididatePhoto": "https://storage.googleapis.com/candidate-thumbs/images/22-2-18.jpg"}, {"Unnamed: 0": 922, "CandidateId": "ec944a6d-7bb8-4387-a416-99b705c70a39", "CandidateNo": 19, "FirstName": "ประพันธ์", "LastName": "ประจงจัด", "PartyName": "ประชานิยม", "PartyNumber": 191, "Title": "นาย", "Votable": true, "province_id": 22, "province_name": "จันทบุรี", "zone_number": 2, "PartyTerminated": false, "Age": 67, "Occupation": "ข้าราชการบำนาญ", "HighestEducation": "ต่ำกว่าปริญญาตรี", "ImageFileId": "5c592888fbcb5f1d88158c95", "SelfIntroduceFileId": "5c5928ebfbcb5f1d8815927e", "PartyLogo": "https://storage.googleapis.com/candidate-thumbs/party/191.png", "CandididatePhoto": "https://storage.googleapis.com/candidate-thumbs/images/22-2-19.jpg"}, {"Unnamed: 0": 923, "CandidateId": "83cf475f-cc28-4da5-938c-5ca2b9b95b91", "CandidateNo": 20, "FirstName": "จักราวุธ", "LastName": "สีหาพงษ์", "PartyName": "เศรษฐกิจใหม่", "PartyNumber": 193, "Title": "นาย", "Votable": true, "province_id": 22, "province_name": "จันทบุรี", "zone_number": 2, "PartyTerminated": false, "Age": 41, "Occupation": "รับจ้าง", "HighestEducation": "ต่ำกว่าปริญญาตรี", "ImageFileId": "5c59291dfbcb5f1d8815946d", "SelfIntroduceFileId": "5c5929b8fbcb5f1d88159b4d", "PartyLogo": "https://storage.googleapis.com/candidate-thumbs/party/193.png", "CandididatePhoto": "https://storage.googleapis.com/candidate-thumbs/images/22-2-20.jpg"}, {"Unnamed: 0": 924, "CandidateId": "e87fe032-b4a3-4eb4-836c-c3509dab8dbf", "CandidateNo": 21, "FirstName": "ภูมิมินทร์", "LastName": "อินทร์สุข", "PartyName": "พลังชาติไทย", "PartyNumber": 186, "Title": "นาย", "Votable": true, "province_id": 22, "province_name": "จันทบุรี", "zone_number": 2, "PartyTerminated": false, "Age": 68, "Occupation": "ข้าราชการบำนาญ", "HighestEducation": "ปริญญาตรี", "ImageFileId": "5c59359dfbcb5f1d88164a55", "SelfIntroduceFileId": "5c593681fbcb5f1d881657cb", "PartyLogo": "https://storage.googleapis.com/candidate-thumbs/party/186.png", "CandididatePhoto": "https://storage.googleapis.com/candidate-thumbs/images/22-2-21.jpg"}, {"Unnamed: 0": 925, "CandidateId": "49fbcb5d-d53c-447d-a20c-10c6068691c6", "CandidateNo": 22, "FirstName": "ประพันธ์", "LastName": "บุญมี", "PartyName": "ทางเลือกใหม่", "PartyNumber": 170, "Title": "นาย", "Votable": true, "province_id": 22, "province_name": "จันทบุรี", "zone_number": 2, "PartyTerminated": false, "Age": 65, "Occupation": "ค้าขาย", "HighestEducation": "ต่ำกว่าปริญญาตรี", "ImageFileId": "5c5946c4fbcb5f1d88173970", "SelfIntroduceFileId": "5c594722fbcb5f1d88173e02", "PartyLogo": "https://storage.googleapis.com/candidate-thumbs/party/170.png", "CandididatePhoto": "https://storage.googleapis.com/candidate-thumbs/images/22-2-22.jpg"}, {"Unnamed: 0": 926, "CandidateId": "b7808a8e-d78b-4061-b980-ed751d471d85", "CandidateNo": 23, "FirstName": "สุภัทริดา", "LastName": "อินทร์อ่ำ", "PartyName": "พลังไทยดี", "PartyNumber": 212, "Title": "นางสาว", "Votable": true, "province_id": 22, "province_name": "จันทบุรี", "zone_number": 2, "PartyTerminated": false, "Age": 51, "Occupation": "เกษตรกร", "HighestEducation": "ปริญญาตรี", "ImageFileId": "5c60dff2fbcb5f13a0b73f02", "SelfIntroduceFileId": "5c5a4e5efbcb5f19bca91501", "PartyLogo": "https://storage.googleapis.com/candidate-thumbs/party/212.png", "CandididatePhoto": "https://storage.googleapis.com/candidate-thumbs/images/22-2-23.jpg"}, {"Unnamed: 0": 927, "CandidateId": "74ed0163-48a8-4883-9cf4-adc7cff54fb7", "CandidateNo": 24, "FirstName": "วิษณุ", "LastName": "พันธุสิงห์", "PartyName": "กรีน", "PartyNumber": 206, "Title": "นาย", "Votable": true, "province_id": 22, "province_name": "จันทบุรี", "zone_number": 2, "PartyTerminated": false, "Age": 36, "Occupation": "พนักงานบริษัท", "HighestEducation": "ปริญญาตรี", "ImageFileId": "5c5a8095fbcb5f19bcaa68c8", "SelfIntroduceFileId": "5c5a80e6fbcb5f19bcaa6b16", "PartyLogo": "https://storage.googleapis.com/candidate-thumbs/party/206.png", "CandididatePhoto": "https://storage.googleapis.com/candidate-thumbs/images/22-2-24.jpg"}, {"Unnamed: 0": 928, "CandidateId": "2865dca8-cce8-4d84-aa46-d579c2ab0264", "CandidateNo": 25, "FirstName": "สุรศักดิ์", "LastName": "ศิริชาตรี", "PartyName": "เครือข่ายชาวนาแห่งประเทศไทย", "PartyNumber": 22, "Title": "นาย", "Votable": true, "province_id": 22, "province_name": "จันทบุรี", "zone_number": 2, "PartyTerminated": false, "Age": 69, "Occupation": "เกษตรกร", "HighestEducation": "ต่ำกว่าปริญญาตรี", "ImageFileId": "5c5bae5efbcb5f16fc65e84c", "SelfIntroduceFileId": "5c5badebfbcb5f16fc65e3d7", "PartyLogo": "https://storage.googleapis.com/candidate-thumbs/party/22.png", "CandididatePhoto": "https://storage.googleapis.com/candidate-thumbs/images/22-2-25.jpg"}, {"Unnamed: 0": 929, "CandidateId": "94147463-f7b9-4ca5-a6c4-bbc2d734b1bf", "CandidateNo": 26, "FirstName": "เฉิน", "LastName": "ผันผาย", "PartyName": "ชาติพันธุ์ไทย", "PartyNumber": 196, "Title": "นาย", "Votable": true, "province_id": 22, "province_name": "จันทบุรี", "zone_number": 2, "PartyTerminated": false, "Age": 82, "Occupation": "ทำสวนผลไม้", "HighestEducation": "ต่ำกว่าปริญญาตรี", "ImageFileId": "5c5ce81bfbcb5f16fc68bd86", "SelfIntroduceFileId": "5c5ce861fbcb5f16fc68bf02", "PartyLogo": "https://storage.googleapis.com/candidate-thumbs/party/196.png", "CandididatePhoto": "https://storage.googleapis.com/candidate-thumbs/images/22-2-26.jpg"}, {"Unnamed: 0": 930, "CandidateId": "bb3435c6-a394-423e-8143-04b479d787a8", "CandidateNo": 27, "FirstName": "อิสราภรณ์", "LastName": "เจริญทรัพย์", "PartyName": "ไทรักธรรม", "PartyNumber": 144, "Title": "นางสาว", "Votable": true, "province_id": 22, "province_name": "จันทบุรี", "zone_number": 2, "PartyTerminated": false, "Age": 55, "Occupation": "ค้าขายอิสระ", "HighestEducation": "ต่ำกว่าปริญญาตรี", "ImageFileId": "5c5d471ffbcb5f0fd8869847", "SelfIntroduceFileId": "5c5d476cfbcb5f0fd8869b96", "PartyLogo": "https://storage.googleapis.com/candidate-thumbs/party/144.png", "CandididatePhoto": "https://storage.googleapis.com/candidate-thumbs/images/22-2-27.jpg"}]