[{"Unnamed: 0": 2785, "CandidateId": "2aef0e2d-549b-4d5e-afb7-2707b0940bfe", "CandidateNo": 1, "FirstName": "อุมัธ", "LastName": "หวังสาสุข", "PartyName": "เพื่อนไทย", "PartyNumber": 179, "Title": "นาย", "Votable": false, "province_id": 24, "province_name": "ฉะเชิงเทรา", "zone_number": 1, "PartyTerminated": false, "Age": 27, "Occupation": "พนักงานบริษัทเอกชน", "HighestEducation": "ต่ำกว่าปริญญาตรี", "ImageFileId": "5c57b0fffbcb5f1eec0d0612", "SelfIntroduceFileId": "5c57f575fbcb5f1eec0ed93f", "PartyLogo": "https://storage.googleapis.com/candidate-thumbs/party/179.png", "CandididatePhoto": "https://storage.googleapis.com/candidate-thumbs/images/24-1-1.jpg"}, {"Unnamed: 0": 2786, "CandidateId": "09605e74-025d-4995-90b0-d1daef04bb57", "CandidateNo": 2, "FirstName": "ฐิติมา", "LastName": "ฉายแสง", "PartyName": "ไทยรักษาชาติ", "PartyNumber": 77, "Title": "นาง", "Votable": true, "province_id": 24, "province_name": "ฉะเชิงเทรา", "zone_number": 1, "PartyTerminated": true, "Age": 58, "Occupation": "ค้าขาย", "HighestEducation": "ปริญญาโท", "ImageFileId": "5c57f5f4fbcb5f1eec0edf50", "SelfIntroduceFileId": "5c57f7fefbcb5f1eec0ef336", "PartyLogo": "https://storage.googleapis.com/candidate-thumbs/party/77.png", "CandididatePhoto": "https://storage.googleapis.com/candidate-thumbs/images/24-1-2.jpg"}, {"Unnamed: 0": 2787, "CandidateId": "0b0528e8-3c25-4048-9e74-26eda98385b9", "CandidateNo": 3, "FirstName": "ชอบ", "LastName": "เขียวจันทร์", "PartyName": "เสรีรวมไทย", "PartyNumber": 145, "Title": "พันตำรวจโท", "Votable": true, "province_id": 24, "province_name": "ฉะเชิงเทรา", "zone_number": 1, "PartyTerminated": false, "Age": 66, "Occupation": "ข้าราชการบำนาญ", "HighestEducation": "ปริญญาตรี", "ImageFileId": "5c57fba8fbcb5f1eec0f1df3", "SelfIntroduceFileId": "5c580b51fbcb5f1eec0ff61f", "PartyLogo": "https://storage.googleapis.com/candidate-thumbs/party/145.png", "CandididatePhoto": "https://storage.googleapis.com/candidate-thumbs/images/24-1-3.jpg"}, {"Unnamed: 0": 2788, "CandidateId": "9d0d8857-1e09-4dab-8e2f-a76adc251b9a", "CandidateNo": 4, "FirstName": "ณภัทร", "LastName": "ผดุงเจริญโชติ", "PartyName": "รักษ์ผืนป่าประเทศไทย", "PartyNumber": 133, "Title": "นาย", "Votable": true, "province_id": 24, "province_name": "ฉะเชิงเทรา", "zone_number": 1, "PartyTerminated": false, "Age": 65, "Occupation": "ข้าราชการ", "HighestEducation": "ปริญญาตรี", "ImageFileId": "5c58021ffbcb5f1eec0f7b59", "SelfIntroduceFileId": "5c580343fbcb5f1eec0f8bb2", "PartyLogo": "https://storage.googleapis.com/candidate-thumbs/party/133.png", "CandididatePhoto": "https://storage.googleapis.com/candidate-thumbs/images/24-1-4.jpg"}, {"Unnamed: 0": 2789, "CandidateId": "7f4ff6a6-4970-4986-a4db-f54534dec4b8", "CandidateNo": 5, "FirstName": "ธนนท์", "LastName": "พรอินทร์", "PartyName": "ประชาภิวัฒน์", "PartyNumber": 172, "Title": "นาย", "Votable": true, "province_id": 24, "province_name": "ฉะเชิงเทรา", "zone_number": 1, "PartyTerminated": false, "Age": 61, "Occupation": "รับจ้าง", "HighestEducation": "ต่ำกว่าปริญญาตรี", "ImageFileId": "5c580bedfbcb5f1eec0ffd6f", "SelfIntroduceFileId": "5c580d7bfbcb5f1eec100f67", "PartyLogo": "https://storage.googleapis.com/candidate-thumbs/party/172.png", "CandididatePhoto": "https://storage.googleapis.com/candidate-thumbs/images/24-1-5.jpg"}, {"Unnamed: 0": 2790, "CandidateId": "a1cf556d-e5e6-4ad4-a9b4-7c7867b071a6", "CandidateNo": 6, "FirstName": "วัชระ", "LastName": "ปิ่นเจริญ", "PartyName": "ประชาธิปัตย์", "PartyNumber": 1, "Title": "นาย", "Votable": true, "province_id": 24, "province_name": "ฉะเชิงเทรา", "zone_number": 1, "PartyTerminated": false, "Age": 36, "Occupation": "นักบินที่1", "HighestEducation": "ปริญญาตรี", "ImageFileId": "5c581154fbcb5f1eec1038f6", "SelfIntroduceFileId": "5c581239fbcb5f1eec1040a0", "PartyLogo": "https://storage.googleapis.com/candidate-thumbs/party/1.png", "CandididatePhoto": "https://storage.googleapis.com/candidate-thumbs/images/24-1-6.jpg"}, {"Unnamed: 0": 2791, "CandidateId": "65f6c967-6b72-4392-bf95-64649ad95319", "CandidateNo": 7, "FirstName": "ณัชพล", "LastName": "ตันเจริญ", "PartyName": "ภูมิใจไทย", "PartyNumber": 63, "Title": "นาย", "Votable": true, "province_id": 24, "province_name": "ฉะเชิงเทรา", "zone_number": 1, "PartyTerminated": false, "Age": 36, "Occupation": "นักธุรกิจ", "HighestEducation": "ปริญญาโท", "ImageFileId": "5c58128ffbcb5f1eec10446d", "SelfIntroduceFileId": "5c5814bafbcb5f1eec105614", "PartyLogo": "https://storage.googleapis.com/candidate-thumbs/party/63.png", "CandididatePhoto": "https://storage.googleapis.com/candidate-thumbs/images/24-1-7.jpg"}, {"Unnamed: 0": 2792, "CandidateId": "01e9013c-9c6f-4c28-8485-d3014fe48893", "CandidateNo": 8, "FirstName": "ชัยวัฒน์", "LastName": "ศรีคชา", "PartyName": "พลังท้องถิ่นไท", "PartyNumber": 124, "Title": "นาย", "Votable": true, "province_id": 24, "province_name": "ฉะเชิงเทรา", "zone_number": 1, "PartyTerminated": false, "Age": 51, "Occupation": "ทนายความ", "HighestEducation": "ปริญญาตรี", "ImageFileId": "5c5815f8fbcb5f1eec106025", "SelfIntroduceFileId": "5c58179bfbcb5f1eec106db5", "PartyLogo": "https://storage.googleapis.com/candidate-thumbs/party/124.png", "CandididatePhoto": "https://storage.googleapis.com/candidate-thumbs/images/24-1-8.jpg"}, {"Unnamed: 0": 2793, "CandidateId": "df9e95ac-8783-41d3-9f5b-b58912c3e002", "CandidateNo": 9, "FirstName": "บุญเลิศ", "LastName": "ไพรินทร์", "PartyName": "พลังประชารัฐ", "PartyNumber": 192, "Title": "นาย", "Votable": true, "province_id": 24, "province_name": "ฉะเชิงเทรา", "zone_number": 1, "PartyTerminated": false, "Age": 78, "Occupation": "อาจารย์มหาวิทยาลัยกรุงเทพ ธนบุรี", "HighestEducation": "ปริญญาเอก", "ImageFileId": "5c5817eafbcb5f1eec10707b", "SelfIntroduceFileId": "5c5819fdfbcb5f1eec107c4d", "PartyLogo": "https://storage.googleapis.com/candidate-thumbs/party/192.png", "CandididatePhoto": "https://storage.googleapis.com/candidate-thumbs/images/24-1-9.jpg"}, {"Unnamed: 0": 2794, "CandidateId": "1b1f7626-e6d6-453b-88c8-04909d85f46b", "CandidateNo": 10, "FirstName": "กิตติชัย", "LastName": "เรืองสวัสดิ์", "PartyName": "อนาคตใหม่", "PartyNumber": 177, "Title": "นาย", "Votable": true, "province_id": 24, "province_name": "ฉะเชิงเทรา", "zone_number": 1, "PartyTerminated": false, "Age": 31, "Occupation": "ธุรกิจส่วนตัว", "HighestEducation": "ต่ำกว่าปริญญาตรี", "ImageFileId": "5c581a3cfbcb5f1eec107d56", "SelfIntroduceFileId": "5c581c70fbcb5f1eec108750", "PartyLogo": "https://storage.googleapis.com/candidate-thumbs/party/177.png", "CandididatePhoto": "https://storage.googleapis.com/candidate-thumbs/images/24-1-10.jpg"}, {"Unnamed: 0": 2795, "CandidateId": "011ea3a5-7d1a-460c-9d40-7c7f50b144d7", "CandidateNo": 11, "FirstName": "วินัย", "LastName": "ส้มทับทัย", "PartyName": "ประชาชนปฏิรูป", "PartyNumber": 176, "Title": "นาย", "Votable": true, "province_id": 24, "province_name": "ฉะเชิงเทรา", "zone_number": 1, "PartyTerminated": false, "Age": 53, "Occupation": "ช่างไฟฟ้า", "HighestEducation": "ต่ำกว่าปริญญาตรี", "ImageFileId": "5c581cccfbcb5f1eec1089ce", "SelfIntroduceFileId": "5c581f4dfbcb5f1eec1095f0", "PartyLogo": "https://storage.googleapis.com/candidate-thumbs/party/176.png", "CandididatePhoto": "https://storage.googleapis.com/candidate-thumbs/images/24-1-11.jpg"}, {"Unnamed: 0": 2796, "CandidateId": "cdfca9c8-ace3-4f96-ada2-5da997fd6599", "CandidateNo": 12, "FirstName": "อนันต์", "LastName": "บุญสวน", "PartyName": "ประชาธิปไตยใหม่", "PartyNumber": 109, "Title": "นาย", "Votable": true, "province_id": 24, "province_name": "ฉะเชิงเทรา", "zone_number": 1, "PartyTerminated": false, "Age": 54, "Occupation": "เกษตรกร", "HighestEducation": "ต่ำกว่าปริญญาตรี", "ImageFileId": "5c581fccfbcb5f1eec109887", "SelfIntroduceFileId": "5c5821fdfbcb5f1eec10a31c", "PartyLogo": "https://storage.googleapis.com/candidate-thumbs/party/109.png", "CandididatePhoto": "https://storage.googleapis.com/candidate-thumbs/images/24-1-12.jpg"}, {"Unnamed: 0": 2797, "CandidateId": "877951c8-ea33-46f4-83cc-82ad52840af7", "CandidateNo": 13, "FirstName": "นุสินธุ์", "LastName": "รุ่งเดช", "PartyName": "ประชานิยม", "PartyNumber": 191, "Title": "นาย", "Votable": true, "province_id": 24, "province_name": "ฉะเชิงเทรา", "zone_number": 1, "PartyTerminated": false, "Age": 59, "Occupation": "รับราชการ", "HighestEducation": "ปริญญาเอก", "ImageFileId": "5c592ca4fbcb5f1d8815cd4d", "SelfIntroduceFileId": "5c592d7ffbcb5f1d8815db5f", "PartyLogo": "https://storage.googleapis.com/candidate-thumbs/party/191.png", "CandididatePhoto": "https://storage.googleapis.com/candidate-thumbs/images/24-1-13.jpg"}, {"Unnamed: 0": 2798, "CandidateId": "36f03e27-8ad5-479c-a86e-d37c88830650", "CandidateNo": 14, "FirstName": "ลาเร่", "LastName": "อยู่เป็นสุข", "PartyName": "สังคมประชาธิปไตยไทย", "PartyNumber": 76, "Title": "นาย", "Votable": true, "province_id": 24, "province_name": "ฉะเชิงเทรา", "zone_number": 1, "PartyTerminated": false, "Age": 49, "Occupation": "พนักงานบริษัทเอกชน", "HighestEducation": "ปริญญาตรี", "ImageFileId": "5c5a5ac8fbcb5f19bca97fd9", "SelfIntroduceFileId": "5c5a5c5dfbcb5f19bca98c9f", "PartyLogo": "https://storage.googleapis.com/candidate-thumbs/party/76.png", "CandididatePhoto": "https://storage.googleapis.com/candidate-thumbs/images/24-1-14.jpg"}, {"Unnamed: 0": 2799, "CandidateId": "3e82471c-b66b-41a4-9812-ae22f2a8cea5", "CandidateNo": 15, "FirstName": "ธวัช", "LastName": "อู่วิเชียร", "PartyName": "รวมพลังประชาชาติไทย", "PartyNumber": 181, "Title": "นาย", "Votable": true, "province_id": 24, "province_name": "ฉะเชิงเทรา", "zone_number": 1, "PartyTerminated": false, "Age": 75, "Occupation": "รับราชการ", "HighestEducation": "ปริญญาโท", "ImageFileId": "5c5a7f13fbcb5f19bcaa5d96", "SelfIntroduceFileId": "5c5a803dfbcb5f19bcaa6664", "PartyLogo": "https://storage.googleapis.com/candidate-thumbs/party/181.png", "CandididatePhoto": "https://storage.googleapis.com/candidate-thumbs/images/24-1-15.jpg"}, {"Unnamed: 0": 2800, "CandidateId": "10664947-9fa2-413a-a728-7e06999417b0", "CandidateNo": 16, "FirstName": "จรัญ", "LastName": "สมนาค", "PartyName": "เครือข่ายชาวนาแห่งประเทศไทย", "PartyNumber": 22, "Title": "นาย", "Votable": true, "province_id": 24, "province_name": "ฉะเชิงเทรา", "zone_number": 1, "PartyTerminated": false, "Age": 53, "Occupation": "เกษตรกร", "HighestEducation": "ต่ำกว่าปริญญาตรี", "ImageFileId": "5c5bae97fbcb5f16fc65eab8", "SelfIntroduceFileId": "5c5bd12cfbcb5f16fc66c44f", "PartyLogo": "https://storage.googleapis.com/candidate-thumbs/party/22.png", "CandididatePhoto": "https://storage.googleapis.com/candidate-thumbs/images/24-1-16.jpg"}, {"Unnamed: 0": 2801, "CandidateId": "1c9acfa0-8e87-4f55-b7ed-a1f99081d85e", "CandidateNo": 17, "FirstName": "สิทธิชัย", "LastName": "เอื้อเฟื้อ", "PartyName": "มหาชน", "PartyNumber": 4, "Title": "นาย", "Votable": true, "province_id": 24, "province_name": "ฉะเชิงเทรา", "zone_number": 1, "PartyTerminated": false, "Age": 47, "Occupation": "รับจ้าง", "HighestEducation": "ต่ำกว่าปริญญาตรี", "ImageFileId": "5c5bc0b7fbcb5f16fc6667ce", "SelfIntroduceFileId": "5c5bc1a5fbcb5f16fc666b17", "PartyLogo": "https://storage.googleapis.com/candidate-thumbs/party/4.png", "CandididatePhoto": "https://storage.googleapis.com/candidate-thumbs/images/24-1-17.jpg"}, {"Unnamed: 0": 2802, "CandidateId": "635cb88f-c8ac-49a4-a2ab-e6b48e772025", "CandidateNo": 18, "FirstName": "สุเมธ", "LastName": "ตนะวรรณสมบัติ", "PartyName": "พลังชาติไทย", "PartyNumber": 186, "Title": "นาย", "Votable": true, "province_id": 24, "province_name": "ฉะเชิงเทรา", "zone_number": 1, "PartyTerminated": false, "Age": 66, "Occupation": "พ่อบ้าน", "HighestEducation": "ต่ำกว่าปริญญาตรี", "ImageFileId": "5c5d12f2fbcb5f0fd884fa0c", "SelfIntroduceFileId": "5c5d1400fbcb5f0fd884fde3", "PartyLogo": "https://storage.googleapis.com/candidate-thumbs/party/186.png", "CandididatePhoto": "https://storage.googleapis.com/candidate-thumbs/images/24-1-18.jpg"}, {"Unnamed: 0": 2803, "CandidateId": "7ee1e8f5-ed06-45b0-a486-2c10723f372c", "CandidateNo": 19, "FirstName": "พรพรรณ", "LastName": "วงษ์นิ่ม", "PartyName": "เศรษฐกิจใหม่", "PartyNumber": 193, "Title": "นางสาว", "Votable": true, "province_id": 24, "province_name": "ฉะเชิงเทรา", "zone_number": 1, "PartyTerminated": false, "Age": 27, "Occupation": "ธุรกิจส่วนตัว", "HighestEducation": "ปริญญาตรี", "ImageFileId": "5c5d142afbcb5f0fd884fed9", "SelfIntroduceFileId": "5c5d152cfbcb5f0fd88501c5", "PartyLogo": "https://storage.googleapis.com/candidate-thumbs/party/193.png", "CandididatePhoto": "https://storage.googleapis.com/candidate-thumbs/images/24-1-19.jpg"}, {"Unnamed: 0": 2804, "CandidateId": "92bdb88e-52a6-4033-a28a-a54f3ca559cc", "CandidateNo": 20, "FirstName": "อ้อย", "LastName": "มูและ", "PartyName": "แทนคุณแผ่นดิน", "PartyNumber": 53, "Title": "นาง", "Votable": true, "province_id": 24, "province_name": "ฉะเชิงเทรา", "zone_number": 1, "PartyTerminated": false, "Age": 42, "Occupation": "ค้าขาย", "HighestEducation": "ต่ำกว่าปริญญาตรี", "ImageFileId": "5c5d4523fbcb5f0fd88684b9", "SelfIntroduceFileId": "5c5d4696fbcb5f0fd88692b1", "PartyLogo": "https://storage.googleapis.com/candidate-thumbs/party/53.png", "CandididatePhoto": "https://storage.googleapis.com/candidate-thumbs/images/24-1-20.jpg"}, {"Unnamed: 0": 2805, "CandidateId": "75883d07-46e3-4779-8c61-a9aa1cf8e847", "CandidateNo": 21, "FirstName": "นิทัศน์", "LastName": "ศรีอุราม", "PartyName": "ไทรักธรรม", "PartyNumber": 144, "Title": "นาย", "Votable": true, "province_id": 24, "province_name": "ฉะเชิงเทรา", "zone_number": 1, "PartyTerminated": false, "Age": 26, "Occupation": "กิจการส่วนตัว", "HighestEducation": "ปริญญาตรี", "ImageFileId": "5c5d4ed0fbcb5f0fd886ef22", "SelfIntroduceFileId": "5c5d4f97fbcb5f0fd886f68e", "PartyLogo": "https://storage.googleapis.com/candidate-thumbs/party/144.png", "CandididatePhoto": "https://storage.googleapis.com/candidate-thumbs/images/24-1-21.jpg"}]