[{"Unnamed: 0": 2834, "CandidateId": "83b4d87f-f222-4600-bebe-2727d0bfc5aa", "CandidateNo": 1, "FirstName": "พิเชษฐ", "LastName": "สุขทรัพย์อนันต์", "PartyName": "รักษ์ผืนป่าประเทศไทย", "PartyNumber": 133, "Title": "นาย", "Votable": true, "province_id": 24, "province_name": "ฉะเชิงเทรา", "zone_number": 3, "PartyTerminated": false, "Age": 55, "Occupation": "ลูกจ้างกรมชลประทาน", "HighestEducation": "ปริญญาตรี", "ImageFileId": "5c580975fbcb5f1eec0fdf02", "SelfIntroduceFileId": "5c591870fbcb5f1d8814f9c8", "PartyLogo": "https://storage.googleapis.com/candidate-thumbs/party/133.png", "CandididatePhoto": "https://storage.googleapis.com/candidate-thumbs/images/24-3-1.jpg"}, {"Unnamed: 0": 2835, "CandidateId": "07ed81dc-6c51-4387-9823-e1d8d4093e2e", "CandidateNo": 2, "FirstName": "ณพงศธร", "LastName": "แก้วคำ", "PartyName": "เสรีรวมไทย", "PartyNumber": 145, "Title": "นาย", "Votable": true, "province_id": 24, "province_name": "ฉะเชิงเทรา", "zone_number": 3, "PartyTerminated": false, "Age": 58, "Occupation": "ส.อบต.คู้ยายหมี", "HighestEducation": "ปริญญาตรี", "ImageFileId": "5c580db1fbcb5f1eec101230", "SelfIntroduceFileId": "5c58f932fbcb5f1d88137cbf", "PartyLogo": "https://storage.googleapis.com/candidate-thumbs/party/145.png", "CandididatePhoto": "https://storage.googleapis.com/candidate-thumbs/images/24-3-2.jpg"}, {"Unnamed: 0": 2836, "CandidateId": "bf66897f-0bb5-4ea2-ae33-fe9f37bb02f3", "CandidateNo": 3, "FirstName": "สุนทร", "LastName": "โยสิงห์ธนังกูล", "PartyName": "อนาคตใหม่", "PartyNumber": 177, "Title": "นาย", "Votable": true, "province_id": 24, "province_name": "ฉะเชิงเทรา", "zone_number": 3, "PartyTerminated": false, "Age": 49, "Occupation": "พนักงานบริษัทเอกชน", "HighestEducation": "ปริญญาตรี", "ImageFileId": "5c580e0efbcb5f1eec101593", "SelfIntroduceFileId": "5c58fff1fbcb5f1d8813bfe9", "PartyLogo": "https://storage.googleapis.com/candidate-thumbs/party/177.png", "CandididatePhoto": "https://storage.googleapis.com/candidate-thumbs/images/24-3-3.jpg"}, {"Unnamed: 0": 2837, "CandidateId": "cabbf034-5b6a-4bfc-b427-6424d6e5f7c1", "CandidateNo": 4, "FirstName": "ประโยชน์", "LastName": "อินทสุวรรณ์", "PartyName": "ประชาภิวัฒน์", "PartyNumber": 172, "Title": "นาย", "Votable": true, "province_id": 24, "province_name": "ฉะเชิงเทรา", "zone_number": 3, "PartyTerminated": false, "Age": 62, "Occupation": "ผู้ใหญ่บ้าน", "HighestEducation": "ต่ำกว่าปริญญาตรี", "ImageFileId": "5c580e6efbcb5f1eec101acc", "SelfIntroduceFileId": "5c58eecbfbcb5f1d88131386", "PartyLogo": "https://storage.googleapis.com/candidate-thumbs/party/172.png", "CandididatePhoto": "https://storage.googleapis.com/candidate-thumbs/images/24-3-4.jpg"}, {"Unnamed: 0": 2838, "CandidateId": "5f1170d3-c1b7-44e6-8db3-5d1a98cab3ef", "CandidateNo": 5, "FirstName": "สุชาติ", "LastName": "ตันเจริญ", "PartyName": "พลังประชารัฐ", "PartyNumber": 192, "Title": "นาย", "Votable": true, "province_id": 24, "province_name": "ฉะเชิงเทรา", "zone_number": 3, "PartyTerminated": false, "Age": 61, "Occupation": "ข้าราชการการเมือง", "HighestEducation": "ต่ำกว่าปริญญาตรี", "ImageFileId": "5c582f4dfbcb5f1eec10c870", "SelfIntroduceFileId": "5c590551fbcb5f1d8814028a", "PartyLogo": "https://storage.googleapis.com/candidate-thumbs/party/192.png", "CandididatePhoto": "https://storage.googleapis.com/candidate-thumbs/images/24-3-5.jpg"}, {"Unnamed: 0": 2839, "CandidateId": "f375a1ca-3760-426d-b315-e91e860ae27d", "CandidateNo": 6, "FirstName": "สายัณห์", "LastName": "นิราช", "PartyName": "เพื่อไทย", "PartyNumber": 34, "Title": "นาย", "Votable": true, "province_id": 24, "province_name": "ฉะเชิงเทรา", "zone_number": 3, "PartyTerminated": false, "Age": 51, "Occupation": "นักการเมือง", "HighestEducation": "ปริญญาตรี", "ImageFileId": "5c582fb1fbcb5f1eec10c93b", "SelfIntroduceFileId": "5c58f182fbcb5f1d88132d04", "PartyLogo": "https://storage.googleapis.com/candidate-thumbs/party/34.png", "CandididatePhoto": "https://storage.googleapis.com/candidate-thumbs/images/24-3-6.jpg"}, {"Unnamed: 0": 2840, "CandidateId": "e56918a4-ea8c-4457-8847-2f89d134b3bc", "CandidateNo": 7, "FirstName": "ภิญโญ", "LastName": "เนียมสงค์", "PartyName": "ทางเลือกใหม่", "PartyNumber": 170, "Title": "นาย", "Votable": true, "province_id": 24, "province_name": "ฉะเชิงเทรา", "zone_number": 3, "PartyTerminated": false, "Age": 57, "Occupation": "รับจ้างทั่วไป", "HighestEducation": "ต่ำกว่าปริญญาตรี", "ImageFileId": "5c582fe5fbcb5f1eec10c97a", "SelfIntroduceFileId": "5c5917a6fbcb5f1d8814f3c0", "PartyLogo": "https://storage.googleapis.com/candidate-thumbs/party/170.png", "CandididatePhoto": "https://storage.googleapis.com/candidate-thumbs/images/24-3-7.jpg"}, {"Unnamed: 0": 2841, "CandidateId": "301f35ff-2266-4124-98fe-65805e603747", "CandidateNo": 8, "FirstName": "อดุลย์", "LastName": "แสงจันทร์", "PartyName": "ไทยรักษาชาติ", "PartyNumber": 77, "Title": "นาย", "Votable": true, "province_id": 24, "province_name": "ฉะเชิงเทรา", "zone_number": 3, "PartyTerminated": true, "Age": 51, "Occupation": "ธุรกิจส่วนตัว", "HighestEducation": "ต่ำกว่าปริญญาตรี", "ImageFileId": "5c583016fbcb5f1eec10c9ae", "SelfIntroduceFileId": "5c58f43afbcb5f1d8813468b", "PartyLogo": "https://storage.googleapis.com/candidate-thumbs/party/77.png", "CandididatePhoto": "https://storage.googleapis.com/candidate-thumbs/images/24-3-8.jpg"}, {"Unnamed: 0": 2842, "CandidateId": "bcf383a2-01e2-42a1-ae36-a40fab8defd9", "CandidateNo": 9, "FirstName": "ฐิติภูมิ", "LastName": "นันทา", "PartyName": "พลังท้องถิ่นไท", "PartyNumber": 124, "Title": "นาย", "Votable": true, "province_id": 24, "province_name": "ฉะเชิงเทรา", "zone_number": 3, "PartyTerminated": false, "Age": 58, "Occupation": "ทนายความ", "HighestEducation": "ต่ำกว่าปริญญาตรี", "ImageFileId": "5c58309dfbcb5f1eec10cb64", "SelfIntroduceFileId": "5c58f54bfbcb5f1d881350c8", "PartyLogo": "https://storage.googleapis.com/candidate-thumbs/party/124.png", "CandididatePhoto": "https://storage.googleapis.com/candidate-thumbs/images/24-3-9.jpg"}, {"Unnamed: 0": 2843, "CandidateId": "82cbd1d1-4331-4943-85f3-c26b27c529b7", "CandidateNo": 10, "FirstName": "ฉัตรชัย", "LastName": "เข็มทอง", "PartyName": "ประชาธิปัตย์", "PartyNumber": 1, "Title": "นาย", "Votable": true, "province_id": 24, "province_name": "ฉะเชิงเทรา", "zone_number": 3, "PartyTerminated": false, "Age": 51, "Occupation": "ค้าขาย", "HighestEducation": "ต่ำกว่าปริญญาตรี", "ImageFileId": "5c5831defbcb5f1eec10cda4", "SelfIntroduceFileId": "5c58f60bfbcb5f1d881357f7", "PartyLogo": "https://storage.googleapis.com/candidate-thumbs/party/1.png", "CandididatePhoto": "https://storage.googleapis.com/candidate-thumbs/images/24-3-10.jpg"}, {"Unnamed: 0": 2844, "CandidateId": "6e45bafb-67c6-48ef-a226-60acf679751f", "CandidateNo": 11, "FirstName": "ศักศรี", "LastName": "รดพิรุณ", "PartyName": "ประชาชนปฏิรูป", "PartyNumber": 176, "Title": "นางสาว", "Votable": true, "province_id": 24, "province_name": "ฉะเชิงเทรา", "zone_number": 3, "PartyTerminated": false, "Age": 54, "Occupation": "เกษตรกร", "HighestEducation": "ต่ำกว่าปริญญาตรี", "ImageFileId": "5c583115fbcb5f1eec10cc97", "SelfIntroduceFileId": "5c58f6fafbcb5f1d881364b8", "PartyLogo": "https://storage.googleapis.com/candidate-thumbs/party/176.png", "CandididatePhoto": "https://storage.googleapis.com/candidate-thumbs/images/24-3-11.jpg"}, {"Unnamed: 0": 2845, "CandidateId": "130e07e8-57b2-41a8-99f2-746dd2981dba", "CandidateNo": 12, "FirstName": "รส", "LastName": "มะลิผล", "PartyName": "ภูมิใจไทย", "PartyNumber": 63, "Title": "นาย", "Votable": true, "province_id": 24, "province_name": "ฉะเชิงเทรา", "zone_number": 3, "PartyTerminated": false, "Age": 68, "Occupation": "สมาชิกสภาผู้แทนราษฎร", "HighestEducation": "ปริญญาโท", "ImageFileId": "5c583148fbcb5f1eec10cd08", "SelfIntroduceFileId": "5c58f77afbcb5f1d881369be", "PartyLogo": "https://storage.googleapis.com/candidate-thumbs/party/63.png", "CandididatePhoto": "https://storage.googleapis.com/candidate-thumbs/images/24-3-12.jpg"}, {"Unnamed: 0": 2846, "CandidateId": "c8702e32-d898-4df8-9e90-990f463ac806", "CandidateNo": 13, "FirstName": "อนุรักษ์", "LastName": "บัวแก้ว", "PartyName": "ประชาธิปไตยใหม่", "PartyNumber": 109, "Title": "นาย", "Votable": true, "province_id": 24, "province_name": "ฉะเชิงเทรา", "zone_number": 3, "PartyTerminated": false, "Age": 53, "Occupation": "นายกองค์การบริหารส่วนตำบลทุ่งพระยา", "HighestEducation": "ต่ำกว่าปริญญาตรี", "ImageFileId": "5c58317efbcb5f1eec10cd5d", "SelfIntroduceFileId": "5c58f7dafbcb5f1d88136d11", "PartyLogo": "https://storage.googleapis.com/candidate-thumbs/party/109.png", "CandididatePhoto": "https://storage.googleapis.com/candidate-thumbs/images/24-3-13.jpg"}, {"Unnamed: 0": 2847, "CandidateId": "32649bdc-0432-451d-9ea4-5d20de7c1acb", "CandidateNo": 14, "FirstName": "ประเนตต์", "LastName": "หงษา", "PartyName": "พลังปวงชนไทย", "PartyNumber": 184, "Title": "นาย", "Votable": true, "province_id": 24, "province_name": "ฉะเชิงเทรา", "zone_number": 3, "PartyTerminated": false, "Age": 56, "Occupation": "นักการเมืองท้องถิ่น", "HighestEducation": "ปริญญาตรี", "ImageFileId": "5c592557fbcb5f1d881566f9", "SelfIntroduceFileId": "5c5941e4fbcb5f1d8816f589", "PartyLogo": "https://storage.googleapis.com/candidate-thumbs/party/184.png", "CandididatePhoto": "https://storage.googleapis.com/candidate-thumbs/images/24-3-14.jpg"}, {"Unnamed: 0": 2848, "CandidateId": "c215e15a-f6f1-4267-b411-79e4a96b6aa5", "CandidateNo": 15, "FirstName": "ยิ่งยศ", "LastName": "สียางนอก", "PartyName": "พลังไทยรักชาติ", "PartyNumber": 155, "Title": "นาย", "Votable": true, "province_id": 24, "province_name": "ฉะเชิงเทรา", "zone_number": 3, "PartyTerminated": false, "Age": 36, "Occupation": "ผู้บริหารระดับกลางในกลุ่มบริษัทอีเทอร์นิตี้", "HighestEducation": "ปริญญาโท", "ImageFileId": "5c59264afbcb5f1d881575f5", "SelfIntroduceFileId": "5c594597fbcb5f1d88172429", "PartyLogo": "https://storage.googleapis.com/candidate-thumbs/party/155.png", "CandididatePhoto": "https://storage.googleapis.com/candidate-thumbs/images/24-3-15.jpg"}, {"Unnamed: 0": 2849, "CandidateId": "0770f4a9-0191-434e-9ebb-7093db246720", "CandidateNo": 16, "FirstName": "ศักดิ์ชัย", "LastName": "ณรงค์หนู", "PartyName": "รวมพลังประชาชาติไทย", "PartyNumber": 181, "Title": "นาย", "Votable": true, "province_id": 24, "province_name": "ฉะเชิงเทรา", "zone_number": 3, "PartyTerminated": false, "Age": 61, "Occupation": "รับราชการ", "HighestEducation": "ปริญญาโท", "ImageFileId": "5c5926b9fbcb5f1d88157b50", "SelfIntroduceFileId": "5c5946cafbcb5f1d881739ee", "PartyLogo": "https://storage.googleapis.com/candidate-thumbs/party/181.png", "CandididatePhoto": "https://storage.googleapis.com/candidate-thumbs/images/24-3-16.jpg"}, {"Unnamed: 0": 2850, "CandidateId": "631d1d8e-195f-4324-b87b-0ba8044024f5", "CandidateNo": 17, "FirstName": "สินีทัศน์", "LastName": "นันทวิสิทธิ์", "PartyName": "ประชานิยม", "PartyNumber": 191, "Title": "นางสาว", "Votable": true, "province_id": 24, "province_name": "ฉะเชิงเทรา", "zone_number": 3, "PartyTerminated": false, "Age": 49, "Occupation": "เกษตรกร", "HighestEducation": "ต่ำกว่าปริญญาตรี", "ImageFileId": "5c593e5efbcb5f1d8816c3e7", "SelfIntroduceFileId": "5c5948a1fbcb5f1d881752da", "PartyLogo": "https://storage.googleapis.com/candidate-thumbs/party/191.png", "CandididatePhoto": "https://storage.googleapis.com/candidate-thumbs/images/24-3-17.jpg"}, {"Unnamed: 0": 2851, "CandidateId": "cc868abe-a348-475b-ab72-95727397b91a", "CandidateNo": 18, "FirstName": "สมหมาย", "LastName": "มาลีเลิศ", "PartyName": "กรีน", "PartyNumber": 206, "Title": "นาย", "Votable": true, "province_id": 24, "province_name": "ฉะเชิงเทรา", "zone_number": 3, "PartyTerminated": false, "Age": 51, "Occupation": "รับจ้างทั่วไป", "HighestEducation": "ต่ำกว่าปริญญาตรี", "ImageFileId": "5c594bfbfbcb5f1d88177ee1", "SelfIntroduceFileId": "5c595245fbcb5f1d8817cde5", "PartyLogo": "https://storage.googleapis.com/candidate-thumbs/party/206.png", "CandididatePhoto": "https://storage.googleapis.com/candidate-thumbs/images/24-3-18.jpg"}, {"Unnamed: 0": 2852, "CandidateId": "0c751429-2145-4415-8fcd-b84d5cc7f851", "CandidateNo": 19, "FirstName": "สุเทพ", "LastName": "งามสง่า", "PartyName": "สังคมประชาธิปไตยไทย", "PartyNumber": 76, "Title": "นาย", "Votable": true, "province_id": 24, "province_name": "ฉะเชิงเทรา", "zone_number": 3, "PartyTerminated": false, "Age": 44, "Occupation": "พนักงานบริษัทเอกชน", "HighestEducation": "ต่ำกว่าปริญญาตรี", "ImageFileId": "5c5a9412fbcb5f19bcaafcda", "SelfIntroduceFileId": "5c5a9707fbcb5f19bcab0b8e", "PartyLogo": "https://storage.googleapis.com/candidate-thumbs/party/76.png", "CandididatePhoto": "https://storage.googleapis.com/candidate-thumbs/images/24-3-19.jpg"}, {"Unnamed: 0": 2853, "CandidateId": "a98b97b9-706e-44e1-8872-b0da7ba9f625", "CandidateNo": 20, "FirstName": "มยุรฉัตร", "LastName": "อักษรดี", "PartyName": "พลังชาติไทย", "PartyNumber": 186, "Title": "นางสาว", "Votable": true, "province_id": 24, "province_name": "ฉะเชิงเทรา", "zone_number": 3, "PartyTerminated": false, "Age": 62, "Occupation": "แม่บ้าน", "HighestEducation": "ปริญญาตรี", "ImageFileId": "5c5bedf3fbcb5f16fc67b4e0", "SelfIntroduceFileId": "5c5bf042fbcb5f16fc67c865", "PartyLogo": "https://storage.googleapis.com/candidate-thumbs/party/186.png", "CandididatePhoto": "https://storage.googleapis.com/candidate-thumbs/images/24-3-20.jpg"}, {"Unnamed: 0": 2854, "CandidateId": "931787b0-3fdf-452b-93de-7b8f3874b4b9", "CandidateNo": 21, "FirstName": "ทองหล่อ", "LastName": "เทียนวงค์", "PartyName": "เครือข่ายชาวนาแห่งประเทศไทย", "PartyNumber": 22, "Title": "นาย", "Votable": true, "province_id": 24, "province_name": "ฉะเชิงเทรา", "zone_number": 3, "PartyTerminated": false, "Age": 75, "Occupation": "เกษตรกร", "HighestEducation": "ต่ำกว่าปริญญาตรี", "ImageFileId": "5c5bf08dfbcb5f16fc67ca52", "SelfIntroduceFileId": "5c5bf288fbcb5f16fc67dc4f", "PartyLogo": "https://storage.googleapis.com/candidate-thumbs/party/22.png", "CandididatePhoto": "https://storage.googleapis.com/candidate-thumbs/images/24-3-21.jpg"}, {"Unnamed: 0": 2855, "CandidateId": "243e4976-ce0a-42fb-9b60-235a668cfe9e", "CandidateNo": 22, "FirstName": "ธนกฤต", "LastName": "ทองดี", "PartyName": "พลเมืองไทย", "PartyNumber": 173, "Title": "นาย", "Votable": true, "province_id": 24, "province_name": "ฉะเชิงเทรา", "zone_number": 3, "PartyTerminated": false, "Age": 45, "Occupation": "เจ้าหน้าที่ของรัฐ กรมการปกครอง", "HighestEducation": "ต่ำกว่าปริญญาตรี", "ImageFileId": "5c5bf2dbfbcb5f16fc67deee", "SelfIntroduceFileId": "5c5bf48cfbcb5f16fc67ec61", "PartyLogo": "https://storage.googleapis.com/candidate-thumbs/party/173.png", "CandididatePhoto": "https://storage.googleapis.com/candidate-thumbs/images/24-3-22.jpg"}, {"Unnamed: 0": 2856, "CandidateId": "c4f25f2b-0e39-4453-8f06-5de50df88247", "CandidateNo": 23, "FirstName": "ทน", "LastName": "เจือจันทร์", "PartyName": "มหาชน", "PartyNumber": 4, "Title": "นาย", "Votable": true, "province_id": 24, "province_name": "ฉะเชิงเทรา", "zone_number": 3, "PartyTerminated": false, "Age": 45, "Occupation": "รับจ้าง", "HighestEducation": "ต่ำกว่าปริญญาตรี", "ImageFileId": "5c64f4d7fbcb5f1b4c4c959a", "SelfIntroduceFileId": "5c5bf645fbcb5f16fc67f8ae", "PartyLogo": "https://storage.googleapis.com/candidate-thumbs/party/4.png", "CandididatePhoto": "https://storage.googleapis.com/candidate-thumbs/images/24-3-23.jpg"}, {"Unnamed: 0": 2857, "CandidateId": "c7ab226b-c28c-4ffd-8816-06fc1ca89fc1", "CandidateNo": 24, "FirstName": "เอนก", "LastName": "แสงอภัย", "PartyName": "เพื่อชาติ", "PartyNumber": 149, "Title": "นาย", "Votable": true, "province_id": 24, "province_name": "ฉะเชิงเทรา", "zone_number": 3, "PartyTerminated": false, "Age": 41, "Occupation": "เกษตรกร", "HighestEducation": "ต่ำกว่าปริญญาตรี", "ImageFileId": "5c5d39fdfbcb5f0fd886110d", "SelfIntroduceFileId": "5c5d3af4fbcb5f0fd8861948", "PartyLogo": "https://storage.googleapis.com/candidate-thumbs/party/149.png", "CandididatePhoto": "https://storage.googleapis.com/candidate-thumbs/images/24-3-24.jpg"}, {"Unnamed: 0": 2858, "CandidateId": "b9004e86-5fb2-4cd7-aefa-c847a7902dee", "CandidateNo": 25, "FirstName": "กัลยา", "LastName": "สำอาง", "PartyName": "เศรษฐกิจใหม่", "PartyNumber": 193, "Title": "นาง", "Votable": true, "province_id": 24, "province_name": "ฉะเชิงเทรา", "zone_number": 3, "PartyTerminated": false, "Age": 57, "Occupation": "ธุรกิจส่วนตัว", "HighestEducation": "ปริญญาตรี", "ImageFileId": "5c5d3b24fbcb5f0fd8861b6f", "SelfIntroduceFileId": "5c5d3ce8fbcb5f0fd8862caf", "PartyLogo": "https://storage.googleapis.com/candidate-thumbs/party/193.png", "CandididatePhoto": "https://storage.googleapis.com/candidate-thumbs/images/24-3-25.jpg"}, {"Unnamed: 0": 2859, "CandidateId": "d15f505f-657a-41ce-a4e5-a40731e7c2a4", "CandidateNo": 26, "FirstName": "สุภาพร", "LastName": "กั้วพิทักษ์", "PartyName": "แทนคุณแผ่นดิน", "PartyNumber": 53, "Title": "นางสาว", "Votable": true, "province_id": 24, "province_name": "ฉะเชิงเทรา", "zone_number": 3, "PartyTerminated": false, "Age": 40, "Occupation": "ค้าขาย", "HighestEducation": "ปริญญาตรี", "ImageFileId": "5c5d4b07fbcb5f0fd886c6f4", "SelfIntroduceFileId": "5c5d4c29fbcb5f0fd886d506", "PartyLogo": "https://storage.googleapis.com/candidate-thumbs/party/53.png", "CandididatePhoto": "https://storage.googleapis.com/candidate-thumbs/images/24-3-26.jpg"}, {"Unnamed: 0": 2860, "CandidateId": "e3c1a26a-b9ec-455c-bec6-a3a1608aa742", "CandidateNo": 27, "FirstName": "นิภาพร", "LastName": "พรมศรี", "PartyName": "ไทรักธรรม", "PartyNumber": 144, "Title": "นางสาว", "Votable": true, "province_id": 24, "province_name": "ฉะเชิงเทรา", "zone_number": 3, "PartyTerminated": false, "Age": 35, "Occupation": "เกษตรกร", "HighestEducation": "ต่ำกว่าปริญญาตรี", "ImageFileId": "5c5d53c7fbcb5f0fd88726e0", "SelfIntroduceFileId": "5c5d54bdfbcb5f0fd88731e2", "PartyLogo": "https://storage.googleapis.com/candidate-thumbs/party/144.png", "CandididatePhoto": "https://storage.googleapis.com/candidate-thumbs/images/24-3-27.jpg"}]