[{"Unnamed: 0": 2806, "CandidateId": "11846bcd-15f4-45a0-b7c0-d4e5af0386e5", "CandidateNo": 1, "FirstName": "อมรชัย", "LastName": "ปิ่นเจริญ", "PartyName": "ประชาธิปัตย์", "PartyNumber": 1, "Title": "นาย", "Votable": true, "province_id": 24, "province_name": "ฉะเชิงเทรา", "zone_number": 2, "PartyTerminated": false, "Age": 40, "Occupation": "เกษตรกร", "HighestEducation": "ปริญญาโท", "ImageFileId": "5c580c74fbcb5f1eec10035e", "SelfIntroduceFileId": "5c5830b3fbcb5f1eec10cb9b", "PartyLogo": "https://storage.googleapis.com/candidate-thumbs/party/1.png", "CandididatePhoto": "https://storage.googleapis.com/candidate-thumbs/images/24-2-1.jpg"}, {"Unnamed: 0": 2807, "CandidateId": "21ef83ce-3548-441e-976d-116bdc87e83a", "CandidateNo": 2, "FirstName": "ทำนอง", "LastName": "เข็มมลทา", "PartyName": "ประชาภิวัฒน์", "PartyNumber": 172, "Title": "นาย", "Votable": true, "province_id": 24, "province_name": "ฉะเชิงเทรา", "zone_number": 2, "PartyTerminated": false, "Age": 62, "Occupation": "ขายของชำ", "HighestEducation": "ต่ำกว่าปริญญาตรี", "ImageFileId": "5c5810b4fbcb5f1eec1034a8", "SelfIntroduceFileId": "5c58134bfbcb5f1eec104ab4", "PartyLogo": "https://storage.googleapis.com/candidate-thumbs/party/172.png", "CandididatePhoto": "https://storage.googleapis.com/candidate-thumbs/images/24-2-2.jpg"}, {"Unnamed: 0": 2808, "CandidateId": "60df59b3-fd54-44bc-9c69-909f2d8dea04", "CandidateNo": 3, "FirstName": "ศิริพงษ์", "LastName": "นวพาณิชย์", "PartyName": "อนาคตใหม่", "PartyNumber": 177, "Title": "นาย", "Votable": true, "province_id": 24, "province_name": "ฉะเชิงเทรา", "zone_number": 2, "PartyTerminated": false, "Age": 38, "Occupation": "วิศวกร", "HighestEducation": "ปริญญาตรี", "ImageFileId": "5c5813a1fbcb5f1eec104e14", "SelfIntroduceFileId": "5c58157efbcb5f1eec105ca0", "PartyLogo": "https://storage.googleapis.com/candidate-thumbs/party/177.png", "CandididatePhoto": "https://storage.googleapis.com/candidate-thumbs/images/24-2-3.jpg"}, {"Unnamed: 0": 2809, "CandidateId": "d31e78b0-3d11-485f-a944-623eb704dffe", "CandidateNo": 4, "FirstName": "ชัยวัฒน์", "LastName": "เป้าเปี่ยมทรัพย์", "PartyName": "พลังประชารัฐ", "PartyNumber": 192, "Title": "นาย", "Votable": true, "province_id": 24, "province_name": "ฉะเชิงเทรา", "zone_number": 2, "PartyTerminated": false, "Age": 47, "Occupation": "ธุรกิจส่วนตัว", "HighestEducation": "ปริญญาตรี", "ImageFileId": "5c5815bdfbcb5f1eec105e37", "SelfIntroduceFileId": "5c581865fbcb5f1eec1073bc", "PartyLogo": "https://storage.googleapis.com/candidate-thumbs/party/192.png", "CandididatePhoto": "https://storage.googleapis.com/candidate-thumbs/images/24-2-4.jpg"}, {"Unnamed: 0": 2810, "CandidateId": "420653a1-b0ae-4613-a67d-b4c1564b5918", "CandidateNo": 5, "FirstName": "เปี่ยมโกมล", "LastName": "โสภณคุณพินิจ", "PartyName": "ไทยรักษาชาติ", "PartyNumber": 77, "Title": "นาย", "Votable": true, "province_id": 24, "province_name": "ฉะเชิงเทรา", "zone_number": 2, "PartyTerminated": true, "Age": 61, "Occupation": "ธุรกิจส่วนตัว", "HighestEducation": "ปริญญาโท", "ImageFileId": "5c5818affbcb5f1eec107605", "SelfIntroduceFileId": "5c581a45fbcb5f1eec107d91", "PartyLogo": "https://storage.googleapis.com/candidate-thumbs/party/77.png", "CandididatePhoto": "https://storage.googleapis.com/candidate-thumbs/images/24-2-5.jpg"}, {"Unnamed: 0": 2811, "CandidateId": "35e9153c-8a6a-491a-94fa-b0f34993088d", "CandidateNo": 6, "FirstName": "ธราพงษ์", "LastName": "จั่นแก้ว", "PartyName": "ภูมิใจไทย", "PartyNumber": 63, "Title": "นาย", "Votable": true, "province_id": 24, "province_name": "ฉะเชิงเทรา", "zone_number": 2, "PartyTerminated": false, "Age": 39, "Occupation": "ธุรกิจส่วนตัว", "HighestEducation": "ปริญญาตรี", "ImageFileId": "5c581a82fbcb5f1eec107fe6", "SelfIntroduceFileId": "5c581bfbfbcb5f1eec108567", "PartyLogo": "https://storage.googleapis.com/candidate-thumbs/party/63.png", "CandididatePhoto": "https://storage.googleapis.com/candidate-thumbs/images/24-2-6.jpg"}, {"Unnamed: 0": 2812, "CandidateId": "eff8d966-65d4-4f91-ab6e-cafbf3b4b6d6", "CandidateNo": 7, "FirstName": "ธาเอก", "LastName": "อัศววิภาส", "PartyName": "ชาติไทยพัฒนา", "PartyNumber": 55, "Title": "นาย", "Votable": true, "province_id": 24, "province_name": "ฉะเชิงเทรา", "zone_number": 2, "PartyTerminated": false, "Age": 40, "Occupation": "นักศึกษา", "HighestEducation": "ปริญญาโท", "ImageFileId": "5c581cc5fbcb5f1eec10896d", "SelfIntroduceFileId": "5c581e3bfbcb5f1eec109052", "PartyLogo": "https://storage.googleapis.com/candidate-thumbs/party/55.png", "CandididatePhoto": "https://storage.googleapis.com/candidate-thumbs/images/24-2-7.jpg"}, {"Unnamed: 0": 2813, "CandidateId": "91d0b3d3-97a6-40ca-bd61-63a05ffc1220", "CandidateNo": 8, "FirstName": "สุปรานี", "LastName": "ทั่วทิพย์", "PartyName": "เสรีรวมไทย", "PartyNumber": 145, "Title": "นางสาว", "Votable": true, "province_id": 24, "province_name": "ฉะเชิงเทรา", "zone_number": 2, "PartyTerminated": false, "Age": 63, "Occupation": "ธุรกิจส่วนตัว", "HighestEducation": "ปริญญาโท", "ImageFileId": "5c581e84fbcb5f1eec10915e", "SelfIntroduceFileId": "5c581ff1fbcb5f1eec109926", "PartyLogo": "https://storage.googleapis.com/candidate-thumbs/party/145.png", "CandididatePhoto": "https://storage.googleapis.com/candidate-thumbs/images/24-2-8.jpg"}, {"Unnamed: 0": 2814, "CandidateId": "c8ef5892-04b0-4e66-8fcf-088f78c90ad7", "CandidateNo": 9, "FirstName": "สุขสรรค์", "LastName": "พรหมสุวรรณ", "PartyName": "รักษ์ผืนป่าประเทศไทย", "PartyNumber": 133, "Title": "นาย", "Votable": true, "province_id": 24, "province_name": "ฉะเชิงเทรา", "zone_number": 2, "PartyTerminated": false, "Age": 60, "Occupation": "รับราชการ", "HighestEducation": "ต่ำกว่าปริญญาตรี", "ImageFileId": "5c582058fbcb5f1eec109b56", "SelfIntroduceFileId": "5c5821dafbcb5f1eec10a245", "PartyLogo": "https://storage.googleapis.com/candidate-thumbs/party/133.png", "CandididatePhoto": "https://storage.googleapis.com/candidate-thumbs/images/24-2-9.jpg"}, {"Unnamed: 0": 2815, "CandidateId": "661b48cf-3d0c-4c89-a4d7-ecf05068caa8", "CandidateNo": 10, "FirstName": "สมชัย", "LastName": "อัศวชัยโสภณ", "PartyName": "เพื่อไทย", "PartyNumber": 34, "Title": "นาย", "Votable": true, "province_id": 24, "province_name": "ฉะเชิงเทรา", "zone_number": 2, "PartyTerminated": false, "Age": 70, "Occupation": "ธุรกิจส่วนตัว", "HighestEducation": "ปริญญาโท", "ImageFileId": "5c582271fbcb5f1eec10a442", "SelfIntroduceFileId": "5c5823adfbcb5f1eec10a82b", "PartyLogo": "https://storage.googleapis.com/candidate-thumbs/party/34.png", "CandididatePhoto": "https://storage.googleapis.com/candidate-thumbs/images/24-2-10.jpg"}, {"Unnamed: 0": 2816, "CandidateId": "974e076d-1336-4ed4-a60e-1013133cc74d", "CandidateNo": 11, "FirstName": "อุหมัด", "LastName": "ปาทาน", "PartyName": "เพื่อนไทย", "PartyNumber": 179, "Title": "นาย", "Votable": false, "province_id": 24, "province_name": "ฉะเชิงเทรา", "zone_number": 2, "PartyTerminated": false, "Age": 47, "Occupation": "ค้าขาย", "HighestEducation": "ต่ำกว่าปริญญาตรี", "ImageFileId": "5c58243bfbcb5f1eec10aa85", "SelfIntroduceFileId": "5c5825cdfbcb5f1eec10b09c", "PartyLogo": "https://storage.googleapis.com/candidate-thumbs/party/179.png", "CandididatePhoto": "https://storage.googleapis.com/candidate-thumbs/images/24-2-11.jpg"}, {"Unnamed: 0": 2817, "CandidateId": "e44c1f09-4a4a-483c-b641-cd7031fae5e8", "CandidateNo": 12, "FirstName": "กันตภณ", "LastName": "อยู่เป็นสุข", "PartyName": "รวมพลังประชาชาติไทย", "PartyNumber": 181, "Title": "นาย", "Votable": true, "province_id": 24, "province_name": "ฉะเชิงเทรา", "zone_number": 2, "PartyTerminated": false, "Age": 54, "Occupation": "ํุธุรกิจส่วนตัว", "HighestEducation": "ปริญญาตรี", "ImageFileId": "5c5825f8fbcb5f1eec10b0d6", "SelfIntroduceFileId": NaN, "PartyLogo": "https://storage.googleapis.com/candidate-thumbs/party/181.png", "CandididatePhoto": "https://storage.googleapis.com/candidate-thumbs/images/24-2-12.jpg"}, {"Unnamed: 0": 2818, "CandidateId": "4234d6b1-4a31-4d2f-8536-d40a33967608", "CandidateNo": 13, "FirstName": "ชาติชาย", "LastName": "เกียรติแก้วคำ", "PartyName": "พลังประชาธิปไตย", "PartyNumber": 153, "Title": "ร.ต.", "Votable": true, "province_id": 24, "province_name": "ฉะเชิงเทรา", "zone_number": 2, "PartyTerminated": false, "Age": 57, "Occupation": "ข้าราชการบำนาญ", "HighestEducation": "ปริญญาตรี", "ImageFileId": "5c5828d3fbcb5f1eec10b98c", "SelfIntroduceFileId": "5c582a66fbcb5f1eec10be03", "PartyLogo": "https://storage.googleapis.com/candidate-thumbs/party/153.png", "CandididatePhoto": "https://storage.googleapis.com/candidate-thumbs/images/24-2-13.jpg"}, {"Unnamed: 0": 2819, "CandidateId": "d29008dc-7b33-4b72-8ef2-99b59593d793", "CandidateNo": 14, "FirstName": "สำราญ", "LastName": "นพศิริ", "PartyName": "ประชาชนปฏิรูป", "PartyNumber": 176, "Title": "นาย", "Votable": true, "province_id": 24, "province_name": "ฉะเชิงเทรา", "zone_number": 2, "PartyTerminated": false, "Age": 60, "Occupation": "รปภ.", "HighestEducation": "ต่ำกว่าปริญญาตรี", "ImageFileId": "5c582ab3fbcb5f1eec10bef6", "SelfIntroduceFileId": "5c582beefbcb5f1eec10c272", "PartyLogo": "https://storage.googleapis.com/candidate-thumbs/party/176.png", "CandididatePhoto": "https://storage.googleapis.com/candidate-thumbs/images/24-2-14.jpg"}, {"Unnamed: 0": 2820, "CandidateId": "d6c443bb-bffe-4a6a-a6a3-77ce2d2d0706", "CandidateNo": 15, "FirstName": "นิกร", "LastName": "แซ่โอ่ว", "PartyName": "ประชานิยม", "PartyNumber": 191, "Title": "นาย", "Votable": true, "province_id": 24, "province_name": "ฉะเชิงเทรา", "zone_number": 2, "PartyTerminated": false, "Age": 33, "Occupation": "พนักงานจ้างบริษัท", "HighestEducation": "ปริญญาตรี", "ImageFileId": "5c582c1efbcb5f1eec10c2ae", "SelfIntroduceFileId": "5c582ea3fbcb5f1eec10c7b4", "PartyLogo": "https://storage.googleapis.com/candidate-thumbs/party/191.png", "CandididatePhoto": "https://storage.googleapis.com/candidate-thumbs/images/24-2-15.jpg"}, {"Unnamed: 0": 2821, "CandidateId": "d1af7ef9-ff08-4ef0-8b8a-bd61f19ad420", "CandidateNo": 16, "FirstName": "เชาวลิต", "LastName": "คงแสงชัย", "PartyName": "พลเมืองไทย", "PartyNumber": 173, "Title": "นาย", "Votable": true, "province_id": 24, "province_name": "ฉะเชิงเทรา", "zone_number": 2, "PartyTerminated": false, "Age": 44, "Occupation": "สมาชิกเทศบาล", "HighestEducation": "ปริญญาโท", "ImageFileId": "5c5919acfbcb5f1d8815063a", "SelfIntroduceFileId": NaN, "PartyLogo": "https://storage.googleapis.com/candidate-thumbs/party/173.png", "CandididatePhoto": "https://storage.googleapis.com/candidate-thumbs/images/24-2-16.jpg"}, {"Unnamed: 0": 2822, "CandidateId": "37a2f4ec-94f0-4f1e-bc3f-92642fc77e3d", "CandidateNo": 17, "FirstName": "ณัฐธพัฒน์", "LastName": "ธรรมทินนา", "PartyName": "พลังปวงชนไทย", "PartyNumber": 184, "Title": "นาย", "Votable": true, "province_id": 24, "province_name": "ฉะเชิงเทรา", "zone_number": 2, "PartyTerminated": false, "Age": 43, "Occupation": "พนักงานโรงงาน", "HighestEducation": "ปริญญาตรี", "ImageFileId": "5c591bf7fbcb5f1d881516ba", "SelfIntroduceFileId": "5c591e0efbcb5f1d881524b7", "PartyLogo": "https://storage.googleapis.com/candidate-thumbs/party/184.png", "CandididatePhoto": "https://storage.googleapis.com/candidate-thumbs/images/24-2-17.jpg"}, {"Unnamed: 0": 2823, "CandidateId": "3e2db8c4-3a6e-4566-95f0-faa69381f8f6", "CandidateNo": 18, "FirstName": "ประเสริฐ", "LastName": "บินยูซ๊บ", "PartyName": "กรีน", "PartyNumber": 206, "Title": "นาย", "Votable": true, "province_id": 24, "province_name": "ฉะเชิงเทรา", "zone_number": 2, "PartyTerminated": false, "Age": 50, "Occupation": "เกษตรกร", "HighestEducation": "ต่ำกว่าปริญญาตรี", "ImageFileId": "5c59274afbcb5f1d881581bc", "SelfIntroduceFileId": "5c59295ffbcb5f1d88159808", "PartyLogo": "https://storage.googleapis.com/candidate-thumbs/party/206.png", "CandididatePhoto": "https://storage.googleapis.com/candidate-thumbs/images/24-2-18.jpg"}, {"Unnamed: 0": 2824, "CandidateId": "bdb27687-941a-4f83-82bb-f4108e945aec", "CandidateNo": 19, "FirstName": "ชนะชัย", "LastName": "โนรีวงศ์", "PartyName": "พลังไทยดี", "PartyNumber": 212, "Title": "นาย", "Votable": true, "province_id": 24, "province_name": "ฉะเชิงเทรา", "zone_number": 2, "PartyTerminated": false, "Age": 66, "Occupation": "เกษตรกร", "HighestEducation": "ต่ำกว่าปริญญาตรี", "ImageFileId": "5c5a881bfbcb5f19bcaaa0fd", "SelfIntroduceFileId": "5c5a8c92fbcb5f19bcaac383", "PartyLogo": "https://storage.googleapis.com/candidate-thumbs/party/212.png", "CandididatePhoto": "https://storage.googleapis.com/candidate-thumbs/images/24-2-19.jpg"}, {"Unnamed: 0": 2825, "CandidateId": "d178e3b4-f17f-4288-a8d0-8552b1b49744", "CandidateNo": 20, "FirstName": "ประสิทธิ์", "LastName": "ประสพสุข", "PartyName": "สังคมประชาธิปไตยไทย", "PartyNumber": 76, "Title": "นาย", "Votable": true, "province_id": 24, "province_name": "ฉะเชิงเทรา", "zone_number": 2, "PartyTerminated": false, "Age": 40, "Occupation": "พนักงานบริษัทเอกชน", "HighestEducation": "ต่ำกว่าปริญญาตรี", "ImageFileId": "5c5a8cd5fbcb5f19bcaac566", "SelfIntroduceFileId": NaN, "PartyLogo": "https://storage.googleapis.com/candidate-thumbs/party/76.png", "CandididatePhoto": "https://storage.googleapis.com/candidate-thumbs/images/24-2-20.jpg"}, {"Unnamed: 0": 2826, "CandidateId": "cadd5697-146b-4f5f-9f1e-9e44414c88dc", "CandidateNo": 21, "FirstName": "ศักดา", "LastName": "ฉั่วยั่งยืน", "PartyName": "พลังท้องถิ่นไท", "PartyNumber": 124, "Title": "นาย", "Votable": true, "province_id": 24, "province_name": "ฉะเชิงเทรา", "zone_number": 2, "PartyTerminated": false, "Age": 45, "Occupation": "ธุรกิจส่วนตัว", "HighestEducation": "ต่ำกว่าปริญญาตรี", "ImageFileId": "5c5a9bb7fbcb5f19bcab2b72", "SelfIntroduceFileId": "5c5aa7b2fbcb5f19bcab73df", "PartyLogo": "https://storage.googleapis.com/candidate-thumbs/party/124.png", "CandididatePhoto": "https://storage.googleapis.com/candidate-thumbs/images/24-2-21.jpg"}, {"Unnamed: 0": 2827, "CandidateId": "42b30ad5-48f4-4511-911a-42f536fef2b6", "CandidateNo": 22, "FirstName": "สุระเด่น", "LastName": "สุวรรณะ", "PartyName": "พลังชาติไทย", "PartyNumber": 186, "Title": "นาย", "Votable": true, "province_id": 24, "province_name": "ฉะเชิงเทรา", "zone_number": 2, "PartyTerminated": false, "Age": 59, "Occupation": "ธุรกิจส่วนตัว", "HighestEducation": "ต่ำกว่าปริญญาตรี", "ImageFileId": "5c5bcc26fbcb5f16fc66a1e0", "SelfIntroduceFileId": "5c5bcdbffbcb5f16fc66ab56", "PartyLogo": "https://storage.googleapis.com/candidate-thumbs/party/186.png", "CandididatePhoto": "https://storage.googleapis.com/candidate-thumbs/images/24-2-22.jpg"}, {"Unnamed: 0": 2828, "CandidateId": "49acfa07-b3a0-4a8b-9577-c821de5cfa50", "CandidateNo": 23, "FirstName": "มาลีกี", "LastName": "มั่นคง", "PartyName": "เครือข่ายชาวนาแห่งประเทศไทย", "PartyNumber": 22, "Title": "นาย", "Votable": true, "province_id": 24, "province_name": "ฉะเชิงเทรา", "zone_number": 2, "PartyTerminated": false, "Age": 76, "Occupation": "้เกษตรกร", "HighestEducation": "ต่ำกว่าปริญญาตรี", "ImageFileId": "5c5bcdf9fbcb5f16fc66ac8d", "SelfIntroduceFileId": "5c5bcfe9fbcb5f16fc66bad8", "PartyLogo": "https://storage.googleapis.com/candidate-thumbs/party/22.png", "CandididatePhoto": "https://storage.googleapis.com/candidate-thumbs/images/24-2-23.jpg"}, {"Unnamed: 0": 2829, "CandidateId": "8cf0c855-7f9d-497a-8382-68902fbbf6a5", "CandidateNo": 24, "FirstName": "ณรงค์", "LastName": "เพิ่มพูล", "PartyName": "ไทยธรรม", "PartyNumber": 178, "Title": "นาย", "Votable": true, "province_id": 24, "province_name": "ฉะเชิงเทรา", "zone_number": 2, "PartyTerminated": false, "Age": 44, "Occupation": "ธุรกิจส่วนตัว", "HighestEducation": "ปริญญาตรี", "ImageFileId": "5c5bd014fbcb5f16fc66bc34", "SelfIntroduceFileId": "5c5bd290fbcb5f16fc66d009", "PartyLogo": "https://storage.googleapis.com/candidate-thumbs/party/178.png", "CandididatePhoto": "https://storage.googleapis.com/candidate-thumbs/images/24-2-24.jpg"}, {"Unnamed: 0": 2830, "CandidateId": "76b7ac36-f688-4c0d-b91d-8231d74260dd", "CandidateNo": 25, "FirstName": "สุรชัย", "LastName": "ดำรงสุสกุล", "PartyName": "เศรษฐกิจใหม่", "PartyNumber": 193, "Title": "นาย", "Votable": true, "province_id": 24, "province_name": "ฉะเชิงเทรา", "zone_number": 2, "PartyTerminated": false, "Age": 55, "Occupation": "รับจ้าง", "HighestEducation": "ปริญญาตรี", "ImageFileId": "5c5bd3a8fbcb5f16fc66d787", "SelfIntroduceFileId": "5c5bd51cfbcb5f16fc66e1a0", "PartyLogo": "https://storage.googleapis.com/candidate-thumbs/party/193.png", "CandididatePhoto": "https://storage.googleapis.com/candidate-thumbs/images/24-2-25.jpg"}, {"Unnamed: 0": 2831, "CandidateId": "ed9ade72-1571-4f6b-a2b7-b059eaf676db", "CandidateNo": 26, "FirstName": "พเยาว์", "LastName": "เจือจันทร์", "PartyName": "มหาชน", "PartyNumber": 4, "Title": "นางสาว", "Votable": true, "province_id": 24, "province_name": "ฉะเชิงเทรา", "zone_number": 2, "PartyTerminated": false, "Age": 44, "Occupation": "รับจ้าง", "HighestEducation": "ต่ำกว่าปริญญาตรี", "ImageFileId": "5c5bdb50fbcb5f16fc6713c8", "SelfIntroduceFileId": "5c5bdcd1fbcb5f16fc6720e4", "PartyLogo": "https://storage.googleapis.com/candidate-thumbs/party/4.png", "CandididatePhoto": "https://storage.googleapis.com/candidate-thumbs/images/24-2-26.jpg"}, {"Unnamed: 0": 2832, "CandidateId": "ec2f5c1b-ff21-4c62-96f2-48b05ccdd9d5", "CandidateNo": 27, "FirstName": "สรพงษ์", "LastName": "อิ่มอารมณ์", "PartyName": "เพื่อชาติ", "PartyNumber": 149, "Title": "นาย", "Votable": true, "province_id": 24, "province_name": "ฉะเชิงเทรา", "zone_number": 2, "PartyTerminated": false, "Age": 39, "Occupation": "ธุรกิจส่วนตัว", "HighestEducation": "ต่ำกว่าปริญญาตรี", "ImageFileId": "5c5d2634fbcb5f0fd8856f06", "SelfIntroduceFileId": "5c5d28bdfbcb5f0fd885846f", "PartyLogo": "https://storage.googleapis.com/candidate-thumbs/party/149.png", "CandididatePhoto": "https://storage.googleapis.com/candidate-thumbs/images/24-2-27.jpg"}, {"Unnamed: 0": 2833, "CandidateId": "3b96caad-11d3-4696-b934-e62b0150601a", "CandidateNo": 28, "FirstName": "สุปรียา", "LastName": "กลิ่นมาลัย", "PartyName": "แทนคุณแผ่นดิน", "PartyNumber": 53, "Title": "นางสาว", "Votable": true, "province_id": 24, "province_name": "ฉะเชิงเทรา", "zone_number": 2, "PartyTerminated": false, "Age": 28, "Occupation": "ธุรกิจส่วนตัว", "HighestEducation": "ปริญญาตรี", "ImageFileId": "5c5d46f6fbcb5f0fd886962c", "SelfIntroduceFileId": "5c5d485cfbcb5f0fd886a4ec", "PartyLogo": "https://storage.googleapis.com/candidate-thumbs/party/53.png", "CandididatePhoto": "https://storage.googleapis.com/candidate-thumbs/images/24-2-28.jpg"}]