[{"Unnamed: 0": 988, "CandidateId": "5a652156-acd3-43fa-9025-36a92434cbd5", "CandidateNo": 1, "FirstName": "วันทนา", "LastName": "นาคสิงห์คราญ", "PartyName": "อนาคตใหม่", "PartyNumber": 177, "Title": "นาง", "Votable": true, "province_id": 86, "province_name": "ชุมพร", "zone_number": 2, "PartyTerminated": false, "Age": 39, "Occupation": "เกษตรกร", "HighestEducation": "ปริญญาตรี", "ImageFileId": "5c5d42affbcb5f0fd8866ab6", "SelfIntroduceFileId": "5c59001afbcb5f1d8813c384", "PartyLogo": "https://storage.googleapis.com/candidate-thumbs/party/177.png", "CandididatePhoto": "https://storage.googleapis.com/candidate-thumbs/images/86-2-1.jpg"}, {"Unnamed: 0": 989, "CandidateId": "f725ba22-133e-4498-b0e1-41cc0c4e2b01", "CandidateNo": 2, "FirstName": "อภิศักดิ์", "LastName": "ศรีเผด็จ", "PartyName": "กรีน", "PartyNumber": 206, "Title": "นาย", "Votable": true, "province_id": 86, "province_name": "ชุมพร", "zone_number": 2, "PartyTerminated": false, "Age": 56, "Occupation": "เกษตรกร", "HighestEducation": "ต่ำกว่าปริญญาตรี", "ImageFileId": "5c580aa3fbcb5f1eec0fedb0", "SelfIntroduceFileId": "5c590325fbcb5f1d8813ebc3", "PartyLogo": "https://storage.googleapis.com/candidate-thumbs/party/206.png", "CandididatePhoto": "https://storage.googleapis.com/candidate-thumbs/images/86-2-2.jpg"}, {"Unnamed: 0": 990, "CandidateId": "9fe26479-299b-4149-bd19-5319bff55531", "CandidateNo": 3, "FirstName": "พิเชษฐ์", "LastName": "ศรีสดใส", "PartyName": "เสรีรวมไทย", "PartyNumber": 145, "Title": "นาย", "Votable": true, "province_id": 86, "province_name": "ชุมพร", "zone_number": 2, "PartyTerminated": false, "Age": 49, "Occupation": "เกษตรกร", "HighestEducation": "ปริญญาตรี", "ImageFileId": "5c580d39fbcb5f1eec100b8b", "SelfIntroduceFileId": "5c5906b1fbcb5f1d88141504", "PartyLogo": "https://storage.googleapis.com/candidate-thumbs/party/145.png", "CandididatePhoto": "https://storage.googleapis.com/candidate-thumbs/images/86-2-3.jpg"}, {"Unnamed: 0": 991, "CandidateId": "934746a7-e575-49b7-b738-7acc54ab7bb2", "CandidateNo": 4, "FirstName": "สมบูรณ์", "LastName": "หนูนวล", "PartyName": "พลังประชารัฐ", "PartyNumber": 192, "Title": "นาย", "Votable": true, "province_id": 86, "province_name": "ชุมพร", "zone_number": 2, "PartyTerminated": false, "Age": 59, "Occupation": "นักวิชาการสาธารณสุขชำนาญการพิเศษ ", "HighestEducation": "ปริญญาโท", "ImageFileId": "5c590764fbcb5f1d88142069", "SelfIntroduceFileId": "5c590c0ffbcb5f1d88145ee8", "PartyLogo": "https://storage.googleapis.com/candidate-thumbs/party/192.png", "CandididatePhoto": "https://storage.googleapis.com/candidate-thumbs/images/86-2-4.jpg"}, {"Unnamed: 0": 992, "CandidateId": "d07fd17c-116b-41b0-bd0e-e1995447d1a7", "CandidateNo": 5, "FirstName": "สันต์", "LastName": "แซ่ตั้ง", "PartyName": "รวมพลังประชาชาติไทย", "PartyNumber": 181, "Title": "นาย", "Votable": true, "province_id": 86, "province_name": "ชุมพร", "zone_number": 2, "PartyTerminated": false, "Age": 44, "Occupation": "สมาชิกสภาองค์การบริหารส่วนจังหวัดชุมพร", "HighestEducation": "ปริญญาตรี", "ImageFileId": "5c580f42fbcb5f1eec102514", "SelfIntroduceFileId": "5c5913f9fbcb5f1d8814cfb3", "PartyLogo": "https://storage.googleapis.com/candidate-thumbs/party/181.png", "CandididatePhoto": "https://storage.googleapis.com/candidate-thumbs/images/86-2-5.jpg"}, {"Unnamed: 0": 993, "CandidateId": "e2194aa0-68a3-4c14-a5f1-b73570aa9d2a", "CandidateNo": 6, "FirstName": "นิพล", "LastName": "แดงลาศ", "PartyName": "ภูมิใจไทย", "PartyNumber": 63, "Title": "นาย", "Votable": true, "province_id": 86, "province_name": "ชุมพร", "zone_number": 2, "PartyTerminated": false, "Age": 53, "Occupation": "ทำสวน", "HighestEducation": "ปริญญาตรี", "ImageFileId": "5c581005fbcb5f1eec102e2d", "SelfIntroduceFileId": "5c5917d6fbcb5f1d8814f4e5", "PartyLogo": "https://storage.googleapis.com/candidate-thumbs/party/63.png", "CandididatePhoto": "https://storage.googleapis.com/candidate-thumbs/images/86-2-6.jpg"}, {"Unnamed: 0": 994, "CandidateId": "6c6956f6-2b01-4fd4-b82f-d2775184ee86", "CandidateNo": 7, "FirstName": "มนตรี", "LastName": "พรหมฤทธิ์", "PartyName": "รักษ์ผืนป่าประเทศไทย", "PartyNumber": 133, "Title": "นาย", "Votable": true, "province_id": 86, "province_name": "ชุมพร", "zone_number": 2, "PartyTerminated": false, "Age": 43, "Occupation": "รับจ้าง", "HighestEducation": "ปริญญาตรี", "ImageFileId": "5c581087fbcb5f1eec103316", "SelfIntroduceFileId": "5c592cc0fbcb5f1d8815ceea", "PartyLogo": "https://storage.googleapis.com/candidate-thumbs/party/133.png", "CandididatePhoto": "https://storage.googleapis.com/candidate-thumbs/images/86-2-7.jpg"}, {"Unnamed: 0": 995, "CandidateId": "30259e11-8261-4706-b030-fe0b213a95b8", "CandidateNo": 8, "FirstName": "สราวุธ", "LastName": "อ่อนละมัย", "PartyName": "ประชาธิปัตย์", "PartyNumber": 1, "Title": "นาย", "Votable": true, "province_id": 86, "province_name": "ชุมพร", "zone_number": 2, "PartyTerminated": false, "Age": 46, "Occupation": "นักการเมือง ", "HighestEducation": "ปริญญาโท", "ImageFileId": "5c581110fbcb5f1eec1037a2", "SelfIntroduceFileId": "5c5937b7fbcb5f1d881669c3", "PartyLogo": "https://storage.googleapis.com/candidate-thumbs/party/1.png", "CandididatePhoto": "https://storage.googleapis.com/candidate-thumbs/images/86-2-8.jpg"}, {"Unnamed: 0": 996, "CandidateId": "0ff8378d-f107-4a8f-a51e-61d7d2558d72", "CandidateNo": 9, "FirstName": "ธนภัทร", "LastName": "ประสิทธิ์", "PartyName": "ทางเลือกใหม่", "PartyNumber": 170, "Title": "นาย", "Votable": true, "province_id": 86, "province_name": "ชุมพร", "zone_number": 2, "PartyTerminated": false, "Age": 47, "Occupation": "เกษตรกร (รับซื้อมะพร้าว)", "HighestEducation": "ต่ำกว่าปริญญาตรี", "ImageFileId": "5c581502fbcb5f1eec10586e", "SelfIntroduceFileId": "5c593b53fbcb5f1d88169d83", "PartyLogo": "https://storage.googleapis.com/candidate-thumbs/party/170.png", "CandididatePhoto": "https://storage.googleapis.com/candidate-thumbs/images/86-2-9.jpg"}, {"Unnamed: 0": 997, "CandidateId": "90366e18-15c1-48b1-80a2-5da6305e88cd", "CandidateNo": 10, "FirstName": "ประดิษฐ์", "LastName": "ขำขาว", "PartyName": "เพื่อธรรม", "PartyNumber": 98, "Title": "ดาบตำรวจ", "Votable": true, "province_id": 86, "province_name": "ชุมพร", "zone_number": 2, "PartyTerminated": false, "Age": 63, "Occupation": "รับราชการตำรวจ สำนักงานตำรวจแห่งชาติ", "HighestEducation": "ต่ำกว่าปริญญาตรี", "ImageFileId": "5c581762fbcb5f1eec106bb0", "SelfIntroduceFileId": "5c593f48fbcb5f1d8816ced6", "PartyLogo": "https://storage.googleapis.com/candidate-thumbs/party/98.png", "CandididatePhoto": "https://storage.googleapis.com/candidate-thumbs/images/86-2-10.jpg"}, {"Unnamed: 0": 998, "CandidateId": "43e50ea6-d40a-4e90-bdd2-00b67080581d", "CandidateNo": 11, "FirstName": "หาญรบ", "LastName": "ตุงคะเสน", "PartyName": "ชาติไทยพัฒนา", "PartyNumber": 55, "Title": "นาย", "Votable": true, "province_id": 86, "province_name": "ชุมพร", "zone_number": 2, "PartyTerminated": false, "Age": 68, "Occupation": "ธุรกิจส่วนตัว", "HighestEducation": "ปริญญาโท", "ImageFileId": "5c5817f7fbcb5f1eec1070d4", "SelfIntroduceFileId": "5c5942cffbcb5f1d881701cb", "PartyLogo": "https://storage.googleapis.com/candidate-thumbs/party/55.png", "CandididatePhoto": "https://storage.googleapis.com/candidate-thumbs/images/86-2-11.jpg"}, {"Unnamed: 0": 999, "CandidateId": "0e5ac939-c2da-4c5b-83c7-b0092eccb5ee", "CandidateNo": 12, "FirstName": "ภาณุมาศ", "LastName": "เพ็ชรคีรี", "PartyName": "ประชาชาติ", "PartyNumber": 187, "Title": "นาย", "Votable": true, "province_id": 86, "province_name": "ชุมพร", "zone_number": 2, "PartyTerminated": false, "Age": 26, "Occupation": "เกษตรกร", "HighestEducation": "ปริญญาตรี", "ImageFileId": "5c581876fbcb5f1eec107462", "SelfIntroduceFileId": "5c594631fbcb5f1d88172f3d", "PartyLogo": "https://storage.googleapis.com/candidate-thumbs/party/187.png", "CandididatePhoto": "https://storage.googleapis.com/candidate-thumbs/images/86-2-12.jpg"}, {"Unnamed: 0": 1000, "CandidateId": "b777b08f-b5cb-4a82-afe0-d562c7d83224", "CandidateNo": 13, "FirstName": "อำนาจ", "LastName": "อินทนา", "PartyName": "ไทยรักษาชาติ", "PartyNumber": 77, "Title": "นาย", "Votable": true, "province_id": 86, "province_name": "ชุมพร", "zone_number": 2, "PartyTerminated": true, "Age": 50, "Occupation": "นักการเมืองท้องถิ่น", "HighestEducation": "ปริญญาตรี", "ImageFileId": "5c5819bffbcb5f1eec107b18", "SelfIntroduceFileId": "5c594a08fbcb5f1d881766af", "PartyLogo": "https://storage.googleapis.com/candidate-thumbs/party/77.png", "CandididatePhoto": "https://storage.googleapis.com/candidate-thumbs/images/86-2-13.jpg"}, {"Unnamed: 0": 1001, "CandidateId": "3ef413c8-2f49-47bc-ace0-57424200244a", "CandidateNo": 14, "FirstName": "รุจินาถ", "LastName": "ศรีสุวรรณ", "PartyName": "เพื่อไทย", "PartyNumber": 34, "Title": "นางสาว", "Votable": true, "province_id": 86, "province_name": "ชุมพร", "zone_number": 2, "PartyTerminated": false, "Age": 49, "Occupation": "อาจารย์", "HighestEducation": "ปริญญาเอก", "ImageFileId": "5c581a78fbcb5f1eec107fcb", "SelfIntroduceFileId": "5c594d99fbcb5f1d88179448", "PartyLogo": "https://storage.googleapis.com/candidate-thumbs/party/34.png", "CandididatePhoto": "https://storage.googleapis.com/candidate-thumbs/images/86-2-14.jpg"}, {"Unnamed: 0": 1002, "CandidateId": "47e932f0-c855-4b18-a83b-342cff62db45", "CandidateNo": 15, "FirstName": "อำนาจ", "LastName": "ณรงค์น้อย", "PartyName": "พลังท้องถิ่นไท", "PartyNumber": 124, "Title": "นาย", "Votable": true, "province_id": 86, "province_name": "ชุมพร", "zone_number": 2, "PartyTerminated": false, "Age": 68, "Occupation": "พนักงานองค์การของรัฐ(ธ.ก.ส.)", "HighestEducation": "ต่ำกว่าปริญญาตรี", "ImageFileId": "5c581b0efbcb5f1eec1082d4", "SelfIntroduceFileId": "5c5950aafbcb5f1d8817b7e4", "PartyLogo": "https://storage.googleapis.com/candidate-thumbs/party/124.png", "CandididatePhoto": "https://storage.googleapis.com/candidate-thumbs/images/86-2-15.jpg"}, {"Unnamed: 0": 1003, "CandidateId": "83e1a694-bd9b-46e8-8b77-7a7bb6b36f26", "CandidateNo": 16, "FirstName": "พรพจน์", "LastName": "โชติ ณ ภาลัย", "PartyName": "เพื่อชาติ", "PartyNumber": 149, "Title": "พันเอก", "Votable": true, "province_id": 86, "province_name": "ชุมพร", "zone_number": 2, "PartyTerminated": false, "Age": 58, "Occupation": "ข้าราชการบำนาญ", "HighestEducation": "ปริญญาตรี", "ImageFileId": "5c581b9ffbcb5f1eec10846f", "SelfIntroduceFileId": "5c594a41fbcb5f1d881768e9", "PartyLogo": "https://storage.googleapis.com/candidate-thumbs/party/149.png", "CandididatePhoto": "https://storage.googleapis.com/candidate-thumbs/images/86-2-16.jpg"}, {"Unnamed: 0": 1004, "CandidateId": "ea161e3c-9e7b-4edb-b871-54a91f9d1313", "CandidateNo": 17, "FirstName": "ธวัช", "LastName": "นุ้ยรัตน์", "PartyName": "ประชาชนปฏิรูป", "PartyNumber": 176, "Title": "นาย", "Votable": true, "province_id": 86, "province_name": "ชุมพร", "zone_number": 2, "PartyTerminated": false, "Age": 55, "Occupation": "ทำสวน", "HighestEducation": "ต่ำกว่าปริญญาตรี", "ImageFileId": "5c581c56fbcb5f1eec1086df", "SelfIntroduceFileId": "5c594cdbfbcb5f1d881789fc", "PartyLogo": "https://storage.googleapis.com/candidate-thumbs/party/176.png", "CandididatePhoto": "https://storage.googleapis.com/candidate-thumbs/images/86-2-17.jpg"}, {"Unnamed: 0": 1005, "CandidateId": "be9fad66-5175-41cb-95db-b87694374c84", "CandidateNo": 18, "FirstName": "กิตติศักดิ์", "LastName": "รุ่งแดง", "PartyName": "พลังไทยรักไทย", "PartyNumber": 185, "Title": "นาย", "Votable": false, "province_id": 86, "province_name": "ชุมพร", "zone_number": 2, "PartyTerminated": false, "Age": 38, "Occupation": "ธุรกิจส่วนตัว", "HighestEducation": "ปริญญาตรี", "ImageFileId": "5c581cdefbcb5f1eec108a08", "SelfIntroduceFileId": "5c595587fbcb5f1d8817ed5b", "PartyLogo": "https://storage.googleapis.com/candidate-thumbs/party/185.png", "CandididatePhoto": "https://storage.googleapis.com/candidate-thumbs/images/86-2-18.jpg"}, {"Unnamed: 0": 1006, "CandidateId": "ae7c4dab-8816-48cd-b9ef-f91c2c44ac58", "CandidateNo": 19, "FirstName": "สากล", "LastName": "พงษ์ประยูร", "PartyName": "ไทยศรีวิไลย์", "PartyNumber": 180, "Title": "นาย", "Votable": true, "province_id": 86, "province_name": "ชุมพร", "zone_number": 2, "PartyTerminated": false, "Age": 52, "Occupation": "ค้าขาย", "HighestEducation": "ต่ำกว่าปริญญาตรี", "ImageFileId": "5c58f4b3fbcb5f1d88134a07", "SelfIntroduceFileId": "5c5956acfbcb5f1d8817f78e", "PartyLogo": "https://storage.googleapis.com/candidate-thumbs/party/180.png", "CandididatePhoto": "https://storage.googleapis.com/candidate-thumbs/images/86-2-19.jpg"}, {"Unnamed: 0": 1007, "CandidateId": "add23c0e-13ef-4193-a9b9-473a120464af", "CandidateNo": 20, "FirstName": "คมการ", "LastName": "ศรีลาวรรณ", "PartyName": "ประชาภิวัฒน์", "PartyNumber": 172, "Title": "นาย", "Votable": true, "province_id": 86, "province_name": "ชุมพร", "zone_number": 2, "PartyTerminated": false, "Age": 42, "Occupation": "ธุรกิจส่วนตัว", "HighestEducation": "ต่ำกว่าปริญญาตรี", "ImageFileId": "5c595827fbcb5f1d881801c4", "SelfIntroduceFileId": "5c595a4dfbcb5f1d88180d9e", "PartyLogo": "https://storage.googleapis.com/candidate-thumbs/party/172.png", "CandididatePhoto": "https://storage.googleapis.com/candidate-thumbs/images/86-2-20.jpg"}, {"Unnamed: 0": 1008, "CandidateId": "0dfbe48b-dd04-4d35-a0a9-cb74a478b5ed", "CandidateNo": 21, "FirstName": "สมมล", "LastName": "ชัยวัฒน์จตุพร", "PartyName": "คลองไทย", "PartyNumber": 189, "Title": "นาง", "Votable": true, "province_id": 86, "province_name": "ชุมพร", "zone_number": 2, "PartyTerminated": false, "Age": 57, "Occupation": "ค้าขาย", "HighestEducation": "ต่ำกว่าปริญญาตรี", "ImageFileId": "5c5961e5fbcb5f1d88182856", "SelfIntroduceFileId": "5c596448fbcb5f1d88182cd3", "PartyLogo": "https://storage.googleapis.com/candidate-thumbs/party/189.png", "CandididatePhoto": "https://storage.googleapis.com/candidate-thumbs/images/86-2-21.jpg"}, {"Unnamed: 0": 1009, "CandidateId": "9772a63b-315c-4de8-b6bf-d835d95df7b5", "CandidateNo": 22, "FirstName": "กฤษณะ", "LastName": "ศุภสุทธิ์", "PartyName": "ชาติพัฒนา", "PartyNumber": 45, "Title": "นาย", "Votable": true, "province_id": 86, "province_name": "ชุมพร", "zone_number": 2, "PartyTerminated": false, "Age": 52, "Occupation": "เกษตรกร(สวนทุเรียน)", "HighestEducation": "ต่ำกว่าปริญญาตรี", "ImageFileId": "5c5a9457fbcb5f19bcaafe08", "SelfIntroduceFileId": "5c5a96c0fbcb5f19bcab09b5", "PartyLogo": "https://storage.googleapis.com/candidate-thumbs/party/45.png", "CandididatePhoto": "https://storage.googleapis.com/candidate-thumbs/images/86-2-22.jpg"}, {"Unnamed: 0": 1010, "CandidateId": "29901cb1-e2e5-41f9-8e66-7e2eba78827d", "CandidateNo": 23, "FirstName": "อำนาจ", "LastName": "เอียดมิ่ง", "PartyName": "ครูไทยเพื่อประชาชน", "PartyNumber": 118, "Title": "นาย", "Votable": true, "province_id": 86, "province_name": "ชุมพร", "zone_number": 2, "PartyTerminated": false, "Age": 63, "Occupation": "ข้าราชการบำนาญ", "HighestEducation": "ปริญญาโท", "ImageFileId": "5c5b9aabfbcb5f16fc6562f8", "SelfIntroduceFileId": "5c5baaeffbcb5f16fc65cd6b", "PartyLogo": "https://storage.googleapis.com/candidate-thumbs/party/118.png", "CandididatePhoto": "https://storage.googleapis.com/candidate-thumbs/images/86-2-23.jpg"}, {"Unnamed: 0": 1011, "CandidateId": "7d24fbcf-4f3d-4abd-ab63-4a645765c647", "CandidateNo": 24, "FirstName": "ปราณี", "LastName": "สุขไหม", "PartyName": "พลังไทสร้างชาติ", "PartyNumber": 200, "Title": "นาย", "Votable": false, "province_id": 86, "province_name": "ชุมพร", "zone_number": 2, "PartyTerminated": false, "Age": 72, "Occupation": "บำนาญธนาคารออมสิน", "HighestEducation": "ต่ำกว่าปริญญาตรี", "ImageFileId": "5c5badb5fbcb5f16fc65e0fd", "SelfIntroduceFileId": "5c5bcd6afbcb5f16fc66a89b", "PartyLogo": "https://storage.googleapis.com/candidate-thumbs/party/200.png", "CandididatePhoto": "https://storage.googleapis.com/candidate-thumbs/images/86-2-24.jpg"}, {"Unnamed: 0": 1012, "CandidateId": "85bf8511-ebc5-488e-983d-c30274dfe783", "CandidateNo": 25, "FirstName": "สมโภชน์", "LastName": "ศรีสุภา", "PartyName": "ประชาธรรมไทย", "PartyNumber": 190, "Title": "นาย", "Votable": true, "province_id": 86, "province_name": "ชุมพร", "zone_number": 2, "PartyTerminated": false, "Age": 63, "Occupation": "ข้าราชการบำนาญครู", "HighestEducation": "ต่ำกว่าปริญญาตรี", "ImageFileId": "5c5bb773fbcb5f16fc66360d", "SelfIntroduceFileId": "5c5bd3f9fbcb5f16fc66da52", "PartyLogo": "https://storage.googleapis.com/candidate-thumbs/party/190.png", "CandididatePhoto": "https://storage.googleapis.com/candidate-thumbs/images/86-2-25.jpg"}, {"Unnamed: 0": 1013, "CandidateId": "906d6585-92f0-4bef-9cb7-cad15d213121", "CandidateNo": 26, "FirstName": "จิณณาวัฒน์", "LastName": "สินลอย", "PartyName": "มหาชน", "PartyNumber": 4, "Title": "นาย", "Votable": true, "province_id": 86, "province_name": "ชุมพร", "zone_number": 2, "PartyTerminated": false, "Age": 46, "Occupation": "รับจ้าง", "HighestEducation": "ต่ำกว่าปริญญาตรี", "ImageFileId": "5c5bda23fbcb5f16fc670925", "SelfIntroduceFileId": "5c5bdd6bfbcb5f16fc672607", "PartyLogo": "https://storage.googleapis.com/candidate-thumbs/party/4.png", "CandididatePhoto": "https://storage.googleapis.com/candidate-thumbs/images/86-2-26.jpg"}, {"Unnamed: 0": 1014, "CandidateId": "a7b7b73f-b577-4c41-9eb1-6cfd6a8c614a", "CandidateNo": 27, "FirstName": "โอฬาร", "LastName": "ประสมรัตน์", "PartyName": "พลังชาติไทย", "PartyNumber": 186, "Title": "นาย", "Votable": true, "province_id": 86, "province_name": "ชุมพร", "zone_number": 2, "PartyTerminated": false, "Age": 56, "Occupation": "รับจ้าง", "HighestEducation": "ต่ำกว่าปริญญาตรี", "ImageFileId": "5c5bdde8fbcb5f16fc6729ce", "SelfIntroduceFileId": "5c5cf816fbcb5f0fd884410b", "PartyLogo": "https://storage.googleapis.com/candidate-thumbs/party/186.png", "CandididatePhoto": "https://storage.googleapis.com/candidate-thumbs/images/86-2-27.jpg"}, {"Unnamed: 0": 1015, "CandidateId": "adf9f2c3-0bdf-424e-84c9-2695641bca7d", "CandidateNo": 28, "FirstName": "กชกานต์", "LastName": "สุนทรเพราะ", "PartyName": "เศรษฐกิจใหม่", "PartyNumber": 193, "Title": "นางสาว", "Votable": true, "province_id": 86, "province_name": "ชุมพร", "zone_number": 2, "PartyTerminated": false, "Age": 45, "Occupation": "เสมียน", "HighestEducation": "ต่ำกว่าปริญญาตรี", "ImageFileId": "5c5c0185fbcb5f16fc682720", "SelfIntroduceFileId": "5c5cef5efbcb5f16fc68e7f6", "PartyLogo": "https://storage.googleapis.com/candidate-thumbs/party/193.png", "CandididatePhoto": "https://storage.googleapis.com/candidate-thumbs/images/86-2-28.jpg"}, {"Unnamed: 0": 1016, "CandidateId": "242803b9-e8ff-4492-8e77-8ff4ff243c4e", "CandidateNo": 29, "FirstName": "อวยพร", "LastName": "พรหมสถิตย์", "PartyName": "ประชานิยม", "PartyNumber": 191, "Title": "นางสาว", "Votable": true, "province_id": 86, "province_name": "ชุมพร", "zone_number": 2, "PartyTerminated": false, "Age": 65, "Occupation": "ข้าราชการบำนาญ", "HighestEducation": "ปริญญาโท", "ImageFileId": "5c5cefd7fbcb5f16fc68ea34", "SelfIntroduceFileId": "5c5cf67cfbcb5f16fc691940", "PartyLogo": "https://storage.googleapis.com/candidate-thumbs/party/191.png", "CandididatePhoto": "https://storage.googleapis.com/candidate-thumbs/images/86-2-29.jpg"}, {"Unnamed: 0": 1017, "CandidateId": "622c253d-cff0-4daa-910c-4448c2d21932", "CandidateNo": 30, "FirstName": "นัยนา", "LastName": "สุวรรณวิธี", "PartyName": "พลเมืองไทย", "PartyNumber": 173, "Title": "นาง", "Votable": true, "province_id": 86, "province_name": "ชุมพร", "zone_number": 2, "PartyTerminated": false, "Age": 42, "Occupation": "ธุรกิจส่วนตัว", "HighestEducation": "ต่ำกว่าปริญญาตรี", "ImageFileId": "5c5d3b79fbcb5f0fd8861e43", "SelfIntroduceFileId": "5c5d3ccafbcb5f0fd8862bb7", "PartyLogo": "https://storage.googleapis.com/candidate-thumbs/party/173.png", "CandididatePhoto": "https://storage.googleapis.com/candidate-thumbs/images/86-2-30.jpg"}, {"Unnamed: 0": 1018, "CandidateId": "92adef39-3f1b-4d70-b072-9316bc6d316f", "CandidateNo": 31, "FirstName": "อังสุมาลี", "LastName": "พงษ์สุข", "PartyName": "ประชาไทย", "PartyNumber": 205, "Title": "นางสาว", "Votable": true, "province_id": 86, "province_name": "ชุมพร", "zone_number": 2, "PartyTerminated": false, "Age": 27, "Occupation": "พี่เลี้ยงเด็กพิการศูนย์การศึกษาประจำจังหวัดชุมพร", "HighestEducation": "ปริญญาตรี", "ImageFileId": "5c5d5f5efbcb5f0fd887a663", "SelfIntroduceFileId": "5c5d683cfbcb5f0fd887e3fb", "PartyLogo": "https://storage.googleapis.com/candidate-thumbs/party/205.png", "CandididatePhoto": "https://storage.googleapis.com/candidate-thumbs/images/86-2-31.jpg"}, {"Unnamed: 0": 1019, "CandidateId": "0f1ff4a7-f983-43d7-9b4b-6edb7480cdd0", "CandidateNo": 32, "FirstName": "ประจวบ", "LastName": "แก้วประสงค์", "PartyName": "พลังประชาธิปไตย", "PartyNumber": 153, "Title": "นาย", "Votable": true, "province_id": 86, "province_name": "ชุมพร", "zone_number": 2, "PartyTerminated": false, "Age": 49, "Occupation": "บริษัทยูโรพียูพีไดเรดแห่งประเทศไทยชุมพร", "HighestEducation": "ต่ำกว่าปริญญาตรี", "ImageFileId": "5c5d5fdafbcb5f0fd887aae1", "SelfIntroduceFileId": "5c5d6a43fbcb5f0fd887ec68", "PartyLogo": "https://storage.googleapis.com/candidate-thumbs/party/153.png", "CandididatePhoto": "https://storage.googleapis.com/candidate-thumbs/images/86-2-32.jpg"}, {"Unnamed: 0": 1020, "CandidateId": "eaf6ef9c-71b4-47d6-a06b-e5c4d116ba0f", "CandidateNo": 33, "FirstName": "เสริญ", "LastName": "ปานชัน", "PartyName": "ภาคีเครือข่ายไทย", "PartyNumber": 211, "Title": "นางสาว", "Votable": true, "province_id": 86, "province_name": "ชุมพร", "zone_number": 2, "PartyTerminated": false, "Age": 55, "Occupation": "ค้าขาย", "HighestEducation": "ต่ำกว่าปริญญาตรี", "ImageFileId": "5c5d603afbcb5f0fd887ae96", "SelfIntroduceFileId": "5c5d6b9afbcb5f0fd887f4f4", "PartyLogo": "https://storage.googleapis.com/candidate-thumbs/party/211.png", "CandididatePhoto": "https://storage.googleapis.com/candidate-thumbs/images/86-2-33.jpg"}, {"Unnamed: 0": 1021, "CandidateId": "399348de-ffaa-4ece-92cf-7627642a831d", "CandidateNo": 34, "FirstName": "ธนา", "LastName": "แก้วจำรูญ", "PartyName": "ไทรักธรรม", "PartyNumber": 144, "Title": "นาย", "Votable": true, "province_id": 86, "province_name": "ชุมพร", "zone_number": 2, "PartyTerminated": false, "Age": 29, "Occupation": "เกษตรกร", "HighestEducation": "ต่ำกว่าปริญญาตรี", "ImageFileId": "5c5d60b0fbcb5f0fd887b394", "SelfIntroduceFileId": NaN, "PartyLogo": "https://storage.googleapis.com/candidate-thumbs/party/144.png", "CandididatePhoto": "https://storage.googleapis.com/candidate-thumbs/images/86-2-34.jpg"}]