[{"Unnamed: 0": 5058, "CandidateId": "9e182439-c87a-4df8-890e-1c9cd968cb59", "CandidateNo": 1, "FirstName": "ชยนนท์", "LastName": "คำเบ้า", "PartyName": "ประชาธิปัตย์", "PartyNumber": 1, "Title": "นาย", "Votable": true, "province_id": 36, "province_name": "ชัยภูมิ", "zone_number": 4, "PartyTerminated": false, "Age": 45, "Occupation": "ธุรกิจส่วนตัว", "HighestEducation": "ปริญญาโท", "ImageFileId": "5c57c2c5fbcb5f1eec0d7c21", "SelfIntroduceFileId": "5c57caa9fbcb5f1eec0dba73", "PartyLogo": "https://storage.googleapis.com/candidate-thumbs/party/1.png", "CandididatePhoto": "https://storage.googleapis.com/candidate-thumbs/images/36-4-1.jpg"}, {"Unnamed: 0": 5059, "CandidateId": "5e651aad-3a1c-4949-a09d-5b705d52f45b", "CandidateNo": 2, "FirstName": "บุญทัน", "LastName": "ฝาชัยภูมิ", "PartyName": "รักษ์ผืนป่าประเทศไทย", "PartyNumber": 133, "Title": "นาย", "Votable": true, "province_id": 36, "province_name": "ชัยภูมิ", "zone_number": 4, "PartyTerminated": false, "Age": 58, "Occupation": "เกษตรกรรม", "HighestEducation": "ต่ำกว่าปริญญาตรี", "ImageFileId": "5c57d9cefbcb5f1eec0df934", "SelfIntroduceFileId": "5c57dbf2fbcb5f1eec0e0416", "PartyLogo": "https://storage.googleapis.com/candidate-thumbs/party/133.png", "CandididatePhoto": "https://storage.googleapis.com/candidate-thumbs/images/36-4-2.jpg"}, {"Unnamed: 0": 5060, "CandidateId": "08d24c6f-ce21-4b2b-994a-e405e6c24cb5", "CandidateNo": 3, "FirstName": "วิชิต", "LastName": "วรสิงห์", "PartyName": "ทางเลือกใหม่", "PartyNumber": 170, "Title": "นาย", "Votable": true, "province_id": 36, "province_name": "ชัยภูมิ", "zone_number": 4, "PartyTerminated": false, "Age": 46, "Occupation": "เกษตรกรรม", "HighestEducation": "ต่ำกว่าปริญญาตรี", "ImageFileId": "5c57e2c6fbcb5f1eec0e2eba", "SelfIntroduceFileId": "5c57e431fbcb5f1eec0e3a59", "PartyLogo": "https://storage.googleapis.com/candidate-thumbs/party/170.png", "CandididatePhoto": "https://storage.googleapis.com/candidate-thumbs/images/36-4-3.jpg"}, {"Unnamed: 0": 5061, "CandidateId": "a2031d4e-1ce6-42ad-828e-3c4c8ae5ed8b", "CandidateNo": 4, "FirstName": "ปิติภูมิ", "LastName": "พึ่งภูมิ", "PartyName": "ภูมิใจไทย", "PartyNumber": 63, "Title": "นาย", "Votable": true, "province_id": 36, "province_name": "ชัยภูมิ", "zone_number": 4, "PartyTerminated": false, "Age": 40, "Occupation": "ธุรกิจส่วนตัว", "HighestEducation": "ปริญญาโท", "ImageFileId": "5c57ee38fbcb5f1eec0e908c", "SelfIntroduceFileId": "5c57efe4fbcb5f1eec0ea127", "PartyLogo": "https://storage.googleapis.com/candidate-thumbs/party/63.png", "CandididatePhoto": "https://storage.googleapis.com/candidate-thumbs/images/36-4-4.jpg"}, {"Unnamed: 0": 5062, "CandidateId": "d3faa19d-5e8d-4f6b-a68c-c5a72f15b843", "CandidateNo": 5, "FirstName": "วิสิฏฐ์", "LastName": "ฦานาม", "PartyName": "ประชานิยม", "PartyNumber": 191, "Title": "นาย", "Votable": true, "province_id": 36, "province_name": "ชัยภูมิ", "zone_number": 4, "PartyTerminated": false, "Age": 60, "Occupation": "ข้าราชการครู", "HighestEducation": "ปริญญาตรี", "ImageFileId": "5c57f6c2fbcb5f1eec0ee720", "SelfIntroduceFileId": "5c57f798fbcb5f1eec0eef8e", "PartyLogo": "https://storage.googleapis.com/candidate-thumbs/party/191.png", "CandididatePhoto": "https://storage.googleapis.com/candidate-thumbs/images/36-4-5.jpg"}, {"Unnamed: 0": 5063, "CandidateId": "422c9f38-d7c1-4b49-b105-3edbfe48fa50", "CandidateNo": 6, "FirstName": "คณารัตน์", "LastName": "พรมเดื่อ", "PartyName": "เพื่อนไทย", "PartyNumber": 179, "Title": "นางสาว", "Votable": false, "province_id": 36, "province_name": "ชัยภูมิ", "zone_number": 4, "PartyTerminated": false, "Age": 32, "Occupation": "ครูผู้สอนเด็กปฐมวัย", "HighestEducation": "ปริญญาตรี", "ImageFileId": "5c5802cffbcb5f1eec0f8553", "SelfIntroduceFileId": "5c58038afbcb5f1eec0f8e86", "PartyLogo": "https://storage.googleapis.com/candidate-thumbs/party/179.png", "CandididatePhoto": "https://storage.googleapis.com/candidate-thumbs/images/36-4-6.jpg"}, {"Unnamed: 0": 5064, "CandidateId": "9fbd35d8-acec-4492-9770-e856dab5ffa2", "CandidateNo": 7, "FirstName": "สุขสันต์", "LastName": "ชื่นจิตร", "PartyName": "พลังประชารัฐ", "PartyNumber": 192, "Title": "นาย", "Votable": true, "province_id": 36, "province_name": "ชัยภูมิ", "zone_number": 4, "PartyTerminated": false, "Age": 50, "Occupation": "สมาชิกองค์การบริหารส่วนจังหวัดชัยภูมิ", "HighestEducation": "ปริญญาตรี", "ImageFileId": "5c58f8b2fbcb5f1d88137771", "SelfIntroduceFileId": "5c58f94ffbcb5f1d88137e59", "PartyLogo": "https://storage.googleapis.com/candidate-thumbs/party/192.png", "CandididatePhoto": "https://storage.googleapis.com/candidate-thumbs/images/36-4-7.jpg"}, {"Unnamed: 0": 5065, "CandidateId": "420ff3f7-718a-4956-bba2-790870e69287", "CandidateNo": 8, "FirstName": "สุเนตร์", "LastName": "หิรัญเกิด", "PartyName": "ไทยธรรม", "PartyNumber": 178, "Title": "นาง", "Votable": true, "province_id": 36, "province_name": "ชัยภูมิ", "zone_number": 4, "PartyTerminated": false, "Age": 48, "Occupation": "แม่บ้าน", "HighestEducation": "ต่ำกว่าปริญญาตรี", "ImageFileId": "5c5a90e7fbcb5f19bcaae5d6", "SelfIntroduceFileId": "5c58ff76fbcb5f1d8813b978", "PartyLogo": "https://storage.googleapis.com/candidate-thumbs/party/178.png", "CandididatePhoto": "https://storage.googleapis.com/candidate-thumbs/images/36-4-8.jpg"}, {"Unnamed: 0": 5066, "CandidateId": "abfc2241-cf0d-41c7-9f37-8c1e59360ed9", "CandidateNo": 9, "FirstName": "มานะ", "LastName": "โลหะวณิชย์", "PartyName": "เพื่อไทย", "PartyNumber": 34, "Title": "นาย", "Votable": true, "province_id": 36, "province_name": "ชัยภูมิ", "zone_number": 4, "PartyTerminated": false, "Age": 61, "Occupation": "ธุรกิจส่วนตัว", "HighestEducation": "ปริญญาโท", "ImageFileId": "5c59066bfbcb5f1d88141141", "SelfIntroduceFileId": "5c5906f6fbcb5f1d88141935", "PartyLogo": "https://storage.googleapis.com/candidate-thumbs/party/34.png", "CandididatePhoto": "https://storage.googleapis.com/candidate-thumbs/images/36-4-9.jpg"}, {"Unnamed: 0": 5067, "CandidateId": "a511aabb-9564-4c3e-b4e5-d3296dc72b59", "CandidateNo": 10, "FirstName": "นล", "LastName": "ฦๅชา", "PartyName": "ประชาภิวัฒน์", "PartyNumber": 172, "Title": "นาย", "Votable": true, "province_id": 36, "province_name": "ชัยภูมิ", "zone_number": 4, "PartyTerminated": false, "Age": 43, "Occupation": "พนักงานบริษัทเอกชน", "HighestEducation": "ปริญญาตรี", "ImageFileId": "5c5923bbfbcb5f1d88155565", "SelfIntroduceFileId": "5c59243efbcb5f1d88155cb5", "PartyLogo": "https://storage.googleapis.com/candidate-thumbs/party/172.png", "CandididatePhoto": "https://storage.googleapis.com/candidate-thumbs/images/36-4-10.jpg"}, {"Unnamed: 0": 5068, "CandidateId": "0e58775c-42bb-43db-b096-15eee5f4acd9", "CandidateNo": 11, "FirstName": "ราชัน", "LastName": "วรรณจงคำ", "PartyName": "พลังท้องถิ่นไท", "PartyNumber": 124, "Title": "นาย", "Votable": true, "province_id": 36, "province_name": "ชัยภูมิ", "zone_number": 4, "PartyTerminated": false, "Age": 54, "Occupation": "ค้าขาย", "HighestEducation": "ปริญญาโท", "ImageFileId": "5c592544fbcb5f1d88156658", "SelfIntroduceFileId": "5c5925a1fbcb5f1d88156a21", "PartyLogo": "https://storage.googleapis.com/candidate-thumbs/party/124.png", "CandididatePhoto": "https://storage.googleapis.com/candidate-thumbs/images/36-4-11.jpg"}, {"Unnamed: 0": 5069, "CandidateId": "c807fbce-4415-4309-a7f1-a9a7b5fa82f6", "CandidateNo": 12, "FirstName": "บุญมี", "LastName": "พ่อยอดรัก", "PartyName": "เสรีรวมไทย", "PartyNumber": 145, "Title": "นาย", "Votable": true, "province_id": 36, "province_name": "ชัยภูมิ", "zone_number": 4, "PartyTerminated": false, "Age": 43, "Occupation": "ค้าขาย", "HighestEducation": "ปริญญาตรี", "ImageFileId": "5c593082fbcb5f1d881605ec", "SelfIntroduceFileId": "5c593254fbcb5f1d88161dff", "PartyLogo": "https://storage.googleapis.com/candidate-thumbs/party/145.png", "CandididatePhoto": "https://storage.googleapis.com/candidate-thumbs/images/36-4-12.jpg"}, {"Unnamed: 0": 5070, "CandidateId": "fa1ce5d9-f197-4e02-828c-22f4da7d5474", "CandidateNo": 13, "FirstName": "นิตยา", "LastName": "มะโนชัย", "PartyName": "พลังแรงงานไทย", "PartyNumber": 199, "Title": "นาง", "Votable": true, "province_id": 36, "province_name": "ชัยภูมิ", "zone_number": 4, "PartyTerminated": false, "Age": 52, "Occupation": "เกษตรกรรม", "HighestEducation": "ต่ำกว่าปริญญาตรี", "ImageFileId": "5c593ffbfbcb5f1d8816d80e", "SelfIntroduceFileId": "5c5940d4fbcb5f1d8816e66f", "PartyLogo": "https://storage.googleapis.com/candidate-thumbs/party/199.png", "CandididatePhoto": "https://storage.googleapis.com/candidate-thumbs/images/36-4-13.jpg"}, {"Unnamed: 0": 5071, "CandidateId": "63178eb5-47ef-4178-ba02-824558ed0668", "CandidateNo": 14, "FirstName": "จรัญ", "LastName": "ชูช่วย", "PartyName": "ประชาชนปฏิรูป", "PartyNumber": 176, "Title": "นาย", "Votable": true, "province_id": 36, "province_name": "ชัยภูมิ", "zone_number": 4, "PartyTerminated": false, "Age": 47, "Occupation": "ธุรกิจส่วนตัว", "HighestEducation": "ต่ำกว่าปริญญาตรี", "ImageFileId": "5c594128fbcb5f1d8816ec3d", "SelfIntroduceFileId": "5c594241fbcb5f1d8816fa97", "PartyLogo": "https://storage.googleapis.com/candidate-thumbs/party/176.png", "CandididatePhoto": "https://storage.googleapis.com/candidate-thumbs/images/36-4-14.jpg"}, {"Unnamed: 0": 5072, "CandidateId": "36a01cc5-e3b8-4226-a90e-31dc88218b46", "CandidateNo": 15, "FirstName": "รัฐภัทร์", "LastName": "เบ้าทุมมา", "PartyName": "อนาคตใหม่", "PartyNumber": 177, "Title": "นาง", "Votable": true, "province_id": 36, "province_name": "ชัยภูมิ", "zone_number": 4, "PartyTerminated": false, "Age": 53, "Occupation": "รับราชการ", "HighestEducation": "ปริญญาตรี", "ImageFileId": "5c594343fbcb5f1d88170815", "SelfIntroduceFileId": "5c5943fafbcb5f1d8817101d", "PartyLogo": "https://storage.googleapis.com/candidate-thumbs/party/177.png", "CandididatePhoto": "https://storage.googleapis.com/candidate-thumbs/images/36-4-15.jpg"}, {"Unnamed: 0": 5073, "CandidateId": "5140cec5-be12-46bb-af37-3d4c50dbaccc", "CandidateNo": 16, "FirstName": "ศิริกาญน์", "LastName": "เพชรล้ำ", "PartyName": "รวมพลังประชาชาติไทย", "PartyNumber": 181, "Title": "นางสาว", "Votable": true, "province_id": 36, "province_name": "ชัยภูมิ", "zone_number": 4, "PartyTerminated": false, "Age": 25, "Occupation": "พนักงานบริษัทเอกชน", "HighestEducation": "ปริญญาตรี", "ImageFileId": "5c594514fbcb5f1d88171ef1", "SelfIntroduceFileId": "5c5945e5fbcb5f1d88172a0f", "PartyLogo": "https://storage.googleapis.com/candidate-thumbs/party/181.png", "CandididatePhoto": "https://storage.googleapis.com/candidate-thumbs/images/36-4-16.jpg"}, {"Unnamed: 0": 5074, "CandidateId": "2878c72c-a5b5-4a7d-ac34-dd275ad374f5", "CandidateNo": 17, "FirstName": "กรองแก้ว", "LastName": "ฦาชา", "PartyName": "ชาติพัฒนา", "PartyNumber": 45, "Title": "นางสาว", "Votable": true, "province_id": 36, "province_name": "ชัยภูมิ", "zone_number": 4, "PartyTerminated": false, "Age": 54, "Occupation": "ข้าราชการ", "HighestEducation": "ปริญญาตรี", "ImageFileId": "5c594715fbcb5f1d88173d31", "SelfIntroduceFileId": "5c59477ffbcb5f1d88174430", "PartyLogo": "https://storage.googleapis.com/candidate-thumbs/party/45.png", "CandididatePhoto": "https://storage.googleapis.com/candidate-thumbs/images/36-4-17.jpg"}, {"Unnamed: 0": 5075, "CandidateId": "49c787e0-4e01-4b30-963f-d95ba91963c1", "CandidateNo": 18, "FirstName": "ชัยชาญ", "LastName": "จรรย์โกมล", "PartyName": "ชาติไทยพัฒนา", "PartyNumber": 55, "Title": "นาย", "Votable": true, "province_id": 36, "province_name": "ชัยภูมิ", "zone_number": 4, "PartyTerminated": false, "Age": 55, "Occupation": "ธุรกิจส่วนตัว", "HighestEducation": "ปริญญาตรี", "ImageFileId": "5c59486cfbcb5f1d8817504f", "SelfIntroduceFileId": "5c5948cbfbcb5f1d8817566a", "PartyLogo": "https://storage.googleapis.com/candidate-thumbs/party/55.png", "CandididatePhoto": "https://storage.googleapis.com/candidate-thumbs/images/36-4-18.jpg"}, {"Unnamed: 0": 5076, "CandidateId": "06f7e739-96fb-440e-b4f0-b58db37181c2", "CandidateNo": 19, "FirstName": "บุญเรือง", "LastName": "ไชยสงค์", "PartyName": "ประชาธิปไตยใหม่", "PartyNumber": 109, "Title": "นาย", "Votable": true, "province_id": 36, "province_name": "ชัยภูมิ", "zone_number": 4, "PartyTerminated": false, "Age": 65, "Occupation": "เกษตรกรรม", "HighestEducation": "ต่ำกว่าปริญญาตรี", "ImageFileId": "5c595073fbcb5f1d8817b3ba", "SelfIntroduceFileId": "5c594e0afbcb5f1d8817996d", "PartyLogo": "https://storage.googleapis.com/candidate-thumbs/party/109.png", "CandididatePhoto": "https://storage.googleapis.com/candidate-thumbs/images/36-4-19.jpg"}, {"Unnamed: 0": 5077, "CandidateId": "e181c9a4-5351-4f3a-8cda-48befd11d3f8", "CandidateNo": 20, "FirstName": "ไพฑูรย์", "LastName": "พูนประสิทธิ์", "PartyName": "พลังปวงชนไทย", "PartyNumber": 184, "Title": "นาย", "Votable": true, "province_id": 36, "province_name": "ชัยภูมิ", "zone_number": 4, "PartyTerminated": false, "Age": 61, "Occupation": "ข้าราชการบำนาญ", "HighestEducation": "ปริญญาตรี", "ImageFileId": "5c5950bafbcb5f1d8817b8de", "SelfIntroduceFileId": "5c59513efbcb5f1d8817c32a", "PartyLogo": "https://storage.googleapis.com/candidate-thumbs/party/184.png", "CandididatePhoto": "https://storage.googleapis.com/candidate-thumbs/images/36-4-20.jpg"}, {"Unnamed: 0": 5078, "CandidateId": "491a44bf-e8df-451f-bc2d-0acbc07b40f0", "CandidateNo": 21, "FirstName": "สุพิน", "LastName": "เวฬุวัน", "PartyName": "เพื่อแผ่นดิน", "PartyNumber": 41, "Title": "นาย", "Votable": true, "province_id": 36, "province_name": "ชัยภูมิ", "zone_number": 4, "PartyTerminated": false, "Age": 68, "Occupation": "เกษตรกรรม", "HighestEducation": "ต่ำกว่าปริญญาตรี", "ImageFileId": "5c5a915ffbcb5f19bcaae87f", "SelfIntroduceFileId": "5c595285fbcb5f1d8817d050", "PartyLogo": "https://storage.googleapis.com/candidate-thumbs/party/41.png", "CandididatePhoto": "https://storage.googleapis.com/candidate-thumbs/images/36-4-21.jpg"}, {"Unnamed: 0": 5079, "CandidateId": "b70207f3-0646-4b49-9adc-d65b83b9fac6", "CandidateNo": 22, "FirstName": "ปราโมทย์", "LastName": "อาราษฎร์", "PartyName": "เศรษฐกิจใหม่", "PartyNumber": 193, "Title": "นาย", "Votable": true, "province_id": 36, "province_name": "ชัยภูมิ", "zone_number": 4, "PartyTerminated": false, "Age": 40, "Occupation": "รับราชการ", "HighestEducation": "ปริญญาโท", "ImageFileId": "5c5a51b8fbcb5f19bca935d1", "SelfIntroduceFileId": "5c5a52fefbcb5f19bca9433f", "PartyLogo": "https://storage.googleapis.com/candidate-thumbs/party/193.png", "CandididatePhoto": "https://storage.googleapis.com/candidate-thumbs/images/36-4-22.jpg"}, {"Unnamed: 0": 5080, "CandidateId": "a43875b6-34ca-41b3-95d5-5d9009dbd337", "CandidateNo": 23, "FirstName": "สนธยา", "LastName": "สีน้ำย้อม", "PartyName": "ประชากรไทย", "PartyNumber": 2, "Title": "นาย", "Votable": true, "province_id": 36, "province_name": "ชัยภูมิ", "zone_number": 4, "PartyTerminated": false, "Age": 44, "Occupation": "รับจ้าง", "HighestEducation": "ปริญญาตรี", "ImageFileId": "5c5a5460fbcb5f19bca94e76", "SelfIntroduceFileId": "5c5a54eefbcb5f19bca9539b", "PartyLogo": "https://storage.googleapis.com/candidate-thumbs/party/2.png", "CandididatePhoto": "https://storage.googleapis.com/candidate-thumbs/images/36-4-23.jpg"}, {"Unnamed: 0": 5081, "CandidateId": "8f74c1ce-0f5e-4d68-bd3a-e38b8fb7e195", "CandidateNo": 24, "FirstName": "มงคล", "LastName": "พรมเดื่อ", "PartyName": "พลเมืองไทย", "PartyNumber": 173, "Title": "นาย", "Votable": true, "province_id": 36, "province_name": "ชัยภูมิ", "zone_number": 4, "PartyTerminated": false, "Age": 47, "Occupation": "เกษตรกรรม", "HighestEducation": "ต่ำกว่าปริญญาตรี", "ImageFileId": "5c5a8d81fbcb5f19bcaac9df", "SelfIntroduceFileId": "5c5a8e85fbcb5f19bcaad181", "PartyLogo": "https://storage.googleapis.com/candidate-thumbs/party/173.png", "CandididatePhoto": "https://storage.googleapis.com/candidate-thumbs/images/36-4-24.jpg"}, {"Unnamed: 0": 5082, "CandidateId": "dfd6f565-9cd5-4c0c-8511-e11ac820a735", "CandidateNo": 25, "FirstName": "วรวรรธน์", "LastName": "จันทร์ทรานราศรี", "PartyName": "ประชาชาติ", "PartyNumber": 187, "Title": "นาย", "Votable": true, "province_id": 36, "province_name": "ชัยภูมิ", "zone_number": 4, "PartyTerminated": false, "Age": 58, "Occupation": "ข้าราชการการเมือง", "HighestEducation": "ปริญญาโท", "ImageFileId": "5c5b954efbcb5f16fc6543d6", "SelfIntroduceFileId": "5c5b9819fbcb5f16fc65540f", "PartyLogo": "https://storage.googleapis.com/candidate-thumbs/party/187.png", "CandididatePhoto": "https://storage.googleapis.com/candidate-thumbs/images/36-4-25.jpg"}, {"Unnamed: 0": 5083, "CandidateId": "1efca127-e88b-44db-847c-22354e32c6e8", "CandidateNo": 26, "FirstName": "ทรงศักดิ์", "LastName": "มุ่งวิชา", "PartyName": "ครูไทยเพื่อประชาชน", "PartyNumber": 118, "Title": "นาย", "Votable": true, "province_id": 36, "province_name": "ชัยภูมิ", "zone_number": 4, "PartyTerminated": false, "Age": 78, "Occupation": "ข้าราชการบำนาญ", "HighestEducation": "ต่ำกว่าปริญญาตรี", "ImageFileId": "5c5baafdfbcb5f16fc65ce1d", "SelfIntroduceFileId": "5c5bac3cfbcb5f16fc65d69e", "PartyLogo": "https://storage.googleapis.com/candidate-thumbs/party/118.png", "CandididatePhoto": "https://storage.googleapis.com/candidate-thumbs/images/36-4-26.jpg"}, {"Unnamed: 0": 5084, "CandidateId": "e8f74b2d-af63-45e1-bc1e-8380c1b621e2", "CandidateNo": 27, "FirstName": "สมประสงค์", "LastName": "พงศ์ธีระดุลย์", "PartyName": "ไทยรักษาชาติ", "PartyNumber": 77, "Title": "นาย", "Votable": true, "province_id": 36, "province_name": "ชัยภูมิ", "zone_number": 4, "PartyTerminated": true, "Age": 61, "Occupation": "ค้าขาย", "HighestEducation": "ปริญญาตรี", "ImageFileId": "5c5bbed4fbcb5f16fc66606b", "SelfIntroduceFileId": "5c5bc065fbcb5f16fc6666a3", "PartyLogo": "https://storage.googleapis.com/candidate-thumbs/party/77.png", "CandididatePhoto": "https://storage.googleapis.com/candidate-thumbs/images/36-4-27.jpg"}, {"Unnamed: 0": 5085, "CandidateId": "de97ac7e-d8f2-4537-a3aa-741a91d46d46", "CandidateNo": 28, "FirstName": "ณัฐพงษ์", "LastName": "พรมจมร", "PartyName": "มหาชน", "PartyNumber": 4, "Title": "นาย", "Votable": true, "province_id": 36, "province_name": "ชัยภูมิ", "zone_number": 4, "PartyTerminated": false, "Age": 26, "Occupation": "พนักงานโรงงาน", "HighestEducation": "ต่ำกว่าปริญญาตรี", "ImageFileId": "5c5bc0c8fbcb5f16fc66681f", "SelfIntroduceFileId": "5c5bc24afbcb5f16fc666ca0", "PartyLogo": "https://storage.googleapis.com/candidate-thumbs/party/4.png", "CandididatePhoto": "https://storage.googleapis.com/candidate-thumbs/images/36-4-28.jpg"}, {"Unnamed: 0": 5086, "CandidateId": "70037981-05f1-42b8-bd65-bf83149b613a", "CandidateNo": 29, "FirstName": "นิคม", "LastName": "วงษ์ดินดำ", "PartyName": "ประชาธรรมไทย", "PartyNumber": 190, "Title": "นาย", "Votable": true, "province_id": 36, "province_name": "ชัยภูมิ", "zone_number": 4, "PartyTerminated": false, "Age": 49, "Occupation": "นักวิชาการอิสระ", "HighestEducation": "ปริญญาโท", "ImageFileId": "5c5bc4b3fbcb5f16fc6676a7", "SelfIntroduceFileId": "5c5bc92dfbcb5f16fc668bf8", "PartyLogo": "https://storage.googleapis.com/candidate-thumbs/party/190.png", "CandididatePhoto": "https://storage.googleapis.com/candidate-thumbs/images/36-4-29.jpg"}, {"Unnamed: 0": 5087, "CandidateId": "e101f432-223b-4da3-a42f-ff11f0844635", "CandidateNo": 30, "FirstName": "สวัสดิ์", "LastName": "ปานจำรูญ", "PartyName": "พลังไทสร้างชาติ", "PartyNumber": 200, "Title": "นาย", "Votable": true, "province_id": 36, "province_name": "ชัยภูมิ", "zone_number": 4, "PartyTerminated": false, "Age": 71, "Occupation": "เกษตรกรรม", "HighestEducation": "ต่ำกว่าปริญญาตรี", "ImageFileId": "5c5bcafffbcb5f16fc669a6e", "SelfIntroduceFileId": "5c5bcb8cfbcb5f16fc669cef", "PartyLogo": "https://storage.googleapis.com/candidate-thumbs/party/200.png", "CandididatePhoto": "https://storage.googleapis.com/candidate-thumbs/images/36-4-30.jpg"}, {"Unnamed: 0": 5088, "CandidateId": "112d3dbf-fa4d-4096-b332-9807d5853120", "CandidateNo": 31, "FirstName": "สมาน", "LastName": "สุธรรมาภิวัฒน์", "PartyName": "เพื่อชาติ", "PartyNumber": 149, "Title": "นาย", "Votable": true, "province_id": 36, "province_name": "ชัยภูมิ", "zone_number": 4, "PartyTerminated": false, "Age": 62, "Occupation": "นายกองค์การบริหารส่วนตำบล", "HighestEducation": "ปริญญาโท", "ImageFileId": "5c5d070dfbcb5f0fd884bea9", "SelfIntroduceFileId": "5c5d079ffbcb5f0fd884c173", "PartyLogo": "https://storage.googleapis.com/candidate-thumbs/party/149.png", "CandididatePhoto": "https://storage.googleapis.com/candidate-thumbs/images/36-4-31.jpg"}, {"Unnamed: 0": 5089, "CandidateId": "41ee0bbd-4fcd-4c1d-996e-8ccaf24c6399", "CandidateNo": 32, "FirstName": "ปัญญา", "LastName": "จันทะสุทโท", "PartyName": "ผึ้งหลวง", "PartyNumber": 164, "Title": "นาย", "Votable": true, "province_id": 36, "province_name": "ชัยภูมิ", "zone_number": 4, "PartyTerminated": false, "Age": 40, "Occupation": "เกษตรกรรม", "HighestEducation": "ปริญญาตรี", "ImageFileId": "5c5d38fefbcb5f0fd88609e1", "SelfIntroduceFileId": "5c5d3a80fbcb5f0fd886153a", "PartyLogo": "https://storage.googleapis.com/candidate-thumbs/party/164.png", "CandididatePhoto": "https://storage.googleapis.com/candidate-thumbs/images/36-4-32.jpg"}, {"Unnamed: 0": 5090, "CandidateId": "a0ebf496-3754-40f8-9fe5-6f871d544369", "CandidateNo": 33, "FirstName": "เกษร", "LastName": "บุราณ", "PartyName": "พลังศรัทธา", "PartyNumber": 201, "Title": "นาง", "Votable": true, "province_id": 36, "province_name": "ชัยภูมิ", "zone_number": 4, "PartyTerminated": false, "Age": 47, "Occupation": "เกษตรกรรม", "HighestEducation": "ต่ำกว่าปริญญาตรี", "ImageFileId": "5c5d3ecbfbcb5f0fd886402f", "SelfIntroduceFileId": "5c5d3fd9fbcb5f0fd8864b88", "PartyLogo": "https://storage.googleapis.com/candidate-thumbs/party/201.png", "CandididatePhoto": "https://storage.googleapis.com/candidate-thumbs/images/36-4-33.jpg"}, {"Unnamed: 0": 5091, "CandidateId": "ea73ae3a-d0e8-4a2e-a3fe-8332095baf9e", "CandidateNo": 34, "FirstName": "ปัญญา", "LastName": "ทะนารี", "PartyName": "พลังชาติไทย", "PartyNumber": 186, "Title": "นาย", "Votable": true, "province_id": 36, "province_name": "ชัยภูมิ", "zone_number": 4, "PartyTerminated": false, "Age": 61, "Occupation": "ข้าราชการครู", "HighestEducation": "ปริญญาตรี", "ImageFileId": "5c5d5e3cfbcb5f0fd8879e0c", "SelfIntroduceFileId": "5c5d6481fbcb5f0fd887ce58", "PartyLogo": "https://storage.googleapis.com/candidate-thumbs/party/186.png", "CandididatePhoto": "https://storage.googleapis.com/candidate-thumbs/images/36-4-34.jpg"}, {"Unnamed: 0": 5092, "CandidateId": "fa21fadb-1b5b-4d43-a72d-5f4f65e42ebe", "CandidateNo": 35, "FirstName": "พิมพ์นภา", "LastName": "จรัสกาย", "PartyName": "แทนคุณแผ่นดิน", "PartyNumber": 53, "Title": "นางสาว", "Votable": true, "province_id": 36, "province_name": "ชัยภูมิ", "zone_number": 4, "PartyTerminated": false, "Age": 34, "Occupation": "ธุรกิจส่วนตัว", "HighestEducation": "ต่ำกว่าปริญญาตรี", "ImageFileId": "5c5d5f03fbcb5f0fd887a468", "SelfIntroduceFileId": "5c5d64f8fbcb5f0fd887d20e", "PartyLogo": "https://storage.googleapis.com/candidate-thumbs/party/53.png", "CandididatePhoto": "https://storage.googleapis.com/candidate-thumbs/images/36-4-35.jpg"}, {"Unnamed: 0": 5093, "CandidateId": "6c790730-cd59-405d-b606-bad0e9fbe1b5", "CandidateNo": 36, "FirstName": "ประดิษฐ์", "LastName": "ภิรมย์ไกรภักดิ์", "PartyName": "รักท้องถิ่นไทย", "PartyNumber": 162, "Title": "นาย", "Votable": true, "province_id": 36, "province_name": "ชัยภูมิ", "zone_number": 4, "PartyTerminated": false, "Age": 63, "Occupation": "ข้าราชการครู", "HighestEducation": "ปริญญาโท", "ImageFileId": "5c5d5df7fbcb5f0fd8879c76", "SelfIntroduceFileId": "5c5d667efbcb5f0fd887dbb3", "PartyLogo": "https://storage.googleapis.com/candidate-thumbs/party/162.png", "CandididatePhoto": "https://storage.googleapis.com/candidate-thumbs/images/36-4-36.jpg"}, {"Unnamed: 0": 5094, "CandidateId": "4467cc88-f352-48f8-932e-a24236d23cf9", "CandidateNo": 37, "FirstName": "สุเทพ", "LastName": "เนาว์โอโล", "PartyName": "ไทรักธรรม", "PartyNumber": 144, "Title": "นาย", "Votable": true, "province_id": 36, "province_name": "ชัยภูมิ", "zone_number": 4, "PartyTerminated": false, "Age": 56, "Occupation": "ค้าขาย", "HighestEducation": "ต่ำกว่าปริญญาตรี", "ImageFileId": "5c5d5f5cfbcb5f0fd887a65d", "SelfIntroduceFileId": "5c5d6754fbcb5f0fd887dee0", "PartyLogo": "https://storage.googleapis.com/candidate-thumbs/party/144.png", "CandididatePhoto": "https://storage.googleapis.com/candidate-thumbs/images/36-4-37.jpg"}]