[{"Unnamed: 0": 280, "CandidateId": "387e70f6-e954-45b0-8fc0-8e71e2e48511", "CandidateNo": 1, "FirstName": "ปิยนุช", "LastName": "ปาปี", "PartyName": "ประชาชาติ", "PartyNumber": 187, "Title": "นาง", "Votable": true, "province_id": 18, "province_name": "ชัยนาท", "zone_number": 1, "PartyTerminated": false, "Age": 74, "Occupation": "แม่บ้าน", "HighestEducation": "ปริญญาตรี", "ImageFileId": "5c57f328fbcb5f1eec0ebf99", "SelfIntroduceFileId": "5c58f6ccfbcb5f1d881361e0", "PartyLogo": "https://storage.googleapis.com/candidate-thumbs/party/187.png", "CandididatePhoto": "https://storage.googleapis.com/candidate-thumbs/images/18-1-1.jpg"}, {"Unnamed: 0": 281, "CandidateId": "a2bb48c5-88d1-461a-a768-e28b2f2bd18e", "CandidateNo": 2, "FirstName": "ณัฐพงศ์", "LastName": "นวลแสง", "PartyName": "อนาคตใหม่", "PartyNumber": 177, "Title": "นาย", "Votable": true, "province_id": 18, "province_name": "ชัยนาท", "zone_number": 1, "PartyTerminated": false, "Age": 45, "Occupation": "ธุรกิจส่วนตัว", "HighestEducation": "ปริญญาโท", "ImageFileId": "5c57f406fbcb5f1eec0ec8d6", "SelfIntroduceFileId": "5c593251fbcb5f1d88161dbb", "PartyLogo": "https://storage.googleapis.com/candidate-thumbs/party/177.png", "CandididatePhoto": "https://storage.googleapis.com/candidate-thumbs/images/18-1-2.jpg"}, {"Unnamed: 0": 282, "CandidateId": "55c132a9-d9cd-4dcc-a998-e3bd95493d92", "CandidateNo": 3, "FirstName": "ประชา", "LastName": "ยอดวานิช", "PartyName": "ประชาธิปัตย์", "PartyNumber": 1, "Title": "นาย", "Votable": true, "province_id": 18, "province_name": "ชัยนาท", "zone_number": 1, "PartyTerminated": false, "Age": 48, "Occupation": "นักธุรกิจ", "HighestEducation": "ปริญญาโท", "ImageFileId": "5c57f446fbcb5f1eec0ecbf7", "SelfIntroduceFileId": "5c594a39fbcb5f1d88176893", "PartyLogo": "https://storage.googleapis.com/candidate-thumbs/party/1.png", "CandididatePhoto": "https://storage.googleapis.com/candidate-thumbs/images/18-1-3.jpg"}, {"Unnamed: 0": 283, "CandidateId": "aece267b-daf2-4b57-a416-f5f22cf694ca", "CandidateNo": 4, "FirstName": "ภูวภัท", "LastName": "เมธากีรติกร", "PartyName": "ภูมิใจไทย", "PartyNumber": 63, "Title": "นาย", "Votable": true, "province_id": 18, "province_name": "ชัยนาท", "zone_number": 1, "PartyTerminated": false, "Age": 57, "Occupation": "นักธุรกิจ", "HighestEducation": "ปริญญาตรี", "ImageFileId": "5c57f4dafbcb5f1eec0ed129", "SelfIntroduceFileId": "5c5950fdfbcb5f1d8817be92", "PartyLogo": "https://storage.googleapis.com/candidate-thumbs/party/63.png", "CandididatePhoto": "https://storage.googleapis.com/candidate-thumbs/images/18-1-4.jpg"}, {"Unnamed: 0": 284, "CandidateId": "acd7f092-1a94-49b0-a5ff-2d8d0f35b677", "CandidateNo": 5, "FirstName": "สุภัทร์ประกร", "LastName": "อ่ำสกุล", "PartyName": "เพื่อชาติ", "PartyNumber": 149, "Title": "นาย", "Votable": true, "province_id": 18, "province_name": "ชัยนาท", "zone_number": 1, "PartyTerminated": false, "Age": 69, "Occupation": "สมาชิกสภาเทศบาล ต.ศิลาดาน", "HighestEducation": "ปริญญาตรี", "ImageFileId": "5c57f542fbcb5f1eec0ed5b8", "SelfIntroduceFileId": "5c5935bffbcb5f1d88164bb3", "PartyLogo": "https://storage.googleapis.com/candidate-thumbs/party/149.png", "CandididatePhoto": "https://storage.googleapis.com/candidate-thumbs/images/18-1-5.jpg"}, {"Unnamed: 0": 285, "CandidateId": "f9bb35bd-f70c-4cea-887d-e401979538fb", "CandidateNo": 6, "FirstName": "สนั่น", "LastName": "ทองปาน", "PartyName": "เสรีรวมไทย", "PartyNumber": 145, "Title": "นาย", "Votable": true, "province_id": 18, "province_name": "ชัยนาท", "zone_number": 1, "PartyTerminated": false, "Age": 71, "Occupation": "ผู้อำนวยการสถานศึกษา/นักวิชาการอิสระ", "HighestEducation": "ปริญญาเอก", "ImageFileId": "5c57f564fbcb5f1eec0ed872", "SelfIntroduceFileId": "5c595395fbcb5f1d8817d97c", "PartyLogo": "https://storage.googleapis.com/candidate-thumbs/party/145.png", "CandididatePhoto": "https://storage.googleapis.com/candidate-thumbs/images/18-1-6.jpg"}, {"Unnamed: 0": 286, "CandidateId": "d6fa14a1-5a4c-4395-a708-8f5d06d3611c", "CandidateNo": 7, "FirstName": "สุชาติ", "LastName": "อัมพานนท์", "PartyName": "ไทยศรีวิไลย์", "PartyNumber": 180, "Title": "นาย", "Votable": true, "province_id": 18, "province_name": "ชัยนาท", "zone_number": 1, "PartyTerminated": false, "Age": 53, "Occupation": "รับจ้าง", "HighestEducation": "ปริญญาโท", "ImageFileId": "5c57f5f6fbcb5f1eec0edf71", "SelfIntroduceFileId": "5c59557dfbcb5f1d8817eceb", "PartyLogo": "https://storage.googleapis.com/candidate-thumbs/party/180.png", "CandididatePhoto": "https://storage.googleapis.com/candidate-thumbs/images/18-1-7.jpg"}, {"Unnamed: 0": 287, "CandidateId": "78eabac0-b30b-4c19-bfcb-18b33cd084c1", "CandidateNo": 8, "FirstName": "สกณภัทร", "LastName": "เรืองคุ้ม", "PartyName": "รวมพลังประชาชาติไทย", "PartyNumber": 181, "Title": "นาย", "Votable": true, "province_id": 18, "province_name": "ชัยนาท", "zone_number": 1, "PartyTerminated": false, "Age": 55, "Occupation": "ธุรกิจส่วนตัว", "HighestEducation": "ต่ำกว่าปริญญาตรี", "ImageFileId": "5c57f678fbcb5f1eec0ee3c3", "SelfIntroduceFileId": "5c5d601afbcb5f0fd887ad00", "PartyLogo": "https://storage.googleapis.com/candidate-thumbs/party/181.png", "CandididatePhoto": "https://storage.googleapis.com/candidate-thumbs/images/18-1-8.jpg"}, {"Unnamed: 0": 288, "CandidateId": "adf51e63-bc02-461e-9e2b-998e46223f35", "CandidateNo": 9, "FirstName": "พรหมมิน", "LastName": "สีตบุตร", "PartyName": "เพื่อไทย", "PartyNumber": 34, "Title": "นาย", "Votable": true, "province_id": 18, "province_name": "ชัยนาท", "zone_number": 1, "PartyTerminated": false, "Age": 64, "Occupation": "รับจ้าง", "HighestEducation": "ปริญญาเอก", "ImageFileId": "5c57f880fbcb5f1eec0ef69c", "SelfIntroduceFileId": "5c595a79fbcb5f1d88180f66", "PartyLogo": "https://storage.googleapis.com/candidate-thumbs/party/34.png", "CandididatePhoto": "https://storage.googleapis.com/candidate-thumbs/images/18-1-9.jpg"}, {"Unnamed: 0": 289, "CandidateId": "fc7e3c09-9d20-4db7-9295-0d9820d4d909", "CandidateNo": 10, "FirstName": "สมชาย", "LastName": "สิทธิบรวงษ์", "PartyName": "ไทยรักษาชาติ", "PartyNumber": 77, "Title": "นาย", "Votable": true, "province_id": 18, "province_name": "ชัยนาท", "zone_number": 1, "PartyTerminated": true, "Age": 59, "Occupation": "สมาชิกสภาองค์การบริหารส่วนจังหวัดชัยนาท", "HighestEducation": "ปริญญาตรี", "ImageFileId": "5c57f9bdfbcb5f1eec0f03fc", "SelfIntroduceFileId": "5c595e74fbcb5f1d88181d6c", "PartyLogo": "https://storage.googleapis.com/candidate-thumbs/party/77.png", "CandididatePhoto": "https://storage.googleapis.com/candidate-thumbs/images/18-1-10.jpg"}, {"Unnamed: 0": 290, "CandidateId": "da2b6e27-9e16-4427-942e-9676f6b7c3a9", "CandidateNo": 11, "FirstName": "อนุชา", "LastName": "นาคาศัย", "PartyName": "พลังประชารัฐ", "PartyNumber": 192, "Title": "นาย", "Votable": true, "province_id": 18, "province_name": "ชัยนาท", "zone_number": 1, "PartyTerminated": false, "Age": 58, "Occupation": "นักการเมือง", "HighestEducation": "ปริญญาโท", "ImageFileId": "5c57fbc5fbcb5f1eec0f1ffc", "SelfIntroduceFileId": "5c596205fbcb5f1d88182881", "PartyLogo": "https://storage.googleapis.com/candidate-thumbs/party/192.png", "CandididatePhoto": "https://storage.googleapis.com/candidate-thumbs/images/18-1-11.jpg"}, {"Unnamed: 0": 291, "CandidateId": "14b3b388-81ab-44c5-a56f-4e3214a312a5", "CandidateNo": 12, "FirstName": "อนนต์", "LastName": "สิงหะสุริยะ", "PartyName": "พลังท้องถิ่นไท", "PartyNumber": 124, "Title": "นาย", "Votable": true, "province_id": 18, "province_name": "ชัยนาท", "zone_number": 1, "PartyTerminated": false, "Age": 60, "Occupation": "รับจ้างทั่วไป", "HighestEducation": "ต่ำกว่าปริญญาตรี", "ImageFileId": "5c57fd3afbcb5f1eec0f36d1", "SelfIntroduceFileId": "5c596645fbcb5f1d8818345a", "PartyLogo": "https://storage.googleapis.com/candidate-thumbs/party/124.png", "CandididatePhoto": "https://storage.googleapis.com/candidate-thumbs/images/18-1-12.jpg"}, {"Unnamed: 0": 292, "CandidateId": "521192f4-cd0a-4fb0-bd3a-995c5f2a878a", "CandidateNo": 13, "FirstName": "กฤติเดช", "LastName": "กิตติศาลโชติไพบูลย์", "PartyName": "ประชานิยม", "PartyNumber": 191, "Title": "นาย", "Votable": true, "province_id": 18, "province_name": "ชัยนาท", "zone_number": 1, "PartyTerminated": false, "Age": 52, "Occupation": "เกษตรกรรม", "HighestEducation": "ต่ำกว่าปริญญาตรี", "ImageFileId": "5c57fe81fbcb5f1eec0f493d", "SelfIntroduceFileId": "5c596a6afbcb5f1d88183caf", "PartyLogo": "https://storage.googleapis.com/candidate-thumbs/party/191.png", "CandididatePhoto": "https://storage.googleapis.com/candidate-thumbs/images/18-1-13.jpg"}, {"Unnamed: 0": 293, "CandidateId": "fad0b6fa-ccf5-449f-bba2-3f797bde061c", "CandidateNo": 14, "FirstName": "วิชิต", "LastName": "กลัดสุข", "PartyName": "ประชาภิวัฒน์", "PartyNumber": 172, "Title": "นาย", "Votable": true, "province_id": 18, "province_name": "ชัยนาท", "zone_number": 1, "PartyTerminated": false, "Age": 63, "Occupation": "ข้าราชการบำนาญ", "HighestEducation": "ปริญญาโท", "ImageFileId": "5c58046afbcb5f1eec0f9cea", "SelfIntroduceFileId": "5c596c7cfbcb5f1d88183ec4", "PartyLogo": "https://storage.googleapis.com/candidate-thumbs/party/172.png", "CandididatePhoto": "https://storage.googleapis.com/candidate-thumbs/images/18-1-14.jpg"}, {"Unnamed: 0": 294, "CandidateId": "c2158b21-d1ce-4f2a-a658-f8a94958cf16", "CandidateNo": 15, "FirstName": "บุรินทร์", "LastName": "จิรวัฒน์จรรยา", "PartyName": "ประชาชนปฏิรูป", "PartyNumber": 176, "Title": "นาย", "Votable": true, "province_id": 18, "province_name": "ชัยนาท", "zone_number": 1, "PartyTerminated": false, "Age": 73, "Occupation": "กิจการร้านค้าทอง", "HighestEducation": "ต่ำกว่าปริญญาตรี", "ImageFileId": "5c5804b5fbcb5f1eec0fa0fa", "SelfIntroduceFileId": "5c596e47fbcb5f1d88184185", "PartyLogo": "https://storage.googleapis.com/candidate-thumbs/party/176.png", "CandididatePhoto": "https://storage.googleapis.com/candidate-thumbs/images/18-1-15.jpg"}, {"Unnamed: 0": 295, "CandidateId": "70e302fe-863d-428d-b698-dae29127d494", "CandidateNo": 16, "FirstName": "ชลอ", "LastName": "พวงทอง", "PartyName": "พลังปวงชนไทย", "PartyNumber": 184, "Title": "นาย", "Votable": true, "province_id": 18, "province_name": "ชัยนาท", "zone_number": 1, "PartyTerminated": false, "Age": 55, "Occupation": "ธุรกิจส่วนตัว", "HighestEducation": "ต่ำกว่าปริญญาตรี", "ImageFileId": "5c59739afbcb5f1d8818470b", "SelfIntroduceFileId": "5c5a3feafbcb5f19bca8a726", "PartyLogo": "https://storage.googleapis.com/candidate-thumbs/party/184.png", "CandididatePhoto": "https://storage.googleapis.com/candidate-thumbs/images/18-1-16.jpg"}, {"Unnamed: 0": 296, "CandidateId": "b569c53b-bdec-41bf-a4d2-efbe6265a583", "CandidateNo": 17, "FirstName": "ประสิทธิ์", "LastName": "แพ่งกลิ่น", "PartyName": "ชาติไทยพัฒนา", "PartyNumber": 55, "Title": "สิบเอก", "Votable": true, "province_id": 18, "province_name": "ชัยนาท", "zone_number": 1, "PartyTerminated": false, "Age": 58, "Occupation": "รับราชการทหาร", "HighestEducation": "ต่ำกว่าปริญญาตรี", "ImageFileId": "5c5976bcfbcb5f1d8818485b", "SelfIntroduceFileId": "5c5a42a3fbcb5f19bca8b910", "PartyLogo": "https://storage.googleapis.com/candidate-thumbs/party/55.png", "CandididatePhoto": "https://storage.googleapis.com/candidate-thumbs/images/18-1-17.jpg"}, {"Unnamed: 0": 297, "CandidateId": "de959d03-a5e1-4091-9508-5a5de7c03e8a", "CandidateNo": 18, "FirstName": "เรวัตร", "LastName": "ฟักขาว", "PartyName": "เพื่อนไทย", "PartyNumber": 179, "Title": "นาย", "Votable": false, "province_id": 18, "province_name": "ชัยนาท", "zone_number": 1, "PartyTerminated": false, "Age": 61, "Occupation": "รับจ้าง", "HighestEducation": "ต่ำกว่าปริญญาตรี", "ImageFileId": "5c59777afbcb5f1d88184990", "SelfIntroduceFileId": "5c5a43c7fbcb5f19bca8bf84", "PartyLogo": "https://storage.googleapis.com/candidate-thumbs/party/179.png", "CandididatePhoto": "https://storage.googleapis.com/candidate-thumbs/images/18-1-18.jpg"}, {"Unnamed: 0": 298, "CandidateId": "960d3142-1955-46a3-9870-77084cf7d446", "CandidateNo": 19, "FirstName": "ลือชา", "LastName": "แย้มขยัน", "PartyName": "รักษ์ผืนป่าประเทศไทย", "PartyNumber": 133, "Title": "นาย", "Votable": true, "province_id": 18, "province_name": "ชัยนาท", "zone_number": 1, "PartyTerminated": false, "Age": 50, "Occupation": "รับเหมาก่อสร้าง", "HighestEducation": "ต่ำกว่าปริญญาตรี", "ImageFileId": "5c5a4a83fbcb5f19bca8f234", "SelfIntroduceFileId": "5c5a4bfcfbcb5f19bca90220", "PartyLogo": "https://storage.googleapis.com/candidate-thumbs/party/133.png", "CandididatePhoto": "https://storage.googleapis.com/candidate-thumbs/images/18-1-19.jpg"}, {"Unnamed: 0": 299, "CandidateId": "0c28df09-8f81-4322-a83a-b5c6a8ab3922", "CandidateNo": 20, "FirstName": "ประสาน", "LastName": "วงเวียน", "PartyName": "พลเมืองไทย", "PartyNumber": 173, "Title": "นาย", "Votable": true, "province_id": 18, "province_name": "ชัยนาท", "zone_number": 1, "PartyTerminated": false, "Age": 56, "Occupation": "ค้าขาย", "HighestEducation": "ต่ำกว่าปริญญาตรี", "ImageFileId": "5c5a639ffbcb5f19bca9cb63", "SelfIntroduceFileId": "5c5a654efbcb5f19bca9d7b7", "PartyLogo": "https://storage.googleapis.com/candidate-thumbs/party/173.png", "CandididatePhoto": "https://storage.googleapis.com/candidate-thumbs/images/18-1-20.jpg"}, {"Unnamed: 0": 300, "CandidateId": "991763cc-f64d-4c3c-bc77-5fb00751d41b", "CandidateNo": 21, "FirstName": "ทองเหมาะ", "LastName": "สำราญบุญ", "PartyName": "เครือข่ายชาวนาแห่งประเทศไทย", "PartyNumber": 22, "Title": "นาย", "Votable": true, "province_id": 18, "province_name": "ชัยนาท", "zone_number": 1, "PartyTerminated": false, "Age": 60, "Occupation": "เกษตรกร", "HighestEducation": "ต่ำกว่าปริญญาตรี", "ImageFileId": "5c5baf50fbcb5f16fc65f24f", "SelfIntroduceFileId": "5c5bb94bfbcb5f16fc66414a", "PartyLogo": "https://storage.googleapis.com/candidate-thumbs/party/22.png", "CandididatePhoto": "https://storage.googleapis.com/candidate-thumbs/images/18-1-21.jpg"}, {"Unnamed: 0": 301, "CandidateId": "997c4326-c53f-4696-810e-5e902228166c", "CandidateNo": 22, "FirstName": "ศุภกาญจน์", "LastName": "โจนส์", "PartyName": "เศรษฐกิจใหม่", "PartyNumber": 193, "Title": "นาง", "Votable": false, "province_id": 18, "province_name": "ชัยนาท", "zone_number": 1, "PartyTerminated": false, "Age": 54, "Occupation": "ธุรกิจส่วนตัว", "HighestEducation": "ต่ำกว่าปริญญาตรี", "ImageFileId": "5c5bca59fbcb5f16fc669628", "SelfIntroduceFileId": "5c5bdee4fbcb5f16fc673520", "PartyLogo": "https://storage.googleapis.com/candidate-thumbs/party/193.png", "CandididatePhoto": "https://storage.googleapis.com/candidate-thumbs/images/18-1-22.jpg"}, {"Unnamed: 0": 302, "CandidateId": "b6d18a69-229e-4e2f-8706-aab9251c8a03", "CandidateNo": 23, "FirstName": "สหาย", "LastName": "นิลกำแหง", "PartyName": "พลังไทยดี", "PartyNumber": 212, "Title": "นาย", "Votable": true, "province_id": 18, "province_name": "ชัยนาท", "zone_number": 1, "PartyTerminated": false, "Age": 79, "Occupation": "อาสาสมัครสาธารณสุขประจำหมู่บ้าน", "HighestEducation": "ต่ำกว่าปริญญาตรี", "ImageFileId": "5c5be400fbcb5f16fc675c2b", "SelfIntroduceFileId": "5c5ce188fbcb5f16fc689e5d", "PartyLogo": "https://storage.googleapis.com/candidate-thumbs/party/212.png", "CandididatePhoto": "https://storage.googleapis.com/candidate-thumbs/images/18-1-23.jpg"}, {"Unnamed: 0": 303, "CandidateId": "28475c7e-4f9c-4c74-8d2a-525e88669033", "CandidateNo": 24, "FirstName": "วินัย", "LastName": "วุ่นคง", "PartyName": "แผ่นดินธรรม", "PartyNumber": 188, "Title": "นาย", "Votable": true, "province_id": 18, "province_name": "ชัยนาท", "zone_number": 1, "PartyTerminated": false, "Age": 52, "Occupation": "เกษตรกร", "HighestEducation": "ต่ำกว่าปริญญาตรี", "ImageFileId": "5c5be447fbcb5f16fc675da4", "SelfIntroduceFileId": "5c5beb0bfbcb5f16fc679976", "PartyLogo": "https://storage.googleapis.com/candidate-thumbs/party/188.png", "CandididatePhoto": "https://storage.googleapis.com/candidate-thumbs/images/18-1-24.jpg"}, {"Unnamed: 0": 304, "CandidateId": "764c7eda-52ca-4c64-87f0-b5a8380c81f4", "CandidateNo": 25, "FirstName": "วรารัตน์", "LastName": "ทองมาก", "PartyName": "พลังชาติไทย", "PartyNumber": 186, "Title": "นางสาว", "Votable": true, "province_id": 18, "province_name": "ชัยนาท", "zone_number": 1, "PartyTerminated": false, "Age": 34, "Occupation": "เกษตรกร", "HighestEducation": "ปริญญาตรี", "ImageFileId": "5c5bfc68fbcb5f16fc681420", "SelfIntroduceFileId": "5c5bfe38fbcb5f16fc681b51", "PartyLogo": "https://storage.googleapis.com/candidate-thumbs/party/186.png", "CandididatePhoto": "https://storage.googleapis.com/candidate-thumbs/images/18-1-25.jpg"}, {"Unnamed: 0": 305, "CandidateId": "d3fde37a-6f6d-4680-a531-5d4cfc9eb662", "CandidateNo": 26, "FirstName": "บุญเลิศ", "LastName": "แก้วอินทร์", "PartyName": "ภูมิพลังเกษตรกรไทย", "PartyNumber": 197, "Title": "นาย", "Votable": true, "province_id": 18, "province_name": "ชัยนาท", "zone_number": 1, "PartyTerminated": false, "Age": 56, "Occupation": "เกษตรกร", "HighestEducation": "ต่ำกว่าปริญญาตรี", "ImageFileId": "5c5d290dfbcb5f0fd8858730", "SelfIntroduceFileId": "5c5d28b2fbcb5f0fd88583df", "PartyLogo": "https://storage.googleapis.com/candidate-thumbs/party/197.png", "CandididatePhoto": "https://storage.googleapis.com/candidate-thumbs/images/18-1-26.jpg"}, {"Unnamed: 0": 306, "CandidateId": "a60337fb-fefe-4622-aa89-a555f6b3035c", "CandidateNo": 27, "FirstName": "สมบัติ", "LastName": "แก้วคง", "PartyName": "ประชาไทย", "PartyNumber": 205, "Title": "นาย", "Votable": true, "province_id": 18, "province_name": "ชัยนาท", "zone_number": 1, "PartyTerminated": false, "Age": 53, "Occupation": "พนักงานบริษัท", "HighestEducation": "ปริญญาตรี", "ImageFileId": "5c5d4911fbcb5f0fd886aedc", "SelfIntroduceFileId": "5c5d596dfbcb5f0fd8877224", "PartyLogo": "https://storage.googleapis.com/candidate-thumbs/party/205.png", "CandididatePhoto": "https://storage.googleapis.com/candidate-thumbs/images/18-1-27.jpg"}, {"Unnamed: 0": 307, "CandidateId": "589d4591-9d36-4e7e-9cbe-6d5806825420", "CandidateNo": 28, "FirstName": "เพทาย", "LastName": "ทัพมงคล", "PartyName": "พลังประชาธิปไตย", "PartyNumber": 153, "Title": "นาย", "Votable": false, "province_id": 18, "province_name": "ชัยนาท", "zone_number": 1, "PartyTerminated": false, "Age": 60, "Occupation": "รับราชการตำรวจ", "HighestEducation": "ปริญญาเอก", "ImageFileId": "5c5d4a91fbcb5f0fd886c25b", "SelfIntroduceFileId": "5c5d5d6dfbcb5f0fd887978c", "PartyLogo": "https://storage.googleapis.com/candidate-thumbs/party/153.png", "CandididatePhoto": "https://storage.googleapis.com/candidate-thumbs/images/18-1-28.jpg"}]