[{"Unnamed: 0": 960, "CandidateId": "1d408ccb-1055-48b7-a732-8b7fbd9a67be", "CandidateNo": 1, "FirstName": "ทนายเสือธนพล", "LastName": "สุขปาน", "PartyName": "ไทยรักษาชาติ", "PartyNumber": 77, "Title": "นาย", "Votable": true, "province_id": 86, "province_name": "ชุมพร", "zone_number": 1, "PartyTerminated": true, "Age": 49, "Occupation": "ทนายความ", "HighestEducation": "ปริญญาเอก", "ImageFileId": "5c58e2aefbcb5f1d8812dc72", "SelfIntroduceFileId": "5c58e415fbcb5f1d8812e0e6", "PartyLogo": "https://storage.googleapis.com/candidate-thumbs/party/77.png", "CandididatePhoto": "https://storage.googleapis.com/candidate-thumbs/images/86-1-1.jpg"}, {"Unnamed: 0": 961, "CandidateId": "bd6f756a-77f5-4586-a91f-6ae2911420a0", "CandidateNo": 2, "FirstName": "สุชีพ", "LastName": "ท้าวเชื้อลาว", "PartyName": "พลังท้องถิ่นไท", "PartyNumber": 124, "Title": "นาย", "Votable": true, "province_id": 86, "province_name": "ชุมพร", "zone_number": 1, "PartyTerminated": false, "Age": 59, "Occupation": "ทนายความ, เกษตรกร", "HighestEducation": "ปริญญาตรี", "ImageFileId": "5c57f680fbcb5f1eec0ee3ed", "SelfIntroduceFileId": "5c58e4b6fbcb5f1d8812e269", "PartyLogo": "https://storage.googleapis.com/candidate-thumbs/party/124.png", "CandididatePhoto": "https://storage.googleapis.com/candidate-thumbs/images/86-1-2.jpg"}, {"Unnamed: 0": 962, "CandidateId": "c6de2d6a-2bc8-40c5-ac53-1faf40854a29", "CandidateNo": 3, "FirstName": "เกษมสันต์", "LastName": "วงศ์สุวัฒน์", "PartyName": "ทางเลือกใหม่", "PartyNumber": 170, "Title": "นาย", "Votable": true, "province_id": 86, "province_name": "ชุมพร", "zone_number": 1, "PartyTerminated": false, "Age": 59, "Occupation": "เกษตรกร", "HighestEducation": "ต่ำกว่าปริญญาตรี", "ImageFileId": "5c581225fbcb5f1eec103fd7", "SelfIntroduceFileId": "5c58e570fbcb5f1d8812e4da", "PartyLogo": "https://storage.googleapis.com/candidate-thumbs/party/170.png", "CandididatePhoto": "https://storage.googleapis.com/candidate-thumbs/images/86-1-3.jpg"}, {"Unnamed: 0": 963, "CandidateId": "45307e13-1012-41e0-8002-71a83cc8e406", "CandidateNo": 4, "FirstName": "จเด็จ", "LastName": "ครูศากยวงศ์", "PartyName": "เสรีรวมไทย", "PartyNumber": 145, "Title": "นาย", "Votable": true, "province_id": 86, "province_name": "ชุมพร", "zone_number": 1, "PartyTerminated": false, "Age": 56, "Occupation": "ค้าขาย", "HighestEducation": "ปริญญาตรี", "ImageFileId": "5c581302fbcb5f1eec104848", "SelfIntroduceFileId": "5c58e67afbcb5f1d8812e889", "PartyLogo": "https://storage.googleapis.com/candidate-thumbs/party/145.png", "CandididatePhoto": "https://storage.googleapis.com/candidate-thumbs/images/86-1-4.jpg"}, {"Unnamed: 0": 964, "CandidateId": "b60eac23-d54f-4295-8585-45766ff4db16", "CandidateNo": 5, "FirstName": "ชวลิต", "LastName": "อาจหาญ", "PartyName": "พลังประชารัฐ", "PartyNumber": 192, "Title": "นาย", "Votable": true, "province_id": 86, "province_name": "ชุมพร", "zone_number": 1, "PartyTerminated": false, "Age": 43, "Occupation": "ทนายความ", "HighestEducation": "ปริญญาโท", "ImageFileId": "5c5813abfbcb5f1eec104e97", "SelfIntroduceFileId": "5c58feb8fbcb5f1d8813b23d", "PartyLogo": "https://storage.googleapis.com/candidate-thumbs/party/192.png", "CandididatePhoto": "https://storage.googleapis.com/candidate-thumbs/images/86-1-5.jpg"}, {"Unnamed: 0": 965, "CandidateId": "d2438567-97d1-466f-a197-73d47a168d8a", "CandidateNo": 6, "FirstName": "สุวิชาดา", "LastName": "พุทธเกิด", "PartyName": "ชาติพัฒนา", "PartyNumber": 45, "Title": "นาง", "Votable": true, "province_id": 86, "province_name": "ชุมพร", "zone_number": 1, "PartyTerminated": false, "Age": 41, "Occupation": "ธุรกิจส่วนตัว", "HighestEducation": "ปริญญาตรี", "ImageFileId": "5c5815e0fbcb5f1eec105f93", "SelfIntroduceFileId": "5c590025fbcb5f1d8813c467", "PartyLogo": "https://storage.googleapis.com/candidate-thumbs/party/45.png", "CandididatePhoto": "https://storage.googleapis.com/candidate-thumbs/images/86-1-6.jpg"}, {"Unnamed: 0": 966, "CandidateId": "c12b2da5-d96a-4245-8fba-c6d4de26f771", "CandidateNo": 7, "FirstName": "ชุมพล", "LastName": "จุลใส", "PartyName": "ประชาธิปัตย์", "PartyNumber": 1, "Title": "นาย", "Votable": true, "province_id": 86, "province_name": "ชุมพร", "zone_number": 1, "PartyTerminated": false, "Age": 48, "Occupation": "นักการเมือง", "HighestEducation": "ปริญญาตรี", "ImageFileId": "5c58179ffbcb5f1eec106dce", "SelfIntroduceFileId": "5c58fff5fbcb5f1d8813c0db", "PartyLogo": "https://storage.googleapis.com/candidate-thumbs/party/1.png", "CandididatePhoto": "https://storage.googleapis.com/candidate-thumbs/images/86-1-7.jpg"}, {"Unnamed: 0": 967, "CandidateId": "ac0a1eda-276c-46c0-b5f3-9a0474af7610", "CandidateNo": 8, "FirstName": "สุรพล", "LastName": "เมฆนิติ", "PartyName": "รักษ์ผืนป่าประเทศไทย", "PartyNumber": 133, "Title": "นาย", "Votable": true, "province_id": 86, "province_name": "ชุมพร", "zone_number": 1, "PartyTerminated": false, "Age": 54, "Occupation": "ธุรกิจส่วนตัว", "HighestEducation": "ปริญญาตรี", "ImageFileId": "5c58193afbcb5f1eec10777e", "SelfIntroduceFileId": "5c590315fbcb5f1d8813eb55", "PartyLogo": "https://storage.googleapis.com/candidate-thumbs/party/133.png", "CandididatePhoto": "https://storage.googleapis.com/candidate-thumbs/images/86-1-8.jpg"}, {"Unnamed: 0": 968, "CandidateId": "09a76449-5b4e-4421-ab51-eda9272f6881", "CandidateNo": 9, "FirstName": "เกรียงศักดิ์", "LastName": "จังคสุต", "PartyName": "ชาติไทยพัฒนา", "PartyNumber": 55, "Title": "นาย", "Votable": true, "province_id": 86, "province_name": "ชุมพร", "zone_number": 1, "PartyTerminated": false, "Age": 62, "Occupation": "ข้าราชการครู", "HighestEducation": "ปริญญาตรี", "ImageFileId": "5c581a6efbcb5f1eec107faf", "SelfIntroduceFileId": "5c59097bfbcb5f1d8814383a", "PartyLogo": "https://storage.googleapis.com/candidate-thumbs/party/55.png", "CandididatePhoto": "https://storage.googleapis.com/candidate-thumbs/images/86-1-9.jpg"}, {"Unnamed: 0": 969, "CandidateId": "a3fae1d0-73ca-4c11-9f33-fa2dbcf57202", "CandidateNo": 10, "FirstName": "สมชาย", "LastName": "ทองพูล", "PartyName": "ภูมิใจไทย", "PartyNumber": 63, "Title": "นาย", "Votable": true, "province_id": 86, "province_name": "ชุมพร", "zone_number": 1, "PartyTerminated": false, "Age": 43, "Occupation": "-", "HighestEducation": "ปริญญาตรี", "ImageFileId": "5c581bd6fbcb5f1eec1084ea", "SelfIntroduceFileId": "5c590a28fbcb5f1d881442e0", "PartyLogo": "https://storage.googleapis.com/candidate-thumbs/party/63.png", "CandididatePhoto": "https://storage.googleapis.com/candidate-thumbs/images/86-1-10.jpg"}, {"Unnamed: 0": 970, "CandidateId": "4793584c-07bd-42c7-892d-f21cb175b95b", "CandidateNo": 11, "FirstName": "ชาญวิทย์", "LastName": "ใจสว่าง", "PartyName": "อนาคตใหม่", "PartyNumber": 177, "Title": "นาย", "Votable": true, "province_id": 86, "province_name": "ชุมพร", "zone_number": 1, "PartyTerminated": false, "Age": 46, "Occupation": "-", "HighestEducation": "ปริญญาเอก", "ImageFileId": "5c581d06fbcb5f1eec108a96", "SelfIntroduceFileId": "5c5915bcfbcb5f1d8814e4d5", "PartyLogo": "https://storage.googleapis.com/candidate-thumbs/party/177.png", "CandididatePhoto": "https://storage.googleapis.com/candidate-thumbs/images/86-1-11.jpg"}, {"Unnamed: 0": 971, "CandidateId": "f6c6315d-caec-42e7-98f8-1f58871ddab2", "CandidateNo": 12, "FirstName": "หนึ่งฤทัย", "LastName": "พันกุ่ม", "PartyName": "กรีน", "PartyNumber": 206, "Title": "นางสาว", "Votable": true, "province_id": 86, "province_name": "ชุมพร", "zone_number": 1, "PartyTerminated": false, "Age": 44, "Occupation": "เกษตรกร", "HighestEducation": "ปริญญาตรี", "ImageFileId": "5c581e2ffbcb5f1eec108fb2", "SelfIntroduceFileId": "5c591621fbcb5f1d8814e855", "PartyLogo": "https://storage.googleapis.com/candidate-thumbs/party/206.png", "CandididatePhoto": "https://storage.googleapis.com/candidate-thumbs/images/86-1-12.jpg"}, {"Unnamed: 0": 972, "CandidateId": "3e355b30-0e53-4fc1-b39d-588ffded59ba", "CandidateNo": 13, "FirstName": "จเรย์", "LastName": "พรหมมาตย์", "PartyName": "รวมพลังประชาชาติไทย", "PartyNumber": 181, "Title": "นาย", "Votable": true, "province_id": 86, "province_name": "ชุมพร", "zone_number": 1, "PartyTerminated": false, "Age": 38, "Occupation": "รับจ้าง", "HighestEducation": "ต่ำกว่าปริญญาตรี", "ImageFileId": "5c581f5efbcb5f1eec1096b4", "SelfIntroduceFileId": "5c59167ffbcb5f1d8814eb7b", "PartyLogo": "https://storage.googleapis.com/candidate-thumbs/party/181.png", "CandididatePhoto": "https://storage.googleapis.com/candidate-thumbs/images/86-1-13.jpg"}, {"Unnamed: 0": 973, "CandidateId": "d680fcc6-a1b2-41bd-b6b6-f689ec8103d2", "CandidateNo": 14, "FirstName": "วรพันธ์", "LastName": "สุขประวิทย์", "PartyName": "เพื่อชาติ", "PartyNumber": 149, "Title": "นาย", "Votable": true, "province_id": 86, "province_name": "ชุมพร", "zone_number": 1, "PartyTerminated": false, "Age": 32, "Occupation": "ธุรกิจส่วนตัว", "HighestEducation": "ต่ำกว่าปริญญาตรี", "ImageFileId": "5c58207afbcb5f1eec109be6", "SelfIntroduceFileId": "5c592bd2fbcb5f1d8815c12e", "PartyLogo": "https://storage.googleapis.com/candidate-thumbs/party/149.png", "CandididatePhoto": "https://storage.googleapis.com/candidate-thumbs/images/86-1-14.jpg"}, {"Unnamed: 0": 974, "CandidateId": "d1e3fd55-3756-4665-98dc-51911c96d91a", "CandidateNo": 15, "FirstName": "อภิโรจน์", "LastName": "ปิยพันธ์รัตนกุล", "PartyName": "ไทยศรีวิไลย์", "PartyNumber": 180, "Title": "นาย", "Votable": true, "province_id": 86, "province_name": "ชุมพร", "zone_number": 1, "PartyTerminated": false, "Age": 72, "Occupation": "ค้าขาย", "HighestEducation": "ต่ำกว่าปริญญาตรี", "ImageFileId": "5c592bfefbcb5f1d8815c3d4", "SelfIntroduceFileId": "5c592c62fbcb5f1d8815c9fa", "PartyLogo": "https://storage.googleapis.com/candidate-thumbs/party/180.png", "CandididatePhoto": "https://storage.googleapis.com/candidate-thumbs/images/86-1-15.jpg"}, {"Unnamed: 0": 975, "CandidateId": "2a40441c-743c-44b5-b7ea-194384de9144", "CandidateNo": 16, "FirstName": "ชณัญชิดา", "LastName": "เผือกทอง", "PartyName": "ประชาภิวัฒน์", "PartyNumber": 172, "Title": "นางสาว", "Votable": true, "province_id": 86, "province_name": "ชุมพร", "zone_number": 1, "PartyTerminated": false, "Age": 37, "Occupation": "ธุรกิจส่วนตัว", "HighestEducation": "ปริญญาตรี", "ImageFileId": "5c5930d2fbcb5f1d88160be7", "SelfIntroduceFileId": "5c59313ffbcb5f1d88160f65", "PartyLogo": "https://storage.googleapis.com/candidate-thumbs/party/172.png", "CandididatePhoto": "https://storage.googleapis.com/candidate-thumbs/images/86-1-16.jpg"}, {"Unnamed: 0": 976, "CandidateId": "199a3231-53cb-4944-b288-b54098e976aa", "CandidateNo": 17, "FirstName": "สิริพร", "LastName": "เลื่อนฉวี", "PartyName": "คลองไทย", "PartyNumber": 189, "Title": "นางสาว", "Votable": true, "province_id": 86, "province_name": "ชุมพร", "zone_number": 1, "PartyTerminated": false, "Age": 38, "Occupation": "พนักงานบริษัท", "HighestEducation": "ต่ำกว่าปริญญาตรี", "ImageFileId": "5c596218fbcb5f1d881828b4", "SelfIntroduceFileId": "5c5a35fcfbcb5f19bca87d83", "PartyLogo": "https://storage.googleapis.com/candidate-thumbs/party/189.png", "CandididatePhoto": "https://storage.googleapis.com/candidate-thumbs/images/86-1-17.jpg"}, {"Unnamed: 0": 977, "CandidateId": "f59c4b01-fba4-4289-b361-915826391ea6", "CandidateNo": 18, "FirstName": "จักรกฤษณ์", "LastName": "จันทร์อุดม", "PartyName": "ครูไทยเพื่อประชาชน", "PartyNumber": 118, "Title": "นาย", "Votable": true, "province_id": 86, "province_name": "ชุมพร", "zone_number": 1, "PartyTerminated": false, "Age": 69, "Occupation": "ข้าราชการบำนาญ", "HighestEducation": "ต่ำกว่าปริญญาตรี", "ImageFileId": "5c5bd9f7fbcb5f16fc670819", "SelfIntroduceFileId": "5c5bde7afbcb5f16fc673004", "PartyLogo": "https://storage.googleapis.com/candidate-thumbs/party/118.png", "CandididatePhoto": "https://storage.googleapis.com/candidate-thumbs/images/86-1-18.jpg"}, {"Unnamed: 0": 978, "CandidateId": "b3c0640e-b588-4034-83b1-23ece3b43de4", "CandidateNo": 19, "FirstName": "ปพน", "LastName": "รัตนโสภา", "PartyName": "ประชาธรรมไทย", "PartyNumber": 190, "Title": "นาย", "Votable": true, "province_id": 86, "province_name": "ชุมพร", "zone_number": 1, "PartyTerminated": false, "Age": 44, "Occupation": "ทำสวน", "HighestEducation": "ต่ำกว่าปริญญาตรี", "ImageFileId": "5c5bdeaafbcb5f16fc673119", "SelfIntroduceFileId": "5c5be27ffbcb5f16fc675029", "PartyLogo": "https://storage.googleapis.com/candidate-thumbs/party/190.png", "CandididatePhoto": "https://storage.googleapis.com/candidate-thumbs/images/86-1-19.jpg"}, {"Unnamed: 0": 979, "CandidateId": "d65d0018-2cd1-49e3-b22a-53044230cf85", "CandidateNo": 20, "FirstName": "สำนวน", "LastName": "ดาวตุ่น", "PartyName": "พลังไทยรักชาติ", "PartyNumber": 155, "Title": "สิบเอก", "Votable": true, "province_id": 86, "province_name": "ชุมพร", "zone_number": 1, "PartyTerminated": false, "Age": 63, "Occupation": "รับราชการทหาร", "HighestEducation": "ปริญญาตรี", "ImageFileId": "5c5bdee3fbcb5f16fc673516", "SelfIntroduceFileId": "5c5be4b9fbcb5f16fc675fec", "PartyLogo": "https://storage.googleapis.com/candidate-thumbs/party/155.png", "CandididatePhoto": "https://storage.googleapis.com/candidate-thumbs/images/86-1-20.jpg"}, {"Unnamed: 0": 980, "CandidateId": "a2784651-2d4e-49f8-91ea-7d0d4937fa82", "CandidateNo": 21, "FirstName": "อัคคณัฐ", "LastName": "ขุนนิช", "PartyName": "พลังไทสร้างชาติ", "PartyNumber": 200, "Title": "นาย", "Votable": true, "province_id": 86, "province_name": "ชุมพร", "zone_number": 1, "PartyTerminated": false, "Age": 49, "Occupation": "ธุรกิจส่วนตัว", "HighestEducation": "ต่ำกว่าปริญญาตรี", "ImageFileId": "5c5bdf7ffbcb5f16fc67391d", "SelfIntroduceFileId": "5c5be859fbcb5f16fc678152", "PartyLogo": "https://storage.googleapis.com/candidate-thumbs/party/200.png", "CandididatePhoto": "https://storage.googleapis.com/candidate-thumbs/images/86-1-21.jpg"}, {"Unnamed: 0": 981, "CandidateId": "ac6036fb-0570-43f7-9f1e-74e02bb97d49", "CandidateNo": 22, "FirstName": "มนตรี", "LastName": "พุ่มพวง", "PartyName": "มหาชน", "PartyNumber": 4, "Title": "นาย", "Votable": true, "province_id": 86, "province_name": "ชุมพร", "zone_number": 1, "PartyTerminated": false, "Age": 65, "Occupation": "ทำสวน", "HighestEducation": "ต่ำกว่าปริญญาตรี", "ImageFileId": "5c5bdfc3fbcb5f16fc673af3", "SelfIntroduceFileId": "5c5bea2afbcb5f16fc6791a4", "PartyLogo": "https://storage.googleapis.com/candidate-thumbs/party/4.png", "CandididatePhoto": "https://storage.googleapis.com/candidate-thumbs/images/86-1-22.jpg"}, {"Unnamed: 0": 982, "CandidateId": "6ab41531-417e-4808-9f70-72c797da4248", "CandidateNo": 23, "FirstName": "สมบัติ", "LastName": "ทองหัตถา", "PartyName": "ประชานิยม", "PartyNumber": 191, "Title": "นาย", "Votable": true, "province_id": 86, "province_name": "ชุมพร", "zone_number": 1, "PartyTerminated": false, "Age": 61, "Occupation": "ทำสวน", "HighestEducation": "ต่ำกว่าปริญญาตรี", "ImageFileId": "5c5bf382fbcb5f16fc67e5b6", "SelfIntroduceFileId": "5c5bf4d1fbcb5f16fc67ee7c", "PartyLogo": "https://storage.googleapis.com/candidate-thumbs/party/191.png", "CandididatePhoto": "https://storage.googleapis.com/candidate-thumbs/images/86-1-23.jpg"}, {"Unnamed: 0": 983, "CandidateId": "50f5f75d-08f5-4861-9ae6-8e5dad57098b", "CandidateNo": 24, "FirstName": "ไพรัตน์", "LastName": "คูอมรพัฒนะ", "PartyName": "เศรษฐกิจใหม่", "PartyNumber": 193, "Title": "นาย", "Votable": true, "province_id": 86, "province_name": "ชุมพร", "zone_number": 1, "PartyTerminated": false, "Age": 62, "Occupation": "นักบัญชีอิสระ", "HighestEducation": "ปริญญาโท", "ImageFileId": "5c5bffd9fbcb5f16fc6821dd", "SelfIntroduceFileId": "5c5cde4ffbcb5f16fc6890d9", "PartyLogo": "https://storage.googleapis.com/candidate-thumbs/party/193.png", "CandididatePhoto": "https://storage.googleapis.com/candidate-thumbs/images/86-1-24.jpg"}, {"Unnamed: 0": 984, "CandidateId": "bcf2c1a0-07cc-481e-bd52-b1dc1e887e0d", "CandidateNo": 25, "FirstName": "วงศ์ผกา", "LastName": "วงษ์สวัสดิ์", "PartyName": "พลังไทยรักไทย", "PartyNumber": 185, "Title": "นาง", "Votable": true, "province_id": 86, "province_name": "ชุมพร", "zone_number": 1, "PartyTerminated": false, "Age": 54, "Occupation": "ธุรกิจส่วนตัว", "HighestEducation": "ต่ำกว่าปริญญาตรี", "ImageFileId": "5c5cfdbbfbcb5f0fd8846daa", "SelfIntroduceFileId": "5c5d00adfbcb5f0fd8848932", "PartyLogo": "https://storage.googleapis.com/candidate-thumbs/party/185.png", "CandididatePhoto": "https://storage.googleapis.com/candidate-thumbs/images/86-1-25.jpg"}, {"Unnamed: 0": 985, "CandidateId": "77ab6ed2-68ea-4074-b64f-97d57c54692e", "CandidateNo": 26, "FirstName": "ศิเรมอร", "LastName": "พูลสวัสดิ์", "PartyName": "ภาคีเครือข่ายไทย", "PartyNumber": 211, "Title": "นางสาว", "Votable": true, "province_id": 86, "province_name": "ชุมพร", "zone_number": 1, "PartyTerminated": false, "Age": 50, "Occupation": "ธุรกิจส่วนตัว", "HighestEducation": "ต่ำกว่าปริญญาตรี", "ImageFileId": "5c5d37d6fbcb5f0fd885ffeb", "SelfIntroduceFileId": "5c5d3d27fbcb5f0fd8862e2f", "PartyLogo": "https://storage.googleapis.com/candidate-thumbs/party/211.png", "CandididatePhoto": "https://storage.googleapis.com/candidate-thumbs/images/86-1-26.jpg"}, {"Unnamed: 0": 986, "CandidateId": "79d544e3-0638-4726-a96f-a4c02addeceb", "CandidateNo": 27, "FirstName": "รจนา", "LastName": "เพชรกำเหนิด", "PartyName": "พลังประชาธิปไตย", "PartyNumber": 153, "Title": "นาง", "Votable": true, "province_id": 86, "province_name": "ชุมพร", "zone_number": 1, "PartyTerminated": false, "Age": 43, "Occupation": "ค้าขาย ทำสวน", "HighestEducation": "ต่ำกว่าปริญญาตรี", "ImageFileId": "5c5d4488fbcb5f0fd8867edb", "SelfIntroduceFileId": "5c5d4699fbcb5f0fd88692f6", "PartyLogo": "https://storage.googleapis.com/candidate-thumbs/party/153.png", "CandididatePhoto": "https://storage.googleapis.com/candidate-thumbs/images/86-1-27.jpg"}, {"Unnamed: 0": 987, "CandidateId": "20fe8eb0-b14c-43c8-867b-73548931f465", "CandidateNo": 28, "FirstName": "แสงวิจิตร", "LastName": "ทวิชศรี", "PartyName": "ไทรักธรรม", "PartyNumber": 144, "Title": "นาย", "Votable": true, "province_id": 86, "province_name": "ชุมพร", "zone_number": 1, "PartyTerminated": false, "Age": 25, "Occupation": "รองผู้จัดการ บริษัท ทีเอ็น สยามโฟร์เซ่นฟรุ๊ต จำกัด", "HighestEducation": "ปริญญาตรี", "ImageFileId": "5c5d52b0fbcb5f0fd88716ec", "SelfIntroduceFileId": "5c5d549dfbcb5f0fd8872fe1", "PartyLogo": "https://storage.googleapis.com/candidate-thumbs/party/144.png", "CandididatePhoto": "https://storage.googleapis.com/candidate-thumbs/images/86-1-28.jpg"}]