[{"Unnamed: 0": 5095, "CandidateId": "e9d5e207-ddb1-4468-91d9-5005253ade8f", "CandidateNo": 1, "FirstName": "เฉลิม", "LastName": "ฦๅชา", "PartyName": "เศรษฐกิจใหม่", "PartyNumber": 193, "Title": "พันตำรวจโท", "Votable": true, "province_id": 36, "province_name": "ชัยภูมิ", "zone_number": 5, "PartyTerminated": false, "Age": 59, "Occupation": "รับราชการตำรวจ", "HighestEducation": "ปริญญาตรี", "ImageFileId": "5c595091fbcb5f1d8817b5a7", "SelfIntroduceFileId": "5c58fdeafbcb5f1d8813a8ad", "PartyLogo": "https://storage.googleapis.com/candidate-thumbs/party/193.png", "CandididatePhoto": "https://storage.googleapis.com/candidate-thumbs/images/36-5-1.jpg"}, {"Unnamed: 0": 5096, "CandidateId": "79ed77fd-9c85-4e5c-ba12-7844f6c2ab70", "CandidateNo": 2, "FirstName": "รฐนนท์", "LastName": "เชื้อสามารถ", "PartyName": "พลังไทยรักไทย", "PartyNumber": 185, "Title": "นาย", "Votable": true, "province_id": 36, "province_name": "ชัยภูมิ", "zone_number": 5, "PartyTerminated": false, "Age": 59, "Occupation": "รับราชการ", "HighestEducation": "ปริญญาโท", "ImageFileId": "5c5951ddfbcb5f1d8817ca0e", "SelfIntroduceFileId": "5c5903c3fbcb5f1d8813f065", "PartyLogo": "https://storage.googleapis.com/candidate-thumbs/party/185.png", "CandididatePhoto": "https://storage.googleapis.com/candidate-thumbs/images/36-5-2.jpg"}, {"Unnamed: 0": 5097, "CandidateId": "dff6dc1d-1675-4f03-9290-10180a8bbb58", "CandidateNo": 3, "FirstName": "เสถียร", "LastName": "เที่ยงตรง", "PartyName": "ประชาธิปัตย์", "PartyNumber": 1, "Title": "นาย", "Votable": true, "province_id": 36, "province_name": "ชัยภูมิ", "zone_number": 5, "PartyTerminated": false, "Age": 58, "Occupation": "รองนากเทศมนตรีตำบลบ้านเพชรภูเขียว  จังหวัดชัยภูมิ", "HighestEducation": "ปริญญาตรี", "ImageFileId": "5c59523afbcb5f1d8817cd3b", "SelfIntroduceFileId": "5c5907b8fbcb5f1d881423a5", "PartyLogo": "https://storage.googleapis.com/candidate-thumbs/party/1.png", "CandididatePhoto": "https://storage.googleapis.com/candidate-thumbs/images/36-5-3.jpg"}, {"Unnamed: 0": 5098, "CandidateId": "abab1adc-cf1f-403c-853c-63f7335d20c4", "CandidateNo": 4, "FirstName": "นพดล", "LastName": "แกมคำ", "PartyName": "ประชาชาติ", "PartyNumber": 187, "Title": "นาย", "Votable": true, "province_id": 36, "province_name": "ชัยภูมิ", "zone_number": 5, "PartyTerminated": false, "Age": 52, "Occupation": "รับราชการ", "HighestEducation": "ปริญญาตรี", "ImageFileId": "5c595298fbcb5f1d8817d167", "SelfIntroduceFileId": "5c59136dfbcb5f1d8814c928", "PartyLogo": "https://storage.googleapis.com/candidate-thumbs/party/187.png", "CandididatePhoto": "https://storage.googleapis.com/candidate-thumbs/images/36-5-4.jpg"}, {"Unnamed: 0": 5099, "CandidateId": "a5620d57-da2f-4e18-8991-97fd46527775", "CandidateNo": 5, "FirstName": "ชาติภูมิ", "LastName": "ทวีสัตย์", "PartyName": "ไทยธรรม", "PartyNumber": 178, "Title": "ร้อยตำรวจโท", "Votable": true, "province_id": 36, "province_name": "ชัยภูมิ", "zone_number": 5, "PartyTerminated": false, "Age": 61, "Occupation": "รับราชการ", "HighestEducation": "ต่ำกว่าปริญญาตรี", "ImageFileId": "5c5952eafbcb5f1d8817d5bc", "SelfIntroduceFileId": "5c592267fbcb5f1d88154984", "PartyLogo": "https://storage.googleapis.com/candidate-thumbs/party/178.png", "CandididatePhoto": "https://storage.googleapis.com/candidate-thumbs/images/36-5-5.jpg"}, {"Unnamed: 0": 5100, "CandidateId": "f9feaea2-ebbc-4a25-b0dc-4c9b0c492be8", "CandidateNo": 6, "FirstName": "อรนุช", "LastName": "ผลภิญโญ", "PartyName": "อนาคตใหม่", "PartyNumber": 177, "Title": "นาง", "Votable": true, "province_id": 36, "province_name": "ชัยภูมิ", "zone_number": 5, "PartyTerminated": false, "Age": 46, "Occupation": "เอ็นจีโอ", "HighestEducation": "ปริญญาตรี", "ImageFileId": "5c59533dfbcb5f1d8817d82c", "SelfIntroduceFileId": "5c58f61bfbcb5f1d881358ef", "PartyLogo": "https://storage.googleapis.com/candidate-thumbs/party/177.png", "CandididatePhoto": "https://storage.googleapis.com/candidate-thumbs/images/36-5-6.jpg"}, {"Unnamed: 0": 5101, "CandidateId": "f290f225-4168-4bb5-934b-f044f96e17b2", "CandidateNo": 7, "FirstName": "สมาส", "LastName": "แก้วจิรพันธ์", "PartyName": "รักษ์ผืนป่าประเทศไทย", "PartyNumber": 133, "Title": "นาย", "Votable": true, "province_id": 36, "province_name": "ชัยภูมิ", "zone_number": 5, "PartyTerminated": false, "Age": 61, "Occupation": "-", "HighestEducation": "ต่ำกว่าปริญญาตรี", "ImageFileId": "5c595393fbcb5f1d8817d976", "SelfIntroduceFileId": "5c592e77fbcb5f1d8815ea4a", "PartyLogo": "https://storage.googleapis.com/candidate-thumbs/party/133.png", "CandididatePhoto": "https://storage.googleapis.com/candidate-thumbs/images/36-5-7.jpg"}, {"Unnamed: 0": 5102, "CandidateId": "4a3ff43b-bfe2-4f19-bcc0-b3bac7bcc787", "CandidateNo": 8, "FirstName": "มนตรี", "LastName": "แก้วกำมา", "PartyName": "ประชานิยม", "PartyNumber": 191, "Title": "นาย", "Votable": true, "province_id": 36, "province_name": "ชัยภูมิ", "zone_number": 5, "PartyTerminated": false, "Age": 63, "Occupation": "รับราชการครู", "HighestEducation": "ปริญญาโท", "ImageFileId": "5c5953eefbcb5f1d8817dc0b", "SelfIntroduceFileId": "5c59373ffbcb5f1d881661d7", "PartyLogo": "https://storage.googleapis.com/candidate-thumbs/party/191.png", "CandididatePhoto": "https://storage.googleapis.com/candidate-thumbs/images/36-5-8.jpg"}, {"Unnamed: 0": 5103, "CandidateId": "0f7389d1-3660-47b0-bb19-1983ac82bbb9", "CandidateNo": 9, "FirstName": "บุญเลิศ", "LastName": "ตลับทอง", "PartyName": "พลังธรรมใหม่", "PartyNumber": 175, "Title": "นาย", "Votable": true, "province_id": 36, "province_name": "ชัยภูมิ", "zone_number": 5, "PartyTerminated": false, "Age": 41, "Occupation": "ผู้ให้บริการนวดแผนไทยเพื่อสุขภาพ", "HighestEducation": "ปริญญาตรี", "ImageFileId": "5c59544ffbcb5f1d8817e09b", "SelfIntroduceFileId": "5c594135fbcb5f1d8816ed73", "PartyLogo": "https://storage.googleapis.com/candidate-thumbs/party/175.png", "CandididatePhoto": "https://storage.googleapis.com/candidate-thumbs/images/36-5-9.jpg"}, {"Unnamed: 0": 5104, "CandidateId": "49fcfe36-8370-4030-8774-1bcde9097d43", "CandidateNo": 10, "FirstName": "สมชัย", "LastName": "ชัยมาตร์", "PartyName": "เพื่อนไทย", "PartyNumber": 179, "Title": "นาย", "Votable": false, "province_id": 36, "province_name": "ชัยภูมิ", "zone_number": 5, "PartyTerminated": false, "Age": 61, "Occupation": "เกษตรกรรม", "HighestEducation": "ต่ำกว่าปริญญาตรี", "ImageFileId": "5c595492fbcb5f1d8817e38d", "SelfIntroduceFileId": "5c5946befbcb5f1d88173900", "PartyLogo": "https://storage.googleapis.com/candidate-thumbs/party/179.png", "CandididatePhoto": "https://storage.googleapis.com/candidate-thumbs/images/36-5-10.jpg"}, {"Unnamed: 0": 5105, "CandidateId": "936bb36e-1f44-4ecb-9419-d06b00b5d8d2", "CandidateNo": 11, "FirstName": "ธาดา", "LastName": "รัตนาธิวัฒน์", "PartyName": "เสรีรวมไทย", "PartyNumber": 145, "Title": "ว่าที่ร้อยตรี", "Votable": true, "province_id": 36, "province_name": "ชัยภูมิ", "zone_number": 5, "PartyTerminated": false, "Age": 50, "Occupation": "ธุรกิจส่วนตัว", "HighestEducation": "ปริญญาโท", "ImageFileId": "5c5a48c4fbcb5f19bca8e3d9", "SelfIntroduceFileId": "5c5a4967fbcb5f19bca8e9ed", "PartyLogo": "https://storage.googleapis.com/candidate-thumbs/party/145.png", "CandididatePhoto": "https://storage.googleapis.com/candidate-thumbs/images/36-5-11.jpg"}, {"Unnamed: 0": 5106, "CandidateId": "064e9162-1a58-4193-adcc-fafc662b2bb6", "CandidateNo": 12, "FirstName": "พศิน", "LastName": "แก้วสารภูมิ", "PartyName": "ชาติพัฒนา", "PartyNumber": 45, "Title": "นาย", "Votable": true, "province_id": 36, "province_name": "ชัยภูมิ", "zone_number": 5, "PartyTerminated": false, "Age": 50, "Occupation": "เกษตรกรรม", "HighestEducation": "ต่ำกว่าปริญญาตรี", "ImageFileId": "5c5a5637fbcb5f19bca95c5e", "SelfIntroduceFileId": "5c5a56e1fbcb5f19bca9613f", "PartyLogo": "https://storage.googleapis.com/candidate-thumbs/party/45.png", "CandididatePhoto": "https://storage.googleapis.com/candidate-thumbs/images/36-5-12.jpg"}, {"Unnamed: 0": 5107, "CandidateId": "f24ca5d6-eb27-473d-8b3c-8999b39a3b3f", "CandidateNo": 13, "FirstName": "พรเพ็ญ", "LastName": "บุญศิริวัฒนกุล", "PartyName": "เพื่อไทย", "PartyNumber": 34, "Title": "นาง", "Votable": true, "province_id": 36, "province_name": "ชัยภูมิ", "zone_number": 5, "PartyTerminated": false, "Age": 63, "Occupation": "นักการเมือง", "HighestEducation": "ปริญญาตรี", "ImageFileId": "5c5a5a0cfbcb5f19bca97973", "SelfIntroduceFileId": "5c5a5a8efbcb5f19bca97eab", "PartyLogo": "https://storage.googleapis.com/candidate-thumbs/party/34.png", "CandididatePhoto": "https://storage.googleapis.com/candidate-thumbs/images/36-5-13.jpg"}, {"Unnamed: 0": 5108, "CandidateId": "48a2d59f-b0fc-4b7d-9add-f69fd858ab8d", "CandidateNo": 14, "FirstName": "จักรพงษ์", "LastName": "เชื้อไพบูลย์", "PartyName": "ประชาไทย", "PartyNumber": 205, "Title": "นาย", "Votable": true, "province_id": 36, "province_name": "ชัยภูมิ", "zone_number": 5, "PartyTerminated": false, "Age": 53, "Occupation": "สมาชิกสภาองค์การบริหารส่วนจังหวัด", "HighestEducation": "ปริญญาโท", "ImageFileId": "5c5a5d64fbcb5f19bca997ce", "SelfIntroduceFileId": "5c5a5ea8fbcb5f19bca9a5b4", "PartyLogo": "https://storage.googleapis.com/candidate-thumbs/party/205.png", "CandididatePhoto": "https://storage.googleapis.com/candidate-thumbs/images/36-5-14.jpg"}, {"Unnamed: 0": 5109, "CandidateId": "87b16c5a-dad7-4fe5-946d-ba1a478b50f5", "CandidateNo": 15, "FirstName": "ประทีป", "LastName": "พลมณี", "PartyName": "เพื่อคนไทย", "PartyNumber": 183, "Title": "นาย", "Votable": true, "province_id": 36, "province_name": "ชัยภูมิ", "zone_number": 5, "PartyTerminated": false, "Age": 66, "Occupation": "ข้าราชการบำนาญ", "HighestEducation": "ปริญญาตรี", "ImageFileId": "5c5a62c0fbcb5f19bca9c41c", "SelfIntroduceFileId": "5c5a63a2fbcb5f19bca9cb8a", "PartyLogo": "https://storage.googleapis.com/candidate-thumbs/party/183.png", "CandididatePhoto": "https://storage.googleapis.com/candidate-thumbs/images/36-5-15.jpg"}, {"Unnamed: 0": 5110, "CandidateId": "7194771c-58f8-4b3d-af11-26d3252b9149", "CandidateNo": 16, "FirstName": "เชวงศักดิ์", "LastName": "เร่งไพบูลย์วงษ์", "PartyName": "ภูมิใจไทย", "PartyNumber": 63, "Title": "นาย", "Votable": true, "province_id": 36, "province_name": "ชัยภูมิ", "zone_number": 5, "PartyTerminated": false, "Age": 53, "Occupation": "ทนายความ", "HighestEducation": "ปริญญาตรี", "ImageFileId": "5c5a708bfbcb5f19bcaa0657", "SelfIntroduceFileId": "5c5a711bfbcb5f19bcaa0898", "PartyLogo": "https://storage.googleapis.com/candidate-thumbs/party/63.png", "CandididatePhoto": "https://storage.googleapis.com/candidate-thumbs/images/36-5-16.jpg"}, {"Unnamed: 0": 5111, "CandidateId": "33c56182-ea4e-450d-8871-1a02d01f49b9", "CandidateNo": 17, "FirstName": "บรรเจิด", "LastName": "นราพล", "PartyName": "พลังท้องถิ่นไท", "PartyNumber": 124, "Title": "นาย", "Votable": true, "province_id": 36, "province_name": "ชัยภูมิ", "zone_number": 5, "PartyTerminated": false, "Age": 38, "Occupation": "ครูเอกชน", "HighestEducation": "ปริญญาโท", "ImageFileId": "5c5a7592fbcb5f19bcaa1cef", "SelfIntroduceFileId": "5c5a7608fbcb5f19bcaa211c", "PartyLogo": "https://storage.googleapis.com/candidate-thumbs/party/124.png", "CandididatePhoto": "https://storage.googleapis.com/candidate-thumbs/images/36-5-17.jpg"}, {"Unnamed: 0": 5112, "CandidateId": "1be0db22-7a06-4ef3-9907-60f2ec312dab", "CandidateNo": 18, "FirstName": "พีระพล", "LastName": "ติ้วสุวรรณ", "PartyName": "พลังประชารัฐ", "PartyNumber": 192, "Title": "นาย", "Votable": true, "province_id": 36, "province_name": "ชัยภูมิ", "zone_number": 5, "PartyTerminated": false, "Age": 59, "Occupation": "สมาชิกสภาองค์การบริหารส่วนจังหวัดชัยภูมิ", "HighestEducation": "ปริญญาตรี", "ImageFileId": "5c5a79c9fbcb5f19bcaa35f9", "SelfIntroduceFileId": "5c5a7a32fbcb5f19bcaa36e4", "PartyLogo": "https://storage.googleapis.com/candidate-thumbs/party/192.png", "CandididatePhoto": "https://storage.googleapis.com/candidate-thumbs/images/36-5-18.jpg"}, {"Unnamed: 0": 5113, "CandidateId": "320a76d1-f5f7-4194-b450-03f22f70f440", "CandidateNo": 19, "FirstName": "กงใจ", "LastName": "จรัสพันธ์", "PartyName": "ประชาภิวัฒน์", "PartyNumber": 172, "Title": "นาง", "Votable": true, "province_id": 36, "province_name": "ชัยภูมิ", "zone_number": 5, "PartyTerminated": false, "Age": 57, "Occupation": "ธุรกิจส่วนตัว", "HighestEducation": "ต่ำกว่าปริญญาตรี", "ImageFileId": "5c5a80ddfbcb5f19bcaa6ab4", "SelfIntroduceFileId": "5c5a8251fbcb5f19bcaa7888", "PartyLogo": "https://storage.googleapis.com/candidate-thumbs/party/172.png", "CandididatePhoto": "https://storage.googleapis.com/candidate-thumbs/images/36-5-19.jpg"}, {"Unnamed: 0": 5114, "CandidateId": "4cc1d8c5-0175-49dd-a94e-67d3400b9f98", "CandidateNo": 20, "FirstName": "ชวลิต", "LastName": "เหล่าอูด", "PartyName": "รวมพลังประชาชาติไทย", "PartyNumber": 181, "Title": "นาย", "Votable": true, "province_id": 36, "province_name": "ชัยภูมิ", "zone_number": 5, "PartyTerminated": false, "Age": 54, "Occupation": "เกษตรกรรม", "HighestEducation": "ต่ำกว่าปริญญาตรี", "ImageFileId": "5c5a86e4fbcb5f19bcaa9a8e", "SelfIntroduceFileId": "5c5a875afbcb5f19bcaa9c81", "PartyLogo": "https://storage.googleapis.com/candidate-thumbs/party/181.png", "CandididatePhoto": "https://storage.googleapis.com/candidate-thumbs/images/36-5-20.jpg"}, {"Unnamed: 0": 5115, "CandidateId": "7944ff86-03f1-4ef4-beb9-62c9f4888ff8", "CandidateNo": 21, "FirstName": "สายยนต์", "LastName": "พรมคุณ", "PartyName": "เพื่อแผ่นดิน", "PartyNumber": 41, "Title": "นาย", "Votable": true, "province_id": 36, "province_name": "ชัยภูมิ", "zone_number": 5, "PartyTerminated": false, "Age": 62, "Occupation": "ค้าขาย", "HighestEducation": "ต่ำกว่าปริญญาตรี", "ImageFileId": "5c5b9d56fbcb5f16fc656e4a", "SelfIntroduceFileId": "5c5b9f1afbcb5f16fc65791e", "PartyLogo": "https://storage.googleapis.com/candidate-thumbs/party/41.png", "CandididatePhoto": "https://storage.googleapis.com/candidate-thumbs/images/36-5-21.jpg"}, {"Unnamed: 0": 5116, "CandidateId": "60ac4854-01ed-4da1-ac13-2da117c00406", "CandidateNo": 22, "FirstName": "กรุงรัตน์", "LastName": "รถเพชร", "PartyName": "ประชาชนปฏิรูป", "PartyNumber": 176, "Title": "นางสาว", "Votable": true, "province_id": 36, "province_name": "ชัยภูมิ", "zone_number": 5, "PartyTerminated": false, "Age": 36, "Occupation": "ทนายความ", "HighestEducation": "ปริญญาตรี", "ImageFileId": "5c5ba21cfbcb5f16fc658fe5", "SelfIntroduceFileId": "5c5ba2e4fbcb5f16fc65966d", "PartyLogo": "https://storage.googleapis.com/candidate-thumbs/party/176.png", "CandididatePhoto": "https://storage.googleapis.com/candidate-thumbs/images/36-5-22.jpg"}, {"Unnamed: 0": 5117, "CandidateId": "a8bee9b5-1fd0-4e52-87cc-29c962439aec", "CandidateNo": 23, "FirstName": "ชัยยุทธ", "LastName": "จรรย์โกมล", "PartyName": "ชาติไทยพัฒนา", "PartyNumber": 55, "Title": "นาย", "Votable": true, "province_id": 36, "province_name": "ชัยภูมิ", "zone_number": 5, "PartyTerminated": false, "Age": 56, "Occupation": "วิศวกรโยธา", "HighestEducation": "ปริญญาโท", "ImageFileId": "5c5ba7f9fbcb5f16fc65b9ab", "SelfIntroduceFileId": "5c5ba876fbcb5f16fc65bd1e", "PartyLogo": "https://storage.googleapis.com/candidate-thumbs/party/55.png", "CandididatePhoto": "https://storage.googleapis.com/candidate-thumbs/images/36-5-23.jpg"}, {"Unnamed: 0": 5118, "CandidateId": "9c650328-af62-4220-9a6c-8830736e8c1e", "CandidateNo": 24, "FirstName": "สาคร", "LastName": "เพิ่มพูน", "PartyName": "เพื่อชาติ", "PartyNumber": 149, "Title": "นาย", "Votable": true, "province_id": 36, "province_name": "ชัยภูมิ", "zone_number": 5, "PartyTerminated": false, "Age": 62, "Occupation": "ทนายความ", "HighestEducation": "ปริญญาตรี", "ImageFileId": "5c5bae86fbcb5f16fc65ea4c", "SelfIntroduceFileId": "5c5baf5bfbcb5f16fc65f34e", "PartyLogo": "https://storage.googleapis.com/candidate-thumbs/party/149.png", "CandididatePhoto": "https://storage.googleapis.com/candidate-thumbs/images/36-5-24.jpg"}, {"Unnamed: 0": 5119, "CandidateId": "5f6be360-8772-4918-a313-5bfb0a517980", "CandidateNo": 25, "FirstName": "ปัญญา", "LastName": "โสโพธิ์ทอง", "PartyName": "ประชาธิปไตยใหม่", "PartyNumber": 109, "Title": "นาย", "Votable": true, "province_id": 36, "province_name": "ชัยภูมิ", "zone_number": 5, "PartyTerminated": false, "Age": 49, "Occupation": "เกษตรกรรม", "HighestEducation": "ปริญญาตรี", "ImageFileId": "5c5bb457fbcb5f16fc66201d", "SelfIntroduceFileId": "5c5bb4dcfbcb5f16fc662355", "PartyLogo": "https://storage.googleapis.com/candidate-thumbs/party/109.png", "CandididatePhoto": "https://storage.googleapis.com/candidate-thumbs/images/36-5-25.jpg"}, {"Unnamed: 0": 5120, "CandidateId": "8742574a-7c90-4565-a43b-51634a17af56", "CandidateNo": 26, "FirstName": "ประเสริฐ", "LastName": "บุญโยธา", "PartyName": "ทางเลือกใหม่", "PartyNumber": 170, "Title": "นาย", "Votable": true, "province_id": 36, "province_name": "ชัยภูมิ", "zone_number": 5, "PartyTerminated": false, "Age": 63, "Occupation": "ข้าราชการครู", "HighestEducation": "ปริญญาตรี", "ImageFileId": "5c5bb87afbcb5f16fc663cb1", "SelfIntroduceFileId": "5c5bb94dfbcb5f16fc66419b", "PartyLogo": "https://storage.googleapis.com/candidate-thumbs/party/170.png", "CandididatePhoto": "https://storage.googleapis.com/candidate-thumbs/images/36-5-26.jpg"}, {"Unnamed: 0": 5121, "CandidateId": "2cadfd83-1eb6-4321-9c44-a0784f29daa2", "CandidateNo": 27, "FirstName": "ศรีปราโมทย์", "LastName": "ปริเตนัง", "PartyName": "ประชากรไทย", "PartyNumber": 2, "Title": "นาย", "Votable": false, "province_id": 36, "province_name": "ชัยภูมิ", "zone_number": 5, "PartyTerminated": false, "Age": 45, "Occupation": "ครู กศน.จ.ชัยภูมิ", "HighestEducation": "ปริญญาตรี", "ImageFileId": "5c5bc8cafbcb5f16fc6689be", "SelfIntroduceFileId": "5c5bc942fbcb5f16fc668d44", "PartyLogo": "https://storage.googleapis.com/candidate-thumbs/party/2.png", "CandididatePhoto": "https://storage.googleapis.com/candidate-thumbs/images/36-5-27.jpg"}, {"Unnamed: 0": 5122, "CandidateId": "45798f15-c9ae-4f30-8614-107866fb8883", "CandidateNo": 28, "FirstName": "เศรษฐพงศ์", "LastName": "สุวรรณบน", "PartyName": "พลเมืองไทย", "PartyNumber": 173, "Title": "นาย", "Votable": true, "province_id": 36, "province_name": "ชัยภูมิ", "zone_number": 5, "PartyTerminated": false, "Age": 44, "Occupation": "นักวิชาการอิสระ", "HighestEducation": "ปริญญาตรี", "ImageFileId": "5c5bdea8fbcb5f16fc6730e2", "SelfIntroduceFileId": "5c5bdf0efbcb5f16fc673662", "PartyLogo": "https://storage.googleapis.com/candidate-thumbs/party/173.png", "CandididatePhoto": "https://storage.googleapis.com/candidate-thumbs/images/36-5-28.jpg"}, {"Unnamed: 0": 5123, "CandidateId": "c4aa0c58-06b2-439f-a82c-0dda455ca74b", "CandidateNo": 29, "FirstName": "รุ่งธิวา", "LastName": "ต่อพันธุ์", "PartyName": "มหาชน", "PartyNumber": 4, "Title": "นางสาว", "Votable": true, "province_id": 36, "province_name": "ชัยภูมิ", "zone_number": 5, "PartyTerminated": false, "Age": 27, "Occupation": "พนักงานบริษัท", "HighestEducation": "ต่ำกว่าปริญญาตรี", "ImageFileId": "5c5be19cfbcb5f16fc674975", "SelfIntroduceFileId": "5c5be48dfbcb5f16fc675f32", "PartyLogo": "https://storage.googleapis.com/candidate-thumbs/party/4.png", "CandididatePhoto": "https://storage.googleapis.com/candidate-thumbs/images/36-5-29.jpg"}, {"Unnamed: 0": 5124, "CandidateId": "a42e1601-429f-486e-8f93-0fed42de0488", "CandidateNo": 30, "FirstName": "เทพอุดม", "LastName": "ภิญโญศรี", "PartyName": "ครูไทยเพื่อประชาชน", "PartyNumber": 118, "Title": "นาย", "Votable": true, "province_id": 36, "province_name": "ชัยภูมิ", "zone_number": 5, "PartyTerminated": false, "Age": 55, "Occupation": "เกษตรกร", "HighestEducation": "ปริญญาตรี", "ImageFileId": "5c5be7dbfbcb5f16fc677de4", "SelfIntroduceFileId": "5c5be85bfbcb5f16fc67816b", "PartyLogo": "https://storage.googleapis.com/candidate-thumbs/party/118.png", "CandididatePhoto": "https://storage.googleapis.com/candidate-thumbs/images/36-5-30.jpg"}, {"Unnamed: 0": 5125, "CandidateId": "01114e2a-cc78-4b0d-b390-71cc84b66a65", "CandidateNo": 31, "FirstName": "ประดิษฐ์", "LastName": "หีบปัสสา", "PartyName": "ประชาธรรมไทย", "PartyNumber": 190, "Title": "นาย", "Votable": true, "province_id": 36, "province_name": "ชัยภูมิ", "zone_number": 5, "PartyTerminated": false, "Age": 59, "Occupation": "ข้าราชการครู", "HighestEducation": "ปริญญาตรี", "ImageFileId": "5c5bebd4fbcb5f16fc679f65", "SelfIntroduceFileId": "5c5bec74fbcb5f16fc67a5e9", "PartyLogo": "https://storage.googleapis.com/candidate-thumbs/party/190.png", "CandididatePhoto": "https://storage.googleapis.com/candidate-thumbs/images/36-5-31.jpg"}, {"Unnamed: 0": 5126, "CandidateId": "198de6cd-1006-4c7a-b639-a69852fc9d2c", "CandidateNo": 32, "FirstName": "สุรัญญี", "LastName": "มุ่งจันทึก", "PartyName": "พลังไทสร้างชาติ", "PartyNumber": 200, "Title": "นางสาว", "Votable": true, "province_id": 36, "province_name": "ชัยภูมิ", "zone_number": 5, "PartyTerminated": false, "Age": 36, "Occupation": "ธุรกิจส่วนตัว", "HighestEducation": "ปริญญาตรี", "ImageFileId": "5c5bf178fbcb5f16fc67d1df", "SelfIntroduceFileId": "5c5bf1fefbcb5f16fc67d7a9", "PartyLogo": "https://storage.googleapis.com/candidate-thumbs/party/200.png", "CandididatePhoto": "https://storage.googleapis.com/candidate-thumbs/images/36-5-32.jpg"}, {"Unnamed: 0": 5127, "CandidateId": "e58f16f5-bf87-4424-9bf5-64becc64a68f", "CandidateNo": 33, "FirstName": "สุภร", "LastName": "สวัสดิ์ศรี", "PartyName": "ไทยรักษาชาติ", "PartyNumber": 77, "Title": "นางสาว", "Votable": true, "province_id": 36, "province_name": "ชัยภูมิ", "zone_number": 5, "PartyTerminated": true, "Age": 46, "Occupation": "ครูสำนักงานพุทธ (ลูกจ้าง)", "HighestEducation": "ปริญญาโท", "ImageFileId": "5c5bf7f7fbcb5f16fc680210", "SelfIntroduceFileId": "5c5bf84dfbcb5f16fc680494", "PartyLogo": "https://storage.googleapis.com/candidate-thumbs/party/77.png", "CandididatePhoto": "https://storage.googleapis.com/candidate-thumbs/images/36-5-33.jpg"}, {"Unnamed: 0": 5128, "CandidateId": "37fc1dc2-c769-4d81-a09d-4f218ba68373", "CandidateNo": 34, "FirstName": "บุญทัน", "LastName": "บุสทิพย์", "PartyName": "พลังชาติไทย", "PartyNumber": 186, "Title": "นาย", "Votable": true, "province_id": 36, "province_name": "ชัยภูมิ", "zone_number": 5, "PartyTerminated": false, "Age": 52, "Occupation": "เกษตรกร", "HighestEducation": "ต่ำกว่าปริญญาตรี", "ImageFileId": "5c5ce846fbcb5f16fc68be9e", "SelfIntroduceFileId": "5c5ceda5fbcb5f16fc68de49", "PartyLogo": "https://storage.googleapis.com/candidate-thumbs/party/186.png", "CandididatePhoto": "https://storage.googleapis.com/candidate-thumbs/images/36-5-34.jpg"}, {"Unnamed: 0": 5129, "CandidateId": "9f6643aa-81a0-4259-9d6b-7cb29aeb2185", "CandidateNo": 35, "FirstName": "ประกิจ", "LastName": "อุเทน", "PartyName": "ภาคีเครือข่ายไทย", "PartyNumber": 211, "Title": "นาย", "Votable": true, "province_id": 36, "province_name": "ชัยภูมิ", "zone_number": 5, "PartyTerminated": false, "Age": 63, "Occupation": "รับจ้าง", "HighestEducation": "ต่ำกว่าปริญญาตรี", "ImageFileId": "5c5d17bafbcb5f0fd8850b34", "SelfIntroduceFileId": "5c5d1b1cfbcb5f0fd8851b4f", "PartyLogo": "https://storage.googleapis.com/candidate-thumbs/party/211.png", "CandididatePhoto": "https://storage.googleapis.com/candidate-thumbs/images/36-5-35.jpg"}, {"Unnamed: 0": 5130, "CandidateId": "27d1b06c-231a-4af9-ad81-49e7a19dfdea", "CandidateNo": 36, "FirstName": "นิภาพร", "LastName": "เพ็งคุ้ม", "PartyName": "พลังรัก", "PartyNumber": 195, "Title": "นาง", "Votable": true, "province_id": 36, "province_name": "ชัยภูมิ", "zone_number": 5, "PartyTerminated": false, "Age": 65, "Occupation": "รับจ้าง", "HighestEducation": "ต่ำกว่าปริญญาตรี", "ImageFileId": "5c5d1fc3fbcb5f0fd8853e14", "SelfIntroduceFileId": "5c5d22d8fbcb5f0fd8855801", "PartyLogo": "https://storage.googleapis.com/candidate-thumbs/party/195.png", "CandididatePhoto": "https://storage.googleapis.com/candidate-thumbs/images/36-5-36.jpg"}, {"Unnamed: 0": 5131, "CandidateId": "f145aa1e-a511-46b2-b11b-bdb521da2718", "CandidateNo": 37, "FirstName": "ธนวรรธน์", "LastName": "ตรีศูนย์", "PartyName": "พลังประชาธิปไตย", "PartyNumber": 153, "Title": "นาย", "Votable": true, "province_id": 36, "province_name": "ชัยภูมิ", "zone_number": 5, "PartyTerminated": false, "Age": 53, "Occupation": "อาจารย์ประจำมหาวิทยาลัย", "HighestEducation": "ปริญญาโท", "ImageFileId": "5c5d2759fbcb5f0fd885785b", "SelfIntroduceFileId": "5c5d2a96fbcb5f0fd88593a5", "PartyLogo": "https://storage.googleapis.com/candidate-thumbs/party/153.png", "CandididatePhoto": "https://storage.googleapis.com/candidate-thumbs/images/36-5-37.jpg"}, {"Unnamed: 0": 5132, "CandidateId": "b966691a-a324-47df-ab5b-0967b6a2e59c", "CandidateNo": 38, "FirstName": "ประยนต์", "LastName": "นวลอนันต์", "PartyName": "ผึ้งหลวง", "PartyNumber": 164, "Title": "นาย", "Votable": true, "province_id": 36, "province_name": "ชัยภูมิ", "zone_number": 5, "PartyTerminated": false, "Age": 66, "Occupation": "เกษตรกร", "HighestEducation": "ต่ำกว่าปริญญาตรี", "ImageFileId": "5c5d390bfbcb5f0fd8860a11", "SelfIntroduceFileId": "5c5d3c9dfbcb5f0fd88629b6", "PartyLogo": "https://storage.googleapis.com/candidate-thumbs/party/164.png", "CandididatePhoto": "https://storage.googleapis.com/candidate-thumbs/images/36-5-38.jpg"}, {"Unnamed: 0": 5133, "CandidateId": "a560e953-55c3-4762-948d-236f19968b60", "CandidateNo": 39, "FirstName": "ศักดิ์ดาวุฒิ", "LastName": "ทันไธสง", "PartyName": "แทนคุณแผ่นดิน", "PartyNumber": 53, "Title": "นาย", "Votable": true, "province_id": 36, "province_name": "ชัยภูมิ", "zone_number": 5, "PartyTerminated": false, "Age": 40, "Occupation": "เกษตรกร", "HighestEducation": "ต่ำกว่าปริญญาตรี", "ImageFileId": "5c5d3d1dfbcb5f0fd8862daf", "SelfIntroduceFileId": "5c5d3f2afbcb5f0fd88643fe", "PartyLogo": "https://storage.googleapis.com/candidate-thumbs/party/53.png", "CandididatePhoto": "https://storage.googleapis.com/candidate-thumbs/images/36-5-39.jpg"}, {"Unnamed: 0": 5134, "CandidateId": "bce24b37-334d-484c-84a4-615207da280b", "CandidateNo": 40, "FirstName": "สุภาภรณ์", "LastName": "เหลืองดี", "PartyName": "ไทรักธรรม", "PartyNumber": 144, "Title": "นางสาว", "Votable": true, "province_id": 36, "province_name": "ชัยภูมิ", "zone_number": 5, "PartyTerminated": false, "Age": 51, "Occupation": "ค้าขาย", "HighestEducation": "ต่ำกว่าปริญญาตรี", "ImageFileId": "5c5d5689fbcb5f0fd8874e7e", "SelfIntroduceFileId": "5c5d5845fbcb5f0fd8876437", "PartyLogo": "https://storage.googleapis.com/candidate-thumbs/party/144.png", "CandididatePhoto": "https://storage.googleapis.com/candidate-thumbs/images/36-5-40.jpg"}]