[{"Unnamed: 0": 1022, "CandidateId": "54058a72-e4a3-4f19-83f7-c3ccef67d97f", "CandidateNo": 1, "FirstName": "เบญจางค์", "LastName": "นิยมธรรมชาติ", "PartyName": "ชาติไทยพัฒนา", "PartyNumber": 55, "Title": "นาย", "Votable": true, "province_id": 86, "province_name": "ชุมพร", "zone_number": 3, "PartyTerminated": false, "Age": 62, "Occupation": "ข้าราชการบำนาญ", "HighestEducation": "ปริญญาโท", "ImageFileId": "5c57ac20fbcb5f1eec0cf54a", "SelfIntroduceFileId": "5c57f1bffbcb5f1eec0eb1ad", "PartyLogo": "https://storage.googleapis.com/candidate-thumbs/party/55.png", "CandididatePhoto": "https://storage.googleapis.com/candidate-thumbs/images/86-3-1.jpg"}, {"Unnamed: 0": 1023, "CandidateId": "9bdd732d-d5b2-4da5-b6ea-876ab20f0987", "CandidateNo": 2, "FirstName": "ปวีณา", "LastName": "อินทมาตย์", "PartyName": "พลังท้องถิ่นไท", "PartyNumber": 124, "Title": "นางสาว", "Votable": true, "province_id": 86, "province_name": "ชุมพร", "zone_number": 3, "PartyTerminated": false, "Age": 29, "Occupation": "ทนายความ", "HighestEducation": "ปริญญาตรี", "ImageFileId": "5c57fecffbcb5f1eec0f4e7c", "SelfIntroduceFileId": "5c57fffcfbcb5f1eec0f5b8d", "PartyLogo": "https://storage.googleapis.com/candidate-thumbs/party/124.png", "CandididatePhoto": "https://storage.googleapis.com/candidate-thumbs/images/86-3-2.jpg"}, {"Unnamed: 0": 1024, "CandidateId": "86b9960c-e396-4cb4-92c8-64c35840914d", "CandidateNo": 3, "FirstName": "เสริมสุข", "LastName": "ไฝขาว", "PartyName": "ประชาชาติ", "PartyNumber": 187, "Title": "นาย", "Votable": true, "province_id": 86, "province_name": "ชุมพร", "zone_number": 3, "PartyTerminated": false, "Age": 49, "Occupation": "นักการเมืองท้องถิ่น", "HighestEducation": "ปริญญาตรี", "ImageFileId": "5c58045efbcb5f1eec0f9c6a", "SelfIntroduceFileId": "5c5804dcfbcb5f1eec0fa318", "PartyLogo": "https://storage.googleapis.com/candidate-thumbs/party/187.png", "CandididatePhoto": "https://storage.googleapis.com/candidate-thumbs/images/86-3-3.jpg"}, {"Unnamed: 0": 1025, "CandidateId": "7cd009c8-0995-4fd8-870d-7322df7a98fa", "CandidateNo": 4, "FirstName": "ปฐมพัทธ์", "LastName": "วงศ์สุวัฒน์", "PartyName": "ทางเลือกใหม่", "PartyNumber": 170, "Title": "นาย", "Votable": true, "province_id": 86, "province_name": "ชุมพร", "zone_number": 3, "PartyTerminated": false, "Age": 46, "Occupation": "เกษตรกร", "HighestEducation": "ปริญญาตรี", "ImageFileId": "5c5806cafbcb5f1eec0fbd0d", "SelfIntroduceFileId": "5c58f0d5fbcb5f1d881327b0", "PartyLogo": "https://storage.googleapis.com/candidate-thumbs/party/170.png", "CandididatePhoto": "https://storage.googleapis.com/candidate-thumbs/images/86-3-4.jpg"}, {"Unnamed: 0": 1026, "CandidateId": "2b839ee4-0ff6-4bdb-8534-0817774d309c", "CandidateNo": 5, "FirstName": "ทวีป", "LastName": "เพ็ชร์สุวรรณ์", "PartyName": "พลังประชารัฐ", "PartyNumber": 192, "Title": "นาย", "Votable": true, "province_id": 86, "province_name": "ชุมพร", "zone_number": 3, "PartyTerminated": false, "Age": 65, "Occupation": "พนักงานรัฐวิสาหกิจ บมจ.ทีโอที", "HighestEducation": "ปริญญาเอก", "ImageFileId": "5c580b8dfbcb5f1eec0ff8f6", "SelfIntroduceFileId": "5c58fb10fbcb5f1d88138deb", "PartyLogo": "https://storage.googleapis.com/candidate-thumbs/party/192.png", "CandididatePhoto": "https://storage.googleapis.com/candidate-thumbs/images/86-3-5.jpg"}, {"Unnamed: 0": 1027, "CandidateId": "9e5e1ec8-296c-45c4-95f8-ebd550e6daa1", "CandidateNo": 6, "FirstName": "ไตรฤกษ์", "LastName": "มือสันทัด", "PartyName": "เพื่อไทย", "PartyNumber": 34, "Title": "นาย", "Votable": true, "province_id": 86, "province_name": "ชุมพร", "zone_number": 3, "PartyTerminated": false, "Age": 56, "Occupation": "ประมง", "HighestEducation": "ปริญญาตรี", "ImageFileId": "5c580d4bfbcb5f1eec100c63", "SelfIntroduceFileId": "5c59065efbcb5f1d88141077", "PartyLogo": "https://storage.googleapis.com/candidate-thumbs/party/34.png", "CandididatePhoto": "https://storage.googleapis.com/candidate-thumbs/images/86-3-6.jpg"}, {"Unnamed: 0": 1028, "CandidateId": "c6ecb347-9921-4518-8e89-712e3c1dbbf4", "CandidateNo": 7, "FirstName": "เฉลิมพล", "LastName": "พวงบุปผา", "PartyName": "อนาคตใหม่", "PartyNumber": 177, "Title": "นาย", "Votable": true, "province_id": 86, "province_name": "ชุมพร", "zone_number": 3, "PartyTerminated": false, "Age": 65, "Occupation": "ข้าราชการครู", "HighestEducation": "ปริญญาตรี", "ImageFileId": "5c580f92fbcb5f1eec102870", "SelfIntroduceFileId": "5c590a62fbcb5f1d881446bb", "PartyLogo": "https://storage.googleapis.com/candidate-thumbs/party/177.png", "CandididatePhoto": "https://storage.googleapis.com/candidate-thumbs/images/86-3-7.jpg"}, {"Unnamed: 0": 1029, "CandidateId": "923f9a04-a982-473e-a124-a930e6f3a5a9", "CandidateNo": 8, "FirstName": "ธีระชาติ", "LastName": "ปางวิรุฬห์รักษ์", "PartyName": "ประชาธิปัตย์", "PartyNumber": 1, "Title": "นาย", "Votable": true, "province_id": 86, "province_name": "ชุมพร", "zone_number": 3, "PartyTerminated": false, "Age": 54, "Occupation": "นักการเมือง", "HighestEducation": "ปริญญาโท", "ImageFileId": "5c5811a9fbcb5f1eec103be2", "SelfIntroduceFileId": "5c5910dffbcb5f1d8814a6e7", "PartyLogo": "https://storage.googleapis.com/candidate-thumbs/party/1.png", "CandididatePhoto": "https://storage.googleapis.com/candidate-thumbs/images/86-3-8.jpg"}, {"Unnamed: 0": 1030, "CandidateId": "3b6d09ff-c956-4744-bc4d-d70ce1855e51", "CandidateNo": 9, "FirstName": "มินทร์รฐา", "LastName": "ปัญจพลวราธรณ์", "PartyName": "รักษ์ผืนป่าประเทศไทย", "PartyNumber": 133, "Title": "นางสาว", "Votable": true, "province_id": 86, "province_name": "ชุมพร", "zone_number": 3, "PartyTerminated": false, "Age": 43, "Occupation": "ธุรกิจส่วนตัว", "HighestEducation": "ปริญญาตรี", "ImageFileId": "5c5812d1fbcb5f1eec104768", "SelfIntroduceFileId": "5c593fc5fbcb5f1d8816d49d", "PartyLogo": "https://storage.googleapis.com/candidate-thumbs/party/133.png", "CandididatePhoto": "https://storage.googleapis.com/candidate-thumbs/images/86-3-9.jpg"}, {"Unnamed: 0": 1031, "CandidateId": "1394058c-eb54-4126-9b6c-e48ac0db82a1", "CandidateNo": 10, "FirstName": "ประพันธ์", "LastName": "ศรีสวัสดิ์", "PartyName": "ภูมิใจไทย", "PartyNumber": 63, "Title": "นาย", "Votable": true, "province_id": 86, "province_name": "ชุมพร", "zone_number": 3, "PartyTerminated": false, "Age": 60, "Occupation": "ข้าราชการบำนาญ", "HighestEducation": "ปริญญาตรี", "ImageFileId": "5c581424fbcb5f1eec1052e3", "SelfIntroduceFileId": "5c592e29fbcb5f1d8815e472", "PartyLogo": "https://storage.googleapis.com/candidate-thumbs/party/63.png", "CandididatePhoto": "https://storage.googleapis.com/candidate-thumbs/images/86-3-10.jpg"}, {"Unnamed: 0": 1032, "CandidateId": "b5b2984a-5559-42d0-ad4c-952b89a4394f", "CandidateNo": 11, "FirstName": "จัตุรนต์", "LastName": "คชสีห์", "PartyName": "เพื่อชาติ", "PartyNumber": 149, "Title": "นาย", "Votable": true, "province_id": 86, "province_name": "ชุมพร", "zone_number": 3, "PartyTerminated": false, "Age": 71, "Occupation": "ทนายความ", "HighestEducation": "ปริญญาตรี", "ImageFileId": "5c581579fbcb5f1eec105c76", "SelfIntroduceFileId": "5c59316cfbcb5f1d8816126e", "PartyLogo": "https://storage.googleapis.com/candidate-thumbs/party/149.png", "CandididatePhoto": "https://storage.googleapis.com/candidate-thumbs/images/86-3-11.jpg"}, {"Unnamed: 0": 1033, "CandidateId": "1d4f5131-6896-4038-a64a-f7bf63a9789b", "CandidateNo": 12, "FirstName": "อนุวัฒน์", "LastName": "ฮวดศิริ", "PartyName": "ไทยรักษาชาติ", "PartyNumber": 77, "Title": "นาย", "Votable": true, "province_id": 86, "province_name": "ชุมพร", "zone_number": 3, "PartyTerminated": true, "Age": 53, "Occupation": "ข้าราชการบำนาญ", "HighestEducation": "ปริญญาโท", "ImageFileId": "5c5815d7fbcb5f1eec105f4d", "SelfIntroduceFileId": "5c590c69fbcb5f1d8814653d", "PartyLogo": "https://storage.googleapis.com/candidate-thumbs/party/77.png", "CandididatePhoto": "https://storage.googleapis.com/candidate-thumbs/images/86-3-12.jpg"}, {"Unnamed: 0": 1034, "CandidateId": "1ec0b137-ae6c-46e9-9b2d-862d4a4dcd26", "CandidateNo": 13, "FirstName": "ภิญโญ", "LastName": "ฤทธิชัย", "PartyName": "เสรีรวมไทย", "PartyNumber": 145, "Title": "นาย", "Votable": true, "province_id": 86, "province_name": "ชุมพร", "zone_number": 3, "PartyTerminated": false, "Age": 61, "Occupation": "ธุรกิจส่วนตัว", "HighestEducation": "ต่ำกว่าปริญญาตรี", "ImageFileId": "5c58143cfbcb5f1eec1053f1", "SelfIntroduceFileId": "5c5901e0fbcb5f1d8813daf9", "PartyLogo": "https://storage.googleapis.com/candidate-thumbs/party/145.png", "CandididatePhoto": "https://storage.googleapis.com/candidate-thumbs/images/86-3-13.jpg"}, {"Unnamed: 0": 1035, "CandidateId": "12ef36e3-13b1-4d66-9f2b-b22107e49047", "CandidateNo": 14, "FirstName": "ภัสรศักย์", "LastName": "คงบุญจรณบูรณ์", "PartyName": "ประชานิยม", "PartyNumber": 191, "Title": "นาย", "Votable": true, "province_id": 86, "province_name": "ชุมพร", "zone_number": 3, "PartyTerminated": false, "Age": 32, "Occupation": "ครูอาสา", "HighestEducation": "ปริญญาตรี", "ImageFileId": "5c581240fbcb5f1eec104108", "SelfIntroduceFileId": "5c594e36fbcb5f1d88179b2b", "PartyLogo": "https://storage.googleapis.com/candidate-thumbs/party/191.png", "CandididatePhoto": "https://storage.googleapis.com/candidate-thumbs/images/86-3-14.jpg"}, {"Unnamed: 0": 1036, "CandidateId": "b668e3c4-044d-44cc-859b-e8d3b943105a", "CandidateNo": 15, "FirstName": "พีรพงศ์", "LastName": "แซ่หลี", "PartyName": "กรีน", "PartyNumber": 206, "Title": "นาย", "Votable": true, "province_id": 86, "province_name": "ชุมพร", "zone_number": 3, "PartyTerminated": false, "Age": 29, "Occupation": "เกษตรกร", "HighestEducation": "ต่ำกว่าปริญญาตรี", "ImageFileId": "5c581123fbcb5f1eec103805", "SelfIntroduceFileId": "5c58fc1dfbcb5f1d881398d8", "PartyLogo": "https://storage.googleapis.com/candidate-thumbs/party/206.png", "CandididatePhoto": "https://storage.googleapis.com/candidate-thumbs/images/86-3-15.jpg"}, {"Unnamed: 0": 1037, "CandidateId": "386f4c2b-011d-46dc-b121-3af66d2ed414", "CandidateNo": 16, "FirstName": "ชัยวัฒน์", "LastName": "ขวัญโต", "PartyName": "ประชาชนปฏิรูป", "PartyNumber": 176, "Title": "นาย", "Votable": true, "province_id": 86, "province_name": "ชุมพร", "zone_number": 3, "PartyTerminated": false, "Age": 41, "Occupation": "ค้าขาย", "HighestEducation": "ต่ำกว่าปริญญาตรี", "ImageFileId": "5c580ea8fbcb5f1eec101cfa", "SelfIntroduceFileId": "5c5a3fc3fbcb5f19bca8a695", "PartyLogo": "https://storage.googleapis.com/candidate-thumbs/party/176.png", "CandididatePhoto": "https://storage.googleapis.com/candidate-thumbs/images/86-3-16.jpg"}, {"Unnamed: 0": 1038, "CandidateId": "1641fa17-5041-4ac6-ab07-df6b2b5ab4e8", "CandidateNo": 17, "FirstName": "อานนท์", "LastName": "อินทร์ณรงค์", "PartyName": "ประชาภิวัฒน์", "PartyNumber": 172, "Title": "นาย", "Votable": true, "province_id": 86, "province_name": "ชุมพร", "zone_number": 3, "PartyTerminated": false, "Age": 31, "Occupation": "ธุรกิจส่วนตัว", "HighestEducation": "ปริญญาตรี", "ImageFileId": "5c592f65fbcb5f1d8815f7f8", "SelfIntroduceFileId": "5c593581fbcb5f1d881649a7", "PartyLogo": "https://storage.googleapis.com/candidate-thumbs/party/172.png", "CandididatePhoto": "https://storage.googleapis.com/candidate-thumbs/images/86-3-17.jpg"}, {"Unnamed: 0": 1039, "CandidateId": "b449b2b7-5d67-4333-94fd-45552fd27d35", "CandidateNo": 18, "FirstName": "ณคณา", "LastName": "ศรีคำเงิน", "PartyName": "ไทยศรีวิไลย์", "PartyNumber": 180, "Title": "นางสาว", "Votable": true, "province_id": 86, "province_name": "ชุมพร", "zone_number": 3, "PartyTerminated": false, "Age": 45, "Occupation": "ทำสวน", "HighestEducation": "ปริญญาตรี", "ImageFileId": "5c595512fbcb5f1d8817ea4b", "SelfIntroduceFileId": "5c59565efbcb5f1d8817f38b", "PartyLogo": "https://storage.googleapis.com/candidate-thumbs/party/180.png", "CandididatePhoto": "https://storage.googleapis.com/candidate-thumbs/images/86-3-18.jpg"}, {"Unnamed: 0": 1040, "CandidateId": "c2c4d540-7111-41f6-8de4-0353b0fa76ba", "CandidateNo": 19, "FirstName": "อมรรัตน์", "LastName": "เลื่อนฉวี", "PartyName": "คลองไทย", "PartyNumber": 189, "Title": "นางสาว", "Votable": true, "province_id": 86, "province_name": "ชุมพร", "zone_number": 3, "PartyTerminated": false, "Age": 30, "Occupation": "ค้าขาย", "HighestEducation": "ต่ำกว่าปริญญาตรี", "ImageFileId": "5c595bccfbcb5f1d881814cd", "SelfIntroduceFileId": "5c595ff2fbcb5f1d8818217a", "PartyLogo": "https://storage.googleapis.com/candidate-thumbs/party/189.png", "CandididatePhoto": "https://storage.googleapis.com/candidate-thumbs/images/86-3-19.jpg"}, {"Unnamed: 0": 1041, "CandidateId": "66c02f27-32ea-42d1-a954-3976b232a311", "CandidateNo": 20, "FirstName": "สุภาภรณ์", "LastName": "แซ่ก้อง", "PartyName": "พลังไทยรักชาติ", "PartyNumber": 155, "Title": "นางสาว", "Votable": true, "province_id": 86, "province_name": "ชุมพร", "zone_number": 3, "PartyTerminated": false, "Age": 57, "Occupation": "ทำสวน", "HighestEducation": "ต่ำกว่าปริญญาตรี", "ImageFileId": "5c5a5b4bfbcb5f19bca98456", "SelfIntroduceFileId": "5c5a5d5bfbcb5f19bca99705", "PartyLogo": "https://storage.googleapis.com/candidate-thumbs/party/155.png", "CandididatePhoto": "https://storage.googleapis.com/candidate-thumbs/images/86-3-20.jpg"}, {"Unnamed: 0": 1042, "CandidateId": "337dd24d-7106-447c-a8ae-f165a069f770", "CandidateNo": 21, "FirstName": "ศุภกิต", "LastName": "มนต์อุ่น", "PartyName": "แผ่นดินธรรม", "PartyNumber": 188, "Title": "นาย", "Votable": true, "province_id": 86, "province_name": "ชุมพร", "zone_number": 3, "PartyTerminated": false, "Age": 59, "Occupation": "เกษตรกร", "HighestEducation": "ต่ำกว่าปริญญาตรี", "ImageFileId": "5c5a82effbcb5f19bcaa7cf4", "SelfIntroduceFileId": "5c5a86f1fbcb5f19bcaa9ac1", "PartyLogo": "https://storage.googleapis.com/candidate-thumbs/party/188.png", "CandididatePhoto": "https://storage.googleapis.com/candidate-thumbs/images/86-3-21.jpg"}, {"Unnamed: 0": 1043, "CandidateId": "ea8687f0-29eb-4d6c-94fe-dd94fe89c1c5", "CandidateNo": 22, "FirstName": "ณรงค์", "LastName": "นิตยา", "PartyName": "เศรษฐกิจใหม่", "PartyNumber": 193, "Title": "นาย", "Votable": true, "province_id": 86, "province_name": "ชุมพร", "zone_number": 3, "PartyTerminated": false, "Age": 61, "Occupation": "ข้าราชการบำนาญ", "HighestEducation": "ปริญญาโท", "ImageFileId": "5c5a8a00fbcb5f19bcaaaf2b", "SelfIntroduceFileId": "5c5a8e11fbcb5f19bcaace1b", "PartyLogo": "https://storage.googleapis.com/candidate-thumbs/party/193.png", "CandididatePhoto": "https://storage.googleapis.com/candidate-thumbs/images/86-3-22.jpg"}, {"Unnamed: 0": 1044, "CandidateId": "66c1bb62-6e5e-46a4-8033-ebfc36c03292", "CandidateNo": 23, "FirstName": "วิทย", "LastName": "นาควิเชียร", "PartyName": "ครูไทยเพื่อประชาชน", "PartyNumber": 118, "Title": "นาย", "Votable": true, "province_id": 86, "province_name": "ชุมพร", "zone_number": 3, "PartyTerminated": false, "Age": 61, "Occupation": "ข้าราชการครู", "HighestEducation": "ปริญญาเอก", "ImageFileId": "5c5bb473fbcb5f16fc662126", "SelfIntroduceFileId": "5c5bc6a6fbcb5f16fc668135", "PartyLogo": "https://storage.googleapis.com/candidate-thumbs/party/118.png", "CandididatePhoto": "https://storage.googleapis.com/candidate-thumbs/images/86-3-23.jpg"}, {"Unnamed: 0": 1045, "CandidateId": "8a819694-8192-4268-b9a5-6da8caf48d6a", "CandidateNo": 24, "FirstName": "สุพล", "LastName": "จุลใส", "PartyName": "รวมพลังประชาชาติไทย", "PartyNumber": 181, "Title": "นาย", "Votable": true, "province_id": 86, "province_name": "ชุมพร", "zone_number": 3, "PartyTerminated": false, "Age": 52, "Occupation": "นักการเมือง", "HighestEducation": "ปริญญาโท", "ImageFileId": "5c5bb814fbcb5f16fc663a7e", "SelfIntroduceFileId": "5c5bc981fbcb5f16fc668f77", "PartyLogo": "https://storage.googleapis.com/candidate-thumbs/party/181.png", "CandididatePhoto": "https://storage.googleapis.com/candidate-thumbs/images/86-3-24.jpg"}, {"Unnamed: 0": 1046, "CandidateId": "b66aaa52-d727-4f38-b918-efbbad9c6eff", "CandidateNo": 25, "FirstName": "ถานันทร์", "LastName": "นวลสะอาด", "PartyName": "พลังไทสร้างชาติ", "PartyNumber": 200, "Title": "นาย", "Votable": true, "province_id": 86, "province_name": "ชุมพร", "zone_number": 3, "PartyTerminated": false, "Age": 46, "Occupation": "เกษตรกร", "HighestEducation": "ปริญญาตรี", "ImageFileId": "5c5bd4eafbcb5f16fc66e0e1", "SelfIntroduceFileId": "5c5bd743fbcb5f16fc66f11e", "PartyLogo": "https://storage.googleapis.com/candidate-thumbs/party/200.png", "CandididatePhoto": "https://storage.googleapis.com/candidate-thumbs/images/86-3-25.jpg"}, {"Unnamed: 0": 1047, "CandidateId": "dec1f0bb-09e2-433b-a33f-22628d008669", "CandidateNo": 26, "FirstName": "บุญตา", "LastName": "จันทร์ภักดี", "PartyName": "พลังไทยรักไทย", "PartyNumber": 185, "Title": "นางสาว", "Votable": true, "province_id": 86, "province_name": "ชุมพร", "zone_number": 3, "PartyTerminated": false, "Age": 53, "Occupation": "ค้าขาย", "HighestEducation": "ต่ำกว่าปริญญาตรี", "ImageFileId": "5c5bce55fbcb5f16fc66b12a", "SelfIntroduceFileId": "5c5bd0d2fbcb5f16fc66c157", "PartyLogo": "https://storage.googleapis.com/candidate-thumbs/party/185.png", "CandididatePhoto": "https://storage.googleapis.com/candidate-thumbs/images/86-3-26.jpg"}, {"Unnamed: 0": 1048, "CandidateId": "63ef3251-d424-4336-80a6-2c5f537a21e0", "CandidateNo": 27, "FirstName": "ลิขิต", "LastName": "พรหมมาตย์", "PartyName": "มหาชน", "PartyNumber": 4, "Title": "นาย", "Votable": true, "province_id": 86, "province_name": "ชุมพร", "zone_number": 3, "PartyTerminated": false, "Age": 51, "Occupation": "เกษตรกร", "HighestEducation": "ปริญญาตรี", "ImageFileId": "5c5bd6a5fbcb5f16fc66eb9d", "SelfIntroduceFileId": "5c5bd852fbcb5f16fc66fb1f", "PartyLogo": "https://storage.googleapis.com/candidate-thumbs/party/4.png", "CandididatePhoto": "https://storage.googleapis.com/candidate-thumbs/images/86-3-27.jpg"}, {"Unnamed: 0": 1049, "CandidateId": "c9a0c2fb-41ae-44d0-a90e-eb82d2742c10", "CandidateNo": 28, "FirstName": "พงษธัช", "LastName": "คมอนันต์", "PartyName": "ภราดรภาพ", "PartyNumber": 154, "Title": "นาย", "Votable": true, "province_id": 86, "province_name": "ชุมพร", "zone_number": 3, "PartyTerminated": false, "Age": 55, "Occupation": "ผู้จัดการโรงงาน", "HighestEducation": "ปริญญาตรี", "ImageFileId": "5c5bdbf9fbcb5f16fc671b55", "SelfIntroduceFileId": "5c5be053fbcb5f16fc673e6c", "PartyLogo": "https://storage.googleapis.com/candidate-thumbs/party/154.png", "CandididatePhoto": "https://storage.googleapis.com/candidate-thumbs/images/86-3-28.jpg"}, {"Unnamed: 0": 1050, "CandidateId": "86094739-285c-40a3-81ce-c3973543984f", "CandidateNo": 29, "FirstName": "วราพร", "LastName": "ช่วยเพชร", "PartyName": "พลังศรัทธา", "PartyNumber": 201, "Title": "นางสาว", "Votable": true, "province_id": 86, "province_name": "ชุมพร", "zone_number": 3, "PartyTerminated": false, "Age": 33, "Occupation": "ทำสวน", "HighestEducation": "ต่ำกว่าปริญญาตรี", "ImageFileId": "5c5bdbd2fbcb5f16fc671a1e", "SelfIntroduceFileId": "5c5bddc3fbcb5f16fc6728b9", "PartyLogo": "https://storage.googleapis.com/candidate-thumbs/party/201.png", "CandididatePhoto": "https://storage.googleapis.com/candidate-thumbs/images/86-3-29.jpg"}, {"Unnamed: 0": 1051, "CandidateId": "4c27522e-54e8-48db-bbee-a419b40663a3", "CandidateNo": 30, "FirstName": "พิมพ์ชนา", "LastName": "คณะครุฑชัยนันท์", "PartyName": "ภาคีเครือข่ายไทย", "PartyNumber": 211, "Title": "นางสาว", "Votable": true, "province_id": 86, "province_name": "ชุมพร", "zone_number": 3, "PartyTerminated": false, "Age": 45, "Occupation": "ธุรกิจส่วนตัว", "HighestEducation": "ปริญญาตรี", "ImageFileId": "5c5d3fa5fbcb5f0fd886488b", "SelfIntroduceFileId": "5c5d447efbcb5f0fd8867e35", "PartyLogo": "https://storage.googleapis.com/candidate-thumbs/party/211.png", "CandididatePhoto": "https://storage.googleapis.com/candidate-thumbs/images/86-3-30.jpg"}, {"Unnamed: 0": 1052, "CandidateId": "cc9627dd-86c8-4c24-a3ad-17dc7ade6e95", "CandidateNo": 31, "FirstName": "ประพันธ์", "LastName": "นิยมไทย", "PartyName": "พลังประชาธิปไตย", "PartyNumber": 153, "Title": "นาย", "Votable": true, "province_id": 86, "province_name": "ชุมพร", "zone_number": 3, "PartyTerminated": false, "Age": 38, "Occupation": "รับจ้างทั่วไป", "HighestEducation": "ต่ำกว่าปริญญาตรี", "ImageFileId": "5c5d47e3fbcb5f0fd886a098", "SelfIntroduceFileId": "5c5d4d8ffbcb5f0fd886e29a", "PartyLogo": "https://storage.googleapis.com/candidate-thumbs/party/153.png", "CandididatePhoto": "https://storage.googleapis.com/candidate-thumbs/images/86-3-31.jpg"}, {"Unnamed: 0": 1053, "CandidateId": "1f278048-8d83-4435-a692-976ea662c1f8", "CandidateNo": 32, "FirstName": "สุรีย์พร", "LastName": "จีนหีด", "PartyName": "ไทรักธรรม", "PartyNumber": 144, "Title": "นางสาว", "Votable": true, "province_id": 86, "province_name": "ชุมพร", "zone_number": 3, "PartyTerminated": false, "Age": 46, "Occupation": "ธุรกิจส่วนตัว", "HighestEducation": "ต่ำกว่าปริญญาตรี", "ImageFileId": "5c5d5a02fbcb5f0fd887789a", "SelfIntroduceFileId": "5c5d5be4fbcb5f0fd8878a2b", "PartyLogo": "https://storage.googleapis.com/candidate-thumbs/party/144.png", "CandididatePhoto": "https://storage.googleapis.com/candidate-thumbs/images/86-3-32.jpg"}, {"Unnamed: 0": 1054, "CandidateId": "3d93d1de-1eb4-4f96-ba92-8b6ca1b3d001", "CandidateNo": 33, "FirstName": "มนุเชษฐ์", "LastName": "ดำนาค", "PartyName": "พลเมืองไทย", "PartyNumber": 173, "Title": "นาย", "Votable": true, "province_id": 86, "province_name": "ชุมพร", "zone_number": 3, "PartyTerminated": false, "Age": 54, "Occupation": "เกษตรกร", "HighestEducation": "ต่ำกว่าปริญญาตรี", "ImageFileId": "5c5d5f70fbcb5f0fd887a711", "SelfIntroduceFileId": "5c5d60cefbcb5f0fd887b53b", "PartyLogo": "https://storage.googleapis.com/candidate-thumbs/party/173.png", "CandididatePhoto": "https://storage.googleapis.com/candidate-thumbs/images/86-3-33.jpg"}]