[{"Unnamed: 0": 308, "CandidateId": "1692caed-b7eb-4ecc-9141-95353b35d722", "CandidateNo": 1, "FirstName": "มุกรวี", "LastName": "บุญงาม", "PartyName": "พลังประชาธิปไตย", "PartyNumber": 153, "Title": "นางสาว", "Votable": true, "province_id": 18, "province_name": "ชัยนาท", "zone_number": 2, "PartyTerminated": false, "Age": 34, "Occupation": "ค้าขาย", "HighestEducation": "ปริญญาตรี", "ImageFileId": "5c5809b6fbcb5f1eec0fe1c0", "SelfIntroduceFileId": "5c5d2bf4fbcb5f0fd8859eac", "PartyLogo": "https://storage.googleapis.com/candidate-thumbs/party/153.png", "CandididatePhoto": "https://storage.googleapis.com/candidate-thumbs/images/18-2-1.jpg"}, {"Unnamed: 0": 309, "CandidateId": "813c6921-dc18-4433-8e69-150c5b27aff5", "CandidateNo": 2, "FirstName": "จิระ ", "LastName": " เมธีวิวัฒน์", "PartyName": "เพื่อชาติ", "PartyNumber": 149, "Title": "นาย", "Votable": false, "province_id": 18, "province_name": "ชัยนาท", "zone_number": 2, "PartyTerminated": false, "Age": 49, "Occupation": "รับราชการ", "HighestEducation": "ปริญญาตรี", "ImageFileId": "5c580359fbcb5f1eec0f8caf", "SelfIntroduceFileId": "5c593c7cfbcb5f1d8816a9e7", "PartyLogo": "https://storage.googleapis.com/candidate-thumbs/party/149.png", "CandididatePhoto": "https://storage.googleapis.com/candidate-thumbs/images/18-2-2.jpg"}, {"Unnamed: 0": 310, "CandidateId": "9c4a7d7a-b2a5-47e9-88f3-a9016ed42e06", "CandidateNo": 3, "FirstName": "สนธยา", "LastName": "ภูษิต", "PartyName": "ประชาธิปัตย์", "PartyNumber": 1, "Title": "นาย", "Votable": true, "province_id": 18, "province_name": "ชัยนาท", "zone_number": 2, "PartyTerminated": false, "Age": 57, "Occupation": "ธุรกิจส่วนตัว", "HighestEducation": "ปริญญาตรี", "ImageFileId": "5c5803bbfbcb5f1eec0f927a", "SelfIntroduceFileId": "5c5d2c4bfbcb5f0fd885a193", "PartyLogo": "https://storage.googleapis.com/candidate-thumbs/party/1.png", "CandididatePhoto": "https://storage.googleapis.com/candidate-thumbs/images/18-2-3.jpg"}, {"Unnamed: 0": 311, "CandidateId": "0a0cda40-c528-4801-bfb6-51f0353fb075", "CandidateNo": 4, "FirstName": "วิชาญ", "LastName": "วงษ์พานิช", "PartyName": "อนาคตใหม่", "PartyNumber": 177, "Title": "นาย", "Votable": true, "province_id": 18, "province_name": "ชัยนาท", "zone_number": 2, "PartyTerminated": false, "Age": 56, "Occupation": "ค้าขาย", "HighestEducation": "ปริญญาโท", "ImageFileId": "5c580408fbcb5f1eec0f963a", "SelfIntroduceFileId": "5c5d2c89fbcb5f0fd885a2bb", "PartyLogo": "https://storage.googleapis.com/candidate-thumbs/party/177.png", "CandididatePhoto": "https://storage.googleapis.com/candidate-thumbs/images/18-2-4.jpg"}, {"Unnamed: 0": 312, "CandidateId": "363a41f3-b60d-4595-acee-54e34683e275", "CandidateNo": 5, "FirstName": "มณเฑียร", "LastName": "สงฆ์ประชา", "PartyName": "พลังประชารัฐ", "PartyNumber": 192, "Title": "นาย", "Votable": true, "province_id": 18, "province_name": "ชัยนาท", "zone_number": 2, "PartyTerminated": false, "Age": 62, "Occupation": "ที่ปรึกษาบริษัทเอกชน", "HighestEducation": "ปริญญาตรี", "ImageFileId": "5c5a8052fbcb5f19bcaa675b", "SelfIntroduceFileId": "5c5d2db7fbcb5f0fd885af4e", "PartyLogo": "https://storage.googleapis.com/candidate-thumbs/party/192.png", "CandididatePhoto": "https://storage.googleapis.com/candidate-thumbs/images/18-2-5.jpg"}, {"Unnamed: 0": 313, "CandidateId": "b8df77e7-00e5-42aa-bce9-812a98d5ddb9", "CandidateNo": 6, "FirstName": "ชัยวัฒน์", "LastName": "ทรัพย์รวงทอง", "PartyName": "ไทยรักษาชาติ", "PartyNumber": 77, "Title": "นาย", "Votable": true, "province_id": 18, "province_name": "ชัยนาท", "zone_number": 2, "PartyTerminated": true, "Age": 64, "Occupation": "ธุรกิจส่วนตัว", "HighestEducation": "ปริญญาเอก", "ImageFileId": "5c5804a5fbcb5f1eec0f9ff9", "SelfIntroduceFileId": "5c5d2deefbcb5f0fd885b1f5", "PartyLogo": "https://storage.googleapis.com/candidate-thumbs/party/77.png", "CandididatePhoto": "https://storage.googleapis.com/candidate-thumbs/images/18-2-6.jpg"}, {"Unnamed: 0": 314, "CandidateId": "645a887f-cf06-4615-9575-2e9705d58818", "CandidateNo": 7, "FirstName": "สมชัย", "LastName": "ชัยรัตนงามเดช", "PartyName": "ประชาภิวัฒน์", "PartyNumber": 172, "Title": "นาย", "Votable": true, "province_id": 18, "province_name": "ชัยนาท", "zone_number": 2, "PartyTerminated": false, "Age": 61, "Occupation": "เกษตรกร", "HighestEducation": "ต่ำกว่าปริญญาตรี", "ImageFileId": "5c5804e1fbcb5f1eec0fa366", "SelfIntroduceFileId": "5c5d2e14fbcb5f0fd885b2d8", "PartyLogo": "https://storage.googleapis.com/candidate-thumbs/party/172.png", "CandididatePhoto": "https://storage.googleapis.com/candidate-thumbs/images/18-2-7.jpg"}, {"Unnamed: 0": 315, "CandidateId": "0043852c-cf40-4284-8901-b283936d2ddd", "CandidateNo": 8, "FirstName": "ไพบูลย์", "LastName": "เมตตาสุต", "PartyName": "ประชานิยม", "PartyNumber": 191, "Title": "นาย", "Votable": true, "province_id": 18, "province_name": "ชัยนาท", "zone_number": 2, "PartyTerminated": false, "Age": 61, "Occupation": "ข้าราชการบำนาญ", "HighestEducation": "ปริญญาตรี", "ImageFileId": "5c58051dfbcb5f1eec0fa796", "SelfIntroduceFileId": "5c5d2e38fbcb5f0fd885b43d", "PartyLogo": "https://storage.googleapis.com/candidate-thumbs/party/191.png", "CandididatePhoto": "https://storage.googleapis.com/candidate-thumbs/images/18-2-8.jpg"}, {"Unnamed: 0": 316, "CandidateId": "796c48d2-dd5c-4d33-9d4a-9ef986723c89", "CandidateNo": 9, "FirstName": "ปณิตา", "LastName": "อิทธิวรธาดา", "PartyName": "รวมพลังประชาชาติไทย", "PartyNumber": 181, "Title": "นางสาว", "Votable": true, "province_id": 18, "province_name": "ชัยนาท", "zone_number": 2, "PartyTerminated": false, "Age": 48, "Occupation": "ค้าขาย", "HighestEducation": "ต่ำกว่าปริญญาตรี", "ImageFileId": "5c5805e0fbcb5f1eec0fb196", "SelfIntroduceFileId": "5c5d2e92fbcb5f0fd885b733", "PartyLogo": "https://storage.googleapis.com/candidate-thumbs/party/181.png", "CandididatePhoto": "https://storage.googleapis.com/candidate-thumbs/images/18-2-9.jpg"}, {"Unnamed: 0": 317, "CandidateId": "39c38503-cf14-4baf-abfc-b2a760c588df", "CandidateNo": 10, "FirstName": "ธนพนธ์", "LastName": "แพ่งสภา", "PartyName": "พลังท้องถิ่นไท", "PartyNumber": 124, "Title": "นาย", "Votable": true, "province_id": 18, "province_name": "ชัยนาท", "zone_number": 2, "PartyTerminated": false, "Age": 57, "Occupation": "เกษตรกร", "HighestEducation": "ต่ำกว่าปริญญาตรี", "ImageFileId": "5c580699fbcb5f1eec0fba60", "SelfIntroduceFileId": "5c5d2ed5fbcb5f0fd885b907", "PartyLogo": "https://storage.googleapis.com/candidate-thumbs/party/124.png", "CandididatePhoto": "https://storage.googleapis.com/candidate-thumbs/images/18-2-10.jpg"}, {"Unnamed: 0": 318, "CandidateId": "83aa5e25-5a3d-4538-bab1-a909a89b6cf5", "CandidateNo": 11, "FirstName": "ประเสริฐ", "LastName": "อินทร์ทับ", "PartyName": "เสรีรวมไทย", "PartyNumber": 145, "Title": "พ.ต.ท.", "Votable": true, "province_id": 18, "province_name": "ชัยนาท", "zone_number": 2, "PartyTerminated": false, "Age": 63, "Occupation": "รับราชการตำรวจ", "HighestEducation": "ปริญญาตรี", "ImageFileId": "5c580720fbcb5f1eec0fc339", "SelfIntroduceFileId": "5c5d5e8cfbcb5f0fd8879fd2", "PartyLogo": "https://storage.googleapis.com/candidate-thumbs/party/145.png", "CandididatePhoto": "https://storage.googleapis.com/candidate-thumbs/images/18-2-11.jpg"}, {"Unnamed: 0": 319, "CandidateId": "43ab045e-a3ee-46da-b97e-b84670d7805f", "CandidateNo": 12, "FirstName": "ธนบดี", "LastName": "คุ้มชนะ", "PartyName": "ภูมิใจไทย", "PartyNumber": 63, "Title": "นาย", "Votable": true, "province_id": 18, "province_name": "ชัยนาท", "zone_number": 2, "PartyTerminated": false, "Age": 52, "Occupation": "เกษตรกร", "HighestEducation": "ปริญญาตรี", "ImageFileId": "5c5807a4fbcb5f1eec0fca99", "SelfIntroduceFileId": "5c5d2f06fbcb5f0fd885ba4e", "PartyLogo": "https://storage.googleapis.com/candidate-thumbs/party/63.png", "CandididatePhoto": "https://storage.googleapis.com/candidate-thumbs/images/18-2-12.jpg"}, {"Unnamed: 0": 320, "CandidateId": "ba0ab664-5f6a-4ae7-8f55-8beaff6a38dc", "CandidateNo": 13, "FirstName": "ไขแสง", "LastName": "หอมรส", "PartyName": "ประชาชนปฏิรูป", "PartyNumber": 176, "Title": "นาง", "Votable": true, "province_id": 18, "province_name": "ชัยนาท", "zone_number": 2, "PartyTerminated": false, "Age": 71, "Occupation": "ข้ารชการบำนาญ", "HighestEducation": "ต่ำกว่าปริญญาตรี", "ImageFileId": "5c5a8120fbcb5f19bcaa6ca1", "SelfIntroduceFileId": "5c5d2f2dfbcb5f0fd885bbbb", "PartyLogo": "https://storage.googleapis.com/candidate-thumbs/party/176.png", "CandididatePhoto": "https://storage.googleapis.com/candidate-thumbs/images/18-2-13.jpg"}, {"Unnamed: 0": 321, "CandidateId": "350426cc-ea6b-4cf3-b4ec-f9d649af66d7", "CandidateNo": 14, "FirstName": "ปัญญา", "LastName": "สุขนิล", "PartyName": "ชาติพัฒนา", "PartyNumber": 45, "Title": "นาย", "Votable": true, "province_id": 18, "province_name": "ชัยนาท", "zone_number": 2, "PartyTerminated": false, "Age": 57, "Occupation": "สมาชิกสภาเทศบาลตำบล", "HighestEducation": "ปริญญาโท", "ImageFileId": "5c5808f4fbcb5f1eec0fda95", "SelfIntroduceFileId": "5c5d2f5cfbcb5f0fd885bd21", "PartyLogo": "https://storage.googleapis.com/candidate-thumbs/party/45.png", "CandididatePhoto": "https://storage.googleapis.com/candidate-thumbs/images/18-2-14.jpg"}, {"Unnamed: 0": 322, "CandidateId": "e2867fe6-6a6f-40eb-b1be-4e882b4c50a1", "CandidateNo": 15, "FirstName": "มานัฏฐ์ดลฌ์", "LastName": "เจริญภูวดล", "PartyName": "ชาติไทยพัฒนา", "PartyNumber": 55, "Title": "นาย", "Votable": true, "province_id": 18, "province_name": "ชัยนาท", "zone_number": 2, "PartyTerminated": false, "Age": 70, "Occupation": "นักวิชาการอิสระ", "HighestEducation": "ปริญญาเอก", "ImageFileId": "5c58f75ffbcb5f1d88136897", "SelfIntroduceFileId": "5c5d2f7ffbcb5f0fd885bed7", "PartyLogo": "https://storage.googleapis.com/candidate-thumbs/party/55.png", "CandididatePhoto": "https://storage.googleapis.com/candidate-thumbs/images/18-2-15.jpg"}, {"Unnamed: 0": 323, "CandidateId": "087ac593-d39c-4725-bc4a-5e2bcac14a77", "CandidateNo": 16, "FirstName": "บำรุง", "LastName": "จีนอ่ำ", "PartyName": "เพื่อนไทย", "PartyNumber": 179, "Title": "นาย", "Votable": false, "province_id": 18, "province_name": "ชัยนาท", "zone_number": 2, "PartyTerminated": false, "Age": 52, "Occupation": "เกษตรกร", "HighestEducation": "ต่ำกว่าปริญญาตรี", "ImageFileId": "5c593388fbcb5f1d881630d7", "SelfIntroduceFileId": "5c5d2fb1fbcb5f0fd885c000", "PartyLogo": "https://storage.googleapis.com/candidate-thumbs/party/179.png", "CandididatePhoto": "https://storage.googleapis.com/candidate-thumbs/images/18-2-16.jpg"}, {"Unnamed: 0": 324, "CandidateId": "706fcad4-3f09-4ee4-b369-758c88579403", "CandidateNo": 17, "FirstName": "สุพจน์", "LastName": "บุญมี", "PartyName": "รักษ์ผืนป่าประเทศไทย", "PartyNumber": 133, "Title": "นาย", "Votable": true, "province_id": 18, "province_name": "ชัยนาท", "zone_number": 2, "PartyTerminated": false, "Age": 49, "Occupation": "รับจ้างทั่วไป", "HighestEducation": "ต่ำกว่าปริญญาตรี", "ImageFileId": "5c5a7e31fbcb5f19bcaa52f3", "SelfIntroduceFileId": "5c5d2fd8fbcb5f0fd885c139", "PartyLogo": "https://storage.googleapis.com/candidate-thumbs/party/133.png", "CandididatePhoto": "https://storage.googleapis.com/candidate-thumbs/images/18-2-17.jpg"}, {"Unnamed: 0": 325, "CandidateId": "e0c211a7-108a-428e-87e8-54466795e60d", "CandidateNo": 18, "FirstName": "พิษณุ", "LastName": "วงเวียน", "PartyName": "พลเมืองไทย", "PartyNumber": 173, "Title": "นาย", "Votable": true, "province_id": 18, "province_name": "ชัยนาท", "zone_number": 2, "PartyTerminated": false, "Age": 36, "Occupation": "ค้าขาย", "HighestEducation": "ต่ำกว่าปริญญาตรี", "ImageFileId": "5c5a81fcfbcb5f19bcaa7528", "SelfIntroduceFileId": "5c5d2ffbfbcb5f0fd885c1d7", "PartyLogo": "https://storage.googleapis.com/candidate-thumbs/party/173.png", "CandididatePhoto": "https://storage.googleapis.com/candidate-thumbs/images/18-2-18.jpg"}, {"Unnamed: 0": 326, "CandidateId": "05e3333b-099c-441b-bbea-1ffa019e018d", "CandidateNo": 19, "FirstName": "ดา", "LastName": "ครคง", "PartyName": "เครือข่ายชาวนาแห่งประเทศไทย", "PartyNumber": 22, "Title": "นาย", "Votable": true, "province_id": 18, "province_name": "ชัยนาท", "zone_number": 2, "PartyTerminated": false, "Age": 68, "Occupation": "เกษตรกร", "HighestEducation": "ต่ำกว่าปริญญาตรี", "ImageFileId": "5c5bb095fbcb5f16fc65fe2e", "SelfIntroduceFileId": "5c5d302dfbcb5f0fd885c355", "PartyLogo": "https://storage.googleapis.com/candidate-thumbs/party/22.png", "CandididatePhoto": "https://storage.googleapis.com/candidate-thumbs/images/18-2-19.jpg"}, {"Unnamed: 0": 327, "CandidateId": "fc9da19d-c432-42cc-8fbf-0eff2e67be0e", "CandidateNo": 20, "FirstName": "จักรกริช", "LastName": "ชะเอม", "PartyName": "เศรษฐกิจใหม่", "PartyNumber": 193, "Title": "นาย", "Votable": true, "province_id": 18, "province_name": "ชัยนาท", "zone_number": 2, "PartyTerminated": false, "Age": 36, "Occupation": "ธุรกิจส่วนตัว", "HighestEducation": "ต่ำกว่าปริญญาตรี", "ImageFileId": "5c5bbbe0fbcb5f16fc6651f0", "SelfIntroduceFileId": "5c5d30c3fbcb5f0fd885c704", "PartyLogo": "https://storage.googleapis.com/candidate-thumbs/party/193.png", "CandididatePhoto": "https://storage.googleapis.com/candidate-thumbs/images/18-2-20.jpg"}, {"Unnamed: 0": 328, "CandidateId": "0270ea4d-fb5b-4f20-9c36-9e26f4eb2e47", "CandidateNo": 21, "FirstName": "อนันต์", "LastName": "น้อยศักดิ์", "PartyName": "พลังไทยดี", "PartyNumber": 212, "Title": "นาย", "Votable": true, "province_id": 18, "province_name": "ชัยนาท", "zone_number": 2, "PartyTerminated": false, "Age": 64, "Occupation": "เกษตรกร", "HighestEducation": "ต่ำกว่าปริญญาตรี", "ImageFileId": "5c5bc81afbcb5f16fc668761", "SelfIntroduceFileId": "5c5d3150fbcb5f0fd885ccc4", "PartyLogo": "https://storage.googleapis.com/candidate-thumbs/party/212.png", "CandididatePhoto": "https://storage.googleapis.com/candidate-thumbs/images/18-2-21.jpg"}, {"Unnamed: 0": 329, "CandidateId": "6f4ef9c8-1726-47b2-813d-5282f92a9f42", "CandidateNo": 22, "FirstName": "ณวพงศ์ธร", "LastName": "นิติภูวนนท์", "PartyName": "แผ่นดินธรรม", "PartyNumber": 188, "Title": "นาย", "Votable": true, "province_id": 18, "province_name": "ชัยนาท", "zone_number": 2, "PartyTerminated": false, "Age": 46, "Occupation": "อาจารย์", "HighestEducation": "ปริญญาเอก", "ImageFileId": "5c5bcf92fbcb5f16fc66b8ba", "SelfIntroduceFileId": "5c5bdc12fbcb5f16fc671caa", "PartyLogo": "https://storage.googleapis.com/candidate-thumbs/party/188.png", "CandididatePhoto": "https://storage.googleapis.com/candidate-thumbs/images/18-2-22.jpg"}, {"Unnamed: 0": 330, "CandidateId": "f8e1c4b8-b3e2-4746-a93c-4ac789f6d0f5", "CandidateNo": 23, "FirstName": "อุกฤษฎ์", "LastName": "เกตุเอม", "PartyName": "ไทยศรีวิไลย์", "PartyNumber": 180, "Title": "นาย", "Votable": true, "province_id": 18, "province_name": "ชัยนาท", "zone_number": 2, "PartyTerminated": false, "Age": 43, "Occupation": "พนักงานบริษัท", "HighestEducation": "ต่ำกว่าปริญญาตรี", "ImageFileId": "5c5bddfefbcb5f16fc672a6f", "SelfIntroduceFileId": "5c5d31c5fbcb5f0fd885d196", "PartyLogo": "https://storage.googleapis.com/candidate-thumbs/party/180.png", "CandididatePhoto": "https://storage.googleapis.com/candidate-thumbs/images/18-2-23.jpg"}, {"Unnamed: 0": 331, "CandidateId": "1238b91e-5edd-443f-b9dd-9bb0c8e16099", "CandidateNo": 24, "FirstName": "บุญชัย", "LastName": "จารุพันธุ์", "PartyName": "พลังชาติไทย", "PartyNumber": 186, "Title": "นาย", "Votable": true, "province_id": 18, "province_name": "ชัยนาท", "zone_number": 2, "PartyTerminated": false, "Age": 38, "Occupation": "ธุรกิจส่วนตัว", "HighestEducation": "ปริญญาตรี", "ImageFileId": "5c5d1abffbcb5f0fd88519c7", "SelfIntroduceFileId": "5c5d1caefbcb5f0fd88525ad", "PartyLogo": "https://storage.googleapis.com/candidate-thumbs/party/186.png", "CandididatePhoto": "https://storage.googleapis.com/candidate-thumbs/images/18-2-24.jpg"}]