[{"Unnamed: 0": 7210, "CandidateId": "0e694252-d276-4a87-9c50-7e0aed73c9fd", "CandidateNo": 1, "FirstName": "อนุชา", "LastName": "ชุบสัมฤทธิ์", "PartyName": "ชาติพัฒนา", "PartyNumber": 45, "Title": "นาย", "Votable": true, "province_id": 20, "province_name": "ชลบุรี", "zone_number": 8, "PartyTerminated": false, "Age": 32, "Occupation": "กราฟิคดีไซน์", "HighestEducation": "ปริญญาตรี", "ImageFileId": "5c594969fbcb5f1d88175f85", "SelfIntroduceFileId": "5c590b4efbcb5f1d88145561", "PartyLogo": "https://storage.googleapis.com/candidate-thumbs/party/45.png", "CandididatePhoto": "https://storage.googleapis.com/candidate-thumbs/images/20-8-1.jpg"}, {"Unnamed: 0": 7211, "CandidateId": "b0c6abc7-3844-4225-b2d1-a82dc4d6a189", "CandidateNo": 2, "FirstName": "ไมตรี", "LastName": "สอยเหลือง", "PartyName": "ประชาธิปัตย์", "PartyNumber": 1, "Title": "นาย", "Votable": true, "province_id": 20, "province_name": "ชลบุรี", "zone_number": 8, "PartyTerminated": false, "Age": 72, "Occupation": "ทนายความ", "HighestEducation": "ปริญญาตรี", "ImageFileId": "5c59499ffbcb5f1d881761a8", "SelfIntroduceFileId": "5c590d5efbcb5f1d881473ab", "PartyLogo": "https://storage.googleapis.com/candidate-thumbs/party/1.png", "CandididatePhoto": "https://storage.googleapis.com/candidate-thumbs/images/20-8-2.jpg"}, {"Unnamed: 0": 7212, "CandidateId": "2884ee39-4e5f-4797-8a20-8359e2721ca5", "CandidateNo": 3, "FirstName": "พอสกัณห์", "LastName": "ธนฤกษ์มั่นคง", "PartyName": "ประชานิยม", "PartyNumber": 191, "Title": "นาย", "Votable": true, "province_id": 20, "province_name": "ชลบุรี", "zone_number": 8, "PartyTerminated": false, "Age": 63, "Occupation": "ที่ปรึกษากฎหมาย", "HighestEducation": "ปริญญาตรี", "ImageFileId": "5c5949f9fbcb5f1d88176613", "SelfIntroduceFileId": "5c59100cfbcb5f1d88149a0d", "PartyLogo": "https://storage.googleapis.com/candidate-thumbs/party/191.png", "CandididatePhoto": "https://storage.googleapis.com/candidate-thumbs/images/20-8-3.jpg"}, {"Unnamed: 0": 7213, "CandidateId": "514a81c8-fc88-4a9c-bb4a-b7582ce548d4", "CandidateNo": 4, "FirstName": "ธเนศพล", "LastName": "เอกกลาง", "PartyName": "เสรีรวมไทย", "PartyNumber": 145, "Title": "นาย", "Votable": true, "province_id": 20, "province_name": "ชลบุรี", "zone_number": 8, "PartyTerminated": false, "Age": 62, "Occupation": "พนักงานบริษัท อัลคาซ่า จำกัด", "HighestEducation": "ปริญญาตรี", "ImageFileId": "5c594a30fbcb5f1d8817685e", "SelfIntroduceFileId": "5c5910c1fbcb5f1d8814a58e", "PartyLogo": "https://storage.googleapis.com/candidate-thumbs/party/145.png", "CandididatePhoto": "https://storage.googleapis.com/candidate-thumbs/images/20-8-4.jpg"}, {"Unnamed: 0": 7214, "CandidateId": "720ac123-440e-4bb4-b8d3-a7238553ad25", "CandidateNo": 5, "FirstName": "พรทิพย์", "LastName": "แสนทวีสุข", "PartyName": "สังคมประชาธิปไตยไทย", "PartyNumber": 76, "Title": "นางสาว", "Votable": true, "province_id": 20, "province_name": "ชลบุรี", "zone_number": 8, "PartyTerminated": false, "Age": 40, "Occupation": "นักสหภาพแรงงาน", "HighestEducation": "ต่ำกว่าปริญญาตรี", "ImageFileId": "5c594a8ffbcb5f1d88176d82", "SelfIntroduceFileId": "5c59128bfbcb5f1d8814bca6", "PartyLogo": "https://storage.googleapis.com/candidate-thumbs/party/76.png", "CandididatePhoto": "https://storage.googleapis.com/candidate-thumbs/images/20-8-5.jpg"}, {"Unnamed: 0": 7215, "CandidateId": "cb3e9e34-16fa-4e71-8557-3c7066f7d0b6", "CandidateNo": 6, "FirstName": "นิชนันท์", "LastName": "วังคะฮาต", "PartyName": "ไทยรักษาชาติ", "PartyNumber": 77, "Title": "นางสาว", "Votable": true, "province_id": 20, "province_name": "ชลบุรี", "zone_number": 8, "PartyTerminated": true, "Age": 49, "Occupation": "เจ้าของกิจการ", "HighestEducation": "ปริญญาโท", "ImageFileId": "5c594ac0fbcb5f1d8817706b", "SelfIntroduceFileId": "5c59145afbcb5f1d8814d43a", "PartyLogo": "https://storage.googleapis.com/candidate-thumbs/party/77.png", "CandididatePhoto": "https://storage.googleapis.com/candidate-thumbs/images/20-8-6.jpg"}, {"Unnamed: 0": 7216, "CandidateId": "8027450a-9209-4335-bbec-eb6e20953069", "CandidateNo": 7, "FirstName": "สุรพล", "LastName": "จันทน์แดง", "PartyName": "ภูมิใจไทย", "PartyNumber": 63, "Title": "พลเรือเอก", "Votable": true, "province_id": 20, "province_name": "ชลบุรี", "zone_number": 8, "PartyTerminated": false, "Age": 73, "Occupation": "ข้าราชการบำนาญ", "HighestEducation": "ปริญญาตรี", "ImageFileId": "5c594af0fbcb5f1d881772d2", "SelfIntroduceFileId": "5c5915dffbcb5f1d8814e5f4", "PartyLogo": "https://storage.googleapis.com/candidate-thumbs/party/63.png", "CandididatePhoto": "https://storage.googleapis.com/candidate-thumbs/images/20-8-7.jpg"}, {"Unnamed: 0": 7217, "CandidateId": "fff7042a-1f7b-4560-a9d7-8078dd8443a6", "CandidateNo": 8, "FirstName": "สะถิระ", "LastName": "เผือกประพันธุ์", "PartyName": "พลังประชารัฐ", "PartyNumber": 192, "Title": "นาย", "Votable": true, "province_id": 20, "province_name": "ชลบุรี", "zone_number": 8, "PartyTerminated": false, "Age": 38, "Occupation": "ธุรกิจส่วนตัว", "HighestEducation": "ปริญญาเอก", "ImageFileId": "5c594b1dfbcb5f1d881775e7", "SelfIntroduceFileId": "5c591697fbcb5f1d8814ec60", "PartyLogo": "https://storage.googleapis.com/candidate-thumbs/party/192.png", "CandididatePhoto": "https://storage.googleapis.com/candidate-thumbs/images/20-8-8.jpg"}, {"Unnamed: 0": 7218, "CandidateId": "c958c227-71bb-40eb-be82-e42cb5f923de", "CandidateNo": 9, "FirstName": "อภิสัณห์", "LastName": "วัฒนานิรันดร์กุล", "PartyName": "รวมพลังประชาชาติไทย", "PartyNumber": 181, "Title": "นาย", "Votable": true, "province_id": 20, "province_name": "ชลบุรี", "zone_number": 8, "PartyTerminated": false, "Age": 56, "Occupation": "ธุรกิจส่วนตัว", "HighestEducation": "ต่ำกว่าปริญญาตรี", "ImageFileId": "5c594b54fbcb5f1d88177787", "SelfIntroduceFileId": "5c592a45fbcb5f1d8815a4bb", "PartyLogo": "https://storage.googleapis.com/candidate-thumbs/party/181.png", "CandididatePhoto": "https://storage.googleapis.com/candidate-thumbs/images/20-8-9.jpg"}, {"Unnamed: 0": 7219, "CandidateId": "410d0e44-1a11-4f87-92b2-70341542dfae", "CandidateNo": 10, "FirstName": "วิทวัส", "LastName": "สามารถ", "PartyName": "รักษ์ผืนป่าประเทศไทย", "PartyNumber": 133, "Title": "นาย", "Votable": true, "province_id": 20, "province_name": "ชลบุรี", "zone_number": 8, "PartyTerminated": false, "Age": 29, "Occupation": "ธุรกิจส่วนตัว", "HighestEducation": "ปริญญาตรี", "ImageFileId": "5c594b83fbcb5f1d881778da", "SelfIntroduceFileId": "5c592af5fbcb5f1d8815b12a", "PartyLogo": "https://storage.googleapis.com/candidate-thumbs/party/133.png", "CandididatePhoto": "https://storage.googleapis.com/candidate-thumbs/images/20-8-10.jpg"}, {"Unnamed: 0": 7220, "CandidateId": "506af757-ea35-499e-b3bb-f04821342a80", "CandidateNo": 11, "FirstName": "สุรสิทธิ์", "LastName": "ทะวะลัย", "PartyName": "อนาคตใหม่", "PartyNumber": 177, "Title": "นาวาตรี", "Votable": true, "province_id": 20, "province_name": "ชลบุรี", "zone_number": 8, "PartyTerminated": false, "Age": 61, "Occupation": "รับราชการ", "HighestEducation": "ปริญญาตรี", "ImageFileId": "5c594bb2fbcb5f1d88177a93", "SelfIntroduceFileId": "5c592bacfbcb5f1d8815be66", "PartyLogo": "https://storage.googleapis.com/candidate-thumbs/party/177.png", "CandididatePhoto": "https://storage.googleapis.com/candidate-thumbs/images/20-8-11.jpg"}, {"Unnamed: 0": 7221, "CandidateId": "70b260ee-2d44-4d7c-8af6-83815c1e813e", "CandidateNo": 12, "FirstName": "ธรรมนูญ", "LastName": "กสิโกศล", "PartyName": "พลังชาติไทย", "PartyNumber": 186, "Title": "พลเรือตรี", "Votable": true, "province_id": 20, "province_name": "ชลบุรี", "zone_number": 8, "PartyTerminated": false, "Age": 64, "Occupation": "รับราชการ", "HighestEducation": "ปริญญาตรี", "ImageFileId": "5c594bdffbcb5f1d88177d28", "SelfIntroduceFileId": "5c592c52fbcb5f1d8815c8b1", "PartyLogo": "https://storage.googleapis.com/candidate-thumbs/party/186.png", "CandididatePhoto": "https://storage.googleapis.com/candidate-thumbs/images/20-8-12.jpg"}, {"Unnamed: 0": 7222, "CandidateId": "4bf91c93-dd8f-46e4-b1f5-27db25748880", "CandidateNo": 13, "FirstName": "ปารย์รวี", "LastName": "ศรีโสม", "PartyName": "เศรษฐกิจใหม่", "PartyNumber": 193, "Title": "นางสาว", "Votable": true, "province_id": 20, "province_name": "ชลบุรี", "zone_number": 8, "PartyTerminated": false, "Age": 43, "Occupation": "แม่บ้าน", "HighestEducation": "ปริญญาตรี", "ImageFileId": "5c594c07fbcb5f1d88177fab", "SelfIntroduceFileId": "5c592cedfbcb5f1d8815d0e3", "PartyLogo": "https://storage.googleapis.com/candidate-thumbs/party/193.png", "CandididatePhoto": "https://storage.googleapis.com/candidate-thumbs/images/20-8-13.jpg"}, {"Unnamed: 0": 7223, "CandidateId": "35e44ce7-4ffe-4115-b000-ccf3cdbdbbf0", "CandidateNo": 14, "FirstName": "สุธี", "LastName": "เมนะโพธิ", "PartyName": "ประชาชนปฏิรูป", "PartyNumber": 176, "Title": "พลเรือโท", "Votable": true, "province_id": 20, "province_name": "ชลบุรี", "zone_number": 8, "PartyTerminated": false, "Age": 71, "Occupation": "ข้าราชการบำนาญ", "HighestEducation": "ปริญญาตรี", "ImageFileId": "5c594c30fbcb5f1d881781a4", "SelfIntroduceFileId": "5c592d8afbcb5f1d8815dc76", "PartyLogo": "https://storage.googleapis.com/candidate-thumbs/party/176.png", "CandididatePhoto": "https://storage.googleapis.com/candidate-thumbs/images/20-8-14.jpg"}, {"Unnamed: 0": 7224, "CandidateId": "031f3306-7b52-4e2f-9f74-af086ef70328", "CandidateNo": 15, "FirstName": "ศศิมาภรณ์", "LastName": "ชมไพร", "PartyName": "เพื่อชาติ", "PartyNumber": 149, "Title": "นาง", "Votable": true, "province_id": 20, "province_name": "ชลบุรี", "zone_number": 8, "PartyTerminated": false, "Age": 55, "Occupation": "ตัวแทนขายประกันชีวิต (AIA)", "HighestEducation": "ต่ำกว่าปริญญาตรี", "ImageFileId": "5c594c59fbcb5f1d8817843d", "SelfIntroduceFileId": "5c593ec4fbcb5f1d8816c972", "PartyLogo": "https://storage.googleapis.com/candidate-thumbs/party/149.png", "CandididatePhoto": "https://storage.googleapis.com/candidate-thumbs/images/20-8-15.jpg"}, {"Unnamed: 0": 7225, "CandidateId": "c6adf669-fabe-4225-a7e9-fe0ab060f106", "CandidateNo": 16, "FirstName": "พูลสุข", "LastName": "บุนนาค", "PartyName": "ชาติไทยพัฒนา", "PartyNumber": 55, "Title": "พลเรือตรี", "Votable": true, "province_id": 20, "province_name": "ชลบุรี", "zone_number": 8, "PartyTerminated": false, "Age": 64, "Occupation": "รับราชการทหารเรือ", "HighestEducation": "ปริญญาตรี", "ImageFileId": "5c5a5436fbcb5f19bca94ce3", "SelfIntroduceFileId": "5c5a54e3fbcb5f19bca952f5", "PartyLogo": "https://storage.googleapis.com/candidate-thumbs/party/55.png", "CandididatePhoto": "https://storage.googleapis.com/candidate-thumbs/images/20-8-16.jpg"}, {"Unnamed: 0": 7226, "CandidateId": "c7741eca-8c96-46b0-b1c7-c08d8917cdc9", "CandidateNo": 17, "FirstName": "สมเกียรติ", "LastName": "อุปถัมภ์ชาติ", "PartyName": "พลังปวงชนไทย", "PartyNumber": 184, "Title": "นาวาโท", "Votable": true, "province_id": 20, "province_name": "ชลบุรี", "zone_number": 8, "PartyTerminated": false, "Age": 66, "Occupation": "ข้าราชการบำนาญ", "HighestEducation": "ต่ำกว่าปริญญาตรี", "ImageFileId": "5c5a5524fbcb5f19bca95523", "SelfIntroduceFileId": "5c5a55a8fbcb5f19bca95954", "PartyLogo": "https://storage.googleapis.com/candidate-thumbs/party/184.png", "CandididatePhoto": "https://storage.googleapis.com/candidate-thumbs/images/20-8-17.jpg"}, {"Unnamed: 0": 7227, "CandidateId": "884c65c5-6e12-415a-8921-c6bb91ee14fb", "CandidateNo": 18, "FirstName": "แสนไพศาล", "LastName": "บูลย์พัชร", "PartyName": "ไทยรุ่งเรือง", "PartyNumber": 194, "Title": "นาย", "Votable": true, "province_id": 20, "province_name": "ชลบุรี", "zone_number": 8, "PartyTerminated": false, "Age": 54, "Occupation": "ค้าขาย", "HighestEducation": "ต่ำกว่าปริญญาตรี", "ImageFileId": "5c5a73e1fbcb5f19bcaa1420", "SelfIntroduceFileId": "5c5bd914fbcb5f16fc670190", "PartyLogo": "https://storage.googleapis.com/candidate-thumbs/party/194.png", "CandididatePhoto": "https://storage.googleapis.com/candidate-thumbs/images/20-8-18.jpg"}, {"Unnamed: 0": 7228, "CandidateId": "70a415d8-7cbe-49c3-b176-8042e8d8e680", "CandidateNo": 19, "FirstName": "ดำรงชาติ", "LastName": "รอดชีวัน", "PartyName": "ครูไทยเพื่อประชาชน", "PartyNumber": 118, "Title": "นาวาตรี", "Votable": true, "province_id": 20, "province_name": "ชลบุรี", "zone_number": 8, "PartyTerminated": false, "Age": 62, "Occupation": "ข้าราชการทหารเรือ", "HighestEducation": "ต่ำกว่าปริญญาตรี", "ImageFileId": "5c5bda35fbcb5f16fc670988", "SelfIntroduceFileId": "5c5bdab3fbcb5f16fc670e7e", "PartyLogo": "https://storage.googleapis.com/candidate-thumbs/party/118.png", "CandididatePhoto": "https://storage.googleapis.com/candidate-thumbs/images/20-8-19.jpg"}, {"Unnamed: 0": 7229, "CandidateId": "11a44ba9-44fe-4e5d-a4e3-b53e64f36360", "CandidateNo": 20, "FirstName": "ปิยวัฒน์", "LastName": "ศรีคำดี", "PartyName": "พลังประชาธิปไตย", "PartyNumber": 153, "Title": "นาย", "Votable": true, "province_id": 20, "province_name": "ชลบุรี", "zone_number": 8, "PartyTerminated": false, "Age": 56, "Occupation": "เชฟทำอาหารโรงแรม", "HighestEducation": "ต่ำกว่าปริญญาตรี", "ImageFileId": "5c5bdaf5fbcb5f16fc671193", "SelfIntroduceFileId": "5c5bdb6bfbcb5f16fc6714e7", "PartyLogo": "https://storage.googleapis.com/candidate-thumbs/party/153.png", "CandididatePhoto": "https://storage.googleapis.com/candidate-thumbs/images/20-8-20.jpg"}, {"Unnamed: 0": 7230, "CandidateId": "4ad3eee1-839f-4a3b-ad34-efec3a457d9d", "CandidateNo": 21, "FirstName": "ศิรเศรษฐ์", "LastName": "อภิชัจหรรษกร", "PartyName": "ไทยศรีวิไลย์", "PartyNumber": 180, "Title": "นาย", "Votable": true, "province_id": 20, "province_name": "ชลบุรี", "zone_number": 8, "PartyTerminated": false, "Age": 31, "Occupation": "พนักงานบริษัทเอกชน", "HighestEducation": "ปริญญาตรี", "ImageFileId": "5c5bdcebfbcb5f16fc6721e8", "SelfIntroduceFileId": "5c5bdd61fbcb5f16fc6725bd", "PartyLogo": "https://storage.googleapis.com/candidate-thumbs/party/180.png", "CandididatePhoto": "https://storage.googleapis.com/candidate-thumbs/images/20-8-21.jpg"}, {"Unnamed: 0": 7231, "CandidateId": "66b6c701-7338-4f7a-bcb0-c0b7417b37d5", "CandidateNo": 22, "FirstName": "ประกิจ", "LastName": "หมื่นศรี", "PartyName": "พลังท้องถิ่นไท", "PartyNumber": 124, "Title": "นาย", "Votable": true, "province_id": 20, "province_name": "ชลบุรี", "zone_number": 8, "PartyTerminated": false, "Age": 51, "Occupation": "รับจ้าง", "HighestEducation": "ต่ำกว่าปริญญาตรี", "ImageFileId": "5c5bde88fbcb5f16fc673026", "SelfIntroduceFileId": "5c5bdf0efbcb5f16fc673667", "PartyLogo": "https://storage.googleapis.com/candidate-thumbs/party/124.png", "CandididatePhoto": "https://storage.googleapis.com/candidate-thumbs/images/20-8-22.jpg"}, {"Unnamed: 0": 7232, "CandidateId": "1724232a-abd1-4003-87bd-f1d755cf8753", "CandidateNo": 23, "FirstName": "กุลรัชฎา", "LastName": "วโรทัย", "PartyName": "ประชาภิวัฒน์", "PartyNumber": 172, "Title": "นางสาว", "Votable": true, "province_id": 20, "province_name": "ชลบุรี", "zone_number": 8, "PartyTerminated": false, "Age": 45, "Occupation": "พนักงานเอกชน", "HighestEducation": "ปริญญาตรี", "ImageFileId": "5c5d00dffbcb5f0fd8848a9e", "SelfIntroduceFileId": "5c5d0167fbcb5f0fd8848e0d", "PartyLogo": "https://storage.googleapis.com/candidate-thumbs/party/172.png", "CandididatePhoto": "https://storage.googleapis.com/candidate-thumbs/images/20-8-23.jpg"}, {"Unnamed: 0": 7233, "CandidateId": "a972f7df-2451-4f17-b161-85aa07f74f4b", "CandidateNo": 24, "FirstName": "บุษยมาศ", "LastName": "โกเมฆ", "PartyName": "พลเมืองไทย", "PartyNumber": 173, "Title": "นางสาว", "Votable": true, "province_id": 20, "province_name": "ชลบุรี", "zone_number": 8, "PartyTerminated": false, "Age": 48, "Occupation": "แม่บ้าน", "HighestEducation": "ปริญญาตรี", "ImageFileId": "5c5d191ffbcb5f0fd8851215", "SelfIntroduceFileId": "5c5d1982fbcb5f0fd8851438", "PartyLogo": "https://storage.googleapis.com/candidate-thumbs/party/173.png", "CandididatePhoto": "https://storage.googleapis.com/candidate-thumbs/images/20-8-24.jpg"}, {"Unnamed: 0": 7234, "CandidateId": "651fc451-9906-44ad-8700-8aaf5f292d29", "CandidateNo": 25, "FirstName": "ศิริลัคน์", "LastName": "คำศรี", "PartyName": "ผึ้งหลวง", "PartyNumber": 164, "Title": "นาง", "Votable": true, "province_id": 20, "province_name": "ชลบุรี", "zone_number": 8, "PartyTerminated": false, "Age": 63, "Occupation": "นักจัดรายการวิทยุธุรกิจชุมชน", "HighestEducation": "ต่ำกว่าปริญญาตรี", "ImageFileId": "5c5d2d56fbcb5f0fd885aa76", "SelfIntroduceFileId": "5c5d2dd0fbcb5f0fd885b143", "PartyLogo": "https://storage.googleapis.com/candidate-thumbs/party/164.png", "CandididatePhoto": "https://storage.googleapis.com/candidate-thumbs/images/20-8-25.jpg"}, {"Unnamed: 0": 7235, "CandidateId": "19f258b9-32f2-4423-9153-96cbb330b724", "CandidateNo": 26, "FirstName": "สุพรวิเณศน์", "LastName": "พานเกล้า", "PartyName": "ไทรักธรรม", "PartyNumber": 144, "Title": "นางสาว", "Votable": true, "province_id": 20, "province_name": "ชลบุรี", "zone_number": 8, "PartyTerminated": false, "Age": 35, "Occupation": "พนักงานบริษัท", "HighestEducation": "ต่ำกว่าปริญญาตรี", "ImageFileId": "5c5d42ddfbcb5f0fd8866cba", "SelfIntroduceFileId": "5c5d4345fbcb5f0fd8867009", "PartyLogo": "https://storage.googleapis.com/candidate-thumbs/party/144.png", "CandididatePhoto": "https://storage.googleapis.com/candidate-thumbs/images/20-8-26.jpg"}]