[{"Unnamed: 0": 1091, "CandidateId": "77fbdf2e-588d-421b-8f2b-fb2cfc389cc2", "CandidateNo": 1, "FirstName": "ทวี", "LastName": "ปรังพันธ์", "PartyName": "ประชาชาติ", "PartyNumber": 187, "Title": "นาย", "Votable": true, "province_id": 92, "province_name": "ตรัง", "zone_number": 2, "PartyTerminated": false, "Age": 68, "Occupation": "ข้าราชการบำนาญ", "HighestEducation": "ปริญญาตรี", "ImageFileId": "5c57d378fbcb5f1eec0ddab7", "SelfIntroduceFileId": "5c57df13fbcb5f1eec0e18ea", "PartyLogo": "https://storage.googleapis.com/candidate-thumbs/party/187.png", "CandididatePhoto": "https://storage.googleapis.com/candidate-thumbs/images/92-2-1.jpg"}, {"Unnamed: 0": 1092, "CandidateId": "34d86dbd-bb6d-4c6c-98d7-d53c670c36bf", "CandidateNo": 2, "FirstName": "วิโรจน์", "LastName": "ทองโอเอี่ยม", "PartyName": "พลังประชารัฐ", "PartyNumber": 192, "Title": "นาย", "Votable": true, "province_id": 92, "province_name": "ตรัง", "zone_number": 2, "PartyTerminated": false, "Age": 40, "Occupation": "นายแพทย์สาธารณสุข", "HighestEducation": "ปริญญาโท", "ImageFileId": "5c57e000fbcb5f1eec0e1dee", "SelfIntroduceFileId": "5c57e674fbcb5f1eec0e4df1", "PartyLogo": "https://storage.googleapis.com/candidate-thumbs/party/192.png", "CandididatePhoto": "https://storage.googleapis.com/candidate-thumbs/images/92-2-2.jpg"}, {"Unnamed: 0": 1093, "CandidateId": "5c2c6f39-ac9b-4f12-9ce2-2105152352d9", "CandidateNo": 3, "FirstName": "ศรายุทธ", "LastName": "นุ่นทอง", "PartyName": "ชาติไทยพัฒนา", "PartyNumber": 55, "Title": "นาย", "Votable": true, "province_id": 92, "province_name": "ตรัง", "zone_number": 2, "PartyTerminated": false, "Age": 26, "Occupation": "พนังงานบริษัท/ดูแลงานกฎหมายและสิทธิประโยชน์", "HighestEducation": "ปริญญาตรี", "ImageFileId": "5c57e85bfbcb5f1eec0e5fa2", "SelfIntroduceFileId": "5c57ec68fbcb5f1eec0e7df5", "PartyLogo": "https://storage.googleapis.com/candidate-thumbs/party/55.png", "CandididatePhoto": "https://storage.googleapis.com/candidate-thumbs/images/92-2-3.jpg"}, {"Unnamed: 0": 1094, "CandidateId": "ba49940e-aa67-4f36-9a83-5e2ec1898c10", "CandidateNo": 4, "FirstName": "โชคดี", "LastName": "คีรีกิ้น", "PartyName": "พลังท้องถิ่นไท", "PartyNumber": 124, "Title": "นาย", "Votable": true, "province_id": 92, "province_name": "ตรัง", "zone_number": 2, "PartyTerminated": false, "Age": 60, "Occupation": "ทำสวน", "HighestEducation": "ปริญญาตรี", "ImageFileId": "5c57ed86fbcb5f1eec0e8a64", "SelfIntroduceFileId": "5c57f615fbcb5f1eec0ee064", "PartyLogo": "https://storage.googleapis.com/candidate-thumbs/party/124.png", "CandididatePhoto": "https://storage.googleapis.com/candidate-thumbs/images/92-2-4.jpg"}, {"Unnamed: 0": 1095, "CandidateId": "c7396efd-4bfe-4ed3-8edb-db2961725444", "CandidateNo": 5, "FirstName": "ก้องกฤษณ์", "LastName": "อ่อนรู้ที่", "PartyName": "ชาติพัฒนา", "PartyNumber": 45, "Title": "นาย", "Votable": true, "province_id": 92, "province_name": "ตรัง", "zone_number": 2, "PartyTerminated": false, "Age": 49, "Occupation": "ทำการเกษตร", "HighestEducation": "ต่ำกว่าปริญญาตรี", "ImageFileId": "5c57f74bfbcb5f1eec0eeb7c", "SelfIntroduceFileId": "5c57fd85fbcb5f1eec0f3bc2", "PartyLogo": "https://storage.googleapis.com/candidate-thumbs/party/45.png", "CandididatePhoto": "https://storage.googleapis.com/candidate-thumbs/images/92-2-5.jpg"}, {"Unnamed: 0": 1096, "CandidateId": "08da6f89-fcec-443e-a11b-3256d83873a5", "CandidateNo": 6, "FirstName": "นิพนธ์", "LastName": "ทองส่งโสม", "PartyName": "พลังไทยรักไทย", "PartyNumber": 185, "Title": "นาย", "Votable": true, "province_id": 92, "province_name": "ตรัง", "zone_number": 2, "PartyTerminated": false, "Age": 65, "Occupation": "ข้าราชการบำนาญ", "HighestEducation": "ปริญญาโท", "ImageFileId": "5c57fe5dfbcb5f1eec0f473d", "SelfIntroduceFileId": "5c5803f9fbcb5f1eec0f9569", "PartyLogo": "https://storage.googleapis.com/candidate-thumbs/party/185.png", "CandididatePhoto": "https://storage.googleapis.com/candidate-thumbs/images/92-2-6.jpg"}, {"Unnamed: 0": 1097, "CandidateId": "66dd9755-73a4-498d-8d74-a8f69a260de6", "CandidateNo": 7, "FirstName": "สิริพงษ์", "LastName": "สุจิตราภรณ์", "PartyName": "คลองไทย", "PartyNumber": 189, "Title": "นาย", "Votable": true, "province_id": 92, "province_name": "ตรัง", "zone_number": 2, "PartyTerminated": false, "Age": 35, "Occupation": "ธุรกิจส่วนตัว", "HighestEducation": "ปริญญาตรี", "ImageFileId": "5c58049bfbcb5f1eec0f9fcf", "SelfIntroduceFileId": "5c580791fbcb5f1eec0fc9de", "PartyLogo": "https://storage.googleapis.com/candidate-thumbs/party/189.png", "CandididatePhoto": "https://storage.googleapis.com/candidate-thumbs/images/92-2-7.jpg"}, {"Unnamed: 0": 1098, "CandidateId": "15671cc2-7093-4ad8-9db6-a26199eba3e5", "CandidateNo": 8, "FirstName": "วิจัย", "LastName": "น้อยหนู", "PartyName": "พลังธรรมใหม่", "PartyNumber": 175, "Title": "นาย", "Votable": true, "province_id": 92, "province_name": "ตรัง", "zone_number": 2, "PartyTerminated": false, "Age": 48, "Occupation": "รับจ้าง", "HighestEducation": "ต่ำกว่าปริญญาตรี", "ImageFileId": "5c5808bffbcb5f1eec0fd974", "SelfIntroduceFileId": "5c580ad5fbcb5f1eec0feff3", "PartyLogo": "https://storage.googleapis.com/candidate-thumbs/party/175.png", "CandididatePhoto": "https://storage.googleapis.com/candidate-thumbs/images/92-2-8.jpg"}, {"Unnamed: 0": 1099, "CandidateId": "aed3e240-9e5f-44b7-ae33-57f765c45065", "CandidateNo": 9, "FirstName": "ประดิษฐ์", "LastName": "จันทร์สง", "PartyName": "เพื่อธรรม", "PartyNumber": 98, "Title": "นาย", "Votable": true, "province_id": 92, "province_name": "ตรัง", "zone_number": 2, "PartyTerminated": false, "Age": 64, "Occupation": "ข้าราชการบำนาญ", "HighestEducation": "ปริญญาตรี", "ImageFileId": "5c580c1dfbcb5f1eec100030", "SelfIntroduceFileId": "5c580fc1fbcb5f1eec102a67", "PartyLogo": "https://storage.googleapis.com/candidate-thumbs/party/98.png", "CandididatePhoto": "https://storage.googleapis.com/candidate-thumbs/images/92-2-9.jpg"}, {"Unnamed: 0": 1100, "CandidateId": "a07a5cda-f5d9-4127-84ea-d14ceab3bdf1", "CandidateNo": 10, "FirstName": "สาทิตย์", "LastName": "วงศ์หนองเตย", "PartyName": "ประชาธิปัตย์", "PartyNumber": 1, "Title": "นาย", "Votable": true, "province_id": 92, "province_name": "ตรัง", "zone_number": 2, "PartyTerminated": false, "Age": 57, "Occupation": "ธุรกิจส่วนตัว", "HighestEducation": "ปริญญาโท", "ImageFileId": "5c58107cfbcb5f1eec1032b8", "SelfIntroduceFileId": "5c581386fbcb5f1eec104cd4", "PartyLogo": "https://storage.googleapis.com/candidate-thumbs/party/1.png", "CandididatePhoto": "https://storage.googleapis.com/candidate-thumbs/images/92-2-10.jpg"}, {"Unnamed: 0": 1101, "CandidateId": "649a8f2e-9f9a-488c-b689-973bd933f4b2", "CandidateNo": 11, "FirstName": "สง", "LastName": "จันทร์สุขศรี", "PartyName": "เสรีรวมไทย", "PartyNumber": 145, "Title": "นาย", "Votable": true, "province_id": 92, "province_name": "ตรัง", "zone_number": 2, "PartyTerminated": false, "Age": 59, "Occupation": "รับราชการครู", "HighestEducation": "ปริญญาตรี", "ImageFileId": "5c62a090fbcb5f2ba43bffbf", "SelfIntroduceFileId": "5c5817a4fbcb5f1eec106e01", "PartyLogo": "https://storage.googleapis.com/candidate-thumbs/party/145.png", "CandididatePhoto": "https://storage.googleapis.com/candidate-thumbs/images/92-2-11.jpg"}, {"Unnamed: 0": 1102, "CandidateId": "12e5232e-5802-4048-a2a0-c4c913281d7b", "CandidateNo": 12, "FirstName": "วิสิษฐ์", "LastName": "สังขโชติ", "PartyName": "ประชาชนปฏิรูป", "PartyNumber": 176, "Title": "นาย", "Votable": true, "province_id": 92, "province_name": "ตรัง", "zone_number": 2, "PartyTerminated": false, "Age": 27, "Occupation": "ค้าขาย", "HighestEducation": "ต่ำกว่าปริญญาตรี", "ImageFileId": "5c581841fbcb5f1eec1071f6", "SelfIntroduceFileId": "5c581b51fbcb5f1eec10838f", "PartyLogo": "https://storage.googleapis.com/candidate-thumbs/party/176.png", "CandididatePhoto": "https://storage.googleapis.com/candidate-thumbs/images/92-2-12.jpg"}, {"Unnamed: 0": 1103, "CandidateId": "8f9f3052-dffa-40e3-8403-8c7ee0209ee8", "CandidateNo": 13, "FirstName": "คมสรร", "LastName": "ต้องหุ้ย", "PartyName": "ไทยรักษาชาติ", "PartyNumber": 77, "Title": "นาย", "Votable": true, "province_id": 92, "province_name": "ตรัง", "zone_number": 2, "PartyTerminated": true, "Age": 33, "Occupation": "ธุรกิจไม้ยางพาราแปรรูปส่งออก", "HighestEducation": "ปริญญาตรี", "ImageFileId": "5c62afb6fbcb5f2ba43c150f", "SelfIntroduceFileId": "5c581f5afbcb5f1eec10966c", "PartyLogo": "https://storage.googleapis.com/candidate-thumbs/party/77.png", "CandididatePhoto": "https://storage.googleapis.com/candidate-thumbs/images/92-2-13.jpg"}, {"Unnamed: 0": 1104, "CandidateId": "7e9596e9-e9e2-47a5-896c-8532eaddf8ec", "CandidateNo": 14, "FirstName": "ปองศักดิ์", "LastName": "ชอบทำกิจ", "PartyName": "อนาคตใหม่", "PartyNumber": 177, "Title": "นาย", "Votable": true, "province_id": 92, "province_name": "ตรัง", "zone_number": 2, "PartyTerminated": false, "Age": 58, "Occupation": "ธุรกิจ", "HighestEducation": "ปริญญาโท", "ImageFileId": "5c581fdafbcb5f1eec1098a3", "SelfIntroduceFileId": "5c5822c3fbcb5f1eec10a534", "PartyLogo": "https://storage.googleapis.com/candidate-thumbs/party/177.png", "CandididatePhoto": "https://storage.googleapis.com/candidate-thumbs/images/92-2-14.jpg"}, {"Unnamed: 0": 1105, "CandidateId": "09a50f7a-449c-4758-9db4-fa800ab14dd9", "CandidateNo": 15, "FirstName": "สมพร", "LastName": "ขวัญศรีสุทธิ์", "PartyName": "ประชาธิปไตยใหม่", "PartyNumber": 109, "Title": "นาย", "Votable": true, "province_id": 92, "province_name": "ตรัง", "zone_number": 2, "PartyTerminated": false, "Age": 59, "Occupation": "ธุรกิจส่วนตัว", "HighestEducation": "ปริญญาตรี", "ImageFileId": "5c58233ffbcb5f1eec10a720", "SelfIntroduceFileId": "5c582600fbcb5f1eec10b0ea", "PartyLogo": "https://storage.googleapis.com/candidate-thumbs/party/109.png", "CandididatePhoto": "https://storage.googleapis.com/candidate-thumbs/images/92-2-15.jpg"}, {"Unnamed: 0": 1106, "CandidateId": "4fcbd07c-00cc-4d97-aaff-f22fccef38e6", "CandidateNo": 16, "FirstName": "ณัฐพร", "LastName": "ธรรมเนียม", "PartyName": "รักษ์ผืนป่าประเทศไทย", "PartyNumber": 133, "Title": "นาง", "Votable": true, "province_id": 92, "province_name": "ตรัง", "zone_number": 2, "PartyTerminated": false, "Age": 39, "Occupation": "ทำสวนยางพารา", "HighestEducation": "ปริญญาตรี", "ImageFileId": "5c582780fbcb5f1eec10b5ea", "SelfIntroduceFileId": "5c582988fbcb5f1eec10bc22", "PartyLogo": "https://storage.googleapis.com/candidate-thumbs/party/133.png", "CandididatePhoto": "https://storage.googleapis.com/candidate-thumbs/images/92-2-16.jpg"}, {"Unnamed: 0": 1107, "CandidateId": "5763bff0-0246-4500-b7e9-a6cc86eb7fe9", "CandidateNo": 17, "FirstName": "อนันต์", "LastName": "รองพล", "PartyName": "เพื่อชาติ", "PartyNumber": 149, "Title": "นาย", "Votable": true, "province_id": 92, "province_name": "ตรัง", "zone_number": 2, "PartyTerminated": false, "Age": 61, "Occupation": "ทำสวน", "HighestEducation": "ต่ำกว่าปริญญาตรี", "ImageFileId": "5c582adafbcb5f1eec10bf27", "SelfIntroduceFileId": "5c582c92fbcb5f1eec10c3e9", "PartyLogo": "https://storage.googleapis.com/candidate-thumbs/party/149.png", "CandididatePhoto": "https://storage.googleapis.com/candidate-thumbs/images/92-2-17.jpg"}, {"Unnamed: 0": 1108, "CandidateId": "2c838c92-5b03-4abc-b225-ca80f89c7841", "CandidateNo": 18, "FirstName": "วรนาฎ", "LastName": "วงศ์สวัสดิ์", "PartyName": "ถิ่นกาขาวชาววิไล", "PartyNumber": 129, "Title": "นาง", "Votable": true, "province_id": 92, "province_name": "ตรัง", "zone_number": 2, "PartyTerminated": false, "Age": 49, "Occupation": "ธุรกิจส่วนตัว", "HighestEducation": "ต่ำกว่าปริญญาตรี", "ImageFileId": "5c58f4d7fbcb5f1d88134c31", "SelfIntroduceFileId": "5c58fb8efbcb5f1d881393be", "PartyLogo": "https://storage.googleapis.com/candidate-thumbs/party/129.png", "CandididatePhoto": "https://storage.googleapis.com/candidate-thumbs/images/92-2-18.jpg"}, {"Unnamed: 0": 1109, "CandidateId": "645800e8-b12b-43d9-b365-b12c6b5179b0", "CandidateNo": 19, "FirstName": "สบาย", "LastName": "เทพกิจ", "PartyName": "รวมพลังประชาชาติไทย", "PartyNumber": 181, "Title": "นาย", "Votable": true, "province_id": 92, "province_name": "ตรัง", "zone_number": 2, "PartyTerminated": false, "Age": 54, "Occupation": "เกษตรกร", "HighestEducation": "ต่ำกว่าปริญญาตรี", "ImageFileId": "5c58fda8fbcb5f1d8813a51d", "SelfIntroduceFileId": "5c5902d2fbcb5f1d8813e67a", "PartyLogo": "https://storage.googleapis.com/candidate-thumbs/party/181.png", "CandididatePhoto": "https://storage.googleapis.com/candidate-thumbs/images/92-2-19.jpg"}, {"Unnamed: 0": 1110, "CandidateId": "80970e18-8d7c-4955-84a6-456d0dad6f58", "CandidateNo": 20, "FirstName": "ยงยุทธ", "LastName": "กูลเมือง", "PartyName": "กรีน", "PartyNumber": 206, "Title": "นาย", "Votable": true, "province_id": 92, "province_name": "ตรัง", "zone_number": 2, "PartyTerminated": false, "Age": 50, "Occupation": "เกษตรกร", "HighestEducation": "ต่ำกว่าปริญญาตรี", "ImageFileId": "5c593163fbcb5f1d88161169", "SelfIntroduceFileId": "5c5934ecfbcb5f1d8816419d", "PartyLogo": "https://storage.googleapis.com/candidate-thumbs/party/206.png", "CandididatePhoto": "https://storage.googleapis.com/candidate-thumbs/images/92-2-20.jpg"}, {"Unnamed: 0": 1111, "CandidateId": "efeecc20-193e-4453-b7b1-1641c2bc69a3", "CandidateNo": 21, "FirstName": "ธัณพัทธ์", "LastName": "แจ้งพูล", "PartyName": "ประชานิยม", "PartyNumber": 191, "Title": "นาง", "Votable": true, "province_id": 92, "province_name": "ตรัง", "zone_number": 2, "PartyTerminated": false, "Age": 61, "Occupation": "ทำสวนและทำธุรกิจส่วนตัว", "HighestEducation": "ต่ำกว่าปริญญาตรี", "ImageFileId": "5c5a6f04fbcb5f19bcaa0210", "SelfIntroduceFileId": "5c5a7380fbcb5f19bcaa12d3", "PartyLogo": "https://storage.googleapis.com/candidate-thumbs/party/191.png", "CandididatePhoto": "https://storage.googleapis.com/candidate-thumbs/images/92-2-21.jpg"}, {"Unnamed: 0": 1112, "CandidateId": "d2d20c40-061d-4d43-bc63-e7a5da47b5ea", "CandidateNo": 22, "FirstName": "ชัยฤทธิ์", "LastName": "ถ่ายย้วน", "PartyName": "ภูมิใจไทย", "PartyNumber": 63, "Title": "นาย", "Votable": true, "province_id": 92, "province_name": "ตรัง", "zone_number": 2, "PartyTerminated": false, "Age": 63, "Occupation": "ทำการเกษตรและค้าขาย", "HighestEducation": "ปริญญาตรี", "ImageFileId": "5c5a7ae4fbcb5f19bcaa3b36", "SelfIntroduceFileId": "5c5a7e98fbcb5f19bcaa579d", "PartyLogo": "https://storage.googleapis.com/candidate-thumbs/party/63.png", "CandididatePhoto": "https://storage.googleapis.com/candidate-thumbs/images/92-2-22.jpg"}, {"Unnamed: 0": 1113, "CandidateId": "2dcffe86-61c3-468a-b3ae-c24623b8a175", "CandidateNo": 23, "FirstName": "เกียรติกร", "LastName": "อรัญวารี", "PartyName": "เศรษฐกิจใหม่", "PartyNumber": 193, "Title": "นาย", "Votable": true, "province_id": 92, "province_name": "ตรัง", "zone_number": 2, "PartyTerminated": false, "Age": 41, "Occupation": "ทนายความ", "HighestEducation": "ปริญญาตรี", "ImageFileId": "5c5a8596fbcb5f19bcaa9218", "SelfIntroduceFileId": "5c5a8a99fbcb5f19bcaab402", "PartyLogo": "https://storage.googleapis.com/candidate-thumbs/party/193.png", "CandididatePhoto": "https://storage.googleapis.com/candidate-thumbs/images/92-2-23.jpg"}, {"Unnamed: 0": 1114, "CandidateId": "5682e420-ae3d-44fe-a938-ef3c0313edaf", "CandidateNo": 24, "FirstName": "ลักษมี", "LastName": "ศรีประสิทธิ์", "PartyName": "พลังไทสร้างชาติ", "PartyNumber": 200, "Title": "นาง", "Votable": true, "province_id": 92, "province_name": "ตรัง", "zone_number": 2, "PartyTerminated": false, "Age": 44, "Occupation": "อาจารย์สอนเสริมสวยฟ้าตรัง และ ธุรกิจส่วนตัว", "HighestEducation": "ต่ำกว่าปริญญาตรี", "ImageFileId": "5c5b9f93fbcb5f16fc657bf5", "SelfIntroduceFileId": "5c5ba30efbcb5f16fc6597bd", "PartyLogo": "https://storage.googleapis.com/candidate-thumbs/party/200.png", "CandididatePhoto": "https://storage.googleapis.com/candidate-thumbs/images/92-2-24.jpg"}, {"Unnamed: 0": 1115, "CandidateId": "247d1c1f-81c8-481e-b66c-85b3df4138bf", "CandidateNo": 25, "FirstName": "ชมะนันท์", "LastName": "ไกรเทพ", "PartyName": "ครูไทยเพื่อประชาชน", "PartyNumber": 118, "Title": "นาย", "Votable": true, "province_id": 92, "province_name": "ตรัง", "zone_number": 2, "PartyTerminated": false, "Age": 41, "Occupation": "รับจ้าง", "HighestEducation": "ปริญญาตรี", "ImageFileId": "5c5baddcfbcb5f16fc65e2d0", "SelfIntroduceFileId": "5c5bb0cafbcb5f16fc65ff80", "PartyLogo": "https://storage.googleapis.com/candidate-thumbs/party/118.png", "CandididatePhoto": "https://storage.googleapis.com/candidate-thumbs/images/92-2-25.jpg"}, {"Unnamed: 0": 1116, "CandidateId": "781fb42c-bf56-462d-9550-602a8d0e111b", "CandidateNo": 26, "FirstName": "วรรณฤดี", "LastName": "นิรันเรือง", "PartyName": "แผ่นดินธรรม", "PartyNumber": 188, "Title": "นางสาว", "Votable": true, "province_id": 92, "province_name": "ตรัง", "zone_number": 2, "PartyTerminated": false, "Age": 33, "Occupation": "พนักงานเอกชน", "HighestEducation": "ต่ำกว่าปริญญาตรี", "ImageFileId": "5c5bb451fbcb5f16fc661fe2", "SelfIntroduceFileId": "5c5bb88afbcb5f16fc663d25", "PartyLogo": "https://storage.googleapis.com/candidate-thumbs/party/188.png", "CandididatePhoto": "https://storage.googleapis.com/candidate-thumbs/images/92-2-26.jpg"}, {"Unnamed: 0": 1117, "CandidateId": "ac4890b9-f738-4a64-b5d6-76296d09b382", "CandidateNo": 27, "FirstName": "จักรกฤต", "LastName": "แก้วทอง", "PartyName": "พลังชาติไทย", "PartyNumber": 186, "Title": "นาย", "Votable": true, "province_id": 92, "province_name": "ตรัง", "zone_number": 2, "PartyTerminated": false, "Age": 62, "Occupation": "ข้าราชการบำนาญ", "HighestEducation": "ปริญญาโท", "ImageFileId": "5c5bcb61fbcb5f16fc669c11", "SelfIntroduceFileId": "5c5bd4a2fbcb5f16fc66def7", "PartyLogo": "https://storage.googleapis.com/candidate-thumbs/party/186.png", "CandididatePhoto": "https://storage.googleapis.com/candidate-thumbs/images/92-2-27.jpg"}, {"Unnamed: 0": 1118, "CandidateId": "35cd15d0-3477-40e5-b4b5-2bbdf52e91c0", "CandidateNo": 28, "FirstName": "อำนวย", "LastName": "ปราบปราม", "PartyName": "พลังประชาธิปไตย", "PartyNumber": 153, "Title": "นาง", "Votable": true, "province_id": 92, "province_name": "ตรัง", "zone_number": 2, "PartyTerminated": false, "Age": 55, "Occupation": "ทำสวน", "HighestEducation": "ต่ำกว่าปริญญาตรี", "ImageFileId": "5c5d09f2fbcb5f0fd884ced9", "SelfIntroduceFileId": "5c5d0db8fbcb5f0fd884e3ff", "PartyLogo": "https://storage.googleapis.com/candidate-thumbs/party/153.png", "CandididatePhoto": "https://storage.googleapis.com/candidate-thumbs/images/92-2-28.jpg"}, {"Unnamed: 0": 1119, "CandidateId": "9d1385a5-90cb-41d3-948a-9e8788ae6276", "CandidateNo": 29, "FirstName": "จินตณัฐ", "LastName": "สุวรรณหมัด", "PartyName": "พลเมืองไทย", "PartyNumber": 173, "Title": "นาย", "Votable": true, "province_id": 92, "province_name": "ตรัง", "zone_number": 2, "PartyTerminated": false, "Age": 61, "Occupation": "ข้าราชการบำนาญ", "HighestEducation": "ปริญญาตรี", "ImageFileId": "5c5d12c6fbcb5f0fd884f99b", "SelfIntroduceFileId": "5c5d18d8fbcb5f0fd88510cb", "PartyLogo": "https://storage.googleapis.com/candidate-thumbs/party/173.png", "CandididatePhoto": "https://storage.googleapis.com/candidate-thumbs/images/92-2-29.jpg"}, {"Unnamed: 0": 1120, "CandidateId": "c3e2185e-2eac-45bc-aedd-0b1e415b35a1", "CandidateNo": 30, "FirstName": "สันติ", "LastName": "รักเพ็ชร", "PartyName": "ทางเลือกใหม่", "PartyNumber": 170, "Title": "นาย", "Votable": true, "province_id": 92, "province_name": "ตรัง", "zone_number": 2, "PartyTerminated": false, "Age": 42, "Occupation": "รับจ้าง", "HighestEducation": "ต่ำกว่าปริญญาตรี", "ImageFileId": "5c5d1c15fbcb5f0fd88521fe", "SelfIntroduceFileId": "5c5d1fd8fbcb5f0fd8853f05", "PartyLogo": "https://storage.googleapis.com/candidate-thumbs/party/170.png", "CandididatePhoto": "https://storage.googleapis.com/candidate-thumbs/images/92-2-30.jpg"}, {"Unnamed: 0": 1121, "CandidateId": "8f197f76-4929-431a-a155-fc3e232c447b", "CandidateNo": 31, "FirstName": "อำนาจ", "LastName": "วงศ์ดารากุล", "PartyName": "ความหวังใหม่", "PartyNumber": 13, "Title": "นาย", "Votable": true, "province_id": 92, "province_name": "ตรัง", "zone_number": 2, "PartyTerminated": false, "Age": 51, "Occupation": "ทำสวน ", "HighestEducation": "ต่ำกว่าปริญญาตรี", "ImageFileId": "5c5d215ffbcb5f0fd8854b64", "SelfIntroduceFileId": "5c5d24c4fbcb5f0fd88563fc", "PartyLogo": "https://storage.googleapis.com/candidate-thumbs/party/13.png", "CandididatePhoto": "https://storage.googleapis.com/candidate-thumbs/images/92-2-31.jpg"}, {"Unnamed: 0": 1122, "CandidateId": "71a25104-3a3d-40a1-bf5f-cec971dff903", "CandidateNo": 32, "FirstName": "เดโช", "LastName": "บุญกราน", "PartyName": "ประชาไทย", "PartyNumber": 205, "Title": "นาย", "Votable": true, "province_id": 92, "province_name": "ตรัง", "zone_number": 2, "PartyTerminated": false, "Age": 60, "Occupation": "ข้าราชการบำนาญ", "HighestEducation": "ปริญญาตรี", "ImageFileId": "5c5d28e3fbcb5f0fd8858595", "SelfIntroduceFileId": "5c5d2bfdfbcb5f0fd8859f1c", "PartyLogo": "https://storage.googleapis.com/candidate-thumbs/party/205.png", "CandididatePhoto": "https://storage.googleapis.com/candidate-thumbs/images/92-2-32.jpg"}, {"Unnamed: 0": 1123, "CandidateId": "5a97ba21-77ad-4e24-a808-df2db1a089a3", "CandidateNo": 33, "FirstName": "วิทยา", "LastName": "เจียมสวัสดิ์พันธ์", "PartyName": "พลังปวงชนไทย", "PartyNumber": 184, "Title": "นาย", "Votable": true, "province_id": 92, "province_name": "ตรัง", "zone_number": 2, "PartyTerminated": false, "Age": 48, "Occupation": "ธุรกิจการท่องเที่ยว", "HighestEducation": "ปริญญาตรี", "ImageFileId": "5c5d3d78fbcb5f0fd8863208", "SelfIntroduceFileId": "5c5d416dfbcb5f0fd8865ef3", "PartyLogo": "https://storage.googleapis.com/candidate-thumbs/party/184.png", "CandididatePhoto": "https://storage.googleapis.com/candidate-thumbs/images/92-2-33.jpg"}, {"Unnamed: 0": 1124, "CandidateId": "80391575-586d-4e25-a0b4-53d868a18654", "CandidateNo": 34, "FirstName": "รัตนา", "LastName": "ช่วยเกลี้ยง", "PartyName": "ภาคีเครือข่ายไทย", "PartyNumber": 211, "Title": "นาง", "Votable": true, "province_id": 92, "province_name": "ตรัง", "zone_number": 2, "PartyTerminated": false, "Age": 42, "Occupation": "อิสระ", "HighestEducation": "ต่ำกว่าปริญญาตรี", "ImageFileId": "5c5d4235fbcb5f0fd8866676", "SelfIntroduceFileId": "5c5d4683fbcb5f0fd8869208", "PartyLogo": "https://storage.googleapis.com/candidate-thumbs/party/211.png", "CandididatePhoto": "https://storage.googleapis.com/candidate-thumbs/images/92-2-34.jpg"}, {"Unnamed: 0": 1125, "CandidateId": "419ac2e5-811b-4c6c-a08b-af40386686a6", "CandidateNo": 35, "FirstName": "เย็นจิตร", "LastName": "จิตรา", "PartyName": "ไทรักธรรม", "PartyNumber": 144, "Title": "นางสาว", "Votable": true, "province_id": 92, "province_name": "ตรัง", "zone_number": 2, "PartyTerminated": false, "Age": 39, "Occupation": "ธุรกิจส่วนตัว", "HighestEducation": "ปริญญาตรี", "ImageFileId": "5c5d4934fbcb5f0fd886b05a", "SelfIntroduceFileId": "5c5d4c76fbcb5f0fd886d95e", "PartyLogo": "https://storage.googleapis.com/candidate-thumbs/party/144.png", "CandididatePhoto": "https://storage.googleapis.com/candidate-thumbs/images/92-2-35.jpg"}, {"Unnamed: 0": 1126, "CandidateId": "83740911-6ca2-43ca-91cf-70fba669299b", "CandidateNo": 36, "FirstName": "อมร", "LastName": "วงศ์มาก", "PartyName": "ประชาธรรมไทย", "PartyNumber": 190, "Title": "นาย", "Votable": true, "province_id": 92, "province_name": "ตรัง", "zone_number": 2, "PartyTerminated": false, "Age": 49, "Occupation": "เกษตรกร", "HighestEducation": "ต่ำกว่าปริญญาตรี", "ImageFileId": "5c62a425fbcb5f2ba43c0587", "SelfIntroduceFileId": "5c5d5045fbcb5f0fd8870064", "PartyLogo": "https://storage.googleapis.com/candidate-thumbs/party/190.png", "CandididatePhoto": "https://storage.googleapis.com/candidate-thumbs/images/92-2-36.jpg"}]