[{"Unnamed: 0": 0, "CandidateId": "82547da2-ee9e-4e55-a9e0-9aa414956075", "CandidateNo": 1, "FirstName": "ไกรสีห์", "LastName": "รัตนเศียร", "PartyName": "ชาติพัฒนา", "PartyNumber": 45, "Title": "นาย", "Votable": true, "province_id": 23, "province_name": "ตราด", "zone_number": 1, "PartyTerminated": false, "Age": 61, "Occupation": "ทำสวน", "HighestEducation": "ปริญญาโท", "ImageFileId": "5c57e022fbcb5f1eec0e1e9d", "SelfIntroduceFileId": "5c5d0de4fbcb5f0fd884e50e", "PartyLogo": "https://storage.googleapis.com/candidate-thumbs/party/45.png", "CandididatePhoto": "https://storage.googleapis.com/candidate-thumbs/images/23-1-1.jpg"}, {"Unnamed: 0": 1, "CandidateId": "f5a5be93-b2d7-44d9-beea-415d20ef30e2", "CandidateNo": 2, "FirstName": "พัชรี", "LastName": "มนัสสนิท", "PartyName": "เพื่อชาติ", "PartyNumber": 149, "Title": "นางสาว", "Votable": true, "province_id": 23, "province_name": "ตราด", "zone_number": 1, "PartyTerminated": false, "Age": 28, "Occupation": "ครูอัตราจ้าง", "HighestEducation": "ปริญญาโท", "ImageFileId": "5c57e074fbcb5f1eec0e2028", "SelfIntroduceFileId": "5c5d1868fbcb5f0fd8850f43", "PartyLogo": "https://storage.googleapis.com/candidate-thumbs/party/149.png", "CandididatePhoto": "https://storage.googleapis.com/candidate-thumbs/images/23-1-2.jpg"}, {"Unnamed: 0": 2, "CandidateId": "01a27143-b760-4056-aa16-1e18d1c1ff2a", "CandidateNo": 3, "FirstName": "ธีระ", "LastName": "สลักเพชร", "PartyName": "ประชาธิปัตย์", "PartyNumber": 1, "Title": "นาย", "Votable": true, "province_id": 23, "province_name": "ตราด", "zone_number": 1, "PartyTerminated": false, "Age": 61, "Occupation": "นักการเมือง", "HighestEducation": "ปริญญาโท", "ImageFileId": "5c57e27efbcb5f1eec0e2c79", "SelfIntroduceFileId": "5c5d1b7bfbcb5f0fd8851d90", "PartyLogo": "https://storage.googleapis.com/candidate-thumbs/party/1.png", "CandididatePhoto": "https://storage.googleapis.com/candidate-thumbs/images/23-1-3.jpg"}, {"Unnamed: 0": 3, "CandidateId": "54ec3055-4d4a-4be9-a9a7-b9384a4e0914", "CandidateNo": 4, "FirstName": "วุฒิกร", "LastName": "โลหะคุปต์", "PartyName": "พลังประชารัฐ", "PartyNumber": 192, "Title": "นาย", "Votable": true, "province_id": 23, "province_name": "ตราด", "zone_number": 1, "PartyTerminated": false, "Age": 50, "Occupation": "ธุรกิจส่วนตัว", "HighestEducation": "ต่ำกว่าปริญญาตรี", "ImageFileId": "5c57e9bdfbcb5f1eec0e6a6c", "SelfIntroduceFileId": "5c5d2447fbcb5f0fd8855f70", "PartyLogo": "https://storage.googleapis.com/candidate-thumbs/party/192.png", "CandididatePhoto": "https://storage.googleapis.com/candidate-thumbs/images/23-1-4.jpg"}, {"Unnamed: 0": 4, "CandidateId": "0a6f15ea-6d3c-4f03-aeac-a82a5af8bbe0", "CandidateNo": 5, "FirstName": "ไสว", "LastName": "ชัยบุญเรือง", "PartyName": "ประชานิยม", "PartyNumber": 191, "Title": "นาย", "Votable": true, "province_id": 23, "province_name": "ตราด", "zone_number": 1, "PartyTerminated": false, "Age": 60, "Occupation": "พนักงานรัฐวิสาหกิจ (การไฟฟ้าส่วนภูมิภาค)", "HighestEducation": "ปริญญาโท", "ImageFileId": "5c57ed0cfbcb5f1eec0e852a", "SelfIntroduceFileId": "5c5d2641fbcb5f0fd8856f6e", "PartyLogo": "https://storage.googleapis.com/candidate-thumbs/party/191.png", "CandididatePhoto": "https://storage.googleapis.com/candidate-thumbs/images/23-1-5.jpg"}, {"Unnamed: 0": 5, "CandidateId": "bd9dc5c9-43e0-4e8f-a414-d8c650e0fe50", "CandidateNo": 6, "FirstName": "สัมภาษณ์ ", "LastName": "อัศวภูมิ", "PartyName": "พลังท้องถิ่นไท", "PartyNumber": 124, "Title": "นาย", "Votable": true, "province_id": 23, "province_name": "ตราด", "zone_number": 1, "PartyTerminated": false, "Age": 54, "Occupation": "ทำสวน", "HighestEducation": "ต่ำกว่าปริญญาตรี", "ImageFileId": "5c57ee94fbcb5f1eec0e957b", "SelfIntroduceFileId": "5c5d2922fbcb5f0fd885883d", "PartyLogo": "https://storage.googleapis.com/candidate-thumbs/party/124.png", "CandididatePhoto": "https://storage.googleapis.com/candidate-thumbs/images/23-1-6.jpg"}, {"Unnamed: 0": 6, "CandidateId": "396a5ee3-0eb2-43ec-bda4-1affc8d67cbc", "CandidateNo": 7, "FirstName": "วศิน", "LastName": "พงษ์ศิริ", "PartyName": "ภูมิใจไทย", "PartyNumber": 63, "Title": "นาย", "Votable": true, "province_id": 23, "province_name": "ตราด", "zone_number": 1, "PartyTerminated": false, "Age": 48, "Occupation": "ผู้บริหารบริษัทเอกชน", "HighestEducation": "ปริญญาตรี", "ImageFileId": "5c57f106fbcb5f1eec0eac1d", "SelfIntroduceFileId": "5c5d2ac9fbcb5f0fd8859636", "PartyLogo": "https://storage.googleapis.com/candidate-thumbs/party/63.png", "CandididatePhoto": "https://storage.googleapis.com/candidate-thumbs/images/23-1-7.jpg"}, {"Unnamed: 0": 7, "CandidateId": "985bd88b-c068-409c-a47f-742c8e003e01", "CandidateNo": 8, "FirstName": "ทินวัฒน์", "LastName": "เจียมอุย", "PartyName": "ไทยรักษาชาติ", "PartyNumber": 77, "Title": "นาย", "Votable": true, "province_id": 23, "province_name": "ตราด", "zone_number": 1, "PartyTerminated": true, "Age": 54, "Occupation": "ธุรกิจส่วนตัว", "HighestEducation": "ปริญญาตรี", "ImageFileId": "5c580188fbcb5f1eec0f70c7", "SelfIntroduceFileId": "5c5d2e17fbcb5f0fd885b30e", "PartyLogo": "https://storage.googleapis.com/candidate-thumbs/party/77.png", "CandididatePhoto": "https://storage.googleapis.com/candidate-thumbs/images/23-1-8.jpg"}, {"Unnamed: 0": 8, "CandidateId": "f3bad92c-ccea-4112-8283-2563766e1466", "CandidateNo": 9, "FirstName": "ศักดินัย", "LastName": "นุ่มหนู", "PartyName": "อนาคตใหม่", "PartyNumber": 177, "Title": "นาย", "Votable": true, "province_id": 23, "province_name": "ตราด", "zone_number": 1, "PartyTerminated": false, "Age": 53, "Occupation": "ธุรกิจจำหน่ายแป้งขนมจีน", "HighestEducation": "ต่ำกว่าปริญญาตรี", "ImageFileId": "5c5801b3fbcb5f1eec0f7418", "SelfIntroduceFileId": "5c5d31f9fbcb5f0fd885d322", "PartyLogo": "https://storage.googleapis.com/candidate-thumbs/party/177.png", "CandididatePhoto": "https://storage.googleapis.com/candidate-thumbs/images/23-1-9.jpg"}, {"Unnamed: 0": 9, "CandidateId": "100fb50f-f317-4e67-8169-7d79c7ee9ec7", "CandidateNo": 10, "FirstName": "สุรศักดิ์", "LastName": "รมยานนท์", "PartyName": "ประชาชาติ", "PartyNumber": 187, "Title": "พล.ต.ต.", "Votable": true, "province_id": 23, "province_name": "ตราด", "zone_number": 1, "PartyTerminated": false, "Age": 64, "Occupation": "รับราชการตำรวจ", "HighestEducation": "ปริญญาโท", "ImageFileId": "5c5801e0fbcb5f1eec0f7739", "SelfIntroduceFileId": "5c5d3e98fbcb5f0fd8863e4c", "PartyLogo": "https://storage.googleapis.com/candidate-thumbs/party/187.png", "CandididatePhoto": "https://storage.googleapis.com/candidate-thumbs/images/23-1-10.jpg"}, {"Unnamed: 0": 10, "CandidateId": "5815369f-48aa-47a2-8ba0-cd878af0a55e", "CandidateNo": 11, "FirstName": "เอกอรุณ", "LastName": "มีวรรณ", "PartyName": "ทางเลือกใหม่", "PartyNumber": 170, "Title": "นาย", "Votable": true, "province_id": 23, "province_name": "ตราด", "zone_number": 1, "PartyTerminated": false, "Age": 42, "Occupation": "เจ้าของกิจการร้านเเว่นตา", "HighestEducation": "ต่ำกว่าปริญญาตรี", "ImageFileId": "5c58020dfbcb5f1eec0f7a74", "SelfIntroduceFileId": "5c5d43a4fbcb5f0fd886739f", "PartyLogo": "https://storage.googleapis.com/candidate-thumbs/party/170.png", "CandididatePhoto": "https://storage.googleapis.com/candidate-thumbs/images/23-1-11.jpg"}, {"Unnamed: 0": 11, "CandidateId": "b234022f-9a07-4ac8-83a0-96ec2d19baa6", "CandidateNo": 12, "FirstName": "คมศักดิ์", "LastName": "ศักดิ์เพชรพลอย", "PartyName": "เสรีรวมไทย", "PartyNumber": 145, "Title": "นาย", "Votable": true, "province_id": 23, "province_name": "ตราด", "zone_number": 1, "PartyTerminated": false, "Age": 69, "Occupation": "ค้าขาย", "HighestEducation": "ต่ำกว่าปริญญาตรี", "ImageFileId": "5c58023afbcb5f1eec0f7d9c", "SelfIntroduceFileId": "5c5e35c5fbcb5f14489a2e66", "PartyLogo": "https://storage.googleapis.com/candidate-thumbs/party/145.png", "CandididatePhoto": "https://storage.googleapis.com/candidate-thumbs/images/23-1-12.jpg"}, {"Unnamed: 0": 12, "CandidateId": "8ff113ed-17f3-448b-8f6a-da17c08eb06d", "CandidateNo": 13, "FirstName": "กิตติธัช", "LastName": "ไชยอรรถ", "PartyName": "รวมพลังประชาชาติไทย", "PartyNumber": 181, "Title": "นาย", "Votable": true, "province_id": 23, "province_name": "ตราด", "zone_number": 1, "PartyTerminated": false, "Age": 49, "Occupation": "ทำสวน", "HighestEducation": "ต่ำกว่าปริญญาตรี", "ImageFileId": "5c580266fbcb5f1eec0f807a", "SelfIntroduceFileId": "5c5e37b8fbcb5f14489a30de", "PartyLogo": "https://storage.googleapis.com/candidate-thumbs/party/181.png", "CandididatePhoto": "https://storage.googleapis.com/candidate-thumbs/images/23-1-13.jpg"}, {"Unnamed: 0": 13, "CandidateId": "6bf2442b-e780-4206-8755-388009107c30", "CandidateNo": 14, "FirstName": "กริ่ม", "LastName": "หาญพัฒน์", "PartyName": "ไทยศรีวิไลย์", "PartyNumber": 180, "Title": "นาย", "Votable": true, "province_id": 23, "province_name": "ตราด", "zone_number": 1, "PartyTerminated": false, "Age": 64, "Occupation": "ทำสวน", "HighestEducation": "ต่ำกว่าปริญญาตรี", "ImageFileId": "5c580295fbcb5f1eec0f8294", "SelfIntroduceFileId": "5c5e38e1fbcb5f14489a3174", "PartyLogo": "https://storage.googleapis.com/candidate-thumbs/party/180.png", "CandididatePhoto": "https://storage.googleapis.com/candidate-thumbs/images/23-1-14.jpg"}, {"Unnamed: 0": 14, "CandidateId": "175049e8-b99b-4ed1-8806-caaca89753b0", "CandidateNo": 15, "FirstName": "อำพร", "LastName": "แพทย์ศาสตร์", "PartyName": "รักษ์ผืนป่าประเทศไทย", "PartyNumber": 133, "Title": "นาย", "Votable": true, "province_id": 23, "province_name": "ตราด", "zone_number": 1, "PartyTerminated": false, "Age": 67, "Occupation": "ธุรกิจส่วนตัว", "HighestEducation": "ปริญญาตรี", "ImageFileId": "5c5802b8fbcb5f1eec0f83ad", "SelfIntroduceFileId": "5c5e39f6fbcb5f14489a32d8", "PartyLogo": "https://storage.googleapis.com/candidate-thumbs/party/133.png", "CandididatePhoto": "https://storage.googleapis.com/candidate-thumbs/images/23-1-15.jpg"}, {"Unnamed: 0": 15, "CandidateId": "e6eb93d5-3d44-4fc0-913f-403f4070e8c2", "CandidateNo": 16, "FirstName": "รัฐ", "LastName": "อภิบาลศรี", "PartyName": "ประชาภิวัฒน์", "PartyNumber": 172, "Title": "นาย", "Votable": true, "province_id": 23, "province_name": "ตราด", "zone_number": 1, "PartyTerminated": false, "Age": 45, "Occupation": "ลูกจ้างบริษัท", "HighestEducation": "ปริญญาตรี", "ImageFileId": "5c57dbe6fbcb5f1eec0e0347", "SelfIntroduceFileId": "5c5e6167fbcb5f14489a55f8", "PartyLogo": "https://storage.googleapis.com/candidate-thumbs/party/172.png", "CandididatePhoto": "https://storage.googleapis.com/candidate-thumbs/images/23-1-16.jpg"}, {"Unnamed: 0": 16, "CandidateId": "801321e6-2af5-4120-ac28-ba0858dcc998", "CandidateNo": 17, "FirstName": "วีระชัย", "LastName": "จูห้อง", "PartyName": "ชาติไทยพัฒนา", "PartyNumber": 55, "Title": "นาย", "Votable": true, "province_id": 23, "province_name": "ตราด", "zone_number": 1, "PartyTerminated": false, "Age": 60, "Occupation": "ทำสวน", "HighestEducation": "ปริญญาตรี", "ImageFileId": "5c580303fbcb5f1eec0f8920", "SelfIntroduceFileId": "5c5e5b96fbcb5f14489a5320", "PartyLogo": "https://storage.googleapis.com/candidate-thumbs/party/55.png", "CandididatePhoto": "https://storage.googleapis.com/candidate-thumbs/images/23-1-17.jpg"}, {"Unnamed: 0": 17, "CandidateId": "158e34d4-6583-48e4-abf5-ba34010407c9", "CandidateNo": 18, "FirstName": "สุวรรณ", "LastName": "สงวนหงษ์", "PartyName": "พลังชาติไทย", "PartyNumber": 186, "Title": "นาย", "Votable": true, "province_id": 23, "province_name": "ตราด", "zone_number": 1, "PartyTerminated": false, "Age": 56, "Occupation": "ทำสวน", "HighestEducation": "ต่ำกว่าปริญญาตรี", "ImageFileId": "5c594290fbcb5f1d8816ffdc", "SelfIntroduceFileId": "5c5e58b8fbcb5f14489a51a0", "PartyLogo": "https://storage.googleapis.com/candidate-thumbs/party/186.png", "CandididatePhoto": "https://storage.googleapis.com/candidate-thumbs/images/23-1-18.jpg"}, {"Unnamed: 0": 18, "CandidateId": "9fbd1d83-f22b-4a61-9437-429c7a56c95b", "CandidateNo": 19, "FirstName": "สุภาพ", "LastName": "นิยม", "PartyName": "เศรษฐกิจใหม่", "PartyNumber": 193, "Title": "นาย", "Votable": true, "province_id": 23, "province_name": "ตราด", "zone_number": 1, "PartyTerminated": false, "Age": 53, "Occupation": "ธุรกิจส่วนตัว", "HighestEducation": "ปริญญาโท", "ImageFileId": "5c5942b7fbcb5f1d88170127", "SelfIntroduceFileId": "5c5e400dfbcb5f14489a389c", "PartyLogo": "https://storage.googleapis.com/candidate-thumbs/party/193.png", "CandididatePhoto": "https://storage.googleapis.com/candidate-thumbs/images/23-1-19.jpg"}, {"Unnamed: 0": 19, "CandidateId": "19a441f4-717d-4263-8e95-7f09fac22ac3", "CandidateNo": 20, "FirstName": "ธนินท์ธร", "LastName": "เกษรมาลา", "PartyName": "ประชากรไทย", "PartyNumber": 2, "Title": "นาย", "Votable": false, "province_id": 23, "province_name": "ตราด", "zone_number": 1, "PartyTerminated": false, "Age": 33, "Occupation": "ค้าขาย", "HighestEducation": "ต่ำกว่าปริญญาตรี", "ImageFileId": "5c5aa464fbcb5f19bcab668e", "SelfIntroduceFileId": "5c5e3dadfbcb5f14489a36b0", "PartyLogo": "https://storage.googleapis.com/candidate-thumbs/party/2.png", "CandididatePhoto": "https://storage.googleapis.com/candidate-thumbs/images/23-1-20.jpg"}, {"Unnamed: 0": 20, "CandidateId": "aa8b5d57-8687-47ef-84cd-d7a680d47eab", "CandidateNo": 21, "FirstName": "สาวิตรี", "LastName": "สืบสอน", "PartyName": "ประชาธรรมไทย", "PartyNumber": 190, "Title": "นางสาว", "Votable": true, "province_id": 23, "province_name": "ตราด", "zone_number": 1, "PartyTerminated": false, "Age": 36, "Occupation": "ธุรกิจส่วนตัว", "HighestEducation": "ปริญญาตรี", "ImageFileId": "5c5aa491fbcb5f19bcab675b", "SelfIntroduceFileId": "5c5e4317fbcb5f14489a3afe", "PartyLogo": "https://storage.googleapis.com/candidate-thumbs/party/190.png", "CandididatePhoto": "https://storage.googleapis.com/candidate-thumbs/images/23-1-21.jpg"}, {"Unnamed: 0": 21, "CandidateId": "50a1b5a9-b274-40a3-9d67-5d131033574a", "CandidateNo": 22, "FirstName": "ธัญวรินทร์", "LastName": "แดงอาจ", "PartyName": "ครูไทยเพื่อประชาชน", "PartyNumber": 118, "Title": "นางสาว", "Votable": true, "province_id": 23, "province_name": "ตราด", "zone_number": 1, "PartyTerminated": false, "Age": 41, "Occupation": "ธุรกิจส่วนตัว", "HighestEducation": "ปริญญาตรี", "ImageFileId": "5c5d3635fbcb5f0fd885f3ec", "SelfIntroduceFileId": "5c5e44b9fbcb5f14489a3c84", "PartyLogo": "https://storage.googleapis.com/candidate-thumbs/party/118.png", "CandididatePhoto": "https://storage.googleapis.com/candidate-thumbs/images/23-1-22.jpg"}, {"Unnamed: 0": 22, "CandidateId": "35f9e7a3-3efc-4002-b58c-2867f9e50a1d", "CandidateNo": 23, "FirstName": "ลัดดา", "LastName": "แขวงอุบล", "PartyName": "เครือข่ายชาวนาแห่งประเทศไทย", "PartyNumber": 22, "Title": "นาง", "Votable": true, "province_id": 23, "province_name": "ตราด", "zone_number": 1, "PartyTerminated": false, "Age": 54, "Occupation": "เกษตรกร", "HighestEducation": "ต่ำกว่าปริญญาตรี", "ImageFileId": "5c5d36a8fbcb5f0fd885f731", "SelfIntroduceFileId": "5c5e4989fbcb5f14489a40e9", "PartyLogo": "https://storage.googleapis.com/candidate-thumbs/party/22.png", "CandididatePhoto": "https://storage.googleapis.com/candidate-thumbs/images/23-1-23.jpg"}, {"Unnamed: 0": 23, "CandidateId": "848c78f2-1397-4739-bf41-37b078e3c929", "CandidateNo": 24, "FirstName": "ไพรัตน์", "LastName": "เกษโกวิท", "PartyName": "พลังสังคม", "PartyNumber": 198, "Title": "นาย", "Votable": true, "province_id": 23, "province_name": "ตราด", "zone_number": 1, "PartyTerminated": false, "Age": 55, "Occupation": "ค้าขาย", "HighestEducation": "ต่ำกว่าปริญญาตรี", "ImageFileId": "5c5d396bfbcb5f0fd8860c3f", "SelfIntroduceFileId": "5c5e4c7cfbcb5f14489a43ba", "PartyLogo": "https://storage.googleapis.com/candidate-thumbs/party/198.png", "CandididatePhoto": "https://storage.googleapis.com/candidate-thumbs/images/23-1-24.jpg"}, {"Unnamed: 0": 24, "CandidateId": "ec0240aa-9846-4125-893c-d379157b5206", "CandidateNo": 25, "FirstName": "ชูเกียรติ", "LastName": "บางขุนทด", "PartyName": "ไทรักธรรม", "PartyNumber": 144, "Title": "นาย", "Votable": true, "province_id": 23, "province_name": "ตราด", "zone_number": 1, "PartyTerminated": false, "Age": 25, "Occupation": "ค้าขาย", "HighestEducation": "ต่ำกว่าปริญญาตรี", "ImageFileId": "5c5d4745fbcb5f0fd88699d9", "SelfIntroduceFileId": "5c5e50eefbcb5f14489a4823", "PartyLogo": "https://storage.googleapis.com/candidate-thumbs/party/144.png", "CandididatePhoto": "https://storage.googleapis.com/candidate-thumbs/images/23-1-25.jpg"}]