[{"Unnamed: 0": 1164, "CandidateId": "6095f3b3-78ff-412f-9848-4f5138015ba0", "CandidateNo": 1, "FirstName": "นัสชัย", "LastName": "มูลสาย", "PartyName": "อนาคตใหม่", "PartyNumber": 177, "Title": "นาย", "Votable": true, "province_id": 63, "province_name": "ตาก", "zone_number": 1, "PartyTerminated": false, "Age": 35, "Occupation": "อิสระ", "HighestEducation": "ต่ำกว่าปริญญาตรี", "ImageFileId": "5c57dcd3fbcb5f1eec0e08fe", "SelfIntroduceFileId": "5c57e6b0fbcb5f1eec0e4fdd", "PartyLogo": "https://storage.googleapis.com/candidate-thumbs/party/177.png", "CandididatePhoto": "https://storage.googleapis.com/candidate-thumbs/images/63-1-1.jpg"}, {"Unnamed: 0": 1165, "CandidateId": "ac1ccef9-1f43-404d-8047-5b344f92f54e", "CandidateNo": 2, "FirstName": "เธียรชัย", "LastName": "สุวรรณเพ็ญ", "PartyName": "ประชาธิปัตย์", "PartyNumber": 1, "Title": "นาย", "Votable": true, "province_id": 63, "province_name": "ตาก", "zone_number": 1, "PartyTerminated": false, "Age": 71, "Occupation": "แพทย์", "HighestEducation": "ปริญญาตรี", "ImageFileId": "5c57e734fbcb5f1eec0e5471", "SelfIntroduceFileId": "5c57fa74fbcb5f1eec0f0f6c", "PartyLogo": "https://storage.googleapis.com/candidate-thumbs/party/1.png", "CandididatePhoto": "https://storage.googleapis.com/candidate-thumbs/images/63-1-2.jpg"}, {"Unnamed: 0": 1166, "CandidateId": "7fe14ae1-6f47-47f8-9542-b3c8444da478", "CandidateNo": 3, "FirstName": "ณพล", "LastName": "ชยานนท์ภักดี", "PartyName": "เพื่อชาติ", "PartyNumber": 149, "Title": "นาย", "Votable": true, "province_id": 63, "province_name": "ตาก", "zone_number": 1, "PartyTerminated": false, "Age": 34, "Occupation": "ทนายความ", "HighestEducation": "ปริญญาโท", "ImageFileId": "5c57fcbefbcb5f1eec0f2ee5", "SelfIntroduceFileId": "5c57fe9dfbcb5f1eec0f4b3a", "PartyLogo": "https://storage.googleapis.com/candidate-thumbs/party/149.png", "CandididatePhoto": "https://storage.googleapis.com/candidate-thumbs/images/63-1-3.jpg"}, {"Unnamed: 0": 1167, "CandidateId": "acba1ea4-f28a-4a70-a616-f3a5a787d75d", "CandidateNo": 4, "FirstName": "ไพศาล", "LastName": "ชมภู", "PartyName": "พลังท้องถิ่นไท", "PartyNumber": 124, "Title": "นาย", "Votable": true, "province_id": 63, "province_name": "ตาก", "zone_number": 1, "PartyTerminated": false, "Age": 53, "Occupation": "เกษตรกรรม", "HighestEducation": "ต่ำกว่าปริญญาตรี", "ImageFileId": "5c580af6fbcb5f1eec0ff0e6", "SelfIntroduceFileId": "5c580c88fbcb5f1eec100471", "PartyLogo": "https://storage.googleapis.com/candidate-thumbs/party/124.png", "CandididatePhoto": "https://storage.googleapis.com/candidate-thumbs/images/63-1-4.jpg"}, {"Unnamed: 0": 1168, "CandidateId": "a60b0a38-94b4-4de9-bde8-c44b950692dc", "CandidateNo": 5, "FirstName": "เศรษฐสิน", "LastName": "สีม่วงคำทวีสิน", "PartyName": "ชาติไทยพัฒนา", "PartyNumber": 55, "Title": "นาย", "Votable": true, "province_id": 63, "province_name": "ตาก", "zone_number": 1, "PartyTerminated": false, "Age": 63, "Occupation": "ข้าราชการบำนาญ", "HighestEducation": "ปริญญาโท", "ImageFileId": "5c581264fbcb5f1eec1042cc", "SelfIntroduceFileId": "5c581439fbcb5f1eec1053c4", "PartyLogo": "https://storage.googleapis.com/candidate-thumbs/party/55.png", "CandididatePhoto": "https://storage.googleapis.com/candidate-thumbs/images/63-1-5.jpg"}, {"Unnamed: 0": 1169, "CandidateId": "9b8c26dd-89ad-4cdd-ac19-7ff9f2904721", "CandidateNo": 6, "FirstName": "ศรีทอง", "LastName": "ศรีธิทอง", "PartyName": "เสรีรวมไทย", "PartyNumber": 145, "Title": "นาย", "Votable": true, "province_id": 63, "province_name": "ตาก", "zone_number": 1, "PartyTerminated": false, "Age": 59, "Occupation": "ทนายความ,เกษตรกร", "HighestEducation": "ปริญญาตรี", "ImageFileId": "5c58e875fbcb5f1d8812f129", "SelfIntroduceFileId": "5c58ea25fbcb5f1d8812f7f5", "PartyLogo": "https://storage.googleapis.com/candidate-thumbs/party/145.png", "CandididatePhoto": "https://storage.googleapis.com/candidate-thumbs/images/63-1-6.jpg"}, {"Unnamed: 0": 1170, "CandidateId": "3e60753d-b6ed-42cf-9e0c-2ae9edc9edfd", "CandidateNo": 7, "FirstName": "สุริยา", "LastName": "แก้วเสน", "PartyName": "ประชาธรรมไทย", "PartyNumber": 190, "Title": "นาย", "Votable": true, "province_id": 63, "province_name": "ตาก", "zone_number": 1, "PartyTerminated": false, "Age": 51, "Occupation": "พนักงานบริษัทเอกชน", "HighestEducation": "ปริญญาตรี", "ImageFileId": "5c58fa45fbcb5f1d88138630", "SelfIntroduceFileId": "5c58fbd9fbcb5f1d8813962b", "PartyLogo": "https://storage.googleapis.com/candidate-thumbs/party/190.png", "CandididatePhoto": "https://storage.googleapis.com/candidate-thumbs/images/63-1-7.jpg"}, {"Unnamed: 0": 1171, "CandidateId": "31f59bdb-2606-471e-99bf-344a992637c3", "CandidateNo": 8, "FirstName": "ประสงค์", "LastName": "นามเสถียร", "PartyName": "ภูมิใจไทย", "PartyNumber": 63, "Title": "นาย", "Votable": true, "province_id": 63, "province_name": "ตาก", "zone_number": 1, "PartyTerminated": false, "Age": 51, "Occupation": "รับราชการ", "HighestEducation": "ปริญญาตรี", "ImageFileId": "5c58fc38fbcb5f1d881399ec", "SelfIntroduceFileId": "5c590096fbcb5f1d8813cb66", "PartyLogo": "https://storage.googleapis.com/candidate-thumbs/party/63.png", "CandididatePhoto": "https://storage.googleapis.com/candidate-thumbs/images/63-1-8.jpg"}, {"Unnamed: 0": 1172, "CandidateId": "0f222c75-fc3a-48f2-8aff-d107396ed691", "CandidateNo": 9, "FirstName": "ชัยยุทธ", "LastName": "แสงนุช", "PartyName": "ไทยรักษาชาติ", "PartyNumber": 77, "Title": "นาย", "Votable": true, "province_id": 63, "province_name": "ตาก", "zone_number": 1, "PartyTerminated": true, "Age": 54, "Occupation": "สมาชิกองค์การบริหารส่วนตำบลน้ำรึม", "HighestEducation": "ปริญญาโท", "ImageFileId": "5c59012efbcb5f1d8813d13e", "SelfIntroduceFileId": "5c5907eefbcb5f1d8814261c", "PartyLogo": "https://storage.googleapis.com/candidate-thumbs/party/77.png", "CandididatePhoto": "https://storage.googleapis.com/candidate-thumbs/images/63-1-9.jpg"}, {"Unnamed: 0": 1173, "CandidateId": "02aa639e-c360-40bd-a6ff-89e6f0de4f2c", "CandidateNo": 10, "FirstName": "ธนัสถ์", "LastName": "ทวีเกื้อกูลกิจ", "PartyName": "พลังประชารัฐ", "PartyNumber": 192, "Title": "นาย", "Votable": true, "province_id": 63, "province_name": "ตาก", "zone_number": 1, "PartyTerminated": false, "Age": 48, "Occupation": "นักธุรกิจ", "HighestEducation": "ปริญญาโท", "ImageFileId": "5c590863fbcb5f1d88142a70", "SelfIntroduceFileId": "5c590f11fbcb5f1d88148aa0", "PartyLogo": "https://storage.googleapis.com/candidate-thumbs/party/192.png", "CandididatePhoto": "https://storage.googleapis.com/candidate-thumbs/images/63-1-10.jpg"}, {"Unnamed: 0": 1174, "CandidateId": "404ce1d3-7b24-48ed-b21c-4abf3316a8f4", "CandidateNo": 11, "FirstName": "เอนก", "LastName": "สีหมอก", "PartyName": "ประชาภิวัฒน์", "PartyNumber": 172, "Title": "นาย", "Votable": true, "province_id": 63, "province_name": "ตาก", "zone_number": 1, "PartyTerminated": false, "Age": 48, "Occupation": "รับจ้างทั่วไป", "HighestEducation": "ต่ำกว่าปริญญาตรี", "ImageFileId": "5c590f78fbcb5f1d88148fdb", "SelfIntroduceFileId": "5c59122cfbcb5f1d8814b8c8", "PartyLogo": "https://storage.googleapis.com/candidate-thumbs/party/172.png", "CandididatePhoto": "https://storage.googleapis.com/candidate-thumbs/images/63-1-11.jpg"}, {"Unnamed: 0": 1175, "CandidateId": "93df5047-bcdc-413a-b07f-71a89f93df21", "CandidateNo": 12, "FirstName": "บุ้น", "LastName": "คุ้มอรุณรัตนกุล", "PartyName": "รักษ์ผืนป่าประเทศไทย", "PartyNumber": 133, "Title": "นาย", "Votable": true, "province_id": 63, "province_name": "ตาก", "zone_number": 1, "PartyTerminated": false, "Age": 59, "Occupation": "ธุรกิจส่วนตัว (รับเหมาก่อสร้าง", "HighestEducation": "ต่ำกว่าปริญญาตรี", "ImageFileId": "5c5928d8fbcb5f1d8815900a", "SelfIntroduceFileId": "5c592ca5fbcb5f1d8815cd5e", "PartyLogo": "https://storage.googleapis.com/candidate-thumbs/party/133.png", "CandididatePhoto": "https://storage.googleapis.com/candidate-thumbs/images/63-1-12.jpg"}, {"Unnamed: 0": 1176, "CandidateId": "88076235-982e-448b-a6d8-659a4142e75a", "CandidateNo": 13, "FirstName": "เอกสิทธิ์", "LastName": "คุ้มอรุณรัตนกุล", "PartyName": "รวมพลังประชาชาติไทย", "PartyNumber": 181, "Title": "นาย", "Votable": true, "province_id": 63, "province_name": "ตาก", "zone_number": 1, "PartyTerminated": false, "Age": 57, "Occupation": "ธุรกิจส่วนตัว", "HighestEducation": "ปริญญาตรี", "ImageFileId": "5c592d37fbcb5f1d8815d698", "SelfIntroduceFileId": "5c592f12fbcb5f1d8815f452", "PartyLogo": "https://storage.googleapis.com/candidate-thumbs/party/181.png", "CandididatePhoto": "https://storage.googleapis.com/candidate-thumbs/images/63-1-13.jpg"}, {"Unnamed: 0": 1177, "CandidateId": "ad1c9888-3709-4008-90c9-cf9fc48de8c9", "CandidateNo": 14, "FirstName": "อรทัย", "LastName": "เกิดแสง", "PartyName": "ประชานิยม", "PartyNumber": 191, "Title": "นาง", "Votable": true, "province_id": 63, "province_name": "ตาก", "zone_number": 1, "PartyTerminated": false, "Age": 61, "Occupation": "ข้าราชการครู", "HighestEducation": "ปริญญาโท", "ImageFileId": "5c592ff5fbcb5f1d8815fda1", "SelfIntroduceFileId": "5c5931a0fbcb5f1d8816147e", "PartyLogo": "https://storage.googleapis.com/candidate-thumbs/party/191.png", "CandididatePhoto": "https://storage.googleapis.com/candidate-thumbs/images/63-1-14.jpg"}, {"Unnamed: 0": 1178, "CandidateId": "4db8c7a6-1afd-4765-a5c1-ccd3048d75bc", "CandidateNo": 15, "FirstName": "สงวนศักดิ์", "LastName": "สังข์สำราญสกุล", "PartyName": "ประชาชนปฏิรูป", "PartyNumber": 176, "Title": "ร้อยตำรวจโท", "Votable": true, "province_id": 63, "province_name": "ตาก", "zone_number": 1, "PartyTerminated": false, "Age": 62, "Occupation": "ข้าราชการบำนาญ", "HighestEducation": "ต่ำกว่าปริญญาตรี", "ImageFileId": "5c593207fbcb5f1d88161ac4", "SelfIntroduceFileId": "5c59335afbcb5f1d88162edb", "PartyLogo": "https://storage.googleapis.com/candidate-thumbs/party/176.png", "CandididatePhoto": "https://storage.googleapis.com/candidate-thumbs/images/63-1-15.jpg"}, {"Unnamed: 0": 1179, "CandidateId": "bfe2f976-5703-4f38-86ff-ec1334de6c4e", "CandidateNo": 16, "FirstName": "ยุทธธนา", "LastName": "โพธิวงษ์", "PartyName": "พลังปวงชนไทย", "PartyNumber": 184, "Title": "นาย", "Votable": true, "province_id": 63, "province_name": "ตาก", "zone_number": 1, "PartyTerminated": false, "Age": 62, "Occupation": "ข้าราชการบำนาญ", "HighestEducation": "ปริญญาตรี", "ImageFileId": "5c5939d1fbcb5f1d881688fe", "SelfIntroduceFileId": "5c593b86fbcb5f1d88169fd0", "PartyLogo": "https://storage.googleapis.com/candidate-thumbs/party/184.png", "CandididatePhoto": "https://storage.googleapis.com/candidate-thumbs/images/63-1-16.jpg"}, {"Unnamed: 0": 1180, "CandidateId": "a8e834f9-4918-48ba-9711-aa6e47f8870f", "CandidateNo": 17, "FirstName": "สุริยา", "LastName": "มาเกิด", "PartyName": "พลังชาติไทย", "PartyNumber": 186, "Title": "นาย", "Votable": true, "province_id": 63, "province_name": "ตาก", "zone_number": 1, "PartyTerminated": false, "Age": 59, "Occupation": "เกษตรกร", "HighestEducation": "ต่ำกว่าปริญญาตรี", "ImageFileId": "5c5a599ffbcb5f19bca9769a", "SelfIntroduceFileId": "5c5a5bddfbcb5f19bca9886f", "PartyLogo": "https://storage.googleapis.com/candidate-thumbs/party/186.png", "CandididatePhoto": "https://storage.googleapis.com/candidate-thumbs/images/63-1-17.jpg"}, {"Unnamed: 0": 1181, "CandidateId": "13dcaa77-8469-4df4-83e5-6067ec4c0168", "CandidateNo": 18, "FirstName": "ส้มกลิ่น", "LastName": "มีสุข", "PartyName": "ครูไทยเพื่อประชาชน", "PartyNumber": 118, "Title": "นาย", "Votable": true, "province_id": 63, "province_name": "ตาก", "zone_number": 1, "PartyTerminated": false, "Age": 63, "Occupation": "ผู้จัดการสหกรณ์การเกษตรปฏิรูปที่ดินวังเจ้า จำกัด", "HighestEducation": "ต่ำกว่าปริญญาตรี", "ImageFileId": "5c5bb648fbcb5f16fc662b24", "SelfIntroduceFileId": "5c5bb7ebfbcb5f16fc6638a5", "PartyLogo": "https://storage.googleapis.com/candidate-thumbs/party/118.png", "CandididatePhoto": "https://storage.googleapis.com/candidate-thumbs/images/63-1-18.jpg"}, {"Unnamed: 0": 1182, "CandidateId": "c82cb2b5-6deb-4f82-8742-eb0c2ea257d8", "CandidateNo": 19, "FirstName": "ไพศาล", "LastName": "สุขใส", "PartyName": "พลังประชาธิปไตย", "PartyNumber": 153, "Title": "ร้อยตรี", "Votable": true, "province_id": 63, "province_name": "ตาก", "zone_number": 1, "PartyTerminated": false, "Age": 65, "Occupation": "กำนันตำบลไม้งาม", "HighestEducation": "ปริญญาโท", "ImageFileId": "5c5bcb5bfbcb5f16fc669c07", "SelfIntroduceFileId": "5c5bd4abfbcb5f16fc66df88", "PartyLogo": "https://storage.googleapis.com/candidate-thumbs/party/153.png", "CandididatePhoto": "https://storage.googleapis.com/candidate-thumbs/images/63-1-19.jpg"}, {"Unnamed: 0": 1183, "CandidateId": "42bcb1ad-1212-431f-be9d-c184d85ccbbc", "CandidateNo": 20, "FirstName": "ถกลวิทย์", "LastName": "เดือนแจ่ม", "PartyName": "พลังไทยรักไทย", "PartyNumber": 185, "Title": "นาย", "Votable": true, "province_id": 63, "province_name": "ตาก", "zone_number": 1, "PartyTerminated": false, "Age": 58, "Occupation": "รับจ้าง", "HighestEducation": "ต่ำกว่าปริญญาตรี", "ImageFileId": "5c5cfcacfbcb5f0fd8846626", "SelfIntroduceFileId": "5c5cfe3afbcb5f0fd88471d8", "PartyLogo": "https://storage.googleapis.com/candidate-thumbs/party/185.png", "CandididatePhoto": "https://storage.googleapis.com/candidate-thumbs/images/63-1-20.jpg"}, {"Unnamed: 0": 1184, "CandidateId": "af468203-eee5-4365-a830-ed49a418e6a1", "CandidateNo": 21, "FirstName": "หม่อ", "LastName": "แซ่ว่าง", "PartyName": "ประชาชาติ", "PartyNumber": 187, "Title": "นาง", "Votable": true, "province_id": 63, "province_name": "ตาก", "zone_number": 1, "PartyTerminated": false, "Age": 53, "Occupation": "เกษตรกร", "HighestEducation": "ต่ำกว่าปริญญาตรี", "ImageFileId": "5c5d29f7fbcb5f0fd8858efb", "SelfIntroduceFileId": "5c5d2d9bfbcb5f0fd885ac20", "PartyLogo": "https://storage.googleapis.com/candidate-thumbs/party/187.png", "CandididatePhoto": "https://storage.googleapis.com/candidate-thumbs/images/63-1-21.jpg"}, {"Unnamed: 0": 1185, "CandidateId": "98b7d0b4-1d48-4c61-92de-6c28cddf6a34", "CandidateNo": 22, "FirstName": "วณิชชา", "LastName": "บุพการีพร", "PartyName": "กรีน", "PartyNumber": 206, "Title": "นาง", "Votable": true, "province_id": 63, "province_name": "ตาก", "zone_number": 1, "PartyTerminated": false, "Age": 53, "Occupation": "สปาแผนไทย", "HighestEducation": "ต่ำกว่าปริญญาตรี", "ImageFileId": "5c5d300afbcb5f0fd885c2ac", "SelfIntroduceFileId": "5c5d32bcfbcb5f0fd885d91e", "PartyLogo": "https://storage.googleapis.com/candidate-thumbs/party/206.png", "CandididatePhoto": "https://storage.googleapis.com/candidate-thumbs/images/63-1-22.jpg"}, {"Unnamed: 0": 1186, "CandidateId": "a7c398a0-42fc-4557-8c9a-372006bd9805", "CandidateNo": 23, "FirstName": "สมศักดิ์", "LastName": "วนกรกุล", "PartyName": "แทนคุณแผ่นดิน", "PartyNumber": 53, "Title": "ว่าที่ร้อยตรี", "Votable": true, "province_id": 63, "province_name": "ตาก", "zone_number": 1, "PartyTerminated": false, "Age": 54, "Occupation": "ค้าขาย", "HighestEducation": "ปริญญาตรี", "ImageFileId": "5c5d3487fbcb5f0fd885e6c0", "SelfIntroduceFileId": "5c5d360cfbcb5f0fd885f2b2", "PartyLogo": "https://storage.googleapis.com/candidate-thumbs/party/53.png", "CandididatePhoto": "https://storage.googleapis.com/candidate-thumbs/images/63-1-23.jpg"}, {"Unnamed: 0": 1187, "CandidateId": "3e297c25-d598-47b4-91d9-851972e707c5", "CandidateNo": 24, "FirstName": "มัลลิกา", "LastName": "กุศล", "PartyName": "ผึ้งหลวง", "PartyNumber": 164, "Title": "นาง", "Votable": true, "province_id": 63, "province_name": "ตาก", "zone_number": 1, "PartyTerminated": false, "Age": 50, "Occupation": "แม่บ้าน", "HighestEducation": "ต่ำกว่าปริญญาตรี", "ImageFileId": "5c5d3ca7fbcb5f0fd8862a5a", "SelfIntroduceFileId": "5c5d4064fbcb5f0fd88652af", "PartyLogo": "https://storage.googleapis.com/candidate-thumbs/party/164.png", "CandididatePhoto": "https://storage.googleapis.com/candidate-thumbs/images/63-1-24.jpg"}, {"Unnamed: 0": 1188, "CandidateId": "5d722e60-1c02-4a96-ad84-9cf11ceea205", "CandidateNo": 25, "FirstName": "ธิติพัทธ์", "LastName": "จิระธนันท์กุล", "PartyName": "ไทรักธรรม", "PartyNumber": 144, "Title": "นาย", "Votable": true, "province_id": 63, "province_name": "ตาก", "zone_number": 1, "PartyTerminated": false, "Age": 52, "Occupation": "เกษตรกร", "HighestEducation": "ต่ำกว่าปริญญาตรี", "ImageFileId": "5c5d44f2fbcb5f0fd8868323", "SelfIntroduceFileId": "5c5d4702fbcb5f0fd8869690", "PartyLogo": "https://storage.googleapis.com/candidate-thumbs/party/144.png", "CandididatePhoto": "https://storage.googleapis.com/candidate-thumbs/images/63-1-25.jpg"}]