[{"Unnamed: 0": 1189, "CandidateId": "b5535763-a035-4e3b-8086-daea173ae7f6", "CandidateNo": 1, "FirstName": "บุบผาวรรณ", "LastName": "บุญชู", "PartyName": "ประชานิยม", "PartyNumber": 191, "Title": "นางสาว", "Votable": true, "province_id": 63, "province_name": "ตาก", "zone_number": 2, "PartyTerminated": false, "Age": 62, "Occupation": "รับราชการครู", "HighestEducation": "ปริญญาตรี", "ImageFileId": "5c5957c3fbcb5f1d8817fd8b", "SelfIntroduceFileId": "5c5a4bc5fbcb5f19bca90072", "PartyLogo": "https://storage.googleapis.com/candidate-thumbs/party/191.png", "CandididatePhoto": "https://storage.googleapis.com/candidate-thumbs/images/63-2-1.jpg"}, {"Unnamed: 0": 1190, "CandidateId": "3d60f254-01ae-4129-8bf9-559948ac2767", "CandidateNo": 2, "FirstName": "หยดฝน", "LastName": "ผู้กำจัด", "PartyName": "รวมพลังประชาชาติไทย", "PartyNumber": 181, "Title": "นาง", "Votable": true, "province_id": 63, "province_name": "ตาก", "zone_number": 2, "PartyTerminated": false, "Age": 49, "Occupation": "ธุรกิจส่วนตัว", "HighestEducation": "ต่ำกว่าปริญญาตรี", "ImageFileId": "5c5968f0fbcb5f1d88183b69", "SelfIntroduceFileId": "5c5a9e7cfbcb5f19bcab402b", "PartyLogo": "https://storage.googleapis.com/candidate-thumbs/party/181.png", "CandididatePhoto": "https://storage.googleapis.com/candidate-thumbs/images/63-2-2.jpg"}, {"Unnamed: 0": 1191, "CandidateId": "0d884fb1-2059-4deb-a198-8c219fdd4704", "CandidateNo": 3, "FirstName": "เงินตรา", "LastName": "ทั้งเกสร", "PartyName": "อนาคตใหม่", "PartyNumber": 177, "Title": "นาย", "Votable": true, "province_id": 63, "province_name": "ตาก", "zone_number": 2, "PartyTerminated": false, "Age": 31, "Occupation": "ธุรกิจส่วนตัว", "HighestEducation": "ปริญญาตรี", "ImageFileId": "5c596966fbcb5f1d88183bc4", "SelfIntroduceFileId": "5c5aa241fbcb5f19bcab57fc", "PartyLogo": "https://storage.googleapis.com/candidate-thumbs/party/177.png", "CandididatePhoto": "https://storage.googleapis.com/candidate-thumbs/images/63-2-3.jpg"}, {"Unnamed: 0": 1192, "CandidateId": "e7568a60-c476-4fa4-96ba-909e13770d08", "CandidateNo": 4, "FirstName": "ชัยวุฒิ", "LastName": "บรรณวัฒน์", "PartyName": "ประชาธิปัตย์", "PartyNumber": 1, "Title": "นาย", "Votable": true, "province_id": 63, "province_name": "ตาก", "zone_number": 2, "PartyTerminated": false, "Age": 59, "Occupation": "นักการเมือง", "HighestEducation": "ปริญญาตรี", "ImageFileId": "5c5969d6fbcb5f1d88183c43", "SelfIntroduceFileId": "5c5aa3b0fbcb5f19bcab62e2", "PartyLogo": "https://storage.googleapis.com/candidate-thumbs/party/1.png", "CandididatePhoto": "https://storage.googleapis.com/candidate-thumbs/images/63-2-4.jpg"}, {"Unnamed: 0": 1193, "CandidateId": "199f8939-690e-4376-90c0-e1d5afbf2fb2", "CandidateNo": 5, "FirstName": "ฑีฆะพล", "LastName": "ทวีเกื้อกูลกิจ", "PartyName": "พลังประชารัฐ", "PartyNumber": 192, "Title": "นาย", "Votable": true, "province_id": 63, "province_name": "ตาก", "zone_number": 2, "PartyTerminated": false, "Age": 36, "Occupation": "นักธุรกิจ", "HighestEducation": "ปริญญาโท", "ImageFileId": "5c596a40fbcb5f1d88183c89", "SelfIntroduceFileId": "5c5aa6cafbcb5f19bcab7008", "PartyLogo": "https://storage.googleapis.com/candidate-thumbs/party/192.png", "CandididatePhoto": "https://storage.googleapis.com/candidate-thumbs/images/63-2-5.jpg"}, {"Unnamed: 0": 1194, "CandidateId": "b05e1300-7dbc-4a27-b8e1-c63b134c156e", "CandidateNo": 6, "FirstName": "จันทรัสม์", "LastName": "ศรีสมุทร", "PartyName": "ชาติไทยพัฒนา", "PartyNumber": 55, "Title": "นาย", "Votable": true, "province_id": 63, "province_name": "ตาก", "zone_number": 2, "PartyTerminated": false, "Age": 50, "Occupation": "ธุรกิจส่วนตัว", "HighestEducation": "ต่ำกว่าปริญญาตรี", "ImageFileId": "5c596abcfbcb5f1d88183dca", "SelfIntroduceFileId": "5c5aa830fbcb5f19bcab750a", "PartyLogo": "https://storage.googleapis.com/candidate-thumbs/party/55.png", "CandididatePhoto": "https://storage.googleapis.com/candidate-thumbs/images/63-2-6.jpg"}, {"Unnamed: 0": 1195, "CandidateId": "e96bb98b-1c23-46c9-af68-77a1f809df0f", "CandidateNo": 7, "FirstName": "ญาณพัฒน์", "LastName": "ไพรมีทรัพย์", "PartyName": "ประชาภิวัฒน์", "PartyNumber": 172, "Title": "นาย", "Votable": true, "province_id": 63, "province_name": "ตาก", "zone_number": 2, "PartyTerminated": false, "Age": 42, "Occupation": "เกษตรกร", "HighestEducation": "ปริญญาตรี", "ImageFileId": "5c596bb3fbcb5f1d88183e7c", "SelfIntroduceFileId": "5c5aaa07fbcb5f19bcab7cf0", "PartyLogo": "https://storage.googleapis.com/candidate-thumbs/party/172.png", "CandididatePhoto": "https://storage.googleapis.com/candidate-thumbs/images/63-2-7.jpg"}, {"Unnamed: 0": 1196, "CandidateId": "800813f0-77bd-4460-a1b3-c56a743437f2", "CandidateNo": 8, "FirstName": "ปรีชา", "LastName": "โพธิยา", "PartyName": "เสรีรวมไทย", "PartyNumber": 145, "Title": "พันตำรวจโท", "Votable": true, "province_id": 63, "province_name": "ตาก", "zone_number": 2, "PartyTerminated": false, "Age": 67, "Occupation": "ข้าราชการบำนาญ", "HighestEducation": "ต่ำกว่าปริญญาตรี", "ImageFileId": "5c596c12fbcb5f1d88183e99", "SelfIntroduceFileId": "5c5aacaafbcb5f19bcab82b3", "PartyLogo": "https://storage.googleapis.com/candidate-thumbs/party/145.png", "CandididatePhoto": "https://storage.googleapis.com/candidate-thumbs/images/63-2-8.jpg"}, {"Unnamed: 0": 1197, "CandidateId": "4298738c-4f1d-4d25-9686-ba875660e6d9", "CandidateNo": 9, "FirstName": "วราทิต", "LastName": "ไชยนันทน์", "PartyName": "ไทยรักษาชาติ", "PartyNumber": 77, "Title": "นาย", "Votable": true, "province_id": 63, "province_name": "ตาก", "zone_number": 2, "PartyTerminated": true, "Age": 46, "Occupation": "ธุรกิจส่วนตัว", "HighestEducation": "ปริญญาโท", "ImageFileId": "5c596c5bfbcb5f1d88183eb1", "SelfIntroduceFileId": "5c5ab9eafbcb5f19bcab9b3b", "PartyLogo": "https://storage.googleapis.com/candidate-thumbs/party/77.png", "CandididatePhoto": "https://storage.googleapis.com/candidate-thumbs/images/63-2-9.jpg"}, {"Unnamed: 0": 1198, "CandidateId": "d839f2f0-c5e0-4fa1-9317-a46dd94f6d19", "CandidateNo": 10, "FirstName": "ณัฐวัฒน์", "LastName": "ชัยสงค์", "PartyName": "พลังท้องถิ่นไท", "PartyNumber": 124, "Title": "นาย", "Votable": true, "province_id": 63, "province_name": "ตาก", "zone_number": 2, "PartyTerminated": false, "Age": 54, "Occupation": "สมาชิกองค์การบริหารส่วนจังหวัดตาก", "HighestEducation": "ปริญญาตรี", "ImageFileId": "5c596cb2fbcb5f1d88183f14", "SelfIntroduceFileId": "5c599cfcfbcb5f1d8818674d", "PartyLogo": "https://storage.googleapis.com/candidate-thumbs/party/124.png", "CandididatePhoto": "https://storage.googleapis.com/candidate-thumbs/images/63-2-10.jpg"}, {"Unnamed: 0": 1199, "CandidateId": "4d6644fd-8f7b-4c39-bd04-f24f854b56d6", "CandidateNo": 11, "FirstName": "มานิต", "LastName": "เกิดมูล", "PartyName": "ประชาธรรมไทย", "PartyNumber": 190, "Title": "นาย", "Votable": true, "province_id": 63, "province_name": "ตาก", "zone_number": 2, "PartyTerminated": false, "Age": 55, "Occupation": "รับจ้างทั่วไป", "HighestEducation": "ปริญญาตรี", "ImageFileId": "5c596d24fbcb5f1d88183f4b", "SelfIntroduceFileId": "5c5abc6cfbcb5f19bcab9ee2", "PartyLogo": "https://storage.googleapis.com/candidate-thumbs/party/190.png", "CandididatePhoto": "https://storage.googleapis.com/candidate-thumbs/images/63-2-11.jpg"}, {"Unnamed: 0": 1200, "CandidateId": "49ce9455-3961-44f9-b47b-b12bbe0e11fd", "CandidateNo": 12, "FirstName": "วิรัตน์", "LastName": "ธงชัยธนากุล", "PartyName": "สังคมประชาธิปไตยไทย", "PartyNumber": 76, "Title": "นาย", "Votable": true, "province_id": 63, "province_name": "ตาก", "zone_number": 2, "PartyTerminated": false, "Age": 52, "Occupation": "เกษตรกร", "HighestEducation": "ต่ำกว่าปริญญาตรี", "ImageFileId": "5c596d76fbcb5f1d88183fd9", "SelfIntroduceFileId": "5c5abde7fbcb5f19bcaba0fc", "PartyLogo": "https://storage.googleapis.com/candidate-thumbs/party/76.png", "CandididatePhoto": "https://storage.googleapis.com/candidate-thumbs/images/63-2-12.jpg"}, {"Unnamed: 0": 1201, "CandidateId": "c966aba4-8eee-4686-900e-8dc47fef14cf", "CandidateNo": 13, "FirstName": "ธีรยุทธ", "LastName": "วงษ์แหวน", "PartyName": "เพื่อชาติ", "PartyNumber": 149, "Title": "นาย", "Votable": true, "province_id": 63, "province_name": "ตาก", "zone_number": 2, "PartyTerminated": false, "Age": 57, "Occupation": "เกษตรกร", "HighestEducation": "ต่ำกว่าปริญญาตรี", "ImageFileId": "5c596dddfbcb5f1d881840ff", "SelfIntroduceFileId": "5c5ac00efbcb5f19bcaba303", "PartyLogo": "https://storage.googleapis.com/candidate-thumbs/party/149.png", "CandididatePhoto": "https://storage.googleapis.com/candidate-thumbs/images/63-2-13.jpg"}, {"Unnamed: 0": 1202, "CandidateId": "b31a17d6-9dfb-4c82-9bdb-02d5f260d313", "CandidateNo": 14, "FirstName": "มังกร", "LastName": "รำพรรณนิยม", "PartyName": "พลังชาติไทย", "PartyNumber": 186, "Title": "ว่าที่พันตรี", "Votable": true, "province_id": 63, "province_name": "ตาก", "zone_number": 2, "PartyTerminated": false, "Age": 66, "Occupation": "ข้าราชการบำนาญ", "HighestEducation": "ปริญญาตรี", "ImageFileId": "5c596e4afbcb5f1d8818418e", "SelfIntroduceFileId": "5c5ac257fbcb5f19bcaba416", "PartyLogo": "https://storage.googleapis.com/candidate-thumbs/party/186.png", "CandididatePhoto": "https://storage.googleapis.com/candidate-thumbs/images/63-2-14.jpg"}, {"Unnamed: 0": 1203, "CandidateId": "c7141ac2-58b4-4941-a78b-65b536fc0b28", "CandidateNo": 15, "FirstName": "สุรพล", "LastName": "โปทาคำ", "PartyName": "พลังปวงชนไทย", "PartyNumber": 184, "Title": "นาย", "Votable": true, "province_id": 63, "province_name": "ตาก", "zone_number": 2, "PartyTerminated": false, "Age": 53, "Occupation": "ค้าขาย", "HighestEducation": "ปริญญาตรี", "ImageFileId": "5c596ea4fbcb5f1d8818420c", "SelfIntroduceFileId": "5c5ac398fbcb5f19bcaba58a", "PartyLogo": "https://storage.googleapis.com/candidate-thumbs/party/184.png", "CandididatePhoto": "https://storage.googleapis.com/candidate-thumbs/images/63-2-15.jpg"}, {"Unnamed: 0": 1204, "CandidateId": "8ddfae22-1708-4663-9a95-60bf6c368ac7", "CandidateNo": 16, "FirstName": "วิสุทธิชัย", "LastName": "ยั่งยงสกุล", "PartyName": "ประชาชาติ", "PartyNumber": 187, "Title": "นาย", "Votable": true, "province_id": 63, "province_name": "ตาก", "zone_number": 2, "PartyTerminated": false, "Age": 43, "Occupation": "ธุรกิจส่วนตัว", "HighestEducation": "ปริญญาตรี", "ImageFileId": "5c596f15fbcb5f1d8818428a", "SelfIntroduceFileId": "5c5ac51dfbcb5f19bcaba788", "PartyLogo": "https://storage.googleapis.com/candidate-thumbs/party/187.png", "CandididatePhoto": "https://storage.googleapis.com/candidate-thumbs/images/63-2-16.jpg"}, {"Unnamed: 0": 1205, "CandidateId": "020fea14-8a57-4729-aba2-c79ce5b10a41", "CandidateNo": 17, "FirstName": "สมพงษ์", "LastName": "ต่ำจันทร์", "PartyName": "เพื่อแผ่นดิน", "PartyNumber": 41, "Title": "นาย", "Votable": true, "province_id": 63, "province_name": "ตาก", "zone_number": 2, "PartyTerminated": false, "Age": 49, "Occupation": "เกษตรกร", "HighestEducation": "ต่ำกว่าปริญญาตรี", "ImageFileId": "5c596f69fbcb5f1d881842b6", "SelfIntroduceFileId": "5c5ac64ffbcb5f19bcaba839", "PartyLogo": "https://storage.googleapis.com/candidate-thumbs/party/41.png", "CandididatePhoto": "https://storage.googleapis.com/candidate-thumbs/images/63-2-17.jpg"}, {"Unnamed: 0": 1206, "CandidateId": "008d84cf-1cc0-4bca-b699-35b1b7ee7307", "CandidateNo": 18, "FirstName": "ประดิษฐ์", "LastName": "รุ่งศรี", "PartyName": "รักษ์ผืนป่าประเทศไทย", "PartyNumber": 133, "Title": "นาย", "Votable": true, "province_id": 63, "province_name": "ตาก", "zone_number": 2, "PartyTerminated": false, "Age": 58, "Occupation": "รับจ้าง", "HighestEducation": "ปริญญาตรี", "ImageFileId": "5c596fcdfbcb5f1d88184385", "SelfIntroduceFileId": "5c5adadffbcb5f19bcabb726", "PartyLogo": "https://storage.googleapis.com/candidate-thumbs/party/133.png", "CandididatePhoto": "https://storage.googleapis.com/candidate-thumbs/images/63-2-18.jpg"}, {"Unnamed: 0": 1207, "CandidateId": "c03c0c1a-cbcc-43a5-b9d0-f09d220432a0", "CandidateNo": 19, "FirstName": "อำพร", "LastName": "นันทหาร", "PartyName": "ภูมิใจไทย", "PartyNumber": 63, "Title": "นาย", "Votable": true, "province_id": 63, "province_name": "ตาก", "zone_number": 2, "PartyTerminated": false, "Age": 49, "Occupation": "นักการเมืองท้องถิ่น", "HighestEducation": "ปริญญาตรี", "ImageFileId": "5c5a9517fbcb5f19bcab0196", "SelfIntroduceFileId": "5c5adc35fbcb5f19bcabb8a0", "PartyLogo": "https://storage.googleapis.com/candidate-thumbs/party/63.png", "CandididatePhoto": "https://storage.googleapis.com/candidate-thumbs/images/63-2-19.jpg"}, {"Unnamed: 0": 1208, "CandidateId": "83651740-bfac-49d1-af5c-43339ec218de", "CandidateNo": 20, "FirstName": "สุทธิเกียรติ", "LastName": "บุตรา", "PartyName": "ประชาชนปฏิรูป", "PartyNumber": 176, "Title": "นาย", "Votable": true, "province_id": 63, "province_name": "ตาก", "zone_number": 2, "PartyTerminated": false, "Age": 29, "Occupation": "รับจ้าง", "HighestEducation": "ต่ำกว่าปริญญาตรี", "ImageFileId": "5c5a94bbfbcb5f19bcaaffcc", "SelfIntroduceFileId": "5c5adde6fbcb5f19bcabba29", "PartyLogo": "https://storage.googleapis.com/candidate-thumbs/party/176.png", "CandididatePhoto": "https://storage.googleapis.com/candidate-thumbs/images/63-2-20.jpg"}, {"Unnamed: 0": 1209, "CandidateId": "38c9cdf3-1be8-4744-b925-72cb7983e688", "CandidateNo": 21, "FirstName": "ภาคภูมิ", "LastName": "เจริญชัยสกุลคีรี", "PartyName": "ครูไทยเพื่อประชาชน", "PartyNumber": 118, "Title": "นาย", "Votable": true, "province_id": 63, "province_name": "ตาก", "zone_number": 2, "PartyTerminated": false, "Age": 47, "Occupation": "วิศวกร", "HighestEducation": "ปริญญาตรี", "ImageFileId": "5c5ba002fbcb5f16fc657fdd", "SelfIntroduceFileId": "5c5ba428fbcb5f16fc659e71", "PartyLogo": "https://storage.googleapis.com/candidate-thumbs/party/118.png", "CandididatePhoto": "https://storage.googleapis.com/candidate-thumbs/images/63-2-21.jpg"}, {"Unnamed: 0": 1210, "CandidateId": "6af026e2-413f-41ac-b56b-9cdfbc3aca93", "CandidateNo": 22, "FirstName": "กุศล", "LastName": "ต่อติด", "PartyName": "พลังรัก", "PartyNumber": 195, "Title": "นาย", "Votable": true, "province_id": 63, "province_name": "ตาก", "zone_number": 2, "PartyTerminated": false, "Age": 51, "Occupation": "ธุรกิจส่วนตัว (ขายอาหารเสริม)", "HighestEducation": "ปริญญาตรี", "ImageFileId": "5c5be356fbcb5f16fc67573b", "SelfIntroduceFileId": "5c5be59ffbcb5f16fc6767b7", "PartyLogo": "https://storage.googleapis.com/candidate-thumbs/party/195.png", "CandididatePhoto": "https://storage.googleapis.com/candidate-thumbs/images/63-2-22.jpg"}, {"Unnamed: 0": 1211, "CandidateId": "cae962f0-30d3-4988-b715-4cbc32ef0821", "CandidateNo": 23, "FirstName": "ขวัญตา", "LastName": "อ๊ะนา", "PartyName": "พลังไทยรักไทย", "PartyNumber": 185, "Title": "นางสาว", "Votable": true, "province_id": 63, "province_name": "ตาก", "zone_number": 2, "PartyTerminated": false, "Age": 25, "Occupation": "ธุรกิจส่วนตัว", "HighestEducation": "ปริญญาตรี", "ImageFileId": "5c5d0742fbcb5f0fd884bffe", "SelfIntroduceFileId": "5c5d14acfbcb5f0fd88500a0", "PartyLogo": "https://storage.googleapis.com/candidate-thumbs/party/185.png", "CandididatePhoto": "https://storage.googleapis.com/candidate-thumbs/images/63-2-23.jpg"}, {"Unnamed: 0": 1212, "CandidateId": "fad2d576-762c-4391-912b-cbe14d567b4b", "CandidateNo": 24, "FirstName": "ศุภชัย", "LastName": "มาลีศรีอมร", "PartyName": "กรีน", "PartyNumber": 206, "Title": "นาย", "Votable": true, "province_id": 63, "province_name": "ตาก", "zone_number": 2, "PartyTerminated": false, "Age": 28, "Occupation": "เกษตรกร", "HighestEducation": "ปริญญาตรี", "ImageFileId": "5c5d07cefbcb5f0fd884c2e4", "SelfIntroduceFileId": "5c5d1584fbcb5f0fd885040e", "PartyLogo": "https://storage.googleapis.com/candidate-thumbs/party/206.png", "CandididatePhoto": "https://storage.googleapis.com/candidate-thumbs/images/63-2-24.jpg"}, {"Unnamed: 0": 1213, "CandidateId": "31358059-5e7e-472c-9f36-aaf5757d3360", "CandidateNo": 25, "FirstName": "ศุภฤกษ์", "LastName": "กาวินำ", "PartyName": "พลเมืองไทย", "PartyNumber": 173, "Title": "นาย", "Votable": true, "province_id": 63, "province_name": "ตาก", "zone_number": 2, "PartyTerminated": false, "Age": 40, "Occupation": "ทนายความ", "HighestEducation": "ปริญญาตรี", "ImageFileId": "5c5d3fbbfbcb5f0fd88649d2", "SelfIntroduceFileId": "5c5d558cfbcb5f0fd8874157", "PartyLogo": "https://storage.googleapis.com/candidate-thumbs/party/173.png", "CandididatePhoto": "https://storage.googleapis.com/candidate-thumbs/images/63-2-25.jpg"}, {"Unnamed: 0": 1214, "CandidateId": "e0895a4b-3c8c-41c6-ae40-75f4781f5b6a", "CandidateNo": 26, "FirstName": "สวัสดิ์", "LastName": "เสนแก้ว", "PartyName": "แทนคุณแผ่นดิน", "PartyNumber": 53, "Title": "นาย", "Votable": true, "province_id": 63, "province_name": "ตาก", "zone_number": 2, "PartyTerminated": false, "Age": 56, "Occupation": "ค้าขาย", "HighestEducation": "ต่ำกว่าปริญญาตรี", "ImageFileId": "5c5d400cfbcb5f0fd8864ec6", "SelfIntroduceFileId": "5c5d5736fbcb5f0fd8875545", "PartyLogo": "https://storage.googleapis.com/candidate-thumbs/party/53.png", "CandididatePhoto": "https://storage.googleapis.com/candidate-thumbs/images/63-2-26.jpg"}, {"Unnamed: 0": 1215, "CandidateId": "4375b8be-afb7-4810-bba8-c5e35a24accd", "CandidateNo": 27, "FirstName": "กมล", "LastName": "ผอบทิพย์", "PartyName": "ผึ้งหลวง", "PartyNumber": 164, "Title": "นาย", "Votable": false, "province_id": 63, "province_name": "ตาก", "zone_number": 2, "PartyTerminated": false, "Age": 61, "Occupation": "รับจ้างทั่วไป", "HighestEducation": "ต่ำกว่าปริญญาตรี", "ImageFileId": "5c5d405afbcb5f0fd88651d9", "SelfIntroduceFileId": "5c5d58ddfbcb5f0fd8876c22", "PartyLogo": "https://storage.googleapis.com/candidate-thumbs/party/164.png", "CandididatePhoto": "https://storage.googleapis.com/candidate-thumbs/images/63-2-27.jpg"}, {"Unnamed: 0": 1216, "CandidateId": "c4db7100-5aed-4e79-b3fe-125baf3bfe69", "CandidateNo": 28, "FirstName": "ประกิต", "LastName": "นิธิกุล", "PartyName": "พลังแผ่นดินทอง", "PartyNumber": 202, "Title": "นาย", "Votable": true, "province_id": 63, "province_name": "ตาก", "zone_number": 2, "PartyTerminated": false, "Age": 61, "Occupation": "ข้าราชการบำนาญ", "HighestEducation": "ปริญญาตรี", "ImageFileId": "5c5d409ffbcb5f0fd886573d", "SelfIntroduceFileId": "5c5d5b26fbcb5f0fd8878229", "PartyLogo": "https://storage.googleapis.com/candidate-thumbs/party/202.png", "CandididatePhoto": "https://storage.googleapis.com/candidate-thumbs/images/63-2-28.jpg"}, {"Unnamed: 0": 1217, "CandidateId": "7015616c-7d6d-49e4-b8bd-d52b1c1e4d5c", "CandidateNo": 29, "FirstName": "เพ็ญนภา", "LastName": "จันทรมณฑล", "PartyName": "ไทรักธรรม", "PartyNumber": 144, "Title": "นาง", "Votable": false, "province_id": 63, "province_name": "ตาก", "zone_number": 2, "PartyTerminated": false, "Age": 46, "Occupation": "เกษตรกรรม", "HighestEducation": "ต่ำกว่าปริญญาตรี", "ImageFileId": "5c5d4341fbcb5f0fd8866fbc", "SelfIntroduceFileId": "5c5d52aefbcb5f0fd88716cd", "PartyLogo": "https://storage.googleapis.com/candidate-thumbs/party/144.png", "CandididatePhoto": "https://storage.googleapis.com/candidate-thumbs/images/63-2-29.jpg"}, {"Unnamed: 0": 1218, "CandidateId": "1405bb0f-ce2d-4e63-802a-66b9bc6fe24a", "CandidateNo": 30, "FirstName": "วิษณุ", "LastName": "เนียมพา", "PartyName": "เศรษฐกิจใหม่", "PartyNumber": 193, "Title": "นาย", "Votable": false, "province_id": 63, "province_name": "ตาก", "zone_number": 2, "PartyTerminated": false, "Age": 43, "Occupation": "ธุรกิจส่วนตัว", "HighestEducation": "ปริญญาตรี", "ImageFileId": "5c5d48d4fbcb5f0fd886ab8e", "SelfIntroduceFileId": "5c5d4abafbcb5f0fd886c4b5", "PartyLogo": "https://storage.googleapis.com/candidate-thumbs/party/193.png", "CandididatePhoto": "https://storage.googleapis.com/candidate-thumbs/images/63-2-30.jpg"}]