[{"Unnamed: 0": 4237, "CandidateId": "c1519c55-0a48-49f7-a9f4-dfc8dbadc2b9", "CandidateNo": 1, "FirstName": "ประสาท", "LastName": "ยาจิตร์", "PartyName": "ภูมิใจไทย", "PartyNumber": 63, "Title": "นาย", "Votable": true, "province_id": 73, "province_name": "นครปฐม", "zone_number": 3, "PartyTerminated": false, "Age": 44, "Occupation": "ทนายความ", "HighestEducation": "ปริญญาตรี", "ImageFileId": "5c57ecd7fbcb5f1eec0e826e", "SelfIntroduceFileId": "5c58f6cefbcb5f1d88136227", "PartyLogo": "https://storage.googleapis.com/candidate-thumbs/party/63.png", "CandididatePhoto": "https://storage.googleapis.com/candidate-thumbs/images/73-3-1.jpg"}, {"Unnamed: 0": 4238, "CandidateId": "f9dc23cc-0a63-42cb-b64d-b3ad8abdd8a5", "CandidateNo": 2, "FirstName": "ธาดา", "LastName": "ชาญปรีชา", "PartyName": "ประชานิยม", "PartyNumber": 191, "Title": "ร.ต.ท.", "Votable": true, "province_id": 73, "province_name": "นครปฐม", "zone_number": 3, "PartyTerminated": false, "Age": 62, "Occupation": "รับราชการตำรวจ", "HighestEducation": "ปริญญาตรี", "ImageFileId": "5c57f3d4fbcb5f1eec0ec5da", "SelfIntroduceFileId": "5c590025fbcb5f1d8813c462", "PartyLogo": "https://storage.googleapis.com/candidate-thumbs/party/191.png", "CandididatePhoto": "https://storage.googleapis.com/candidate-thumbs/images/73-3-2.jpg"}, {"Unnamed: 0": 4239, "CandidateId": "55ea3649-6197-4ad0-9d30-9b015af5db75", "CandidateNo": 3, "FirstName": "ณิชชาพัทธ์", "LastName": "บุญเจริญ", "PartyName": "รวมพลังประชาชาติไทย", "PartyNumber": 181, "Title": "น.ส.", "Votable": true, "province_id": 73, "province_name": "นครปฐม", "zone_number": 3, "PartyTerminated": false, "Age": 44, "Occupation": "ธุรกิจส่วนตัว", "HighestEducation": "ปริญญาโท", "ImageFileId": "5c57f7bcfbcb5f1eec0ef039", "SelfIntroduceFileId": "5c59095bfbcb5f1d8814373d", "PartyLogo": "https://storage.googleapis.com/candidate-thumbs/party/181.png", "CandididatePhoto": "https://storage.googleapis.com/candidate-thumbs/images/73-3-3.jpg"}, {"Unnamed: 0": 4240, "CandidateId": "df6cf7f2-85ba-4d0f-9be3-9606666f0ebb", "CandidateNo": 4, "FirstName": "สุทธวรรณ", "LastName": "สุบรรณ ณ อยุธยา", "PartyName": "อนาคตใหม่", "PartyNumber": 177, "Title": "น.ส.", "Votable": true, "province_id": 73, "province_name": "นครปฐม", "zone_number": 3, "PartyTerminated": false, "Age": 30, "Occupation": "ธุรกิจส่วนตัว", "HighestEducation": "ปริญญาโท", "ImageFileId": "5c57fa45fbcb5f1eec0f0d3b", "SelfIntroduceFileId": "5c590ed0fbcb5f1d881484a9", "PartyLogo": "https://storage.googleapis.com/candidate-thumbs/party/177.png", "CandididatePhoto": "https://storage.googleapis.com/candidate-thumbs/images/73-3-4.jpg"}, {"Unnamed: 0": 4241, "CandidateId": "816ae305-271a-442a-8234-4dc4b3409611", "CandidateNo": 5, "FirstName": "สุธรรม", "LastName": "เข็มแข็งปรีชานนท์", "PartyName": "ชาติพัฒนา", "PartyNumber": 45, "Title": "ร.ต.ท.", "Votable": true, "province_id": 73, "province_name": "นครปฐม", "zone_number": 3, "PartyTerminated": false, "Age": 62, "Occupation": "ข้าราชการตำรวจ", "HighestEducation": "ปริญญาโท", "ImageFileId": "5c57fafafbcb5f1eec0f14df", "SelfIntroduceFileId": "5c591117fbcb5f1d8814a7b5", "PartyLogo": "https://storage.googleapis.com/candidate-thumbs/party/45.png", "CandididatePhoto": "https://storage.googleapis.com/candidate-thumbs/images/73-3-5.jpg"}, {"Unnamed: 0": 4242, "CandidateId": "edda9038-5041-408c-a3d8-0bc4d3cf3d75", "CandidateNo": 6, "FirstName": "พิสิษฐ์", "LastName": "จันทร์เรือง", "PartyName": "ประชาภิวัฒน์", "PartyNumber": 172, "Title": "นาย", "Votable": true, "province_id": 73, "province_name": "นครปฐม", "zone_number": 3, "PartyTerminated": false, "Age": 57, "Occupation": "ผู้จัดการโรงงาน", "HighestEducation": "ปริญญาตรี", "ImageFileId": "5c57fb67fbcb5f1eec0f19ba", "SelfIntroduceFileId": "5c591477fbcb5f1d8814d523", "PartyLogo": "https://storage.googleapis.com/candidate-thumbs/party/172.png", "CandididatePhoto": "https://storage.googleapis.com/candidate-thumbs/images/73-3-6.jpg"}, {"Unnamed: 0": 4243, "CandidateId": "251bb77e-3014-4157-954f-2f4e1dd06da2", "CandidateNo": 7, "FirstName": "วินัย", "LastName": "วิจิตรโสภณ", "PartyName": "ไทยรักษาชาติ", "PartyNumber": 77, "Title": "นาย", "Votable": true, "province_id": 73, "province_name": "นครปฐม", "zone_number": 3, "PartyTerminated": true, "Age": 54, "Occupation": "สมาชิกสภาองค์บริหารส่วนจังหวัดนครปฐม", "HighestEducation": "ปริญญาตรี", "ImageFileId": "5c57fbdefbcb5f1eec0f22f2", "SelfIntroduceFileId": "5c59177dfbcb5f1d8814f2b5", "PartyLogo": "https://storage.googleapis.com/candidate-thumbs/party/77.png", "CandididatePhoto": "https://storage.googleapis.com/candidate-thumbs/images/73-3-7.jpg"}, {"Unnamed: 0": 4244, "CandidateId": "0b43b805-1a22-4009-ae79-ae0df28324bf", "CandidateNo": 8, "FirstName": "ธนบดี", "LastName": "ภัทรโชคโภคิน", "PartyName": "ประชาธิปัตย์", "PartyNumber": 1, "Title": "นาย", "Votable": true, "province_id": 73, "province_name": "นครปฐม", "zone_number": 3, "PartyTerminated": false, "Age": 52, "Occupation": "ทนายความ", "HighestEducation": "ปริญญาตรี", "ImageFileId": "5c5bd990fbcb5f16fc6704d1", "SelfIntroduceFileId": "5c5bdb6bfbcb5f16fc6714e2", "PartyLogo": "https://storage.googleapis.com/candidate-thumbs/party/1.png", "CandididatePhoto": "https://storage.googleapis.com/candidate-thumbs/images/73-3-8.jpg"}, {"Unnamed: 0": 4245, "CandidateId": "6412cef9-2016-4575-90a2-280a3d07e2e0", "CandidateNo": 9, "FirstName": "วันทิพย์", "LastName": "หิรัญธนาอังกูร", "PartyName": "เสรีรวมไทย", "PartyNumber": 145, "Title": "น.ส.", "Votable": true, "province_id": 73, "province_name": "นครปฐม", "zone_number": 3, "PartyTerminated": false, "Age": 30, "Occupation": "พนักงานภาคเอกชน(พิธีกร)", "HighestEducation": "ต่ำกว่าปริญญาตรี", "ImageFileId": "5c57fd5cfbcb5f1eec0f3948", "SelfIntroduceFileId": "5c592d8efbcb5f1d8815dcc6", "PartyLogo": "https://storage.googleapis.com/candidate-thumbs/party/145.png", "CandididatePhoto": "https://storage.googleapis.com/candidate-thumbs/images/73-3-9.jpg"}, {"Unnamed: 0": 4246, "CandidateId": "2aad36f0-d83a-4a03-a068-d925efda17ec", "CandidateNo": 10, "FirstName": "อชิรวิชญ์", "LastName": "มาตา", "PartyName": "เพื่อชาติ", "PartyNumber": 149, "Title": "นาย", "Votable": true, "province_id": 73, "province_name": "นครปฐม", "zone_number": 3, "PartyTerminated": false, "Age": 66, "Occupation": "ธุรกิจครัวเรือนผลิตลูกชิ้นจำหน่าย", "HighestEducation": "ต่ำกว่าปริญญาตรี", "ImageFileId": "5c57feb2fbcb5f1eec0f4cbb", "SelfIntroduceFileId": "5c5932b3fbcb5f1d881624b4", "PartyLogo": "https://storage.googleapis.com/candidate-thumbs/party/149.png", "CandididatePhoto": "https://storage.googleapis.com/candidate-thumbs/images/73-3-10.jpg"}, {"Unnamed: 0": 4247, "CandidateId": "33b486b3-9cfa-4505-86c6-3cc36a93ae86", "CandidateNo": 11, "FirstName": "สมภพ", "LastName": "ปานฉิม", "PartyName": "พลังท้องถิ่นไท", "PartyNumber": 124, "Title": "นาย", "Votable": true, "province_id": 73, "province_name": "นครปฐม", "zone_number": 3, "PartyTerminated": false, "Age": 54, "Occupation": "เกษตรกร", "HighestEducation": "ปริญญาตรี", "ImageFileId": "5c580212fbcb5f1eec0f7ac4", "SelfIntroduceFileId": "5c593994fbcb5f1d8816860f", "PartyLogo": "https://storage.googleapis.com/candidate-thumbs/party/124.png", "CandididatePhoto": "https://storage.googleapis.com/candidate-thumbs/images/73-3-11.jpg"}, {"Unnamed: 0": 4248, "CandidateId": "b29fa020-f4b5-4427-a6b6-08a1fbd39e03", "CandidateNo": 12, "FirstName": "ปรัชญา", "LastName": "บุตรพันธ์", "PartyName": "รักษ์ผืนป่าประเทศไทย", "PartyNumber": 133, "Title": "นาย", "Votable": true, "province_id": 73, "province_name": "นครปฐม", "zone_number": 3, "PartyTerminated": false, "Age": 30, "Occupation": "เกษตรกร", "HighestEducation": "ปริญญาโท", "ImageFileId": "5c580284fbcb5f1eec0f820c", "SelfIntroduceFileId": "5c593dcdfbcb5f1d8816bc0f", "PartyLogo": "https://storage.googleapis.com/candidate-thumbs/party/133.png", "CandididatePhoto": "https://storage.googleapis.com/candidate-thumbs/images/73-3-12.jpg"}, {"Unnamed: 0": 4249, "CandidateId": "2578153d-bbd1-4c49-a8ac-4957e3379f89", "CandidateNo": 13, "FirstName": "พรศักดิ์", "LastName": "เปี่ยมคล้า", "PartyName": "พลังประชารัฐ", "PartyNumber": 192, "Title": "นาย", "Votable": true, "province_id": 73, "province_name": "นครปฐม", "zone_number": 3, "PartyTerminated": false, "Age": 64, "Occupation": "ธุรกิจส่วนตัว", "HighestEducation": "ปริญญาตรี", "ImageFileId": "5c580307fbcb5f1eec0f8969", "SelfIntroduceFileId": "5c5943bffbcb5f1d88170d95", "PartyLogo": "https://storage.googleapis.com/candidate-thumbs/party/192.png", "CandididatePhoto": "https://storage.googleapis.com/candidate-thumbs/images/73-3-13.jpg"}, {"Unnamed: 0": 4250, "CandidateId": "a81dc357-9484-4023-9179-1b269d08cde3", "CandidateNo": 14, "FirstName": "กันตภณ", "LastName": "ปทุมารักษ์", "PartyName": "ไทยศรีวิไลย์", "PartyNumber": 180, "Title": "นาย", "Votable": true, "province_id": 73, "province_name": "นครปฐม", "zone_number": 3, "PartyTerminated": false, "Age": 28, "Occupation": "เกษตรกร", "HighestEducation": "ต่ำกว่าปริญญาตรี", "ImageFileId": "5c58037efbcb5f1eec0f8d99", "SelfIntroduceFileId": "5c594902fbcb5f1d881758d3", "PartyLogo": "https://storage.googleapis.com/candidate-thumbs/party/180.png", "CandididatePhoto": "https://storage.googleapis.com/candidate-thumbs/images/73-3-14.jpg"}, {"Unnamed: 0": 4251, "CandidateId": "f8e62f8b-690f-4d37-98d6-67079096eb8e", "CandidateNo": 15, "FirstName": "ก่อเกียรติ", "LastName": "สิริยะเสถียร", "PartyName": "ชาติไทยพัฒนา", "PartyNumber": 55, "Title": "นาย", "Votable": true, "province_id": 73, "province_name": "นครปฐม", "zone_number": 3, "PartyTerminated": false, "Age": 55, "Occupation": "นักการเมือง", "HighestEducation": "ปริญญาโท", "ImageFileId": "5c5a4479fbcb5f19bca8c3ef", "SelfIntroduceFileId": "5c5a4731fbcb5f19bca8da0c", "PartyLogo": "https://storage.googleapis.com/candidate-thumbs/party/55.png", "CandididatePhoto": "https://storage.googleapis.com/candidate-thumbs/images/73-3-15.jpg"}, {"Unnamed: 0": 4252, "CandidateId": "9cfa66b4-e40d-45d1-bbac-875f0dfaf4b6", "CandidateNo": 16, "FirstName": "กฤษณชาติ", "LastName": "สระทองห้อย", "PartyName": "ประชาชนปฏิรูป", "PartyNumber": 176, "Title": "นาย", "Votable": true, "province_id": 73, "province_name": "นครปฐม", "zone_number": 3, "PartyTerminated": false, "Age": 39, "Occupation": "พนักงานเอกชน", "HighestEducation": "ต่ำกว่าปริญญาตรี", "ImageFileId": "5c5aa61bfbcb5f19bcab6d84", "SelfIntroduceFileId": "5c5bcba2fbcb5f16fc669e0d", "PartyLogo": "https://storage.googleapis.com/candidate-thumbs/party/176.png", "CandididatePhoto": "https://storage.googleapis.com/candidate-thumbs/images/73-3-16.jpg"}, {"Unnamed: 0": 4253, "CandidateId": "8485efb1-d094-4d30-a8e4-22b1dbff2936", "CandidateNo": 17, "FirstName": "ชาติ", "LastName": "ธรรมศรี", "PartyName": "ครูไทยเพื่อประชาชน", "PartyNumber": 118, "Title": "นาย", "Votable": true, "province_id": 73, "province_name": "นครปฐม", "zone_number": 3, "PartyTerminated": false, "Age": 65, "Occupation": "ข้าราชการครู", "HighestEducation": "ปริญญาตรี", "ImageFileId": "5c5bdf05fbcb5f16fc67363d", "SelfIntroduceFileId": "5c5be29dfbcb5f16fc6750da", "PartyLogo": "https://storage.googleapis.com/candidate-thumbs/party/118.png", "CandididatePhoto": "https://storage.googleapis.com/candidate-thumbs/images/73-3-17.jpg"}, {"Unnamed: 0": 4254, "CandidateId": "a8933d08-5eab-41f5-a116-130e1e0d7b11", "CandidateNo": 18, "FirstName": "วงศกร", "LastName": "แก้วสกุล", "PartyName": "พลังชาติไทย", "PartyNumber": 186, "Title": "นาย", "Votable": true, "province_id": 73, "province_name": "นครปฐม", "zone_number": 3, "PartyTerminated": false, "Age": 29, "Occupation": "ธุรกิจส่วนตัว", "HighestEducation": "ต่ำกว่าปริญญาตรี", "ImageFileId": "5c5be6e4fbcb5f16fc67744e", "SelfIntroduceFileId": "5c5bec4efbcb5f16fc67a40e", "PartyLogo": "https://storage.googleapis.com/candidate-thumbs/party/186.png", "CandididatePhoto": "https://storage.googleapis.com/candidate-thumbs/images/73-3-18.jpg"}, {"Unnamed: 0": 4255, "CandidateId": "7881a4fd-1f70-4743-bbeb-46b3b8bd3876", "CandidateNo": 19, "FirstName": "ธนกฤต", "LastName": "เอกธนัทชัยกุล", "PartyName": "เศรษฐกิจใหม่", "PartyNumber": 193, "Title": "นาย", "Votable": true, "province_id": 73, "province_name": "นครปฐม", "zone_number": 3, "PartyTerminated": false, "Age": 35, "Occupation": "รับจ้างทั่วไป", "HighestEducation": "ปริญญาตรี", "ImageFileId": "5c5bee02fbcb5f16fc67b579", "SelfIntroduceFileId": "5c5beff0fbcb5f16fc67c600", "PartyLogo": "https://storage.googleapis.com/candidate-thumbs/party/193.png", "CandididatePhoto": "https://storage.googleapis.com/candidate-thumbs/images/73-3-19.jpg"}, {"Unnamed: 0": 4256, "CandidateId": "117e493e-8875-4e27-96d4-c7bbca3a4321", "CandidateNo": 20, "FirstName": "อภิญญา", "LastName": "มูลทรงเกียรติ์", "PartyName": "พลังไทยรักชาติ", "PartyNumber": 155, "Title": "นางสาว", "Votable": true, "province_id": 73, "province_name": "นครปฐม", "zone_number": 3, "PartyTerminated": false, "Age": 51, "Occupation": "ธุรกิจส่วนตัว", "HighestEducation": "ปริญญาตรี", "ImageFileId": "5c5bf19efbcb5f16fc67d2df", "SelfIntroduceFileId": "5c5bf40efbcb5f16fc67e8bb", "PartyLogo": "https://storage.googleapis.com/candidate-thumbs/party/155.png", "CandididatePhoto": "https://storage.googleapis.com/candidate-thumbs/images/73-3-20.jpg"}, {"Unnamed: 0": 4257, "CandidateId": "f0db822b-dadb-43a2-bb25-dc19808e8645", "CandidateNo": 21, "FirstName": "ประสิทธิ์", "LastName": "ปิ่นเกล้า", "PartyName": "เครือข่ายชาวนาแห่งประเทศไทย", "PartyNumber": 22, "Title": "นาย", "Votable": true, "province_id": 73, "province_name": "นครปฐม", "zone_number": 3, "PartyTerminated": false, "Age": 60, "Occupation": "เกษตรกร", "HighestEducation": "ต่ำกว่าปริญญาตรี", "ImageFileId": "5c5bf5f1fbcb5f16fc67f6a1", "SelfIntroduceFileId": "5c5bf80afbcb5f16fc6802ce", "PartyLogo": "https://storage.googleapis.com/candidate-thumbs/party/22.png", "CandididatePhoto": "https://storage.googleapis.com/candidate-thumbs/images/73-3-21.jpg"}, {"Unnamed: 0": 4258, "CandidateId": "b7a09d57-a392-44ed-9ae5-384031f95a77", "CandidateNo": 22, "FirstName": "กรรณิกา", "LastName": "ไกรโรจน์", "PartyName": "ไทยรุ่งเรือง", "PartyNumber": 194, "Title": "นางสาว", "Votable": true, "province_id": 73, "province_name": "นครปฐม", "zone_number": 3, "PartyTerminated": false, "Age": 41, "Occupation": "รับจ้าง", "HighestEducation": "ต่ำกว่าปริญญาตรี", "ImageFileId": "5c5bf9b4fbcb5f16fc6809f6", "SelfIntroduceFileId": "5c5cde34fbcb5f16fc68909a", "PartyLogo": "https://storage.googleapis.com/candidate-thumbs/party/194.png", "CandididatePhoto": "https://storage.googleapis.com/candidate-thumbs/images/73-3-22.jpg"}, {"Unnamed: 0": 4259, "CandidateId": "60ebbc37-b6cd-492d-9829-657cd4993bb1", "CandidateNo": 23, "FirstName": "เลิศไพฑูรณ์", "LastName": "ท่าทราย", "PartyName": "ทางเลือกใหม่", "PartyNumber": 170, "Title": "นาย", "Votable": true, "province_id": 73, "province_name": "นครปฐม", "zone_number": 3, "PartyTerminated": false, "Age": 54, "Occupation": "เกษตรกร", "HighestEducation": "ต่ำกว่าปริญญาตรี", "ImageFileId": "5c5d13e2fbcb5f0fd884fd8c", "SelfIntroduceFileId": "5c5d1e12fbcb5f0fd8852efe", "PartyLogo": "https://storage.googleapis.com/candidate-thumbs/party/170.png", "CandididatePhoto": "https://storage.googleapis.com/candidate-thumbs/images/73-3-23.jpg"}, {"Unnamed: 0": 4260, "CandidateId": "7bed2f27-cac7-4648-a121-c1b51df65b1f", "CandidateNo": 24, "FirstName": "เครือวัลย์", "LastName": "เพชรอินทร์", "PartyName": "มหาชน", "PartyNumber": 4, "Title": "นาง", "Votable": true, "province_id": 73, "province_name": "นครปฐม", "zone_number": 3, "PartyTerminated": false, "Age": 58, "Occupation": "ค้าขาย", "HighestEducation": "ต่ำกว่าปริญญาตรี", "ImageFileId": "5c5d2004fbcb5f0fd88540ac", "SelfIntroduceFileId": "5c5d2392fbcb5f0fd8855ba9", "PartyLogo": "https://storage.googleapis.com/candidate-thumbs/party/4.png", "CandididatePhoto": "https://storage.googleapis.com/candidate-thumbs/images/73-3-24.jpg"}, {"Unnamed: 0": 4261, "CandidateId": "dd57d796-2564-442d-8834-561d0d32a5fb", "CandidateNo": 25, "FirstName": "กฤศ", "LastName": "ศรีบุญรอด", "PartyName": "พลังสังคม", "PartyNumber": 198, "Title": "นาย", "Votable": true, "province_id": 73, "province_name": "นครปฐม", "zone_number": 3, "PartyTerminated": false, "Age": 41, "Occupation": "ธุรกิจส่วนตัว", "HighestEducation": "ปริญญาตรี", "ImageFileId": "5c5d287afbcb5f0fd8858225", "SelfIntroduceFileId": "5c5d2a85fbcb5f0fd88592a1", "PartyLogo": "https://storage.googleapis.com/candidate-thumbs/party/198.png", "CandididatePhoto": "https://storage.googleapis.com/candidate-thumbs/images/73-3-25.jpg"}, {"Unnamed: 0": 4262, "CandidateId": "42511147-54e5-4638-8767-960b43f0f49c", "CandidateNo": 26, "FirstName": "ชัยณรงค์", "LastName": "โตศรีพลับ", "PartyName": "ประชาไทย", "PartyNumber": 205, "Title": "นาย", "Votable": true, "province_id": 73, "province_name": "นครปฐม", "zone_number": 3, "PartyTerminated": false, "Age": 44, "Occupation": "ค้าขาย", "HighestEducation": "ปริญญาตรี", "ImageFileId": "5c5d3ea1fbcb5f0fd8863eb8", "SelfIntroduceFileId": "5c5d426bfbcb5f0fd8866802", "PartyLogo": "https://storage.googleapis.com/candidate-thumbs/party/205.png", "CandididatePhoto": "https://storage.googleapis.com/candidate-thumbs/images/73-3-26.jpg"}]