[{"Unnamed: 0": 10180, "CandidateId": "5219ed18-12f4-4e2d-b0ff-f2332e6f496c", "CandidateNo": 1, "FirstName": "สุทธิศักดิ์", "LastName": "แก้วดก", "PartyName": "ประชาภิวัฒน์", "PartyNumber": 172, "Title": "นาย", "Votable": true, "province_id": 30, "province_name": "นครราชสีมา", "zone_number": 13, "PartyTerminated": false, "Age": 51, "Occupation": "ธุรกิจส่วนตัว", "HighestEducation": "ปริญญาตรี", "ImageFileId": "5c590d5efbcb5f1d881473af", "SelfIntroduceFileId": "5c5921f6fbcb5f1d881544bd", "PartyLogo": "https://storage.googleapis.com/candidate-thumbs/party/172.png", "CandididatePhoto": "https://storage.googleapis.com/candidate-thumbs/images/30-13-1.jpg"}, {"Unnamed: 0": 10181, "CandidateId": "5b4d6821-337b-491e-ad6b-fa96cbfb4f84", "CandidateNo": 2, "FirstName": "สุเมธี", "LastName": "จันทสิทธิ์", "PartyName": "รักษ์ผืนป่าประเทศไทย", "PartyNumber": 133, "Title": "นาย", "Votable": true, "province_id": 30, "province_name": "นครราชสีมา", "zone_number": 13, "PartyTerminated": false, "Age": 49, "Occupation": "ค้าขาย", "HighestEducation": "ต่ำกว่าปริญญาตรี", "ImageFileId": "5c590f4dfbcb5f1d88148d1d", "SelfIntroduceFileId": "5c59379ffbcb5f1d88166853", "PartyLogo": "https://storage.googleapis.com/candidate-thumbs/party/133.png", "CandididatePhoto": "https://storage.googleapis.com/candidate-thumbs/images/30-13-2.jpg"}, {"Unnamed: 0": 10182, "CandidateId": "937bae8b-1236-427f-ac86-bac18236f4a9", "CandidateNo": 3, "FirstName": "สำเร็จ", "LastName": "วงศ์ศักดา", "PartyName": "ชาติพัฒนา", "PartyNumber": 45, "Title": "นาย", "Votable": true, "province_id": 30, "province_name": "นครราชสีมา", "zone_number": 13, "PartyTerminated": false, "Age": 60, "Occupation": "รับราชการตำแหน่ง ผอ.วิทยาลัยเทคนิคหลวงพ่อคูณปริสุทโธ", "HighestEducation": "ปริญญาเอก", "ImageFileId": "5c59026efbcb5f1d8813e24f", "SelfIntroduceFileId": "5c59391efbcb5f1d88167fca", "PartyLogo": "https://storage.googleapis.com/candidate-thumbs/party/45.png", "CandididatePhoto": "https://storage.googleapis.com/candidate-thumbs/images/30-13-3.jpg"}, {"Unnamed: 0": 10183, "CandidateId": "4463d920-51e5-49f4-a2bd-b46cca0fe718", "CandidateNo": 4, "FirstName": "ธีระศักดิ์", "LastName": "ศรีอภัย", "PartyName": "เพื่อนไทย", "PartyNumber": 179, "Title": "นาย", "Votable": false, "province_id": 30, "province_name": "นครราชสีมา", "zone_number": 13, "PartyTerminated": false, "Age": 62, "Occupation": "เกษตรกร", "HighestEducation": "ต่ำกว่าปริญญาตรี", "ImageFileId": "5c591095fbcb5f1d8814a2c6", "SelfIntroduceFileId": "5c594191fbcb5f1d8816f114", "PartyLogo": "https://storage.googleapis.com/candidate-thumbs/party/179.png", "CandididatePhoto": "https://storage.googleapis.com/candidate-thumbs/images/30-13-4.jpg"}, {"Unnamed: 0": 10184, "CandidateId": "8c2eb585-f480-4cf2-8433-65747afc4bb1", "CandidateNo": 5, "FirstName": "ธีระศักดิ์", "LastName": "เข็มมะลัง", "PartyName": "ประชานิยม", "PartyNumber": 191, "Title": "นาย", "Votable": true, "province_id": 30, "province_name": "นครราชสีมา", "zone_number": 13, "PartyTerminated": false, "Age": 29, "Occupation": "ธุรกิจส่วนตัว", "HighestEducation": "ปริญญาตรี", "ImageFileId": "5c591122fbcb5f1d8814a838", "SelfIntroduceFileId": "5c5947b9fbcb5f1d881748c1", "PartyLogo": "https://storage.googleapis.com/candidate-thumbs/party/191.png", "CandididatePhoto": "https://storage.googleapis.com/candidate-thumbs/images/30-13-5.jpg"}, {"Unnamed: 0": 10185, "CandidateId": "4dc4a9e5-447a-457d-acc0-e93d4e32264f", "CandidateNo": 6, "FirstName": "จิตติพร", "LastName": "พยัคฆชัยวรกุล", "PartyName": "ประชาชนปฏิรูป", "PartyNumber": 176, "Title": "นาง", "Votable": true, "province_id": 30, "province_name": "นครราชสีมา", "zone_number": 13, "PartyTerminated": false, "Age": 49, "Occupation": "เกษตรกร", "HighestEducation": "ต่ำกว่าปริญญาตรี", "ImageFileId": "5c591186fbcb5f1d8814b052", "SelfIntroduceFileId": "5c5948b6fbcb5f1d881754f0", "PartyLogo": "https://storage.googleapis.com/candidate-thumbs/party/176.png", "CandididatePhoto": "https://storage.googleapis.com/candidate-thumbs/images/30-13-6.jpg"}, {"Unnamed: 0": 10186, "CandidateId": "1a3842cf-93a7-4d6d-b8ea-d015a513c6a9", "CandidateNo": 7, "FirstName": "เฉลิม", "LastName": "เทียนขุนทด", "PartyName": "ประชาธิปัตย์", "PartyNumber": 1, "Title": "จ่าสิบตรี", "Votable": true, "province_id": 30, "province_name": "นครราชสีมา", "zone_number": 13, "PartyTerminated": false, "Age": 46, "Occupation": "ด้านปศุสัตว์และที่ปรึกษาทางกฎหมาย", "HighestEducation": "ปริญญาตรี", "ImageFileId": "5c59125efbcb5f1d8814baa6", "SelfIntroduceFileId": "5c5949a6fbcb5f1d8817625d", "PartyLogo": "https://storage.googleapis.com/candidate-thumbs/party/1.png", "CandididatePhoto": "https://storage.googleapis.com/candidate-thumbs/images/30-13-7.jpg"}, {"Unnamed: 0": 10187, "CandidateId": "ed71ca33-12c7-4171-8647-5816773e801b", "CandidateNo": 8, "FirstName": "รชตะ", "LastName": "ด่านกุล", "PartyName": "เพื่อไทย", "PartyNumber": 34, "Title": "นาย", "Votable": true, "province_id": 30, "province_name": "นครราชสีมา", "zone_number": 13, "PartyTerminated": false, "Age": 45, "Occupation": "นักการเมือง", "HighestEducation": "ปริญญาโท", "ImageFileId": "5c59130bfbcb5f1d8814c4b1", "SelfIntroduceFileId": "5c594a45fbcb5f1d8817693d", "PartyLogo": "https://storage.googleapis.com/candidate-thumbs/party/34.png", "CandididatePhoto": "https://storage.googleapis.com/candidate-thumbs/images/30-13-8.jpg"}, {"Unnamed: 0": 10188, "CandidateId": "b911ce92-afd2-42e7-b882-a20621d5d328", "CandidateNo": 9, "FirstName": "จำลอง", "LastName": "ครุฑขุนทด", "PartyName": "พลังประชารัฐ", "PartyNumber": 192, "Title": "นาย", "Votable": true, "province_id": 30, "province_name": "นครราชสีมา", "zone_number": 13, "PartyTerminated": false, "Age": 71, "Occupation": "ทนายความ", "HighestEducation": "ปริญญาตรี", "ImageFileId": "5c5914fefbcb5f1d8814dbd0", "SelfIntroduceFileId": "5c594bc5fbcb5f1d88177b98", "PartyLogo": "https://storage.googleapis.com/candidate-thumbs/party/192.png", "CandididatePhoto": "https://storage.googleapis.com/candidate-thumbs/images/30-13-9.jpg"}, {"Unnamed: 0": 10189, "CandidateId": "8f83fcd9-1ad3-455e-9fac-9ddf58d46189", "CandidateNo": 10, "FirstName": "ชาติ", "LastName": "พิทยาภักดี", "PartyName": "รวมพลังประชาชาติไทย", "PartyNumber": 181, "Title": "นาย", "Votable": true, "province_id": 30, "province_name": "นครราชสีมา", "zone_number": 13, "PartyTerminated": false, "Age": 68, "Occupation": "ข้าราชการบำนาญ", "HighestEducation": "ปริญญาโท", "ImageFileId": "5c591594fbcb5f1d8814e3c3", "SelfIntroduceFileId": "5c594c4dfbcb5f1d881782de", "PartyLogo": "https://storage.googleapis.com/candidate-thumbs/party/181.png", "CandididatePhoto": "https://storage.googleapis.com/candidate-thumbs/images/30-13-10.jpg"}, {"Unnamed: 0": 10190, "CandidateId": "e8b38698-7fd1-4bdf-b05b-5b0da7353452", "CandidateNo": 11, "FirstName": "วิสิทธิ์", "LastName": "พิทยาภรณ์", "PartyName": "ภูมิใจไทย", "PartyNumber": 63, "Title": "นาย", "Votable": true, "province_id": 30, "province_name": "นครราชสีมา", "zone_number": 13, "PartyTerminated": false, "Age": 63, "Occupation": "ทนายความ", "HighestEducation": "ปริญญาโท", "ImageFileId": "5c5916b2fbcb5f1d8814ed2e", "SelfIntroduceFileId": "5c594cfafbcb5f1d88178c87", "PartyLogo": "https://storage.googleapis.com/candidate-thumbs/party/63.png", "CandididatePhoto": "https://storage.googleapis.com/candidate-thumbs/images/30-13-11.jpg"}, {"Unnamed: 0": 10191, "CandidateId": "d752baf6-06db-4722-bcf0-cfbb3c3e5cce", "CandidateNo": 12, "FirstName": "ชาญชาย", "LastName": "ศรีจันทึก", "PartyName": "เสรีรวมไทย", "PartyNumber": 145, "Title": "นาย", "Votable": true, "province_id": 30, "province_name": "นครราชสีมา", "zone_number": 13, "PartyTerminated": false, "Age": 52, "Occupation": "ทนายความ", "HighestEducation": "ปริญญาตรี", "ImageFileId": "5c591721fbcb5f1d8814f0aa", "SelfIntroduceFileId": "5c594d86fbcb5f1d881792e0", "PartyLogo": "https://storage.googleapis.com/candidate-thumbs/party/145.png", "CandididatePhoto": "https://storage.googleapis.com/candidate-thumbs/images/30-13-12.jpg"}, {"Unnamed: 0": 10192, "CandidateId": "4f7081e0-6f2b-4a06-8c0e-3c75d784f5a1", "CandidateNo": 13, "FirstName": "วรพจน์", "LastName": "บุ่นจันทึก", "PartyName": "อนาคตใหม่", "PartyNumber": 177, "Title": "นาย", "Votable": true, "province_id": 30, "province_name": "นครราชสีมา", "zone_number": 13, "PartyTerminated": false, "Age": 34, "Occupation": "ธุรกิจส่วนตัว", "HighestEducation": "ปริญญาตรี", "ImageFileId": "5c591789fbcb5f1d8814f31d", "SelfIntroduceFileId": "5c594e70fbcb5f1d88179dbe", "PartyLogo": "https://storage.googleapis.com/candidate-thumbs/party/177.png", "CandididatePhoto": "https://storage.googleapis.com/candidate-thumbs/images/30-13-13.jpg"}, {"Unnamed: 0": 10193, "CandidateId": "fc1e7150-be63-4263-aa23-f9faa6b2d42e", "CandidateNo": 14, "FirstName": "บุญมี", "LastName": "ถนอมพลกรัง", "PartyName": "เพื่อชาติ", "PartyNumber": 149, "Title": "นาย", "Votable": true, "province_id": 30, "province_name": "นครราชสีมา", "zone_number": 13, "PartyTerminated": false, "Age": 54, "Occupation": "กำนัน", "HighestEducation": "ปริญญาตรี", "ImageFileId": "5c5917f2fbcb5f1d8814f70a", "SelfIntroduceFileId": "5c594f0efbcb5f1d8817a478", "PartyLogo": "https://storage.googleapis.com/candidate-thumbs/party/149.png", "CandididatePhoto": "https://storage.googleapis.com/candidate-thumbs/images/30-13-14.jpg"}, {"Unnamed: 0": 10194, "CandidateId": "154c01da-8204-428b-b2c9-90ea3d68d3fb", "CandidateNo": 15, "FirstName": "บันลือ", "LastName": "เขาโคกกรวด", "PartyName": "ประชาชาติ", "PartyNumber": 187, "Title": "จ่าสิบตำรวจ", "Votable": true, "province_id": 30, "province_name": "นครราชสีมา", "zone_number": 13, "PartyTerminated": false, "Age": 59, "Occupation": "ข้าราชการบำนาญ (ตำรวจ)", "HighestEducation": "ต่ำกว่าปริญญาตรี", "ImageFileId": "5c591869fbcb5f1d8814f966", "SelfIntroduceFileId": "5c594ffefbcb5f1d8817ae08", "PartyLogo": "https://storage.googleapis.com/candidate-thumbs/party/187.png", "CandididatePhoto": "https://storage.googleapis.com/candidate-thumbs/images/30-13-15.jpg"}, {"Unnamed: 0": 10195, "CandidateId": "85ad1fb3-f40d-49c8-b137-fc74a5a23883", "CandidateNo": 16, "FirstName": "จำลอง", "LastName": "บุญเอก", "PartyName": "เศรษฐกิจใหม่", "PartyNumber": 193, "Title": "นาย", "Votable": true, "province_id": 30, "province_name": "นครราชสีมา", "zone_number": 13, "PartyTerminated": false, "Age": 56, "Occupation": "เกษตรกร", "HighestEducation": "ต่ำกว่าปริญญาตรี", "ImageFileId": "5c5918c9fbcb5f1d8814fec6", "SelfIntroduceFileId": "5c5950e0fbcb5f1d8817bc3d", "PartyLogo": "https://storage.googleapis.com/candidate-thumbs/party/193.png", "CandididatePhoto": "https://storage.googleapis.com/candidate-thumbs/images/30-13-16.jpg"}, {"Unnamed: 0": 10196, "CandidateId": "8e18145d-903a-433e-aea7-ce0c2367fd68", "CandidateNo": 17, "FirstName": "สมชาย", "LastName": "ทองคำ", "PartyName": "พลังครูไทย", "PartyNumber": 210, "Title": "นาย", "Votable": false, "province_id": 30, "province_name": "นครราชสีมา", "zone_number": 13, "PartyTerminated": false, "Age": 71, "Occupation": "ข้าราชการบำนาญ", "HighestEducation": "ปริญญาตรี", "ImageFileId": "5c593407fbcb5f1d881635eb", "SelfIntroduceFileId": "5c59515dfbcb5f1d8817c4d9", "PartyLogo": "https://storage.googleapis.com/candidate-thumbs/party/210.png", "CandididatePhoto": "https://storage.googleapis.com/candidate-thumbs/images/30-13-17.jpg"}, {"Unnamed: 0": 10197, "CandidateId": "a5aed81f-6f86-4979-8930-88b6b28bcd0e", "CandidateNo": 18, "FirstName": "นพดล", "LastName": "ณ ราชสีมา", "PartyName": "พลังสังคม", "PartyNumber": 198, "Title": "นาย", "Votable": true, "province_id": 30, "province_name": "นครราชสีมา", "zone_number": 13, "PartyTerminated": false, "Age": 33, "Occupation": "เกษตรกร", "HighestEducation": "ปริญญาตรี", "ImageFileId": "5c5934c9fbcb5f1d88163fa4", "SelfIntroduceFileId": "5c5951fefbcb5f1d8817cab0", "PartyLogo": "https://storage.googleapis.com/candidate-thumbs/party/198.png", "CandididatePhoto": "https://storage.googleapis.com/candidate-thumbs/images/30-13-18.jpg"}, {"Unnamed: 0": 10198, "CandidateId": "72c4f180-b196-43af-a8e5-a3046b49691d", "CandidateNo": 19, "FirstName": "ก้องเกียรติ", "LastName": "สิงหกุมพล", "PartyName": "ภราดรภาพ", "PartyNumber": 154, "Title": "นาย", "Votable": true, "province_id": 30, "province_name": "นครราชสีมา", "zone_number": 13, "PartyTerminated": false, "Age": 49, "Occupation": "เกษตรกร", "HighestEducation": "ปริญญาโท", "ImageFileId": "5c59354afbcb5f1d8816464e", "SelfIntroduceFileId": "5c5952adfbcb5f1d8817d277", "PartyLogo": "https://storage.googleapis.com/candidate-thumbs/party/154.png", "CandididatePhoto": "https://storage.googleapis.com/candidate-thumbs/images/30-13-19.jpg"}, {"Unnamed: 0": 10199, "CandidateId": "c6552c83-dd57-4b05-8a66-ff93e090ab46", "CandidateNo": 20, "FirstName": "วุฒิเทพ", "LastName": "จันทรทีประ", "PartyName": "ไทยธรรม", "PartyNumber": 178, "Title": "นาย", "Votable": true, "province_id": 30, "province_name": "นครราชสีมา", "zone_number": 13, "PartyTerminated": false, "Age": 62, "Occupation": "นักธุรกิจ", "HighestEducation": "ปริญญาโท", "ImageFileId": "5c5a403afbcb5f19bca8a92e", "SelfIntroduceFileId": "5c5a48d1fbcb5f19bca8e445", "PartyLogo": "https://storage.googleapis.com/candidate-thumbs/party/178.png", "CandididatePhoto": "https://storage.googleapis.com/candidate-thumbs/images/30-13-20.jpg"}, {"Unnamed: 0": 10200, "CandidateId": "fbb03d4d-184e-4fa4-88fc-9cd74141875d", "CandidateNo": 21, "FirstName": "สมควร", "LastName": "ดวงจันทึก", "PartyName": "ไทยศรีวิไลย์", "PartyNumber": 180, "Title": "นาย", "Votable": true, "province_id": 30, "province_name": "นครราชสีมา", "zone_number": 13, "PartyTerminated": false, "Age": 46, "Occupation": "รับจ้าง", "HighestEducation": "ต่ำกว่าปริญญาตรี", "ImageFileId": "5c5a7469fbcb5f19bcaa1651", "SelfIntroduceFileId": "5c5a75d4fbcb5f19bcaa1efd", "PartyLogo": "https://storage.googleapis.com/candidate-thumbs/party/180.png", "CandididatePhoto": "https://storage.googleapis.com/candidate-thumbs/images/30-13-21.jpg"}, {"Unnamed: 0": 10201, "CandidateId": "59a99f99-245c-491f-8da9-ea2ad6110388", "CandidateNo": 22, "FirstName": "รังสรรค์", "LastName": "หาญณรงค์", "PartyName": "ประชากรไทย", "PartyNumber": 2, "Title": "ว่าที่ร้อยตรี", "Votable": true, "province_id": 30, "province_name": "นครราชสีมา", "zone_number": 13, "PartyTerminated": false, "Age": 32, "Occupation": "ทนายความ", "HighestEducation": "ปริญญาตรี", "ImageFileId": "5c5b9ec8fbcb5f16fc657667", "SelfIntroduceFileId": "5c5ba0b2fbcb5f16fc65857a", "PartyLogo": "https://storage.googleapis.com/candidate-thumbs/party/2.png", "CandididatePhoto": "https://storage.googleapis.com/candidate-thumbs/images/30-13-22.jpg"}, {"Unnamed: 0": 10202, "CandidateId": "b82ff4f5-06aa-408f-8cdb-84aed9a04f67", "CandidateNo": 23, "FirstName": "สุเทพ", "LastName": "แจ่มจันทร์", "PartyName": "พลเมืองไทย", "PartyNumber": 173, "Title": "นาย", "Votable": true, "province_id": 30, "province_name": "นครราชสีมา", "zone_number": 13, "PartyTerminated": false, "Age": 48, "Occupation": "สารวัตรกำนัน", "HighestEducation": "ปริญญาตรี", "ImageFileId": "5c5ba130fbcb5f16fc658a66", "SelfIntroduceFileId": "5c5ba28ffbcb5f16fc6594b3", "PartyLogo": "https://storage.googleapis.com/candidate-thumbs/party/173.png", "CandididatePhoto": "https://storage.googleapis.com/candidate-thumbs/images/30-13-23.jpg"}, {"Unnamed: 0": 10203, "CandidateId": "ee7956eb-a27e-4821-9c9c-ca892e06f60e", "CandidateNo": 24, "FirstName": "คนึงนิตย์", "LastName": "วัยสุวรรณ์", "PartyName": "พลังปวงชนไทย", "PartyNumber": 184, "Title": "นาง", "Votable": true, "province_id": 30, "province_name": "นครราชสีมา", "zone_number": 13, "PartyTerminated": false, "Age": 57, "Occupation": "ธุรกิจส่วนตัว", "HighestEducation": "ต่ำกว่าปริญญาตรี", "ImageFileId": "5c5ba2d6fbcb5f16fc659610", "SelfIntroduceFileId": "5c5ba455fbcb5f16fc659f61", "PartyLogo": "https://storage.googleapis.com/candidate-thumbs/party/184.png", "CandididatePhoto": "https://storage.googleapis.com/candidate-thumbs/images/30-13-24.jpg"}, {"Unnamed: 0": 10204, "CandidateId": "6ca218fb-6534-4e23-a4c1-0e89f094f8ce", "CandidateNo": 25, "FirstName": "อธิกะ", "LastName": "กายขุนทด", "PartyName": "พลังท้องถิ่นไท", "PartyNumber": 124, "Title": "นาย", "Votable": true, "province_id": 30, "province_name": "นครราชสีมา", "zone_number": 13, "PartyTerminated": false, "Age": 56, "Occupation": "ทนายความ", "HighestEducation": "ปริญญาตรี", "ImageFileId": "5c5ba4c1fbcb5f16fc65a1e7", "SelfIntroduceFileId": "5c5ba5d1fbcb5f16fc65a89b", "PartyLogo": "https://storage.googleapis.com/candidate-thumbs/party/124.png", "CandididatePhoto": "https://storage.googleapis.com/candidate-thumbs/images/30-13-25.jpg"}, {"Unnamed: 0": 10205, "CandidateId": "c1667433-1aa4-438c-90b5-29f96fb66484", "CandidateNo": 26, "FirstName": "กินรี", "LastName": "ดีขุนทด", "PartyName": "กรีน", "PartyNumber": 206, "Title": "นาง", "Votable": true, "province_id": 30, "province_name": "นครราชสีมา", "zone_number": 13, "PartyTerminated": false, "Age": 44, "Occupation": "เกษตรกร", "HighestEducation": "ต่ำกว่าปริญญาตรี", "ImageFileId": "5c5ba634fbcb5f16fc65ab5a", "SelfIntroduceFileId": "5c5ba83cfbcb5f16fc65bbab", "PartyLogo": "https://storage.googleapis.com/candidate-thumbs/party/206.png", "CandididatePhoto": "https://storage.googleapis.com/candidate-thumbs/images/30-13-26.jpg"}, {"Unnamed: 0": 10206, "CandidateId": "700fa5ce-c6ad-4a0b-8ec8-17dc1e9f0d34", "CandidateNo": 27, "FirstName": "สิวาลัย", "LastName": "ชาญขุนทด", "PartyName": "ประชาไทย", "PartyNumber": 205, "Title": "นาง", "Votable": true, "province_id": 30, "province_name": "นครราชสีมา", "zone_number": 13, "PartyTerminated": false, "Age": 48, "Occupation": "เกษตรกร", "HighestEducation": "ต่ำกว่าปริญญาตรี", "ImageFileId": "5c5be5fffbcb5f16fc676aac", "SelfIntroduceFileId": "5c5be7d6fbcb5f16fc677da4", "PartyLogo": "https://storage.googleapis.com/candidate-thumbs/party/205.png", "CandididatePhoto": "https://storage.googleapis.com/candidate-thumbs/images/30-13-27.jpg"}, {"Unnamed: 0": 10207, "CandidateId": "6976f3c6-d5b8-4148-96f1-01de9c3077cb", "CandidateNo": 28, "FirstName": "ขวัญฤทัย", "LastName": "ชัยปัญหา", "PartyName": "ครูไทยเพื่อประชาชน", "PartyNumber": 118, "Title": "นางสาว", "Votable": true, "province_id": 30, "province_name": "นครราชสีมา", "zone_number": 13, "PartyTerminated": false, "Age": 51, "Occupation": "รับจ้าง", "HighestEducation": "ต่ำกว่าปริญญาตรี", "ImageFileId": "5c5be827fbcb5f16fc677fbf", "SelfIntroduceFileId": "5c5be9f5fbcb5f16fc67900f", "PartyLogo": "https://storage.googleapis.com/candidate-thumbs/party/118.png", "CandididatePhoto": "https://storage.googleapis.com/candidate-thumbs/images/30-13-28.jpg"}, {"Unnamed: 0": 10208, "CandidateId": "361faaf8-67e1-4923-b239-65f4d0cea0c4", "CandidateNo": 29, "FirstName": "ภูมิพัฒน์", "LastName": "ธรรมเหนือเกล้า", "PartyName": "พลังไทสร้างชาติ", "PartyNumber": 200, "Title": "นาย", "Votable": false, "province_id": 30, "province_name": "นครราชสีมา", "zone_number": 13, "PartyTerminated": false, "Age": 57, "Occupation": "รับจ้าง", "HighestEducation": "ต่ำกว่าปริญญาตรี", "ImageFileId": "5c5bea55fbcb5f16fc679395", "SelfIntroduceFileId": "5c5bebc7fbcb5f16fc679ef5", "PartyLogo": "https://storage.googleapis.com/candidate-thumbs/party/200.png", "CandididatePhoto": "https://storage.googleapis.com/candidate-thumbs/images/30-13-29.jpg"}, {"Unnamed: 0": 10209, "CandidateId": "c465d2b7-0f6f-41a9-a72b-1e0462f7b2ee", "CandidateNo": 30, "FirstName": "ญาณวดี", "LastName": "ศรีธาตุ", "PartyName": "พลังชาติไทย", "PartyNumber": 186, "Title": "นาง", "Votable": true, "province_id": 30, "province_name": "นครราชสีมา", "zone_number": 13, "PartyTerminated": false, "Age": 64, "Occupation": "ธุรกิจส่วนตัว", "HighestEducation": "ต่ำกว่าปริญญาตรี", "ImageFileId": "5c5bec1efbcb5f16fc67a08e", "SelfIntroduceFileId": "5c5bed9bfbcb5f16fc67b159", "PartyLogo": "https://storage.googleapis.com/candidate-thumbs/party/186.png", "CandididatePhoto": "https://storage.googleapis.com/candidate-thumbs/images/30-13-30.jpg"}, {"Unnamed: 0": 10210, "CandidateId": "b5cfed28-d24a-4741-86ea-5c1275b91307", "CandidateNo": 31, "FirstName": "พันธกานต์", "LastName": "เหมราช", "PartyName": "ทางเลือกใหม่", "PartyNumber": 170, "Title": "นาย", "Votable": true, "province_id": 30, "province_name": "นครราชสีมา", "zone_number": 13, "PartyTerminated": false, "Age": 26, "Occupation": "ค้าขาย", "HighestEducation": "ต่ำกว่าปริญญาตรี", "ImageFileId": "5c5bf257fbcb5f16fc67db27", "SelfIntroduceFileId": "5c5bf4d9fbcb5f16fc67eeda", "PartyLogo": "https://storage.googleapis.com/candidate-thumbs/party/170.png", "CandididatePhoto": "https://storage.googleapis.com/candidate-thumbs/images/30-13-31.jpg"}, {"Unnamed: 0": 10211, "CandidateId": "1a186fae-b883-47d4-b52b-cdccb375b88d", "CandidateNo": 32, "FirstName": "สุวรรณ", "LastName": "แสงบัว", "PartyName": "ประชาธรรมไทย", "PartyNumber": 190, "Title": "นาง", "Votable": true, "province_id": 30, "province_name": "นครราชสีมา", "zone_number": 13, "PartyTerminated": false, "Age": 46, "Occupation": "เกษตรกร", "HighestEducation": "ต่ำกว่าปริญญาตรี", "ImageFileId": "5c5d1a4efbcb5f0fd88517ba", "SelfIntroduceFileId": "5c5d1bccfbcb5f0fd8852014", "PartyLogo": "https://storage.googleapis.com/candidate-thumbs/party/190.png", "CandididatePhoto": "https://storage.googleapis.com/candidate-thumbs/images/30-13-32.jpg"}, {"Unnamed: 0": 10212, "CandidateId": "45aa9b2d-2365-483f-8811-e2deb7ad0eb6", "CandidateNo": 33, "FirstName": "กิตติมาศักดิ์", "LastName": "โลหณุต", "PartyName": "ชาติไทยพัฒนา", "PartyNumber": 55, "Title": "นาย", "Votable": true, "province_id": 30, "province_name": "นครราชสีมา", "zone_number": 13, "PartyTerminated": false, "Age": 60, "Occupation": "ทนายความ", "HighestEducation": "ปริญญาตรี", "ImageFileId": "5c5d33fafbcb5f0fd885e299", "SelfIntroduceFileId": "5c5d3147fbcb5f0fd885cc05", "PartyLogo": "https://storage.googleapis.com/candidate-thumbs/party/55.png", "CandididatePhoto": "https://storage.googleapis.com/candidate-thumbs/images/30-13-33.jpg"}, {"Unnamed: 0": 10213, "CandidateId": "390f9158-e369-4df7-b0a5-e7eb92f66d6f", "CandidateNo": 34, "FirstName": "มังกร", "LastName": "ทรัพย์ปราการ", "PartyName": "ผึ้งหลวง", "PartyNumber": 164, "Title": "นาย", "Votable": true, "province_id": 30, "province_name": "นครราชสีมา", "zone_number": 13, "PartyTerminated": false, "Age": 30, "Occupation": "พนักงานบริษัท", "HighestEducation": "ปริญญาตรี", "ImageFileId": "5c5d4e02fbcb5f0fd886e6ab", "SelfIntroduceFileId": "5c5d4fc0fbcb5f0fd886f8e2", "PartyLogo": "https://storage.googleapis.com/candidate-thumbs/party/164.png", "CandididatePhoto": "https://storage.googleapis.com/candidate-thumbs/images/30-13-34.jpg"}, {"Unnamed: 0": 10214, "CandidateId": "a5a835ad-7ddd-44f8-a58e-421b8b7c6928", "CandidateNo": 35, "FirstName": "วาสนา", "LastName": "นาชัยเพชร", "PartyName": "ไทรักธรรม", "PartyNumber": 144, "Title": "นาง", "Votable": true, "province_id": 30, "province_name": "นครราชสีมา", "zone_number": 13, "PartyTerminated": false, "Age": 52, "Occupation": "ค้าขาย", "HighestEducation": "ต่ำกว่าปริญญาตรี", "ImageFileId": "5c5d521afbcb5f0fd8870fd2", "SelfIntroduceFileId": "5c5d53c1fbcb5f0fd887267a", "PartyLogo": "https://storage.googleapis.com/candidate-thumbs/party/144.png", "CandididatePhoto": "https://storage.googleapis.com/candidate-thumbs/images/30-13-35.jpg"}]