[{"Unnamed: 0": 9779, "CandidateId": "e97f89c6-384e-4b79-af05-faa7f74aa3d9", "CandidateNo": 1, "FirstName": "ประดิษฐ์", "LastName": "ทองจุ่น", "PartyName": "พลังธรรมใหม่", "PartyNumber": 175, "Title": "นาย", "Votable": false, "province_id": 30, "province_name": "นครราชสีมา", "zone_number": 2, "PartyTerminated": false, "Age": 61, "Occupation": "ข้าราชการบำนาญ", "HighestEducation": "ปริญญาโท", "ImageFileId": "5c57f031fbcb5f1eec0ea3dd", "SelfIntroduceFileId": "5c5a5af1fbcb5f19bca981de", "PartyLogo": "https://storage.googleapis.com/candidate-thumbs/party/175.png", "CandididatePhoto": "https://storage.googleapis.com/candidate-thumbs/images/30-2-1.jpg"}, {"Unnamed: 0": 9780, "CandidateId": "bc024012-c205-47a4-a52a-4c7d7e57975a", "CandidateNo": 2, "FirstName": "จำเนียร", "LastName": "จันทร์โพธิ์", "PartyName": "เพื่อนไทย", "PartyNumber": 179, "Title": "นาย", "Votable": false, "province_id": 30, "province_name": "นครราชสีมา", "zone_number": 2, "PartyTerminated": false, "Age": 67, "Occupation": "นายกองค์การบริหารส่วนตำบลบ้านโพธิ์", "HighestEducation": "ต่ำกว่าปริญญาตรี", "ImageFileId": "5c57f2f8fbcb5f1eec0ebe7a", "SelfIntroduceFileId": "5c5a5f0efbcb5f19bca9a9ab", "PartyLogo": "https://storage.googleapis.com/candidate-thumbs/party/179.png", "CandididatePhoto": "https://storage.googleapis.com/candidate-thumbs/images/30-2-2.jpg"}, {"Unnamed: 0": 9781, "CandidateId": "b03c54d9-08db-4b72-9f81-96b745b6d649", "CandidateNo": 3, "FirstName": "พัลลภ", "LastName": "เสนาดี", "PartyName": "อนาคตใหม่", "PartyNumber": 177, "Title": "นาย", "Votable": true, "province_id": 30, "province_name": "นครราชสีมา", "zone_number": 2, "PartyTerminated": false, "Age": 44, "Occupation": "ธุรกิจส่วนตัวและค้าขาย", "HighestEducation": "ปริญญาตรี", "ImageFileId": "5c57f18efbcb5f1eec0eb07c", "SelfIntroduceFileId": "5c5a61c6fbcb5f19bca9bbd3", "PartyLogo": "https://storage.googleapis.com/candidate-thumbs/party/177.png", "CandididatePhoto": "https://storage.googleapis.com/candidate-thumbs/images/30-2-3.jpg"}, {"Unnamed: 0": 9782, "CandidateId": "0046add3-ff38-40da-8d5c-6d8405c022f6", "CandidateNo": 4, "FirstName": "จามร", "LastName": "คงกระพันธ์", "PartyName": "เศรษฐกิจใหม่", "PartyNumber": 193, "Title": "นาย", "Votable": false, "province_id": 30, "province_name": "นครราชสีมา", "zone_number": 2, "PartyTerminated": false, "Age": 69, "Occupation": "ผู้บริหารท้องถิ่น", "HighestEducation": "ต่ำกว่าปริญญาตรี", "ImageFileId": "5c57f374fbcb5f1eec0ec32a", "SelfIntroduceFileId": "5c5a68e8fbcb5f19bca9eefe", "PartyLogo": "https://storage.googleapis.com/candidate-thumbs/party/193.png", "CandididatePhoto": "https://storage.googleapis.com/candidate-thumbs/images/30-2-4.jpg"}, {"Unnamed: 0": 9783, "CandidateId": "1e9bc3c2-20f9-43d5-ab22-5bb7ed7cff34", "CandidateNo": 5, "FirstName": "ณัฐธยาน์", "LastName": "พิพิทฐานนท์", "PartyName": "ประชาธิปัตย์", "PartyNumber": 1, "Title": "นาง", "Votable": true, "province_id": 30, "province_name": "นครราชสีมา", "zone_number": 2, "PartyTerminated": false, "Age": 57, "Occupation": "ธุรกิจส่วนตัว", "HighestEducation": "ปริญญาตรี", "ImageFileId": "5c57f458fbcb5f1eec0ecc44", "SelfIntroduceFileId": "5c5a6debfbcb5f19bcaa0006", "PartyLogo": "https://storage.googleapis.com/candidate-thumbs/party/1.png", "CandididatePhoto": "https://storage.googleapis.com/candidate-thumbs/images/30-2-5.jpg"}, {"Unnamed: 0": 9784, "CandidateId": "988cb421-30c5-47ff-b219-a82ebe0d501b", "CandidateNo": 6, "FirstName": "สมชัย", "LastName": "ปล้องพุดซา", "PartyName": "ประชาชาติ", "PartyNumber": 187, "Title": "นาย", "Votable": true, "province_id": 30, "province_name": "นครราชสีมา", "zone_number": 2, "PartyTerminated": false, "Age": 50, "Occupation": "ค้าขาย", "HighestEducation": "ปริญญาตรี", "ImageFileId": "5c57f4cbfbcb5f1eec0ed0de", "SelfIntroduceFileId": "5c5a549dfbcb5f19bca9506a", "PartyLogo": "https://storage.googleapis.com/candidate-thumbs/party/187.png", "CandididatePhoto": "https://storage.googleapis.com/candidate-thumbs/images/30-2-6.jpg"}, {"Unnamed: 0": 9785, "CandidateId": "687f09ec-ce4a-43a4-b879-ac4fa0ff6b49", "CandidateNo": 7, "FirstName": "สุธรรม", "LastName": "พรสันเทียะ", "PartyName": "เพื่อไทย", "PartyNumber": 34, "Title": "นาย", "Votable": true, "province_id": 30, "province_name": "นครราชสีมา", "zone_number": 2, "PartyTerminated": false, "Age": 38, "Occupation": "รับจ้าง", "HighestEducation": "ปริญญาตรี", "ImageFileId": "5c57f53bfbcb5f1eec0ed53d", "SelfIntroduceFileId": "5c5a5178fbcb5f19bca93356", "PartyLogo": "https://storage.googleapis.com/candidate-thumbs/party/34.png", "CandididatePhoto": "https://storage.googleapis.com/candidate-thumbs/images/30-2-7.jpg"}, {"Unnamed: 0": 9786, "CandidateId": "50e41d72-842f-4b9b-a3f6-0d61dd6e3523", "CandidateNo": 8, "FirstName": "ลบพาล", "LastName": "ธีระบุตร", "PartyName": "ภูมิใจไทย", "PartyNumber": 63, "Title": "นาย", "Votable": true, "province_id": 30, "province_name": "นครราชสีมา", "zone_number": 2, "PartyTerminated": false, "Age": 52, "Occupation": "นักธุรกิจ(ธุรกิจส่วนตัว)", "HighestEducation": "ปริญญาโท", "ImageFileId": "5c57f737fbcb5f1eec0eeac0", "SelfIntroduceFileId": "5c5a4e6afbcb5f19bca91517", "PartyLogo": "https://storage.googleapis.com/candidate-thumbs/party/63.png", "CandididatePhoto": "https://storage.googleapis.com/candidate-thumbs/images/30-2-8.jpg"}, {"Unnamed: 0": 9787, "CandidateId": "a5435585-43ad-462e-83b8-e5d2ad98d0b1", "CandidateNo": 9, "FirstName": "ประพิศ", "LastName": "นวมโคกสูง", "PartyName": "พลังประชารัฐ", "PartyNumber": 192, "Title": "นาย", "Votable": true, "province_id": 30, "province_name": "นครราชสีมา", "zone_number": 2, "PartyTerminated": false, "Age": 66, "Occupation": "ข้าราชการบำนาญ(ครู)", "HighestEducation": "ปริญญาโท", "ImageFileId": "5c57f977fbcb5f1eec0efee8", "SelfIntroduceFileId": "5c5a4aecfbcb5f19bca8f6a1", "PartyLogo": "https://storage.googleapis.com/candidate-thumbs/party/192.png", "CandididatePhoto": "https://storage.googleapis.com/candidate-thumbs/images/30-2-9.jpg"}, {"Unnamed: 0": 9788, "CandidateId": "e630b896-d490-4a43-90ed-7fc3235ce1b6", "CandidateNo": 10, "FirstName": "บุญชรัสมิ์", "LastName": "ทินราช", "PartyName": "เพื่อชาติ", "PartyNumber": 149, "Title": "นาย", "Votable": true, "province_id": 30, "province_name": "นครราชสีมา", "zone_number": 2, "PartyTerminated": false, "Age": 35, "Occupation": "เกษตรกร", "HighestEducation": "ปริญญาตรี", "ImageFileId": "5c57fb9bfbcb5f1eec0f1d7a", "SelfIntroduceFileId": "5c5a48dbfbcb5f19bca8e4cb", "PartyLogo": "https://storage.googleapis.com/candidate-thumbs/party/149.png", "CandididatePhoto": "https://storage.googleapis.com/candidate-thumbs/images/30-2-10.jpg"}, {"Unnamed: 0": 9789, "CandidateId": "53136f34-b487-4db0-a990-7e468276c550", "CandidateNo": 11, "FirstName": "นันทวัฒน์", "LastName": "กมลวัทน์", "PartyName": "เสรีรวมไทย", "PartyNumber": 145, "Title": "นาย", "Votable": true, "province_id": 30, "province_name": "นครราชสีมา", "zone_number": 2, "PartyTerminated": false, "Age": 37, "Occupation": "ค้าขาย", "HighestEducation": "ปริญญาโท", "ImageFileId": "5c58016ffbcb5f1eec0f6e6d", "SelfIntroduceFileId": "5c5a45a6fbcb5f19bca8cb46", "PartyLogo": "https://storage.googleapis.com/candidate-thumbs/party/145.png", "CandididatePhoto": "https://storage.googleapis.com/candidate-thumbs/images/30-2-11.jpg"}, {"Unnamed: 0": 9790, "CandidateId": "27687d81-ca78-4e3a-8667-cc4d98d7f893", "CandidateNo": 12, "FirstName": "อนันต์", "LastName": "มนต์สันเทียะ", "PartyName": "ประชานิยม", "PartyNumber": 191, "Title": "ร้อยตำรวจเอก", "Votable": true, "province_id": 30, "province_name": "นครราชสีมา", "zone_number": 2, "PartyTerminated": false, "Age": 61, "Occupation": "รับราชการตำรวจ", "HighestEducation": "ปริญญาโท", "ImageFileId": "5c580317fbcb5f1eec0f8a50", "SelfIntroduceFileId": "5c5a420dfbcb5f19bca8b670", "PartyLogo": "https://storage.googleapis.com/candidate-thumbs/party/191.png", "CandididatePhoto": "https://storage.googleapis.com/candidate-thumbs/images/30-2-12.jpg"}, {"Unnamed: 0": 9791, "CandidateId": "07f45dd5-ee61-483c-ba73-dc0ad9dbfc8f", "CandidateNo": 13, "FirstName": "ศักดิ์ฤทธิ์", "LastName": "ปักษา", "PartyName": "ไทยธรรม", "PartyNumber": 178, "Title": "นาย", "Votable": true, "province_id": 30, "province_name": "นครราชสีมา", "zone_number": 2, "PartyTerminated": false, "Age": 53, "Occupation": "เกษตรกร", "HighestEducation": "ต่ำกว่าปริญญาตรี", "ImageFileId": "5c5804bffbcb5f1eec0fa11d", "SelfIntroduceFileId": "5c5a3f00fbcb5f19bca8a1b0", "PartyLogo": "https://storage.googleapis.com/candidate-thumbs/party/178.png", "CandididatePhoto": "https://storage.googleapis.com/candidate-thumbs/images/30-2-13.jpg"}, {"Unnamed: 0": 9792, "CandidateId": "12e0fb53-6456-4f07-85b9-49a25edb56ae", "CandidateNo": 14, "FirstName": "ลัดทา", "LastName": "ชนะภัย", "PartyName": "รวมพลังประชาชาติไทย", "PartyNumber": 181, "Title": "นาย", "Votable": true, "province_id": 30, "province_name": "นครราชสีมา", "zone_number": 2, "PartyTerminated": false, "Age": 64, "Occupation": "รับราชการครู", "HighestEducation": "ปริญญาโท", "ImageFileId": "5c58064afbcb5f1eec0fb63e", "SelfIntroduceFileId": "5c5a3904fbcb5f19bca88383", "PartyLogo": "https://storage.googleapis.com/candidate-thumbs/party/181.png", "CandididatePhoto": "https://storage.googleapis.com/candidate-thumbs/images/30-2-14.jpg"}, {"Unnamed: 0": 9793, "CandidateId": "039a290d-e67d-440c-b4af-14fa9caa6c8d", "CandidateNo": 15, "FirstName": "ไตรรัตน์", "LastName": "ปะหูปะปา", "PartyName": "ประชาภิวัฒน์", "PartyNumber": 172, "Title": "นาย", "Votable": true, "province_id": 30, "province_name": "นครราชสีมา", "zone_number": 2, "PartyTerminated": false, "Age": 46, "Occupation": "ธุรกิจประกันชีวิต", "HighestEducation": "ปริญญาตรี", "ImageFileId": "5c5807b5fbcb5f1eec0fcbae", "SelfIntroduceFileId": "5c595a29fbcb5f1d88180c8a", "PartyLogo": "https://storage.googleapis.com/candidate-thumbs/party/172.png", "CandididatePhoto": "https://storage.googleapis.com/candidate-thumbs/images/30-2-15.jpg"}, {"Unnamed: 0": 9794, "CandidateId": "5b0cf9b1-40a7-4a9d-b9be-f09b2bbc77eb", "CandidateNo": 16, "FirstName": "ประจักษ์", "LastName": "ประเมศรี", "PartyName": "ประชาชนปฏิรูป", "PartyNumber": 176, "Title": "พลตรี", "Votable": true, "province_id": 30, "province_name": "นครราชสีมา", "zone_number": 2, "PartyTerminated": false, "Age": 62, "Occupation": "รับราชการทหาร", "HighestEducation": "ปริญญาตรี", "ImageFileId": "5c580951fbcb5f1eec0fde21", "SelfIntroduceFileId": "5c595508fbcb5f1d8817e9cc", "PartyLogo": "https://storage.googleapis.com/candidate-thumbs/party/176.png", "CandididatePhoto": "https://storage.googleapis.com/candidate-thumbs/images/30-2-16.jpg"}, {"Unnamed: 0": 9795, "CandidateId": "891dcae9-dd6c-42f5-9a00-52d280303f09", "CandidateNo": 17, "FirstName": "นิทรา", "LastName": "จารุธำรง", "PartyName": "รวมใจไทย", "PartyNumber": 174, "Title": "นาง", "Votable": true, "province_id": 30, "province_name": "นครราชสีมา", "zone_number": 2, "PartyTerminated": false, "Age": 43, "Occupation": "ค้าขาย", "HighestEducation": "ต่ำกว่าปริญญาตรี", "ImageFileId": "5c580ad5fbcb5f1eec0ff00b", "SelfIntroduceFileId": "5c595204fbcb5f1d8817cb2e", "PartyLogo": "https://storage.googleapis.com/candidate-thumbs/party/174.png", "CandididatePhoto": "https://storage.googleapis.com/candidate-thumbs/images/30-2-17.jpg"}, {"Unnamed: 0": 9796, "CandidateId": "05bea895-5f5f-4346-8db5-6990f8c0d042", "CandidateNo": 18, "FirstName": "วัชรพล", "LastName": "โตมรศักดิ์", "PartyName": "ชาติพัฒนา", "PartyNumber": 45, "Title": "นาย", "Votable": true, "province_id": 30, "province_name": "นครราชสีมา", "zone_number": 2, "PartyTerminated": false, "Age": 56, "Occupation": "ธุรกิจส่วนตัว", "HighestEducation": "ปริญญาโท", "ImageFileId": "5c580c0ffbcb5f1eec0ffee0", "SelfIntroduceFileId": "5c59469ffbcb5f1d881736d8", "PartyLogo": "https://storage.googleapis.com/candidate-thumbs/party/45.png", "CandididatePhoto": "https://storage.googleapis.com/candidate-thumbs/images/30-2-18.jpg"}, {"Unnamed: 0": 9797, "CandidateId": "39dd0006-c6ab-4bd5-9f9a-a18b66a397d8", "CandidateNo": 19, "FirstName": "อารยา", "LastName": "รุจิวรรณ์", "PartyName": "รักษ์ผืนป่าประเทศไทย", "PartyNumber": 133, "Title": "นางสาว", "Votable": true, "province_id": 30, "province_name": "นครราชสีมา", "zone_number": 2, "PartyTerminated": false, "Age": 38, "Occupation": "ธุรกิจส่วนตัว", "HighestEducation": "ปริญญาตรี", "ImageFileId": "5c580d73fbcb5f1eec100ed6", "SelfIntroduceFileId": "5c5941d0fbcb5f1d8816f4e8", "PartyLogo": "https://storage.googleapis.com/candidate-thumbs/party/133.png", "CandididatePhoto": "https://storage.googleapis.com/candidate-thumbs/images/30-2-19.jpg"}, {"Unnamed: 0": 9798, "CandidateId": "46df7b68-2713-4172-86a9-130666b60fea", "CandidateNo": 20, "FirstName": "สาทิพย์", "LastName": "ผิวผักแว่น", "PartyName": "เพื่อแผ่นดิน", "PartyNumber": 41, "Title": "นาย", "Votable": false, "province_id": 30, "province_name": "นครราชสีมา", "zone_number": 2, "PartyTerminated": false, "Age": 53, "Occupation": "พนักงานประจำท่ารถแอร์ ป.2 สาย 21", "HighestEducation": "ต่ำกว่าปริญญาตรี", "ImageFileId": "5c58f3dffbcb5f1d88134402", "SelfIntroduceFileId": "5c593beffbcb5f1d8816a3ae", "PartyLogo": "https://storage.googleapis.com/candidate-thumbs/party/41.png", "CandididatePhoto": "https://storage.googleapis.com/candidate-thumbs/images/30-2-20.jpg"}, {"Unnamed: 0": 9799, "CandidateId": "f6c36554-ba0c-4b94-895c-f5335350a88c", "CandidateNo": 21, "FirstName": "วาสนา", "LastName": "แต้มพุดซา", "PartyName": "พลังท้องถิ่นไท", "PartyNumber": 124, "Title": "นาย", "Votable": true, "province_id": 30, "province_name": "นครราชสีมา", "zone_number": 2, "PartyTerminated": false, "Age": 49, "Occupation": "รับจ้าง", "HighestEducation": "ปริญญาตรี", "ImageFileId": "5c5a7df9fbcb5f19bcaa51a6", "SelfIntroduceFileId": "5c593e3dfbcb5f1d8816c293", "PartyLogo": "https://storage.googleapis.com/candidate-thumbs/party/124.png", "CandididatePhoto": "https://storage.googleapis.com/candidate-thumbs/images/30-2-21.jpg"}, {"Unnamed: 0": 9800, "CandidateId": "e28eb3f6-4133-4f83-af07-ddf96b2d463f", "CandidateNo": 22, "FirstName": "สันติ", "LastName": "วงษาเกษ", "PartyName": "ประชาธิปไตยใหม่", "PartyNumber": 109, "Title": "นาย", "Votable": true, "province_id": 30, "province_name": "นครราชสีมา", "zone_number": 2, "PartyTerminated": false, "Age": 45, "Occupation": "รับจ้างทั่วไป", "HighestEducation": "ปริญญาตรี", "ImageFileId": "5c594b19fbcb5f1d8817759e", "SelfIntroduceFileId": "5c594ceafbcb5f1d88178aad", "PartyLogo": "https://storage.googleapis.com/candidate-thumbs/party/109.png", "CandididatePhoto": "https://storage.googleapis.com/candidate-thumbs/images/30-2-22.jpg"}, {"Unnamed: 0": 9801, "CandidateId": "a11f7ce7-45cc-4086-9c1f-d5593434a73f", "CandidateNo": 23, "FirstName": "เรวัตร์", "LastName": "ดุลย์ขุนทด", "PartyName": "กรีน", "PartyNumber": 206, "Title": "นาย", "Votable": true, "province_id": 30, "province_name": "นครราชสีมา", "zone_number": 2, "PartyTerminated": false, "Age": 28, "Occupation": "เกษตร", "HighestEducation": "ต่ำกว่าปริญญาตรี", "ImageFileId": "5c5a96affbcb5f19bcab0956", "SelfIntroduceFileId": "5c5cd66ffbcb5f16fc688345", "PartyLogo": "https://storage.googleapis.com/candidate-thumbs/party/206.png", "CandididatePhoto": "https://storage.googleapis.com/candidate-thumbs/images/30-2-23.jpg"}, {"Unnamed: 0": 9802, "CandidateId": "aa226ac7-4774-4239-903f-a71e59011db8", "CandidateNo": 24, "FirstName": "พิมพ์นิภา", "LastName": "ปานเจริญศักดิ์", "PartyName": "ประชาไทย", "PartyNumber": 205, "Title": "นาง", "Votable": true, "province_id": 30, "province_name": "นครราชสีมา", "zone_number": 2, "PartyTerminated": false, "Age": 53, "Occupation": "ธุรกิจส่วนตัว", "HighestEducation": "ปริญญาตรี", "ImageFileId": "5c5bb4c8fbcb5f16fc662305", "SelfIntroduceFileId": "5c5bb713fbcb5f16fc6632d0", "PartyLogo": "https://storage.googleapis.com/candidate-thumbs/party/205.png", "CandididatePhoto": "https://storage.googleapis.com/candidate-thumbs/images/30-2-24.jpg"}, {"Unnamed: 0": 9803, "CandidateId": "1b6f5b48-96c9-4fb1-84eb-3d2b98ab273d", "CandidateNo": 25, "FirstName": "คีรีบูน", "LastName": "เจริญผล", "PartyName": "พลังไทสร้างชาติ", "PartyNumber": 200, "Title": "นาย", "Votable": true, "province_id": 30, "province_name": "นครราชสีมา", "zone_number": 2, "PartyTerminated": false, "Age": 48, "Occupation": "รับจ้างทั่วไป", "HighestEducation": "ต่ำกว่าปริญญาตรี", "ImageFileId": "5c5bd82dfbcb5f16fc66f9ea", "SelfIntroduceFileId": "5c5bd996fbcb5f16fc670521", "PartyLogo": "https://storage.googleapis.com/candidate-thumbs/party/200.png", "CandididatePhoto": "https://storage.googleapis.com/candidate-thumbs/images/30-2-25.jpg"}, {"Unnamed: 0": 9804, "CandidateId": "bacb15c4-3fb4-46d8-9c78-3d3debb9ac05", "CandidateNo": 26, "FirstName": "รุ่งโรจน์", "LastName": "วรชมพู", "PartyName": "ชาติไทยพัฒนา", "PartyNumber": 55, "Title": "นาย", "Votable": true, "province_id": 30, "province_name": "นครราชสีมา", "zone_number": 2, "PartyTerminated": false, "Age": 56, "Occupation": "รับราชการ", "HighestEducation": "ปริญญาโท", "ImageFileId": "5c5be325fbcb5f16fc675561", "SelfIntroduceFileId": "5c5be5e6fbcb5f16fc6769ec", "PartyLogo": "https://storage.googleapis.com/candidate-thumbs/party/55.png", "CandididatePhoto": "https://storage.googleapis.com/candidate-thumbs/images/30-2-26.jpg"}, {"Unnamed: 0": 9805, "CandidateId": "a4a26508-3a71-4009-82fc-b9f0dde5b703", "CandidateNo": 27, "FirstName": "ดวงนภา", "LastName": "จันทร์ลิ้ม", "PartyName": "ครูไทยเพื่อประชาชน", "PartyNumber": 118, "Title": "นาง", "Votable": true, "province_id": 30, "province_name": "นครราชสีมา", "zone_number": 2, "PartyTerminated": false, "Age": 43, "Occupation": "รับจ้าง", "HighestEducation": "ต่ำกว่าปริญญาตรี", "ImageFileId": "5c5be826fbcb5f16fc677fbb", "SelfIntroduceFileId": "5c5be9b9fbcb5f16fc678df2", "PartyLogo": "https://storage.googleapis.com/candidate-thumbs/party/118.png", "CandididatePhoto": "https://storage.googleapis.com/candidate-thumbs/images/30-2-27.jpg"}, {"Unnamed: 0": 9806, "CandidateId": "b6926f1f-fda8-4ce3-8fd5-f0c0f943dfe1", "CandidateNo": 28, "FirstName": "ดวงใจ", "LastName": "ทรงจอหอ", "PartyName": "พลังชาติไทย", "PartyNumber": 186, "Title": "นางสาว", "Votable": true, "province_id": 30, "province_name": "นครราชสีมา", "zone_number": 2, "PartyTerminated": false, "Age": 39, "Occupation": "ธุรกิจส่วนตัว", "HighestEducation": "ต่ำกว่าปริญญาตรี", "ImageFileId": "5c5bea28fbcb5f16fc679189", "SelfIntroduceFileId": "5c5bec3ffbcb5f16fc67a2b6", "PartyLogo": "https://storage.googleapis.com/candidate-thumbs/party/186.png", "CandididatePhoto": "https://storage.googleapis.com/candidate-thumbs/images/30-2-28.jpg"}, {"Unnamed: 0": 9807, "CandidateId": "9641f50b-9884-43f6-9836-ec7d4d48809a", "CandidateNo": 29, "FirstName": "รุ่งทิวา", "LastName": "สกุลศรี", "PartyName": "พลังไทยรักไทย", "PartyNumber": 185, "Title": "นาง", "Votable": true, "province_id": 30, "province_name": "นครราชสีมา", "zone_number": 2, "PartyTerminated": false, "Age": 64, "Occupation": "ผู้จัดการสหกรณ์การเกษตรเมืิองนครราชสีมาจำกัด", "HighestEducation": "ปริญญาตรี", "ImageFileId": "5c5d2485fbcb5f0fd88560fe", "SelfIntroduceFileId": "5c5d3b17fbcb5f0fd8861ae7", "PartyLogo": "https://storage.googleapis.com/candidate-thumbs/party/185.png", "CandididatePhoto": "https://storage.googleapis.com/candidate-thumbs/images/30-2-29.jpg"}, {"Unnamed: 0": 9808, "CandidateId": "76df5df8-ce4c-4781-8fd3-542f0f81cc64", "CandidateNo": 30, "FirstName": "นิตยา", "LastName": "จันทร์กลาง", "PartyName": "ไทยศรีวิไลย์", "PartyNumber": 180, "Title": "นางสาว", "Votable": true, "province_id": 30, "province_name": "นครราชสีมา", "zone_number": 2, "PartyTerminated": false, "Age": 39, "Occupation": "รับจ้างทั่วไป", "HighestEducation": "ต่ำกว่าปริญญาตรี", "ImageFileId": "5c5d3b79fbcb5f0fd8861e3a", "SelfIntroduceFileId": "5c5d3d44fbcb5f0fd8862f73", "PartyLogo": "https://storage.googleapis.com/candidate-thumbs/party/180.png", "CandididatePhoto": "https://storage.googleapis.com/candidate-thumbs/images/30-2-30.jpg"}, {"Unnamed: 0": 9809, "CandidateId": "29f15849-adb9-452a-8e8d-4d4b215f3a8f", "CandidateNo": 31, "FirstName": "เสนอ", "LastName": "จอมเกาะ", "PartyName": "พลังแผ่นดินทอง", "PartyNumber": 202, "Title": "นาย", "Votable": true, "province_id": 30, "province_name": "นครราชสีมา", "zone_number": 2, "PartyTerminated": false, "Age": 65, "Occupation": "ข้าราชการครู", "HighestEducation": "ปริญญาตรี", "ImageFileId": "5c5d48a9fbcb5f0fd886a9cc", "SelfIntroduceFileId": "5c5d4b51fbcb5f0fd886caca", "PartyLogo": "https://storage.googleapis.com/candidate-thumbs/party/202.png", "CandididatePhoto": "https://storage.googleapis.com/candidate-thumbs/images/30-2-31.jpg"}, {"Unnamed: 0": 9810, "CandidateId": "4539605d-1bba-43d3-b946-ae89570d870e", "CandidateNo": 32, "FirstName": "สุรสิทธิ์", "LastName": "สุวรรณภา", "PartyName": "แทนคุณแผ่นดิน", "PartyNumber": 53, "Title": "ร้อยโท", "Votable": false, "province_id": 30, "province_name": "นครราชสีมา", "zone_number": 2, "PartyTerminated": false, "Age": 65, "Occupation": "ข้าราชการบำนาญ", "HighestEducation": "ต่ำกว่าปริญญาตรี", "ImageFileId": "5c5d568efbcb5f0fd8874eb3", "SelfIntroduceFileId": "5c5d5a7bfbcb5f0fd8877d34", "PartyLogo": "https://storage.googleapis.com/candidate-thumbs/party/53.png", "CandididatePhoto": "https://storage.googleapis.com/candidate-thumbs/images/30-2-32.jpg"}, {"Unnamed: 0": 9811, "CandidateId": "b61578f8-acea-40de-9bbf-300abe15a4d6", "CandidateNo": 33, "FirstName": "เทียน", "LastName": "ลับไธสง", "PartyName": "มหาชน", "PartyNumber": 4, "Title": "นาย", "Votable": false, "province_id": 30, "province_name": "นครราชสีมา", "zone_number": 2, "PartyTerminated": false, "Age": 51, "Occupation": "ทำนา", "HighestEducation": "ต่ำกว่าปริญญาตรี", "ImageFileId": "5c5d57a9fbcb5f0fd8875c34", "SelfIntroduceFileId": "5c5d85aafbcb5f0fd88830ad", "PartyLogo": "https://storage.googleapis.com/candidate-thumbs/party/4.png", "CandididatePhoto": "https://storage.googleapis.com/candidate-thumbs/images/30-2-33.jpg"}, {"Unnamed: 0": 9812, "CandidateId": "b1c2322b-deca-405a-b31b-c08da8c5f508", "CandidateNo": 34, "FirstName": "สุทัศน์", "LastName": "เลิศกิ่ง", "PartyName": "พลังประชาธิปไตย", "PartyNumber": 153, "Title": "นาย", "Votable": true, "province_id": 30, "province_name": "นครราชสีมา", "zone_number": 2, "PartyTerminated": false, "Age": 64, "Occupation": "สมาชิกองค์การบริหารส่วนจังหวัดนครราชสีมา", "HighestEducation": "ต่ำกว่าปริญญาตรี", "ImageFileId": "5c5d582bfbcb5f0fd88762fd", "SelfIntroduceFileId": "5c5d87d0fbcb5f0fd8883270", "PartyLogo": "https://storage.googleapis.com/candidate-thumbs/party/153.png", "CandididatePhoto": "https://storage.googleapis.com/candidate-thumbs/images/30-2-34.jpg"}, {"Unnamed: 0": 9813, "CandidateId": "deb6193b-db17-42bd-89b1-6f2e9c2b5637", "CandidateNo": 35, "FirstName": "อโณทัย", "LastName": "พินิจไชย", "PartyName": "ความหวังใหม่", "PartyNumber": 13, "Title": "นาย", "Votable": true, "province_id": 30, "province_name": "นครราชสีมา", "zone_number": 2, "PartyTerminated": false, "Age": 46, "Occupation": "วิศวกรโยธา", "HighestEducation": "ปริญญาตรี", "ImageFileId": "5c5d5894fbcb5f0fd8876777", "SelfIntroduceFileId": "5c5d8a3efbcb5f0fd8883432", "PartyLogo": "https://storage.googleapis.com/candidate-thumbs/party/13.png", "CandididatePhoto": "https://storage.googleapis.com/candidate-thumbs/images/30-2-35.jpg"}, {"Unnamed: 0": 9814, "CandidateId": "33c086eb-3367-4f42-94e5-5b7d0c7b25a1", "CandidateNo": 36, "FirstName": "วรเทพ", "LastName": "กระจ่างโพธิ์", "PartyName": "พลังศรัทธา", "PartyNumber": 201, "Title": "นาย", "Votable": true, "province_id": 30, "province_name": "นครราชสีมา", "zone_number": 2, "PartyTerminated": false, "Age": 56, "Occupation": "ธุรกิจส่วนตัว", "HighestEducation": "ต่ำกว่าปริญญาตรี", "ImageFileId": "5c5d58f9fbcb5f0fd8876d4c", "SelfIntroduceFileId": "5c5d8bd8fbcb5f0fd8883553", "PartyLogo": "https://storage.googleapis.com/candidate-thumbs/party/201.png", "CandididatePhoto": "https://storage.googleapis.com/candidate-thumbs/images/30-2-36.jpg"}, {"Unnamed: 0": 9815, "CandidateId": "439c9bec-f922-45ab-8de4-a277a43a1f1c", "CandidateNo": 37, "FirstName": "รุจิภาส", "LastName": "รักษาเขต", "PartyName": "ไทรักธรรม", "PartyNumber": 144, "Title": "นางสาว", "Votable": true, "province_id": 30, "province_name": "นครราชสีมา", "zone_number": 2, "PartyTerminated": false, "Age": 41, "Occupation": "ธุรกิจส่วนตัว", "HighestEducation": "ต่ำกว่าปริญญาตรี", "ImageFileId": "5c5d5963fbcb5f0fd88771b2", "SelfIntroduceFileId": "5c5d909ffbcb5f0fd88837ce", "PartyLogo": "https://storage.googleapis.com/candidate-thumbs/party/144.png", "CandididatePhoto": "https://storage.googleapis.com/candidate-thumbs/images/30-2-37.jpg"}]