[{"Unnamed: 0": 7471, "CandidateId": "65983efb-8fd5-4fd5-b0b7-a3ad2d1aec64", "CandidateNo": 1, "FirstName": "นิติศาสตร์", "LastName": "ทองสมัคร", "PartyName": "ชาติไทยพัฒนา", "PartyNumber": 55, "Title": "นาย", "Votable": true, "province_id": 80, "province_name": "นครศรีธรรมราช", "zone_number": 7, "PartyTerminated": false, "Age": 43, "Occupation": "สมาชิกสภาเทศบาลพรหมโลก", "HighestEducation": "ปริญญาตรี", "ImageFileId": "5c57e079fbcb5f1eec0e2043", "SelfIntroduceFileId": "5c57ed97fbcb5f1eec0e8a91", "PartyLogo": "https://storage.googleapis.com/candidate-thumbs/party/55.png", "CandididatePhoto": "https://storage.googleapis.com/candidate-thumbs/images/80-7-1.jpg"}, {"Unnamed: 0": 7472, "CandidateId": "fb8ee981-457d-495f-b19e-926a36d2d035", "CandidateNo": 2, "FirstName": "สายัณห์", "LastName": "ยุติธรรม", "PartyName": "พลังประชารัฐ", "PartyNumber": 192, "Title": "นาย", "Votable": true, "province_id": 80, "province_name": "นครศรีธรรมราช", "zone_number": 7, "PartyTerminated": false, "Age": 53, "Occupation": "เกษตรกร", "HighestEducation": "ปริญญาโท", "ImageFileId": "5c57f150fbcb5f1eec0eadff", "SelfIntroduceFileId": "5c5a8b81fbcb5f19bcaabc1f", "PartyLogo": "https://storage.googleapis.com/candidate-thumbs/party/192.png", "CandididatePhoto": "https://storage.googleapis.com/candidate-thumbs/images/80-7-2.jpg"}, {"Unnamed: 0": 7473, "CandidateId": "a900c90c-dbb3-42e5-adb6-94eda0e13c47", "CandidateNo": 3, "FirstName": "วัชระ", "LastName": "ถาวรพราหมณ์", "PartyName": "พลังท้องถิ่นไท", "PartyNumber": 124, "Title": "นาย", "Votable": true, "province_id": 80, "province_name": "นครศรีธรรมราช", "zone_number": 7, "PartyTerminated": false, "Age": 47, "Occupation": "สมาชิกสภาองค์การบริหารส่วนจังหวัดนครศรีธรรมราช", "HighestEducation": "ปริญญาตรี", "ImageFileId": "5c57f74cfbcb5f1eec0eeb7f", "SelfIntroduceFileId": "5c57f8a6fbcb5f1eec0ef83d", "PartyLogo": "https://storage.googleapis.com/candidate-thumbs/party/124.png", "CandididatePhoto": "https://storage.googleapis.com/candidate-thumbs/images/80-7-3.jpg"}, {"Unnamed: 0": 7474, "CandidateId": "60223fdd-66f2-4e49-90c2-5c4ce99ba1a1", "CandidateNo": 4, "FirstName": "ไพรี", "LastName": "สมแสง", "PartyName": "ประชานิยม", "PartyNumber": 191, "Title": "นาย", "Votable": true, "province_id": 80, "province_name": "นครศรีธรรมราช", "zone_number": 7, "PartyTerminated": false, "Age": 56, "Occupation": "ขับรถตู้รับจ้าง", "HighestEducation": "ต่ำกว่าปริญญาตรี", "ImageFileId": "5c57fcaafbcb5f1eec0f2d8f", "SelfIntroduceFileId": "5c5820e2fbcb5f1eec109d31", "PartyLogo": "https://storage.googleapis.com/candidate-thumbs/party/191.png", "CandididatePhoto": "https://storage.googleapis.com/candidate-thumbs/images/80-7-4.jpg"}, {"Unnamed: 0": 7475, "CandidateId": "499418c4-133d-4fe8-a1fe-7cab49bc686a", "CandidateNo": 5, "FirstName": "สมนึก", "LastName": "พราหมณ์นาค", "PartyName": "คลองไทย", "PartyNumber": 189, "Title": "นาย", "Votable": true, "province_id": 80, "province_name": "นครศรีธรรมราช", "zone_number": 7, "PartyTerminated": false, "Age": 61, "Occupation": "รับราชการ", "HighestEducation": "ปริญญาโท", "ImageFileId": "5c580b50fbcb5f1eec0ff614", "SelfIntroduceFileId": "5c5901f3fbcb5f1d8813dbaf", "PartyLogo": "https://storage.googleapis.com/candidate-thumbs/party/189.png", "CandididatePhoto": "https://storage.googleapis.com/candidate-thumbs/images/80-7-5.jpg"}, {"Unnamed: 0": 7476, "CandidateId": "cc3d8388-794e-4d91-9649-626cdc224f1a", "CandidateNo": 6, "FirstName": "ธนา", "LastName": "รุ่งนิรันดรกุล", "PartyName": "เพื่อชาติ", "PartyNumber": 149, "Title": "นาย", "Votable": true, "province_id": 80, "province_name": "นครศรีธรรมราช", "zone_number": 7, "PartyTerminated": false, "Age": 53, "Occupation": "ไม่ระบุ", "HighestEducation": "ปริญญาตรี", "ImageFileId": "5c580b78fbcb5f1eec0ff856", "SelfIntroduceFileId": "5c59041efbcb5f1d8813f43e", "PartyLogo": "https://storage.googleapis.com/candidate-thumbs/party/149.png", "CandididatePhoto": "https://storage.googleapis.com/candidate-thumbs/images/80-7-6.jpg"}, {"Unnamed: 0": 7477, "CandidateId": "1d87a940-c7d8-4c05-a281-7dbf597a91d8", "CandidateNo": 7, "FirstName": "ปราณี", "LastName": "บุรินสุวรรณ", "PartyName": "รักษ์ผืนป่าประเทศไทย", "PartyNumber": 133, "Title": "นาง", "Votable": true, "province_id": 80, "province_name": "นครศรีธรรมราช", "zone_number": 7, "PartyTerminated": false, "Age": 50, "Occupation": "แม่บ้าน", "HighestEducation": "ต่ำกว่าปริญญาตรี", "ImageFileId": "5c580bbffbcb5f1eec0ffba5", "SelfIntroduceFileId": "5c5905f4fbcb5f1d88140ab4", "PartyLogo": "https://storage.googleapis.com/candidate-thumbs/party/133.png", "CandididatePhoto": "https://storage.googleapis.com/candidate-thumbs/images/80-7-7.jpg"}, {"Unnamed: 0": 7478, "CandidateId": "2abb9e4b-7427-43fa-87ab-06ac4bdc1427", "CandidateNo": 8, "FirstName": "สุเทพ", "LastName": "หนูรอด", "PartyName": "ภูมิใจไทย", "PartyNumber": 63, "Title": "นาย", "Votable": true, "province_id": 80, "province_name": "นครศรีธรรมราช", "zone_number": 7, "PartyTerminated": false, "Age": 46, "Occupation": "ปลัดองค์การบริหารส่วนตำบล", "HighestEducation": "ปริญญาโท", "ImageFileId": "5c580c12fbcb5f1eec0fff05", "SelfIntroduceFileId": "5c5a99a3fbcb5f19bcab1b8f", "PartyLogo": "https://storage.googleapis.com/candidate-thumbs/party/63.png", "CandididatePhoto": "https://storage.googleapis.com/candidate-thumbs/images/80-7-8.jpg"}, {"Unnamed: 0": 7479, "CandidateId": "f320c7c6-a145-4d52-a077-15947d64f439", "CandidateNo": 9, "FirstName": "ปราโมทย์", "LastName": "มะหมัด", "PartyName": "ไทยรักษาชาติ", "PartyNumber": 77, "Title": "นาย", "Votable": true, "province_id": 80, "province_name": "นครศรีธรรมราช", "zone_number": 7, "PartyTerminated": true, "Age": 66, "Occupation": "ค้าขาย", "HighestEducation": "ต่ำกว่าปริญญาตรี", "ImageFileId": "5c580cadfbcb5f1eec100632", "SelfIntroduceFileId": "5c590db5fbcb5f1d881478ab", "PartyLogo": "https://storage.googleapis.com/candidate-thumbs/party/77.png", "CandididatePhoto": "https://storage.googleapis.com/candidate-thumbs/images/80-7-9.jpg"}, {"Unnamed: 0": 7480, "CandidateId": "f6ebd6d8-391b-4923-a873-055a289b3c23", "CandidateNo": 10, "FirstName": "สมเกียรติ", "LastName": "พิทักษ์", "PartyName": "ประชาธิปไตยใหม่", "PartyNumber": 109, "Title": "นาย", "Votable": true, "province_id": 80, "province_name": "นครศรีธรรมราช", "zone_number": 7, "PartyTerminated": false, "Age": 52, "Occupation": "เกษตรกร", "HighestEducation": "ต่ำกว่าปริญญาตรี", "ImageFileId": "5c580cd8fbcb5f1eec10082c", "SelfIntroduceFileId": "5c59106dfbcb5f1d8814a02b", "PartyLogo": "https://storage.googleapis.com/candidate-thumbs/party/109.png", "CandididatePhoto": "https://storage.googleapis.com/candidate-thumbs/images/80-7-10.jpg"}, {"Unnamed: 0": 7481, "CandidateId": "5574c157-bf59-4975-b73a-ca756e44b4bd", "CandidateNo": 11, "FirstName": "พชร", "LastName": "สงประเสริฐ", "PartyName": "เสรีรวมไทย", "PartyNumber": 145, "Title": "นาย", "Votable": true, "province_id": 80, "province_name": "นครศรีธรรมราช", "zone_number": 7, "PartyTerminated": false, "Age": 53, "Occupation": "เกษตรกร", "HighestEducation": "ปริญญาตรี", "ImageFileId": "5c580d0dfbcb5f1eec1009ff", "SelfIntroduceFileId": "5c591244fbcb5f1d8814b998", "PartyLogo": "https://storage.googleapis.com/candidate-thumbs/party/145.png", "CandididatePhoto": "https://storage.googleapis.com/candidate-thumbs/images/80-7-11.jpg"}, {"Unnamed: 0": 7482, "CandidateId": "a1a67576-9abc-4667-9a68-0ccbd149f1fd", "CandidateNo": 12, "FirstName": "สำราญ", "LastName": "เวทยาวงศ์", "PartyName": "กรีน", "PartyNumber": 206, "Title": "นาย", "Votable": true, "province_id": 80, "province_name": "นครศรีธรรมราช", "zone_number": 7, "PartyTerminated": false, "Age": 49, "Occupation": "เกษตรกร", "HighestEducation": "ต่ำกว่าปริญญาตรี", "ImageFileId": "5c580d57fbcb5f1eec100d1c", "SelfIntroduceFileId": "5c5916dffbcb5f1d8814ef59", "PartyLogo": "https://storage.googleapis.com/candidate-thumbs/party/206.png", "CandididatePhoto": "https://storage.googleapis.com/candidate-thumbs/images/80-7-12.jpg"}, {"Unnamed: 0": 7483, "CandidateId": "2fafdad4-0ad3-4c4d-ab5f-9e8db4dc9145", "CandidateNo": 13, "FirstName": "ชัยณรงค์", "LastName": "คงย่อง", "PartyName": "อนาคตใหม่", "PartyNumber": 177, "Title": "นาย", "Votable": true, "province_id": 80, "province_name": "นครศรีธรรมราช", "zone_number": 7, "PartyTerminated": false, "Age": 39, "Occupation": "ธุรกิจส่วนตัว", "HighestEducation": "ปริญญาตรี", "ImageFileId": "5c580d78fbcb5f1eec100f04", "SelfIntroduceFileId": "5c591777fbcb5f1d8814f240", "PartyLogo": "https://storage.googleapis.com/candidate-thumbs/party/177.png", "CandididatePhoto": "https://storage.googleapis.com/candidate-thumbs/images/80-7-13.jpg"}, {"Unnamed: 0": 7484, "CandidateId": "8a38dc6e-0ff5-42d3-9c03-437a7d532ff8", "CandidateNo": 14, "FirstName": "ธนาภรณ์", "LastName": "อ่อนภักดี", "PartyName": "พลังธรรมใหม่", "PartyNumber": 175, "Title": "นาง", "Votable": true, "province_id": 80, "province_name": "นครศรีธรรมราช", "zone_number": 7, "PartyTerminated": false, "Age": 55, "Occupation": "ธุรกิจ", "HighestEducation": "ปริญญาตรี", "ImageFileId": "5c580db8fbcb5f1eec10123e", "SelfIntroduceFileId": "5c59195efbcb5f1d881503a4", "PartyLogo": "https://storage.googleapis.com/candidate-thumbs/party/175.png", "CandididatePhoto": "https://storage.googleapis.com/candidate-thumbs/images/80-7-14.jpg"}, {"Unnamed: 0": 7485, "CandidateId": "31a4bdd1-f69d-4905-95f0-fc1b4f6732b5", "CandidateNo": 15, "FirstName": "อรรจน์", "LastName": "สุวรรณนุรักษ์", "PartyName": "รวมพลังประชาชาติไทย", "PartyNumber": 181, "Title": "นาย", "Votable": true, "province_id": 80, "province_name": "นครศรีธรรมราช", "zone_number": 7, "PartyTerminated": false, "Age": 52, "Occupation": "ธุรกิจส่วนตัว", "HighestEducation": "ปริญญาโท", "ImageFileId": "5c580ddefbcb5f1eec1013be", "SelfIntroduceFileId": "5c591fbffbcb5f1d881530a3", "PartyLogo": "https://storage.googleapis.com/candidate-thumbs/party/181.png", "CandididatePhoto": "https://storage.googleapis.com/candidate-thumbs/images/80-7-15.jpg"}, {"Unnamed: 0": 7486, "CandidateId": "5370ead9-51c5-4bab-8c4b-7b5e9f85e129", "CandidateNo": 16, "FirstName": "สมพงค์", "LastName": "มากชุม", "PartyName": "ประชาธรรมไทย", "PartyNumber": 190, "Title": "นาย", "Votable": true, "province_id": 80, "province_name": "นครศรีธรรมราช", "zone_number": 7, "PartyTerminated": false, "Age": 44, "Occupation": "ธุรกิจส่วนตัว", "HighestEducation": "ปริญญาตรี", "ImageFileId": "5c580dfdfbcb5f1eec101547", "SelfIntroduceFileId": "5c59497bfbcb5f1d88175ff6", "PartyLogo": "https://storage.googleapis.com/candidate-thumbs/party/190.png", "CandididatePhoto": "https://storage.googleapis.com/candidate-thumbs/images/80-7-16.jpg"}, {"Unnamed: 0": 7487, "CandidateId": "26ff3da7-1fd3-42b6-b315-5c00c38ba4fd", "CandidateNo": 17, "FirstName": "สุรเชษฐ์", "LastName": "มาศดิตถ์", "PartyName": "ประชาธิปัตย์", "PartyNumber": 1, "Title": "นาย", "Votable": true, "province_id": 80, "province_name": "นครศรีธรรมราช", "zone_number": 7, "PartyTerminated": false, "Age": 70, "Occupation": "นักการเมือง", "HighestEducation": "ปริญญาโท", "ImageFileId": "5c580e3ffbcb5f1eec1017d5", "SelfIntroduceFileId": "5c594a95fbcb5f1d88176dbe", "PartyLogo": "https://storage.googleapis.com/candidate-thumbs/party/1.png", "CandididatePhoto": "https://storage.googleapis.com/candidate-thumbs/images/80-7-17.jpg"}, {"Unnamed: 0": 7488, "CandidateId": "d0e8264e-dc09-45cf-a1ea-f084bbccad2f", "CandidateNo": 18, "FirstName": "ราเชน", "LastName": "หัตถประดิษฐ", "PartyName": "ประชาภิวัฒน์", "PartyNumber": 172, "Title": "นาย", "Votable": true, "province_id": 80, "province_name": "นครศรีธรรมราช", "zone_number": 7, "PartyTerminated": false, "Age": 46, "Occupation": "ธุรกิจส่วนตัว", "HighestEducation": "ต่ำกว่าปริญญาตรี", "ImageFileId": "5c580e64fbcb5f1eec101a45", "SelfIntroduceFileId": "5c594e08fbcb5f1d88179962", "PartyLogo": "https://storage.googleapis.com/candidate-thumbs/party/172.png", "CandididatePhoto": "https://storage.googleapis.com/candidate-thumbs/images/80-7-18.jpg"}, {"Unnamed: 0": 7489, "CandidateId": "34b2b9bb-760d-4517-8cc6-7459a64bb22d", "CandidateNo": 19, "FirstName": "พิเชษฐ์", "LastName": "ดารากัย", "PartyName": "ประชาชาติ", "PartyNumber": 187, "Title": "นาย", "Votable": true, "province_id": 80, "province_name": "นครศรีธรรมราช", "zone_number": 7, "PartyTerminated": false, "Age": 44, "Occupation": "ผู้บริหารโรงเรียนเอกชน", "HighestEducation": "ปริญญาโท", "ImageFileId": "5c580e8ffbcb5f1eec101c8b", "SelfIntroduceFileId": "5c594ef0fbcb5f1d8817a3b6", "PartyLogo": "https://storage.googleapis.com/candidate-thumbs/party/187.png", "CandididatePhoto": "https://storage.googleapis.com/candidate-thumbs/images/80-7-19.jpg"}, {"Unnamed: 0": 7490, "CandidateId": "d878e824-cd7b-451f-bbf6-c414475f9ead", "CandidateNo": 20, "FirstName": "เสริมศักดิ์", "LastName": "จโนภาส", "PartyName": "เพื่อธรรม", "PartyNumber": 98, "Title": "นาย", "Votable": true, "province_id": 80, "province_name": "นครศรีธรรมราช", "zone_number": 7, "PartyTerminated": false, "Age": 65, "Occupation": "ผู้จัดการการไฟฟ้าส่วนภูมิภาคสาขาตำบลจันดี", "HighestEducation": "ปริญญาตรี", "ImageFileId": "5c580eb5fbcb5f1eec101d94", "SelfIntroduceFileId": "5c59514afbcb5f1d8817c3fa", "PartyLogo": "https://storage.googleapis.com/candidate-thumbs/party/98.png", "CandididatePhoto": "https://storage.googleapis.com/candidate-thumbs/images/80-7-20.jpg"}, {"Unnamed: 0": 7491, "CandidateId": "728e779d-6f19-479d-b718-d39ddcb10713", "CandidateNo": 21, "FirstName": "วิเชียร", "LastName": "สุขพันธุ์", "PartyName": "ชาติพัฒนา", "PartyNumber": 45, "Title": "นาย", "Votable": true, "province_id": 80, "province_name": "นครศรีธรรมราช", "zone_number": 7, "PartyTerminated": false, "Age": 43, "Occupation": "ทนายความ", "HighestEducation": "ปริญญาตรี", "ImageFileId": "5c580ee1fbcb5f1eec10202f", "SelfIntroduceFileId": "5c5951d6fbcb5f1d8817c9e3", "PartyLogo": "https://storage.googleapis.com/candidate-thumbs/party/45.png", "CandididatePhoto": "https://storage.googleapis.com/candidate-thumbs/images/80-7-21.jpg"}, {"Unnamed: 0": 7492, "CandidateId": "05360643-15d9-4f40-b6f1-58bf78c973c5", "CandidateNo": 22, "FirstName": "สมบูรณ์", "LastName": "หัตถประดิษฐ์", "PartyName": "เพื่อแผ่นดิน", "PartyNumber": 41, "Title": "นาย", "Votable": true, "province_id": 80, "province_name": "นครศรีธรรมราช", "zone_number": 7, "PartyTerminated": false, "Age": 50, "Occupation": "รับจ้าง", "HighestEducation": "ต่ำกว่าปริญญาตรี", "ImageFileId": "5c580f1cfbcb5f1eec1023f6", "SelfIntroduceFileId": "5c59526bfbcb5f1d8817cf38", "PartyLogo": "https://storage.googleapis.com/candidate-thumbs/party/41.png", "CandididatePhoto": "https://storage.googleapis.com/candidate-thumbs/images/80-7-22.jpg"}, {"Unnamed: 0": 7493, "CandidateId": "70c0e9eb-dd5e-48d7-a44b-0a60b9adea06", "CandidateNo": 23, "FirstName": "ไพศาล", "LastName": "รอบคอบ", "PartyName": "ประชาชนปฏิรูป", "PartyNumber": 176, "Title": "นาย", "Votable": true, "province_id": 80, "province_name": "นครศรีธรรมราช", "zone_number": 7, "PartyTerminated": false, "Age": 60, "Occupation": "กรรมกร", "HighestEducation": "ต่ำกว่าปริญญาตรี", "ImageFileId": "5c593dd9fbcb5f1d8816bcee", "SelfIntroduceFileId": "5c5952cafbcb5f1d8817d489", "PartyLogo": "https://storage.googleapis.com/candidate-thumbs/party/176.png", "CandididatePhoto": "https://storage.googleapis.com/candidate-thumbs/images/80-7-23.jpg"}, {"Unnamed: 0": 7494, "CandidateId": "59b8319b-9b83-4d0b-affe-379ed2c08a66", "CandidateNo": 24, "FirstName": "ณัฐพงศ์", "LastName": "วราภรณ์", "PartyName": "แผ่นดินธรรม", "PartyNumber": 188, "Title": "นาย", "Votable": true, "province_id": 80, "province_name": "นครศรีธรรมราช", "zone_number": 7, "PartyTerminated": false, "Age": 54, "Occupation": "ธุรกิจส่วนตัว", "HighestEducation": "ปริญญาตรี", "ImageFileId": "5c5a7e8bfbcb5f19bcaa5764", "SelfIntroduceFileId": "5c5a7e5efbcb5f19bcaa55ab", "PartyLogo": "https://storage.googleapis.com/candidate-thumbs/party/188.png", "CandididatePhoto": "https://storage.googleapis.com/candidate-thumbs/images/80-7-24.jpg"}, {"Unnamed: 0": 7495, "CandidateId": "69fe3f60-af48-4623-b179-3446f70c4aee", "CandidateNo": 25, "FirstName": "สุจินต์", "LastName": "พิมเสน", "PartyName": "ครูไทยเพื่อประชาชน", "PartyNumber": 118, "Title": "นาย", "Votable": true, "province_id": 80, "province_name": "นครศรีธรรมราช", "zone_number": 7, "PartyTerminated": false, "Age": 68, "Occupation": "ข้าราชการบำนาญ", "HighestEducation": "ปริญญาโท", "ImageFileId": "5c5d294afbcb5f0fd8858975", "SelfIntroduceFileId": "5c5b95ecfbcb5f16fc6545eb", "PartyLogo": "https://storage.googleapis.com/candidate-thumbs/party/118.png", "CandididatePhoto": "https://storage.googleapis.com/candidate-thumbs/images/80-7-25.jpg"}, {"Unnamed: 0": 7496, "CandidateId": "f755c5c1-3997-49dd-b71d-09c72b039f5c", "CandidateNo": 26, "FirstName": "บาว", "LastName": "จิตร์นารี", "PartyName": "พลังไทสร้างชาติ", "PartyNumber": 200, "Title": "นาย", "Votable": true, "province_id": 80, "province_name": "นครศรีธรรมราช", "zone_number": 7, "PartyTerminated": false, "Age": 49, "Occupation": "ธุรกิจส่วนตัว", "HighestEducation": "ต่ำกว่าปริญญาตรี", "ImageFileId": "5c5b9f80fbcb5f16fc657ba5", "SelfIntroduceFileId": "5c5b9fe9fbcb5f16fc657f63", "PartyLogo": "https://storage.googleapis.com/candidate-thumbs/party/200.png", "CandididatePhoto": "https://storage.googleapis.com/candidate-thumbs/images/80-7-26.jpg"}, {"Unnamed: 0": 7497, "CandidateId": "a8d1cdbe-051b-4fe0-a4d2-c7f14daee91f", "CandidateNo": 27, "FirstName": "ภัทรานิษฐ์", "LastName": "เจริญธรรม", "PartyName": "กลาง", "PartyNumber": 203, "Title": "นางสาว", "Votable": true, "province_id": 80, "province_name": "นครศรีธรรมราช", "zone_number": 7, "PartyTerminated": false, "Age": 47, "Occupation": "ธุรกิจส่วนตัว", "HighestEducation": "ปริญญาโท", "ImageFileId": "5c5ba6fdfbcb5f16fc65b159", "SelfIntroduceFileId": "5c5ba7ebfbcb5f16fc65b936", "PartyLogo": "https://storage.googleapis.com/candidate-thumbs/party/203.png", "CandididatePhoto": "https://storage.googleapis.com/candidate-thumbs/images/80-7-27.jpg"}, {"Unnamed: 0": 7498, "CandidateId": "3796f8e7-2252-4c57-a1d9-31bda3826bb1", "CandidateNo": 28, "FirstName": "จำรัส", "LastName": "ยีสา", "PartyName": "พลังไทยรักไทย", "PartyNumber": 185, "Title": "นาย", "Votable": true, "province_id": 80, "province_name": "นครศรีธรรมราช", "zone_number": 7, "PartyTerminated": false, "Age": 54, "Occupation": "รับงานศิลปะและออกแบบ", "HighestEducation": "ต่ำกว่าปริญญาตรี", "ImageFileId": "5c5bd79ffbcb5f16fc66f5d2", "SelfIntroduceFileId": "5c5bd816fbcb5f16fc66f903", "PartyLogo": "https://storage.googleapis.com/candidate-thumbs/party/185.png", "CandididatePhoto": "https://storage.googleapis.com/candidate-thumbs/images/80-7-28.jpg"}, {"Unnamed: 0": 7499, "CandidateId": "7e4e35cb-b490-446a-a372-906665b62f8b", "CandidateNo": 29, "FirstName": "กิติ์ดนัย", "LastName": "ไชยนุรัตน์", "PartyName": "ทางเลือกใหม่", "PartyNumber": 170, "Title": "นาย", "Votable": true, "province_id": 80, "province_name": "นครศรีธรรมราช", "zone_number": 7, "PartyTerminated": false, "Age": 35, "Occupation": "สื่อมวลชน", "HighestEducation": "ปริญญาตรี", "ImageFileId": "5c5bf900fbcb5f16fc680731", "SelfIntroduceFileId": "5c5bf9c8fbcb5f16fc680a68", "PartyLogo": "https://storage.googleapis.com/candidate-thumbs/party/170.png", "CandididatePhoto": "https://storage.googleapis.com/candidate-thumbs/images/80-7-29.jpg"}, {"Unnamed: 0": 7500, "CandidateId": "ef49bf16-c71d-4a8a-a175-8c960ef75e84", "CandidateNo": 30, "FirstName": "นพชัย", "LastName": "เปี่ยมทรัพย์", "PartyName": "มหาชน", "PartyNumber": 4, "Title": "นาย", "Votable": false, "province_id": 80, "province_name": "นครศรีธรรมราช", "zone_number": 7, "PartyTerminated": false, "Age": 33, "Occupation": "ธุรกิจส่วนตัว", "HighestEducation": "ต่ำกว่าปริญญาตรี", "ImageFileId": "5c5ce26ffbcb5f16fc68a1e4", "SelfIntroduceFileId": "5c5ce2f7fbcb5f16fc68a53c", "PartyLogo": "https://storage.googleapis.com/candidate-thumbs/party/4.png", "CandididatePhoto": "https://storage.googleapis.com/candidate-thumbs/images/80-7-30.jpg"}, {"Unnamed: 0": 7501, "CandidateId": "2c582308-496e-4f02-8a44-b043e19149ce", "CandidateNo": 31, "FirstName": "สุวิทย์", "LastName": "บุญเครือ", "PartyName": "ไทยศรีวิไลย์", "PartyNumber": 180, "Title": "นาย", "Votable": true, "province_id": 80, "province_name": "นครศรีธรรมราช", "zone_number": 7, "PartyTerminated": false, "Age": 42, "Occupation": "พนักงานบริษัท", "HighestEducation": "ต่ำกว่าปริญญาตรี", "ImageFileId": "5c5ce880fbcb5f16fc68bfaa", "SelfIntroduceFileId": "5c5ce8f3fbcb5f16fc68c2ff", "PartyLogo": "https://storage.googleapis.com/candidate-thumbs/party/180.png", "CandididatePhoto": "https://storage.googleapis.com/candidate-thumbs/images/80-7-31.jpg"}, {"Unnamed: 0": 7502, "CandidateId": "65d62eff-e55a-4e89-ae92-9d0e7184d3c0", "CandidateNo": 32, "FirstName": "ชัชพิสิฐ", "LastName": "สายชล", "PartyName": "พลังชาติไทย", "PartyNumber": 186, "Title": "นาย", "Votable": true, "province_id": 80, "province_name": "นครศรีธรรมราช", "zone_number": 7, "PartyTerminated": false, "Age": 52, "Occupation": "ธุรกิจส่วนตัว", "HighestEducation": "ปริญญาโท", "ImageFileId": "5c5cec7afbcb5f16fc68d761", "SelfIntroduceFileId": "5c5cecf3fbcb5f16fc68d9ae", "PartyLogo": "https://storage.googleapis.com/candidate-thumbs/party/186.png", "CandididatePhoto": "https://storage.googleapis.com/candidate-thumbs/images/80-7-32.jpg"}, {"Unnamed: 0": 7503, "CandidateId": "1515abcf-5af7-47d2-942b-01c3d24be027", "CandidateNo": 33, "FirstName": "เสภา", "LastName": "รอดแก้ว", "PartyName": "พลังสังคม", "PartyNumber": 198, "Title": "นาย", "Votable": true, "province_id": 80, "province_name": "นครศรีธรรมราช", "zone_number": 7, "PartyTerminated": false, "Age": 59, "Occupation": "วิทยากรภาคประชาชน กอรมน ภาคที่ 4 นครศรีธรรมราช", "HighestEducation": "ต่ำกว่าปริญญาตรี", "ImageFileId": "5c5cf601fbcb5f16fc691600", "SelfIntroduceFileId": "5c5cf65afbcb5f16fc691840", "PartyLogo": "https://storage.googleapis.com/candidate-thumbs/party/198.png", "CandididatePhoto": "https://storage.googleapis.com/candidate-thumbs/images/80-7-33.jpg"}, {"Unnamed: 0": 7504, "CandidateId": "0071cfd9-8812-4aa2-a20e-415cce0f0f23", "CandidateNo": 34, "FirstName": "กฤษณะ", "LastName": "นพพันธุ์", "PartyName": "พลังปวงชนไทย", "PartyNumber": 184, "Title": "นาย", "Votable": true, "province_id": 80, "province_name": "นครศรีธรรมราช", "zone_number": 7, "PartyTerminated": false, "Age": 42, "Occupation": "เกษตรกร", "HighestEducation": "ต่ำกว่าปริญญาตรี", "ImageFileId": "5c5cf97dfbcb5f0fd8844a93", "SelfIntroduceFileId": "5c5cf8ecfbcb5f0fd8844675", "PartyLogo": "https://storage.googleapis.com/candidate-thumbs/party/184.png", "CandididatePhoto": "https://storage.googleapis.com/candidate-thumbs/images/80-7-34.jpg"}, {"Unnamed: 0": 7505, "CandidateId": "38652e15-b021-4945-a27e-f50971e2caa3", "CandidateNo": 35, "FirstName": "ธุรการ", "LastName": "ยังบรรเทา", "PartyName": "พลังสหกรณ์", "PartyNumber": 122, "Title": "นาย", "Votable": true, "province_id": 80, "province_name": "นครศรีธรรมราช", "zone_number": 7, "PartyTerminated": false, "Age": 65, "Occupation": "ข้าราชการบำราญ", "HighestEducation": "ปริญญาโท", "ImageFileId": "5c5d440efbcb5f0fd88678c3", "SelfIntroduceFileId": "5c5d46c9fbcb5f0fd88694aa", "PartyLogo": "https://storage.googleapis.com/candidate-thumbs/party/122.png", "CandididatePhoto": "https://storage.googleapis.com/candidate-thumbs/images/80-7-35.jpg"}, {"Unnamed: 0": 7506, "CandidateId": "e46007c4-28db-412e-abe6-8330a9b04130", "CandidateNo": 36, "FirstName": "รดาภัค", "LastName": "จันทร์พิมล", "PartyName": "เศรษฐกิจใหม่", "PartyNumber": 193, "Title": "นางสาว", "Votable": true, "province_id": 80, "province_name": "นครศรีธรรมราช", "zone_number": 7, "PartyTerminated": false, "Age": 47, "Occupation": "ธุรกิจส่วนตัว", "HighestEducation": "ปริญญาตรี", "ImageFileId": "5c5d4ce2fbcb5f0fd886dc36", "SelfIntroduceFileId": "5c5d4d50fbcb5f0fd886dfef", "PartyLogo": "https://storage.googleapis.com/candidate-thumbs/party/193.png", "CandididatePhoto": "https://storage.googleapis.com/candidate-thumbs/images/80-7-36.jpg"}, {"Unnamed: 0": 7507, "CandidateId": "49d9bd95-71b9-4844-ba2e-0111e70f8222", "CandidateNo": 37, "FirstName": "นำชัย", "LastName": "ทวีทอง", "PartyName": "พลังศรัทธา", "PartyNumber": 201, "Title": "นาย", "Votable": true, "province_id": 80, "province_name": "นครศรีธรรมราช", "zone_number": 7, "PartyTerminated": false, "Age": 58, "Occupation": "ค้าขาย", "HighestEducation": "ต่ำกว่าปริญญาตรี", "ImageFileId": "5c5d4fe4fbcb5f0fd886fb24", "SelfIntroduceFileId": "5c5d5596fbcb5f0fd8874288", "PartyLogo": "https://storage.googleapis.com/candidate-thumbs/party/201.png", "CandididatePhoto": "https://storage.googleapis.com/candidate-thumbs/images/80-7-37.jpg"}, {"Unnamed: 0": 7508, "CandidateId": "60b63425-236a-48e8-a00f-734fb3f91ebc", "CandidateNo": 38, "FirstName": "กรีเมศวร์", "LastName": "ชุมศรี", "PartyName": "ภูมิพลังเกษตรกรไทย", "PartyNumber": 197, "Title": "พันเอก", "Votable": true, "province_id": 80, "province_name": "นครศรีธรรมราช", "zone_number": 7, "PartyTerminated": false, "Age": 64, "Occupation": "ข้าราชการบำนาญ มทบ.41", "HighestEducation": "ปริญญาตรี", "ImageFileId": "5c5d5d1efbcb5f0fd8879555", "SelfIntroduceFileId": "5c5d5d95fbcb5f0fd88799ca", "PartyLogo": "https://storage.googleapis.com/candidate-thumbs/party/197.png", "CandididatePhoto": "https://storage.googleapis.com/candidate-thumbs/images/80-7-38.jpg"}, {"Unnamed: 0": 7509, "CandidateId": "b309297d-52b6-491e-b0fa-6251306a49c6", "CandidateNo": 39, "FirstName": "จิระศักดิ์", "LastName": "อะอิต", "PartyName": "ไทรักธรรม", "PartyNumber": 144, "Title": "นาย", "Votable": true, "province_id": 80, "province_name": "นครศรีธรรมราช", "zone_number": 7, "PartyTerminated": false, "Age": 49, "Occupation": "ทำสวน", "HighestEducation": "ปริญญาตรี", "ImageFileId": "5c5d5f60fbcb5f0fd887a678", "SelfIntroduceFileId": "5c5d5fb7fbcb5f0fd887a9b1", "PartyLogo": "https://storage.googleapis.com/candidate-thumbs/party/144.png", "CandididatePhoto": "https://storage.googleapis.com/candidate-thumbs/images/80-7-39.jpg"}, {"Unnamed: 0": 7510, "CandidateId": "6194e0dc-1e64-42f6-bebb-15956bf67d51", "CandidateNo": 40, "FirstName": "อรุณชัย", "LastName": "วงศ์สุวรรณ", "PartyName": "ภาคีเครือข่ายไทย", "PartyNumber": 211, "Title": "นาย", "Votable": true, "province_id": 80, "province_name": "นครศรีธรรมราช", "zone_number": 7, "PartyTerminated": false, "Age": 50, "Occupation": "ค้าขาย", "HighestEducation": "ต่ำกว่าปริญญาตรี", "ImageFileId": "5c5d6191fbcb5f0fd887ba8f", "SelfIntroduceFileId": "5c5d6365fbcb5f0fd887c86f", "PartyLogo": "https://storage.googleapis.com/candidate-thumbs/party/211.png", "CandididatePhoto": "https://storage.googleapis.com/candidate-thumbs/images/80-7-40.jpg"}]