[{"Unnamed: 0": 9738, "CandidateId": "fd3426c6-4593-4feb-8215-312453a59622", "CandidateNo": 1, "FirstName": "อนุชิต", "LastName": "คำพิรานนท์", "PartyName": "รักษ์ผืนป่าประเทศไทย", "PartyNumber": 133, "Title": "นาย", "Votable": true, "province_id": 30, "province_name": "นครราชสีมา", "zone_number": 1, "PartyTerminated": false, "Age": 52, "Occupation": "รับจ้าง", "HighestEducation": "ต่ำกว่าปริญญาตรี", "ImageFileId": "5c57a890fbcb5f1eec0cedb9", "SelfIntroduceFileId": "5c59079bfbcb5f1d88142216", "PartyLogo": "https://storage.googleapis.com/candidate-thumbs/party/133.png", "CandididatePhoto": "https://storage.googleapis.com/candidate-thumbs/images/30-1-1.jpg"}, {"Unnamed: 0": 9739, "CandidateId": "e2abec7c-9ca4-4290-a6ad-b4fb7dc33a5a", "CandidateNo": 2, "FirstName": "อัคคชา", "LastName": "พรหมสูตร", "PartyName": "ประชาชาติ", "PartyNumber": 187, "Title": "นาย", "Votable": true, "province_id": 30, "province_name": "นครราชสีมา", "zone_number": 1, "PartyTerminated": false, "Age": 53, "Occupation": "นักการเมือง", "HighestEducation": "ปริญญาตรี", "ImageFileId": "5c57b3f3fbcb5f1eec0d13db", "SelfIntroduceFileId": "5c590769fbcb5f1d8814207a", "PartyLogo": "https://storage.googleapis.com/candidate-thumbs/party/187.png", "CandididatePhoto": "https://storage.googleapis.com/candidate-thumbs/images/30-1-2.jpg"}, {"Unnamed: 0": 9740, "CandidateId": "b384e898-301d-4ea2-b0fa-5ef9889f124b", "CandidateNo": 3, "FirstName": "ธวัศชา", "LastName": "เดชสุภา", "PartyName": "ประชาภิวัฒน์", "PartyNumber": 172, "Title": "นาย", "Votable": true, "province_id": 30, "province_name": "นครราชสีมา", "zone_number": 1, "PartyTerminated": false, "Age": 60, "Occupation": "รับราชการ", "HighestEducation": "ปริญญาเอก", "ImageFileId": "5c57bf34fbcb5f1eec0d5f5c", "SelfIntroduceFileId": "5c5907f5fbcb5f1d881426b1", "PartyLogo": "https://storage.googleapis.com/candidate-thumbs/party/172.png", "CandididatePhoto": "https://storage.googleapis.com/candidate-thumbs/images/30-1-3.jpg"}, {"Unnamed: 0": 9741, "CandidateId": "b781f26f-81b6-40fa-b336-e81b530c1300", "CandidateNo": 4, "FirstName": "นัฐพล", "LastName": "ประสาทไทย", "PartyName": "เพื่อชาติ", "PartyNumber": 149, "Title": "นาย", "Votable": true, "province_id": 30, "province_name": "นครราชสีมา", "zone_number": 1, "PartyTerminated": false, "Age": 27, "Occupation": "ธุรกิจส่วนตัว", "HighestEducation": "ปริญญาตรี", "ImageFileId": "5c57c987fbcb5f1eec0db852", "SelfIntroduceFileId": "5c59081afbcb5f1d8814281e", "PartyLogo": "https://storage.googleapis.com/candidate-thumbs/party/149.png", "CandididatePhoto": "https://storage.googleapis.com/candidate-thumbs/images/30-1-4.jpg"}, {"Unnamed: 0": 9742, "CandidateId": "95698e19-ffc9-4f1f-aeed-50a740cfe0f9", "CandidateNo": 5, "FirstName": "วารินทร์ทิพย์", "LastName": "ธีรดนย์ศิริกุล", "PartyName": "เสรีรวมไทย", "PartyNumber": 145, "Title": "นาง", "Votable": true, "province_id": 30, "province_name": "นครราชสีมา", "zone_number": 1, "PartyTerminated": false, "Age": 47, "Occupation": "ค้าขาย", "HighestEducation": "ปริญญาตรี", "ImageFileId": "5c57d41afbcb5f1eec0ddd6f", "SelfIntroduceFileId": "5c5908a5fbcb5f1d88142d74", "PartyLogo": "https://storage.googleapis.com/candidate-thumbs/party/145.png", "CandididatePhoto": "https://storage.googleapis.com/candidate-thumbs/images/30-1-5.jpg"}, {"Unnamed: 0": 9743, "CandidateId": "c5840066-cc24-4fc6-b802-4203eba5c62e", "CandidateNo": 6, "FirstName": "ธงชัย", "LastName": "ลืออดุลย์", "PartyName": "ชาติพัฒนา", "PartyNumber": 45, "Title": "นาย", "Votable": true, "province_id": 30, "province_name": "นครราชสีมา", "zone_number": 1, "PartyTerminated": false, "Age": 64, "Occupation": "ผู้ว่าราชการจังหวัดนครราชสีมา", "HighestEducation": "ปริญญาโท", "ImageFileId": "5c57db49fbcb5f1eec0dffa9", "SelfIntroduceFileId": "5c57e0e4fbcb5f1eec0e2313", "PartyLogo": "https://storage.googleapis.com/candidate-thumbs/party/45.png", "CandididatePhoto": "https://storage.googleapis.com/candidate-thumbs/images/30-1-6.jpg"}, {"Unnamed: 0": 9744, "CandidateId": "b58d72e8-1d96-470c-8455-40bd6628b38c", "CandidateNo": 7, "FirstName": "อดุลย์", "LastName": "อยู่ยืน", "PartyName": "ภูมิใจไทย", "PartyNumber": 63, "Title": "นาย", "Votable": true, "province_id": 30, "province_name": "นครราชสีมา", "zone_number": 1, "PartyTerminated": false, "Age": 51, "Occupation": "สมาชิกองค์การบริหารส่วนจังหวัดนครราชสีมา", "HighestEducation": "ปริญญาเอก", "ImageFileId": "5c57e6befbcb5f1eec0e5009", "SelfIntroduceFileId": "5c5909b9fbcb5f1d88143c86", "PartyLogo": "https://storage.googleapis.com/candidate-thumbs/party/63.png", "CandididatePhoto": "https://storage.googleapis.com/candidate-thumbs/images/30-1-7.jpg"}, {"Unnamed: 0": 9745, "CandidateId": "21cfdf2c-b053-498a-a8c2-6129bd18da00", "CandidateNo": 8, "FirstName": "กฤศกร", "LastName": "จิตดนัย", "PartyName": "รวมพลังประชาชาติไทย", "PartyNumber": 181, "Title": "นาย", "Votable": true, "province_id": 30, "province_name": "นครราชสีมา", "zone_number": 1, "PartyTerminated": false, "Age": 64, "Occupation": "ค้าขาย", "HighestEducation": "ปริญญาโท", "ImageFileId": "5c57eaaffbcb5f1eec0e7126", "SelfIntroduceFileId": "5c590a19fbcb5f1d881441e7", "PartyLogo": "https://storage.googleapis.com/candidate-thumbs/party/181.png", "CandididatePhoto": "https://storage.googleapis.com/candidate-thumbs/images/30-1-8.jpg"}, {"Unnamed: 0": 9746, "CandidateId": "0cb46715-2078-4470-a732-36f2435605a2", "CandidateNo": 9, "FirstName": "วรพงศ์", "LastName": "โสมัจฉา", "PartyName": "อนาคตใหม่", "PartyNumber": 177, "Title": "นาย", "Votable": true, "province_id": 30, "province_name": "นครราชสีมา", "zone_number": 1, "PartyTerminated": false, "Age": 33, "Occupation": "พนักงานบริษัทเอกชน", "HighestEducation": "ปริญญาตรี", "ImageFileId": "5c57ef5cfbcb5f1eec0e9d1e", "SelfIntroduceFileId": "5c590a89fbcb5f1d88144a2f", "PartyLogo": "https://storage.googleapis.com/candidate-thumbs/party/177.png", "CandididatePhoto": "https://storage.googleapis.com/candidate-thumbs/images/30-1-9.jpg"}, {"Unnamed: 0": 9747, "CandidateId": "8dfac29d-7404-49a7-8618-2ea95cc264a5", "CandidateNo": 10, "FirstName": "จักรวุธ", "LastName": "ไตรวัลลภ", "PartyName": "ไทยธรรม", "PartyNumber": 178, "Title": "นาย", "Votable": true, "province_id": 30, "province_name": "นครราชสีมา", "zone_number": 1, "PartyTerminated": false, "Age": 59, "Occupation": "รับจ้าง", "HighestEducation": "ต่ำกว่าปริญญาตรี", "ImageFileId": "5c57f561fbcb5f1eec0ed83b", "SelfIntroduceFileId": "5c590ae8fbcb5f1d88144e33", "PartyLogo": "https://storage.googleapis.com/candidate-thumbs/party/178.png", "CandididatePhoto": "https://storage.googleapis.com/candidate-thumbs/images/30-1-10.jpg"}, {"Unnamed: 0": 9748, "CandidateId": "cdd82184-7694-49db-bb9e-28c986ac49ae", "CandidateNo": 11, "FirstName": "สุปชัย", "LastName": "อินทรักษา", "PartyName": "เพื่อไทย", "PartyNumber": 34, "Title": "ร้อยตำรวจเอก", "Votable": true, "province_id": 30, "province_name": "นครราชสีมา", "zone_number": 1, "PartyTerminated": false, "Age": 57, "Occupation": "นักการเมืองท้องถิ่น", "HighestEducation": "ปริญญาโท", "ImageFileId": "5c57f961fbcb5f1eec0efe6f", "SelfIntroduceFileId": "5c5bb32bfbcb5f16fc661769", "PartyLogo": "https://storage.googleapis.com/candidate-thumbs/party/34.png", "CandididatePhoto": "https://storage.googleapis.com/candidate-thumbs/images/30-1-11.jpg"}, {"Unnamed: 0": 9749, "CandidateId": "f4649269-2f3a-4946-87ea-1946018ec414", "CandidateNo": 12, "FirstName": "อมร", "LastName": "แก้วสุข", "PartyName": "เศรษฐกิจใหม่", "PartyNumber": 193, "Title": "นาย", "Votable": true, "province_id": 30, "province_name": "นครราชสีมา", "zone_number": 1, "PartyTerminated": false, "Age": 58, "Occupation": "รับเหมาก่อสร้าง", "HighestEducation": "ต่ำกว่าปริญญาตรี", "ImageFileId": "5c57f98efbcb5f1eec0f0032", "SelfIntroduceFileId": "5c590bbdfbcb5f1d88145af0", "PartyLogo": "https://storage.googleapis.com/candidate-thumbs/party/193.png", "CandididatePhoto": "https://storage.googleapis.com/candidate-thumbs/images/30-1-12.jpg"}, {"Unnamed: 0": 9750, "CandidateId": "4de93176-fdb7-4bcb-847f-44db9af08efa", "CandidateNo": 13, "FirstName": "ชุบ", "LastName": "ชัยฤทธิไชย", "PartyName": "ประชาธิปัตย์", "PartyNumber": 1, "Title": "นาย", "Votable": true, "province_id": 30, "province_name": "นครราชสีมา", "zone_number": 1, "PartyTerminated": false, "Age": 80, "Occupation": "ทนายความ", "HighestEducation": "ปริญญาตรี", "ImageFileId": "5c57f9fafbcb5f1eec0f0810", "SelfIntroduceFileId": "5c590c37fbcb5f1d8814631e", "PartyLogo": "https://storage.googleapis.com/candidate-thumbs/party/1.png", "CandididatePhoto": "https://storage.googleapis.com/candidate-thumbs/images/30-1-13.jpg"}, {"Unnamed: 0": 9751, "CandidateId": "a9071c37-6370-4b0e-832e-ad316633f6f2", "CandidateNo": 14, "FirstName": "วราวุฒิ", "LastName": "แท่นแก้ว", "PartyName": "ประชานิยม", "PartyNumber": 191, "Title": "นาย", "Votable": true, "province_id": 30, "province_name": "นครราชสีมา", "zone_number": 1, "PartyTerminated": false, "Age": 61, "Occupation": "ข้าราชการบำนาญ", "HighestEducation": "ปริญญาตรี", "ImageFileId": "5c57faa8fbcb5f1eec0f11c3", "SelfIntroduceFileId": "5c580559fbcb5f1eec0fabc1", "PartyLogo": "https://storage.googleapis.com/candidate-thumbs/party/191.png", "CandididatePhoto": "https://storage.googleapis.com/candidate-thumbs/images/30-1-14.jpg"}, {"Unnamed: 0": 9752, "CandidateId": "b47df7bc-ae44-4613-a5c0-0ef7a5fc5b0e", "CandidateNo": 15, "FirstName": "ภูสิษฐ์", "LastName": "หล่อประเสริฐ", "PartyName": "ประชาชนปฏิรูป", "PartyNumber": 176, "Title": "พลตรี", "Votable": true, "province_id": 30, "province_name": "นครราชสีมา", "zone_number": 1, "PartyTerminated": false, "Age": 63, "Occupation": "ข้าราชการบำนาญ", "HighestEducation": "ปริญญาโท", "ImageFileId": "5c57fb1dfbcb5f1eec0f16dc", "SelfIntroduceFileId": "5c590cb7fbcb5f1d88146935", "PartyLogo": "https://storage.googleapis.com/candidate-thumbs/party/176.png", "CandididatePhoto": "https://storage.googleapis.com/candidate-thumbs/images/30-1-15.jpg"}, {"Unnamed: 0": 9753, "CandidateId": "d8e8a48c-ebf6-4fbc-b1cd-0b1d8bf612cc", "CandidateNo": 16, "FirstName": "ปิยทิพย์", "LastName": "หมั่นมา", "PartyName": "เพื่อนไทย", "PartyNumber": 179, "Title": "นางสาว", "Votable": false, "province_id": 30, "province_name": "นครราชสีมา", "zone_number": 1, "PartyTerminated": false, "Age": 29, "Occupation": "ลูกจ้างชั่วคราว", "HighestEducation": "ปริญญาตรี", "ImageFileId": "5c57fbe2fbcb5f1eec0f2314", "SelfIntroduceFileId": "5c590da8fbcb5f1d881477dd", "PartyLogo": "https://storage.googleapis.com/candidate-thumbs/party/179.png", "CandididatePhoto": "https://storage.googleapis.com/candidate-thumbs/images/30-1-16.jpg"}, {"Unnamed: 0": 9754, "CandidateId": "dba2ecc5-3c97-4409-823f-5e30e229bad4", "CandidateNo": 17, "FirstName": "เกษม", "LastName": "ศุภรานนท์", "PartyName": "พลังประชารัฐ", "PartyNumber": 192, "Title": "นาย", "Votable": true, "province_id": 30, "province_name": "นครราชสีมา", "zone_number": 1, "PartyTerminated": false, "Age": 63, "Occupation": "รับราชการบำนาญ", "HighestEducation": "ปริญญาโท", "ImageFileId": "5c57fc3dfbcb5f1eec0f2939", "SelfIntroduceFileId": "5c58ea29fbcb5f1d8812f864", "PartyLogo": "https://storage.googleapis.com/candidate-thumbs/party/192.png", "CandididatePhoto": "https://storage.googleapis.com/candidate-thumbs/images/30-1-17.jpg"}, {"Unnamed: 0": 9755, "CandidateId": "ca129570-1615-4d81-8833-26a934f2e7ed", "CandidateNo": 18, "FirstName": "พงศภัค", "LastName": "ภูริสิทธิพล", "PartyName": "พลังสังคม", "PartyNumber": 198, "Title": "ร้อยตรี", "Votable": true, "province_id": 30, "province_name": "นครราชสีมา", "zone_number": 1, "PartyTerminated": false, "Age": 59, "Occupation": "ข้าราชการบำนาญ", "HighestEducation": "ปริญญาตรี", "ImageFileId": "5c57fca5fbcb5f1eec0f2d10", "SelfIntroduceFileId": "5c58ef5dfbcb5f1d88131862", "PartyLogo": "https://storage.googleapis.com/candidate-thumbs/party/198.png", "CandididatePhoto": "https://storage.googleapis.com/candidate-thumbs/images/30-1-18.jpg"}, {"Unnamed: 0": 9756, "CandidateId": "d438ce0b-a5ba-43d3-a5be-a01978ccd2d3", "CandidateNo": 19, "FirstName": "บัวผิน", "LastName": "ม่วงดี", "PartyName": "พลังท้องถิ่นไท", "PartyNumber": 124, "Title": "ดาบตำรวจ", "Votable": true, "province_id": 30, "province_name": "นครราชสีมา", "zone_number": 1, "PartyTerminated": false, "Age": 60, "Occupation": "รับจ้าง", "HighestEducation": "ปริญญาตรี", "ImageFileId": "5c57fcf1fbcb5f1eec0f31eb", "SelfIntroduceFileId": "5c590ea9fbcb5f1d8814824c", "PartyLogo": "https://storage.googleapis.com/candidate-thumbs/party/124.png", "CandididatePhoto": "https://storage.googleapis.com/candidate-thumbs/images/30-1-19.jpg"}, {"Unnamed: 0": 9757, "CandidateId": "a219aa64-1693-45bd-9680-c6fd4aad01c0", "CandidateNo": 20, "FirstName": "สมนึก", "LastName": "งามสะอาด", "PartyName": "เพื่อแผ่นดิน", "PartyNumber": 41, "Title": "นาย", "Votable": false, "province_id": 30, "province_name": "นครราชสีมา", "zone_number": 1, "PartyTerminated": false, "Age": 51, "Occupation": "รักษาความปลอดภัย", "HighestEducation": "ต่ำกว่าปริญญาตรี", "ImageFileId": "5c57fedafbcb5f1eec0f4ec5", "SelfIntroduceFileId": "5c5925f9fbcb5f1d88157041", "PartyLogo": "https://storage.googleapis.com/candidate-thumbs/party/41.png", "CandididatePhoto": "https://storage.googleapis.com/candidate-thumbs/images/30-1-20.jpg"}, {"Unnamed: 0": 9758, "CandidateId": "6ac5b1b2-0f42-41db-844e-edf9b4ed8be8", "CandidateNo": 21, "FirstName": "ญาณกิตติ์", "LastName": "ศิริทรัพย์", "PartyName": "ชาติไทยพัฒนา", "PartyNumber": 55, "Title": "นาย", "Votable": true, "province_id": 30, "province_name": "นครราชสีมา", "zone_number": 1, "PartyTerminated": false, "Age": 28, "Occupation": "นักศึกษา", "HighestEducation": "ปริญญาตรี", "ImageFileId": "5c57fd5efbcb5f1eec0f3955", "SelfIntroduceFileId": "5c590f5efbcb5f1d88148d7b", "PartyLogo": "https://storage.googleapis.com/candidate-thumbs/party/55.png", "CandididatePhoto": "https://storage.googleapis.com/candidate-thumbs/images/30-1-21.jpg"}, {"Unnamed: 0": 9759, "CandidateId": "afe907e7-a31d-4d67-8e8e-d1211ccae451", "CandidateNo": 22, "FirstName": "คณพศ", "LastName": "ตระกูลภัทรเวช", "PartyName": "ประชาธิปไตยใหม่", "PartyNumber": 109, "Title": "ร้อยตรี", "Votable": false, "province_id": 30, "province_name": "นครราชสีมา", "zone_number": 1, "PartyTerminated": false, "Age": 64, "Occupation": "ข้าราชการบำนาญ", "HighestEducation": "ปริญญาตรี", "ImageFileId": "5c5953f9fbcb5f1d8817dc42", "SelfIntroduceFileId": "5c595689fbcb5f1d8817f59d", "PartyLogo": "https://storage.googleapis.com/candidate-thumbs/party/109.png", "CandididatePhoto": "https://storage.googleapis.com/candidate-thumbs/images/30-1-22.jpg"}, {"Unnamed: 0": 9760, "CandidateId": "c8db9820-ce59-4d28-a7fd-a8b78f9b62f6", "CandidateNo": 23, "FirstName": "นรินทร์", "LastName": "นพสูงเนิน", "PartyName": "ไทยศรีวิไลย์", "PartyNumber": 180, "Title": "นางสาว", "Votable": true, "province_id": 30, "province_name": "นครราชสีมา", "zone_number": 1, "PartyTerminated": false, "Age": 31, "Occupation": "ไม่ระบุ", "HighestEducation": "ต่ำกว่าปริญญาตรี", "ImageFileId": "5c5a6489fbcb5f19bca9d39f", "SelfIntroduceFileId": "5c5a8de7fbcb5f19bcaacd4d", "PartyLogo": "https://storage.googleapis.com/candidate-thumbs/party/180.png", "CandididatePhoto": "https://storage.googleapis.com/candidate-thumbs/images/30-1-23.jpg"}, {"Unnamed: 0": 9761, "CandidateId": "0b1db59d-6465-4650-b399-3fd9045be3bf", "CandidateNo": 24, "FirstName": "เทือง", "LastName": "ลาภประเสริฐ", "PartyName": "กรีน", "PartyNumber": 206, "Title": "นาง", "Votable": true, "province_id": 30, "province_name": "นครราชสีมา", "zone_number": 1, "PartyTerminated": false, "Age": 58, "Occupation": "ไม่ระบุ", "HighestEducation": "ต่ำกว่าปริญญาตรี", "ImageFileId": "5c5a90f4fbcb5f19bcaae5fb", "SelfIntroduceFileId": "5c5a925efbcb5f19bcaaefe4", "PartyLogo": "https://storage.googleapis.com/candidate-thumbs/party/206.png", "CandididatePhoto": "https://storage.googleapis.com/candidate-thumbs/images/30-1-24.jpg"}, {"Unnamed: 0": 9762, "CandidateId": "474cf7e5-87f3-4783-abf1-6c47a43cbd42", "CandidateNo": 25, "FirstName": "อรุณธร", "LastName": "บุญนพวรรณ", "PartyName": "ครูไทยเพื่อประชาชน", "PartyNumber": 118, "Title": "ร้อยตำรวจเอก", "Votable": true, "province_id": 30, "province_name": "นครราชสีมา", "zone_number": 1, "PartyTerminated": false, "Age": 64, "Occupation": "รับจ้าง", "HighestEducation": "ปริญญาตรี", "ImageFileId": "5c5bad0efbcb5f16fc65db2b", "SelfIntroduceFileId": "5c5bae72fbcb5f16fc65e9da", "PartyLogo": "https://storage.googleapis.com/candidate-thumbs/party/118.png", "CandididatePhoto": "https://storage.googleapis.com/candidate-thumbs/images/30-1-25.jpg"}, {"Unnamed: 0": 9763, "CandidateId": "9c366722-63ad-45f9-aac0-dbe12ea8207b", "CandidateNo": 26, "FirstName": "สุนันท์", "LastName": "ทองพูน", "PartyName": "ประชาไทย", "PartyNumber": 205, "Title": "นาย", "Votable": true, "province_id": 30, "province_name": "นครราชสีมา", "zone_number": 1, "PartyTerminated": false, "Age": 61, "Occupation": "เกษตรกร", "HighestEducation": "ต่ำกว่าปริญญาตรี", "ImageFileId": "5c5bb718fbcb5f16fc663315", "SelfIntroduceFileId": "5c5bb8a6fbcb5f16fc663dde", "PartyLogo": "https://storage.googleapis.com/candidate-thumbs/party/205.png", "CandididatePhoto": "https://storage.googleapis.com/candidate-thumbs/images/30-1-26.jpg"}, {"Unnamed: 0": 9764, "CandidateId": "d89da986-9bb7-44dd-82b2-688799155f5c", "CandidateNo": 27, "FirstName": "ศุภวัฒน์", "LastName": "รังคะวัต", "PartyName": "พลังไทสร้างชาติ", "PartyNumber": 200, "Title": "พันตำรวจโท", "Votable": true, "province_id": 30, "province_name": "นครราชสีมา", "zone_number": 1, "PartyTerminated": false, "Age": 68, "Occupation": "ข้าราชการตำรวจบำนาญ", "HighestEducation": "ปริญญาตรี", "ImageFileId": "5c5bcf8ffbcb5f16fc66b8aa", "SelfIntroduceFileId": "5c5bd1c0fbcb5f16fc66c983", "PartyLogo": "https://storage.googleapis.com/candidate-thumbs/party/200.png", "CandididatePhoto": "https://storage.googleapis.com/candidate-thumbs/images/30-1-27.jpg"}, {"Unnamed: 0": 9765, "CandidateId": "ce779574-bbbc-458d-a01a-d00751754612", "CandidateNo": 28, "FirstName": "ประชิด", "LastName": "ชีไธสง", "PartyName": "พลังไทยรักไทย", "PartyNumber": 185, "Title": "พันตรี", "Votable": true, "province_id": 30, "province_name": "นครราชสีมา", "zone_number": 1, "PartyTerminated": false, "Age": 78, "Occupation": "ข้าราชการทหารบำนาญ", "HighestEducation": "ต่ำกว่าปริญญาตรี", "ImageFileId": "5c5bdb3afbcb5f16fc671378", "SelfIntroduceFileId": "5c5be3bafbcb5f16fc675a38", "PartyLogo": "https://storage.googleapis.com/candidate-thumbs/party/185.png", "CandididatePhoto": "https://storage.googleapis.com/candidate-thumbs/images/30-1-28.jpg"}, {"Unnamed: 0": 9766, "CandidateId": "2257ab63-da7b-459c-a0e9-b5e69b3b3b35", "CandidateNo": 29, "FirstName": "กฤษดา", "LastName": "ตะโพวิญญู", "PartyName": "พลังปวงชนไทย", "PartyNumber": 184, "Title": "นาย", "Votable": true, "province_id": 30, "province_name": "นครราชสีมา", "zone_number": 1, "PartyTerminated": false, "Age": 72, "Occupation": "รองนายกองค์การบริหารส่วนตำบลเมืองคง", "HighestEducation": "ต่ำกว่าปริญญาตรี", "ImageFileId": "5c5bdde4fbcb5f16fc672988", "SelfIntroduceFileId": "5c5be4e6fbcb5f16fc6761a6", "PartyLogo": "https://storage.googleapis.com/candidate-thumbs/party/184.png", "CandididatePhoto": "https://storage.googleapis.com/candidate-thumbs/images/30-1-29.jpg"}, {"Unnamed: 0": 9767, "CandidateId": "82d5d2df-b74e-433e-9e74-5af6d9c455ea", "CandidateNo": 30, "FirstName": "ยศธน", "LastName": "ศรีธาตุ", "PartyName": "พลังชาติไทย", "PartyNumber": 186, "Title": "นาย", "Votable": true, "province_id": 30, "province_name": "นครราชสีมา", "zone_number": 1, "PartyTerminated": false, "Age": 67, "Occupation": "นักจัดรายการวิทยุ", "HighestEducation": "ต่ำกว่าปริญญาตรี", "ImageFileId": "5c5be168fbcb5f16fc6747e1", "SelfIntroduceFileId": "5c5be767fbcb5f16fc677991", "PartyLogo": "https://storage.googleapis.com/candidate-thumbs/party/186.png", "CandididatePhoto": "https://storage.googleapis.com/candidate-thumbs/images/30-1-30.jpg"}, {"Unnamed: 0": 9768, "CandidateId": "28a15419-6032-4201-8307-146ef4462615", "CandidateNo": 31, "FirstName": "ยศวัฒน์", "LastName": "อนันต์ดิลกฤทธิ์", "PartyName": "ภราดรภาพ", "PartyNumber": 154, "Title": "พลโท", "Votable": false, "province_id": 30, "province_name": "นครราชสีมา", "zone_number": 1, "PartyTerminated": false, "Age": 67, "Occupation": "ข้าราชการบำนาญ", "HighestEducation": "ปริญญาตรี", "ImageFileId": "5c5d0715fbcb5f0fd884bef1", "SelfIntroduceFileId": "5c5d0bc4fbcb5f0fd884d99a", "PartyLogo": "https://storage.googleapis.com/candidate-thumbs/party/154.png", "CandididatePhoto": "https://storage.googleapis.com/candidate-thumbs/images/30-1-31.jpg"}, {"Unnamed: 0": 9769, "CandidateId": "5f9c5edd-aee1-409b-9ab1-128ec4cbd4a9", "CandidateNo": 32, "FirstName": "ธนัท", "LastName": "วัฒนะสิริโชค", "PartyName": "ประชาธรรมไทย", "PartyNumber": 190, "Title": "นาย", "Votable": true, "province_id": 30, "province_name": "นครราชสีมา", "zone_number": 1, "PartyTerminated": false, "Age": 63, "Occupation": "ประกอบธุรกิจส่วนตัว", "HighestEducation": "ต่ำกว่าปริญญาตรี", "ImageFileId": "5c5d091ffbcb5f0fd884ca40", "SelfIntroduceFileId": "5c5d0e36fbcb5f0fd884e7de", "PartyLogo": "https://storage.googleapis.com/candidate-thumbs/party/190.png", "CandididatePhoto": "https://storage.googleapis.com/candidate-thumbs/images/30-1-32.jpg"}, {"Unnamed: 0": 9770, "CandidateId": "17c3ab29-869a-4c33-82fc-3118bd3515a5", "CandidateNo": 33, "FirstName": "เจมิกา", "LastName": "อัครเศรษฐนนท์", "PartyName": "รวมใจไทย", "PartyNumber": 174, "Title": "นางสาว", "Votable": true, "province_id": 30, "province_name": "นครราชสีมา", "zone_number": 1, "PartyTerminated": false, "Age": 59, "Occupation": "รับราชการครู", "HighestEducation": "ปริญญาเอก", "ImageFileId": "5c5d1ab5fbcb5f0fd88519a0", "SelfIntroduceFileId": "5c5d1e3cfbcb5f0fd885301a", "PartyLogo": "https://storage.googleapis.com/candidate-thumbs/party/174.png", "CandididatePhoto": "https://storage.googleapis.com/candidate-thumbs/images/30-1-33.jpg"}, {"Unnamed: 0": 9771, "CandidateId": "ff7bd372-be23-4a8f-b004-87c936bceee8", "CandidateNo": 34, "FirstName": "สุวัฒน์ชัย", "LastName": "สวัสดี", "PartyName": "ความหวังใหม่", "PartyNumber": 13, "Title": "นาย", "Votable": false, "province_id": 30, "province_name": "นครราชสีมา", "zone_number": 1, "PartyTerminated": false, "Age": 59, "Occupation": "ทนายความ", "HighestEducation": "ปริญญาตรี", "ImageFileId": "5c5d344afbcb5f0fd885e505", "SelfIntroduceFileId": NaN, "PartyLogo": "https://storage.googleapis.com/candidate-thumbs/party/13.png", "CandididatePhoto": "https://storage.googleapis.com/candidate-thumbs/images/30-1-34.jpg"}, {"Unnamed: 0": 9772, "CandidateId": "35d49445-a813-4e4c-8ba9-561bbe11cfb6", "CandidateNo": 35, "FirstName": "อภิชาติ", "LastName": "ทิพยกุล", "PartyName": "พลังแผ่นดินทอง", "PartyNumber": 202, "Title": "นาย", "Votable": true, "province_id": 30, "province_name": "นครราชสีมา", "zone_number": 1, "PartyTerminated": false, "Age": 65, "Occupation": "รับราชการครู", "HighestEducation": "ปริญญาตรี", "ImageFileId": "5c5d3ffdfbcb5f0fd8864e7d", "SelfIntroduceFileId": "5c5d4260fbcb5f0fd886674f", "PartyLogo": "https://storage.googleapis.com/candidate-thumbs/party/202.png", "CandididatePhoto": "https://storage.googleapis.com/candidate-thumbs/images/30-1-35.jpg"}, {"Unnamed: 0": 9773, "CandidateId": "6717d530-5fcd-4d71-bc8d-ad64c232d548", "CandidateNo": 36, "FirstName": "พิษณุ", "LastName": "ประจิตร", "PartyName": "พลังประชาธิปไตย", "PartyNumber": 153, "Title": "พันโท", "Votable": true, "province_id": 30, "province_name": "นครราชสีมา", "zone_number": 1, "PartyTerminated": false, "Age": 66, "Occupation": "รับราชการ", "HighestEducation": "ต่ำกว่าปริญญาตรี", "ImageFileId": "5c5d4b8afbcb5f0fd886ce00", "SelfIntroduceFileId": "5c5d535cfbcb5f0fd88721d3", "PartyLogo": "https://storage.googleapis.com/candidate-thumbs/party/153.png", "CandididatePhoto": "https://storage.googleapis.com/candidate-thumbs/images/30-1-36.jpg"}, {"Unnamed: 0": 9774, "CandidateId": "3483ad62-9770-4d53-8954-f41f8e7e8087", "CandidateNo": 37, "FirstName": "กิติพัฒน์", "LastName": "รอดอำพันธุ์", "PartyName": "พลังศรัทธา", "PartyNumber": 201, "Title": "นาย", "Votable": true, "province_id": 30, "province_name": "นครราชสีมา", "zone_number": 1, "PartyTerminated": false, "Age": 46, "Occupation": "ธุรกิจนำเข้า-ส่งออก", "HighestEducation": "ปริญญาตรี", "ImageFileId": "5c5d4cd1fbcb5f0fd886dbf0", "SelfIntroduceFileId": "5c60dda6fbcb5f13a0b73a80", "PartyLogo": "https://storage.googleapis.com/candidate-thumbs/party/201.png", "CandididatePhoto": "https://storage.googleapis.com/candidate-thumbs/images/30-1-37.jpg"}, {"Unnamed: 0": 9775, "CandidateId": "6d8c76a4-452c-45e4-a581-446be0b14e0f", "CandidateNo": 38, "FirstName": "กิตติศักดิ์", "LastName": "กุนอก", "PartyName": "ภาคีเครือข่ายไทย", "PartyNumber": 211, "Title": "นาย", "Votable": true, "province_id": 30, "province_name": "นครราชสีมา", "zone_number": 1, "PartyTerminated": false, "Age": 36, "Occupation": "พนักงานเอกชน", "HighestEducation": "ปริญญาตรี", "ImageFileId": "5c5d4f86fbcb5f0fd886f62b", "SelfIntroduceFileId": "5c60dec8fbcb5f13a0b73cb1", "PartyLogo": "https://storage.googleapis.com/candidate-thumbs/party/211.png", "CandididatePhoto": "https://storage.googleapis.com/candidate-thumbs/images/30-1-38.jpg"}, {"Unnamed: 0": 9776, "CandidateId": "af510ac6-7de0-43de-8b2b-221eb6069e26", "CandidateNo": 39, "FirstName": "เลี้ยง", "LastName": "ลับไธสง", "PartyName": "มหาชน", "PartyNumber": 4, "Title": "นาย", "Votable": false, "province_id": 30, "province_name": "นครราชสีมา", "zone_number": 1, "PartyTerminated": false, "Age": 46, "Occupation": "ไม่ระบุ", "HighestEducation": "ต่ำกว่าปริญญาตรี", "ImageFileId": "5c5d5215fbcb5f0fd8870f96", "SelfIntroduceFileId": "5c60e882fbcb5f13a0b75232", "PartyLogo": "https://storage.googleapis.com/candidate-thumbs/party/4.png", "CandididatePhoto": "https://storage.googleapis.com/candidate-thumbs/images/30-1-39.jpg"}, {"Unnamed: 0": 9777, "CandidateId": "1c5ec0e8-987c-43df-a031-9411c45a976f", "CandidateNo": 40, "FirstName": "พวงชมพู", "LastName": "ปะโมนะตา", "PartyName": "ไทรักธรรม", "PartyNumber": 144, "Title": "นางสาว", "Votable": true, "province_id": 30, "province_name": "นครราชสีมา", "zone_number": 1, "PartyTerminated": false, "Age": 51, "Occupation": "ธุรกิจส่วนตัว", "HighestEducation": "ปริญญาตรี", "ImageFileId": "5c5d5504fbcb5f0fd88738a7", "SelfIntroduceFileId": "5c60e115fbcb5f13a0b74270", "PartyLogo": "https://storage.googleapis.com/candidate-thumbs/party/144.png", "CandididatePhoto": "https://storage.googleapis.com/candidate-thumbs/images/30-1-40.jpg"}, {"Unnamed: 0": 9778, "CandidateId": "3e367303-9509-4bd2-bd2e-53ea7bc2c8ec", "CandidateNo": 41, "FirstName": "พฤกษ์", "LastName": "สธนเสาวภาคย์", "PartyName": "ผึ้งหลวง", "PartyNumber": 164, "Title": "นาย", "Votable": true, "province_id": 30, "province_name": "นครราชสีมา", "zone_number": 1, "PartyTerminated": false, "Age": 31, "Occupation": "ธุรกิจส่วนตัว", "HighestEducation": "ปริญญาตรี", "ImageFileId": "5c5d5870fbcb5f0fd8876622", "SelfIntroduceFileId": "5c60e209fbcb5f13a0b744fe", "PartyLogo": "https://storage.googleapis.com/candidate-thumbs/party/164.png", "CandididatePhoto": "https://storage.googleapis.com/candidate-thumbs/images/30-1-41.jpg"}]