[{"Unnamed: 0": 7236, "CandidateId": "0b9b1548-fd7c-41d8-ac5d-b40e97cecd02", "CandidateNo": 1, "FirstName": "สุภาพ", "LastName": "ขุนศรี", "PartyName": "ภูมิใจไทย", "PartyNumber": 63, "Title": "นาง", "Votable": true, "province_id": 80, "province_name": "นครศรีธรรมราช", "zone_number": 1, "PartyTerminated": false, "Age": 58, "Occupation": "สมาชิกสภาองค์การบริหารส่วนจังหวัดนครศรีธรรมราช", "HighestEducation": "ปริญญาตรี", "ImageFileId": "5c57ddb7fbcb5f1eec0e0ee8", "SelfIntroduceFileId": "5c57ee8ffbcb5f1eec0e9558", "PartyLogo": "https://storage.googleapis.com/candidate-thumbs/party/63.png", "CandididatePhoto": "https://storage.googleapis.com/candidate-thumbs/images/80-1-1.jpg"}, {"Unnamed: 0": 7237, "CandidateId": "4714451c-3060-4e0e-bcae-87093c1124d4", "CandidateNo": 2, "FirstName": "กรณ์", "LastName": "สาพรเจริญ", "PartyName": "อนาคตใหม่", "PartyNumber": 177, "Title": "นาย", "Votable": true, "province_id": 80, "province_name": "นครศรีธรรมราช", "zone_number": 1, "PartyTerminated": false, "Age": 40, "Occupation": "นักการเมืองท้องถิ่น", "HighestEducation": "ปริญญาโท", "ImageFileId": "5c57efdffbcb5f1eec0ea0af", "SelfIntroduceFileId": "5c57f62ffbcb5f1eec0ee15f", "PartyLogo": "https://storage.googleapis.com/candidate-thumbs/party/177.png", "CandididatePhoto": "https://storage.googleapis.com/candidate-thumbs/images/80-1-2.jpg"}, {"Unnamed: 0": 7238, "CandidateId": "778ca4fe-f144-4ce7-af65-f70a4a0fa56e", "CandidateNo": 3, "FirstName": "นริศา", "LastName": "อดิเทพวรพันธุ์", "PartyName": "ประชาธิปัตย์", "PartyNumber": 1, "Title": "นางสาว", "Votable": true, "province_id": 80, "province_name": "นครศรีธรรมราช", "zone_number": 1, "PartyTerminated": false, "Age": 53, "Occupation": "นักการเมือง", "HighestEducation": "ปริญญาตรี", "ImageFileId": "5c57f6c8fbcb5f1eec0ee772", "SelfIntroduceFileId": "5c57faeffbcb5f1eec0f1485", "PartyLogo": "https://storage.googleapis.com/candidate-thumbs/party/1.png", "CandididatePhoto": "https://storage.googleapis.com/candidate-thumbs/images/80-1-3.jpg"}, {"Unnamed: 0": 7239, "CandidateId": "c859ca27-c542-455a-a15c-0636c9b98191", "CandidateNo": 4, "FirstName": "นัฎฐ์ประชา", "LastName": "เกื้อสกุล", "PartyName": "พลังท้องถิ่นไท", "PartyNumber": 124, "Title": "นาย", "Votable": true, "province_id": 80, "province_name": "นครศรีธรรมราช", "zone_number": 1, "PartyTerminated": false, "Age": 54, "Occupation": "ธุรกิจส่วนตัว", "HighestEducation": "ปริญญาโท", "ImageFileId": "5c57fed8fbcb5f1eec0f4eba", "SelfIntroduceFileId": "5c580092fbcb5f1eec0f6281", "PartyLogo": "https://storage.googleapis.com/candidate-thumbs/party/124.png", "CandididatePhoto": "https://storage.googleapis.com/candidate-thumbs/images/80-1-4.jpg"}, {"Unnamed: 0": 7240, "CandidateId": "cfbaf8e3-f6da-4248-9171-1a69356c81b6", "CandidateNo": 5, "FirstName": "ภิญโญ", "LastName": "ชูสุวรรณ์", "PartyName": "เพื่อธรรม", "PartyNumber": 98, "Title": "นาย", "Votable": true, "province_id": 80, "province_name": "นครศรีธรรมราช", "zone_number": 1, "PartyTerminated": false, "Age": 62, "Occupation": "ผู้จัดการ", "HighestEducation": "ปริญญาตรี", "ImageFileId": "5c5a6484fbcb5f19bca9d392", "SelfIntroduceFileId": "5c5a6638fbcb5f19bca9dfe0", "PartyLogo": "https://storage.googleapis.com/candidate-thumbs/party/98.png", "CandididatePhoto": "https://storage.googleapis.com/candidate-thumbs/images/80-1-5.jpg"}, {"Unnamed: 0": 7241, "CandidateId": "68367652-999c-4647-92b2-e663a3167cda", "CandidateNo": 6, "FirstName": "พิมพ์ใจ", "LastName": "เมธีภัทรกุล", "PartyName": "ประชานิยม", "PartyNumber": 191, "Title": "นาง", "Votable": true, "province_id": 80, "province_name": "นครศรีธรรมราช", "zone_number": 1, "PartyTerminated": false, "Age": 61, "Occupation": "ข้าราชการบำนาญ", "HighestEducation": "ปริญญาโท", "ImageFileId": "5c580d2ffbcb5f1eec100b18", "SelfIntroduceFileId": "5c5d2b75fbcb5f0fd8859ab3", "PartyLogo": "https://storage.googleapis.com/candidate-thumbs/party/191.png", "CandididatePhoto": "https://storage.googleapis.com/candidate-thumbs/images/80-1-6.jpg"}, {"Unnamed: 0": 7242, "CandidateId": "c40c0d7c-4719-4704-bf12-c15d82a140fc", "CandidateNo": 7, "FirstName": "สุพิชฌาย์", "LastName": "โอ่เรือง", "PartyName": "รักษ์ผืนป่าประเทศไทย", "PartyNumber": 133, "Title": "นาง", "Votable": true, "province_id": 80, "province_name": "นครศรีธรรมราช", "zone_number": 1, "PartyTerminated": false, "Age": 40, "Occupation": "ตัวแทนประกันชีวิต", "HighestEducation": "ปริญญาตรี", "ImageFileId": "5c5811ecfbcb5f1eec103e4b", "SelfIntroduceFileId": "5c5813d0fbcb5f1eec10502f", "PartyLogo": "https://storage.googleapis.com/candidate-thumbs/party/133.png", "CandididatePhoto": "https://storage.googleapis.com/candidate-thumbs/images/80-1-7.jpg"}, {"Unnamed: 0": 7243, "CandidateId": "2f4d5cb4-38f9-4d58-990c-16e06260e29c", "CandidateNo": 8, "FirstName": "พิเชฐ", "LastName": "กวีวงศ์ประวัติ", "PartyName": "ไทยรักษาชาติ", "PartyNumber": 77, "Title": "นาย", "Votable": true, "province_id": 80, "province_name": "นครศรีธรรมราช", "zone_number": 1, "PartyTerminated": true, "Age": 54, "Occupation": "นักการเมืองท้องถิ่น", "HighestEducation": "ปริญญาตรี", "ImageFileId": "5c5816c1fbcb5f1eec106635", "SelfIntroduceFileId": "5c5817ecfbcb5f1eec10708e", "PartyLogo": "https://storage.googleapis.com/candidate-thumbs/party/77.png", "CandididatePhoto": "https://storage.googleapis.com/candidate-thumbs/images/80-1-8.jpg"}, {"Unnamed: 0": 7244, "CandidateId": "d7be15e6-0c89-4418-970c-f9dfd108c6cf", "CandidateNo": 9, "FirstName": "รงค์", "LastName": "บุญสวยขวัญ", "PartyName": "พลังประชารัฐ", "PartyNumber": 192, "Title": "นาย", "Votable": true, "province_id": 80, "province_name": "นครศรีธรรมราช", "zone_number": 1, "PartyTerminated": false, "Age": 58, "Occupation": "อาจารย์มหาวิทยาลัย", "HighestEducation": "ปริญญาเอก", "ImageFileId": "5c581af9fbcb5f1eec10825b", "SelfIntroduceFileId": "5c581c9afbcb5f1eec10886b", "PartyLogo": "https://storage.googleapis.com/candidate-thumbs/party/192.png", "CandididatePhoto": "https://storage.googleapis.com/candidate-thumbs/images/80-1-9.jpg"}, {"Unnamed: 0": 7245, "CandidateId": "cefec938-7767-4d65-be04-c02551d48be0", "CandidateNo": 10, "FirstName": "รุ่งวิทย์", "LastName": "มีภพ", "PartyName": "ชาติพัฒนา", "PartyNumber": 45, "Title": "จ่าสิบเอก", "Votable": true, "province_id": 80, "province_name": "นครศรีธรรมราช", "zone_number": 1, "PartyTerminated": false, "Age": 57, "Occupation": "ข้าราชการบำนาญ", "HighestEducation": "ต่ำกว่าปริญญาตรี", "ImageFileId": "5c581f7efbcb5f1eec10972c", "SelfIntroduceFileId": "5c582068fbcb5f1eec109b75", "PartyLogo": "https://storage.googleapis.com/candidate-thumbs/party/45.png", "CandididatePhoto": "https://storage.googleapis.com/candidate-thumbs/images/80-1-10.jpg"}, {"Unnamed: 0": 7246, "CandidateId": "a7db7c23-e5a6-4065-8772-4ccc74d95ae4", "CandidateNo": 11, "FirstName": "วิโรจน์", "LastName": "พรหมสุด", "PartyName": "ชาติไทยพัฒนา", "PartyNumber": 55, "Title": "นาย", "Votable": true, "province_id": 80, "province_name": "นครศรีธรรมราช", "zone_number": 1, "PartyTerminated": false, "Age": 43, "Occupation": "อาจารย์มหาวิทยาลัย", "HighestEducation": "ปริญญาเอก", "ImageFileId": "5c5823a6fbcb5f1eec10a809", "SelfIntroduceFileId": "5c5824d0fbcb5f1eec10adea", "PartyLogo": "https://storage.googleapis.com/candidate-thumbs/party/55.png", "CandididatePhoto": "https://storage.googleapis.com/candidate-thumbs/images/80-1-11.jpg"}, {"Unnamed: 0": 7247, "CandidateId": "c581b6e1-9555-4168-b0e4-140a2fc0ef39", "CandidateNo": 12, "FirstName": "รัชดา", "LastName": "สังข์กรด", "PartyName": "คลองไทย", "PartyNumber": 189, "Title": "นางสาว", "Votable": true, "province_id": 80, "province_name": "นครศรีธรรมราช", "zone_number": 1, "PartyTerminated": false, "Age": 47, "Occupation": "รับจ้าง", "HighestEducation": "ปริญญาตรี", "ImageFileId": "5c58293ffbcb5f1eec10baf4", "SelfIntroduceFileId": "5c582b6efbcb5f1eec10c0e3", "PartyLogo": "https://storage.googleapis.com/candidate-thumbs/party/189.png", "CandididatePhoto": "https://storage.googleapis.com/candidate-thumbs/images/80-1-12.jpg"}, {"Unnamed: 0": 7248, "CandidateId": "a73490f1-ba98-414d-88ff-e84e230765ae", "CandidateNo": 13, "FirstName": "พิตรธนวัตร", "LastName": "สุวรรณวัฒน์", "PartyName": "รวมใจไทย", "PartyNumber": 174, "Title": "นาย", "Votable": true, "province_id": 80, "province_name": "นครศรีธรรมราช", "zone_number": 1, "PartyTerminated": false, "Age": 56, "Occupation": "นักธุรกิจ", "HighestEducation": "ปริญญาตรี", "ImageFileId": "5c582d36fbcb5f1eec10c4c4", "SelfIntroduceFileId": "5c591271fbcb5f1d8814bbce", "PartyLogo": "https://storage.googleapis.com/candidate-thumbs/party/174.png", "CandididatePhoto": "https://storage.googleapis.com/candidate-thumbs/images/80-1-13.jpg"}, {"Unnamed: 0": 7249, "CandidateId": "e2137834-0f1b-4a4c-9479-13f976f1853a", "CandidateNo": 14, "FirstName": "สาคร", "LastName": "ศรีไกรทัย", "PartyName": "เสรีรวมไทย", "PartyNumber": 145, "Title": "นาย", "Votable": true, "province_id": 80, "province_name": "นครศรีธรรมราช", "zone_number": 1, "PartyTerminated": false, "Age": 58, "Occupation": "นักจัดรายการวิทยุ", "HighestEducation": "ต่ำกว่าปริญญาตรี", "ImageFileId": "5c582e55fbcb5f1eec10c6d7", "SelfIntroduceFileId": "5c58fa85fbcb5f1d881389ef", "PartyLogo": "https://storage.googleapis.com/candidate-thumbs/party/145.png", "CandididatePhoto": "https://storage.googleapis.com/candidate-thumbs/images/80-1-14.jpg"}, {"Unnamed: 0": 7250, "CandidateId": "b66d78fd-b97d-49ed-916d-e358cc559c27", "CandidateNo": 15, "FirstName": "ประเสริฐ", "LastName": "ลิมปนัดดา", "PartyName": "ประชาธรรมไทย", "PartyNumber": 190, "Title": "นาย", "Votable": true, "province_id": 80, "province_name": "นครศรีธรรมราช", "zone_number": 1, "PartyTerminated": false, "Age": 68, "Occupation": "พนักงานรัฐวิสาหกิจ", "HighestEducation": "ปริญญาตรี", "ImageFileId": "5c582f74fbcb5f1eec10c8d8", "SelfIntroduceFileId": "5c58ff0dfbcb5f1d8813b4b8", "PartyLogo": "https://storage.googleapis.com/candidate-thumbs/party/190.png", "CandididatePhoto": "https://storage.googleapis.com/candidate-thumbs/images/80-1-15.jpg"}, {"Unnamed: 0": 7251, "CandidateId": "3a180505-a4e2-41e5-91fa-609f1d9c9bb1", "CandidateNo": 16, "FirstName": "สัญญา", "LastName": "ฉายาวิก", "PartyName": "กรีน", "PartyNumber": 206, "Title": "ว่าที่ร้อยตรี", "Votable": true, "province_id": 80, "province_name": "นครศรีธรรมราช", "zone_number": 1, "PartyTerminated": false, "Age": 44, "Occupation": "ธุรกิจส่วนตัว", "HighestEducation": "ปริญญาตรี", "ImageFileId": "5c5830e0fbcb5f1eec10cc3b", "SelfIntroduceFileId": "5c591efcfbcb5f1d88152aea", "PartyLogo": "https://storage.googleapis.com/candidate-thumbs/party/206.png", "CandididatePhoto": "https://storage.googleapis.com/candidate-thumbs/images/80-1-16.jpg"}, {"Unnamed: 0": 7252, "CandidateId": "20aa3142-823e-4f06-8e97-4ebc44349491", "CandidateNo": 17, "FirstName": "ดวงจันทร์", "LastName": "เพรสคอทท์", "PartyName": "เพื่อชาติ", "PartyNumber": 149, "Title": "นาง", "Votable": true, "province_id": 80, "province_name": "นครศรีธรรมราช", "zone_number": 1, "PartyTerminated": false, "Age": 63, "Occupation": "ข้าราชการบำนาญ", "HighestEducation": "ปริญญาตรี", "ImageFileId": "5c583215fbcb5f1eec10cdcf", "SelfIntroduceFileId": "5c590b1dfbcb5f1d88145235", "PartyLogo": "https://storage.googleapis.com/candidate-thumbs/party/149.png", "CandididatePhoto": "https://storage.googleapis.com/candidate-thumbs/images/80-1-17.jpg"}, {"Unnamed: 0": 7253, "CandidateId": "ef397019-c2dc-45f7-a3f2-aeb9a9dc8d82", "CandidateNo": 18, "FirstName": "บุญฤกษ์", "LastName": "ณ นคร", "PartyName": "ประชาภิวัฒน์", "PartyNumber": 172, "Title": "นาย", "Votable": true, "province_id": 80, "province_name": "นครศรีธรรมราช", "zone_number": 1, "PartyTerminated": false, "Age": 48, "Occupation": "ลูกจ้าง", "HighestEducation": "ปริญญาตรี", "ImageFileId": "5c583356fbcb5f1eec10cf95", "SelfIntroduceFileId": "5c591068fbcb5f1d88149fe7", "PartyLogo": "https://storage.googleapis.com/candidate-thumbs/party/172.png", "CandididatePhoto": "https://storage.googleapis.com/candidate-thumbs/images/80-1-18.jpg"}, {"Unnamed: 0": 7254, "CandidateId": "fb9b0dfa-83b9-4b20-94d2-7b8fa35213de", "CandidateNo": 19, "FirstName": "จิรชัย", "LastName": "เชาวลิต", "PartyName": "ประชาชาติ", "PartyNumber": 187, "Title": "นาย", "Votable": true, "province_id": 80, "province_name": "นครศรีธรรมราช", "zone_number": 1, "PartyTerminated": false, "Age": 62, "Occupation": "นักพัฒนาชุมชน", "HighestEducation": "ปริญญาโท", "ImageFileId": "5c58347bfbcb5f1eec10cff6", "SelfIntroduceFileId": "5c591689fbcb5f1d8814ebe4", "PartyLogo": "https://storage.googleapis.com/candidate-thumbs/party/187.png", "CandididatePhoto": "https://storage.googleapis.com/candidate-thumbs/images/80-1-19.jpg"}, {"Unnamed: 0": 7255, "CandidateId": "7a5e55dd-40e3-4768-928b-2bdbaf485d27", "CandidateNo": 20, "FirstName": "จรูญ", "LastName": "วัชรกาฬ", "PartyName": "ประชาธิปไตยใหม่", "PartyNumber": 109, "Title": "นาย", "Votable": true, "province_id": 80, "province_name": "นครศรีธรรมราช", "zone_number": 1, "PartyTerminated": false, "Age": 61, "Occupation": "เกษตรกร", "HighestEducation": "ต่ำกว่าปริญญาตรี", "ImageFileId": "5c58f6cefbcb5f1d8813622a", "SelfIntroduceFileId": "5c591c0cfbcb5f1d88151716", "PartyLogo": "https://storage.googleapis.com/candidate-thumbs/party/109.png", "CandididatePhoto": "https://storage.googleapis.com/candidate-thumbs/images/80-1-20.jpg"}, {"Unnamed: 0": 7256, "CandidateId": "4b3aa954-0221-4d3d-98d0-c37e8dc53a8d", "CandidateNo": 21, "FirstName": "ณรงค์", "LastName": "สุขเกษม", "PartyName": "ประชาชนปฏิรูป", "PartyNumber": 176, "Title": "นาย", "Votable": true, "province_id": 80, "province_name": "นครศรีธรรมราช", "zone_number": 1, "PartyTerminated": false, "Age": 43, "Occupation": "พ่อครัวร้านอาคาร", "HighestEducation": "ปริญญาตรี", "ImageFileId": "5c592aeafbcb5f1d8815b04a", "SelfIntroduceFileId": "5c593b7dfbcb5f1d88169f86", "PartyLogo": "https://storage.googleapis.com/candidate-thumbs/party/176.png", "CandididatePhoto": "https://storage.googleapis.com/candidate-thumbs/images/80-1-21.jpg"}, {"Unnamed: 0": 7257, "CandidateId": "ccc60581-992a-4511-8b2d-35bc4c9f15f3", "CandidateNo": 22, "FirstName": "ทิมาภรณ์", "LastName": "ชัยชนะ", "PartyName": "ภราดรภาพ", "PartyNumber": 154, "Title": "นาง", "Votable": true, "province_id": 80, "province_name": "นครศรีธรรมราช", "zone_number": 1, "PartyTerminated": false, "Age": 48, "Occupation": "ตัวแทนประกันชีวิต", "HighestEducation": "ต่ำกว่าปริญญาตรี", "ImageFileId": "5c593124fbcb5f1d88160e7b", "SelfIntroduceFileId": "5c594a47fbcb5f1d8817698f", "PartyLogo": "https://storage.googleapis.com/candidate-thumbs/party/154.png", "CandididatePhoto": "https://storage.googleapis.com/candidate-thumbs/images/80-1-22.jpg"}, {"Unnamed: 0": 7258, "CandidateId": "73aef806-3cad-460e-83ef-6e3c3df5c681", "CandidateNo": 23, "FirstName": "ณัฐวีร์", "LastName": "ภูมี", "PartyName": "แผ่นดินธรรม", "PartyNumber": 188, "Title": "นาย", "Votable": true, "province_id": 80, "province_name": "นครศรีธรรมราช", "zone_number": 1, "PartyTerminated": false, "Age": 55, "Occupation": "ทำสวน", "HighestEducation": "ปริญญาตรี", "ImageFileId": "5c5a8202fbcb5f19bcaa753a", "SelfIntroduceFileId": "5c5a861bfbcb5f19bcaa9547", "PartyLogo": "https://storage.googleapis.com/candidate-thumbs/party/188.png", "CandididatePhoto": "https://storage.googleapis.com/candidate-thumbs/images/80-1-23.jpg"}, {"Unnamed: 0": 7259, "CandidateId": "737033f5-03af-424e-9dfe-67e6e06dd11d", "CandidateNo": 24, "FirstName": "ธกร", "LastName": "สุวรรณไชย", "PartyName": "ไทยศรีวิไลย์", "PartyNumber": 180, "Title": "นาย", "Votable": true, "province_id": 80, "province_name": "นครศรีธรรมราช", "zone_number": 1, "PartyTerminated": false, "Age": 40, "Occupation": "พนักงานบริษัท", "HighestEducation": "ปริญญาตรี", "ImageFileId": "5c5a8e53fbcb5f19bcaad042", "SelfIntroduceFileId": "5c5a909efbcb5f19bcaae1fb", "PartyLogo": "https://storage.googleapis.com/candidate-thumbs/party/180.png", "CandididatePhoto": "https://storage.googleapis.com/candidate-thumbs/images/80-1-24.jpg"}, {"Unnamed: 0": 7260, "CandidateId": "00c1f5ff-3aa8-40cf-be30-f59edaf92a97", "CandidateNo": 25, "FirstName": "เกศรา", "LastName": "เลขมาศ", "PartyName": "ครูไทยเพื่อประชาชน", "PartyNumber": 118, "Title": "นางสาว", "Votable": true, "province_id": 80, "province_name": "นครศรีธรรมราช", "zone_number": 1, "PartyTerminated": false, "Age": 51, "Occupation": "เกษตร", "HighestEducation": "ต่ำกว่าปริญญาตรี", "ImageFileId": "5c5b948ffbcb5f16fc654170", "SelfIntroduceFileId": "5c5b96f4fbcb5f16fc654b41", "PartyLogo": "https://storage.googleapis.com/candidate-thumbs/party/118.png", "CandididatePhoto": "https://storage.googleapis.com/candidate-thumbs/images/80-1-25.jpg"}, {"Unnamed: 0": 7261, "CandidateId": "325cb10b-3cdd-4ad7-acc1-7e57ad481945", "CandidateNo": 26, "FirstName": "ฐิติรัตน์", "LastName": "ภูชงค์", "PartyName": "พลังไทยรักไทย", "PartyNumber": 185, "Title": "นาง", "Votable": true, "province_id": 80, "province_name": "นครศรีธรรมราช", "zone_number": 1, "PartyTerminated": false, "Age": 53, "Occupation": "ธุรกิจส่วนตัว", "HighestEducation": "ต่ำกว่าปริญญาตรี", "ImageFileId": "5c5bb7cefbcb5f16fc6637cd", "SelfIntroduceFileId": "5c5bb904fbcb5f16fc663fc3", "PartyLogo": "https://storage.googleapis.com/candidate-thumbs/party/185.png", "CandididatePhoto": "https://storage.googleapis.com/candidate-thumbs/images/80-1-26.jpg"}, {"Unnamed: 0": 7262, "CandidateId": "566a1bbe-b28e-4d94-b11a-204e7e41c1a3", "CandidateNo": 27, "FirstName": "กฤษฎา", "LastName": "เดชสุวรรณรัศมี", "PartyName": "เศรษฐกิจใหม่", "PartyNumber": 193, "Title": "นาย", "Votable": true, "province_id": 80, "province_name": "นครศรีธรรมราช", "zone_number": 1, "PartyTerminated": false, "Age": 60, "Occupation": "พนักงานรัฐวิสาหกิจ", "HighestEducation": "ปริญญาตรี", "ImageFileId": "5c5bd0c9fbcb5f16fc66c0e7", "SelfIntroduceFileId": "5c5bd322fbcb5f16fc66d3cf", "PartyLogo": "https://storage.googleapis.com/candidate-thumbs/party/193.png", "CandididatePhoto": "https://storage.googleapis.com/candidate-thumbs/images/80-1-27.jpg"}, {"Unnamed: 0": 7263, "CandidateId": "b1b6907c-127c-45fa-a9ec-e46777461154", "CandidateNo": 28, "FirstName": "ครรชิต", "LastName": "เอียดแก้ว", "PartyName": "ถิ่นกาขาวชาววิไล", "PartyNumber": 129, "Title": "นาย", "Votable": true, "province_id": 80, "province_name": "นครศรีธรรมราช", "zone_number": 1, "PartyTerminated": false, "Age": 29, "Occupation": "พนักงานบริษัท", "HighestEducation": "ปริญญาตรี", "ImageFileId": "5c5bdb80fbcb5f16fc6715c9", "SelfIntroduceFileId": "5c5bdce2fbcb5f16fc67215b", "PartyLogo": "https://storage.googleapis.com/candidate-thumbs/party/129.png", "CandididatePhoto": "https://storage.googleapis.com/candidate-thumbs/images/80-1-28.jpg"}, {"Unnamed: 0": 7264, "CandidateId": "da3333c0-f6c1-46e9-97f5-1a3029762805", "CandidateNo": 29, "FirstName": "ขวัญเดือน", "LastName": "สุบรรณ์", "PartyName": "พลังสังคม", "PartyNumber": 198, "Title": "นางสาว", "Votable": true, "province_id": 80, "province_name": "นครศรีธรรมราช", "zone_number": 1, "PartyTerminated": false, "Age": 47, "Occupation": "ธุรกิจส่วนตัว", "HighestEducation": "ปริญญาโท", "ImageFileId": "5c5ce894fbcb5f16fc68c07e", "SelfIntroduceFileId": "5c5cee91fbcb5f16fc68e31a", "PartyLogo": "https://storage.googleapis.com/candidate-thumbs/party/198.png", "CandididatePhoto": "https://storage.googleapis.com/candidate-thumbs/images/80-1-29.jpg"}, {"Unnamed: 0": 7265, "CandidateId": "36db53e3-4efd-4c24-bf87-12b736450d02", "CandidateNo": 30, "FirstName": "สายัณห์", "LastName": "เจียมสวัสดิ์", "PartyName": "พลังปวงชนไทย", "PartyNumber": 184, "Title": "นาย", "Votable": true, "province_id": 80, "province_name": "นครศรีธรรมราช", "zone_number": 1, "PartyTerminated": false, "Age": 58, "Occupation": "รับราชการครู", "HighestEducation": "ปริญญาเอก", "ImageFileId": "5c5cfb3afbcb5f0fd8845a88", "SelfIntroduceFileId": "5c5cfde8fbcb5f0fd8846ec5", "PartyLogo": "https://storage.googleapis.com/candidate-thumbs/party/184.png", "CandididatePhoto": "https://storage.googleapis.com/candidate-thumbs/images/80-1-30.jpg"}, {"Unnamed: 0": 7266, "CandidateId": "517c1864-8597-4e13-a880-c491c3bdb207", "CandidateNo": 31, "FirstName": "พิมพา", "LastName": "ขุนทองจันทร์", "PartyName": "ทางเลือกใหม่", "PartyNumber": 170, "Title": "นางสาว", "Votable": true, "province_id": 80, "province_name": "นครศรีธรรมราช", "zone_number": 1, "PartyTerminated": false, "Age": 44, "Occupation": "พนักงานทำความสะอาด", "HighestEducation": "ต่ำกว่าปริญญาตรี", "ImageFileId": "5c5d0392fbcb5f0fd884a162", "SelfIntroduceFileId": "5c5d05d9fbcb5f0fd884b3d6", "PartyLogo": "https://storage.googleapis.com/candidate-thumbs/party/170.png", "CandididatePhoto": "https://storage.googleapis.com/candidate-thumbs/images/80-1-31.jpg"}, {"Unnamed: 0": 7267, "CandidateId": "69db0eea-98ec-4a3b-b39b-b3e6fecdd203", "CandidateNo": 32, "FirstName": "จำเนียร", "LastName": "วิบูลย์ศิลป์", "PartyName": "รวมพลังประชาชาติไทย", "PartyNumber": 181, "Title": "นาย", "Votable": true, "province_id": 80, "province_name": "นครศรีธรรมราช", "zone_number": 1, "PartyTerminated": false, "Age": 60, "Occupation": "นักกฎหมาย", "HighestEducation": "ปริญญาตรี", "ImageFileId": "5c5d0cfffbcb5f0fd884dfbc", "SelfIntroduceFileId": "5c5d0e7cfbcb5f0fd884ea16", "PartyLogo": "https://storage.googleapis.com/candidate-thumbs/party/181.png", "CandididatePhoto": "https://storage.googleapis.com/candidate-thumbs/images/80-1-32.jpg"}, {"Unnamed: 0": 7268, "CandidateId": "1dd00ee8-218d-44ed-a92d-169d6ba6ba70", "CandidateNo": 33, "FirstName": "อญาภรณ์", "LastName": "พรหมแก้ว", "PartyName": "ผึ้งหลวง", "PartyNumber": 164, "Title": "นาง", "Votable": true, "province_id": 80, "province_name": "นครศรีธรรมราช", "zone_number": 1, "PartyTerminated": false, "Age": 58, "Occupation": "ธุรกิจส่วนตัว", "HighestEducation": "ปริญญาโท", "ImageFileId": "5c5d23f6fbcb5f0fd8855d7b", "SelfIntroduceFileId": "5c5d25ddfbcb5f0fd8856c71", "PartyLogo": "https://storage.googleapis.com/candidate-thumbs/party/164.png", "CandididatePhoto": "https://storage.googleapis.com/candidate-thumbs/images/80-1-33.jpg"}, {"Unnamed: 0": 7269, "CandidateId": "8980fbcd-a709-48a1-ad70-de66048bd0a3", "CandidateNo": 34, "FirstName": "ดารุณี", "LastName": "ฉัตรรุ่งเรืองสุข", "PartyName": "พลังศรัทธา", "PartyNumber": 201, "Title": "นาง", "Votable": true, "province_id": 80, "province_name": "นครศรีธรรมราช", "zone_number": 1, "PartyTerminated": false, "Age": 58, "Occupation": "ค้าขาย", "HighestEducation": "ต่ำกว่าปริญญาตรี", "ImageFileId": "5c5d3059fbcb5f0fd885c47b", "SelfIntroduceFileId": "5c5d32eafbcb5f0fd885da39", "PartyLogo": "https://storage.googleapis.com/candidate-thumbs/party/201.png", "CandididatePhoto": "https://storage.googleapis.com/candidate-thumbs/images/80-1-34.jpg"}, {"Unnamed: 0": 7270, "CandidateId": "1ce644ee-37af-4d81-9f7f-9636ce4b4a24", "CandidateNo": 35, "FirstName": "สุพจน์", "LastName": "สมนึก", "PartyName": "พลังชาติไทย", "PartyNumber": 186, "Title": "นาย", "Votable": true, "province_id": 80, "province_name": "นครศรีธรรมราช", "zone_number": 1, "PartyTerminated": false, "Age": 49, "Occupation": "ข้าราชการกระทรวงกลาโหม (กองทัพเรือ)", "HighestEducation": "ปริญญาตรี", "ImageFileId": "5c5d39dafbcb5f0fd8860faa", "SelfIntroduceFileId": "5c5d3ba1fbcb5f0fd8861f8b", "PartyLogo": "https://storage.googleapis.com/candidate-thumbs/party/186.png", "CandididatePhoto": "https://storage.googleapis.com/candidate-thumbs/images/80-1-35.jpg"}, {"Unnamed: 0": 7271, "CandidateId": "de0ed3ce-0409-4604-a2ee-fe609a2481b5", "CandidateNo": 36, "FirstName": "กริตยา", "LastName": "แสงสุริยันต์", "PartyName": "ภูมิพลังเกษตรกรไทย", "PartyNumber": 197, "Title": "นาง", "Votable": true, "province_id": 80, "province_name": "นครศรีธรรมราช", "zone_number": 1, "PartyTerminated": false, "Age": 65, "Occupation": "ข้าราชการบำนาญศาลยุติธรรม", "HighestEducation": "ปริญญาโท", "ImageFileId": "5c5d3e98fbcb5f0fd8863e47", "SelfIntroduceFileId": "5c5d3fb0fbcb5f0fd8864955", "PartyLogo": "https://storage.googleapis.com/candidate-thumbs/party/197.png", "CandididatePhoto": "https://storage.googleapis.com/candidate-thumbs/images/80-1-36.jpg"}, {"Unnamed: 0": 7272, "CandidateId": "3044c557-bd4b-4fda-bddc-32047b0f9225", "CandidateNo": 37, "FirstName": "อัจฉรา", "LastName": "ราชมณี", "PartyName": "ไทรักธรรม", "PartyNumber": 144, "Title": "นาง", "Votable": true, "province_id": 80, "province_name": "นครศรีธรรมราช", "zone_number": 1, "PartyTerminated": false, "Age": 61, "Occupation": "เจ้าหน้าที่ธนาคาร", "HighestEducation": "ต่ำกว่าปริญญาตรี", "ImageFileId": "5c5d4ad0fbcb5f0fd886c5b0", "SelfIntroduceFileId": "5c5d4c34fbcb5f0fd886d5cb", "PartyLogo": "https://storage.googleapis.com/candidate-thumbs/party/144.png", "CandididatePhoto": "https://storage.googleapis.com/candidate-thumbs/images/80-1-37.jpg"}]