[{"Unnamed: 0": 1274, "CandidateId": "f832b1dc-242b-4969-9924-ac163f83711b", "CandidateNo": 1, "FirstName": "อนุวัฒน์", "LastName": "ท้าวเชียง", "PartyName": "เพื่อชาติ", "PartyNumber": 149, "Title": "นาย", "Votable": true, "province_id": 55, "province_name": "น่าน", "zone_number": 2, "PartyTerminated": false, "Age": 55, "Occupation": "ตำรวจ", "HighestEducation": "ปริญญาตรี", "ImageFileId": "5c592bbafbcb5f1d8815bfdd", "SelfIntroduceFileId": "5c592d94fbcb5f1d8815dd2b", "PartyLogo": "https://storage.googleapis.com/candidate-thumbs/party/149.png", "CandididatePhoto": "https://storage.googleapis.com/candidate-thumbs/images/55-2-1.jpg"}, {"Unnamed: 0": 1275, "CandidateId": "c84efc3b-2d5c-4ac5-872e-0284896260f5", "CandidateNo": 2, "FirstName": "ธนู", "LastName": "ภัทรวรากุล", "PartyName": "ประชาชาติ", "PartyNumber": 187, "Title": "นาย", "Votable": true, "province_id": 55, "province_name": "น่าน", "zone_number": 2, "PartyTerminated": false, "Age": 52, "Occupation": "เกษตร/ค้าขาย", "HighestEducation": "ต่ำกว่าปริญญาตรี", "ImageFileId": "5c592e9dfbcb5f1d8815ed20", "SelfIntroduceFileId": "5c5930ddfbcb5f1d88160c43", "PartyLogo": "https://storage.googleapis.com/candidate-thumbs/party/187.png", "CandididatePhoto": "https://storage.googleapis.com/candidate-thumbs/images/55-2-2.jpg"}, {"Unnamed: 0": 1276, "CandidateId": "72141a75-d7e6-4024-b60f-b5407024c16b", "CandidateNo": 3, "FirstName": "ณฐกร", "LastName": "พุฒตรง", "PartyName": "พลังปวงชนไทย", "PartyNumber": 184, "Title": "นาย", "Votable": true, "province_id": 55, "province_name": "น่าน", "zone_number": 2, "PartyTerminated": false, "Age": 44, "Occupation": "นักการเมือง", "HighestEducation": "ปริญญาโท", "ImageFileId": "5c5932e9fbcb5f1d8816281b", "SelfIntroduceFileId": "5c59340afbcb5f1d88163668", "PartyLogo": "https://storage.googleapis.com/candidate-thumbs/party/184.png", "CandididatePhoto": "https://storage.googleapis.com/candidate-thumbs/images/55-2-3.jpg"}, {"Unnamed: 0": 1277, "CandidateId": "4a758d94-528a-43b6-a38b-dcd454ddf645", "CandidateNo": 4, "FirstName": "วัชรินทร์", "LastName": "อินต๊ะวิชัย", "PartyName": "รวมพลังประชาชาติไทย", "PartyNumber": 181, "Title": "นาย", "Votable": true, "province_id": 55, "province_name": "น่าน", "zone_number": 2, "PartyTerminated": false, "Age": 66, "Occupation": "ครู", "HighestEducation": "ปริญญาตรี", "ImageFileId": "5c59363dfbcb5f1d881651fd", "SelfIntroduceFileId": "5c593702fbcb5f1d88165edc", "PartyLogo": "https://storage.googleapis.com/candidate-thumbs/party/181.png", "CandididatePhoto": "https://storage.googleapis.com/candidate-thumbs/images/55-2-4.jpg"}, {"Unnamed: 0": 1278, "CandidateId": "d736c6c2-9620-4e24-b4b2-b1ef323c6796", "CandidateNo": 5, "FirstName": "เสริฐ", "LastName": "เจริญดี", "PartyName": "พลังประชารัฐ", "PartyNumber": 192, "Title": "นาย", "Votable": true, "province_id": 55, "province_name": "น่าน", "zone_number": 2, "PartyTerminated": false, "Age": 54, "Occupation": "ธุรกิจส่วนตัว", "HighestEducation": "ปริญญาโท", "ImageFileId": "5c5938aefbcb5f1d88167910", "SelfIntroduceFileId": "5c5939a8fbcb5f1d881687de", "PartyLogo": "https://storage.googleapis.com/candidate-thumbs/party/192.png", "CandididatePhoto": "https://storage.googleapis.com/candidate-thumbs/images/55-2-5.jpg"}, {"Unnamed: 0": 1279, "CandidateId": "6b81b0da-2ad8-4038-8056-75d7af30b3fc", "CandidateNo": 6, "FirstName": "ชลน่าน", "LastName": "ศรีแก้ว", "PartyName": "เพื่อไทย", "PartyNumber": 34, "Title": "นาย", "Votable": true, "province_id": 55, "province_name": "น่าน", "zone_number": 2, "PartyTerminated": false, "Age": 57, "Occupation": "นักการเมือง", "HighestEducation": "ปริญญาโท", "ImageFileId": "5c593b8efbcb5f1d8816a03d", "SelfIntroduceFileId": "5c593d37fbcb5f1d8816b388", "PartyLogo": "https://storage.googleapis.com/candidate-thumbs/party/34.png", "CandididatePhoto": "https://storage.googleapis.com/candidate-thumbs/images/55-2-6.jpg"}, {"Unnamed: 0": 1280, "CandidateId": "641e37d8-a1dc-457a-a048-3cfa75f0e3d6", "CandidateNo": 7, "FirstName": "จาตุรนต์ ", "LastName": "อินนาอัคราคุณ", "PartyName": "ประชาธิปัตย์", "PartyNumber": 1, "Title": "นาย", "Votable": true, "province_id": 55, "province_name": "น่าน", "zone_number": 2, "PartyTerminated": false, "Age": 54, "Occupation": "ทนายความ", "HighestEducation": "ปริญญาตรี", "ImageFileId": "5c593e29fbcb5f1d8816c1dc", "SelfIntroduceFileId": "5c593ee7fbcb5f1d8816cbd3", "PartyLogo": "https://storage.googleapis.com/candidate-thumbs/party/1.png", "CandididatePhoto": "https://storage.googleapis.com/candidate-thumbs/images/55-2-7.jpg"}, {"Unnamed: 0": 1281, "CandidateId": "31f61d46-aa24-4137-b02c-1896ba017aec", "CandidateNo": 8, "FirstName": "สวงษ์", "LastName": "ใหม่จันทร์", "PartyName": "ภราดรภาพ", "PartyNumber": 154, "Title": "ดาบตำรวจ", "Votable": true, "province_id": 55, "province_name": "น่าน", "zone_number": 2, "PartyTerminated": false, "Age": 66, "Occupation": "ตำรวจ", "HighestEducation": "ปริญญาตรี", "ImageFileId": "5c593f5dfbcb5f1d8816cfe3", "SelfIntroduceFileId": "5c59410dfbcb5f1d8816eb8e", "PartyLogo": "https://storage.googleapis.com/candidate-thumbs/party/154.png", "CandididatePhoto": "https://storage.googleapis.com/candidate-thumbs/images/55-2-8.jpg"}, {"Unnamed: 0": 1282, "CandidateId": "dc4e8974-2e9c-472a-9d4a-672f2e67c212", "CandidateNo": 9, "FirstName": "สมาน", "LastName": "บุตรราช", "PartyName": "ประชาภิวัฒน์", "PartyNumber": 172, "Title": "พันตำรวจโท", "Votable": true, "province_id": 55, "province_name": "น่าน", "zone_number": 2, "PartyTerminated": false, "Age": 61, "Occupation": "ค้าขาย", "HighestEducation": "ปริญญาตรี", "ImageFileId": "5c59446ffbcb5f1d881715fb", "SelfIntroduceFileId": "5c5944fafbcb5f1d88171deb", "PartyLogo": "https://storage.googleapis.com/candidate-thumbs/party/172.png", "CandididatePhoto": "https://storage.googleapis.com/candidate-thumbs/images/55-2-9.jpg"}, {"Unnamed: 0": 1283, "CandidateId": "d7e32986-0a7f-4beb-b066-5c38ded638af", "CandidateNo": 10, "FirstName": "ชัยวุฒิ", "LastName": "คูอาริยะกุล", "PartyName": "ชาติไทยพัฒนา", "PartyNumber": 55, "Title": "นาย", "Votable": true, "province_id": 55, "province_name": "น่าน", "zone_number": 2, "PartyTerminated": false, "Age": 53, "Occupation": "ค้าขาย", "HighestEducation": "ปริญญาเอก", "ImageFileId": "5c594621fbcb5f1d88172e23", "SelfIntroduceFileId": "5c5946ddfbcb5f1d88173b5e", "PartyLogo": "https://storage.googleapis.com/candidate-thumbs/party/55.png", "CandididatePhoto": "https://storage.googleapis.com/candidate-thumbs/images/55-2-10.jpg"}, {"Unnamed: 0": 1284, "CandidateId": "c562bc3a-fed2-41ef-b952-4bfd00482fcc", "CandidateNo": 11, "FirstName": "ชมพล", "LastName": "พรมกามินทร์", "PartyName": "เพื่อแผ่นดิน", "PartyNumber": 41, "Title": "นาย", "Votable": true, "province_id": 55, "province_name": "น่าน", "zone_number": 2, "PartyTerminated": false, "Age": 64, "Occupation": "เกษตรกร", "HighestEducation": "ต่ำกว่าปริญญาตรี", "ImageFileId": "5c59478cfbcb5f1d88174568", "SelfIntroduceFileId": "5c5948b2fbcb5f1d88175443", "PartyLogo": "https://storage.googleapis.com/candidate-thumbs/party/41.png", "CandididatePhoto": "https://storage.googleapis.com/candidate-thumbs/images/55-2-11.jpg"}, {"Unnamed: 0": 1285, "CandidateId": "91a7e2c3-a16b-4ca6-9a59-feae6d01fa4d", "CandidateNo": 12, "FirstName": "วราภรณ์", "LastName": "บุญศัพย์", "PartyName": "พลังท้องถิ่นไท", "PartyNumber": 124, "Title": "นาง", "Votable": true, "province_id": 55, "province_name": "น่าน", "zone_number": 2, "PartyTerminated": false, "Age": 53, "Occupation": "รับจ้าง", "HighestEducation": "ปริญญาตรี", "ImageFileId": "5c5949b4fbcb5f1d88176342", "SelfIntroduceFileId": "5c594a60fbcb5f1d88176b54", "PartyLogo": "https://storage.googleapis.com/candidate-thumbs/party/124.png", "CandididatePhoto": "https://storage.googleapis.com/candidate-thumbs/images/55-2-12.jpg"}, {"Unnamed: 0": 1286, "CandidateId": "61b40045-b715-4323-a93e-1e101eee311b", "CandidateNo": 13, "FirstName": "จีระสิทธิ์", "LastName": "แสงประจักษ์", "PartyName": "รักษ์ผืนป่าประเทศไทย", "PartyNumber": 133, "Title": "นาย", "Votable": false, "province_id": 55, "province_name": "น่าน", "zone_number": 2, "PartyTerminated": false, "Age": 54, "Occupation": "พนักงานรัฐวิสาหกิจ", "HighestEducation": "ปริญญาตรี", "ImageFileId": "5c594b20fbcb5f1d881775fb", "SelfIntroduceFileId": "5c594bd2fbcb5f1d88177c4c", "PartyLogo": "https://storage.googleapis.com/candidate-thumbs/party/133.png", "CandididatePhoto": "https://storage.googleapis.com/candidate-thumbs/images/55-2-13.jpg"}, {"Unnamed: 0": 1287, "CandidateId": "503d0c88-86e2-4f75-acdb-9cd63d0bb068", "CandidateNo": 14, "FirstName": "สุขวิชณิ์", "LastName": "มาไชย", "PartyName": "เสรีรวมไทย", "PartyNumber": 145, "Title": "นาย", "Votable": true, "province_id": 55, "province_name": "น่าน", "zone_number": 2, "PartyTerminated": false, "Age": 59, "Occupation": "เกษตรกร", "HighestEducation": "ต่ำกว่าปริญญาตรี", "ImageFileId": "5c594e6ffbcb5f1d88179db6", "SelfIntroduceFileId": "5c594f23fbcb5f1d8817a5d8", "PartyLogo": "https://storage.googleapis.com/candidate-thumbs/party/145.png", "CandididatePhoto": "https://storage.googleapis.com/candidate-thumbs/images/55-2-14.jpg"}, {"Unnamed: 0": 1288, "CandidateId": "b3a725d4-8262-4bfc-8843-3680436e4308", "CandidateNo": 15, "FirstName": "สุรวุฒิ", "LastName": "อินนะใจ", "PartyName": "อนาคตใหม่", "PartyNumber": 177, "Title": "นาย", "Votable": true, "province_id": 55, "province_name": "น่าน", "zone_number": 2, "PartyTerminated": false, "Age": 40, "Occupation": "เกษตรกร", "HighestEducation": "ปริญญาตรี", "ImageFileId": "5c594f67fbcb5f1d8817a766", "SelfIntroduceFileId": "5c595162fbcb5f1d8817c52d", "PartyLogo": "https://storage.googleapis.com/candidate-thumbs/party/177.png", "CandididatePhoto": "https://storage.googleapis.com/candidate-thumbs/images/55-2-15.jpg"}, {"Unnamed: 0": 1289, "CandidateId": "19e93833-cc1a-4ad7-9cbf-a39f57205495", "CandidateNo": 16, "FirstName": "หฤษฏกูล", "LastName": "ชูดิษยสกุล", "PartyName": "ประชาชนปฏิรูป", "PartyNumber": 176, "Title": "นาย", "Votable": true, "province_id": 55, "province_name": "น่าน", "zone_number": 2, "PartyTerminated": false, "Age": 38, "Occupation": "รับจ้าง", "HighestEducation": "ปริญญาโท", "ImageFileId": "5c59518bfbcb5f1d8817c72f", "SelfIntroduceFileId": "5c595201fbcb5f1d8817cadb", "PartyLogo": "https://storage.googleapis.com/candidate-thumbs/party/176.png", "CandididatePhoto": "https://storage.googleapis.com/candidate-thumbs/images/55-2-16.jpg"}, {"Unnamed: 0": 1290, "CandidateId": "f532dd60-bdf9-4730-be40-897af7d605e1", "CandidateNo": 17, "FirstName": "ชนานุช", "LastName": "เป็งแก้ว", "PartyName": "ประชานิยม", "PartyNumber": 191, "Title": "นาง", "Votable": true, "province_id": 55, "province_name": "น่าน", "zone_number": 2, "PartyTerminated": false, "Age": 42, "Occupation": "รับจ้าง", "HighestEducation": "ปริญญาตรี", "ImageFileId": "5c5a6517fbcb5f19bca9d619", "SelfIntroduceFileId": "5c5a6691fbcb5f19bca9e342", "PartyLogo": "https://storage.googleapis.com/candidate-thumbs/party/191.png", "CandididatePhoto": "https://storage.googleapis.com/candidate-thumbs/images/55-2-17.jpg"}, {"Unnamed: 0": 1291, "CandidateId": "03699f4c-c101-4c14-9396-9bebd02037ab", "CandidateNo": 18, "FirstName": "ศักดา", "LastName": "ศรีเทพ", "PartyName": "ครูไทยเพื่อประชาชน", "PartyNumber": 118, "Title": "นาย", "Votable": true, "province_id": 55, "province_name": "น่าน", "zone_number": 2, "PartyTerminated": false, "Age": 60, "Occupation": "ครู", "HighestEducation": "ปริญญาตรี", "ImageFileId": "5c5ba783fbcb5f16fc65b66c", "SelfIntroduceFileId": "5c5ba80cfbcb5f16fc65ba6d", "PartyLogo": "https://storage.googleapis.com/candidate-thumbs/party/118.png", "CandididatePhoto": "https://storage.googleapis.com/candidate-thumbs/images/55-2-18.jpg"}, {"Unnamed: 0": 1292, "CandidateId": "fda3e3ab-b626-4872-842d-2511da625414", "CandidateNo": 19, "FirstName": "ผ่าน", "LastName": "สีแก้ว", "PartyName": "เศรษฐกิจใหม่", "PartyNumber": 193, "Title": "นาย", "Votable": true, "province_id": 55, "province_name": "น่าน", "zone_number": 2, "PartyTerminated": false, "Age": 60, "Occupation": "เกษตรกร", "HighestEducation": "ต่ำกว่าปริญญาตรี", "ImageFileId": "5c5ba8fbfbcb5f16fc65c0ce", "SelfIntroduceFileId": "5c5ba9a9fbcb5f16fc65c4a0", "PartyLogo": "https://storage.googleapis.com/candidate-thumbs/party/193.png", "CandididatePhoto": "https://storage.googleapis.com/candidate-thumbs/images/55-2-19.jpg"}, {"Unnamed: 0": 1293, "CandidateId": "574f55bf-3862-4037-a0d6-8a5eaded90bb", "CandidateNo": 20, "FirstName": "โชตินภา", "LastName": "ธุระจริง", "PartyName": "ภูมิใจไทย", "PartyNumber": 63, "Title": "นาง", "Votable": true, "province_id": 55, "province_name": "น่าน", "zone_number": 2, "PartyTerminated": false, "Age": 57, "Occupation": "ธุระกิจส่วนตัว", "HighestEducation": "ปริญญาตรี", "ImageFileId": "5c5baab0fbcb5f16fc65cbae", "SelfIntroduceFileId": "5c5bab16fbcb5f16fc65ce7e", "PartyLogo": "https://storage.googleapis.com/candidate-thumbs/party/63.png", "CandididatePhoto": "https://storage.googleapis.com/candidate-thumbs/images/55-2-20.jpg"}, {"Unnamed: 0": 1294, "CandidateId": "1bbef8e4-c281-4b3e-9acb-a51096d85696", "CandidateNo": 21, "FirstName": "วรัทยา", "LastName": "อินตุ้ย", "PartyName": "พลังไทยรักไทย", "PartyNumber": 185, "Title": "นาง", "Votable": true, "province_id": 55, "province_name": "น่าน", "zone_number": 2, "PartyTerminated": false, "Age": 53, "Occupation": "รับจ้าง", "HighestEducation": "ปริญญาตรี", "ImageFileId": "5c5bda8dfbcb5f16fc670ce8", "SelfIntroduceFileId": "5c5bdcd6fbcb5f16fc6720f1", "PartyLogo": "https://storage.googleapis.com/candidate-thumbs/party/185.png", "CandididatePhoto": "https://storage.googleapis.com/candidate-thumbs/images/55-2-21.jpg"}, {"Unnamed: 0": 1295, "CandidateId": "007bdfbf-09fc-4cd1-a3ec-ba062510f503", "CandidateNo": 22, "FirstName": "สายันต์", "LastName": "ก้อนใหม่", "PartyName": "ชาติพันธุ์ไทย", "PartyNumber": 196, "Title": "นาย", "Votable": true, "province_id": 55, "province_name": "น่าน", "zone_number": 2, "PartyTerminated": false, "Age": 65, "Occupation": "ครู", "HighestEducation": "ปริญญาตรี", "ImageFileId": "5c5be431fbcb5f16fc675d29", "SelfIntroduceFileId": "5c5be4b9fbcb5f16fc675ff1", "PartyLogo": "https://storage.googleapis.com/candidate-thumbs/party/196.png", "CandididatePhoto": "https://storage.googleapis.com/candidate-thumbs/images/55-2-22.jpg"}, {"Unnamed: 0": 1296, "CandidateId": "802e3896-ec07-446c-8d0a-2c0127126161", "CandidateNo": 23, "FirstName": "พรพชรวรรณ", "LastName": "ทิพย์บุญศรี", "PartyName": "พลังชาติไทย", "PartyNumber": 186, "Title": "นางสาว", "Votable": true, "province_id": 55, "province_name": "น่าน", "zone_number": 2, "PartyTerminated": false, "Age": 55, "Occupation": "ค้าขาย", "HighestEducation": "ต่ำกว่าปริญญาตรี", "ImageFileId": "5c5bf793fbcb5f16fc67ff80", "SelfIntroduceFileId": "5c5bf841fbcb5f16fc6803f7", "PartyLogo": "https://storage.googleapis.com/candidate-thumbs/party/186.png", "CandididatePhoto": "https://storage.googleapis.com/candidate-thumbs/images/55-2-23.jpg"}, {"Unnamed: 0": 1297, "CandidateId": "b433f334-266b-4226-a33e-adc2a4a1c3ec", "CandidateNo": 24, "FirstName": "สุมนทิพย์", "LastName": "ก๋าวงค์", "PartyName": "กรีน", "PartyNumber": 206, "Title": "ว่าที่ร้อยตรีหญิง", "Votable": true, "province_id": 55, "province_name": "น่าน", "zone_number": 2, "PartyTerminated": false, "Age": 33, "Occupation": "เกษตรกร", "HighestEducation": "ปริญญาตรี", "ImageFileId": "5c5cf99efbcb5f0fd8844c5f", "SelfIntroduceFileId": "5c5cfa55fbcb5f0fd8845229", "PartyLogo": "https://storage.googleapis.com/candidate-thumbs/party/206.png", "CandididatePhoto": "https://storage.googleapis.com/candidate-thumbs/images/55-2-24.jpg"}, {"Unnamed: 0": 1298, "CandidateId": "95bf8c76-5d5c-46fb-a5df-05007e827bf3", "CandidateNo": 25, "FirstName": "สัจจา", "LastName": "แสนซุ้ง", "PartyName": "พลังแผ่นดินทอง", "PartyNumber": 202, "Title": "นาย", "Votable": true, "province_id": 55, "province_name": "น่าน", "zone_number": 2, "PartyTerminated": false, "Age": 62, "Occupation": "เกษตรกร", "HighestEducation": "ต่ำกว่าปริญญาตรี", "ImageFileId": "5c5d1de9fbcb5f0fd8852df5", "SelfIntroduceFileId": "5c5d1e58fbcb5f0fd88530d3", "PartyLogo": "https://storage.googleapis.com/candidate-thumbs/party/202.png", "CandididatePhoto": "https://storage.googleapis.com/candidate-thumbs/images/55-2-25.jpg"}, {"Unnamed: 0": 1299, "CandidateId": "07ee2fed-118a-41d2-8c5a-528aa1957779", "CandidateNo": 26, "FirstName": "พินิตย์", "LastName": "ณ น่าน", "PartyName": "ประชาธรรมไทย", "PartyNumber": 190, "Title": "นาย", "Votable": true, "province_id": 55, "province_name": "น่าน", "zone_number": 2, "PartyTerminated": false, "Age": 58, "Occupation": "เกษตรกร", "HighestEducation": "ต่ำกว่าปริญญาตรี", "ImageFileId": "5c5d2763fbcb5f0fd8857892", "SelfIntroduceFileId": "5c5d2aa9fbcb5f0fd8859503", "PartyLogo": "https://storage.googleapis.com/candidate-thumbs/party/190.png", "CandididatePhoto": "https://storage.googleapis.com/candidate-thumbs/images/55-2-26.jpg"}, {"Unnamed: 0": 1300, "CandidateId": "152ff0b9-9212-4ab6-a18b-e59d83323376", "CandidateNo": 27, "FirstName": "บุญส่ง", "LastName": "ปัญญาสา", "PartyName": "แทนคุณแผ่นดิน", "PartyNumber": 53, "Title": "นาย", "Votable": true, "province_id": 55, "province_name": "น่าน", "zone_number": 2, "PartyTerminated": false, "Age": 52, "Occupation": "เกษตรกร", "HighestEducation": "ต่ำกว่าปริญญาตรี", "ImageFileId": "5c5d5447fbcb5f0fd8872d57", "SelfIntroduceFileId": "5c5d54bbfbcb5f0fd88731a7", "PartyLogo": "https://storage.googleapis.com/candidate-thumbs/party/53.png", "CandididatePhoto": "https://storage.googleapis.com/candidate-thumbs/images/55-2-27.jpg"}, {"Unnamed: 0": 1301, "CandidateId": "6e6f4267-c8ac-4476-8aff-d24f15176dda", "CandidateNo": 28, "FirstName": "ประกรณ์", "LastName": "ทิศเป็ง", "PartyName": "ไทรักธรรม", "PartyNumber": 144, "Title": "นาย", "Votable": true, "province_id": 55, "province_name": "น่าน", "zone_number": 2, "PartyTerminated": false, "Age": 63, "Occupation": "ครู", "HighestEducation": "ปริญญาตรี", "ImageFileId": "5c5d5525fbcb5f0fd8873a47", "SelfIntroduceFileId": "5c5d55c2fbcb5f0fd8874551", "PartyLogo": "https://storage.googleapis.com/candidate-thumbs/party/144.png", "CandididatePhoto": "https://storage.googleapis.com/candidate-thumbs/images/55-2-28.jpg"}]