[{"Unnamed: 0": 9850, "CandidateId": "4ad91914-2ea5-4194-8076-3c501a4be93d", "CandidateNo": 1, "FirstName": "จักรกฤช", "LastName": "ผาสุขมูล", "PartyName": "เพื่อไทย", "PartyNumber": 34, "Title": "นาย", "Votable": true, "province_id": 30, "province_name": "นครราชสีมา", "zone_number": 4, "PartyTerminated": false, "Age": 29, "Occupation": "รับจ้าง", "HighestEducation": "ปริญญาตรี", "ImageFileId": "5c57b6d9fbcb5f1eec0d2389", "SelfIntroduceFileId": "5c58e39efbcb5f1d8812de68", "PartyLogo": "https://storage.googleapis.com/candidate-thumbs/party/34.png", "CandididatePhoto": "https://storage.googleapis.com/candidate-thumbs/images/30-4-1.jpg"}, {"Unnamed: 0": 9851, "CandidateId": "cd5502dd-ab22-4e84-87f5-935bf433c9f5", "CandidateNo": 2, "FirstName": "เขมิณทรา", "LastName": "ก้านพลูกลาง", "PartyName": "พลังปวงชนไทย", "PartyNumber": 184, "Title": "นางสาว", "Votable": true, "province_id": 30, "province_name": "นครราชสีมา", "zone_number": 4, "PartyTerminated": false, "Age": 46, "Occupation": "นักวิชาการอิสระ", "HighestEducation": "ปริญญาเอก", "ImageFileId": "5c57f568fbcb5f1eec0ed8ab", "SelfIntroduceFileId": "5c58e932fbcb5f1d8812f3aa", "PartyLogo": "https://storage.googleapis.com/candidate-thumbs/party/184.png", "CandididatePhoto": "https://storage.googleapis.com/candidate-thumbs/images/30-4-2.jpg"}, {"Unnamed: 0": 9852, "CandidateId": "1ddafc74-2b3d-43ce-a455-61e784008e94", "CandidateNo": 3, "FirstName": "นิภาวดี", "LastName": "ศรีสันเทียะ", "PartyName": "ประชาชาติ", "PartyNumber": 187, "Title": "นางสาว", "Votable": false, "province_id": 30, "province_name": "นครราชสีมา", "zone_number": 4, "PartyTerminated": false, "Age": 29, "Occupation": "นักธุรกิจ", "HighestEducation": "ปริญญาตรี", "ImageFileId": "5c57f5a0fbcb5f1eec0eda99", "SelfIntroduceFileId": "5c58efa1fbcb5f1d88131a4b", "PartyLogo": "https://storage.googleapis.com/candidate-thumbs/party/187.png", "CandididatePhoto": "https://storage.googleapis.com/candidate-thumbs/images/30-4-3.jpg"}, {"Unnamed: 0": 9853, "CandidateId": "0e423907-6d25-4d74-9583-d8041b0ecfa8", "CandidateNo": 4, "FirstName": "รุณ", "LastName": "ทองสุขนอก", "PartyName": "เพื่อนไทย", "PartyNumber": 179, "Title": "นาย", "Votable": false, "province_id": 30, "province_name": "นครราชสีมา", "zone_number": 4, "PartyTerminated": false, "Age": 66, "Occupation": "ทำนา", "HighestEducation": "ต่ำกว่าปริญญาตรี", "ImageFileId": "5c57f5dafbcb5f1eec0edd49", "SelfIntroduceFileId": "5c58f4c2fbcb5f1d88134b3f", "PartyLogo": "https://storage.googleapis.com/candidate-thumbs/party/179.png", "CandididatePhoto": "https://storage.googleapis.com/candidate-thumbs/images/30-4-4.jpg"}, {"Unnamed: 0": 9854, "CandidateId": "97549c03-f28f-41ce-9f81-52d97f0d33e6", "CandidateNo": 5, "FirstName": "ถาวร", "LastName": "หวังหามกลาง", "PartyName": "เสรีรวมไทย", "PartyNumber": 145, "Title": "นาย", "Votable": true, "province_id": 30, "province_name": "นครราชสีมา", "zone_number": 4, "PartyTerminated": false, "Age": 60, "Occupation": "รองนายกเทศมนตรีเทศบาลตำบลหนองน้ำใส", "HighestEducation": "ปริญญาโท", "ImageFileId": "5c57c793fbcb5f1eec0da92f", "SelfIntroduceFileId": "5c58fdbefbcb5f1d8813a564", "PartyLogo": "https://storage.googleapis.com/candidate-thumbs/party/145.png", "CandididatePhoto": "https://storage.googleapis.com/candidate-thumbs/images/30-4-5.jpg"}, {"Unnamed: 0": 9855, "CandidateId": "83fe0607-26d0-4dbc-8ca9-a5fed9ae1c9d", "CandidateNo": 6, "FirstName": "ไพฑูรย์", "LastName": "คงจันทร์", "PartyName": "ประชาภิวัฒน์", "PartyNumber": 172, "Title": "นาย", "Votable": true, "province_id": 30, "province_name": "นครราชสีมา", "zone_number": 4, "PartyTerminated": false, "Age": 53, "Occupation": "ครูสอนพระปริยัติธรรม", "HighestEducation": "ปริญญาตรี", "ImageFileId": "5c57c9dbfbcb5f1eec0db8cd", "SelfIntroduceFileId": "5c590057fbcb5f1d8813c7a6", "PartyLogo": "https://storage.googleapis.com/candidate-thumbs/party/172.png", "CandididatePhoto": "https://storage.googleapis.com/candidate-thumbs/images/30-4-6.jpg"}, {"Unnamed: 0": 9856, "CandidateId": "355f2468-ed18-43dc-af82-79393166350d", "CandidateNo": 7, "FirstName": "สามารถ", "LastName": "โปร่งสันเทียะ", "PartyName": "รักษ์ผืนป่าประเทศไทย", "PartyNumber": 133, "Title": "นาย", "Votable": true, "province_id": 30, "province_name": "นครราชสีมา", "zone_number": 4, "PartyTerminated": false, "Age": 60, "Occupation": "เกษตรกรรม", "HighestEducation": "ต่ำกว่าปริญญาตรี", "ImageFileId": "5c57cbd3fbcb5f1eec0dbe9c", "SelfIntroduceFileId": "5c59050bfbcb5f1d8813fed8", "PartyLogo": "https://storage.googleapis.com/candidate-thumbs/party/133.png", "CandididatePhoto": "https://storage.googleapis.com/candidate-thumbs/images/30-4-7.jpg"}, {"Unnamed: 0": 9857, "CandidateId": "02c80e46-dd79-4b24-9eda-ca43137aeaef", "CandidateNo": 8, "FirstName": "ธนภัทร", "LastName": "ชองรัมย์", "PartyName": "รวมพลังประชาชาติไทย", "PartyNumber": 181, "Title": "นาย", "Votable": true, "province_id": 30, "province_name": "นครราชสีมา", "zone_number": 4, "PartyTerminated": false, "Age": 41, "Occupation": "ธุรกิจส่วนตัว", "HighestEducation": "ปริญญาตรี", "ImageFileId": "5c57f6e5fbcb5f1eec0ee83b", "SelfIntroduceFileId": "5c590cadfbcb5f1d8814685c", "PartyLogo": "https://storage.googleapis.com/candidate-thumbs/party/181.png", "CandididatePhoto": "https://storage.googleapis.com/candidate-thumbs/images/30-4-8.jpg"}, {"Unnamed: 0": 9858, "CandidateId": "d3155932-0c44-4fd0-90f1-d71b911bb488", "CandidateNo": 9, "FirstName": "ทวิรัฐ", "LastName": "รัตนเศรษฐ", "PartyName": "พลังประชารัฐ", "PartyNumber": 192, "Title": "นาย", "Votable": true, "province_id": 30, "province_name": "นครราชสีมา", "zone_number": 4, "PartyTerminated": false, "Age": 30, "Occupation": "ธุรกิจส่วนตัว", "HighestEducation": "ปริญญาโท", "ImageFileId": "5c57d5abfbcb5f1eec0de59a", "SelfIntroduceFileId": "5c59113ffbcb5f1d8814a960", "PartyLogo": "https://storage.googleapis.com/candidate-thumbs/party/192.png", "CandididatePhoto": "https://storage.googleapis.com/candidate-thumbs/images/30-4-9.jpg"}, {"Unnamed: 0": 9859, "CandidateId": "8dbeb1ea-aa7c-4b15-b83d-5a479f53ddab", "CandidateNo": 10, "FirstName": "สมเกียรติ", "LastName": "ตันดิลกตระกูล", "PartyName": "ภูมิใจไทย", "PartyNumber": 63, "Title": "นาย", "Votable": true, "province_id": 30, "province_name": "นครราชสีมา", "zone_number": 4, "PartyTerminated": false, "Age": 58, "Occupation": "สมาชิกสภาจังหวัดนครราชสีมา", "HighestEducation": "ปริญญาโท", "ImageFileId": "5c57d76dfbcb5f1eec0decd3", "SelfIntroduceFileId": "5c591875fbcb5f1d8814fa75", "PartyLogo": "https://storage.googleapis.com/candidate-thumbs/party/63.png", "CandididatePhoto": "https://storage.googleapis.com/candidate-thumbs/images/30-4-10.jpg"}, {"Unnamed: 0": 9860, "CandidateId": "ec72a11f-b010-4dda-bf8e-44f12a466082", "CandidateNo": 11, "FirstName": "สิทธิชัย", "LastName": "พุฒกลาง", "PartyName": "ชาติพัฒนา", "PartyNumber": 45, "Title": "นาย", "Votable": true, "province_id": 30, "province_name": "นครราชสีมา", "zone_number": 4, "PartyTerminated": false, "Age": 60, "Occupation": "รับราชการครู", "HighestEducation": "ปริญญาเอก", "ImageFileId": "5c57dac7fbcb5f1eec0dfd73", "SelfIntroduceFileId": "5c591e21fbcb5f1d8815254d", "PartyLogo": "https://storage.googleapis.com/candidate-thumbs/party/45.png", "CandididatePhoto": "https://storage.googleapis.com/candidate-thumbs/images/30-4-11.jpg"}, {"Unnamed: 0": 9861, "CandidateId": "d6cb8b98-af11-482f-942c-9a20a8a26451", "CandidateNo": 12, "FirstName": "สุรินทร์", "LastName": "วาจาสิทธิ์", "PartyName": "ประชานิยม", "PartyNumber": 191, "Title": "นาย", "Votable": true, "province_id": 30, "province_name": "นครราชสีมา", "zone_number": 4, "PartyTerminated": false, "Age": 64, "Occupation": "รับราชการ", "HighestEducation": "ปริญญาโท", "ImageFileId": "5c57de1cfbcb5f1eec0e136a", "SelfIntroduceFileId": "5c5925eafbcb5f1d88156eab", "PartyLogo": "https://storage.googleapis.com/candidate-thumbs/party/191.png", "CandididatePhoto": "https://storage.googleapis.com/candidate-thumbs/images/30-4-12.jpg"}, {"Unnamed: 0": 9862, "CandidateId": "05cbdb7a-c30b-46e9-8ebd-4190119f2c7d", "CandidateNo": 13, "FirstName": "จรัญ", "LastName": "เสาวกุล", "PartyName": "ประชาธิปัตย์", "PartyNumber": 1, "Title": "นาย", "Votable": true, "province_id": 30, "province_name": "นครราชสีมา", "zone_number": 4, "PartyTerminated": false, "Age": 60, "Occupation": "เกษตรกร", "HighestEducation": "ปริญญาโท", "ImageFileId": "5c57e0c9fbcb5f1eec0e221a", "SelfIntroduceFileId": "5c592f81fbcb5f1d8815f85e", "PartyLogo": "https://storage.googleapis.com/candidate-thumbs/party/1.png", "CandididatePhoto": "https://storage.googleapis.com/candidate-thumbs/images/30-4-13.jpg"}, {"Unnamed: 0": 9863, "CandidateId": "70983c4c-b02f-47a7-b410-7ae21d2060ec", "CandidateNo": 14, "FirstName": "ทักษิณ", "LastName": "เขื่อนโคกสูง", "PartyName": "เพื่อชาติ", "PartyNumber": 149, "Title": "นาย", "Votable": true, "province_id": 30, "province_name": "นครราชสีมา", "zone_number": 4, "PartyTerminated": false, "Age": 54, "Occupation": "รับจ้างทั่วไป", "HighestEducation": "ปริญญาตรี", "ImageFileId": "5c57e768fbcb5f1eec0e57e8", "SelfIntroduceFileId": "5c5934f0fbcb5f1d881641e6", "PartyLogo": "https://storage.googleapis.com/candidate-thumbs/party/149.png", "CandididatePhoto": "https://storage.googleapis.com/candidate-thumbs/images/30-4-14.jpg"}, {"Unnamed: 0": 9864, "CandidateId": "29ec8981-fa22-4822-9257-9b17f775510c", "CandidateNo": 15, "FirstName": "วิเชียร", "LastName": "สามสูงเนิน", "PartyName": "ประชาชนปฏิรูป", "PartyNumber": 176, "Title": "พันเอก", "Votable": true, "province_id": 30, "province_name": "นครราชสีมา", "zone_number": 4, "PartyTerminated": false, "Age": 68, "Occupation": "ทหารบก(ยศ พ.อ.) เหล่าแพทย์", "HighestEducation": "ปริญญาตรี", "ImageFileId": "5c57e991fbcb5f1eec0e6a02", "SelfIntroduceFileId": "5c593b9ffbcb5f1d8816a0c4", "PartyLogo": "https://storage.googleapis.com/candidate-thumbs/party/176.png", "CandididatePhoto": "https://storage.googleapis.com/candidate-thumbs/images/30-4-15.jpg"}, {"Unnamed: 0": 9865, "CandidateId": "7c31602d-9ab6-415a-8ff4-61a5f4c1808b", "CandidateNo": 16, "FirstName": "สนม", "LastName": "ปะทักขินัง", "PartyName": "ไทยธรรม", "PartyNumber": 178, "Title": "นาย", "Votable": true, "province_id": 30, "province_name": "นครราชสีมา", "zone_number": 4, "PartyTerminated": false, "Age": 51, "Occupation": "เกษตรกร", "HighestEducation": "ต่ำกว่าปริญญาตรี", "ImageFileId": "5c57ebe3fbcb5f1eec0e7ab4", "SelfIntroduceFileId": "5c594017fbcb5f1d8816dafd", "PartyLogo": "https://storage.googleapis.com/candidate-thumbs/party/178.png", "CandididatePhoto": "https://storage.googleapis.com/candidate-thumbs/images/30-4-16.jpg"}, {"Unnamed: 0": 9866, "CandidateId": "a96f08e9-81e1-48d2-bc5e-2f2def0b5f7f", "CandidateNo": 17, "FirstName": "ปรัชญา", "LastName": "เพชรวิสิทธิ์", "PartyName": "อนาคตใหม่", "PartyNumber": 177, "Title": "นาย", "Votable": true, "province_id": 30, "province_name": "นครราชสีมา", "zone_number": 4, "PartyTerminated": false, "Age": 25, "Occupation": "ธุรกิจส่วนตัว", "HighestEducation": "ต่ำกว่าปริญญาตรี", "ImageFileId": "5c57ffdffbcb5f1eec0f5a78", "SelfIntroduceFileId": "5c594787fbcb5f1d8817450a", "PartyLogo": "https://storage.googleapis.com/candidate-thumbs/party/177.png", "CandididatePhoto": "https://storage.googleapis.com/candidate-thumbs/images/30-4-17.jpg"}, {"Unnamed: 0": 9867, "CandidateId": "e0f419b4-2500-4bb6-bd1b-ac0d7fc4c06b", "CandidateNo": 18, "FirstName": "ปรีชา", "LastName": "ภูศรี", "PartyName": "ประชาธรรมไทย", "PartyNumber": 190, "Title": "นาย", "Votable": true, "province_id": 30, "province_name": "นครราชสีมา", "zone_number": 4, "PartyTerminated": false, "Age": 56, "Occupation": "ค้าขาย", "HighestEducation": "ต่ำกว่าปริญญาตรี", "ImageFileId": "5c594841fbcb5f1d88174ee3", "SelfIntroduceFileId": "5c594e8afbcb5f1d88179fc2", "PartyLogo": "https://storage.googleapis.com/candidate-thumbs/party/190.png", "CandididatePhoto": "https://storage.googleapis.com/candidate-thumbs/images/30-4-18.jpg"}, {"Unnamed: 0": 9868, "CandidateId": "cef1e829-059f-4385-967c-e1cb559bd27d", "CandidateNo": 19, "FirstName": "ภัชกุล", "LastName": "บุญญาเกื้อกูล", "PartyName": "พลังสังคม", "PartyNumber": 198, "Title": "นางสาว", "Votable": true, "province_id": 30, "province_name": "นครราชสีมา", "zone_number": 4, "PartyTerminated": false, "Age": 61, "Occupation": "ค้าขาย", "HighestEducation": "ต่ำกว่าปริญญาตรี", "ImageFileId": "5c594fbcfbcb5f1d8817abf1", "SelfIntroduceFileId": "5c5953fbfbcb5f1d8817dc61", "PartyLogo": "https://storage.googleapis.com/candidate-thumbs/party/198.png", "CandididatePhoto": "https://storage.googleapis.com/candidate-thumbs/images/30-4-19.jpg"}, {"Unnamed: 0": 9869, "CandidateId": "c8f988b0-d280-4667-9c9f-bccdb4bee6bf", "CandidateNo": 20, "FirstName": "ศตวรรษ", "LastName": "แก้วแสนไชย", "PartyName": "ชาติไทยพัฒนา", "PartyNumber": 55, "Title": "นาย", "Votable": true, "province_id": 30, "province_name": "นครราชสีมา", "zone_number": 4, "PartyTerminated": false, "Age": 51, "Occupation": "ทำนา", "HighestEducation": "ต่ำกว่าปริญญาตรี", "ImageFileId": "5c5a5300fbcb5f19bca94350", "SelfIntroduceFileId": "5c5aad89fbcb5f19bcab84cf", "PartyLogo": "https://storage.googleapis.com/candidate-thumbs/party/55.png", "CandididatePhoto": "https://storage.googleapis.com/candidate-thumbs/images/30-4-20.jpg"}, {"Unnamed: 0": 9870, "CandidateId": "12b9831c-8b36-432b-bfba-77c520dba4bd", "CandidateNo": 21, "FirstName": "เบญจมินทร์", "LastName": "พิมพา", "PartyName": "แผ่นดินธรรม", "PartyNumber": 188, "Title": "นาย", "Votable": true, "province_id": 30, "province_name": "นครราชสีมา", "zone_number": 4, "PartyTerminated": false, "Age": 45, "Occupation": "พนักงานบริษัท", "HighestEducation": "ต่ำกว่าปริญญาตรี", "ImageFileId": "5c5a5f31fbcb5f19bca9aa7e", "SelfIntroduceFileId": "5c5a6419fbcb5f19bca9d023", "PartyLogo": "https://storage.googleapis.com/candidate-thumbs/party/188.png", "CandididatePhoto": "https://storage.googleapis.com/candidate-thumbs/images/30-4-21.jpg"}, {"Unnamed: 0": 9871, "CandidateId": "b3556804-4d41-4405-97da-15706240112f", "CandidateNo": 22, "FirstName": "สมเกียรติ", "LastName": "จันทร์โพธิ์", "PartyName": "พลังท้องถิ่นไท", "PartyNumber": 124, "Title": "นาย", "Votable": true, "province_id": 30, "province_name": "นครราชสีมา", "zone_number": 4, "PartyTerminated": false, "Age": 63, "Occupation": "ข้าราชการ", "HighestEducation": "ปริญญาตรี", "ImageFileId": "5c5a7fc6fbcb5f19bcaa61c0", "SelfIntroduceFileId": "5c5a8151fbcb5f19bcaa6d73", "PartyLogo": "https://storage.googleapis.com/candidate-thumbs/party/124.png", "CandididatePhoto": "https://storage.googleapis.com/candidate-thumbs/images/30-4-22.jpg"}, {"Unnamed: 0": 9872, "CandidateId": "07d7c226-8ad7-44be-976b-316091f992c3", "CandidateNo": 23, "FirstName": "วิชิต", "LastName": "ขอชิดกลาง", "PartyName": "ประชากรไทย", "PartyNumber": 2, "Title": "นาย", "Votable": true, "province_id": 30, "province_name": "นครราชสีมา", "zone_number": 4, "PartyTerminated": false, "Age": 34, "Occupation": "ค้าขาย", "HighestEducation": "ปริญญาตรี", "ImageFileId": "5c5aad2afbcb5f19bcab83ac", "SelfIntroduceFileId": "5c5b9a30fbcb5f16fc6560bd", "PartyLogo": "https://storage.googleapis.com/candidate-thumbs/party/2.png", "CandididatePhoto": "https://storage.googleapis.com/candidate-thumbs/images/30-4-23.jpg"}, {"Unnamed: 0": 9873, "CandidateId": "d971ce55-9456-400f-90f8-cfde1fb6c331", "CandidateNo": 24, "FirstName": "วาสนา", "LastName": "เดิงขุนทด", "PartyName": "กรีน", "PartyNumber": 206, "Title": "นาง", "Votable": true, "province_id": 30, "province_name": "นครราชสีมา", "zone_number": 4, "PartyTerminated": false, "Age": 49, "Occupation": "เกษตร", "HighestEducation": "ต่ำกว่าปริญญาตรี", "ImageFileId": "5c5b9c7ffbcb5f16fc656a94", "SelfIntroduceFileId": "5c5ba330fbcb5f16fc659899", "PartyLogo": "https://storage.googleapis.com/candidate-thumbs/party/206.png", "CandididatePhoto": "https://storage.googleapis.com/candidate-thumbs/images/30-4-24.jpg"}, {"Unnamed: 0": 9874, "CandidateId": "4085c202-2b2b-4c03-8f7e-575f3a858fa2", "CandidateNo": 25, "FirstName": "เนรมิต", "LastName": "ปากหวาน", "PartyName": "พลังไทสร้างชาติ", "PartyNumber": 200, "Title": "นาย", "Votable": true, "province_id": 30, "province_name": "นครราชสีมา", "zone_number": 4, "PartyTerminated": false, "Age": 44, "Occupation": "รับจ้าง", "HighestEducation": "ต่ำกว่าปริญญาตรี", "ImageFileId": "5c5bcc43fbcb5f16fc66a257", "SelfIntroduceFileId": "5c5bcdb2fbcb5f16fc66aa3f", "PartyLogo": "https://storage.googleapis.com/candidate-thumbs/party/200.png", "CandididatePhoto": "https://storage.googleapis.com/candidate-thumbs/images/30-4-25.jpg"}, {"Unnamed: 0": 9875, "CandidateId": "c0680f96-750b-4fee-9f9f-43d126cb33e2", "CandidateNo": 26, "FirstName": "กันยา", "LastName": "สาระภี", "PartyName": "พลังชาติไทย", "PartyNumber": 186, "Title": "นาง", "Votable": true, "province_id": 30, "province_name": "นครราชสีมา", "zone_number": 4, "PartyTerminated": false, "Age": 51, "Occupation": "รับจ้าง", "HighestEducation": "ต่ำกว่าปริญญาตรี", "ImageFileId": "5c5be17afbcb5f16fc6748b9", "SelfIntroduceFileId": "5c5be33afbcb5f16fc6755c4", "PartyLogo": "https://storage.googleapis.com/candidate-thumbs/party/186.png", "CandididatePhoto": "https://storage.googleapis.com/candidate-thumbs/images/30-4-26.jpg"}, {"Unnamed: 0": 9876, "CandidateId": "a9d223f9-f843-4ae5-b702-6b3c73f908fe", "CandidateNo": 27, "FirstName": "วิชาญชัย", "LastName": "มานอกเจริญรุ่งโรจน์", "PartyName": "ทางเลือกใหม่", "PartyNumber": 170, "Title": "นาย", "Votable": true, "province_id": 30, "province_name": "นครราชสีมา", "zone_number": 4, "PartyTerminated": false, "Age": 47, "Occupation": "ค้าขาย", "HighestEducation": "ต่ำกว่าปริญญาตรี", "ImageFileId": "5c5d6e08fbcb5f0fd887fe32", "SelfIntroduceFileId": "5c5bf59cfbcb5f16fc67f341", "PartyLogo": "https://storage.googleapis.com/candidate-thumbs/party/170.png", "CandididatePhoto": "https://storage.googleapis.com/candidate-thumbs/images/30-4-27.jpg"}, {"Unnamed: 0": 9877, "CandidateId": "167bf7ef-18e9-4817-9059-d1d2c563aef8", "CandidateNo": 28, "FirstName": "ณิชากมล", "LastName": "สิงหกุมพล", "PartyName": "ภราดรภาพ", "PartyNumber": 154, "Title": "นางสาว", "Votable": true, "province_id": 30, "province_name": "นครราชสีมา", "zone_number": 4, "PartyTerminated": false, "Age": 25, "Occupation": "รับจ้าง", "HighestEducation": "ต่ำกว่าปริญญาตรี", "ImageFileId": "5c5ceddbfbcb5f16fc68df97", "SelfIntroduceFileId": "5c5cf01efbcb5f16fc68ece2", "PartyLogo": "https://storage.googleapis.com/candidate-thumbs/party/154.png", "CandididatePhoto": "https://storage.googleapis.com/candidate-thumbs/images/30-4-28.jpg"}, {"Unnamed: 0": 9878, "CandidateId": "6313dfe1-8ca2-4f1e-86c1-5bfdb62cb5b5", "CandidateNo": 29, "FirstName": "ชวลิต", "LastName": "วัชระสุขโพธิ์", "PartyName": "ครูไทยเพื่อประชาชน", "PartyNumber": 118, "Title": "นาย", "Votable": true, "province_id": 30, "province_name": "นครราชสีมา", "zone_number": 4, "PartyTerminated": false, "Age": 66, "Occupation": "รับจ้าง", "HighestEducation": "ต่ำกว่าปริญญาตรี", "ImageFileId": "5c5d01b0fbcb5f0fd8848f23", "SelfIntroduceFileId": "5c5d0622fbcb5f0fd884b5de", "PartyLogo": "https://storage.googleapis.com/candidate-thumbs/party/118.png", "CandididatePhoto": "https://storage.googleapis.com/candidate-thumbs/images/30-4-29.jpg"}, {"Unnamed: 0": 9879, "CandidateId": "0dbc27e3-ce77-42af-84ee-49761687fbee", "CandidateNo": 30, "FirstName": "สุพัตรา", "LastName": "หอมขจร", "PartyName": "พลังแผ่นดินทอง", "PartyNumber": 202, "Title": "นาง", "Votable": true, "province_id": 30, "province_name": "นครราชสีมา", "zone_number": 4, "PartyTerminated": false, "Age": 59, "Occupation": "แม่บ้าน", "HighestEducation": "ต่ำกว่าปริญญาตรี", "ImageFileId": "5c5d0989fbcb5f0fd884cc5a", "SelfIntroduceFileId": "5c5d1319fbcb5f0fd884fa8f", "PartyLogo": "https://storage.googleapis.com/candidate-thumbs/party/202.png", "CandididatePhoto": "https://storage.googleapis.com/candidate-thumbs/images/30-4-30.jpg"}, {"Unnamed: 0": 9880, "CandidateId": "5f1d2d6d-fb46-4e1f-94a8-d190d74c3ec0", "CandidateNo": 31, "FirstName": "กลวัชร", "LastName": "เผยกลาง", "PartyName": "พลังประชาธิปไตย", "PartyNumber": 153, "Title": "นาย", "Votable": true, "province_id": 30, "province_name": "นครราชสีมา", "zone_number": 4, "PartyTerminated": false, "Age": 44, "Occupation": "รับจ้างทั่วไป", "HighestEducation": "ต่ำกว่าปริญญาตรี", "ImageFileId": "5c5d3dc9fbcb5f0fd88636cc", "SelfIntroduceFileId": "5c5d4056fbcb5f0fd88651a2", "PartyLogo": "https://storage.googleapis.com/candidate-thumbs/party/153.png", "CandididatePhoto": "https://storage.googleapis.com/candidate-thumbs/images/30-4-31.jpg"}, {"Unnamed: 0": 9881, "CandidateId": "79257beb-a979-4db7-938d-1c800dafbd4e", "CandidateNo": 32, "FirstName": "กล้ารบ", "LastName": "สิงหกมลศึก", "PartyName": "ประชาไทย", "PartyNumber": 205, "Title": "นาย", "Votable": true, "province_id": 30, "province_name": "นครราชสีมา", "zone_number": 4, "PartyTerminated": false, "Age": 64, "Occupation": "ข้าราชการครู", "HighestEducation": "ปริญญาตรี", "ImageFileId": "5c5d4629fbcb5f0fd8868fb4", "SelfIntroduceFileId": "5c5d4865fbcb5f0fd886a574", "PartyLogo": "https://storage.googleapis.com/candidate-thumbs/party/205.png", "CandididatePhoto": "https://storage.googleapis.com/candidate-thumbs/images/30-4-32.jpg"}, {"Unnamed: 0": 9882, "CandidateId": "139e1d25-e1ee-4b61-b299-3632fe7cbba8", "CandidateNo": 33, "FirstName": "แดง", "LastName": "นกพรมพะเนา", "PartyName": "เศรษฐกิจใหม่", "PartyNumber": 193, "Title": "ดาบตำรวจ", "Votable": true, "province_id": 30, "province_name": "นครราชสีมา", "zone_number": 4, "PartyTerminated": false, "Age": 72, "Occupation": "ข้าราชการ", "HighestEducation": "ปริญญาตรี", "ImageFileId": "5c5d4d48fbcb5f0fd886dfc1", "SelfIntroduceFileId": "5c5d5581fbcb5f0fd8873fc9", "PartyLogo": "https://storage.googleapis.com/candidate-thumbs/party/193.png", "CandididatePhoto": "https://storage.googleapis.com/candidate-thumbs/images/30-4-33.jpg"}, {"Unnamed: 0": 9883, "CandidateId": "51939ab0-ec19-4253-8c20-821d88f5654b", "CandidateNo": 34, "FirstName": "เสริมศักดิ์", "LastName": "ปลั่งประเสริฐ", "PartyName": "ความหวังใหม่", "PartyNumber": 13, "Title": "นาย", "Votable": true, "province_id": 30, "province_name": "นครราชสีมา", "zone_number": 4, "PartyTerminated": false, "Age": 52, "Occupation": "ธูรกิจส่วนตัว", "HighestEducation": "ต่ำกว่าปริญญาตรี", "ImageFileId": "5c5d5ae7fbcb5f0fd887803f", "SelfIntroduceFileId": "5c5d6319fbcb5f0fd887c622", "PartyLogo": "https://storage.googleapis.com/candidate-thumbs/party/13.png", "CandididatePhoto": "https://storage.googleapis.com/candidate-thumbs/images/30-4-34.jpg"}, {"Unnamed: 0": 9884, "CandidateId": "21536b88-831d-4ffc-b954-867b4135e460", "CandidateNo": 35, "FirstName": "ชุมพล", "LastName": "ทวิธารคชา", "PartyName": "แทนคุณแผ่นดิน", "PartyNumber": 53, "Title": "ร้อยตรี", "Votable": true, "province_id": 30, "province_name": "นครราชสีมา", "zone_number": 4, "PartyTerminated": false, "Age": 69, "Occupation": "รับราชการ", "HighestEducation": "ปริญญาตรี", "ImageFileId": "5c5d5b3dfbcb5f0fd887838a", "SelfIntroduceFileId": "5c5d672bfbcb5f0fd887de2d", "PartyLogo": "https://storage.googleapis.com/candidate-thumbs/party/53.png", "CandididatePhoto": "https://storage.googleapis.com/candidate-thumbs/images/30-4-35.jpg"}, {"Unnamed: 0": 9885, "CandidateId": "c20484cb-1b2b-4b63-9416-51eac37a9920", "CandidateNo": 36, "FirstName": "วริยา", "LastName": "ขานสันเทียะ", "PartyName": "พลังศรัทธา", "PartyNumber": 201, "Title": "นางสาว", "Votable": true, "province_id": 30, "province_name": "นครราชสีมา", "zone_number": 4, "PartyTerminated": false, "Age": 37, "Occupation": "ธุรกิจส่วนตัว", "HighestEducation": "ต่ำกว่าปริญญาตรี", "ImageFileId": "5c5d7124fbcb5f0fd8880c3b", "SelfIntroduceFileId": "5c5d67c8fbcb5f0fd887e11d", "PartyLogo": "https://storage.googleapis.com/candidate-thumbs/party/201.png", "CandididatePhoto": "https://storage.googleapis.com/candidate-thumbs/images/30-4-36.jpg"}, {"Unnamed: 0": 9886, "CandidateId": "e01b8921-dcd5-4d2e-9f1d-69c37cad0a02", "CandidateNo": 37, "FirstName": "สุชาดา", "LastName": "สีพูน", "PartyName": "ไทรักธรรม", "PartyNumber": 144, "Title": "นาง", "Votable": true, "province_id": 30, "province_name": "นครราชสีมา", "zone_number": 4, "PartyTerminated": false, "Age": 40, "Occupation": "รับจ้าง", "HighestEducation": "ต่ำกว่าปริญญาตรี", "ImageFileId": "5c5d67fafbcb5f0fd887e26f", "SelfIntroduceFileId": "5c5d6afdfbcb5f0fd887f069", "PartyLogo": "https://storage.googleapis.com/candidate-thumbs/party/144.png", "CandididatePhoto": "https://storage.googleapis.com/candidate-thumbs/images/30-4-37.jpg"}]