[{"Unnamed: 0": 9816, "CandidateId": "9222d954-cb53-41eb-ad5c-058746937b00", "CandidateNo": 1, "FirstName": "ทวีรัช", "LastName": "จันทน์เดชา", "PartyName": "เศรษฐกิจใหม่", "PartyNumber": 193, "Title": "นาย", "Votable": true, "province_id": 30, "province_name": "นครราชสีมา", "zone_number": 3, "PartyTerminated": false, "Age": 65, "Occupation": "ข้าราชการบำนาญ", "HighestEducation": "ปริญญาตรี", "ImageFileId": "5c57da45fbcb5f1eec0dfa93", "SelfIntroduceFileId": "5c5d0c20fbcb5f0fd884db32", "PartyLogo": "https://storage.googleapis.com/candidate-thumbs/party/193.png", "CandididatePhoto": "https://storage.googleapis.com/candidate-thumbs/images/30-3-1.jpg"}, {"Unnamed: 0": 9817, "CandidateId": "4c721481-4ad8-4cc3-8fe2-82acd099741b", "CandidateNo": 2, "FirstName": "กิตติชัย", "LastName": "ผอนนอก", "PartyName": "ประชาภิวัฒน์", "PartyNumber": 172, "Title": "นาย", "Votable": true, "province_id": 30, "province_name": "นครราชสีมา", "zone_number": 3, "PartyTerminated": false, "Age": 65, "Occupation": "ผอ.ฝ่ายการตลาดบริษัทจอยแอนด์คอยน์ คอร์ปอเรชั้น จำกัด", "HighestEducation": "ปริญญาตรี", "ImageFileId": "5c57db42fbcb5f1eec0dff65", "SelfIntroduceFileId": "5c5ce97afbcb5f16fc68c699", "PartyLogo": "https://storage.googleapis.com/candidate-thumbs/party/172.png", "CandididatePhoto": "https://storage.googleapis.com/candidate-thumbs/images/30-3-2.jpg"}, {"Unnamed: 0": 9818, "CandidateId": "6e0687b9-c82a-4af1-8c5c-6da55b049d37", "CandidateNo": 3, "FirstName": "สุดาวดี", "LastName": "พูลวรสกุล", "PartyName": "อนาคตใหม่", "PartyNumber": 177, "Title": "นาง", "Votable": true, "province_id": 30, "province_name": "นครราชสีมา", "zone_number": 3, "PartyTerminated": false, "Age": 54, "Occupation": "ธุรกิจส่วนตัวผลิตและจำหน่ายแชมพูปลูกผม", "HighestEducation": "ปริญญาตรี", "ImageFileId": "5c57dc0dfbcb5f1eec0e049a", "SelfIntroduceFileId": "5c5ceec0fbcb5f16fc68e443", "PartyLogo": "https://storage.googleapis.com/candidate-thumbs/party/177.png", "CandididatePhoto": "https://storage.googleapis.com/candidate-thumbs/images/30-3-3.jpg"}, {"Unnamed: 0": 9819, "CandidateId": "02b68e9f-decf-45b7-a56d-f29944de2bd2", "CandidateNo": 4, "FirstName": "ประเสริฐ", "LastName": "บุญชัยสุข", "PartyName": "ชาติพัฒนา", "PartyNumber": 45, "Title": "นาย", "Votable": true, "province_id": 30, "province_name": "นครราชสีมา", "zone_number": 3, "PartyTerminated": false, "Age": 62, "Occupation": "ทนายความ/นักการเมือง", "HighestEducation": "ปริญญาโท", "ImageFileId": "5c57fe62fbcb5f1eec0f4751", "SelfIntroduceFileId": "5c5cf2cdfbcb5f16fc690070", "PartyLogo": "https://storage.googleapis.com/candidate-thumbs/party/45.png", "CandididatePhoto": "https://storage.googleapis.com/candidate-thumbs/images/30-3-4.jpg"}, {"Unnamed: 0": 9820, "CandidateId": "e35b1b7d-2fbe-4454-93d2-cddc9597043c", "CandidateNo": 5, "FirstName": "นุชจรินทร์", "LastName": "อินทรชัย", "PartyName": "ประชาชนปฏิรูป", "PartyNumber": 176, "Title": "นางสาว", "Votable": true, "province_id": 30, "province_name": "นครราชสีมา", "zone_number": 3, "PartyTerminated": false, "Age": 45, "Occupation": "กรรมการผู้จัดการบริษัท", "HighestEducation": "ปริญญาตรี", "ImageFileId": "5c58002dfbcb5f1eec0f5e5f", "SelfIntroduceFileId": "5c5cfa13fbcb5f0fd8844f98", "PartyLogo": "https://storage.googleapis.com/candidate-thumbs/party/176.png", "CandididatePhoto": "https://storage.googleapis.com/candidate-thumbs/images/30-3-5.jpg"}, {"Unnamed: 0": 9821, "CandidateId": "e5ce3d0f-2271-46d2-b6b4-2ec4acd64c28", "CandidateNo": 6, "FirstName": "ฎาริกา", "LastName": "เจริญจิตต์", "PartyName": "รวมพลังประชาชาติไทย", "PartyNumber": 181, "Title": "นาง", "Votable": true, "province_id": 30, "province_name": "นครราชสีมา", "zone_number": 3, "PartyTerminated": false, "Age": 62, "Occupation": "เกษตรกร", "HighestEducation": "ต่ำกว่าปริญญาตรี", "ImageFileId": "5c5cfc10fbcb5f0fd884605a", "SelfIntroduceFileId": "5c5cff86fbcb5f0fd8847d1c", "PartyLogo": "https://storage.googleapis.com/candidate-thumbs/party/181.png", "CandididatePhoto": "https://storage.googleapis.com/candidate-thumbs/images/30-3-6.jpg"}, {"Unnamed: 0": 9822, "CandidateId": "5262ac87-6b44-4181-ad37-883f17244065", "CandidateNo": 7, "FirstName": "จำเนียร", "LastName": "แกล้วกล้า", "PartyName": "เสรีรวมไทย", "PartyNumber": 145, "Title": "นาย", "Votable": true, "province_id": 30, "province_name": "นครราชสีมา", "zone_number": 3, "PartyTerminated": false, "Age": 51, "Occupation": "ค้าขาย,รับจ้าง", "HighestEducation": "ต่ำกว่าปริญญาตรี", "ImageFileId": "5c5800cffbcb5f1eec0f657c", "SelfIntroduceFileId": "5c5d0d2cfbcb5f0fd884e0e2", "PartyLogo": "https://storage.googleapis.com/candidate-thumbs/party/145.png", "CandididatePhoto": "https://storage.googleapis.com/candidate-thumbs/images/30-3-7.jpg"}, {"Unnamed: 0": 9823, "CandidateId": "d9e7d2f3-8554-4d29-9435-1e71300ab9a6", "CandidateNo": 8, "FirstName": "สมคิด", "LastName": "เมธาวิรัตน์", "PartyName": "รักษ์ผืนป่าประเทศไทย", "PartyNumber": 133, "Title": "นาง", "Votable": true, "province_id": 30, "province_name": "นครราชสีมา", "zone_number": 3, "PartyTerminated": false, "Age": 55, "Occupation": "เกษตรกร", "HighestEducation": "ปริญญาโท", "ImageFileId": "5c580109fbcb5f1eec0f6825", "SelfIntroduceFileId": "5c5d03b2fbcb5f0fd884a225", "PartyLogo": "https://storage.googleapis.com/candidate-thumbs/party/133.png", "CandididatePhoto": "https://storage.googleapis.com/candidate-thumbs/images/30-3-8.jpg"}, {"Unnamed: 0": 9824, "CandidateId": "c1ac186e-502b-4a94-bee9-0cff6d0ca993", "CandidateNo": 9, "FirstName": "รักชาติ", "LastName": "กิริวัฒนศักดิ์", "PartyName": "ภูมิใจไทย", "PartyNumber": 63, "Title": "นาย", "Votable": true, "province_id": 30, "province_name": "นครราชสีมา", "zone_number": 3, "PartyTerminated": false, "Age": 53, "Occupation": "สมาชิกองค์การบริหารส่วนจังหวัดนครราชสีมา", "HighestEducation": "ปริญญาโท", "ImageFileId": "5c580158fbcb5f1eec0f6da2", "SelfIntroduceFileId": "5c5d0692fbcb5f0fd884ba82", "PartyLogo": "https://storage.googleapis.com/candidate-thumbs/party/63.png", "CandididatePhoto": "https://storage.googleapis.com/candidate-thumbs/images/30-3-9.jpg"}, {"Unnamed: 0": 9825, "CandidateId": "77ff3e9b-d25b-4e9c-bca4-0f2b8ac2e580", "CandidateNo": 10, "FirstName": "สมนึก", "LastName": "ศรีสันเทียะ", "PartyName": "ประชาชาติ", "PartyNumber": 187, "Title": "นาย", "Votable": false, "province_id": 30, "province_name": "นครราชสีมา", "zone_number": 3, "PartyTerminated": false, "Age": 59, "Occupation": "นักการเมือง", "HighestEducation": "ต่ำกว่าปริญญาตรี", "ImageFileId": "5c580195fbcb5f1eec0f71b4", "SelfIntroduceFileId": "5c5d0899fbcb5f0fd884c77d", "PartyLogo": "https://storage.googleapis.com/candidate-thumbs/party/187.png", "CandididatePhoto": "https://storage.googleapis.com/candidate-thumbs/images/30-3-10.jpg"}, {"Unnamed: 0": 9826, "CandidateId": "dd08a140-7f42-4a47-8701-d94fa1492bfc", "CandidateNo": 11, "FirstName": "สมศักดิ์", "LastName": "รอดผึ้ง", "PartyName": "เพื่อชาติ", "PartyNumber": 149, "Title": "นาย", "Votable": true, "province_id": 30, "province_name": "นครราชสีมา", "zone_number": 3, "PartyTerminated": false, "Age": 52, "Occupation": "เกษตรกรรม", "HighestEducation": "ปริญญาตรี", "ImageFileId": "5c580201fbcb5f1eec0f79b0", "SelfIntroduceFileId": "5c5d0a44fbcb5f0fd884d0b1", "PartyLogo": "https://storage.googleapis.com/candidate-thumbs/party/149.png", "CandididatePhoto": "https://storage.googleapis.com/candidate-thumbs/images/30-3-11.jpg"}, {"Unnamed: 0": 9827, "CandidateId": "c87b46c2-cf26-47fd-8208-47c5bfd63b82", "CandidateNo": 12, "FirstName": "จันทิมา", "LastName": "โกสินทร์รักษา", "PartyName": "พลังประชารัฐ", "PartyNumber": 192, "Title": "นาง", "Votable": true, "province_id": 30, "province_name": "นครราชสีมา", "zone_number": 3, "PartyTerminated": false, "Age": 52, "Occupation": "นักการเมืองท้องถิ่น", "HighestEducation": "ปริญญาตรี", "ImageFileId": "5c5d61a6fbcb5f0fd887bb02", "SelfIntroduceFileId": "5c5a9723fbcb5f19bcab0ca4", "PartyLogo": "https://storage.googleapis.com/candidate-thumbs/party/192.png", "CandididatePhoto": "https://storage.googleapis.com/candidate-thumbs/images/30-3-12.jpg"}, {"Unnamed: 0": 9828, "CandidateId": "6475423c-be86-4e77-b5d8-57877cda0a32", "CandidateNo": 13, "FirstName": "ชนิด", "LastName": "จงสูงเนิน", "PartyName": "เพื่อนไทย", "PartyNumber": 179, "Title": "นาย", "Votable": false, "province_id": 30, "province_name": "นครราชสีมา", "zone_number": 3, "PartyTerminated": false, "Age": 72, "Occupation": "เกษตร", "HighestEducation": "ต่ำกว่าปริญญาตรี", "ImageFileId": "5c5802c4fbcb5f1eec0f84a5", "SelfIntroduceFileId": "5c5d14cafbcb5f0fd8850117", "PartyLogo": "https://storage.googleapis.com/candidate-thumbs/party/179.png", "CandididatePhoto": "https://storage.googleapis.com/candidate-thumbs/images/30-3-13.jpg"}, {"Unnamed: 0": 9829, "CandidateId": "4278b6d7-ccfa-43a3-8f46-8cf4cb995501", "CandidateNo": 14, "FirstName": "ประเสริฐ", "LastName": "จันทรรวงทอง", "PartyName": "เพื่อไทย", "PartyNumber": 34, "Title": "นาย", "Votable": true, "province_id": 30, "province_name": "นครราชสีมา", "zone_number": 3, "PartyTerminated": false, "Age": 58, "Occupation": "เกษตรกร", "HighestEducation": "ปริญญาโท", "ImageFileId": "5c58030bfbcb5f1eec0f89f6", "SelfIntroduceFileId": "5c5d1670fbcb5f0fd8850706", "PartyLogo": "https://storage.googleapis.com/candidate-thumbs/party/34.png", "CandididatePhoto": "https://storage.googleapis.com/candidate-thumbs/images/30-3-14.jpg"}, {"Unnamed: 0": 9830, "CandidateId": "590b6392-7ed1-44ea-9ce9-9edb3dea1ac9", "CandidateNo": 15, "FirstName": "ยงยุทธ์", "LastName": "ภูเนาว์นิล", "PartyName": "ประชานิยม", "PartyNumber": 191, "Title": "นาย", "Votable": true, "province_id": 30, "province_name": "นครราชสีมา", "zone_number": 3, "PartyTerminated": false, "Age": 61, "Occupation": "ข้าราชการบำนาญ", "HighestEducation": "ปริญญาตรี", "ImageFileId": "5c580374fbcb5f1eec0f8d40", "SelfIntroduceFileId": "5c5d18eafbcb5f0fd885111e", "PartyLogo": "https://storage.googleapis.com/candidate-thumbs/party/191.png", "CandididatePhoto": "https://storage.googleapis.com/candidate-thumbs/images/30-3-15.jpg"}, {"Unnamed: 0": 9831, "CandidateId": "99d6e288-b45d-4bb4-a3bb-006c533c1378", "CandidateNo": 16, "FirstName": "ชัชเวศย์", "LastName": "เหิมหาญ", "PartyName": "ไทยธรรม", "PartyNumber": 178, "Title": "นาย", "Votable": true, "province_id": 30, "province_name": "นครราชสีมา", "zone_number": 3, "PartyTerminated": false, "Age": 63, "Occupation": "ขายปลีกและส่งแคปหมูไร้มัน", "HighestEducation": "ปริญญาโท", "ImageFileId": "5c5803b8fbcb5f1eec0f9268", "SelfIntroduceFileId": "5c5d2b3bfbcb5f0fd8859995", "PartyLogo": "https://storage.googleapis.com/candidate-thumbs/party/178.png", "CandididatePhoto": "https://storage.googleapis.com/candidate-thumbs/images/30-3-16.jpg"}, {"Unnamed: 0": 9832, "CandidateId": "4e9772fe-b583-401e-b10c-433f647ec1d7", "CandidateNo": 17, "FirstName": "เกษม", "LastName": "รังสุวรรณ์", "PartyName": "ประชาธิปัตย์", "PartyNumber": 1, "Title": "นาย", "Votable": true, "province_id": 30, "province_name": "นครราชสีมา", "zone_number": 3, "PartyTerminated": false, "Age": 62, "Occupation": "ทนายความ", "HighestEducation": "ปริญญาโท", "ImageFileId": "5c580406fbcb5f1eec0f9611", "SelfIntroduceFileId": "5c5d30d5fbcb5f0fd885c7cf", "PartyLogo": "https://storage.googleapis.com/candidate-thumbs/party/1.png", "CandididatePhoto": "https://storage.googleapis.com/candidate-thumbs/images/30-3-17.jpg"}, {"Unnamed: 0": 9833, "CandidateId": "3dad0c04-7035-4c63-88ba-dededcc44fac", "CandidateNo": 18, "FirstName": "ปฏิยุทธ์", "LastName": "ชีไธสง", "PartyName": "พลังไทยรักไทย", "PartyNumber": 185, "Title": "นาย", "Votable": true, "province_id": 30, "province_name": "นครราชสีมา", "zone_number": 3, "PartyTerminated": false, "Age": 61, "Occupation": "ข้าราชการส่วนท้องถิ่น", "HighestEducation": "ปริญญาตรี", "ImageFileId": "5c58044afbcb5f1eec0f9b04", "SelfIntroduceFileId": "5c5d336dfbcb5f0fd885dea7", "PartyLogo": "https://storage.googleapis.com/candidate-thumbs/party/185.png", "CandididatePhoto": "https://storage.googleapis.com/candidate-thumbs/images/30-3-18.jpg"}, {"Unnamed: 0": 9834, "CandidateId": "19005072-8fe3-4fc2-a2d2-db1f6471f01a", "CandidateNo": 19, "FirstName": "สมพร", "LastName": "เกตุจันทึก", "PartyName": "พลังท้องถิ่นไท", "PartyNumber": 124, "Title": "นาย", "Votable": true, "province_id": 30, "province_name": "นครราชสีมา", "zone_number": 3, "PartyTerminated": false, "Age": 64, "Occupation": "รับราชการ", "HighestEducation": "ต่ำกว่าปริญญาตรี", "ImageFileId": "5c59514afbcb5f1d8817c3f1", "SelfIntroduceFileId": "5c5d359bfbcb5f0fd885ef2e", "PartyLogo": "https://storage.googleapis.com/candidate-thumbs/party/124.png", "CandididatePhoto": "https://storage.googleapis.com/candidate-thumbs/images/30-3-19.jpg"}, {"Unnamed: 0": 9835, "CandidateId": "2d7c9300-cbed-4093-84ae-4fb44cb3809f", "CandidateNo": 20, "FirstName": "ชาตรี", "LastName": "ไทยทัต", "PartyName": "ประชาธิปไตยใหม่", "PartyNumber": 109, "Title": "นาย", "Votable": true, "province_id": 30, "province_name": "นครราชสีมา", "zone_number": 3, "PartyTerminated": false, "Age": 57, "Occupation": "จัดรายการวิทยุฯ", "HighestEducation": "ต่ำกว่าปริญญาตรี", "ImageFileId": "5c595083fbcb5f1d8817b4e8", "SelfIntroduceFileId": "5c5d1ad2fbcb5f0fd8851a0e", "PartyLogo": "https://storage.googleapis.com/candidate-thumbs/party/109.png", "CandididatePhoto": "https://storage.googleapis.com/candidate-thumbs/images/30-3-20.jpg"}, {"Unnamed: 0": 9836, "CandidateId": "85c586fa-ec2c-4599-9b63-0bef8215924e", "CandidateNo": 21, "FirstName": "วันเพ็ญ", "LastName": "บุญประเสริฐสกุล", "PartyName": "พลังสังคม", "PartyNumber": 198, "Title": "นางสาว", "Votable": true, "province_id": 30, "province_name": "นครราชสีมา", "zone_number": 3, "PartyTerminated": false, "Age": 48, "Occupation": "ค้าขาย", "HighestEducation": "ต่ำกว่าปริญญาตรี", "ImageFileId": "5c5aab47fbcb5f19bcab7f6a", "SelfIntroduceFileId": "5c5d1cf3fbcb5f0fd88527a0", "PartyLogo": "https://storage.googleapis.com/candidate-thumbs/party/198.png", "CandididatePhoto": "https://storage.googleapis.com/candidate-thumbs/images/30-3-21.jpg"}, {"Unnamed: 0": 9837, "CandidateId": "93451d77-35b5-483d-af16-c8c944dc78ee", "CandidateNo": 22, "FirstName": "จิรพัฒน์", "LastName": "สืบเพ็ง", "PartyName": "กรีน", "PartyNumber": 206, "Title": "นาง", "Votable": true, "province_id": 30, "province_name": "นครราชสีมา", "zone_number": 3, "PartyTerminated": false, "Age": 40, "Occupation": "เกษตรกร", "HighestEducation": "ต่ำกว่าปริญญาตรี", "ImageFileId": "5c5d1e41fbcb5f0fd885302d", "SelfIntroduceFileId": "5c5d1ed4fbcb5f0fd88536b1", "PartyLogo": "https://storage.googleapis.com/candidate-thumbs/party/206.png", "CandididatePhoto": "https://storage.googleapis.com/candidate-thumbs/images/30-3-22.jpg"}, {"Unnamed: 0": 9838, "CandidateId": "57e1b91d-dd3c-452a-b8e0-f4fac4b7735e", "CandidateNo": 23, "FirstName": "ธันวา", "LastName": "อาบสุวรรณ์", "PartyName": "พลังปวงชนไทย", "PartyNumber": 184, "Title": "นาย", "Votable": true, "province_id": 30, "province_name": "นครราชสีมา", "zone_number": 3, "PartyTerminated": false, "Age": 50, "Occupation": "ธุรกิจส่วนตัว / รับจ้าง", "HighestEducation": "ต่ำกว่าปริญญาตรี", "ImageFileId": "5c5ab038fbcb5f19bcab8bbd", "SelfIntroduceFileId": "5c5d2010fbcb5f0fd8854134", "PartyLogo": "https://storage.googleapis.com/candidate-thumbs/party/184.png", "CandididatePhoto": "https://storage.googleapis.com/candidate-thumbs/images/30-3-23.jpg"}, {"Unnamed: 0": 9839, "CandidateId": "5e9fe50c-9622-4057-abe4-eb9bcf8c85e2", "CandidateNo": 24, "FirstName": "อุทัยรัชต์", "LastName": "ปรีชา", "PartyName": "เครือข่ายชาวนาแห่งประเทศไทย", "PartyNumber": 22, "Title": "นาย", "Votable": true, "province_id": 30, "province_name": "นครราชสีมา", "zone_number": 3, "PartyTerminated": false, "Age": 51, "Occupation": "เกษตรกร", "HighestEducation": "ต่ำกว่าปริญญาตรี", "ImageFileId": "5c5bd0e4fbcb5f16fc66c27d", "SelfIntroduceFileId": "5c5d2273fbcb5f0fd8855583", "PartyLogo": "https://storage.googleapis.com/candidate-thumbs/party/22.png", "CandididatePhoto": "https://storage.googleapis.com/candidate-thumbs/images/30-3-24.jpg"}, {"Unnamed: 0": 9840, "CandidateId": "386a3c3a-0284-478f-a08b-c2a749840111", "CandidateNo": 25, "FirstName": "สมเกียรติ", "LastName": "พัจนสุนทร", "PartyName": "ครูไทยเพื่อประชาชน", "PartyNumber": 118, "Title": "นาย", "Votable": true, "province_id": 30, "province_name": "นครราชสีมา", "zone_number": 3, "PartyTerminated": false, "Age": 65, "Occupation": "ูธุรกิจอิสระ", "HighestEducation": "ปริญญาโท", "ImageFileId": "5c5bd171fbcb5f16fc66c74f", "SelfIntroduceFileId": "5c5d2449fbcb5f0fd8855f7a", "PartyLogo": "https://storage.googleapis.com/candidate-thumbs/party/118.png", "CandididatePhoto": "https://storage.googleapis.com/candidate-thumbs/images/30-3-25.jpg"}, {"Unnamed: 0": 9841, "CandidateId": "d9939f22-2a69-446b-9cc2-61fe3933ae55", "CandidateNo": 26, "FirstName": "เลียม", "LastName": "หนูนา", "PartyName": "ประชาไทย", "PartyNumber": 205, "Title": "นาย", "Votable": true, "province_id": 30, "province_name": "นครราชสีมา", "zone_number": 3, "PartyTerminated": false, "Age": 66, "Occupation": "ค้าขาย", "HighestEducation": "ต่ำกว่าปริญญาตรี", "ImageFileId": "5c5bd559fbcb5f16fc66e2ae", "SelfIntroduceFileId": "5c5bd937fbcb5f16fc670241", "PartyLogo": "https://storage.googleapis.com/candidate-thumbs/party/205.png", "CandididatePhoto": "https://storage.googleapis.com/candidate-thumbs/images/30-3-26.jpg"}, {"Unnamed: 0": 9842, "CandidateId": "8db718b0-3d96-4d3a-b842-5cf07f9d31fa", "CandidateNo": 27, "FirstName": "อนันต์", "LastName": "มณีวงษ์", "PartyName": "พลังชาติไทย", "PartyNumber": 186, "Title": "นาย", "Votable": true, "province_id": 30, "province_name": "นครราชสีมา", "zone_number": 3, "PartyTerminated": false, "Age": 54, "Occupation": "ธุรกิจส่วนตัว", "HighestEducation": "ต่ำกว่าปริญญาตรี", "ImageFileId": "5c5be312fbcb5f16fc675528", "SelfIntroduceFileId": "5c5d28cbfbcb5f0fd88584dc", "PartyLogo": "https://storage.googleapis.com/candidate-thumbs/party/186.png", "CandididatePhoto": "https://storage.googleapis.com/candidate-thumbs/images/30-3-27.jpg"}, {"Unnamed: 0": 9843, "CandidateId": "ba7db4a3-b3e6-4298-b19c-b3f88a52e4de", "CandidateNo": 28, "FirstName": "พิธี", "LastName": "ธรรมรัตน์ชัย", "PartyName": "พลังไทสร้างชาติ", "PartyNumber": 200, "Title": "ดาบตำรวจ", "Votable": true, "province_id": 30, "province_name": "นครราชสีมา", "zone_number": 3, "PartyTerminated": false, "Age": 63, "Occupation": "ประกอบธุระกิจส่วนตัว", "HighestEducation": "ต่ำกว่าปริญญาตรี", "ImageFileId": "5c5bec55fbcb5f16fc67a474", "SelfIntroduceFileId": "5c5bef5afbcb5f16fc67c119", "PartyLogo": "https://storage.googleapis.com/candidate-thumbs/party/200.png", "CandididatePhoto": "https://storage.googleapis.com/candidate-thumbs/images/30-3-28.jpg"}, {"Unnamed: 0": 9844, "CandidateId": "cae2741f-daec-4cf1-80d5-ab854798d573", "CandidateNo": 29, "FirstName": "สุรชัย", "LastName": "สมบัติสนองคุณ", "PartyName": "มหาชน", "PartyNumber": 4, "Title": "นาย", "Votable": false, "province_id": 30, "province_name": "นครราชสีมา", "zone_number": 3, "PartyTerminated": false, "Age": 48, "Occupation": "รับจ้าง", "HighestEducation": "ต่ำกว่าปริญญาตรี", "ImageFileId": "5c5bf627fbcb5f16fc67f7f5", "SelfIntroduceFileId": "5c5bf79bfbcb5f16fc67ffdb", "PartyLogo": "https://storage.googleapis.com/candidate-thumbs/party/4.png", "CandididatePhoto": "https://storage.googleapis.com/candidate-thumbs/images/30-3-29.jpg"}, {"Unnamed: 0": 9845, "CandidateId": "b73ca7fc-80c7-4dfc-87c6-20809dd6a9f1", "CandidateNo": 30, "FirstName": "สมหมาย", "LastName": "จุ้ยเพิ่ม", "PartyName": "แทนคุณแผ่นดิน", "PartyNumber": 53, "Title": "นาย", "Votable": true, "province_id": 30, "province_name": "นครราชสีมา", "zone_number": 3, "PartyTerminated": false, "Age": 42, "Occupation": "ธุรกิจส่วนตัว", "HighestEducation": "ต่ำกว่าปริญญาตรี", "ImageFileId": "5c5d3a9afbcb5f0fd886160b", "SelfIntroduceFileId": "5c5d3c52fbcb5f0fd88627e4", "PartyLogo": "https://storage.googleapis.com/candidate-thumbs/party/53.png", "CandididatePhoto": "https://storage.googleapis.com/candidate-thumbs/images/30-3-30.jpg"}, {"Unnamed: 0": 9846, "CandidateId": "4a52ebee-2513-47cd-a0d1-901cbf301ec3", "CandidateNo": 31, "FirstName": "สวาท", "LastName": "คำเกลี้ยง", "PartyName": "ประชาธรรมไทย", "PartyNumber": 190, "Title": "นาย", "Votable": true, "province_id": 30, "province_name": "นครราชสีมา", "zone_number": 3, "PartyTerminated": false, "Age": 66, "Occupation": "พนักงาน ธกส. (บุคลากร9) สำนักงานใหญ่ กทม.", "HighestEducation": "ปริญญาตรี", "ImageFileId": "5c5d3ffdfbcb5f0fd8864e79", "SelfIntroduceFileId": "5c5d417efbcb5f0fd8866037", "PartyLogo": "https://storage.googleapis.com/candidate-thumbs/party/190.png", "CandididatePhoto": "https://storage.googleapis.com/candidate-thumbs/images/30-3-31.jpg"}, {"Unnamed: 0": 9847, "CandidateId": "0466eaac-37f7-47e3-b90f-8a7e3bf78025", "CandidateNo": 32, "FirstName": "ราตรี", "LastName": "พาพรมราช", "PartyName": "ไทยศรีวิไลย์", "PartyNumber": 180, "Title": "นางสาว", "Votable": true, "province_id": 30, "province_name": "นครราชสีมา", "zone_number": 3, "PartyTerminated": false, "Age": 43, "Occupation": "ผู้รับเหมา", "HighestEducation": "ต่ำกว่าปริญญาตรี", "ImageFileId": "5c5d44dbfbcb5f0fd88682ad", "SelfIntroduceFileId": "5c5d477dfbcb5f0fd8869c6d", "PartyLogo": "https://storage.googleapis.com/candidate-thumbs/party/180.png", "CandididatePhoto": "https://storage.googleapis.com/candidate-thumbs/images/30-3-32.jpg"}, {"Unnamed: 0": 9848, "CandidateId": "def20fbd-616d-4a2b-8032-c539602cdd1f", "CandidateNo": 33, "FirstName": "วิลาวัลย์", "LastName": "ผลไม้", "PartyName": "ไทรักธรรม", "PartyNumber": 144, "Title": "นางสาว", "Votable": true, "province_id": 30, "province_name": "นครราชสีมา", "zone_number": 3, "PartyTerminated": false, "Age": 51, "Occupation": "รับจ้าง", "HighestEducation": "ต่ำกว่าปริญญาตรี", "ImageFileId": "5c5d513ffbcb5f0fd88708b5", "SelfIntroduceFileId": "5c5d52ddfbcb5f0fd887186d", "PartyLogo": "https://storage.googleapis.com/candidate-thumbs/party/144.png", "CandididatePhoto": "https://storage.googleapis.com/candidate-thumbs/images/30-3-33.jpg"}, {"Unnamed: 0": 9849, "CandidateId": "b5ce518c-1001-46e7-9fd4-07582b47d6fb", "CandidateNo": 34, "FirstName": "พลวิรัตน์", "LastName": "แรงสูงเนิน", "PartyName": "ประชากรไทย", "PartyNumber": 2, "Title": "ร้อยตำรวจโท", "Votable": true, "province_id": 30, "province_name": "นครราชสีมา", "zone_number": 3, "PartyTerminated": false, "Age": 64, "Occupation": "ข้าราชการตำรวจ", "HighestEducation": "ต่ำกว่าปริญญาตรี", "ImageFileId": "5c5d57bafbcb5f0fd8875d18", "SelfIntroduceFileId": "5c5d5b49fbcb5f0fd8878409", "PartyLogo": "https://storage.googleapis.com/candidate-thumbs/party/2.png", "CandididatePhoto": "https://storage.googleapis.com/candidate-thumbs/images/30-3-34.jpg"}]