[{"Unnamed: 0": 3052, "CandidateId": "adba11da-03ec-4fd5-913f-991379283a00", "CandidateNo": 1, "FirstName": "วสันต์", "LastName": "แวอุเซ็ง", "PartyName": "ภูมิใจไทย", "PartyNumber": 63, "Title": "นาย", "Votable": true, "province_id": 96, "province_name": "นราธิวาส", "zone_number": 2, "PartyTerminated": false, "Age": 60, "Occupation": "สมาชิกสภาเทศบาตำบลแว้ง", "HighestEducation": "ปริญญาตรี", "ImageFileId": "5c59309dfbcb5f1d881608d1", "SelfIntroduceFileId": "5c5b9899fbcb5f16fc655748", "PartyLogo": "https://storage.googleapis.com/candidate-thumbs/party/63.png", "CandididatePhoto": "https://storage.googleapis.com/candidate-thumbs/images/96-2-1.jpg"}, {"Unnamed: 0": 3053, "CandidateId": "5fd7046b-de29-4109-9fad-18083f5e3b26", "CandidateNo": 2, "FirstName": "สัมพันธ์", "LastName": "มะยูโซ๊ะ", "PartyName": "พลังประชารัฐ", "PartyNumber": 192, "Title": "นาย", "Votable": true, "province_id": 96, "province_name": "นราธิวาส", "zone_number": 2, "PartyTerminated": false, "Age": 37, "Occupation": "นักธุรกิจ", "HighestEducation": "ต่ำกว่าปริญญาตรี", "ImageFileId": "5c5b9538fbcb5f16fc6543bd", "SelfIntroduceFileId": "5c5b9982fbcb5f16fc655c4a", "PartyLogo": "https://storage.googleapis.com/candidate-thumbs/party/192.png", "CandididatePhoto": "https://storage.googleapis.com/candidate-thumbs/images/96-2-2.jpg"}, {"Unnamed: 0": 3054, "CandidateId": "56e0982b-9a9f-444d-8b92-f29288b934b0", "CandidateNo": 3, "FirstName": "มะหามัด", "LastName": "ฮามิ", "PartyName": "เพื่อธรรม", "PartyNumber": 98, "Title": "นาย", "Votable": true, "province_id": 96, "province_name": "นราธิวาส", "zone_number": 2, "PartyTerminated": false, "Age": 59, "Occupation": "ข้าราชการพลเรือน", "HighestEducation": "ปริญญาโท", "ImageFileId": "5c5ba4c2fbcb5f16fc65a1f0", "SelfIntroduceFileId": "5c5ba578fbcb5f16fc65a5da", "PartyLogo": "https://storage.googleapis.com/candidate-thumbs/party/98.png", "CandididatePhoto": "https://storage.googleapis.com/candidate-thumbs/images/96-2-3.jpg"}, {"Unnamed: 0": 3055, "CandidateId": "9e762c3c-3c34-48db-9975-b5806bca3b32", "CandidateNo": 4, "FirstName": "สุรเชษฐ์", "LastName": "แวอาแซ", "PartyName": "รวมพลังประชาชาติไทย", "PartyNumber": 181, "Title": "นาย", "Votable": true, "province_id": 96, "province_name": "นราธิวาส", "zone_number": 2, "PartyTerminated": false, "Age": 66, "Occupation": "สมาชิกสภาผู้แทนราษฎรจังหัวดนราธิวาส", "HighestEducation": "ต่ำกว่าปริญญาตรี", "ImageFileId": "5c5bafc7fbcb5f16fc65f725", "SelfIntroduceFileId": "5c5bb164fbcb5f16fc660601", "PartyLogo": "https://storage.googleapis.com/candidate-thumbs/party/181.png", "CandididatePhoto": "https://storage.googleapis.com/candidate-thumbs/images/96-2-4.jpg"}, {"Unnamed: 0": 3056, "CandidateId": "52694ebe-4264-40b8-910a-96768c5bf131", "CandidateNo": 5, "FirstName": "ซำซียะห์", "LastName": "ดือเระ", "PartyName": "เพื่อชาติ", "PartyNumber": 149, "Title": "นางสาว", "Votable": true, "province_id": 96, "province_name": "นราธิวาส", "zone_number": 2, "PartyTerminated": false, "Age": 45, "Occupation": "ธุรกิจส่วนตัว", "HighestEducation": "ต่ำกว่าปริญญาตรี", "ImageFileId": "5c5bb5a1fbcb5f16fc6627c5", "SelfIntroduceFileId": "5c5bb6b1fbcb5f16fc662e8a", "PartyLogo": "https://storage.googleapis.com/candidate-thumbs/party/149.png", "CandididatePhoto": "https://storage.googleapis.com/candidate-thumbs/images/96-2-5.jpg"}, {"Unnamed: 0": 3057, "CandidateId": "f9235f60-e8f4-4f8d-9228-5348abc5e1e0", "CandidateNo": 6, "FirstName": "เจ๊ะซู", "LastName": "ตาเหย็บ", "PartyName": "ประชาธิปัตย์", "PartyNumber": 1, "Title": "นาย", "Votable": true, "province_id": 96, "province_name": "นราธิวาส", "zone_number": 2, "PartyTerminated": false, "Age": 50, "Occupation": "นักการเมืองท้องถิ่น", "HighestEducation": "ปริญญาโท", "ImageFileId": "5c5bb9c4fbcb5f16fc6645e4", "SelfIntroduceFileId": "5c5bbbaefbcb5f16fc6650b5", "PartyLogo": "https://storage.googleapis.com/candidate-thumbs/party/1.png", "CandididatePhoto": "https://storage.googleapis.com/candidate-thumbs/images/96-2-6.jpg"}, {"Unnamed: 0": 3058, "CandidateId": "93223d16-8557-407d-a6ff-5c4c179c68a0", "CandidateNo": 7, "FirstName": "สมพร", "LastName": "จันทร์ชู", "PartyName": "ไทยรักษาชาติ", "PartyNumber": 77, "Title": "นาย", "Votable": true, "province_id": 96, "province_name": "นราธิวาส", "zone_number": 2, "PartyTerminated": true, "Age": 49, "Occupation": "สมาชิกสภาเทศบาลเมืองสุไหงโก-ลก", "HighestEducation": "ปริญญาโท", "ImageFileId": "5c5bbeeefbcb5f16fc6660be", "SelfIntroduceFileId": "5c5bc013fbcb5f16fc666597", "PartyLogo": "https://storage.googleapis.com/candidate-thumbs/party/77.png", "CandididatePhoto": "https://storage.googleapis.com/candidate-thumbs/images/96-2-7.jpg"}, {"Unnamed: 0": 3059, "CandidateId": "601ad2b6-81b1-41f0-9d24-a161e44e9184", "CandidateNo": 8, "FirstName": "บือราฮัน", "LastName": "เจ๊ะสมอเจ๊ะ", "PartyName": "คลองไทย", "PartyNumber": 189, "Title": "นาย", "Votable": true, "province_id": 96, "province_name": "นราธิวาส", "zone_number": 2, "PartyTerminated": false, "Age": 32, "Occupation": "ธุรกิจส่วนตัว", "HighestEducation": "ปริญญาตรี", "ImageFileId": "5c5bc32afbcb5f16fc666f5f", "SelfIntroduceFileId": "5c5bc3dafbcb5f16fc66731b", "PartyLogo": "https://storage.googleapis.com/candidate-thumbs/party/189.png", "CandididatePhoto": "https://storage.googleapis.com/candidate-thumbs/images/96-2-8.jpg"}, {"Unnamed: 0": 3060, "CandidateId": "575f21b2-b339-4cf1-9205-8b5b81143db9", "CandidateNo": 9, "FirstName": "อาณีซา", "LastName": "อัสสัมตุลา", "PartyName": "เสรีรวมไทย", "PartyNumber": 145, "Title": "นางสาว", "Votable": true, "province_id": 96, "province_name": "นราธิวาส", "zone_number": 2, "PartyTerminated": false, "Age": 37, "Occupation": "ธุรกิจส่วนตัว", "HighestEducation": "ต่ำกว่าปริญญาตรี", "ImageFileId": "5c5bc5ccfbcb5f16fc667c52", "SelfIntroduceFileId": "5c5bc68dfbcb5f16fc668046", "PartyLogo": "https://storage.googleapis.com/candidate-thumbs/party/145.png", "CandididatePhoto": "https://storage.googleapis.com/candidate-thumbs/images/96-2-9.jpg"}, {"Unnamed: 0": 3061, "CandidateId": "e2f2e63f-ebfe-4c89-8b04-e20aaab5217f", "CandidateNo": 10, "FirstName": "สสิธร", "LastName": "สะนิ", "PartyName": "เพื่อคนไทย", "PartyNumber": 183, "Title": "นางสาว", "Votable": true, "province_id": 96, "province_name": "นราธิวาส", "zone_number": 2, "PartyTerminated": false, "Age": 33, "Occupation": "ค้าขาย", "HighestEducation": "ปริญญาตรี", "ImageFileId": "5c5c4f87fbcb5f16fc6876f9", "SelfIntroduceFileId": "5c5c5075fbcb5f16fc687784", "PartyLogo": "https://storage.googleapis.com/candidate-thumbs/party/183.png", "CandididatePhoto": "https://storage.googleapis.com/candidate-thumbs/images/96-2-10.jpg"}, {"Unnamed: 0": 3062, "CandidateId": "315daf82-2905-4cd3-b99e-0d97fa2f7888", "CandidateNo": 11, "FirstName": "สารี", "LastName": "สะมะแอ", "PartyName": "ประชาชาติ", "PartyNumber": 187, "Title": "นาย", "Votable": true, "province_id": 96, "province_name": "นราธิวาส", "zone_number": 2, "PartyTerminated": false, "Age": 53, "Occupation": "นักธุรกิจ", "HighestEducation": "ต่ำกว่าปริญญาตรี", "ImageFileId": "5c5c50defbcb5f16fc6877de", "SelfIntroduceFileId": "5c5c5155fbcb5f16fc687859", "PartyLogo": "https://storage.googleapis.com/candidate-thumbs/party/187.png", "CandididatePhoto": "https://storage.googleapis.com/candidate-thumbs/images/96-2-11.jpg"}, {"Unnamed: 0": 3063, "CandidateId": "4c0647aa-f830-44f7-8e69-b1d1371bbc48", "CandidateNo": 12, "FirstName": "แวดอเลาะ", "LastName": "ยูโซะ", "PartyName": "พลังท้องถิ่นไท", "PartyNumber": 124, "Title": "นาย", "Votable": true, "province_id": 96, "province_name": "นราธิวาส", "zone_number": 2, "PartyTerminated": false, "Age": 62, "Occupation": "ธุรกิจส่วนตัว", "HighestEducation": "ปริญญาตรี", "ImageFileId": "5c5c51c0fbcb5f16fc68788b", "SelfIntroduceFileId": "5c5c529bfbcb5f16fc687913", "PartyLogo": "https://storage.googleapis.com/candidate-thumbs/party/124.png", "CandididatePhoto": "https://storage.googleapis.com/candidate-thumbs/images/96-2-12.jpg"}, {"Unnamed: 0": 3064, "CandidateId": "8c76a9b2-2a47-4217-99ea-fda7691e5c20", "CandidateNo": 13, "FirstName": "ซีดิ", "LastName": "นิมะ", "PartyName": "ชาติพัฒนา", "PartyNumber": 45, "Title": "นาย", "Votable": true, "province_id": 96, "province_name": "นราธิวาส", "zone_number": 2, "PartyTerminated": false, "Age": 57, "Occupation": "สมาชิกสภาองค์การบริหารส่วนตำบลสุไหงปาดี", "HighestEducation": "ต่ำกว่าปริญญาตรี", "ImageFileId": "5c5c52fdfbcb5f16fc68791c", "SelfIntroduceFileId": "5c5c53c9fbcb5f16fc687962", "PartyLogo": "https://storage.googleapis.com/candidate-thumbs/party/45.png", "CandididatePhoto": "https://storage.googleapis.com/candidate-thumbs/images/96-2-13.jpg"}, {"Unnamed: 0": 3065, "CandidateId": "a23a9006-0a6f-42c2-9959-20cac5ebe1e0", "CandidateNo": 14, "FirstName": "มูฮำหมัดอัคมัล", "LastName": "อาลี", "PartyName": "ประชาธิปไตยใหม่", "PartyNumber": 109, "Title": "ว่าที่ร้อยตรี", "Votable": true, "province_id": 96, "province_name": "นราธิวาส", "zone_number": 2, "PartyTerminated": false, "Age": 28, "Occupation": "ผู้จัดการบริษัท", "HighestEducation": "ปริญญาตรี", "ImageFileId": "5c5c56eefbcb5f16fc687a6b", "SelfIntroduceFileId": "5c5c5796fbcb5f16fc687a85", "PartyLogo": "https://storage.googleapis.com/candidate-thumbs/party/109.png", "CandididatePhoto": "https://storage.googleapis.com/candidate-thumbs/images/96-2-14.jpg"}, {"Unnamed: 0": 3066, "CandidateId": "6283c426-a171-41c6-adcc-422bf6342ad0", "CandidateNo": 15, "FirstName": "อาร์มาน", "LastName": "อารอมะ", "PartyName": "ชาติไทยพัฒนา", "PartyNumber": 55, "Title": "นาย", "Votable": true, "province_id": 96, "province_name": "นราธิวาส", "zone_number": 2, "PartyTerminated": false, "Age": 62, "Occupation": "เจ้าหน้าที่พลศึกษาประจำอำเภอสุไหงปาดี", "HighestEducation": "ปริญญาตรี", "ImageFileId": "5c5c5f5cfbcb5f16fc687bd5", "SelfIntroduceFileId": "5c5c620efbcb5f16fc687c79", "PartyLogo": "https://storage.googleapis.com/candidate-thumbs/party/55.png", "CandididatePhoto": "https://storage.googleapis.com/candidate-thumbs/images/96-2-15.jpg"}, {"Unnamed: 0": 3067, "CandidateId": "eea9e9db-fcb3-49f1-a74d-85b3d8d21d3b", "CandidateNo": 16, "FirstName": "มูฮัมหมัดซัยฟูดีน", "LastName": "ดอเลาะ", "PartyName": "อนาคตใหม่", "PartyNumber": 177, "Title": "นาย", "Votable": true, "province_id": 96, "province_name": "นราธิวาส", "zone_number": 2, "PartyTerminated": false, "Age": 32, "Occupation": "มัคคกุเทศก์", "HighestEducation": "ปริญญาตรี", "ImageFileId": "5c5c6778fbcb5f16fc687cd5", "SelfIntroduceFileId": "5c5c6825fbcb5f16fc687cf4", "PartyLogo": "https://storage.googleapis.com/candidate-thumbs/party/177.png", "CandididatePhoto": "https://storage.googleapis.com/candidate-thumbs/images/96-2-16.jpg"}, {"Unnamed: 0": 3068, "CandidateId": "1b89cb24-529b-4049-9e5c-e270c854410b", "CandidateNo": 17, "FirstName": "มูฮำมัดนิรันดร", "LastName": "เลาะนะ", "PartyName": "รักษ์ผืนป่าประเทศไทย", "PartyNumber": 133, "Title": "นาย", "Votable": true, "province_id": 96, "province_name": "นราธิวาส", "zone_number": 2, "PartyTerminated": false, "Age": 51, "Occupation": "รับจ้างทั่วไป", "HighestEducation": "ปริญญาตรี", "ImageFileId": "5c5d546efbcb5f0fd8872e3b", "SelfIntroduceFileId": "5c5d641bfbcb5f0fd887cbf2", "PartyLogo": "https://storage.googleapis.com/candidate-thumbs/party/133.png", "CandididatePhoto": "https://storage.googleapis.com/candidate-thumbs/images/96-2-17.jpg"}, {"Unnamed: 0": 3069, "CandidateId": "23b60c69-626d-4b28-838e-64a1a3009d27", "CandidateNo": 18, "FirstName": "มนัส", "LastName": "ว่องไว", "PartyName": "พลังปวงชนไทย", "PartyNumber": 184, "Title": "นาย", "Votable": true, "province_id": 96, "province_name": "นราธิวาส", "zone_number": 2, "PartyTerminated": false, "Age": 56, "Occupation": "ธุรกิจเครือข่าย", "HighestEducation": "ปริญญาตรี", "ImageFileId": "5c5d54ccfbcb5f0fd887339a", "SelfIntroduceFileId": "5c5d652ffbcb5f0fd887d387", "PartyLogo": "https://storage.googleapis.com/candidate-thumbs/party/184.png", "CandididatePhoto": "https://storage.googleapis.com/candidate-thumbs/images/96-2-18.jpg"}, {"Unnamed: 0": 3070, "CandidateId": "92951bb7-18b2-482b-8219-4f3e544bc7c3", "CandidateNo": 19, "FirstName": "เลาะ", "LastName": "หามะ", "PartyName": "ประชาภิวัฒน์", "PartyNumber": 172, "Title": "นาย", "Votable": true, "province_id": 96, "province_name": "นราธิวาส", "zone_number": 2, "PartyTerminated": false, "Age": 63, "Occupation": "ทำสวน", "HighestEducation": "ต่ำกว่าปริญญาตรี", "ImageFileId": "5c5d5536fbcb5f0fd8873b54", "SelfIntroduceFileId": "5c5d662cfbcb5f0fd887da95", "PartyLogo": "https://storage.googleapis.com/candidate-thumbs/party/172.png", "CandididatePhoto": "https://storage.googleapis.com/candidate-thumbs/images/96-2-19.jpg"}, {"Unnamed: 0": 3071, "CandidateId": "1b399914-8180-4612-8ca0-d97a76a750c0", "CandidateNo": 20, "FirstName": "เกียรติ์", "LastName": "สุขแดงพรหม", "PartyName": "เพื่อแผ่นดิน", "PartyNumber": 41, "Title": "นาย", "Votable": true, "province_id": 96, "province_name": "นราธิวาส", "zone_number": 2, "PartyTerminated": false, "Age": 64, "Occupation": "เกษตรกร", "HighestEducation": "ต่ำกว่าปริญญาตรี", "ImageFileId": "5c5d55b2fbcb5f0fd887445b", "SelfIntroduceFileId": "5c5d66f8fbcb5f0fd887dd56", "PartyLogo": "https://storage.googleapis.com/candidate-thumbs/party/41.png", "CandididatePhoto": "https://storage.googleapis.com/candidate-thumbs/images/96-2-20.jpg"}, {"Unnamed: 0": 3072, "CandidateId": "0468d9de-e096-4ab1-afdd-102a18f672d2", "CandidateNo": 21, "FirstName": "มาเรียม", "LastName": "ศรีตุลาการ", "PartyName": "พลังไทยรักชาติ", "PartyNumber": 155, "Title": "นาง", "Votable": true, "province_id": 96, "province_name": "นราธิวาส", "zone_number": 2, "PartyTerminated": false, "Age": 61, "Occupation": "ครูสอนวิชาสามัญโรงเรียนแสงธรรมวิทยา", "HighestEducation": "ปริญญาตรี", "ImageFileId": "5c5d562ffbcb5f0fd8874b0a", "SelfIntroduceFileId": "5c5d679bfbcb5f0fd887e001", "PartyLogo": "https://storage.googleapis.com/candidate-thumbs/party/155.png", "CandididatePhoto": "https://storage.googleapis.com/candidate-thumbs/images/96-2-21.jpg"}, {"Unnamed: 0": 3073, "CandidateId": "ec753ef8-d014-40e9-a781-e33a1c17ea98", "CandidateNo": 22, "FirstName": "ฮัมดัม", "LastName": "เจะโวะ", "PartyName": "ทางเลือกใหม่", "PartyNumber": 170, "Title": "นาย", "Votable": true, "province_id": 96, "province_name": "นราธิวาส", "zone_number": 2, "PartyTerminated": false, "Age": 30, "Occupation": "ธุรกิจส่วนตัว", "HighestEducation": "ต่ำกว่าปริญญาตรี", "ImageFileId": "5c5d5698fbcb5f0fd8874f22", "SelfIntroduceFileId": "5c5d681dfbcb5f0fd887e310", "PartyLogo": "https://storage.googleapis.com/candidate-thumbs/party/170.png", "CandididatePhoto": "https://storage.googleapis.com/candidate-thumbs/images/96-2-22.jpg"}, {"Unnamed: 0": 3074, "CandidateId": "3344789d-e21d-40b7-be13-9019d6d7a325", "CandidateNo": 23, "FirstName": "ภูวเดช", "LastName": "เจ๊ฮูเซ็ง", "PartyName": "ภราดรภาพ", "PartyNumber": 154, "Title": "นาย", "Votable": true, "province_id": 96, "province_name": "นราธิวาส", "zone_number": 2, "PartyTerminated": false, "Age": 55, "Occupation": "ธุรกิจส่วนตัว", "HighestEducation": "ปริญญาตรี", "ImageFileId": "5c5d56e4fbcb5f0fd88751c2", "SelfIntroduceFileId": "5c5d68d2fbcb5f0fd887e5dd", "PartyLogo": "https://storage.googleapis.com/candidate-thumbs/party/154.png", "CandididatePhoto": "https://storage.googleapis.com/candidate-thumbs/images/96-2-23.jpg"}, {"Unnamed: 0": 3075, "CandidateId": "9d8caf17-6eb0-4e06-a4ee-3f139ed81da3", "CandidateNo": 24, "FirstName": "ยุลิน", "LastName": "สุวรรณคีรี", "PartyName": "แผ่นดินธรรม", "PartyNumber": 188, "Title": "นาง", "Votable": true, "province_id": 96, "province_name": "นราธิวาส", "zone_number": 2, "PartyTerminated": false, "Age": 55, "Occupation": "ทำสวน", "HighestEducation": "ต่ำกว่าปริญญาตรี", "ImageFileId": "5c5d574dfbcb5f0fd8875733", "SelfIntroduceFileId": "5c5d6977fbcb5f0fd887e913", "PartyLogo": "https://storage.googleapis.com/candidate-thumbs/party/188.png", "CandididatePhoto": "https://storage.googleapis.com/candidate-thumbs/images/96-2-24.jpg"}, {"Unnamed: 0": 3076, "CandidateId": "74998a04-d41a-4da0-b103-be958f47ed54", "CandidateNo": 25, "FirstName": "มักตา", "LastName": "ดอเลาะ", "PartyName": "ประชาธรรมไทย", "PartyNumber": 190, "Title": "นาย", "Votable": true, "province_id": 96, "province_name": "นราธิวาส", "zone_number": 2, "PartyTerminated": false, "Age": 46, "Occupation": "ธุรกิจส่วนตัว", "HighestEducation": "ต่ำกว่าปริญญาตรี", "ImageFileId": "5c5d57bdfbcb5f0fd8875d35", "SelfIntroduceFileId": "5c5d6a2bfbcb5f0fd887ebf7", "PartyLogo": "https://storage.googleapis.com/candidate-thumbs/party/190.png", "CandididatePhoto": "https://storage.googleapis.com/candidate-thumbs/images/96-2-25.jpg"}, {"Unnamed: 0": 3077, "CandidateId": "8cb7c35e-21c3-45e9-97d2-60513cc6c676", "CandidateNo": 26, "FirstName": "อาซือรี", "LastName": "มะยูนุ", "PartyName": "เศรษฐกิจใหม่", "PartyNumber": 193, "Title": "นาย", "Votable": true, "province_id": 96, "province_name": "นราธิวาส", "zone_number": 2, "PartyTerminated": false, "Age": 45, "Occupation": "ธุรกิจส่วนตัว", "HighestEducation": "ปริญญาโท", "ImageFileId": "5c5d581bfbcb5f0fd887621b", "SelfIntroduceFileId": "5c5d6afcfbcb5f0fd887f065", "PartyLogo": "https://storage.googleapis.com/candidate-thumbs/party/193.png", "CandididatePhoto": "https://storage.googleapis.com/candidate-thumbs/images/96-2-26.jpg"}, {"Unnamed: 0": 3078, "CandidateId": "f7fc6df4-ea75-4f6c-9b57-5e2db7a4b64c", "CandidateNo": 27, "FirstName": "ดุสิต", "LastName": "สาวดี", "PartyName": "ครูไทยเพื่อประชาชน", "PartyNumber": 118, "Title": "นาย", "Votable": true, "province_id": 96, "province_name": "นราธิวาส", "zone_number": 2, "PartyTerminated": false, "Age": 47, "Occupation": "ธุรกิจส่วนตัว", "HighestEducation": "ปริญญาตรี", "ImageFileId": "5c5d5867fbcb5f0fd8876591", "SelfIntroduceFileId": "5c5d6ba2fbcb5f0fd887f50d", "PartyLogo": "https://storage.googleapis.com/candidate-thumbs/party/118.png", "CandididatePhoto": "https://storage.googleapis.com/candidate-thumbs/images/96-2-27.jpg"}, {"Unnamed: 0": 3079, "CandidateId": "49ef1dc1-e559-46df-b660-e68751dff121", "CandidateNo": 28, "FirstName": "นิมุ", "LastName": "ซาเม๊าะ", "PartyName": "ถิ่นกาขาวชาววิไล", "PartyNumber": 129, "Title": "นาย", "Votable": true, "province_id": 96, "province_name": "นราธิวาส", "zone_number": 2, "PartyTerminated": false, "Age": 63, "Occupation": "ทำสวน", "HighestEducation": "ต่ำกว่าปริญญาตรี", "ImageFileId": "5c5d58b4fbcb5f0fd8876928", "SelfIntroduceFileId": "5c5d6eedfbcb5f0fd88802d6", "PartyLogo": "https://storage.googleapis.com/candidate-thumbs/party/129.png", "CandididatePhoto": "https://storage.googleapis.com/candidate-thumbs/images/96-2-28.jpg"}, {"Unnamed: 0": 3080, "CandidateId": "e7a4d8a9-a390-4320-8de7-29a7ee6a668a", "CandidateNo": 29, "FirstName": "ซารีนา", "LastName": "สะดียามู", "PartyName": "ไทยธรรม", "PartyNumber": 178, "Title": "นางสาว", "Votable": true, "province_id": 96, "province_name": "นราธิวาส", "zone_number": 2, "PartyTerminated": false, "Age": 42, "Occupation": "เกษตรกร", "HighestEducation": "ต่ำกว่าปริญญาตรี", "ImageFileId": "5c5d591afbcb5f0fd8876e5a", "SelfIntroduceFileId": "5c5d6f92fbcb5f0fd8880715", "PartyLogo": "https://storage.googleapis.com/candidate-thumbs/party/178.png", "CandididatePhoto": "https://storage.googleapis.com/candidate-thumbs/images/96-2-29.jpg"}, {"Unnamed: 0": 3081, "CandidateId": "ad92a052-60ae-4725-9c7c-13234f58c21f", "CandidateNo": 30, "FirstName": "มะแอ", "LastName": "สะอิ", "PartyName": "พลังสังคม", "PartyNumber": 198, "Title": "นาย", "Votable": true, "province_id": 96, "province_name": "นราธิวาส", "zone_number": 2, "PartyTerminated": false, "Age": 53, "Occupation": "ธุรกิจส่วนตัว", "HighestEducation": "ต่ำกว่าปริญญาตรี", "ImageFileId": "5c5d5969fbcb5f0fd88771fe", "SelfIntroduceFileId": "5c5d7022fbcb5f0fd88808f8", "PartyLogo": "https://storage.googleapis.com/candidate-thumbs/party/198.png", "CandididatePhoto": "https://storage.googleapis.com/candidate-thumbs/images/96-2-30.jpg"}, {"Unnamed: 0": 3082, "CandidateId": "3ba4147a-091a-496e-a9f7-73d1359cf6a0", "CandidateNo": 31, "FirstName": "แวเมาะ", "LastName": "แวมามะ", "PartyName": "พลังไทยรักไทย", "PartyNumber": 185, "Title": "นางสาว", "Votable": true, "province_id": 96, "province_name": "นราธิวาส", "zone_number": 2, "PartyTerminated": false, "Age": 39, "Occupation": "กิจการส่วนตัว", "HighestEducation": "ต่ำกว่าปริญญาตรี", "ImageFileId": "5c5d59a9fbcb5f0fd88774ad", "SelfIntroduceFileId": "5c5d70b9fbcb5f0fd8880b12", "PartyLogo": "https://storage.googleapis.com/candidate-thumbs/party/185.png", "CandididatePhoto": "https://storage.googleapis.com/candidate-thumbs/images/96-2-31.jpg"}, {"Unnamed: 0": 3083, "CandidateId": "db070a01-079a-4533-a89a-e8dd47ab49b2", "CandidateNo": 32, "FirstName": "บันลือ", "LastName": "รัตนสกุล", "PartyName": "พลเมืองไทย", "PartyNumber": 173, "Title": "นาย", "Votable": true, "province_id": 96, "province_name": "นราธิวาส", "zone_number": 2, "PartyTerminated": false, "Age": 61, "Occupation": "รับราชการ(ปลัด อบต.ปะลุรู)", "HighestEducation": "ปริญญาโท", "ImageFileId": "5c5d5a07fbcb5f0fd887790c", "SelfIntroduceFileId": "5c5d7133fbcb5f0fd8880cc7", "PartyLogo": "https://storage.googleapis.com/candidate-thumbs/party/173.png", "CandididatePhoto": "https://storage.googleapis.com/candidate-thumbs/images/96-2-32.jpg"}, {"Unnamed: 0": 3084, "CandidateId": "50d3d6c2-82eb-4f05-8252-200b1870b603", "CandidateNo": 33, "FirstName": "ตามีซี", "LastName": "ดอเล๊าะ", "PartyName": "พลังประชาธิปไตย", "PartyNumber": 153, "Title": "นาย", "Votable": true, "province_id": 96, "province_name": "นราธิวาส", "zone_number": 2, "PartyTerminated": false, "Age": 38, "Occupation": "ครูลูกจ้างโรงเรียน", "HighestEducation": "ปริญญาตรี", "ImageFileId": "5c5d5a47fbcb5f0fd8877b81", "SelfIntroduceFileId": "5c5d7194fbcb5f0fd8880d91", "PartyLogo": "https://storage.googleapis.com/candidate-thumbs/party/153.png", "CandididatePhoto": "https://storage.googleapis.com/candidate-thumbs/images/96-2-33.jpg"}, {"Unnamed: 0": 3085, "CandidateId": "90588a65-6a63-4ad8-8545-159d678b6276", "CandidateNo": 34, "FirstName": "รอฮัน", "LastName": "สือนิ", "PartyName": "พลังชาติไทย", "PartyNumber": 186, "Title": "นาย", "Votable": true, "province_id": 96, "province_name": "นราธิวาส", "zone_number": 2, "PartyTerminated": false, "Age": 42, "Occupation": "จิตอาสา ต.นานาค", "HighestEducation": "ต่ำกว่าปริญญาตรี", "ImageFileId": "5c5d5a85fbcb5f0fd8877d58", "SelfIntroduceFileId": "5c5d7261fbcb5f0fd8880f3e", "PartyLogo": "https://storage.googleapis.com/candidate-thumbs/party/186.png", "CandididatePhoto": "https://storage.googleapis.com/candidate-thumbs/images/96-2-34.jpg"}, {"Unnamed: 0": 3086, "CandidateId": "f3216399-22db-4f49-8113-44a3b1063218", "CandidateNo": 35, "FirstName": "ดือเล๊าะ", "LastName": "บินหามะ", "PartyName": "พลังไทสร้างชาติ", "PartyNumber": 200, "Title": "นาย", "Votable": true, "province_id": 96, "province_name": "นราธิวาส", "zone_number": 2, "PartyTerminated": false, "Age": 42, "Occupation": "ธุรกิจส่วนตัว", "HighestEducation": "ต่ำกว่าปริญญาตรี", "ImageFileId": "5c5d5acefbcb5f0fd8877f81", "SelfIntroduceFileId": "5c5d7336fbcb5f0fd88810db", "PartyLogo": "https://storage.googleapis.com/candidate-thumbs/party/200.png", "CandididatePhoto": "https://storage.googleapis.com/candidate-thumbs/images/96-2-35.jpg"}, {"Unnamed: 0": 3087, "CandidateId": "931f8246-e520-47cc-ba12-1c0cceca6bcc", "CandidateNo": 36, "FirstName": "มุสตอปา", "LastName": "เจ๊ะอูเซ็ง", "PartyName": "ภูมิพลังเกษตรกรไทย", "PartyNumber": 197, "Title": "นาย", "Votable": true, "province_id": 96, "province_name": "นราธิวาส", "zone_number": 2, "PartyTerminated": false, "Age": 42, "Occupation": "ทำสวน", "HighestEducation": "ต่ำกว่าปริญญาตรี", "ImageFileId": "5c5d5b10fbcb5f0fd8878132", "SelfIntroduceFileId": "5c5d73c1fbcb5f0fd8881251", "PartyLogo": "https://storage.googleapis.com/candidate-thumbs/party/197.png", "CandididatePhoto": "https://storage.googleapis.com/candidate-thumbs/images/96-2-36.jpg"}, {"Unnamed: 0": 3088, "CandidateId": "61531623-be68-4cc9-aead-caeb14c6c0e5", "CandidateNo": 37, "FirstName": "ดาการียา", "LastName": "สมาแอ", "PartyName": "ไทรักธรรม", "PartyNumber": 144, "Title": "นาย", "Votable": true, "province_id": 96, "province_name": "นราธิวาส", "zone_number": 2, "PartyTerminated": false, "Age": 56, "Occupation": "ข้าราชการบำนาญ", "HighestEducation": "ต่ำกว่าปริญญาตรี", "ImageFileId": "5c5d5b4cfbcb5f0fd8878418", "SelfIntroduceFileId": "5c5d743afbcb5f0fd8881355", "PartyLogo": "https://storage.googleapis.com/candidate-thumbs/party/144.png", "CandididatePhoto": "https://storage.googleapis.com/candidate-thumbs/images/96-2-37.jpg"}]