[{"Unnamed: 0": 9959, "CandidateId": "cc326760-81ac-4216-ac34-fac63146c8ad", "CandidateNo": 1, "FirstName": "วิชัย", "LastName": "ขอหมั่นกลาง", "PartyName": "เพื่อนไทย", "PartyNumber": 179, "Title": "นาย", "Votable": false, "province_id": 30, "province_name": "นครราชสีมา", "zone_number": 7, "PartyTerminated": false, "Age": 63, "Occupation": "เกษตรกรรม", "HighestEducation": "ต่ำกว่าปริญญาตรี", "ImageFileId": "5c57d38afbcb5f1eec0ddac4", "SelfIntroduceFileId": "5c5901e3fbcb5f1d8813db2c", "PartyLogo": "https://storage.googleapis.com/candidate-thumbs/party/179.png", "CandididatePhoto": "https://storage.googleapis.com/candidate-thumbs/images/30-7-1.jpg"}, {"Unnamed: 0": 9960, "CandidateId": "44a42f2f-3b56-4d81-b01a-3e0374a5e686", "CandidateNo": 2, "FirstName": "ทิพงษ์", "LastName": "รักษ์ศรี", "PartyName": "อนาคตใหม่", "PartyNumber": 177, "Title": "นาย", "Votable": true, "province_id": 30, "province_name": "นครราชสีมา", "zone_number": 7, "PartyTerminated": false, "Age": 39, "Occupation": "พนักงานบริษัทเอกชน", "HighestEducation": "ปริญญาตรี", "ImageFileId": "5c57d598fbcb5f1eec0de4dc", "SelfIntroduceFileId": "5c590228fbcb5f1d8813def1", "PartyLogo": "https://storage.googleapis.com/candidate-thumbs/party/177.png", "CandididatePhoto": "https://storage.googleapis.com/candidate-thumbs/images/30-7-2.jpg"}, {"Unnamed: 0": 9961, "CandidateId": "73e2ec7f-2a5d-48ef-a420-637d93d00e33", "CandidateNo": 3, "FirstName": "เวโรจน์", "LastName": "โชติศิวะพลบุญชู", "PartyName": "ประชาชาติ", "PartyNumber": 187, "Title": "นาย", "Votable": true, "province_id": 30, "province_name": "นครราชสีมา", "zone_number": 7, "PartyTerminated": false, "Age": 43, "Occupation": "รับเหมาก่อสร้าง", "HighestEducation": "ปริญญาตรี", "ImageFileId": "5c5d6725fbcb5f0fd887de00", "SelfIntroduceFileId": "5c5902b4fbcb5f1d8813e4e2", "PartyLogo": "https://storage.googleapis.com/candidate-thumbs/party/187.png", "CandididatePhoto": "https://storage.googleapis.com/candidate-thumbs/images/30-7-3.jpg"}, {"Unnamed: 0": 9962, "CandidateId": "09db9025-5017-4a4a-8e28-23578f3eead3", "CandidateNo": 4, "FirstName": "สถาพร", "LastName": "นิยะโมสถ", "PartyName": "ประชานิยม", "PartyNumber": 191, "Title": "พันตำรวจเอก", "Votable": true, "province_id": 30, "province_name": "นครราชสีมา", "zone_number": 7, "PartyTerminated": false, "Age": 65, "Occupation": "รับราชการตำรวจ", "HighestEducation": "ปริญญาโท", "ImageFileId": "5c57dde3fbcb5f1eec0e1238", "SelfIntroduceFileId": "5c590480fbcb5f1d8813f7b2", "PartyLogo": "https://storage.googleapis.com/candidate-thumbs/party/191.png", "CandididatePhoto": "https://storage.googleapis.com/candidate-thumbs/images/30-7-4.jpg"}, {"Unnamed: 0": 9963, "CandidateId": "68ec33b8-e775-427f-8c57-869bb6fd6225", "CandidateNo": 5, "FirstName": "วันชัย", "LastName": "ก้องเจริญพาณิชย์", "PartyName": "ประชาธิปัตย์", "PartyNumber": 1, "Title": "นาย", "Votable": true, "province_id": 30, "province_name": "นครราชสีมา", "zone_number": 7, "PartyTerminated": false, "Age": 60, "Occupation": "อาจารย์ที่ปรึกษาอิสระ", "HighestEducation": "ปริญญาตรี", "ImageFileId": "5c5d5e37fbcb5f0fd8879db4", "SelfIntroduceFileId": "5c59050efbcb5f1d8813ff04", "PartyLogo": "https://storage.googleapis.com/candidate-thumbs/party/1.png", "CandididatePhoto": "https://storage.googleapis.com/candidate-thumbs/images/30-7-5.jpg"}, {"Unnamed: 0": 9964, "CandidateId": "68be59e8-0be4-4e02-ba54-e53dca38b4fe", "CandidateNo": 6, "FirstName": "นิรันดร", "LastName": "ชัยศรี", "PartyName": "ชาติพัฒนา", "PartyNumber": 45, "Title": "นาย", "Votable": true, "province_id": 30, "province_name": "นครราชสีมา", "zone_number": 7, "PartyTerminated": false, "Age": 64, "Occupation": "ข้าราชการบำนาญ", "HighestEducation": "ปริญญาโท", "ImageFileId": "5c5d6896fbcb5f0fd887e564", "SelfIntroduceFileId": "5c5905cdfbcb5f1d881408c3", "PartyLogo": "https://storage.googleapis.com/candidate-thumbs/party/45.png", "CandididatePhoto": "https://storage.googleapis.com/candidate-thumbs/images/30-7-6.jpg"}, {"Unnamed: 0": 9965, "CandidateId": "b91c3bf3-e47b-4990-bd41-d710fe40b906", "CandidateNo": 7, "FirstName": "สุริยันต์", "LastName": "กลิ่นดอน", "PartyName": "ประชาภิวัฒน์", "PartyNumber": 172, "Title": "นาย", "Votable": true, "province_id": 30, "province_name": "นครราชสีมา", "zone_number": 7, "PartyTerminated": false, "Age": 47, "Occupation": "ค้าขาย", "HighestEducation": "ปริญญาตรี", "ImageFileId": "5c57df9efbcb5f1eec0e1b82", "SelfIntroduceFileId": "5c59063dfbcb5f1d88140e85", "PartyLogo": "https://storage.googleapis.com/candidate-thumbs/party/172.png", "CandididatePhoto": "https://storage.googleapis.com/candidate-thumbs/images/30-7-7.jpg"}, {"Unnamed: 0": 9966, "CandidateId": "6033dcac-0699-4e48-8d30-d56c405cfb53", "CandidateNo": 8, "FirstName": "จรูญพงศ์", "LastName": "พันธุ์ศรีนคร", "PartyName": "เพื่อไทย", "PartyNumber": 34, "Title": "นาย", "Votable": true, "province_id": 30, "province_name": "นครราชสีมา", "zone_number": 7, "PartyTerminated": false, "Age": 64, "Occupation": "ธุรกิจส่วนตัว", "HighestEducation": "ปริญญาโท", "ImageFileId": "5c5d68d6fbcb5f0fd887e5f8", "SelfIntroduceFileId": "5c5906c9fbcb5f1d88141660", "PartyLogo": "https://storage.googleapis.com/candidate-thumbs/party/34.png", "CandididatePhoto": "https://storage.googleapis.com/candidate-thumbs/images/30-7-8.jpg"}, {"Unnamed: 0": 9967, "CandidateId": "51a45174-b15d-4a61-90cd-1921abf34331", "CandidateNo": 9, "FirstName": "วิทยา", "LastName": "ดวงใจ", "PartyName": "รวมพลังประชาชาติไทย", "PartyNumber": 181, "Title": "นาย", "Votable": true, "province_id": 30, "province_name": "นครราชสีมา", "zone_number": 7, "PartyTerminated": false, "Age": 59, "Occupation": "รับราชการ", "HighestEducation": "ปริญญาโท", "ImageFileId": "5c5d690dfbcb5f0fd887e6aa", "SelfIntroduceFileId": "5c590744fbcb5f1d88141df1", "PartyLogo": "https://storage.googleapis.com/candidate-thumbs/party/181.png", "CandididatePhoto": "https://storage.googleapis.com/candidate-thumbs/images/30-7-9.jpg"}, {"Unnamed: 0": 9968, "CandidateId": "c5bc2fd7-c36b-44de-9e73-339ac7b83443", "CandidateNo": 10, "FirstName": "กลวัชร", "LastName": "อึ้งสวัสดิ์", "PartyName": "ภูมิใจไทย", "PartyNumber": 63, "Title": "นาย", "Votable": true, "province_id": 30, "province_name": "นครราชสีมา", "zone_number": 7, "PartyTerminated": false, "Age": 49, "Occupation": "สมาชิกสภาองค์การบริหารส่วนจังหวัดนครราชสีมา เขตอำเภอชุมพวง", "HighestEducation": "ปริญญาตรี", "ImageFileId": "5c5d69f1fbcb5f0fd887eb19", "SelfIntroduceFileId": "5c59079ffbcb5f1d88142233", "PartyLogo": "https://storage.googleapis.com/candidate-thumbs/party/63.png", "CandididatePhoto": "https://storage.googleapis.com/candidate-thumbs/images/30-7-10.jpg"}, {"Unnamed: 0": 9969, "CandidateId": "15055521-08eb-4f47-8e22-527c693d0e41", "CandidateNo": 11, "FirstName": "ริญญา", "LastName": "ปะทักขินัง", "PartyName": "ไทยธรรม", "PartyNumber": 178, "Title": "นาง", "Votable": true, "province_id": 30, "province_name": "นครราชสีมา", "zone_number": 7, "PartyTerminated": false, "Age": 41, "Occupation": "เกษตรกรรม", "HighestEducation": "ต่ำกว่าปริญญาตรี", "ImageFileId": "5c57fe9efbcb5f1eec0f4b4e", "SelfIntroduceFileId": "5c590811fbcb5f1d8814277f", "PartyLogo": "https://storage.googleapis.com/candidate-thumbs/party/178.png", "CandididatePhoto": "https://storage.googleapis.com/candidate-thumbs/images/30-7-11.jpg"}, {"Unnamed: 0": 9970, "CandidateId": "6b5b27bf-4a63-4aae-b0eb-8f34b1b2bd87", "CandidateNo": 12, "FirstName": "ฐานันดร", "LastName": "นาคนกแก้ว", "PartyName": "ประชาชนปฏิรูป", "PartyNumber": 176, "Title": "นาย", "Votable": true, "province_id": 30, "province_name": "นครราชสีมา", "zone_number": 7, "PartyTerminated": false, "Age": 62, "Occupation": "เกษตรกรรม", "HighestEducation": "ต่ำกว่าปริญญาตรี", "ImageFileId": "5c5d6a2efbcb5f0fd887ec1e", "SelfIntroduceFileId": "5c5908affbcb5f1d88142e55", "PartyLogo": "https://storage.googleapis.com/candidate-thumbs/party/176.png", "CandididatePhoto": "https://storage.googleapis.com/candidate-thumbs/images/30-7-12.jpg"}, {"Unnamed: 0": 9971, "CandidateId": "e71b1c1a-9a45-457f-8bcb-b5292aba380f", "CandidateNo": 13, "FirstName": "กมลพัฒน์", "LastName": "วิเศษจินดาวัฒนา", "PartyName": "เสรีรวมไทย", "PartyNumber": 145, "Title": "นาย", "Votable": true, "province_id": 30, "province_name": "นครราชสีมา", "zone_number": 7, "PartyTerminated": false, "Age": 35, "Occupation": "ค้าขาย", "HighestEducation": "ปริญญาโท", "ImageFileId": "5c580598fbcb5f1eec0fad6e", "SelfIntroduceFileId": "5c59090cfbcb5f1d88143490", "PartyLogo": "https://storage.googleapis.com/candidate-thumbs/party/145.png", "CandididatePhoto": "https://storage.googleapis.com/candidate-thumbs/images/30-7-13.jpg"}, {"Unnamed: 0": 9972, "CandidateId": "7d49a471-5c50-4cc5-9378-fbd4317eeddd", "CandidateNo": 14, "FirstName": "แสง", "LastName": "โชตินอก", "PartyName": "รักษ์ผืนป่าประเทศไทย", "PartyNumber": 133, "Title": "นาย", "Votable": true, "province_id": 30, "province_name": "นครราชสีมา", "zone_number": 7, "PartyTerminated": false, "Age": 64, "Occupation": "ธุรกิจส่วนตัว", "HighestEducation": "ต่ำกว่าปริญญาตรี", "ImageFileId": "5c5805fdfbcb5f1eec0fb26e", "SelfIntroduceFileId": "5c5909ecfbcb5f1d88143f97", "PartyLogo": "https://storage.googleapis.com/candidate-thumbs/party/133.png", "CandididatePhoto": "https://storage.googleapis.com/candidate-thumbs/images/30-7-14.jpg"}, {"Unnamed: 0": 9973, "CandidateId": "1198755c-72b2-4c3d-a509-4e369675b4e7", "CandidateNo": 15, "FirstName": "ทัศนียา", "LastName": "รัตนเศรษฐ", "PartyName": "พลังประชารัฐ", "PartyNumber": 192, "Title": "นาง", "Votable": true, "province_id": 30, "province_name": "นครราชสีมา", "zone_number": 7, "PartyTerminated": false, "Age": 64, "Occupation": "สมาชิกสภาผู้แทนราษฎร", "HighestEducation": "ปริญญาโท", "ImageFileId": "5c580650fbcb5f1eec0fb695", "SelfIntroduceFileId": "5c590a47fbcb5f1d8814452e", "PartyLogo": "https://storage.googleapis.com/candidate-thumbs/party/192.png", "CandididatePhoto": "https://storage.googleapis.com/candidate-thumbs/images/30-7-15.jpg"}, {"Unnamed: 0": 9974, "CandidateId": "fb9a8fe2-cc8b-4f52-a804-c23390e555c7", "CandidateNo": 16, "FirstName": "จิรยุทธ", "LastName": "บุญแต่ง", "PartyName": "ชาติไทยพัฒนา", "PartyNumber": 55, "Title": "นาย", "Votable": true, "province_id": 30, "province_name": "นครราชสีมา", "zone_number": 7, "PartyTerminated": false, "Age": 56, "Occupation": "อาจารย์พิเศษ/ธุรกิจท่องเที่ยว", "HighestEducation": "ปริญญาโท", "ImageFileId": "5c58069afbcb5f1eec0fba6b", "SelfIntroduceFileId": "5c590ac5fbcb5f1d88144c56", "PartyLogo": "https://storage.googleapis.com/candidate-thumbs/party/55.png", "CandididatePhoto": "https://storage.googleapis.com/candidate-thumbs/images/30-7-16.jpg"}, {"Unnamed: 0": 9975, "CandidateId": "fdf9fee9-a1f7-4257-b1c3-a3dc9812d226", "CandidateNo": 17, "FirstName": "ทักษิณ", "LastName": "เชื้อจันอัด", "PartyName": "เพื่อชาติ", "PartyNumber": 149, "Title": "นาย", "Votable": true, "province_id": 30, "province_name": "นครราชสีมา", "zone_number": 7, "PartyTerminated": false, "Age": 45, "Occupation": "ค้าขาย", "HighestEducation": "ปริญญาตรี", "ImageFileId": "5c5806e6fbcb5f1eec0fbfb0", "SelfIntroduceFileId": "5c5cfa88fbcb5f0fd88453dd", "PartyLogo": "https://storage.googleapis.com/candidate-thumbs/party/149.png", "CandididatePhoto": "https://storage.googleapis.com/candidate-thumbs/images/30-7-17.jpg"}, {"Unnamed: 0": 9976, "CandidateId": "a0d36b00-8a2d-4bae-9064-8969a1f0d333", "CandidateNo": 18, "FirstName": "ธีรพร", "LastName": "กลางพิมาย", "PartyName": "พลังท้องถิ่นไท", "PartyNumber": 124, "Title": "นางสาว", "Votable": true, "province_id": 30, "province_name": "นครราชสีมา", "zone_number": 7, "PartyTerminated": false, "Age": 41, "Occupation": "รับปรึกษากฎหมาย", "HighestEducation": "ปริญญาตรี", "ImageFileId": "5c58e6f4fbcb5f1d8812ea2c", "SelfIntroduceFileId": "5c590b9afbcb5f1d88145994", "PartyLogo": "https://storage.googleapis.com/candidate-thumbs/party/124.png", "CandididatePhoto": "https://storage.googleapis.com/candidate-thumbs/images/30-7-18.jpg"}, {"Unnamed: 0": 9977, "CandidateId": "81ec38bb-b801-47ea-a5da-fb4a0d61124f", "CandidateNo": 19, "FirstName": "อำนาจ", "LastName": "เหลานาคำ", "PartyName": "ประชาธรรมไทย", "PartyNumber": 190, "Title": "นาย", "Votable": true, "province_id": 30, "province_name": "นครราชสีมา", "zone_number": 7, "PartyTerminated": false, "Age": 65, "Occupation": "เกษตรกรรม", "HighestEducation": "ปริญญาตรี", "ImageFileId": "5c58f6c4fbcb5f1d88136153", "SelfIntroduceFileId": "5c590c34fbcb5f1d881462e5", "PartyLogo": "https://storage.googleapis.com/candidate-thumbs/party/190.png", "CandididatePhoto": "https://storage.googleapis.com/candidate-thumbs/images/30-7-19.jpg"}, {"Unnamed: 0": 9978, "CandidateId": "a5e5910d-3908-42e4-a8bf-30991180ac9e", "CandidateNo": 20, "FirstName": "สุเมธ", "LastName": "พันธุ์ดี", "PartyName": "พลังปวงชนไทย", "PartyNumber": 184, "Title": "นาย", "Votable": true, "province_id": 30, "province_name": "นครราชสีมา", "zone_number": 7, "PartyTerminated": false, "Age": 66, "Occupation": "ผูัอำนวยการโรงเรียนบ้านตะโกทุ่ง อำเภอคง จังหวัดนครราชสีมา", "HighestEducation": "ปริญญาตรี", "ImageFileId": "5c5d6b06fbcb5f0fd887f147", "SelfIntroduceFileId": "5c593328fbcb5f1d88162cd0", "PartyLogo": "https://storage.googleapis.com/candidate-thumbs/party/184.png", "CandididatePhoto": "https://storage.googleapis.com/candidate-thumbs/images/30-7-20.jpg"}, {"Unnamed: 0": 9979, "CandidateId": "5fa4584e-ba8f-4db9-a190-9e9443abd56e", "CandidateNo": 21, "FirstName": "ยุพิน", "LastName": "ศรีจันทึก", "PartyName": "ไทยศรีวิไลย์", "PartyNumber": 180, "Title": "นาง", "Votable": true, "province_id": 30, "province_name": "นครราชสีมา", "zone_number": 7, "PartyTerminated": false, "Age": 60, "Occupation": "รับจ้าง", "HighestEducation": "ต่ำกว่าปริญญาตรี", "ImageFileId": "5c5a7641fbcb5f19bcaa225c", "SelfIntroduceFileId": "5c5a774efbcb5f19bcaa27f0", "PartyLogo": "https://storage.googleapis.com/candidate-thumbs/party/180.png", "CandididatePhoto": "https://storage.googleapis.com/candidate-thumbs/images/30-7-21.jpg"}, {"Unnamed: 0": 9980, "CandidateId": "ea13ddd4-336e-4d25-a5fa-23e73686b64a", "CandidateNo": 22, "FirstName": "พยอม", "LastName": "ดาขุนทด", "PartyName": "กรีน", "PartyNumber": 206, "Title": "นาง", "Votable": true, "province_id": 30, "province_name": "นครราชสีมา", "zone_number": 7, "PartyTerminated": false, "Age": 56, "Occupation": "เกษตร", "HighestEducation": "ต่ำกว่าปริญญาตรี", "ImageFileId": "5c5ba1b9fbcb5f16fc658d7a", "SelfIntroduceFileId": "5c5ba3c1fbcb5f16fc659bed", "PartyLogo": "https://storage.googleapis.com/candidate-thumbs/party/206.png", "CandididatePhoto": "https://storage.googleapis.com/candidate-thumbs/images/30-7-22.jpg"}, {"Unnamed: 0": 9981, "CandidateId": "ca5f5130-f35a-45cf-8217-15e603f4b400", "CandidateNo": 23, "FirstName": "บุญเวช", "LastName": "พิทธยานันท์", "PartyName": "ครูไทยเพื่อประชาชน", "PartyNumber": 118, "Title": "นาย", "Votable": true, "province_id": 30, "province_name": "นครราชสีมา", "zone_number": 7, "PartyTerminated": false, "Age": 47, "Occupation": "ธุรกิจส่วนตัว", "HighestEducation": "ต่ำกว่าปริญญาตรี", "ImageFileId": "5c5bb281fbcb5f16fc660f50", "SelfIntroduceFileId": "5c5bb3c9fbcb5f16fc661b74", "PartyLogo": "https://storage.googleapis.com/candidate-thumbs/party/118.png", "CandididatePhoto": "https://storage.googleapis.com/candidate-thumbs/images/30-7-23.jpg"}, {"Unnamed: 0": 9982, "CandidateId": "b2a75b98-a022-4e1a-ab8c-19463fa22ef6", "CandidateNo": 24, "FirstName": "ณัฐชานันท์", "LastName": "เจริญกิตติสกุล", "PartyName": "พลังไทสร้างชาติ", "PartyNumber": 200, "Title": "นางสาว", "Votable": true, "province_id": 30, "province_name": "นครราชสีมา", "zone_number": 7, "PartyTerminated": false, "Age": 46, "Occupation": "ค้าขาย", "HighestEducation": "ต่ำกว่าปริญญาตรี", "ImageFileId": "5c5bc78bfbcb5f16fc668450", "SelfIntroduceFileId": "5c5bc9dcfbcb5f16fc6691b9", "PartyLogo": "https://storage.googleapis.com/candidate-thumbs/party/200.png", "CandididatePhoto": "https://storage.googleapis.com/candidate-thumbs/images/30-7-24.jpg"}, {"Unnamed: 0": 9983, "CandidateId": "a6a36bed-2805-45ca-99e3-9eb1eeb286cb", "CandidateNo": 25, "FirstName": "รุ่งเรือง", "LastName": "จรรยา", "PartyName": "พลังชาติไทย", "PartyNumber": 186, "Title": "นาย", "Votable": true, "province_id": 30, "province_name": "นครราชสีมา", "zone_number": 7, "PartyTerminated": false, "Age": 58, "Occupation": "วิศวกร", "HighestEducation": "ปริญญาตรี", "ImageFileId": "5c5be2f3fbcb5f16fc675415", "SelfIntroduceFileId": "5c5bef05fbcb5f16fc67bda6", "PartyLogo": "https://storage.googleapis.com/candidate-thumbs/party/186.png", "CandididatePhoto": "https://storage.googleapis.com/candidate-thumbs/images/30-7-25.jpg"}, {"Unnamed: 0": 9984, "CandidateId": "2f052f59-3c3b-4f18-b95d-17080d815b66", "CandidateNo": 26, "FirstName": "บรรพต", "LastName": "โกมุทกลาง", "PartyName": "พลังสังคม", "PartyNumber": 198, "Title": "นาย", "Votable": true, "province_id": 30, "province_name": "นครราชสีมา", "zone_number": 7, "PartyTerminated": false, "Age": 53, "Occupation": "เกษตรกรรม", "HighestEducation": "ต่ำกว่าปริญญาตรี", "ImageFileId": "5c5cf5bbfbcb5f16fc691411", "SelfIntroduceFileId": "5c5cf947fbcb5f0fd884494f", "PartyLogo": "https://storage.googleapis.com/candidate-thumbs/party/198.png", "CandididatePhoto": "https://storage.googleapis.com/candidate-thumbs/images/30-7-26.jpg"}, {"Unnamed: 0": 9985, "CandidateId": "51a0eb28-bce2-47f7-a238-5e104ce0f62a", "CandidateNo": 27, "FirstName": "เปรียว", "LastName": "คำแก้ว", "PartyName": "มหาชน", "PartyNumber": 4, "Title": "นาง", "Votable": false, "province_id": 30, "province_name": "นครราชสีมา", "zone_number": 7, "PartyTerminated": false, "Age": 55, "Occupation": "เกษตรกร", "HighestEducation": "ต่ำกว่าปริญญาตรี", "ImageFileId": "5c5d3fc4fbcb5f0fd8864a75", "SelfIntroduceFileId": "5c5d4219fbcb5f0fd886655d", "PartyLogo": "https://storage.googleapis.com/candidate-thumbs/party/4.png", "CandididatePhoto": "https://storage.googleapis.com/candidate-thumbs/images/30-7-27.jpg"}, {"Unnamed: 0": 9986, "CandidateId": "3e4daff4-21a1-47cc-b936-88c05a1f2bb1", "CandidateNo": 28, "FirstName": "จันทิภากานต์", "LastName": "คงกระพันธ์", "PartyName": "เศรษฐกิจใหม่", "PartyNumber": 193, "Title": "นาง", "Votable": true, "province_id": 30, "province_name": "นครราชสีมา", "zone_number": 7, "PartyTerminated": false, "Age": 54, "Occupation": "ค้าขาย", "HighestEducation": "ต่ำกว่าปริญญาตรี", "ImageFileId": "5c5d4339fbcb5f0fd8866f88", "SelfIntroduceFileId": "5c5d52fafbcb5f0fd8871a4d", "PartyLogo": "https://storage.googleapis.com/candidate-thumbs/party/193.png", "CandididatePhoto": "https://storage.googleapis.com/candidate-thumbs/images/30-7-28.jpg"}, {"Unnamed: 0": 9987, "CandidateId": "81d0c98b-27ee-4e43-9951-4201226dd259", "CandidateNo": 29, "FirstName": "ประทวน", "LastName": "วัชรประทีป", "PartyName": "ประชาไทย", "PartyNumber": 205, "Title": "นาย", "Votable": true, "province_id": 30, "province_name": "นครราชสีมา", "zone_number": 7, "PartyTerminated": false, "Age": 63, "Occupation": "พนักงานขับเครื่องจักรกลขนาดหนัก", "HighestEducation": "ต่ำกว่าปริญญาตรี", "ImageFileId": "5c5d6be9fbcb5f0fd887f6f0", "SelfIntroduceFileId": "5c5d5445fbcb5f0fd8872d4d", "PartyLogo": "https://storage.googleapis.com/candidate-thumbs/party/205.png", "CandididatePhoto": "https://storage.googleapis.com/candidate-thumbs/images/30-7-29.jpg"}, {"Unnamed: 0": 9988, "CandidateId": "bca43bd7-4c29-4edb-beff-4f1c2f2f56a3", "CandidateNo": 30, "FirstName": "สมใจ", "LastName": "พูลขวัญ", "PartyName": "พลเมืองไทย", "PartyNumber": 173, "Title": "นาย", "Votable": true, "province_id": 30, "province_name": "นครราชสีมา", "zone_number": 7, "PartyTerminated": false, "Age": 60, "Occupation": "ธุรกิจส่วนตัว", "HighestEducation": "ปริญญาตรี", "ImageFileId": "5c5d54a6fbcb5f0fd8873082", "SelfIntroduceFileId": "5c5d5538fbcb5f0fd8873b6c", "PartyLogo": "https://storage.googleapis.com/candidate-thumbs/party/173.png", "CandididatePhoto": "https://storage.googleapis.com/candidate-thumbs/images/30-7-30.jpg"}, {"Unnamed: 0": 9989, "CandidateId": "0b0781fe-7a8e-4218-ae3d-fb4aba47687e", "CandidateNo": 31, "FirstName": "ภัทราพร", "LastName": "วัฒนะสุข", "PartyName": "พลังไทยรักไทย", "PartyNumber": 185, "Title": "นางสาว", "Votable": true, "province_id": 30, "province_name": "นครราชสีมา", "zone_number": 7, "PartyTerminated": false, "Age": 52, "Occupation": "ค้าขาย", "HighestEducation": "ต่ำกว่าปริญญาตรี", "ImageFileId": "5c5d5579fbcb5f0fd8873f0b", "SelfIntroduceFileId": "5c5d5629fbcb5f0fd8874ad3", "PartyLogo": "https://storage.googleapis.com/candidate-thumbs/party/185.png", "CandididatePhoto": "https://storage.googleapis.com/candidate-thumbs/images/30-7-31.jpg"}, {"Unnamed: 0": 9990, "CandidateId": "a62fdf94-f1a3-42b0-9c11-959fcf3cc3e7", "CandidateNo": 32, "FirstName": "ณัฐชา", "LastName": "พันธ์ทอง", "PartyName": "ไทรักธรรม", "PartyNumber": 144, "Title": "นาง", "Votable": true, "province_id": 30, "province_name": "นครราชสีมา", "zone_number": 7, "PartyTerminated": false, "Age": 27, "Occupation": "ค้าขาย  ธุรกิจส่วนตัว", "HighestEducation": "ต่ำกว่าปริญญาตรี", "ImageFileId": "5c5d565dfbcb5f0fd8874cbd", "SelfIntroduceFileId": "5c5d5711fbcb5f0fd8875383", "PartyLogo": "https://storage.googleapis.com/candidate-thumbs/party/144.png", "CandididatePhoto": "https://storage.googleapis.com/candidate-thumbs/images/30-7-32.jpg"}]