[{"Unnamed: 0": 7273, "CandidateId": "9ab3bf23-1dde-4a21-a6bd-002d60450689", "CandidateNo": 1, "FirstName": "วันฤทธิ์", "LastName": "นาไร", "PartyName": "เพื่อแผ่นดิน", "PartyNumber": 41, "Title": "นาย", "Votable": false, "province_id": 80, "province_name": "นครศรีธรรมราช", "zone_number": 2, "PartyTerminated": false, "Age": 58, "Occupation": "เกษตรกรรม", "HighestEducation": "ต่ำกว่าปริญญาตรี", "ImageFileId": "5c57f429fbcb5f1eec0ec9db", "SelfIntroduceFileId": "5c57f54bfbcb5f1eec0ed61d", "PartyLogo": "https://storage.googleapis.com/candidate-thumbs/party/41.png", "CandididatePhoto": "https://storage.googleapis.com/candidate-thumbs/images/80-2-1.jpg"}, {"Unnamed: 0": 7274, "CandidateId": "68f1a690-eea0-4d7f-992b-55ff3e59cff0", "CandidateNo": 2, "FirstName": "สมปอง", "LastName": "จันทร์ศรี", "PartyName": "รักษ์ผืนป่าประเทศไทย", "PartyNumber": 133, "Title": "นาย", "Votable": true, "province_id": 80, "province_name": "นครศรีธรรมราช", "zone_number": 2, "PartyTerminated": false, "Age": 44, "Occupation": "เกษตรกร", "HighestEducation": "ต่ำกว่าปริญญาตรี", "ImageFileId": "5c57f712fbcb5f1eec0ee974", "SelfIntroduceFileId": "5c57f7cefbcb5f1eec0ef159", "PartyLogo": "https://storage.googleapis.com/candidate-thumbs/party/133.png", "CandididatePhoto": "https://storage.googleapis.com/candidate-thumbs/images/80-2-2.jpg"}, {"Unnamed: 0": 7275, "CandidateId": "71d674de-a21a-4ed2-9302-5ab6c5f84c33", "CandidateNo": 3, "FirstName": "มณี", "LastName": "เหมทานนท์", "PartyName": "ชาติไทยพัฒนา", "PartyNumber": 55, "Title": "นาย", "Votable": true, "province_id": 80, "province_name": "นครศรีธรรมราช", "zone_number": 2, "PartyTerminated": false, "Age": 64, "Occupation": "ข้าราชการพลเรือนในสถาบันอุดมศึกษา", "HighestEducation": "ปริญญาเอก", "ImageFileId": "5c57fe1cfbcb5f1eec0f4346", "SelfIntroduceFileId": "5c57ffb7fbcb5f1eec0f5888", "PartyLogo": "https://storage.googleapis.com/candidate-thumbs/party/55.png", "CandididatePhoto": "https://storage.googleapis.com/candidate-thumbs/images/80-2-3.jpg"}, {"Unnamed: 0": 7276, "CandidateId": "4d199f54-9911-4633-bc8b-5e07acab65ab", "CandidateNo": 4, "FirstName": "ชัยยุทธ", "LastName": "ขวัญเกื้อ", "PartyName": "เพื่อชาติ", "PartyNumber": 149, "Title": "นาย", "Votable": true, "province_id": 80, "province_name": "นครศรีธรรมราช", "zone_number": 2, "PartyTerminated": false, "Age": 40, "Occupation": "นักจัดรายการวิทยุ", "HighestEducation": "ต่ำกว่าปริญญาตรี", "ImageFileId": "5c580765fbcb5f1eec0fc6b8", "SelfIntroduceFileId": "5c5d6aa0fbcb5f0fd887ee48", "PartyLogo": "https://storage.googleapis.com/candidate-thumbs/party/149.png", "CandididatePhoto": "https://storage.googleapis.com/candidate-thumbs/images/80-2-4.jpg"}, {"Unnamed: 0": 7277, "CandidateId": "1b13dd0a-2b44-479c-bf9f-cc1795b65f9a", "CandidateNo": 5, "FirstName": "ภิญโญ", "LastName": "เพชรแก้ว", "PartyName": "รวมพลังประชาชาติไทย", "PartyNumber": 181, "Title": "นาย", "Votable": false, "province_id": 80, "province_name": "นครศรีธรรมราช", "zone_number": 2, "PartyTerminated": false, "Age": 63, "Occupation": "ข้าราชการบำนาญ", "HighestEducation": "ปริญญาตรี", "ImageFileId": "5c580c57fbcb5f1eec10024b", "SelfIntroduceFileId": "5c580cf4fbcb5f1eec1008d6", "PartyLogo": "https://storage.googleapis.com/candidate-thumbs/party/181.png", "CandididatePhoto": "https://storage.googleapis.com/candidate-thumbs/images/80-2-5.jpg"}, {"Unnamed: 0": 7278, "CandidateId": "f5dcb31b-9eec-42b3-a89f-24ec18a1f9f4", "CandidateNo": 6, "FirstName": "ทวิวัส", "LastName": "เหลี่ยมดี", "PartyName": "อนาคตใหม่", "PartyNumber": 177, "Title": "นาย", "Votable": true, "province_id": 80, "province_name": "นครศรีธรรมราช", "zone_number": 2, "PartyTerminated": false, "Age": 55, "Occupation": "เกษตรกร", "HighestEducation": "ปริญญาตรี", "ImageFileId": "5c581265fbcb5f1eec1042f4", "SelfIntroduceFileId": "5c5812dbfbcb5f1eec10478e", "PartyLogo": "https://storage.googleapis.com/candidate-thumbs/party/177.png", "CandididatePhoto": "https://storage.googleapis.com/candidate-thumbs/images/80-2-6.jpg"}, {"Unnamed: 0": 7279, "CandidateId": "82d15582-fb7a-4f69-992e-c7770c3ee592", "CandidateNo": 7, "FirstName": "รวีภัทร์", "LastName": "จิรศักดิ์วัฒนา", "PartyName": "ไทยรักษาชาติ", "PartyNumber": 77, "Title": "นาย", "Votable": true, "province_id": 80, "province_name": "นครศรีธรรมราช", "zone_number": 2, "PartyTerminated": true, "Age": 32, "Occupation": "กรรมการบริษัท ธนันดรครีเอชั่น จำกัด", "HighestEducation": "ปริญญาตรี", "ImageFileId": "5c5817f9fbcb5f1eec1070d9", "SelfIntroduceFileId": "5c581880fbcb5f1eec1074a0", "PartyLogo": "https://storage.googleapis.com/candidate-thumbs/party/77.png", "CandididatePhoto": "https://storage.googleapis.com/candidate-thumbs/images/80-2-7.jpg"}, {"Unnamed: 0": 7280, "CandidateId": "9ce7466d-4cb6-428a-9feb-2264590fc142", "CandidateNo": 8, "FirstName": "สัณหพจน์", "LastName": "สุขศรีเมือง", "PartyName": "พลังประชารัฐ", "PartyNumber": 192, "Title": "นาย", "Votable": true, "province_id": 80, "province_name": "นครศรีธรรมราช", "zone_number": 2, "PartyTerminated": false, "Age": 45, "Occupation": "นักธุรกิจ", "HighestEducation": "ปริญญาโท", "ImageFileId": "5c581caffbcb5f1eec108930", "SelfIntroduceFileId": "5c581d2bfbcb5f1eec108bc6", "PartyLogo": "https://storage.googleapis.com/candidate-thumbs/party/192.png", "CandididatePhoto": "https://storage.googleapis.com/candidate-thumbs/images/80-2-8.jpg"}, {"Unnamed: 0": 7281, "CandidateId": "643dc863-e8b4-44fd-bce1-b1da33796301", "CandidateNo": 9, "FirstName": "รุ่งทิพย์", "LastName": "บุญญา", "PartyName": "ประชาธรรมไทย", "PartyNumber": 190, "Title": "นางสาว", "Votable": true, "province_id": 80, "province_name": "นครศรีธรรมราช", "zone_number": 2, "PartyTerminated": false, "Age": 30, "Occupation": "ธุรกิจส่วนตัว", "HighestEducation": "ปริญญาตรี", "ImageFileId": "5c581f9cfbcb5f1eec10976d", "SelfIntroduceFileId": "5c582124fbcb5f1eec109ead", "PartyLogo": "https://storage.googleapis.com/candidate-thumbs/party/190.png", "CandididatePhoto": "https://storage.googleapis.com/candidate-thumbs/images/80-2-9.jpg"}, {"Unnamed: 0": 7282, "CandidateId": "8d8cc986-8dae-4022-8628-e4117f43c565", "CandidateNo": 10, "FirstName": "นิคม", "LastName": "หนูแสง", "PartyName": "ประชาธิปไตยใหม่", "PartyNumber": 109, "Title": "นาย", "Votable": true, "province_id": 80, "province_name": "นครศรีธรรมราช", "zone_number": 2, "PartyTerminated": false, "Age": 53, "Occupation": "ทำสวน", "HighestEducation": "ต่ำกว่าปริญญาตรี", "ImageFileId": "5c582393fbcb5f1eec10a7de", "SelfIntroduceFileId": "5c5823f9fbcb5f1eec10a9b4", "PartyLogo": "https://storage.googleapis.com/candidate-thumbs/party/109.png", "CandididatePhoto": "https://storage.googleapis.com/candidate-thumbs/images/80-2-10.jpg"}, {"Unnamed: 0": 7283, "CandidateId": "29cfed67-354f-4878-8e8c-3d5a9c3da058", "CandidateNo": 11, "FirstName": "สุจินต์", "LastName": "รังสิมันตุชาติ", "PartyName": "พลังท้องถิ่นไท", "PartyNumber": 124, "Title": "นาย", "Votable": true, "province_id": 80, "province_name": "นครศรีธรรมราช", "zone_number": 2, "PartyTerminated": false, "Age": 62, "Occupation": "กำนัน,รับจ้างทั่วไปช่างไฟฟ้าอิเล็คโทรนิค", "HighestEducation": "ปริญญาตรี", "ImageFileId": "5c5826effbcb5f1eec10b370", "SelfIntroduceFileId": "5c58279efbcb5f1eec10b65f", "PartyLogo": "https://storage.googleapis.com/candidate-thumbs/party/124.png", "CandididatePhoto": "https://storage.googleapis.com/candidate-thumbs/images/80-2-11.jpg"}, {"Unnamed: 0": 7284, "CandidateId": "60120735-3c1e-4be7-af85-32d0a5103e58", "CandidateNo": 12, "FirstName": "ปฏิพน", "LastName": "ชนะณรงค์", "PartyName": "ประชาภิวัฒน์", "PartyNumber": 172, "Title": "นาย", "Votable": true, "province_id": 80, "province_name": "นครศรีธรรมราช", "zone_number": 2, "PartyTerminated": false, "Age": 37, "Occupation": "เกษตรกร", "HighestEducation": "ปริญญาตรี", "ImageFileId": "5c582abcfbcb5f1eec10befa", "SelfIntroduceFileId": "5c582b75fbcb5f1eec10c127", "PartyLogo": "https://storage.googleapis.com/candidate-thumbs/party/172.png", "CandididatePhoto": "https://storage.googleapis.com/candidate-thumbs/images/80-2-12.jpg"}, {"Unnamed: 0": 7285, "CandidateId": "cf13798c-ca33-4318-bf4c-81ff0043ad69", "CandidateNo": 13, "FirstName": "รวิสรา", "LastName": "ทิศนุ่น", "PartyName": "ภูมิใจไทย", "PartyNumber": 63, "Title": "นางสาว", "Votable": true, "province_id": 80, "province_name": "นครศรีธรรมราช", "zone_number": 2, "PartyTerminated": false, "Age": 32, "Occupation": "กรรมการผู้จัดการ บจก.โรงแรมซี.เค รีสอร์ท", "HighestEducation": "ปริญญาเอก", "ImageFileId": "5c582fe2fbcb5f1eec10c96e", "SelfIntroduceFileId": "5c58305ffbcb5f1eec10ca6c", "PartyLogo": "https://storage.googleapis.com/candidate-thumbs/party/63.png", "CandididatePhoto": "https://storage.googleapis.com/candidate-thumbs/images/80-2-13.jpg"}, {"Unnamed: 0": 7286, "CandidateId": "65b3a14b-9d13-4fdc-bbad-11c1912be113", "CandidateNo": 14, "FirstName": "รัชนีวรรณ", "LastName": "อินทร์สุวรรณ", "PartyName": "เพื่อธรรม", "PartyNumber": 98, "Title": "นาง", "Votable": true, "province_id": 80, "province_name": "นครศรีธรรมราช", "zone_number": 2, "PartyTerminated": false, "Age": 55, "Occupation": "ธุรกิจส่วนตัว", "HighestEducation": "ปริญญาโท", "ImageFileId": "5c5831a8fbcb5f1eec10cd84", "SelfIntroduceFileId": "5c58e4b3fbcb5f1d8812e249", "PartyLogo": "https://storage.googleapis.com/candidate-thumbs/party/98.png", "CandididatePhoto": "https://storage.googleapis.com/candidate-thumbs/images/80-2-14.jpg"}, {"Unnamed: 0": 7287, "CandidateId": "66915be3-1c1f-4905-bbb0-7e18ef021e51", "CandidateNo": 15, "FirstName": "วิทยา", "LastName": "แก้วภราดัย", "PartyName": "ประชาธิปัตย์", "PartyNumber": 1, "Title": "นาย", "Votable": true, "province_id": 80, "province_name": "นครศรีธรรมราช", "zone_number": 2, "PartyTerminated": false, "Age": 64, "Occupation": "นักการเมือง", "HighestEducation": "ปริญญาตรี", "ImageFileId": "5c5831e3fbcb5f1eec10cdb6", "SelfIntroduceFileId": "5c58f558fbcb5f1d881351ec", "PartyLogo": "https://storage.googleapis.com/candidate-thumbs/party/1.png", "CandididatePhoto": "https://storage.googleapis.com/candidate-thumbs/images/80-2-15.jpg"}, {"Unnamed: 0": 7288, "CandidateId": "1ba41ce4-614a-482d-8df8-1ef7d7c5c22a", "CandidateNo": 16, "FirstName": "ฐปกรณ์", "LastName": "มีล่อง", "PartyName": "กรีน", "PartyNumber": 206, "Title": "นาย", "Votable": true, "province_id": 80, "province_name": "นครศรีธรรมราช", "zone_number": 2, "PartyTerminated": false, "Age": 54, "Occupation": "ศิลปินนักร้องลูกทุ่ง", "HighestEducation": "ปริญญาตรี", "ImageFileId": "5c583285fbcb5f1eec10ce94", "SelfIntroduceFileId": "5c58faeafbcb5f1d88138c6c", "PartyLogo": "https://storage.googleapis.com/candidate-thumbs/party/206.png", "CandididatePhoto": "https://storage.googleapis.com/candidate-thumbs/images/80-2-16.jpg"}, {"Unnamed: 0": 7289, "CandidateId": "b1824e5d-a2b3-479f-997f-511a51e5e5ce", "CandidateNo": 17, "FirstName": "วีระพงศ์", "LastName": "หนูเขียว", "PartyName": "ชาติพัฒนา", "PartyNumber": 45, "Title": "ดาบตำรวจ", "Votable": true, "province_id": 80, "province_name": "นครศรีธรรมราช", "zone_number": 2, "PartyTerminated": false, "Age": 63, "Occupation": "ข้าราชการบำนาญ", "HighestEducation": "ต่ำกว่าปริญญาตรี", "ImageFileId": "5c583392fbcb5f1eec10cfa6", "SelfIntroduceFileId": "5c590591fbcb5f1d881405dc", "PartyLogo": "https://storage.googleapis.com/candidate-thumbs/party/45.png", "CandididatePhoto": "https://storage.googleapis.com/candidate-thumbs/images/80-2-17.jpg"}, {"Unnamed: 0": 7290, "CandidateId": "27aae782-0aca-4fb4-b1b0-0070b107847f", "CandidateNo": 18, "FirstName": "ธีรวุฒิ", "LastName": "ยุติธรรม", "PartyName": "คลองไทย", "PartyNumber": 189, "Title": "นาย", "Votable": true, "province_id": 80, "province_name": "นครศรีธรรมราช", "zone_number": 2, "PartyTerminated": false, "Age": 41, "Occupation": "ธุรกิจส่วนตัว,อาจารย์สถาบันเอกชน", "HighestEducation": "ปริญญาโท", "ImageFileId": "5c58345ffbcb5f1eec10cfdb", "SelfIntroduceFileId": "5c590c3bfbcb5f1d8814634d", "PartyLogo": "https://storage.googleapis.com/candidate-thumbs/party/189.png", "CandididatePhoto": "https://storage.googleapis.com/candidate-thumbs/images/80-2-18.jpg"}, {"Unnamed: 0": 7291, "CandidateId": "90378720-ed47-4afe-866e-b9fe635721d6", "CandidateNo": 19, "FirstName": "ดุสิต", "LastName": "ไทรทอง", "PartyName": "ประชาชาติ", "PartyNumber": 187, "Title": "นาย", "Votable": true, "province_id": 80, "province_name": "นครศรีธรรมราช", "zone_number": 2, "PartyTerminated": false, "Age": 54, "Occupation": "ธุรกิจส่วนตัว", "HighestEducation": "ปริญญาตรี", "ImageFileId": "5c583543fbcb5f1eec10d05e", "SelfIntroduceFileId": "5c5917dbfbcb5f1d8814f51d", "PartyLogo": "https://storage.googleapis.com/candidate-thumbs/party/187.png", "CandididatePhoto": "https://storage.googleapis.com/candidate-thumbs/images/80-2-19.jpg"}, {"Unnamed: 0": 7292, "CandidateId": "7d04494b-70d2-44a3-93b1-f6d512f88547", "CandidateNo": 20, "FirstName": "ชนิตร์นันท์", "LastName": "แก้วพะเนิน", "PartyName": "ประชานิยม", "PartyNumber": 191, "Title": "นาง", "Votable": true, "province_id": 80, "province_name": "นครศรีธรรมราช", "zone_number": 2, "PartyTerminated": false, "Age": 57, "Occupation": "ธุรกิจส่วนตัว", "HighestEducation": "ต่ำกว่าปริญญาตรี", "ImageFileId": "5c58365efbcb5f1eec10d19d", "SelfIntroduceFileId": "5c5d6e15fbcb5f0fd887fe4d", "PartyLogo": "https://storage.googleapis.com/candidate-thumbs/party/191.png", "CandididatePhoto": "https://storage.googleapis.com/candidate-thumbs/images/80-2-20.jpg"}, {"Unnamed: 0": 7293, "CandidateId": "26e14bf0-3d3d-401e-a436-3f95d9673ecb", "CandidateNo": 21, "FirstName": "พยอม", "LastName": "ศรีวิทยารัตน์", "PartyName": "ประชาชนปฏิรูป", "PartyNumber": 176, "Title": "นาย", "Votable": true, "province_id": 80, "province_name": "นครศรีธรรมราช", "zone_number": 2, "PartyTerminated": false, "Age": 73, "Occupation": "ข้าราชการบำนาญ", "HighestEducation": "ปริญญาตรี", "ImageFileId": "5c58376efbcb5f1eec10d262", "SelfIntroduceFileId": "5c591d3dfbcb5f1d88152096", "PartyLogo": "https://storage.googleapis.com/candidate-thumbs/party/176.png", "CandididatePhoto": "https://storage.googleapis.com/candidate-thumbs/images/80-2-21.jpg"}, {"Unnamed: 0": 7294, "CandidateId": "b9eccd4a-668c-4e49-8281-f664ee3e8cb8", "CandidateNo": 22, "FirstName": "ธีร์วศิษฐ์", "LastName": "บัวจันทร์", "PartyName": "ไทยรุ่งเรือง", "PartyNumber": 194, "Title": "นาย", "Votable": true, "province_id": 80, "province_name": "นครศรีธรรมราช", "zone_number": 2, "PartyTerminated": false, "Age": 52, "Occupation": " ทำงานอิสระ", "HighestEducation": "ปริญญาตรี", "ImageFileId": "5c593c1efbcb5f1d8816a56d", "SelfIntroduceFileId": "5c593e50fbcb5f1d8816c332", "PartyLogo": "https://storage.googleapis.com/candidate-thumbs/party/194.png", "CandididatePhoto": "https://storage.googleapis.com/candidate-thumbs/images/80-2-22.jpg"}, {"Unnamed: 0": 7295, "CandidateId": "07fb0a85-a054-4943-85af-a4f37729a482", "CandidateNo": 23, "FirstName": "อนุวัฒน์", "LastName": "ทองเอียด", "PartyName": "พลังไทยรักไทย", "PartyNumber": 185, "Title": "นาย", "Votable": true, "province_id": 80, "province_name": "นครศรีธรรมราช", "zone_number": 2, "PartyTerminated": false, "Age": 33, "Occupation": "ธุรกิจส่วนตัว", "HighestEducation": "ปริญญาตรี", "ImageFileId": "5c593e92fbcb5f1d8816c6f8", "SelfIntroduceFileId": "5c5a9e33fbcb5f19bcab3df0", "PartyLogo": "https://storage.googleapis.com/candidate-thumbs/party/185.png", "CandididatePhoto": "https://storage.googleapis.com/candidate-thumbs/images/80-2-23.jpg"}, {"Unnamed: 0": 7296, "CandidateId": "56417418-6df4-4d3c-82fb-25a5ae38ed00", "CandidateNo": 24, "FirstName": "ณัฐวิทย์", "LastName": "ส่งแสง", "PartyName": "เสรีรวมไทย", "PartyNumber": 145, "Title": "นาย", "Votable": true, "province_id": 80, "province_name": "นครศรีธรรมราช", "zone_number": 2, "PartyTerminated": false, "Age": 44, "Occupation": "ธุรกิจอาหารปรุงสำเร็จรูป", "HighestEducation": "ปริญญาตรี", "ImageFileId": "5c594185fbcb5f1d8816f107", "SelfIntroduceFileId": "5c5944aefbcb5f1d8817197e", "PartyLogo": "https://storage.googleapis.com/candidate-thumbs/party/145.png", "CandididatePhoto": "https://storage.googleapis.com/candidate-thumbs/images/80-2-24.jpg"}, {"Unnamed: 0": 7297, "CandidateId": "92092e38-3cf3-415a-a106-6b25cfc2013d", "CandidateNo": 25, "FirstName": "โชติศักดิ์", "LastName": "นาคคง", "PartyName": "พลเมืองไทย", "PartyNumber": 173, "Title": "นาย", "Votable": true, "province_id": 80, "province_name": "นครศรีธรรมราช", "zone_number": 2, "PartyTerminated": false, "Age": 39, "Occupation": "ทนายความ", "HighestEducation": "ปริญญาโท", "ImageFileId": "5c594504fbcb5f1d88171e8f", "SelfIntroduceFileId": "5c594672fbcb5f1d881733ac", "PartyLogo": "https://storage.googleapis.com/candidate-thumbs/party/173.png", "CandididatePhoto": "https://storage.googleapis.com/candidate-thumbs/images/80-2-25.jpg"}, {"Unnamed: 0": 7298, "CandidateId": "d060f7c5-c9d0-4f3b-b601-f4fa284acfcc", "CandidateNo": 26, "FirstName": "บุญเลิศ", "LastName": "หนูคูขุด", "PartyName": "ภราดรภาพ", "PartyNumber": 154, "Title": "นาย", "Votable": true, "province_id": 80, "province_name": "นครศรีธรรมราช", "zone_number": 2, "PartyTerminated": false, "Age": 49, "Occupation": "รับจ้างทั่วไป", "HighestEducation": "ปริญญาโท", "ImageFileId": "5c5946c0fbcb5f1d88173936", "SelfIntroduceFileId": "5c5948c9fbcb5f1d88175648", "PartyLogo": "https://storage.googleapis.com/candidate-thumbs/party/154.png", "CandididatePhoto": "https://storage.googleapis.com/candidate-thumbs/images/80-2-26.jpg"}, {"Unnamed: 0": 7299, "CandidateId": "f0b7e561-892d-4c90-aeb8-18cdb5530474", "CandidateNo": 27, "FirstName": "อารี", "LastName": "บุญเครือ", "PartyName": "ไทยศรีวิไลย์", "PartyNumber": 180, "Title": "นางสาว", "Votable": true, "province_id": 80, "province_name": "นครศรีธรรมราช", "zone_number": 2, "PartyTerminated": false, "Age": 39, "Occupation": "ครูอัตราจ้าง", "HighestEducation": "ปริญญาตรี", "ImageFileId": "5c5a8ff8fbcb5f19bcaadaec", "SelfIntroduceFileId": "5c5d6bbefbcb5f0fd887f616", "PartyLogo": "https://storage.googleapis.com/candidate-thumbs/party/180.png", "CandididatePhoto": "https://storage.googleapis.com/candidate-thumbs/images/80-2-27.jpg"}, {"Unnamed: 0": 7300, "CandidateId": "5db97f3e-4c11-42ba-a720-1e21c86d8fd8", "CandidateNo": 28, "FirstName": "ดลรอหมาน", "LastName": "สุริยะ", "PartyName": "ถิ่นกาขาวชาววิไล", "PartyNumber": 129, "Title": "นาย", "Votable": true, "province_id": 80, "province_name": "นครศรีธรรมราช", "zone_number": 2, "PartyTerminated": false, "Age": 48, "Occupation": "ค้าขาย", "HighestEducation": "ปริญญาตรี", "ImageFileId": "5c5a90affbcb5f19bcaae324", "SelfIntroduceFileId": "5c5d6adcfbcb5f0fd887ef8e", "PartyLogo": "https://storage.googleapis.com/candidate-thumbs/party/129.png", "CandididatePhoto": "https://storage.googleapis.com/candidate-thumbs/images/80-2-28.jpg"}, {"Unnamed: 0": 7301, "CandidateId": "3184d6a7-7837-4da0-ba22-e57baaa97bed", "CandidateNo": 29, "FirstName": "สิทธิพงศ์", "LastName": "ชูวงค์", "PartyName": "สังคมประชาธิปไตยไทย", "PartyNumber": 76, "Title": "นาย", "Votable": true, "province_id": 80, "province_name": "นครศรีธรรมราช", "zone_number": 2, "PartyTerminated": false, "Age": 38, "Occupation": "ประธานสหภาพแรงงาน", "HighestEducation": "ปริญญาตรี", "ImageFileId": "5c5a975ffbcb5f19bcab0e13", "SelfIntroduceFileId": "5c5d6b83fbcb5f0fd887f404", "PartyLogo": "https://storage.googleapis.com/candidate-thumbs/party/76.png", "CandididatePhoto": "https://storage.googleapis.com/candidate-thumbs/images/80-2-29.jpg"}, {"Unnamed: 0": 7302, "CandidateId": "254416d0-8a98-4e03-997f-8d42a7aac033", "CandidateNo": 30, "FirstName": "วรัณญา", "LastName": "มีเดชา", "PartyName": "ครูไทยเพื่อประชาชน", "PartyNumber": 118, "Title": "นางสาว", "Votable": true, "province_id": 80, "province_name": "นครศรีธรรมราช", "zone_number": 2, "PartyTerminated": false, "Age": 57, "Occupation": "ธุรกิจ มัลติ - เลเวล", "HighestEducation": "ปริญญาโท", "ImageFileId": "5c5b9252fbcb5f16fc653713", "SelfIntroduceFileId": "5c5d6b49fbcb5f0fd887f339", "PartyLogo": "https://storage.googleapis.com/candidate-thumbs/party/118.png", "CandididatePhoto": "https://storage.googleapis.com/candidate-thumbs/images/80-2-30.jpg"}, {"Unnamed: 0": 7303, "CandidateId": "8b41fdb3-4012-46c1-8203-3d51acf24f56", "CandidateNo": 31, "FirstName": "สมมาตร", "LastName": "สนทมิโน", "PartyName": "เศรษฐกิจใหม่", "PartyNumber": 193, "Title": "นาย", "Votable": true, "province_id": 80, "province_name": "นครศรีธรรมราช", "zone_number": 2, "PartyTerminated": false, "Age": 63, "Occupation": "ข้าราชการบำนาญ", "HighestEducation": "ปริญญาเอก", "ImageFileId": "5c5b9ea3fbcb5f16fc657502", "SelfIntroduceFileId": "5c5ba964fbcb5f16fc65c2af", "PartyLogo": "https://storage.googleapis.com/candidate-thumbs/party/193.png", "CandididatePhoto": "https://storage.googleapis.com/candidate-thumbs/images/80-2-31.jpg"}, {"Unnamed: 0": 7304, "CandidateId": "dec6455a-bf2b-4f93-9880-44a64244e0d4", "CandidateNo": 32, "FirstName": "จิรพรรณ", "LastName": "แซ่อุ่ย", "PartyName": "กลาง", "PartyNumber": 203, "Title": "นางสาว", "Votable": true, "province_id": 80, "province_name": "นครศรีธรรมราช", "zone_number": 2, "PartyTerminated": false, "Age": 25, "Occupation": "บอดี้การ์ด", "HighestEducation": "ต่ำกว่าปริญญาตรี", "ImageFileId": "5c5ba9fffbcb5f16fc65c63d", "SelfIntroduceFileId": "5c5bab97fbcb5f16fc65d12f", "PartyLogo": "https://storage.googleapis.com/candidate-thumbs/party/203.png", "CandididatePhoto": "https://storage.googleapis.com/candidate-thumbs/images/80-2-32.jpg"}, {"Unnamed: 0": 7305, "CandidateId": "0dae80d6-8b6c-4348-8cec-ec0e623f488d", "CandidateNo": 33, "FirstName": "จันทร์เพ็ญ", "LastName": "เกลี้ยงทอง", "PartyName": "ทางเลือกใหม่", "PartyNumber": 170, "Title": "นาง", "Votable": true, "province_id": 80, "province_name": "นครศรีธรรมราช", "zone_number": 2, "PartyTerminated": false, "Age": 47, "Occupation": "ธุรกิจส่วนตัว", "HighestEducation": "ปริญญาตรี", "ImageFileId": "5c5bc774fbcb5f16fc66842e", "SelfIntroduceFileId": "5c5bca17fbcb5f16fc6693fc", "PartyLogo": "https://storage.googleapis.com/candidate-thumbs/party/170.png", "CandididatePhoto": "https://storage.googleapis.com/candidate-thumbs/images/80-2-33.jpg"}, {"Unnamed: 0": 7306, "CandidateId": "f123518d-35d6-494f-8660-221fb4fd29de", "CandidateNo": 34, "FirstName": "อนันต์", "LastName": "หงส์ทอง", "PartyName": "แผ่นดินธรรม", "PartyNumber": 188, "Title": "นาย", "Votable": true, "province_id": 80, "province_name": "นครศรีธรรมราช", "zone_number": 2, "PartyTerminated": false, "Age": 47, "Occupation": "ทนายความ", "HighestEducation": "ปริญญาตรี", "ImageFileId": "5c5bd99efbcb5f16fc670581", "SelfIntroduceFileId": "5c5bdabffbcb5f16fc670fed", "PartyLogo": "https://storage.googleapis.com/candidate-thumbs/party/188.png", "CandididatePhoto": "https://storage.googleapis.com/candidate-thumbs/images/80-2-34.jpg"}, {"Unnamed: 0": 7307, "CandidateId": "8393d1fc-5647-4ff1-8946-c0b7bdf32951", "CandidateNo": 35, "FirstName": "สราวุธ", "LastName": "สุขสวัสดิ์", "PartyName": "มหาชน", "PartyNumber": 4, "Title": "ว่าที่ร้อยตรี", "Votable": true, "province_id": 80, "province_name": "นครศรีธรรมราช", "zone_number": 2, "PartyTerminated": false, "Age": 26, "Occupation": "ธุรกิจส่วนตัว", "HighestEducation": "ปริญญาตรี", "ImageFileId": "5c5bf510fbcb5f16fc67f004", "SelfIntroduceFileId": "5c5bf755fbcb5f16fc67fe7d", "PartyLogo": "https://storage.googleapis.com/candidate-thumbs/party/4.png", "CandididatePhoto": "https://storage.googleapis.com/candidate-thumbs/images/80-2-35.jpg"}, {"Unnamed: 0": 7308, "CandidateId": "e576f584-21d9-4300-aff2-1bfe518b00f8", "CandidateNo": 36, "FirstName": "วิทย์", "LastName": "แซ่ลิ่ม", "PartyName": "พลังสังคม", "PartyNumber": 198, "Title": "นาย", "Votable": true, "province_id": 80, "province_name": "นครศรีธรรมราช", "zone_number": 2, "PartyTerminated": false, "Age": 57, "Occupation": "เกษตรกร", "HighestEducation": "ต่ำกว่าปริญญาตรี", "ImageFileId": "5c5ce885fbcb5f16fc68bfbe", "SelfIntroduceFileId": "5c5ce92afbcb5f16fc68c444", "PartyLogo": "https://storage.googleapis.com/candidate-thumbs/party/198.png", "CandididatePhoto": "https://storage.googleapis.com/candidate-thumbs/images/80-2-36.jpg"}, {"Unnamed: 0": 7309, "CandidateId": "42f9e076-8f4e-4d66-b379-fe5e0722e191", "CandidateNo": 37, "FirstName": "ไพศาล", "LastName": "ช่วยอุปการ", "PartyName": "พลังปวงชนไทย", "PartyNumber": 184, "Title": "นาย", "Votable": true, "province_id": 80, "province_name": "นครศรีธรรมราช", "zone_number": 2, "PartyTerminated": false, "Age": 55, "Occupation": "ธุรกิจส่วนตัว(รับเหมาติดตั้งมิเตอร์)", "HighestEducation": "ต่ำกว่าปริญญาตรี", "ImageFileId": "5c5ceef4fbcb5f16fc68e591", "SelfIntroduceFileId": "5c5cf17bfbcb5f16fc68f584", "PartyLogo": "https://storage.googleapis.com/candidate-thumbs/party/184.png", "CandididatePhoto": "https://storage.googleapis.com/candidate-thumbs/images/80-2-37.jpg"}, {"Unnamed: 0": 7310, "CandidateId": "a4b27aa5-0d86-42cf-afee-34feef587cbd", "CandidateNo": 38, "FirstName": "ชุมพล", "LastName": "ปานนาค", "PartyName": "พลังสหกรณ์", "PartyNumber": 122, "Title": "นาย", "Votable": true, "province_id": 80, "province_name": "นครศรีธรรมราช", "zone_number": 2, "PartyTerminated": false, "Age": 73, "Occupation": "ข้าราชการบำนาญ", "HighestEducation": "ต่ำกว่าปริญญาตรี", "ImageFileId": "5c5cf901fbcb5f0fd88446d1", "SelfIntroduceFileId": "5c5cf9abfbcb5f0fd8844d2d", "PartyLogo": "https://storage.googleapis.com/candidate-thumbs/party/122.png", "CandididatePhoto": "https://storage.googleapis.com/candidate-thumbs/images/80-2-38.jpg"}, {"Unnamed: 0": 7311, "CandidateId": "c82a1162-6af0-4527-b2fa-b9365ee34db4", "CandidateNo": 39, "FirstName": "ธรรมราช", "LastName": "นาคมาศ", "PartyName": "พลังชาติไทย", "PartyNumber": 186, "Title": "นาย", "Votable": true, "province_id": 80, "province_name": "นครศรีธรรมราช", "zone_number": 2, "PartyTerminated": false, "Age": 42, "Occupation": "ทนายความ", "HighestEducation": "ปริญญาตรี", "ImageFileId": "5c5d38defbcb5f0fd8860965", "SelfIntroduceFileId": "5c5d3a84fbcb5f0fd886155e", "PartyLogo": "https://storage.googleapis.com/candidate-thumbs/party/186.png", "CandididatePhoto": "https://storage.googleapis.com/candidate-thumbs/images/80-2-39.jpg"}, {"Unnamed: 0": 7312, "CandidateId": "76f046ee-9d9c-4d4c-96e5-a1a2bdb4d15b", "CandidateNo": 40, "FirstName": "วีรชัย", "LastName": "จันทร์ทอง", "PartyName": "ภูมิพลังเกษตรกรไทย", "PartyNumber": 197, "Title": "ร้อยตรี", "Votable": true, "province_id": 80, "province_name": "นครศรีธรรมราช", "zone_number": 2, "PartyTerminated": false, "Age": 56, "Occupation": "รับราชการ (สัสดี)", "HighestEducation": "ต่ำกว่าปริญญาตรี", "ImageFileId": "5c5d3eebfbcb5f0fd88640ce", "SelfIntroduceFileId": "5c5d4142fbcb5f0fd8865c22", "PartyLogo": "https://storage.googleapis.com/candidate-thumbs/party/197.png", "CandididatePhoto": "https://storage.googleapis.com/candidate-thumbs/images/80-2-40.jpg"}, {"Unnamed: 0": 7313, "CandidateId": "8dff60bb-a4a6-41a2-b1bc-1db792bfb8b9", "CandidateNo": 41, "FirstName": "ธัสศมีย์", "LastName": "สมวาที", "PartyName": "พลังศรัทธา", "PartyNumber": 201, "Title": "นางสาว", "Votable": true, "province_id": 80, "province_name": "นครศรีธรรมราช", "zone_number": 2, "PartyTerminated": false, "Age": 58, "Occupation": "ค้าขาย", "HighestEducation": "ปริญญาตรี", "ImageFileId": "5c5d4c54fbcb5f0fd886d76d", "SelfIntroduceFileId": "5c5d6b0ffbcb5f0fd887f1c8", "PartyLogo": "https://storage.googleapis.com/candidate-thumbs/party/201.png", "CandididatePhoto": "https://storage.googleapis.com/candidate-thumbs/images/80-2-41.jpg"}, {"Unnamed: 0": 7314, "CandidateId": "f6d932d6-dfbf-4c45-86fc-d555d3e44dcd", "CandidateNo": 42, "FirstName": "โชติกา", "LastName": "ไพคำนาม", "PartyName": "ไทรักธรรม", "PartyNumber": 144, "Title": "นาง", "Votable": true, "province_id": 80, "province_name": "นครศรีธรรมราช", "zone_number": 2, "PartyTerminated": false, "Age": 37, "Occupation": "รับจ้างทั่วไป", "HighestEducation": "ต่ำกว่าปริญญาตรี", "ImageFileId": "5c5d53dcfbcb5f0fd88727bd", "SelfIntroduceFileId": "5c5d54f4fbcb5f0fd8873714", "PartyLogo": "https://storage.googleapis.com/candidate-thumbs/party/144.png", "CandididatePhoto": "https://storage.googleapis.com/candidate-thumbs/images/80-2-42.jpg"}]