[{"Unnamed: 0": 4287, "CandidateId": "729ed2cf-aa1f-4ade-b987-d8a57d1517d8", "CandidateNo": 1, "FirstName": "ธนัญจา", "LastName": "รดแป้น", "PartyName": "ภูมิใจไทย", "PartyNumber": 63, "Title": "นาง", "Votable": true, "province_id": 73, "province_name": "นครปฐม", "zone_number": 5, "PartyTerminated": false, "Age": 39, "Occupation": "ธุรกิจส่วนตัว", "HighestEducation": "ปริญญาตรี", "ImageFileId": "5c57d89bfbcb5f1eec0df2f9", "SelfIntroduceFileId": "5c590448fbcb5f1d8813f652", "PartyLogo": "https://storage.googleapis.com/candidate-thumbs/party/63.png", "CandididatePhoto": "https://storage.googleapis.com/candidate-thumbs/images/73-5-1.jpg"}, {"Unnamed: 0": 4288, "CandidateId": "57667cb1-9900-48b1-a24c-2a63127e9928", "CandidateNo": 2, "FirstName": "สุรชัย", "LastName": "อนุตธโต", "PartyName": "ประชาธิปัตย์", "PartyNumber": 1, "Title": "นาย", "Votable": true, "province_id": 73, "province_name": "นครปฐม", "zone_number": 5, "PartyTerminated": false, "Age": 56, "Occupation": "สมาชิกสภาองค์การบริหารส่วนจังหวัดนครปฐม", "HighestEducation": "ปริญญาโท", "ImageFileId": "5c57e0d5fbcb5f1eec0e2258", "SelfIntroduceFileId": "5c590588fbcb5f1d8814050e", "PartyLogo": "https://storage.googleapis.com/candidate-thumbs/party/1.png", "CandididatePhoto": "https://storage.googleapis.com/candidate-thumbs/images/73-5-2.jpg"}, {"Unnamed: 0": 4289, "CandidateId": "7f0dd942-a377-47f8-9e07-f53c60f86428", "CandidateNo": 3, "FirstName": "ลาวัลย์", "LastName": "สิงห์สถิต", "PartyName": "เสรีรวมไทย", "PartyNumber": 145, "Title": "นาง", "Votable": true, "province_id": 73, "province_name": "นครปฐม", "zone_number": 5, "PartyTerminated": false, "Age": 46, "Occupation": "ธุรกิจส่วนตัว", "HighestEducation": "ต่ำกว่าปริญญาตรี", "ImageFileId": "5c57e312fbcb5f1eec0e3213", "SelfIntroduceFileId": "5c5907dcfbcb5f1d881424f1", "PartyLogo": "https://storage.googleapis.com/candidate-thumbs/party/145.png", "CandididatePhoto": "https://storage.googleapis.com/candidate-thumbs/images/73-5-3.jpg"}, {"Unnamed: 0": 4290, "CandidateId": "9358cc1b-aa0e-4531-9e0d-21cd69d117c8", "CandidateNo": 4, "FirstName": "สามารถ", "LastName": "อำไพ", "PartyName": "ประชานิยม", "PartyNumber": 191, "Title": "ร.ต.ท.", "Votable": true, "province_id": 73, "province_name": "นครปฐม", "zone_number": 5, "PartyTerminated": false, "Age": 61, "Occupation": "รับราชการตำรวจ", "HighestEducation": "ต่ำกว่าปริญญาตรี", "ImageFileId": "5c57e46ffbcb5f1eec0e3c3a", "SelfIntroduceFileId": "5c590901fbcb5f1d88143393", "PartyLogo": "https://storage.googleapis.com/candidate-thumbs/party/191.png", "CandididatePhoto": "https://storage.googleapis.com/candidate-thumbs/images/73-5-4.jpg"}, {"Unnamed: 0": 4291, "CandidateId": "30cb0806-e93c-4caf-96d0-11b75262f143", "CandidateNo": 5, "FirstName": "ระวัง", "LastName": "เนตรโพธิ์แก้ว", "PartyName": "พลังประชารัฐ", "PartyNumber": 192, "Title": "นาย", "Votable": true, "province_id": 73, "province_name": "นครปฐม", "zone_number": 5, "PartyTerminated": false, "Age": 79, "Occupation": "วิศวกร", "HighestEducation": "ปริญญาเอก", "ImageFileId": "5c57e58afbcb5f1eec0e43d6", "SelfIntroduceFileId": "5c5909eafbcb5f1d88143f85", "PartyLogo": "https://storage.googleapis.com/candidate-thumbs/party/192.png", "CandididatePhoto": "https://storage.googleapis.com/candidate-thumbs/images/73-5-5.jpg"}, {"Unnamed: 0": 4292, "CandidateId": "817cdec6-af7b-492b-abaf-13ce0fadeaa2", "CandidateNo": 6, "FirstName": "ลลิต", "LastName": "กิจสมัคร", "PartyName": "พลังชาติไทย", "PartyNumber": 186, "Title": "นาย", "Votable": true, "province_id": 73, "province_name": "นครปฐม", "zone_number": 5, "PartyTerminated": false, "Age": 39, "Occupation": "ธุรกิจส่วนตัว", "HighestEducation": "ปริญญาโท", "ImageFileId": "5c57e5dafbcb5f1eec0e4693", "SelfIntroduceFileId": "5c590acdfbcb5f1d88144cc8", "PartyLogo": "https://storage.googleapis.com/candidate-thumbs/party/186.png", "CandididatePhoto": "https://storage.googleapis.com/candidate-thumbs/images/73-5-6.jpg"}, {"Unnamed: 0": 4293, "CandidateId": "5f710f90-917e-4f0a-9ef1-2f690c97bd86", "CandidateNo": 7, "FirstName": "อาทิตย์", "LastName": "ว่องวสุสมวงศ์", "PartyName": "รวมพลังประชาชาติไทย", "PartyNumber": 181, "Title": "นาย", "Votable": true, "province_id": 73, "province_name": "นครปฐม", "zone_number": 5, "PartyTerminated": false, "Age": 37, "Occupation": "สมาชิกองค์การบริหารส่วนตำบล", "HighestEducation": "ต่ำกว่าปริญญาตรี", "ImageFileId": "5c57e6e4fbcb5f1eec0e50d5", "SelfIntroduceFileId": "5c590bd7fbcb5f1d88145bfc", "PartyLogo": "https://storage.googleapis.com/candidate-thumbs/party/181.png", "CandididatePhoto": "https://storage.googleapis.com/candidate-thumbs/images/73-5-7.jpg"}, {"Unnamed: 0": 4294, "CandidateId": "f5b0cd82-3857-4507-85a1-e323c4508453", "CandidateNo": 8, "FirstName": "วรทัศน์", "LastName": "บุญประคอง", "PartyName": "ประชาภิวัฒน์", "PartyNumber": 172, "Title": "นาย", "Votable": true, "province_id": 73, "province_name": "นครปฐม", "zone_number": 5, "PartyTerminated": false, "Age": 54, "Occupation": "รองนายก อบจ.และทนายความ", "HighestEducation": "ปริญญาโท", "ImageFileId": "5c57e798fbcb5f1eec0e59bd", "SelfIntroduceFileId": "5c590cf4fbcb5f1d88146c9e", "PartyLogo": "https://storage.googleapis.com/candidate-thumbs/party/172.png", "CandididatePhoto": "https://storage.googleapis.com/candidate-thumbs/images/73-5-8.jpg"}, {"Unnamed: 0": 4295, "CandidateId": "a40bd980-e17c-4569-9b17-27c3d6df8eea", "CandidateNo": 9, "FirstName": "มนตรี", "LastName": "บุญประคอง", "PartyName": "ไทยรักษาชาติ", "PartyNumber": 77, "Title": "นาย", "Votable": true, "province_id": 73, "province_name": "นครปฐม", "zone_number": 5, "PartyTerminated": true, "Age": 53, "Occupation": "เกษตรกร", "HighestEducation": "ปริญญาตรี", "ImageFileId": "5c57e818fbcb5f1eec0e5ec7", "SelfIntroduceFileId": "5c590db3fbcb5f1d88147887", "PartyLogo": "https://storage.googleapis.com/candidate-thumbs/party/77.png", "CandididatePhoto": "https://storage.googleapis.com/candidate-thumbs/images/73-5-9.jpg"}, {"Unnamed: 0": 4296, "CandidateId": "3c144f4b-50b2-4d91-86da-f984e966b029", "CandidateNo": 10, "FirstName": "สุพาพร", "LastName": "ปานฉิม", "PartyName": "พลังท้องถิ่นไท", "PartyNumber": 124, "Title": "นางสาว", "Votable": true, "province_id": 73, "province_name": "นครปฐม", "zone_number": 5, "PartyTerminated": false, "Age": 26, "Occupation": "เกษตรกร", "HighestEducation": "ต่ำกว่าปริญญาตรี", "ImageFileId": "5c57e8abfbcb5f1eec0e63dd", "SelfIntroduceFileId": "5c590e6ffbcb5f1d88147ff6", "PartyLogo": "https://storage.googleapis.com/candidate-thumbs/party/124.png", "CandididatePhoto": "https://storage.googleapis.com/candidate-thumbs/images/73-5-10.jpg"}, {"Unnamed: 0": 4297, "CandidateId": "e30eb824-f551-419c-b3a5-2749d3afb78a", "CandidateNo": 11, "FirstName": "ประสม", "LastName": "วงศ์วัฒน์", "PartyName": "ไทยศรีวิไลย์", "PartyNumber": 180, "Title": "นาย", "Votable": true, "province_id": 73, "province_name": "นครปฐม", "zone_number": 5, "PartyTerminated": false, "Age": 64, "Occupation": "รับจ้าง", "HighestEducation": "ต่ำกว่าปริญญาตรี", "ImageFileId": "5c57e924fbcb5f1eec0e6820", "SelfIntroduceFileId": "5c591313fbcb5f1d8814c4ea", "PartyLogo": "https://storage.googleapis.com/candidate-thumbs/party/180.png", "CandididatePhoto": "https://storage.googleapis.com/candidate-thumbs/images/73-5-11.jpg"}, {"Unnamed: 0": 4298, "CandidateId": "239d6453-3f1b-449f-a7bc-642bd4aededc", "CandidateNo": 12, "FirstName": "ประนอม", "LastName": "เภาด้วง", "PartyName": "ชาติพัฒนา", "PartyNumber": 45, "Title": "นาง", "Votable": true, "province_id": 73, "province_name": "นครปฐม", "zone_number": 5, "PartyTerminated": false, "Age": 51, "Occupation": "ธุรกิจส่วนตัว", "HighestEducation": "ปริญญาตรี", "ImageFileId": "5c57ea1cfbcb5f1eec0e6d1a", "SelfIntroduceFileId": NaN, "PartyLogo": "https://storage.googleapis.com/candidate-thumbs/party/45.png", "CandididatePhoto": "https://storage.googleapis.com/candidate-thumbs/images/73-5-12.jpg"}, {"Unnamed: 0": 4299, "CandidateId": "f9314b39-63aa-48ab-be83-daa414b7866c", "CandidateNo": 13, "FirstName": "เกรียงศักดิ์", "LastName": "ทองดี", "PartyName": "เพื่อชาติ", "PartyNumber": 149, "Title": "นาย", "Votable": true, "province_id": 73, "province_name": "นครปฐม", "zone_number": 5, "PartyTerminated": false, "Age": 55, "Occupation": "รับจ้าง", "HighestEducation": "ปริญญาตรี", "ImageFileId": "5c57eabafbcb5f1eec0e71a9", "SelfIntroduceFileId": "5c59156ffbcb5f1d8814e2ae", "PartyLogo": "https://storage.googleapis.com/candidate-thumbs/party/149.png", "CandididatePhoto": "https://storage.googleapis.com/candidate-thumbs/images/73-5-13.jpg"}, {"Unnamed: 0": 4300, "CandidateId": "5c50a34d-467a-4e91-bb13-991d5970e64f", "CandidateNo": 14, "FirstName": "แถม", "LastName": "เพ็งหนุน", "PartyName": "รักษ์ผืนป่าประเทศไทย", "PartyNumber": 133, "Title": "นาย", "Votable": true, "province_id": 73, "province_name": "นครปฐม", "zone_number": 5, "PartyTerminated": false, "Age": 60, "Occupation": "-", "HighestEducation": "ต่ำกว่าปริญญาตรี", "ImageFileId": "5c57eb56fbcb5f1eec0e7598", "SelfIntroduceFileId": "5c591f93fbcb5f1d88152f99", "PartyLogo": "https://storage.googleapis.com/candidate-thumbs/party/133.png", "CandididatePhoto": "https://storage.googleapis.com/candidate-thumbs/images/73-5-14.jpg"}, {"Unnamed: 0": 4301, "CandidateId": "b4ec4237-6159-4242-9d12-03971733cb1d", "CandidateNo": 15, "FirstName": "จุมพิตา", "LastName": "จันทรขจร", "PartyName": "อนาคตใหม่", "PartyNumber": 177, "Title": "นาง", "Votable": true, "province_id": 73, "province_name": "นครปฐม", "zone_number": 5, "PartyTerminated": false, "Age": 54, "Occupation": "รับจ้าง", "HighestEducation": "ปริญญาตรี", "ImageFileId": "5c57ee2afbcb5f1eec0e8fd8", "SelfIntroduceFileId": "5c592058fbcb5f1d8815359a", "PartyLogo": "https://storage.googleapis.com/candidate-thumbs/party/177.png", "CandididatePhoto": "https://storage.googleapis.com/candidate-thumbs/images/73-5-15.jpg"}, {"Unnamed: 0": 4302, "CandidateId": "5a66e41e-9a0b-4cc5-97cb-eef48ce45509", "CandidateNo": 16, "FirstName": "พงษ์ศิริ", "LastName": "สุธานันท์", "PartyName": "ประชาชนปฏิรูป", "PartyNumber": 176, "Title": "นาย", "Votable": true, "province_id": 73, "province_name": "นครปฐม", "zone_number": 5, "PartyTerminated": false, "Age": 29, "Occupation": "รับจ้าง", "HighestEducation": "ต่ำกว่าปริญญาตรี", "ImageFileId": "5c57eec2fbcb5f1eec0e9763", "SelfIntroduceFileId": "5c592110fbcb5f1d88153b76", "PartyLogo": "https://storage.googleapis.com/candidate-thumbs/party/176.png", "CandididatePhoto": "https://storage.googleapis.com/candidate-thumbs/images/73-5-16.jpg"}, {"Unnamed: 0": 4303, "CandidateId": "f8c10b26-c507-42e3-9833-c87ca13d169a", "CandidateNo": 17, "FirstName": "เผดิมชัย", "LastName": "สะสมทรัพย์", "PartyName": "ชาติไทยพัฒนา", "PartyNumber": 55, "Title": "นาย", "Votable": true, "province_id": 73, "province_name": "นครปฐม", "zone_number": 5, "PartyTerminated": false, "Age": 70, "Occupation": "ที่ปรึกษา บริษัท วัสดุภัณฑ์ จำกัด", "HighestEducation": "ปริญญาโท", "ImageFileId": "5c5a43affbcb5f19bca8beda", "SelfIntroduceFileId": "5c5a4976fbcb5f19bca8ea3d", "PartyLogo": "https://storage.googleapis.com/candidate-thumbs/party/55.png", "CandididatePhoto": "https://storage.googleapis.com/candidate-thumbs/images/73-5-17.jpg"}, {"Unnamed: 0": 4304, "CandidateId": "f874bac1-cd0e-4890-bea9-615b6dd3c446", "CandidateNo": 18, "FirstName": "อุทัย", "LastName": "คะณา", "PartyName": "ครูไทยเพื่อประชาชน", "PartyNumber": 118, "Title": "นาย", "Votable": true, "province_id": 73, "province_name": "นครปฐม", "zone_number": 5, "PartyTerminated": false, "Age": 65, "Occupation": "ข้าราชการบำนาญ", "HighestEducation": "ปริญญาโท", "ImageFileId": "5c5b98fffbcb5f16fc6558eb", "SelfIntroduceFileId": "5c5b9a48fbcb5f16fc65619a", "PartyLogo": "https://storage.googleapis.com/candidate-thumbs/party/118.png", "CandididatePhoto": "https://storage.googleapis.com/candidate-thumbs/images/73-5-18.jpg"}, {"Unnamed: 0": 4305, "CandidateId": "1615b1a3-9d62-4084-9127-01b8e81584b2", "CandidateNo": 19, "FirstName": "สรัณวัชร", "LastName": "วิเชียรณรัตน์", "PartyName": "เศรษฐกิจใหม่", "PartyNumber": 193, "Title": "นาย", "Votable": true, "province_id": 73, "province_name": "นครปฐม", "zone_number": 5, "PartyTerminated": false, "Age": 26, "Occupation": "รับจ้าง", "HighestEducation": "ต่ำกว่าปริญญาตรี", "ImageFileId": "5c5bd0c3fbcb5f16fc66c0a1", "SelfIntroduceFileId": "5c5bd23bfbcb5f16fc66ce05", "PartyLogo": "https://storage.googleapis.com/candidate-thumbs/party/193.png", "CandididatePhoto": "https://storage.googleapis.com/candidate-thumbs/images/73-5-19.jpg"}, {"Unnamed: 0": 4306, "CandidateId": "ce9f18e6-f9c3-447e-b073-45bf6ba9596f", "CandidateNo": 20, "FirstName": "กาญจนา", "LastName": "หุราหะนนท์", "PartyName": "เครือข่ายชาวนาแห่งประเทศไทย", "PartyNumber": 22, "Title": "นาง", "Votable": true, "province_id": 73, "province_name": "นครปฐม", "zone_number": 5, "PartyTerminated": false, "Age": 59, "Occupation": "เกษตรกร", "HighestEducation": "ต่ำกว่าปริญญาตรี", "ImageFileId": "5c5bd26dfbcb5f16fc66cefe", "SelfIntroduceFileId": "5c5bd3ccfbcb5f16fc66d8d4", "PartyLogo": "https://storage.googleapis.com/candidate-thumbs/party/22.png", "CandididatePhoto": "https://storage.googleapis.com/candidate-thumbs/images/73-5-20.jpg"}, {"Unnamed: 0": 4307, "CandidateId": "958c7733-2a07-4c32-b744-f8e91e6a685a", "CandidateNo": 21, "FirstName": "ไพศรี", "LastName": "ประวัณโณ", "PartyName": "มหาชน", "PartyNumber": 4, "Title": "นาง", "Votable": true, "province_id": 73, "province_name": "นครปฐม", "zone_number": 5, "PartyTerminated": false, "Age": 46, "Occupation": "ค้าขาย", "HighestEducation": "ต่ำกว่าปริญญาตรี", "ImageFileId": "5c5bed56fbcb5f16fc67afd7", "SelfIntroduceFileId": "5c5beec6fbcb5f16fc67bbee", "PartyLogo": "https://storage.googleapis.com/candidate-thumbs/party/4.png", "CandididatePhoto": "https://storage.googleapis.com/candidate-thumbs/images/73-5-21.jpg"}, {"Unnamed: 0": 4308, "CandidateId": "68841d35-6773-487c-8e03-f49d99b34e2a", "CandidateNo": 22, "FirstName": "พิชญ์สิณี", "LastName": "ภักดีศิริลำดวน", "PartyName": "พลเมืองไทย", "PartyNumber": 173, "Title": "นางสาว", "Votable": true, "province_id": 73, "province_name": "นครปฐม", "zone_number": 5, "PartyTerminated": false, "Age": 47, "Occupation": "ศิลปิน นักร้อง ดารา", "HighestEducation": "ต่ำกว่าปริญญาตรี", "ImageFileId": "5c5bf368fbcb5f16fc67e56d", "SelfIntroduceFileId": "5c5bf4acfbcb5f16fc67ed07", "PartyLogo": "https://storage.googleapis.com/candidate-thumbs/party/173.png", "CandididatePhoto": "https://storage.googleapis.com/candidate-thumbs/images/73-5-22.jpg"}, {"Unnamed: 0": 4309, "CandidateId": "3a26e475-2684-4e1f-a914-605700c0891b", "CandidateNo": 23, "FirstName": "สิรสันต์", "LastName": "พันธุ์สุวรรณ", "PartyName": "พลังไทยรักชาติ", "PartyNumber": 155, "Title": "นาย", "Votable": true, "province_id": 73, "province_name": "นครปฐม", "zone_number": 5, "PartyTerminated": false, "Age": 55, "Occupation": "พนักงานบริษัท", "HighestEducation": "ต่ำกว่าปริญญาตรี", "ImageFileId": "5c5bf9a8fbcb5f16fc6809d0", "SelfIntroduceFileId": "5c5bfafdfbcb5f16fc680f4c", "PartyLogo": "https://storage.googleapis.com/candidate-thumbs/party/155.png", "CandididatePhoto": "https://storage.googleapis.com/candidate-thumbs/images/73-5-23.jpg"}, {"Unnamed: 0": 4310, "CandidateId": "b98a5b7d-cf53-4efb-8f73-d3a1e5412a0d", "CandidateNo": 24, "FirstName": "วิธวินท์", "LastName": "สุวรรณฐิติรัตน์", "PartyName": "พลังสังคม", "PartyNumber": 198, "Title": "นาย", "Votable": true, "province_id": 73, "province_name": "นครปฐม", "zone_number": 5, "PartyTerminated": false, "Age": 27, "Occupation": "พนักงานเอกชน", "HighestEducation": "ปริญญาตรี", "ImageFileId": "5c5c0130fbcb5f16fc6826a0", "SelfIntroduceFileId": "5c5c026ffbcb5f16fc6829ee", "PartyLogo": "https://storage.googleapis.com/candidate-thumbs/party/198.png", "CandididatePhoto": "https://storage.googleapis.com/candidate-thumbs/images/73-5-24.jpg"}]