[{"Unnamed: 0": 7432, "CandidateId": "e36012d9-e5b3-48d0-acc4-384776c2133f", "CandidateNo": 1, "FirstName": "สิริบรรณจบ", "LastName": "คงใหม่", "PartyName": "ชาติไทยพัฒนา", "PartyNumber": 55, "Title": "นาย", "Votable": true, "province_id": 80, "province_name": "นครศรีธรรมราช", "zone_number": 6, "PartyTerminated": false, "Age": 49, "Occupation": "เกษตรกร", "HighestEducation": "ต่ำกว่าปริญญาตรี", "ImageFileId": "5c57e28ffbcb5f1eec0e2d6a", "SelfIntroduceFileId": "5c57f3d6fbcb5f1eec0ec5ef", "PartyLogo": "https://storage.googleapis.com/candidate-thumbs/party/55.png", "CandididatePhoto": "https://storage.googleapis.com/candidate-thumbs/images/80-6-1.jpg"}, {"Unnamed: 0": 7433, "CandidateId": "3ad81a5c-d7d5-4f63-9c12-c006b0bf2e8a", "CandidateNo": 2, "FirstName": "วิสวะ", "LastName": "รัตนุกูล", "PartyName": "ประชาชนปฏิรูป", "PartyNumber": 176, "Title": "นาย", "Votable": true, "province_id": 80, "province_name": "นครศรีธรรมราช", "zone_number": 6, "PartyTerminated": false, "Age": 45, "Occupation": "ค้าขาย", "HighestEducation": "ต่ำกว่าปริญญาตรี", "ImageFileId": "5c57fbd7fbcb5f1eec0f22ac", "SelfIntroduceFileId": "5c57fe2cfbcb5f1eec0f4471", "PartyLogo": "https://storage.googleapis.com/candidate-thumbs/party/176.png", "CandididatePhoto": "https://storage.googleapis.com/candidate-thumbs/images/80-6-2.jpg"}, {"Unnamed: 0": 7434, "CandidateId": "562c1921-e050-4a0a-aa65-031832e963cb", "CandidateNo": 3, "FirstName": "เมธินี", "LastName": "โอฬาร์ชน", "PartyName": "รักษ์ผืนป่าประเทศไทย", "PartyNumber": 133, "Title": "นางสาว", "Votable": true, "province_id": 80, "province_name": "นครศรีธรรมราช", "zone_number": 6, "PartyTerminated": false, "Age": 28, "Occupation": "ค้าขาย", "HighestEducation": "ปริญญาตรี", "ImageFileId": "5c580281fbcb5f1eec0f8203", "SelfIntroduceFileId": "5c580a06fbcb5f1eec0fe57c", "PartyLogo": "https://storage.googleapis.com/candidate-thumbs/party/133.png", "CandididatePhoto": "https://storage.googleapis.com/candidate-thumbs/images/80-6-3.jpg"}, {"Unnamed: 0": 7435, "CandidateId": "0b0258dd-e47b-4963-924b-7264319f6fb7", "CandidateNo": 4, "FirstName": "อรรถพงศ์", "LastName": "สุวรรณวัฒน์", "PartyName": "รวมใจไทย", "PartyNumber": 174, "Title": "นาย", "Votable": true, "province_id": 80, "province_name": "นครศรีธรรมราช", "zone_number": 6, "PartyTerminated": false, "Age": 57, "Occupation": "ทนายความ", "HighestEducation": "ปริญญาโท", "ImageFileId": "5c580db1fbcb5f1eec101235", "SelfIntroduceFileId": "5c58f422fbcb5f1d8813461c", "PartyLogo": "https://storage.googleapis.com/candidate-thumbs/party/174.png", "CandididatePhoto": "https://storage.googleapis.com/candidate-thumbs/images/80-6-4.jpg"}, {"Unnamed: 0": 7436, "CandidateId": "7f977238-62df-48cc-890d-f6c8c7700d9a", "CandidateNo": 5, "FirstName": "จิระศักดิ์", "LastName": "อยู่พิทักษ์", "PartyName": "เสรีรวมไทย", "PartyNumber": 145, "Title": "นาย", "Votable": true, "province_id": 80, "province_name": "นครศรีธรรมราช", "zone_number": 6, "PartyTerminated": false, "Age": 47, "Occupation": "เกษตรกร", "HighestEducation": "ปริญญาตรี", "ImageFileId": "5c580fccfbcb5f1eec102b09", "SelfIntroduceFileId": "5c58f62afbcb5f1d881359ef", "PartyLogo": "https://storage.googleapis.com/candidate-thumbs/party/145.png", "CandididatePhoto": "https://storage.googleapis.com/candidate-thumbs/images/80-6-5.jpg"}, {"Unnamed: 0": 7437, "CandidateId": "f0ff4f2b-df7f-495b-a60a-7343d01d066c", "CandidateNo": 6, "FirstName": "พิทยา", "LastName": "ชุมภูทอง", "PartyName": "ภูมิใจไทย", "PartyNumber": 63, "Title": "นาย", "Votable": true, "province_id": 80, "province_name": "นครศรีธรรมราช", "zone_number": 6, "PartyTerminated": false, "Age": 55, "Occupation": "นักการเมืองท้องถิ่น(สมาชิกองค์การบริหารส่วนจังหวัดนครศรีธรรมราช", "HighestEducation": "ปริญญาตรี", "ImageFileId": "5c58123bfbcb5f1eec1040bc", "SelfIntroduceFileId": "5c5908bffbcb5f1d88142f5c", "PartyLogo": "https://storage.googleapis.com/candidate-thumbs/party/63.png", "CandididatePhoto": "https://storage.googleapis.com/candidate-thumbs/images/80-6-6.jpg"}, {"Unnamed: 0": 7438, "CandidateId": "038d9174-3db1-449f-8163-7ab7576d7714", "CandidateNo": 7, "FirstName": "นัสสรณ์ ", "LastName": "อัครโชติพัฒนกุล", "PartyName": "ประชาธรรมไทย", "PartyNumber": 190, "Title": "นาย", "Votable": true, "province_id": 80, "province_name": "นครศรีธรรมราช", "zone_number": 6, "PartyTerminated": false, "Age": 43, "Occupation": "ธุรกิจส่วนตัว", "HighestEducation": "ปริญญาตรี", "ImageFileId": "5c5814b1fbcb5f1eec1055e8", "SelfIntroduceFileId": "5c590b97fbcb5f1d88145971", "PartyLogo": "https://storage.googleapis.com/candidate-thumbs/party/190.png", "CandididatePhoto": "https://storage.googleapis.com/candidate-thumbs/images/80-6-7.jpg"}, {"Unnamed: 0": 7439, "CandidateId": "0070291a-003e-4818-9f0b-5e6a9c3d1363", "CandidateNo": 8, "FirstName": "เอกชัย", "LastName": "ควรศิริ", "PartyName": "อนาคตใหม่", "PartyNumber": 177, "Title": "นาย", "Votable": true, "province_id": 80, "province_name": "นครศรีธรรมราช", "zone_number": 6, "PartyTerminated": false, "Age": 29, "Occupation": "ทนายความ", "HighestEducation": "ปริญญาตรี", "ImageFileId": "5c581631fbcb5f1eec106168", "SelfIntroduceFileId": "5c590ebdfbcb5f1d8814831f", "PartyLogo": "https://storage.googleapis.com/candidate-thumbs/party/177.png", "CandididatePhoto": "https://storage.googleapis.com/candidate-thumbs/images/80-6-8.jpg"}, {"Unnamed: 0": 7440, "CandidateId": "a49a5622-fa9e-4371-af64-291db9a8c9fd", "CandidateNo": 9, "FirstName": "ภูวสิษฏ์", "LastName": "ทองสง", "PartyName": "เพื่อชาติ", "PartyNumber": 149, "Title": "นาย", "Votable": true, "province_id": 80, "province_name": "นครศรีธรรมราช", "zone_number": 6, "PartyTerminated": false, "Age": 36, "Occupation": "พนักงานขายและปฏิบัติงานภาคสนามอาวุโส", "HighestEducation": "ปริญญาตรี", "ImageFileId": "5c581795fbcb5f1eec106d87", "SelfIntroduceFileId": "5c5917edfbcb5f1d8814f69b", "PartyLogo": "https://storage.googleapis.com/candidate-thumbs/party/149.png", "CandididatePhoto": "https://storage.googleapis.com/candidate-thumbs/images/80-6-9.jpg"}, {"Unnamed: 0": 7441, "CandidateId": "c6726fec-7162-4c61-8772-92a8c4228bac", "CandidateNo": 10, "FirstName": "ปราโมทย์", "LastName": "เพชรานนท์", "PartyName": "ประชาภิวัฒน์", "PartyNumber": 172, "Title": "นาย", "Votable": true, "province_id": 80, "province_name": "นครศรีธรรมราช", "zone_number": 6, "PartyTerminated": false, "Age": 62, "Occupation": "ข้าราชการบำนาญ", "HighestEducation": "ปริญญาตรี", "ImageFileId": "5c5818effbcb5f1eec1076ab", "SelfIntroduceFileId": "5c591c9ffbcb5f1d88151a6f", "PartyLogo": "https://storage.googleapis.com/candidate-thumbs/party/172.png", "CandididatePhoto": "https://storage.googleapis.com/candidate-thumbs/images/80-6-10.jpg"}, {"Unnamed: 0": 7442, "CandidateId": "7650a827-6340-4aed-a941-810158b28a74", "CandidateNo": 11, "FirstName": "อนันต์", "LastName": "รัตนสุภา", "PartyName": "ชาติพัฒนา", "PartyNumber": 45, "Title": "นาย", "Votable": true, "province_id": 80, "province_name": "นครศรีธรรมราช", "zone_number": 6, "PartyTerminated": false, "Age": 65, "Occupation": "ข้าราชการบำนาญ", "HighestEducation": "ปริญญาโท", "ImageFileId": "5c581a4bfbcb5f1eec107dd2", "SelfIntroduceFileId": "5c592e37fbcb5f1d8815e540", "PartyLogo": "https://storage.googleapis.com/candidate-thumbs/party/45.png", "CandididatePhoto": "https://storage.googleapis.com/candidate-thumbs/images/80-6-11.jpg"}, {"Unnamed: 0": 7443, "CandidateId": "7d1e4486-84d5-495a-a17b-ca6fd802a6b4", "CandidateNo": 12, "FirstName": "วิชัย", "LastName": "วิเชียรมณี", "PartyName": "พลังท้องถิ่นไท", "PartyNumber": 124, "Title": "นาย", "Votable": true, "province_id": 80, "province_name": "นครศรีธรรมราช", "zone_number": 6, "PartyTerminated": false, "Age": 55, "Occupation": "ค้าขาย", "HighestEducation": "ปริญญาตรี", "ImageFileId": "5c581c16fbcb5f1eec1085e9", "SelfIntroduceFileId": "5c593053fbcb5f1d88160376", "PartyLogo": "https://storage.googleapis.com/candidate-thumbs/party/124.png", "CandididatePhoto": "https://storage.googleapis.com/candidate-thumbs/images/80-6-12.jpg"}, {"Unnamed: 0": 7444, "CandidateId": "417c00ea-b5c3-47ac-a83b-4fafe477c631", "CandidateNo": 13, "FirstName": "ชัยชนะ", "LastName": "เดชเดโช", "PartyName": "ประชาธิปัตย์", "PartyNumber": 1, "Title": "นาย", "Votable": true, "province_id": 80, "province_name": "นครศรีธรรมราช", "zone_number": 6, "PartyTerminated": false, "Age": 32, "Occupation": "สมาชิกองค์การบริหารส่วนจังหวัดนครศรีธรรมราช อ.ร่อนพิบูลย์", "HighestEducation": "ปริญญาโท", "ImageFileId": "5c581dc6fbcb5f1eec108e07", "SelfIntroduceFileId": "5c5932b7fbcb5f1d881624da", "PartyLogo": "https://storage.googleapis.com/candidate-thumbs/party/1.png", "CandididatePhoto": "https://storage.googleapis.com/candidate-thumbs/images/80-6-13.jpg"}, {"Unnamed: 0": 7445, "CandidateId": "7cba0229-6d60-47a0-abfc-ed079629bad5", "CandidateNo": 14, "FirstName": "มะลิวัลย์", "LastName": "ดาศรี", "PartyName": "คลองไทย", "PartyNumber": 189, "Title": "นางสาว", "Votable": true, "province_id": 80, "province_name": "นครศรีธรรมราช", "zone_number": 6, "PartyTerminated": false, "Age": 57, "Occupation": "ธุรกิจส่วนตัว", "HighestEducation": "ปริญญาตรี", "ImageFileId": "5c581f59fbcb5f1eec10965e", "SelfIntroduceFileId": "5c593667fbcb5f1d881656da", "PartyLogo": "https://storage.googleapis.com/candidate-thumbs/party/189.png", "CandididatePhoto": "https://storage.googleapis.com/candidate-thumbs/images/80-6-14.jpg"}, {"Unnamed: 0": 7446, "CandidateId": "ab6e89db-c015-45d4-bd08-4dfe9309901c", "CandidateNo": 15, "FirstName": "ประกอบ", "LastName": "แต้มสีทอง", "PartyName": "ไทยรักษาชาติ", "PartyNumber": 77, "Title": "จ.ส.อ.", "Votable": true, "province_id": 80, "province_name": "นครศรีธรรมราช", "zone_number": 6, "PartyTerminated": true, "Age": 62, "Occupation": "ข้าราชการบำนาญ , ธุรกิจส่วนตัว", "HighestEducation": "ปริญญาตรี", "ImageFileId": "5c5820dbfbcb5f1eec109d1d", "SelfIntroduceFileId": "5c593eddfbcb5f1d8816cae6", "PartyLogo": "https://storage.googleapis.com/candidate-thumbs/party/77.png", "CandididatePhoto": "https://storage.googleapis.com/candidate-thumbs/images/80-6-15.jpg"}, {"Unnamed: 0": 7447, "CandidateId": "b4560a79-0260-40c8-a95b-a752ae810a62", "CandidateNo": 16, "FirstName": "มุกดาวรรณ", "LastName": "เลื่องสีนิล", "PartyName": "พลังประชารัฐ", "PartyNumber": 192, "Title": "นาง", "Votable": true, "province_id": 80, "province_name": "นครศรีธรรมราช", "zone_number": 6, "PartyTerminated": false, "Age": 59, "Occupation": "สมาชิกสภาจังหวัด", "HighestEducation": "ปริญญาโท", "ImageFileId": "5c5822a7fbcb5f1eec10a4ce", "SelfIntroduceFileId": "5c5a8a8ffbcb5f19bcaab2fe", "PartyLogo": "https://storage.googleapis.com/candidate-thumbs/party/192.png", "CandididatePhoto": "https://storage.googleapis.com/candidate-thumbs/images/80-6-16.jpg"}, {"Unnamed: 0": 7448, "CandidateId": "ef34ce89-bbce-4b37-93e9-46f8cc7dbad1", "CandidateNo": 17, "FirstName": "สานนท์", "LastName": "บุญมี", "PartyName": "รวมพลังประชาชาติไทย", "PartyNumber": 181, "Title": "ว่าที่ ร.ต.", "Votable": true, "province_id": 80, "province_name": "นครศรีธรรมราช", "zone_number": 6, "PartyTerminated": false, "Age": 42, "Occupation": "วิศวกร", "HighestEducation": "ปริญญาโท", "ImageFileId": "5c58242bfbcb5f1eec10aa53", "SelfIntroduceFileId": "5c5942bafbcb5f1d88170148", "PartyLogo": "https://storage.googleapis.com/candidate-thumbs/party/181.png", "CandididatePhoto": "https://storage.googleapis.com/candidate-thumbs/images/80-6-17.jpg"}, {"Unnamed: 0": 7449, "CandidateId": "4c6b9471-f9ea-4910-a4e8-ef807c65caa7", "CandidateNo": 18, "FirstName": "ภัฎฐมณฑ์", "LastName": "เพชรเรือนทอง", "PartyName": "ประชานิยม", "PartyNumber": 191, "Title": "นาง", "Votable": true, "province_id": 80, "province_name": "นครศรีธรรมราช", "zone_number": 6, "PartyTerminated": false, "Age": 57, "Occupation": "ครูโรงเรียนเอกชน", "HighestEducation": "ปริญญาตรี", "ImageFileId": "5c5825befbcb5f1eec10b06e", "SelfIntroduceFileId": "5c59491efbcb5f1d88175a27", "PartyLogo": "https://storage.googleapis.com/candidate-thumbs/party/191.png", "CandididatePhoto": "https://storage.googleapis.com/candidate-thumbs/images/80-6-18.jpg"}, {"Unnamed: 0": 7450, "CandidateId": "e563f0dd-2a09-4ace-8b84-ee57efc6155e", "CandidateNo": 19, "FirstName": "วิชาญ", "LastName": "มีแสง", "PartyName": "กรีน", "PartyNumber": 206, "Title": "นาย", "Votable": true, "province_id": 80, "province_name": "นครศรีธรรมราช", "zone_number": 6, "PartyTerminated": false, "Age": 25, "Occupation": "ช่างเทคนิค", "HighestEducation": "ปริญญาตรี", "ImageFileId": "5c58276afbcb5f1eec10b5d9", "SelfIntroduceFileId": "5c58f8bcfbcb5f1d88137803", "PartyLogo": "https://storage.googleapis.com/candidate-thumbs/party/206.png", "CandididatePhoto": "https://storage.googleapis.com/candidate-thumbs/images/80-6-19.jpg"}, {"Unnamed: 0": 7451, "CandidateId": "21e43548-1f52-4f54-b454-4fdf9ec8cae0", "CandidateNo": 20, "FirstName": "ประเสริฐพงศ์", "LastName": "ยอดระบำ", "PartyName": "ประชาชาติ", "PartyNumber": 187, "Title": "นาย", "Votable": true, "province_id": 80, "province_name": "นครศรีธรรมราช", "zone_number": 6, "PartyTerminated": false, "Age": 42, "Occupation": "ธุรกิจส่วนตัว", "HighestEducation": "ปริญญาโท", "ImageFileId": "5c594e8efbcb5f1d8817a019", "SelfIntroduceFileId": "5c595046fbcb5f1d8817b0e5", "PartyLogo": "https://storage.googleapis.com/candidate-thumbs/party/187.png", "CandididatePhoto": "https://storage.googleapis.com/candidate-thumbs/images/80-6-20.jpg"}, {"Unnamed: 0": 7452, "CandidateId": "43c9f5e9-2285-45e6-bca5-26b49c903084", "CandidateNo": 21, "FirstName": "กฤษณา", "LastName": "ศิริผล", "PartyName": "ประชาธิปไตยใหม่", "PartyNumber": 109, "Title": "นาย", "Votable": true, "province_id": 80, "province_name": "นครศรีธรรมราช", "zone_number": 6, "PartyTerminated": false, "Age": 56, "Occupation": "เกษตรกร", "HighestEducation": "ต่ำกว่าปริญญาตรี", "ImageFileId": "5c5a65affbcb5f19bca9db4e", "SelfIntroduceFileId": "5c5a6a64fbcb5f19bca9f570", "PartyLogo": "https://storage.googleapis.com/candidate-thumbs/party/109.png", "CandididatePhoto": "https://storage.googleapis.com/candidate-thumbs/images/80-6-21.jpg"}, {"Unnamed: 0": 7453, "CandidateId": "12fb6be8-2d03-4281-912e-e7d9dcb2c51e", "CandidateNo": 22, "FirstName": "จิราเพชร", "LastName": "สุดใจ", "PartyName": "แผ่นดินธรรม", "PartyNumber": 188, "Title": "นาง", "Votable": true, "province_id": 80, "province_name": "นครศรีธรรมราช", "zone_number": 6, "PartyTerminated": false, "Age": 50, "Occupation": "เกษตรกร", "HighestEducation": "ต่ำกว่าปริญญาตรี", "ImageFileId": "5c5a7de8fbcb5f19bcaa501c", "SelfIntroduceFileId": "5c5a7f39fbcb5f19bcaa5ec7", "PartyLogo": "https://storage.googleapis.com/candidate-thumbs/party/188.png", "CandididatePhoto": "https://storage.googleapis.com/candidate-thumbs/images/80-6-22.jpg"}, {"Unnamed: 0": 7454, "CandidateId": "34747300-ac02-4957-bbe1-4b3d35c3ffe3", "CandidateNo": 23, "FirstName": "ผาสิงห์", "LastName": "บุญทองใหม่", "PartyName": "ไทยศรีวิไลย์", "PartyNumber": 180, "Title": "นาย", "Votable": true, "province_id": 80, "province_name": "นครศรีธรรมราช", "zone_number": 6, "PartyTerminated": false, "Age": 43, "Occupation": "ค้าขาย", "HighestEducation": "ต่ำกว่าปริญญาตรี", "ImageFileId": "5c5a98ecfbcb5f19bcab166f", "SelfIntroduceFileId": "5c5a9bddfbcb5f19bcab2c9e", "PartyLogo": "https://storage.googleapis.com/candidate-thumbs/party/180.png", "CandididatePhoto": "https://storage.googleapis.com/candidate-thumbs/images/80-6-23.jpg"}, {"Unnamed: 0": 7455, "CandidateId": "68254ef4-ca54-4d8b-a32b-d455ddfe8c85", "CandidateNo": 24, "FirstName": "ฐานันดร", "LastName": "สิทธิบรรณ์", "PartyName": "พลังไทยรักไทย", "PartyNumber": 185, "Title": "นาย", "Votable": true, "province_id": 80, "province_name": "นครศรีธรรมราช", "zone_number": 6, "PartyTerminated": false, "Age": 47, "Occupation": "ธุรกิจส่วนตัว", "HighestEducation": "ต่ำกว่าปริญญาตรี", "ImageFileId": "5c5b9b44fbcb5f16fc65653f", "SelfIntroduceFileId": "5c5ba66afbcb5f16fc65adc8", "PartyLogo": "https://storage.googleapis.com/candidate-thumbs/party/185.png", "CandididatePhoto": "https://storage.googleapis.com/candidate-thumbs/images/80-6-24.jpg"}, {"Unnamed: 0": 7456, "CandidateId": "f3d7dc96-e7ea-42fd-852c-4dbee8eeea30", "CandidateNo": 25, "FirstName": "บุญเกื้อ", "LastName": "ไกรนรา", "PartyName": "ครูไทยเพื่อประชาชน", "PartyNumber": 118, "Title": "นาย", "Votable": true, "province_id": 80, "province_name": "นครศรีธรรมราช", "zone_number": 6, "PartyTerminated": false, "Age": 49, "Occupation": "เกษตรกร", "HighestEducation": "ปริญญาตรี", "ImageFileId": "5c5badb1fbcb5f16fc65e0c7", "SelfIntroduceFileId": "5c5bb013fbcb5f16fc65f916", "PartyLogo": "https://storage.googleapis.com/candidate-thumbs/party/118.png", "CandididatePhoto": "https://storage.googleapis.com/candidate-thumbs/images/80-6-25.jpg"}, {"Unnamed: 0": 7457, "CandidateId": "9486f043-1a6d-4728-98e7-0ba02bbe7f51", "CandidateNo": 26, "FirstName": "จารุพิชญา", "LastName": "ฝอยทอง", "PartyName": "พลังชาติไทย", "PartyNumber": 186, "Title": "นางสาว", "Votable": true, "province_id": 80, "province_name": "นครศรีธรรมราช", "zone_number": 6, "PartyTerminated": false, "Age": 25, "Occupation": "นางงาม(มิสแกรนด์เพชรบูรณ์ 2018)", "HighestEducation": "ปริญญาตรี", "ImageFileId": "5c5bb452fbcb5f16fc661ff4", "SelfIntroduceFileId": "5c5bb5b3fbcb5f16fc66287c", "PartyLogo": "https://storage.googleapis.com/candidate-thumbs/party/186.png", "CandididatePhoto": "https://storage.googleapis.com/candidate-thumbs/images/80-6-26.jpg"}, {"Unnamed: 0": 7458, "CandidateId": "0b834e2a-8f2e-40dc-b9b3-d493b5e4e7dd", "CandidateNo": 27, "FirstName": "มณี", "LastName": "ศรีสัตบรรณ์", "PartyName": "ภราดรภาพ", "PartyNumber": 154, "Title": "นาย", "Votable": true, "province_id": 80, "province_name": "นครศรีธรรมราช", "zone_number": 6, "PartyTerminated": false, "Age": 63, "Occupation": "รับจ้าง", "HighestEducation": "ต่ำกว่าปริญญาตรี", "ImageFileId": "5c5bb984fbcb5f16fc6644d3", "SelfIntroduceFileId": "5c5bbaa0fbcb5f16fc664adc", "PartyLogo": "https://storage.googleapis.com/candidate-thumbs/party/154.png", "CandididatePhoto": "https://storage.googleapis.com/candidate-thumbs/images/80-6-27.jpg"}, {"Unnamed: 0": 7459, "CandidateId": "beaeaf06-4627-4420-bc0f-326a1ab09256", "CandidateNo": 28, "FirstName": "สารสินธ์", "LastName": "อาญา", "PartyName": "พลังไทสร้างชาติ", "PartyNumber": 200, "Title": "นาย", "Votable": true, "province_id": 80, "province_name": "นครศรีธรรมราช", "zone_number": 6, "PartyTerminated": false, "Age": 60, "Occupation": "สมาชิกองค์การบริหารส่วนตำบลทุ่งสง", "HighestEducation": "ต่ำกว่าปริญญาตรี", "ImageFileId": "5c5bc9e1fbcb5f16fc6691e2", "SelfIntroduceFileId": "5c5bcbb8fbcb5f16fc669f53", "PartyLogo": "https://storage.googleapis.com/candidate-thumbs/party/200.png", "CandididatePhoto": "https://storage.googleapis.com/candidate-thumbs/images/80-6-28.jpg"}, {"Unnamed: 0": 7460, "CandidateId": "9064f8ac-7d05-4be1-a13b-c51c2252b30f", "CandidateNo": 29, "FirstName": "จิรา", "LastName": "แก้วประสิทธิ์", "PartyName": "ประชากรไทย", "PartyNumber": 2, "Title": "นาย", "Votable": true, "province_id": 80, "province_name": "นครศรีธรรมราช", "zone_number": 6, "PartyTerminated": false, "Age": 43, "Occupation": "ธุรกิจส่วนตัว", "HighestEducation": "ต่ำกว่าปริญญาตรี", "ImageFileId": "5c5bf742fbcb5f16fc67fe19", "SelfIntroduceFileId": "5c5bf842fbcb5f16fc68040e", "PartyLogo": "https://storage.googleapis.com/candidate-thumbs/party/2.png", "CandididatePhoto": "https://storage.googleapis.com/candidate-thumbs/images/80-6-29.jpg"}, {"Unnamed: 0": 7461, "CandidateId": "ac7c4998-8545-4ab7-86c6-d4d7ec3ecb6a", "CandidateNo": 30, "FirstName": "ชิดกมล", "LastName": "สาระพันธ์", "PartyName": "มหาชน", "PartyNumber": 4, "Title": "นางสาว", "Votable": true, "province_id": 80, "province_name": "นครศรีธรรมราช", "zone_number": 6, "PartyTerminated": false, "Age": 26, "Occupation": "ธุรกิจส่วนตัว", "HighestEducation": "ปริญญาตรี", "ImageFileId": "5c5bf87dfbcb5f16fc680569", "SelfIntroduceFileId": "5c5bf96ffbcb5f16fc6808c8", "PartyLogo": "https://storage.googleapis.com/candidate-thumbs/party/4.png", "CandididatePhoto": "https://storage.googleapis.com/candidate-thumbs/images/80-6-30.jpg"}, {"Unnamed: 0": 7462, "CandidateId": "dac65644-3b7e-40a9-bc08-08a6c97333a4", "CandidateNo": 31, "FirstName": "สถาพร", "LastName": "สุวรรณเทพ", "PartyName": "พลังสังคม", "PartyNumber": 198, "Title": "นาย", "Votable": true, "province_id": 80, "province_name": "นครศรีธรรมราช", "zone_number": 6, "PartyTerminated": false, "Age": 42, "Occupation": "เจ้าหน้าที่สถาบันการเงิน", "HighestEducation": "ต่ำกว่าปริญญาตรี", "ImageFileId": "5c5ce94afbcb5f16fc68c575", "SelfIntroduceFileId": "5c5cebd2fbcb5f16fc68d35c", "PartyLogo": "https://storage.googleapis.com/candidate-thumbs/party/198.png", "CandididatePhoto": "https://storage.googleapis.com/candidate-thumbs/images/80-6-31.jpg"}, {"Unnamed: 0": 7463, "CandidateId": "6d089a69-8756-4906-b699-746b7976549d", "CandidateNo": 32, "FirstName": "ปิยะณรงค์", "LastName": "หนูด้วง", "PartyName": "เศรษฐกิจใหม่", "PartyNumber": 193, "Title": "นาย", "Votable": true, "province_id": 80, "province_name": "นครศรีธรรมราช", "zone_number": 6, "PartyTerminated": false, "Age": 37, "Occupation": "เกษตรกร", "HighestEducation": "ต่ำกว่าปริญญาตรี", "ImageFileId": "5c5d1a28fbcb5f0fd885171f", "SelfIntroduceFileId": "5c5d1c89fbcb5f0fd8852515", "PartyLogo": "https://storage.googleapis.com/candidate-thumbs/party/193.png", "CandididatePhoto": "https://storage.googleapis.com/candidate-thumbs/images/80-6-32.jpg"}, {"Unnamed: 0": 7464, "CandidateId": "eb40181d-cacb-4819-aaa6-3d90325fba3f", "CandidateNo": 33, "FirstName": "กวีวัธน์", "LastName": "ส้มเขียวหวาน", "PartyName": "พลังปวงชนไทย", "PartyNumber": 184, "Title": "นาย", "Votable": true, "province_id": 80, "province_name": "นครศรีธรรมราช", "zone_number": 6, "PartyTerminated": false, "Age": 55, "Occupation": "ธุรกิจส่่วนตัว", "HighestEducation": "ปริญญาตรี", "ImageFileId": "5c5d2394fbcb5f0fd8855bbe", "SelfIntroduceFileId": "5c5d2530fbcb5f0fd8856751", "PartyLogo": "https://storage.googleapis.com/candidate-thumbs/party/184.png", "CandididatePhoto": "https://storage.googleapis.com/candidate-thumbs/images/80-6-33.jpg"}, {"Unnamed: 0": 7465, "CandidateId": "c1bb5ecf-ce09-4d12-827a-94fc44adb199", "CandidateNo": 34, "FirstName": "โสภณ", "LastName": "รัฐกุล", "PartyName": "ถิ่นกาขาวชาววิไล", "PartyNumber": 129, "Title": "นาย", "Votable": true, "province_id": 80, "province_name": "นครศรีธรรมราช", "zone_number": 6, "PartyTerminated": false, "Age": 33, "Occupation": "พนักงานบริษัท", "HighestEducation": "ปริญญาตรี", "ImageFileId": "5c5d34d8fbcb5f0fd885e8ad", "SelfIntroduceFileId": "5c5d35eefbcb5f0fd885f1b9", "PartyLogo": "https://storage.googleapis.com/candidate-thumbs/party/129.png", "CandididatePhoto": "https://storage.googleapis.com/candidate-thumbs/images/80-6-34.jpg"}, {"Unnamed: 0": 7466, "CandidateId": "7446517f-2cbe-40a0-94b3-99d037f37a48", "CandidateNo": 35, "FirstName": "พีระพล", "LastName": "วรรณรัตน์", "PartyName": "ทางเลือกใหม่", "PartyNumber": 170, "Title": "พันตำรวจเอก", "Votable": true, "province_id": 80, "province_name": "นครศรีธรรมราช", "zone_number": 6, "PartyTerminated": false, "Age": 79, "Occupation": "ข้าราชการตำรวจบำนาญ", "HighestEducation": "ปริญญาตรี", "ImageFileId": "5c5d41ebfbcb5f0fd8866329", "SelfIntroduceFileId": "5c5d43f1fbcb5f0fd88676f9", "PartyLogo": "https://storage.googleapis.com/candidate-thumbs/party/170.png", "CandididatePhoto": "https://storage.googleapis.com/candidate-thumbs/images/80-6-35.jpg"}, {"Unnamed: 0": 7467, "CandidateId": "2a6bebf0-f72e-4048-99f7-b251b8b479c2", "CandidateNo": 36, "FirstName": "สุรนันท์", "LastName": "สุวรรณ", "PartyName": "พลังศรัทธา", "PartyNumber": 201, "Title": "นาย", "Votable": true, "province_id": 80, "province_name": "นครศรีธรรมราช", "zone_number": 6, "PartyTerminated": false, "Age": 60, "Occupation": "ครู", "HighestEducation": "ต่ำกว่าปริญญาตรี", "ImageFileId": "5c5d442cfbcb5f0fd8867a7d", "SelfIntroduceFileId": "5c5d46edfbcb5f0fd88695bc", "PartyLogo": "https://storage.googleapis.com/candidate-thumbs/party/201.png", "CandididatePhoto": "https://storage.googleapis.com/candidate-thumbs/images/80-6-36.jpg"}, {"Unnamed: 0": 7468, "CandidateId": "3cd90fb2-544a-4127-a6b6-1cee99de0759", "CandidateNo": 37, "FirstName": "ประพันธ์", "LastName": "มีภพ", "PartyName": "ภูมิพลังเกษตรกรไทย", "PartyNumber": 197, "Title": "นาย", "Votable": true, "province_id": 80, "province_name": "นครศรีธรรมราช", "zone_number": 6, "PartyTerminated": false, "Age": 48, "Occupation": "ทำสวน", "HighestEducation": "ต่ำกว่าปริญญาตรี", "ImageFileId": "5c5d4b1dfbcb5f0fd886c839", "SelfIntroduceFileId": "5c5d54f5fbcb5f0fd8873761", "PartyLogo": "https://storage.googleapis.com/candidate-thumbs/party/197.png", "CandididatePhoto": "https://storage.googleapis.com/candidate-thumbs/images/80-6-37.jpg"}, {"Unnamed: 0": 7469, "CandidateId": "de875e5a-85ed-4f59-938b-f84ea7cc749b", "CandidateNo": 38, "FirstName": "อมรเทพ", "LastName": "ยอดผกา", "PartyName": "ภาคีเครือข่ายไทย", "PartyNumber": 211, "Title": "นาย", "Votable": true, "province_id": 80, "province_name": "นครศรีธรรมราช", "zone_number": 6, "PartyTerminated": false, "Age": 52, "Occupation": "พนักงานบริษัท", "HighestEducation": "ปริญญาตรี", "ImageFileId": "5c5d4f48fbcb5f0fd886f44e", "SelfIntroduceFileId": "5c5d5601fbcb5f0fd8874870", "PartyLogo": "https://storage.googleapis.com/candidate-thumbs/party/211.png", "CandididatePhoto": "https://storage.googleapis.com/candidate-thumbs/images/80-6-38.jpg"}, {"Unnamed: 0": 7470, "CandidateId": "99c5b756-8d3d-47e4-94de-6249d83c1417", "CandidateNo": 39, "FirstName": "กิตติอนันต์", "LastName": "เจริญสุข", "PartyName": "ไทรักธรรม", "PartyNumber": 144, "Title": "นาย", "Votable": true, "province_id": 80, "province_name": "นครศรีธรรมราช", "zone_number": 6, "PartyTerminated": false, "Age": 61, "Occupation": "ค้าขาย", "HighestEducation": "ต่ำกว่าปริญญาตรี", "ImageFileId": "5c5d53a3fbcb5f0fd8872476", "SelfIntroduceFileId": "5c5d5756fbcb5f0fd88757a3", "PartyLogo": "https://storage.googleapis.com/candidate-thumbs/party/144.png", "CandididatePhoto": "https://storage.googleapis.com/candidate-thumbs/images/80-6-39.jpg"}]