[{"Unnamed: 0": 5449, "CandidateId": "c0687211-1b52-4917-a8ca-c71138ef130e", "CandidateNo": 1, "FirstName": "ไพบูลย์", "LastName": "กิจวรวุฒิ", "PartyName": "อนาคตใหม่", "PartyNumber": 177, "Title": "นาย", "Votable": true, "province_id": 12, "province_name": "นนทบุรี", "zone_number": 4, "PartyTerminated": false, "Age": 43, "Occupation": "ธุรกิจส่วนตัว", "HighestEducation": "ปริญญาเอก", "ImageFileId": "5c57b9e6fbcb5f1eec0d3690", "SelfIntroduceFileId": "5c57fe99fbcb5f1eec0f4acf", "PartyLogo": "https://storage.googleapis.com/candidate-thumbs/party/177.png", "CandididatePhoto": "https://storage.googleapis.com/candidate-thumbs/images/12-4-1.jpg"}, {"Unnamed: 0": 5450, "CandidateId": "2b3e32a3-237e-4759-b018-0bd091dc72df", "CandidateNo": 2, "FirstName": "มนัส", "LastName": "ผลพิบูลย์", "PartyName": "พลังท้องถิ่นไท", "PartyNumber": 124, "Title": "นาย", "Votable": true, "province_id": 12, "province_name": "นนทบุรี", "zone_number": 4, "PartyTerminated": false, "Age": 64, "Occupation": "ค้าขาย", "HighestEducation": "ต่ำกว่าปริญญาตรี", "ImageFileId": "5c57dafbfbcb5f1eec0dfe41", "SelfIntroduceFileId": "5c58de45fbcb5f1d8812d747", "PartyLogo": "https://storage.googleapis.com/candidate-thumbs/party/124.png", "CandididatePhoto": "https://storage.googleapis.com/candidate-thumbs/images/12-4-2.jpg"}, {"Unnamed: 0": 5451, "CandidateId": "288543bd-3659-4603-962a-f6cbed8e17b8", "CandidateNo": 3, "FirstName": "ทองใบ", "LastName": "เสริฐสอน", "PartyName": "รวมพลังประชาชาติไทย", "PartyNumber": 181, "Title": "นาย", "Votable": true, "province_id": 12, "province_name": "นนทบุรี", "zone_number": 4, "PartyTerminated": false, "Age": 50, "Occupation": "สมาชิกสภาองค์การบริหารส่วนจังหวัดนนทบุรี", "HighestEducation": "ปริญญาโท", "ImageFileId": "5c57f746fbcb5f1eec0eeb6f", "SelfIntroduceFileId": "5c58e7affbcb5f1d8812ed44", "PartyLogo": "https://storage.googleapis.com/candidate-thumbs/party/181.png", "CandididatePhoto": "https://storage.googleapis.com/candidate-thumbs/images/12-4-3.jpg"}, {"Unnamed: 0": 5452, "CandidateId": "500f7aaf-ddbe-4e0f-b5cf-91a692e611d0", "CandidateNo": 4, "FirstName": "วิรัตน์", "LastName": "บรรดาศักดิ์", "PartyName": "ประชาธิปัตย์", "PartyNumber": 1, "Title": "นาย", "Votable": true, "province_id": 12, "province_name": "นนทบุรี", "zone_number": 4, "PartyTerminated": false, "Age": 38, "Occupation": "ข้าราชการการเมือง(รองนายกเทศมนตรีนครปากเกร็ด)", "HighestEducation": "ปริญญาโท", "ImageFileId": "5c57f7c0fbcb5f1eec0ef08b", "SelfIntroduceFileId": "5c58ec16fbcb5f1d8813026e", "PartyLogo": "https://storage.googleapis.com/candidate-thumbs/party/1.png", "CandididatePhoto": "https://storage.googleapis.com/candidate-thumbs/images/12-4-4.jpg"}, {"Unnamed: 0": 5453, "CandidateId": "8390844e-fee8-4c29-ac2d-81a4053e38e7", "CandidateNo": 5, "FirstName": "อนุชิต", "LastName": "สุวรรณธาดา", "PartyName": "ชาติพัฒนา", "PartyNumber": 45, "Title": "นาย", "Votable": true, "province_id": 12, "province_name": "นนทบุรี", "zone_number": 4, "PartyTerminated": false, "Age": 70, "Occupation": "ข้าราชการบำนาญ", "HighestEducation": "ปริญญาโท", "ImageFileId": "5c57f7f7fbcb5f1eec0ef2af", "SelfIntroduceFileId": "5c58fb6efbcb5f1d88139192", "PartyLogo": "https://storage.googleapis.com/candidate-thumbs/party/45.png", "CandididatePhoto": "https://storage.googleapis.com/candidate-thumbs/images/12-4-5.jpg"}, {"Unnamed: 0": 5454, "CandidateId": "08e726e0-4d48-4662-b0c3-5f3e8bcb7ebf", "CandidateNo": 6, "FirstName": "อำนวย", "LastName": "สุขขี", "PartyName": "เพื่อแผ่นดิน", "PartyNumber": 41, "Title": "นาย", "Votable": true, "province_id": 12, "province_name": "นนทบุรี", "zone_number": 4, "PartyTerminated": false, "Age": 61, "Occupation": "รับราชการ", "HighestEducation": "ปริญญาเอก", "ImageFileId": "5c57f834fbcb5f1eec0ef499", "SelfIntroduceFileId": "5c590199fbcb5f1d8813d665", "PartyLogo": "https://storage.googleapis.com/candidate-thumbs/party/41.png", "CandididatePhoto": "https://storage.googleapis.com/candidate-thumbs/images/12-4-6.jpg"}, {"Unnamed: 0": 5455, "CandidateId": "2db76645-47dd-4fcc-8d15-4a3efb6261bd", "CandidateNo": 7, "FirstName": "มนตรี", "LastName": "ตั้งเจริญถาวร", "PartyName": "เพื่อไทย", "PartyNumber": 34, "Title": "นาย", "Votable": true, "province_id": 12, "province_name": "นนทบุรี", "zone_number": 4, "PartyTerminated": false, "Age": 58, "Occupation": "ข้าราชการการเมือง", "HighestEducation": "ปริญญาโท", "ImageFileId": "5c57f86afbcb5f1eec0ef590", "SelfIntroduceFileId": "5c590a0efbcb5f1d881440d6", "PartyLogo": "https://storage.googleapis.com/candidate-thumbs/party/34.png", "CandididatePhoto": "https://storage.googleapis.com/candidate-thumbs/images/12-4-7.jpg"}, {"Unnamed: 0": 5456, "CandidateId": "fb3973f0-c49e-4937-8fe9-c90be17c862e", "CandidateNo": 8, "FirstName": "ณรงค์", "LastName": "จันทนประดิษฐ", "PartyName": "พลังประชารัฐ", "PartyNumber": 192, "Title": "นาย", "Votable": true, "province_id": 12, "province_name": "นนทบุรี", "zone_number": 4, "PartyTerminated": false, "Age": 67, "Occupation": "ธุรกิจส่วนตัว", "HighestEducation": "ปริญญาโท", "ImageFileId": "5c57f8a3fbcb5f1eec0ef80a", "SelfIntroduceFileId": "5c59104cfbcb5f1d88149df6", "PartyLogo": "https://storage.googleapis.com/candidate-thumbs/party/192.png", "CandididatePhoto": "https://storage.googleapis.com/candidate-thumbs/images/12-4-8.jpg"}, {"Unnamed: 0": 5457, "CandidateId": "5f67b75b-2dad-40f3-82b9-9b797ead6af7", "CandidateNo": 9, "FirstName": "สิริภิญญ์", "LastName": "อินทรประเสริฐ", "PartyName": "ภูมิใจไทย", "PartyNumber": 63, "Title": "นางสาว", "Votable": true, "province_id": 12, "province_name": "นนทบุรี", "zone_number": 4, "PartyTerminated": false, "Age": 41, "Occupation": "อาจารย์มหาวิทยาลัยดุสิต", "HighestEducation": "ปริญญาเอก", "ImageFileId": "5c57f8cbfbcb5f1eec0ef952", "SelfIntroduceFileId": "5c59186ffbcb5f1d8814f9bb", "PartyLogo": "https://storage.googleapis.com/candidate-thumbs/party/63.png", "CandididatePhoto": "https://storage.googleapis.com/candidate-thumbs/images/12-4-9.jpg"}, {"Unnamed: 0": 5458, "CandidateId": "b2243e03-f84e-49e0-a030-2abc1defc88a", "CandidateNo": 10, "FirstName": "ชนิตา", "LastName": "จอมพงษ์", "PartyName": "ประชาภิวัฒน์", "PartyNumber": 172, "Title": "นาง", "Votable": true, "province_id": 12, "province_name": "นนทบุรี", "zone_number": 4, "PartyTerminated": false, "Age": 58, "Occupation": "กรรมการผู้จัดการบริษัทเอกชน", "HighestEducation": "ปริญญาโท", "ImageFileId": "5c57f8eefbcb5f1eec0efad7", "SelfIntroduceFileId": "5c5928ecfbcb5f1d88159284", "PartyLogo": "https://storage.googleapis.com/candidate-thumbs/party/172.png", "CandididatePhoto": "https://storage.googleapis.com/candidate-thumbs/images/12-4-10.jpg"}, {"Unnamed: 0": 5459, "CandidateId": "6fd2bce1-6736-4672-b4e8-42c8a35d5ee7", "CandidateNo": 11, "FirstName": "ประดิษฐ์", "LastName": "แน่วแน่", "PartyName": "ทางเลือกใหม่", "PartyNumber": 170, "Title": "นาย", "Votable": true, "province_id": 12, "province_name": "นนทบุรี", "zone_number": 4, "PartyTerminated": false, "Age": 39, "Occupation": "รับติดตั้งเฟอร์นิเจอร์บิ้วอินตกแต่งภายใน", "HighestEducation": "ต่ำกว่าปริญญาตรี", "ImageFileId": "5c57f940fbcb5f1eec0efd63", "SelfIntroduceFileId": "5c593d25fbcb5f1d8816b24b", "PartyLogo": "https://storage.googleapis.com/candidate-thumbs/party/170.png", "CandididatePhoto": "https://storage.googleapis.com/candidate-thumbs/images/12-4-11.jpg"}, {"Unnamed: 0": 5460, "CandidateId": "2d24f76b-7d4d-4378-b31b-4583dc6fc773", "CandidateNo": 12, "FirstName": "เทพธาดา", "LastName": "กรอบบาง", "PartyName": "เสรีรวมไทย", "PartyNumber": 145, "Title": "นาย", "Votable": true, "province_id": 12, "province_name": "นนทบุรี", "zone_number": 4, "PartyTerminated": false, "Age": 51, "Occupation": "ธุรกิจส่วนตัว", "HighestEducation": "ปริญญาโท", "ImageFileId": "5c57f97afbcb5f1eec0eff00", "SelfIntroduceFileId": "5c594e7afbcb5f1d88179eb0", "PartyLogo": "https://storage.googleapis.com/candidate-thumbs/party/145.png", "CandididatePhoto": "https://storage.googleapis.com/candidate-thumbs/images/12-4-12.jpg"}, {"Unnamed: 0": 5461, "CandidateId": "4b4a138f-7b5d-48e4-8640-4da04b863125", "CandidateNo": 13, "FirstName": "จุมพล", "LastName": "เตชศรีสุธี", "PartyName": "ชาติไทยพัฒนา", "PartyNumber": 55, "Title": "นาย", "Votable": true, "province_id": 12, "province_name": "นนทบุรี", "zone_number": 4, "PartyTerminated": false, "Age": 56, "Occupation": "พนักงานบริษัท", "HighestEducation": "ปริญญาตรี", "ImageFileId": "5c57f9a6fbcb5f1eec0f021e", "SelfIntroduceFileId": "5c5a3aeffbcb5f19bca88d66", "PartyLogo": "https://storage.googleapis.com/candidate-thumbs/party/55.png", "CandididatePhoto": "https://storage.googleapis.com/candidate-thumbs/images/12-4-13.jpg"}, {"Unnamed: 0": 5462, "CandidateId": "27cc8955-7c60-4c41-ac46-cdb6f10d2cea", "CandidateNo": 14, "FirstName": "สมบูรณ์", "LastName": "สนิท", "PartyName": "เพื่อชาติ", "PartyNumber": 149, "Title": "นาย", "Votable": true, "province_id": 12, "province_name": "นนทบุรี", "zone_number": 4, "PartyTerminated": false, "Age": 68, "Occupation": "ข้าราชการบำนาญ", "HighestEducation": "ปริญญาตรี", "ImageFileId": "5c57f9d9fbcb5f1eec0f069b", "SelfIntroduceFileId": "5c5a41a2fbcb5f19bca8b3a5", "PartyLogo": "https://storage.googleapis.com/candidate-thumbs/party/149.png", "CandididatePhoto": "https://storage.googleapis.com/candidate-thumbs/images/12-4-14.jpg"}, {"Unnamed: 0": 5463, "CandidateId": "6e1ea76e-e980-4ecd-90c2-fa1748aef66c", "CandidateNo": 15, "FirstName": "วันชัย", "LastName": "บุนนาค", "PartyName": "ประชาชาติ", "PartyNumber": 187, "Title": "นาย", "Votable": true, "province_id": 12, "province_name": "นนทบุรี", "zone_number": 4, "PartyTerminated": false, "Age": 57, "Occupation": "ทนายความ", "HighestEducation": "ปริญญาตรี", "ImageFileId": "5c57fa04fbcb5f1eec0f08ee", "SelfIntroduceFileId": "5c5a410efbcb5f19bca8ad04", "PartyLogo": "https://storage.googleapis.com/candidate-thumbs/party/187.png", "CandididatePhoto": "https://storage.googleapis.com/candidate-thumbs/images/12-4-15.jpg"}, {"Unnamed: 0": 5464, "CandidateId": "885f05ba-3ff0-4a8a-a746-8da5493dd7fc", "CandidateNo": 16, "FirstName": "จิรันธนิน", "LastName": "ประพันธ์โรจน", "PartyName": "รักษ์ผืนป่าประเทศไทย", "PartyNumber": 133, "Title": "นาย", "Votable": true, "province_id": 12, "province_name": "นนทบุรี", "zone_number": 4, "PartyTerminated": false, "Age": 56, "Occupation": "ผู้บริหารบริษัท", "HighestEducation": "ปริญญาตรี", "ImageFileId": "5c592e76fbcb5f1d8815ea3b", "SelfIntroduceFileId": "5c5a5560fbcb5f19bca95717", "PartyLogo": "https://storage.googleapis.com/candidate-thumbs/party/133.png", "CandididatePhoto": "https://storage.googleapis.com/candidate-thumbs/images/12-4-16.jpg"}, {"Unnamed: 0": 5465, "CandidateId": "cdcc81b0-2493-421f-9ff7-e774efd2dd43", "CandidateNo": 17, "FirstName": "ไพรัตน์", "LastName": "หาญรักษ์", "PartyName": "เพื่อนไทย", "PartyNumber": 179, "Title": "นาย", "Votable": false, "province_id": 12, "province_name": "นนทบุรี", "zone_number": 4, "PartyTerminated": false, "Age": 52, "Occupation": "รับจ้างอิสระ", "HighestEducation": "ต่ำกว่าปริญญาตรี", "ImageFileId": "5c5931adfbcb5f1d881614dc", "SelfIntroduceFileId": "5c5a55dbfbcb5f19bca95ac1", "PartyLogo": "https://storage.googleapis.com/candidate-thumbs/party/179.png", "CandididatePhoto": "https://storage.googleapis.com/candidate-thumbs/images/12-4-17.jpg"}, {"Unnamed: 0": 5466, "CandidateId": "27b85967-2e73-4853-9bbc-a05e93aece89", "CandidateNo": 18, "FirstName": "สุรพล", "LastName": "แสงสุคนธ์", "PartyName": "ประชาชนปฏิรูป", "PartyNumber": 176, "Title": "นาย", "Votable": true, "province_id": 12, "province_name": "นนทบุรี", "zone_number": 4, "PartyTerminated": false, "Age": 66, "Occupation": "ข้าราชการกรมชลประทาน", "HighestEducation": "ปริญญาโท", "ImageFileId": "5c5933e1fbcb5f1d8816340a", "SelfIntroduceFileId": "5c5a5461fbcb5f19bca94e8c", "PartyLogo": "https://storage.googleapis.com/candidate-thumbs/party/176.png", "CandididatePhoto": "https://storage.googleapis.com/candidate-thumbs/images/12-4-18.jpg"}, {"Unnamed: 0": 5467, "CandidateId": "562d033f-2684-4e7d-a9c8-c304c9145069", "CandidateNo": 19, "FirstName": "ศภัคชคง", "LastName": "สมบูรณ์สุข", "PartyName": "พลเมืองไทย", "PartyNumber": 173, "Title": "นาย", "Votable": true, "province_id": 12, "province_name": "นนทบุรี", "zone_number": 4, "PartyTerminated": false, "Age": 46, "Occupation": "ผู้ช่วยผู้จัดการฝ่ายปฏิบัติการLimousineสนามบินสุวรรณภูมิ", "HighestEducation": "ต่ำกว่าปริญญาตรี", "ImageFileId": "5c5935c7fbcb5f1d88164bd4", "SelfIntroduceFileId": "5c5a5845fbcb5f19bca96bbf", "PartyLogo": "https://storage.googleapis.com/candidate-thumbs/party/173.png", "CandididatePhoto": "https://storage.googleapis.com/candidate-thumbs/images/12-4-19.jpg"}, {"Unnamed: 0": 5468, "CandidateId": "eadc6ab9-6917-4f5f-b7c0-8848b79241de", "CandidateNo": 20, "FirstName": "วีระศักดิ์", "LastName": "บุญส่ง", "PartyName": "ประชานิยม", "PartyNumber": 191, "Title": "นาย", "Votable": true, "province_id": 12, "province_name": "นนทบุรี", "zone_number": 4, "PartyTerminated": false, "Age": 35, "Occupation": "รับจ้างทั่วไป", "HighestEducation": "ต่ำกว่าปริญญาตรี", "ImageFileId": "5c595425fbcb5f1d8817de5b", "SelfIntroduceFileId": "5c5a6592fbcb5f19bca9d9b0", "PartyLogo": "https://storage.googleapis.com/candidate-thumbs/party/191.png", "CandididatePhoto": "https://storage.googleapis.com/candidate-thumbs/images/12-4-20.jpg"}, {"Unnamed: 0": 5469, "CandidateId": "3038b0cc-94c6-456d-a07d-5d63d5dc3a80", "CandidateNo": 21, "FirstName": "สินธพ", "LastName": "ฟักเล็ก", "PartyName": "พลังชาติไทย", "PartyNumber": 186, "Title": "นาย", "Votable": true, "province_id": 12, "province_name": "นนทบุรี", "zone_number": 4, "PartyTerminated": false, "Age": 65, "Occupation": "ข้าราชการบำนาญ", "HighestEducation": "ต่ำกว่าปริญญาตรี", "ImageFileId": "5c5b990cfbcb5f16fc655995", "SelfIntroduceFileId": "5c5bd598fbcb5f16fc66e3e9", "PartyLogo": "https://storage.googleapis.com/candidate-thumbs/party/186.png", "CandididatePhoto": "https://storage.googleapis.com/candidate-thumbs/images/12-4-21.jpg"}, {"Unnamed: 0": 5470, "CandidateId": "42feeac3-572d-44ab-b763-d95bcb89b5ec", "CandidateNo": 22, "FirstName": "ภทิยาลักษณ์", "LastName": "ผิวสอาด", "PartyName": "ครูไทยเพื่อประชาชน", "PartyNumber": 118, "Title": "นางสาว", "Votable": true, "province_id": 12, "province_name": "นนทบุรี", "zone_number": 4, "PartyTerminated": false, "Age": 43, "Occupation": "พนักงานบริษัท", "HighestEducation": "ต่ำกว่าปริญญาตรี", "ImageFileId": "5c5bc34efbcb5f16fc66713f", "SelfIntroduceFileId": "5c5bc900fbcb5f16fc668b27", "PartyLogo": "https://storage.googleapis.com/candidate-thumbs/party/118.png", "CandididatePhoto": "https://storage.googleapis.com/candidate-thumbs/images/12-4-22.jpg"}, {"Unnamed: 0": 5471, "CandidateId": "7180cd9e-7e66-4732-bad2-791e2d726446", "CandidateNo": 23, "FirstName": "วรพจน์", "LastName": "ศรีนอบน้อม", "PartyName": "พลังประชาธิปไตย", "PartyNumber": 153, "Title": "นาย", "Votable": true, "province_id": 12, "province_name": "นนทบุรี", "zone_number": 4, "PartyTerminated": false, "Age": 68, "Occupation": "รับเหมาก่อสร้าง", "HighestEducation": "ต่ำกว่าปริญญาตรี", "ImageFileId": "5c5bcc18fbcb5f16fc66a1bb", "SelfIntroduceFileId": "5c5bd08afbcb5f16fc66bf42", "PartyLogo": "https://storage.googleapis.com/candidate-thumbs/party/153.png", "CandididatePhoto": "https://storage.googleapis.com/candidate-thumbs/images/12-4-23.jpg"}, {"Unnamed: 0": 5472, "CandidateId": "5d40735b-da06-4a9c-b902-e1a3142061cc", "CandidateNo": 24, "FirstName": "อธิป", "LastName": "แท่นรัตนกุล", "PartyName": "พลังไทยรักไทย", "PartyNumber": 185, "Title": "นาย", "Votable": true, "province_id": 12, "province_name": "นนทบุรี", "zone_number": 4, "PartyTerminated": false, "Age": 44, "Occupation": "พนักงานบริษัทเอกชน", "HighestEducation": "ปริญญาโท", "ImageFileId": "5c5be01dfbcb5f16fc673ca8", "SelfIntroduceFileId": "5c5be3f9fbcb5f16fc675bbd", "PartyLogo": "https://storage.googleapis.com/candidate-thumbs/party/185.png", "CandididatePhoto": "https://storage.googleapis.com/candidate-thumbs/images/12-4-24.jpg"}, {"Unnamed: 0": 5473, "CandidateId": "83180d6c-d477-4a9e-908c-b5c15d208a7e", "CandidateNo": 25, "FirstName": "นพรัตน์", "LastName": "อิ่มมาก", "PartyName": "ประชาธรรมไทย", "PartyNumber": 190, "Title": "นาย", "Votable": true, "province_id": 12, "province_name": "นนทบุรี", "zone_number": 4, "PartyTerminated": false, "Age": 57, "Occupation": "ข้าราชการบำนาญ", "HighestEducation": "ปริญญาตรี", "ImageFileId": "5c5be649fbcb5f16fc676d85", "SelfIntroduceFileId": "5c5bebe3fbcb5f16fc679fac", "PartyLogo": "https://storage.googleapis.com/candidate-thumbs/party/190.png", "CandididatePhoto": "https://storage.googleapis.com/candidate-thumbs/images/12-4-25.jpg"}, {"Unnamed: 0": 5474, "CandidateId": "099919d2-903f-49de-b3a6-7301fc06512d", "CandidateNo": 26, "FirstName": "ชวธีร์", "LastName": "คุปตะวาทิน", "PartyName": "มหาชน", "PartyNumber": 4, "Title": "นาย", "Votable": true, "province_id": 12, "province_name": "นนทบุรี", "zone_number": 4, "PartyTerminated": false, "Age": 25, "Occupation": "นางแบบ", "HighestEducation": "ต่ำกว่าปริญญาตรี", "ImageFileId": "5c5bee27fbcb5f16fc67b6e2", "SelfIntroduceFileId": "5c5bf2fbfbcb5f16fc67dfd4", "PartyLogo": "https://storage.googleapis.com/candidate-thumbs/party/4.png", "CandididatePhoto": "https://storage.googleapis.com/candidate-thumbs/images/12-4-26.jpg"}, {"Unnamed: 0": 5475, "CandidateId": "80fa6ce7-9d1a-4961-82b8-58ce957ec6cb", "CandidateNo": 27, "FirstName": "พีรพัฒน์", "LastName": "ผาสุข", "PartyName": "ไทยศรีวิไลย์", "PartyNumber": 180, "Title": "นาย", "Votable": true, "province_id": 12, "province_name": "นนทบุรี", "zone_number": 4, "PartyTerminated": false, "Age": 28, "Occupation": "รับจ้าง", "HighestEducation": "ปริญญาตรี", "ImageFileId": "5c5d1d61fbcb5f0fd8852a28", "SelfIntroduceFileId": "5c5d26cdfbcb5f0fd88573f7", "PartyLogo": "https://storage.googleapis.com/candidate-thumbs/party/180.png", "CandididatePhoto": "https://storage.googleapis.com/candidate-thumbs/images/12-4-27.jpg"}, {"Unnamed: 0": 5476, "CandidateId": "3c6b2f4e-2ef9-4cbd-aa5c-9fb36e71e098", "CandidateNo": 28, "FirstName": "พันทิพย์", "LastName": "บุญเกิด", "PartyName": "พลังไทสร้างชาติ", "PartyNumber": 200, "Title": "นาย", "Votable": true, "province_id": 12, "province_name": "นนทบุรี", "zone_number": 4, "PartyTerminated": false, "Age": 53, "Occupation": "ขับรถสาธารณะ", "HighestEducation": "ต่ำกว่าปริญญาตรี", "ImageFileId": "5c5d3d4efbcb5f0fd886305b", "SelfIntroduceFileId": "5c5d42f3fbcb5f0fd8866d38", "PartyLogo": "https://storage.googleapis.com/candidate-thumbs/party/200.png", "CandididatePhoto": "https://storage.googleapis.com/candidate-thumbs/images/12-4-28.jpg"}, {"Unnamed: 0": 5477, "CandidateId": "f4dcbbf4-6147-466f-bdb6-5959c1d08793", "CandidateNo": 29, "FirstName": "ศิยาภรณ์", "LastName": "สิงห์กล้า", "PartyName": "ไทรักธรรม", "PartyNumber": 144, "Title": "นางสาว", "Votable": true, "province_id": 12, "province_name": "นนทบุรี", "zone_number": 4, "PartyTerminated": false, "Age": 51, "Occupation": "ค้าขาย", "HighestEducation": "ต่ำกว่าปริญญาตรี", "ImageFileId": "5c5d51f2fbcb5f0fd8870e5d", "SelfIntroduceFileId": "5c5d5330fbcb5f0fd887202f", "PartyLogo": "https://storage.googleapis.com/candidate-thumbs/party/144.png", "CandididatePhoto": "https://storage.googleapis.com/candidate-thumbs/images/12-4-29.jpg"}]