[{"Unnamed: 0": 5503, "CandidateId": "88489d9c-5fa3-4143-be19-08b020c10fce", "CandidateNo": 1, "FirstName": "กิ่งกาญจน์", "LastName": "ภู่ทองตระกูล", "PartyName": "ประชาชนปฏิรูป", "PartyNumber": 176, "Title": "นาง", "Votable": true, "province_id": 12, "province_name": "นนทบุรี", "zone_number": 6, "PartyTerminated": false, "Age": 63, "Occupation": "รับราชการ", "HighestEducation": "ปริญญาโท", "ImageFileId": "5c57ab11fbcb5f1eec0cf2f1", "SelfIntroduceFileId": "5c57bcc2fbcb5f1eec0d4d09", "PartyLogo": "https://storage.googleapis.com/candidate-thumbs/party/176.png", "CandididatePhoto": "https://storage.googleapis.com/candidate-thumbs/images/12-6-1.jpg"}, {"Unnamed: 0": 5504, "CandidateId": "2f683090-743e-4938-bf79-174d583a815c", "CandidateNo": 2, "FirstName": "จำลอง", "LastName": "ช่วยรอด", "PartyName": "อนาคตใหม่", "PartyNumber": 177, "Title": "นาย", "Votable": true, "province_id": 12, "province_name": "นนทบุรี", "zone_number": 6, "PartyTerminated": false, "Age": 54, "Occupation": "ธุรกิจส่วนตัว(ค้าขาย)", "HighestEducation": "ปริญญาเอก", "ImageFileId": "5c57c1bffbcb5f1eec0d7358", "SelfIntroduceFileId": "5c57cca5fbcb5f1eec0dc159", "PartyLogo": "https://storage.googleapis.com/candidate-thumbs/party/177.png", "CandididatePhoto": "https://storage.googleapis.com/candidate-thumbs/images/12-6-2.jpg"}, {"Unnamed: 0": 5505, "CandidateId": "7d3dfd0f-009b-438d-a8cc-509eb0dbebf5", "CandidateNo": 3, "FirstName": "ณัฐปัณฑ์", "LastName": "ดาวเรือง", "PartyName": "ชาติพัฒนา", "PartyNumber": 45, "Title": "นางสาว", "Votable": true, "province_id": 12, "province_name": "นนทบุรี", "zone_number": 6, "PartyTerminated": false, "Age": 30, "Occupation": "รับเหมาจัดสวน", "HighestEducation": "ต่ำกว่าปริญญาตรี", "ImageFileId": "5c57ceccfbcb5f1eec0dc91c", "SelfIntroduceFileId": "5c57d4abfbcb5f1eec0de204", "PartyLogo": "https://storage.googleapis.com/candidate-thumbs/party/45.png", "CandididatePhoto": "https://storage.googleapis.com/candidate-thumbs/images/12-6-3.jpg"}, {"Unnamed: 0": 5506, "CandidateId": "18a94275-d910-4f52-abbe-09b935871c9a", "CandidateNo": 4, "FirstName": "ภณณัฏฐ์", "LastName": "ศรีอินทร์สุทธิ์", "PartyName": "เพื่อไทย", "PartyNumber": 34, "Title": "นาย", "Votable": true, "province_id": 12, "province_name": "นนทบุรี", "zone_number": 6, "PartyTerminated": false, "Age": 50, "Occupation": "นักการเมือง", "HighestEducation": "ปริญญาเอก", "ImageFileId": "5c57d6e2fbcb5f1eec0deb6c", "SelfIntroduceFileId": "5c57da6afbcb5f1eec0dfb4f", "PartyLogo": "https://storage.googleapis.com/candidate-thumbs/party/34.png", "CandididatePhoto": "https://storage.googleapis.com/candidate-thumbs/images/12-6-4.jpg"}, {"Unnamed: 0": 5507, "CandidateId": "af8d6416-2acf-4267-98bc-2de1806ec7e0", "CandidateNo": 5, "FirstName": "ยงยุทธ", "LastName": "แก้วน้อย", "PartyName": "ชาติไทยพัฒนา", "PartyNumber": 55, "Title": "นาย", "Votable": true, "province_id": 12, "province_name": "นนทบุรี", "zone_number": 6, "PartyTerminated": false, "Age": 52, "Occupation": "ธุรกิจส่วนตัวก่อสร้าง", "HighestEducation": "ปริญญาโท", "ImageFileId": "5c57e6eafbcb5f1eec0e510e", "SelfIntroduceFileId": NaN, "PartyLogo": "https://storage.googleapis.com/candidate-thumbs/party/55.png", "CandididatePhoto": "https://storage.googleapis.com/candidate-thumbs/images/12-6-5.jpg"}, {"Unnamed: 0": 5508, "CandidateId": "13ee27b2-4fbe-4735-b0be-e31bec499238", "CandidateNo": 6, "FirstName": "ปรีชา", "LastName": "สุบิน", "PartyName": "พลังประชารัฐ", "PartyNumber": 192, "Title": "นาย", "Votable": true, "province_id": 12, "province_name": "นนทบุรี", "zone_number": 6, "PartyTerminated": false, "Age": 55, "Occupation": "ผู้จัดการบริษัท แสงบัวทอง วิลล่า จำกัด", "HighestEducation": "ปริญญาโท", "ImageFileId": "5c57ed85fbcb5f1eec0e8a61", "SelfIntroduceFileId": "5c57efeefbcb5f1eec0ea203", "PartyLogo": "https://storage.googleapis.com/candidate-thumbs/party/192.png", "CandididatePhoto": "https://storage.googleapis.com/candidate-thumbs/images/12-6-6.jpg"}, {"Unnamed: 0": 5509, "CandidateId": "85f48d53-edf9-4b2d-b66e-9a61b50ba138", "CandidateNo": 7, "FirstName": "บุญหลง", "LastName": "อาจจิต", "PartyName": "ประชาภิวัฒน์", "PartyNumber": 172, "Title": "นาย", "Votable": true, "province_id": 12, "province_name": "นนทบุรี", "zone_number": 6, "PartyTerminated": false, "Age": 52, "Occupation": "การเกษตร ธุรกิิจส่วนตัว", "HighestEducation": "ต่ำกว่าปริญญาตรี", "ImageFileId": "5c57f14dfbcb5f1eec0eadfb", "SelfIntroduceFileId": "5c57f38ffbcb5f1eec0ec3b6", "PartyLogo": "https://storage.googleapis.com/candidate-thumbs/party/172.png", "CandididatePhoto": "https://storage.googleapis.com/candidate-thumbs/images/12-6-7.jpg"}, {"Unnamed: 0": 5510, "CandidateId": "2d10071b-f317-4ee9-ba3a-01aefa0fe3e2", "CandidateNo": 8, "FirstName": "กิตติกร", "LastName": "รุ่งสว่าง", "PartyName": "เพื่อชาติ", "PartyNumber": 149, "Title": "นาย", "Votable": true, "province_id": 12, "province_name": "นนทบุรี", "zone_number": 6, "PartyTerminated": false, "Age": 64, "Occupation": "ศิลปินนักร้อง", "HighestEducation": "ปริญญาตรี", "ImageFileId": "5c57f626fbcb5f1eec0ee138", "SelfIntroduceFileId": "5c57f892fbcb5f1eec0ef76e", "PartyLogo": "https://storage.googleapis.com/candidate-thumbs/party/149.png", "CandididatePhoto": "https://storage.googleapis.com/candidate-thumbs/images/12-6-8.jpg"}, {"Unnamed: 0": 5511, "CandidateId": "ac4376f6-8c8c-41e9-b0d8-0a501c864520", "CandidateNo": 9, "FirstName": "สุนทร", "LastName": "บัวกลิ่น", "PartyName": "ทางเลือกใหม่", "PartyNumber": 170, "Title": "นาย", "Votable": true, "province_id": 12, "province_name": "นนทบุรี", "zone_number": 6, "PartyTerminated": false, "Age": 67, "Occupation": "รับจ้าง", "HighestEducation": "ต่ำกว่าปริญญาตรี", "ImageFileId": "5c57f9effbcb5f1eec0f07bd", "SelfIntroduceFileId": "5c57fd32fbcb5f1eec0f3626", "PartyLogo": "https://storage.googleapis.com/candidate-thumbs/party/170.png", "CandididatePhoto": "https://storage.googleapis.com/candidate-thumbs/images/12-6-9.jpg"}, {"Unnamed: 0": 5512, "CandidateId": "a2245b33-00a1-47af-842a-77cc2c666c3f", "CandidateNo": 10, "FirstName": "พิมพ์พัชชา", "LastName": "หยิมการุณ", "PartyName": "ภูมิใจไทย", "PartyNumber": 63, "Title": "นางสาว", "Votable": true, "province_id": 12, "province_name": "นนทบุรี", "zone_number": 6, "PartyTerminated": false, "Age": 41, "Occupation": "นายกองค์การบริหารส่วนตำบลบางคูรัด", "HighestEducation": "ปริญญาเอก", "ImageFileId": "5c57feb9fbcb5f1eec0f4d8c", "SelfIntroduceFileId": "5c580172fbcb5f1eec0f6e8f", "PartyLogo": "https://storage.googleapis.com/candidate-thumbs/party/63.png", "CandididatePhoto": "https://storage.googleapis.com/candidate-thumbs/images/12-6-10.jpg"}, {"Unnamed: 0": 5513, "CandidateId": "5f5f0653-dd7f-4219-97a4-e47d3eb3d592", "CandidateNo": 11, "FirstName": "ณัฐวุฒิ", "LastName": "อินแดง", "PartyName": "เสรีรวมไทย", "PartyNumber": 145, "Title": "นาย", "Votable": true, "province_id": 12, "province_name": "นนทบุรี", "zone_number": 6, "PartyTerminated": false, "Age": 39, "Occupation": "ธุรกิจส่วนตัว", "HighestEducation": "ปริญญาตรี", "ImageFileId": "5c58040efbcb5f1eec0f96bb", "SelfIntroduceFileId": "5c58ebacfbcb5f1d8812ffc7", "PartyLogo": "https://storage.googleapis.com/candidate-thumbs/party/145.png", "CandididatePhoto": "https://storage.googleapis.com/candidate-thumbs/images/12-6-11.jpg"}, {"Unnamed: 0": 5514, "CandidateId": "fa016916-8eb2-41d5-b04d-15a95167f1f4", "CandidateNo": 12, "FirstName": "สัมฤทธิ์", "LastName": "ด้วงโสน", "PartyName": "ประชาธิปัตย์", "PartyNumber": 1, "Title": "นาย", "Votable": true, "province_id": 12, "province_name": "นนทบุรี", "zone_number": 6, "PartyTerminated": false, "Age": 56, "Occupation": "นักการเมืองท้องถิ่น", "HighestEducation": "ปริญญาโท", "ImageFileId": "5c58092dfbcb5f1eec0fdcef", "SelfIntroduceFileId": "5c58f2b2fbcb5f1d8813380a", "PartyLogo": "https://storage.googleapis.com/candidate-thumbs/party/1.png", "CandididatePhoto": "https://storage.googleapis.com/candidate-thumbs/images/12-6-12.jpg"}, {"Unnamed: 0": 5515, "CandidateId": "6355e121-cf80-4e16-85be-b9712181732a", "CandidateNo": 13, "FirstName": "รวิชญ์", "LastName": "มันมือเสือ", "PartyName": "รวมใจไทย", "PartyNumber": 174, "Title": "นาย", "Votable": true, "province_id": 12, "province_name": "นนทบุรี", "zone_number": 6, "PartyTerminated": false, "Age": 29, "Occupation": "ผู้จัดการฝ่ายทรัพยากรบุคคล", "HighestEducation": "ปริญญาตรี", "ImageFileId": "5c580a48fbcb5f1eec0fe9ac", "SelfIntroduceFileId": "5c58f8b5fbcb5f1d8813778a", "PartyLogo": "https://storage.googleapis.com/candidate-thumbs/party/174.png", "CandididatePhoto": "https://storage.googleapis.com/candidate-thumbs/images/12-6-13.jpg"}, {"Unnamed: 0": 5516, "CandidateId": "386e30e3-79c7-40d6-8e0e-a387fe224f0c", "CandidateNo": 14, "FirstName": "ปฐม", "LastName": "กัลยาณธรรม", "PartyName": "รักษ์ผืนป่าประเทศไทย", "PartyNumber": 133, "Title": "นาย", "Votable": true, "province_id": 12, "province_name": "นนทบุรี", "zone_number": 6, "PartyTerminated": false, "Age": 59, "Occupation": "ทนายความ", "HighestEducation": "ปริญญาตรี", "ImageFileId": "5c580b84fbcb5f1eec0ff893", "SelfIntroduceFileId": "5c590138fbcb5f1d8813d210", "PartyLogo": "https://storage.googleapis.com/candidate-thumbs/party/133.png", "CandididatePhoto": "https://storage.googleapis.com/candidate-thumbs/images/12-6-14.jpg"}, {"Unnamed: 0": 5517, "CandidateId": "a00927ba-5d5f-4930-b0cf-abe15ae7958d", "CandidateNo": 15, "FirstName": "วรลักษณ์", "LastName": "ติมลตรี", "PartyName": "ประชานิยม", "PartyNumber": 191, "Title": "นาง", "Votable": true, "province_id": 12, "province_name": "นนทบุรี", "zone_number": 6, "PartyTerminated": false, "Age": 50, "Occupation": "พนักงานบริษัท", "HighestEducation": "ปริญญาตรี", "ImageFileId": "5c580d40fbcb5f1eec100bf6", "SelfIntroduceFileId": "5c5904b6fbcb5f1d8813f9e3", "PartyLogo": "https://storage.googleapis.com/candidate-thumbs/party/191.png", "CandididatePhoto": "https://storage.googleapis.com/candidate-thumbs/images/12-6-15.jpg"}, {"Unnamed: 0": 5518, "CandidateId": "0effd63a-14c6-488e-a7bd-62dea77e79cf", "CandidateNo": 16, "FirstName": "อนุสรา", "LastName": "มู่ฮัมหมัด", "PartyName": "ประชาชาติ", "PartyNumber": 187, "Title": "นางสาว", "Votable": true, "province_id": 12, "province_name": "นนทบุรี", "zone_number": 6, "PartyTerminated": false, "Age": 31, "Occupation": "พนักงานบริษัทเอกชน", "HighestEducation": "ปริญญาโท", "ImageFileId": "5c580dfbfbcb5f1eec101543", "SelfIntroduceFileId": "5c590866fbcb5f1d88142b05", "PartyLogo": "https://storage.googleapis.com/candidate-thumbs/party/187.png", "CandididatePhoto": "https://storage.googleapis.com/candidate-thumbs/images/12-6-16.jpg"}, {"Unnamed: 0": 5519, "CandidateId": "c0ba8e53-1a38-4da6-8ed2-3ee1bc63d67e", "CandidateNo": 17, "FirstName": "ปัญญดา", "LastName": "ญาณวิชรา", "PartyName": "รวมพลังประชาชาติไทย", "PartyNumber": 181, "Title": "นางสาว", "Votable": true, "province_id": 12, "province_name": "นนทบุรี", "zone_number": 6, "PartyTerminated": false, "Age": 34, "Occupation": "ธุรกิจส่วนตัว", "HighestEducation": "ปริญญาโท", "ImageFileId": "5c580f31fbcb5f1eec102480", "SelfIntroduceFileId": "5c590c5afbcb5f1d881464a9", "PartyLogo": "https://storage.googleapis.com/candidate-thumbs/party/181.png", "CandididatePhoto": "https://storage.googleapis.com/candidate-thumbs/images/12-6-17.jpg"}, {"Unnamed: 0": 5520, "CandidateId": "dd79a54e-1ccd-431a-8efc-7efc8bb4e48c", "CandidateNo": 18, "FirstName": "ละไม", "LastName": "คำมีมา", "PartyName": "ประชาธิปไตยใหม่", "PartyNumber": 109, "Title": "นาย", "Votable": true, "province_id": 12, "province_name": "นนทบุรี", "zone_number": 6, "PartyTerminated": false, "Age": 52, "Occupation": "ธุรกิจส่วนตัว", "HighestEducation": "ต่ำกว่าปริญญาตรี", "ImageFileId": "5c5811e6fbcb5f1eec103e3a", "SelfIntroduceFileId": "5c590f7efbcb5f1d88149056", "PartyLogo": "https://storage.googleapis.com/candidate-thumbs/party/109.png", "CandididatePhoto": "https://storage.googleapis.com/candidate-thumbs/images/12-6-18.jpg"}, {"Unnamed: 0": 5521, "CandidateId": "86d9d01d-ca6c-4d28-b9fb-a1237273bd63", "CandidateNo": 19, "FirstName": "กฤตติพัฒน์", "LastName": "เชาวลิต", "PartyName": "เพื่อแผ่นดิน", "PartyNumber": 41, "Title": "นาย", "Votable": true, "province_id": 12, "province_name": "นนทบุรี", "zone_number": 6, "PartyTerminated": false, "Age": 53, "Occupation": "ทนายความ", "HighestEducation": "ปริญญาโท", "ImageFileId": "5c5911dafbcb5f1d8814b367", "SelfIntroduceFileId": "5c591cbdfbcb5f1d88151b6b", "PartyLogo": "https://storage.googleapis.com/candidate-thumbs/party/41.png", "CandididatePhoto": "https://storage.googleapis.com/candidate-thumbs/images/12-6-19.jpg"}, {"Unnamed: 0": 5522, "CandidateId": "07ef6f04-1326-41cc-9a46-f86fa8bf7bfb", "CandidateNo": 20, "FirstName": "กฤษฏ์หิรัญ", "LastName": "พิชญาภัคปุณณาสา", "PartyName": "ภราดรภาพ", "PartyNumber": 154, "Title": "นาย", "Votable": true, "province_id": 12, "province_name": "นนทบุรี", "zone_number": 6, "PartyTerminated": false, "Age": 47, "Occupation": "รับราชการ", "HighestEducation": "ปริญญาตรี", "ImageFileId": "5c5926a1fbcb5f1d88157a6c", "SelfIntroduceFileId": "5c5928acfbcb5f1d88158e9b", "PartyLogo": "https://storage.googleapis.com/candidate-thumbs/party/154.png", "CandididatePhoto": "https://storage.googleapis.com/candidate-thumbs/images/12-6-20.jpg"}, {"Unnamed: 0": 5523, "CandidateId": "2f069b9b-eccb-4b05-b712-a2c2b597e247", "CandidateNo": 21, "FirstName": "อะห์มัด", "LastName": "การพงศรี", "PartyName": "เพื่อนไทย", "PartyNumber": 179, "Title": "นาย", "Votable": false, "province_id": 12, "province_name": "นนทบุรี", "zone_number": 6, "PartyTerminated": false, "Age": 43, "Occupation": "อิสระ", "HighestEducation": "ต่ำกว่าปริญญาตรี", "ImageFileId": "5c592c4bfbcb5f1d8815c878", "SelfIntroduceFileId": "5c592fa5fbcb5f1d8815fa03", "PartyLogo": "https://storage.googleapis.com/candidate-thumbs/party/179.png", "CandididatePhoto": "https://storage.googleapis.com/candidate-thumbs/images/12-6-21.jpg"}, {"Unnamed: 0": 5524, "CandidateId": "9657b422-fa9b-4ace-ae07-268e3a517698", "CandidateNo": 22, "FirstName": "สมภูมิ", "LastName": "พิบูลย์สวัสดิ์", "PartyName": "พลังชาติไทย", "PartyNumber": 186, "Title": "พ.อ.", "Votable": true, "province_id": 12, "province_name": "นนทบุรี", "zone_number": 6, "PartyTerminated": false, "Age": 68, "Occupation": "รับราชการ", "HighestEducation": "ปริญญาตรี", "ImageFileId": "5c5930fffbcb5f1d88160d0f", "SelfIntroduceFileId": "5c593245fbcb5f1d88161cef", "PartyLogo": "https://storage.googleapis.com/candidate-thumbs/party/186.png", "CandididatePhoto": "https://storage.googleapis.com/candidate-thumbs/images/12-6-22.jpg"}, {"Unnamed: 0": 5525, "CandidateId": "b5e42bcc-d918-4042-946d-2ea8b136c81d", "CandidateNo": 23, "FirstName": "มลฑล", "LastName": "ปั้นเขียว", "PartyName": "พลังท้องถิ่นไท", "PartyNumber": 124, "Title": "นาย", "Votable": true, "province_id": 12, "province_name": "นนทบุรี", "zone_number": 6, "PartyTerminated": false, "Age": 54, "Occupation": "ค้าขาย", "HighestEducation": "ต่ำกว่าปริญญาตรี", "ImageFileId": "5c5934fdfbcb5f1d88164292", "SelfIntroduceFileId": "5c593665fbcb5f1d881656bc", "PartyLogo": "https://storage.googleapis.com/candidate-thumbs/party/124.png", "CandididatePhoto": "https://storage.googleapis.com/candidate-thumbs/images/12-6-23.jpg"}, {"Unnamed: 0": 5526, "CandidateId": "d3597a91-8789-4a9d-91db-51eadd8c40c0", "CandidateNo": 24, "FirstName": "ปัณฑ์ณัฐ", "LastName": "สิทธิศักดิ์", "PartyName": "พลังประชาธิปไตย", "PartyNumber": 153, "Title": "นางสาว", "Votable": true, "province_id": 12, "province_name": "นนทบุรี", "zone_number": 6, "PartyTerminated": false, "Age": 37, "Occupation": "ค้าขาย", "HighestEducation": "ต่ำกว่าปริญญาตรี", "ImageFileId": "5c59548ffbcb5f1d8817e36a", "SelfIntroduceFileId": "5c5a4187fbcb5f19bca8b292", "PartyLogo": "https://storage.googleapis.com/candidate-thumbs/party/153.png", "CandididatePhoto": "https://storage.googleapis.com/candidate-thumbs/images/12-6-24.jpg"}, {"Unnamed: 0": 5527, "CandidateId": "4d58c0c1-d001-48f6-894a-3f35bc625d06", "CandidateNo": 25, "FirstName": "ศักราช", "LastName": "เม่นทอง", "PartyName": "เศรษฐกิจใหม่", "PartyNumber": 193, "Title": "นาย", "Votable": true, "province_id": 12, "province_name": "นนทบุรี", "zone_number": 6, "PartyTerminated": false, "Age": 55, "Occupation": "ธุรกิจส่วนตัว", "HighestEducation": "ปริญญาเอก", "ImageFileId": "5c5a4815fbcb5f19bca8df80", "SelfIntroduceFileId": "5c5a499dfbcb5f19bca8ec51", "PartyLogo": "https://storage.googleapis.com/candidate-thumbs/party/193.png", "CandididatePhoto": "https://storage.googleapis.com/candidate-thumbs/images/12-6-25.jpg"}, {"Unnamed: 0": 5528, "CandidateId": "0919abfe-f36a-4a2e-b2b7-d7fa2ba5a7e2", "CandidateNo": 26, "FirstName": "วิรัตน์", "LastName": "พ่วงเพ็ชร", "PartyName": "ไทยศรีวิไลย์", "PartyNumber": 180, "Title": "นาย", "Votable": true, "province_id": 12, "province_name": "นนทบุรี", "zone_number": 6, "PartyTerminated": false, "Age": 58, "Occupation": "พนักงานรัฐวิสาหกิจ การทางพิเศษแห่งประเทศไทย", "HighestEducation": "ปริญญาเอก", "ImageFileId": "5c5bc3f4fbcb5f16fc6673ce", "SelfIntroduceFileId": "5c5bc6a2fbcb5f16fc6680ff", "PartyLogo": "https://storage.googleapis.com/candidate-thumbs/party/180.png", "CandididatePhoto": "https://storage.googleapis.com/candidate-thumbs/images/12-6-26.jpg"}, {"Unnamed: 0": 5529, "CandidateId": "d281dac8-b462-487c-9d00-0de2ea8d0f62", "CandidateNo": 27, "FirstName": "กงกฤช", "LastName": "เชื้อศรีสกุล", "PartyName": "ประชาธรรมไทย", "PartyNumber": 190, "Title": "ว่าที่ ร.อ.", "Votable": true, "province_id": 12, "province_name": "นนทบุรี", "zone_number": 6, "PartyTerminated": false, "Age": 43, "Occupation": "ธุรกิจส่วนตัว", "HighestEducation": "ปริญญาตรี", "ImageFileId": "5c5bca6bfbcb5f16fc669681", "SelfIntroduceFileId": "5c5bcd20fbcb5f16fc66a727", "PartyLogo": "https://storage.googleapis.com/candidate-thumbs/party/190.png", "CandididatePhoto": "https://storage.googleapis.com/candidate-thumbs/images/12-6-27.jpg"}, {"Unnamed: 0": 5530, "CandidateId": "ec6e0f17-f9a9-4458-b615-90bb8a1ea0d4", "CandidateNo": 28, "FirstName": "เอนก", "LastName": "อัจฉริยะบุตร", "PartyName": "ครูไทยเพื่อประชาชน", "PartyNumber": 118, "Title": "นาย", "Votable": true, "province_id": 12, "province_name": "นนทบุรี", "zone_number": 6, "PartyTerminated": false, "Age": 62, "Occupation": "รับราชการ", "HighestEducation": "ปริญญาตรี", "ImageFileId": "5c5bcfcffbcb5f16fc66ba06", "SelfIntroduceFileId": "5c5bd205fbcb5f16fc66cbea", "PartyLogo": "https://storage.googleapis.com/candidate-thumbs/party/118.png", "CandididatePhoto": "https://storage.googleapis.com/candidate-thumbs/images/12-6-28.jpg"}, {"Unnamed: 0": 5531, "CandidateId": "f12cc961-d1bb-4d27-a510-b13132f73ad7", "CandidateNo": 29, "FirstName": "พรสุปรีฐ์", "LastName": "บุปผานนทพัฒน์", "PartyName": "พลังไทยรักไทย", "PartyNumber": 185, "Title": "นางสาว", "Votable": true, "province_id": 12, "province_name": "นนทบุรี", "zone_number": 6, "PartyTerminated": false, "Age": 44, "Occupation": "นวดไทย/รับจ้าง", "HighestEducation": "ต่ำกว่าปริญญาตรี", "ImageFileId": "5c5be429fbcb5f16fc675cfd", "SelfIntroduceFileId": "5c5be6defbcb5f16fc6773cb", "PartyLogo": "https://storage.googleapis.com/candidate-thumbs/party/185.png", "CandididatePhoto": "https://storage.googleapis.com/candidate-thumbs/images/12-6-29.jpg"}, {"Unnamed: 0": 5532, "CandidateId": "10d51b6c-261a-4361-974d-d25411926bf2", "CandidateNo": 30, "FirstName": "ชินกฤต", "LastName": "บุญประกอบ", "PartyName": "พลังไทสร้างชาติ", "PartyNumber": 200, "Title": "นาย", "Votable": true, "province_id": 12, "province_name": "นนทบุรี", "zone_number": 6, "PartyTerminated": false, "Age": 63, "Occupation": "โปรดิวเซอร์ฝ่ายผลิตและสร้างสวรรค์บริษัทจีเอ็มเอ็มแกรมมี่", "HighestEducation": "ต่ำกว่าปริญญาตรี", "ImageFileId": "5c5cffdffbcb5f0fd88481a3", "SelfIntroduceFileId": "5c5d0b7bfbcb5f0fd884d793", "PartyLogo": "https://storage.googleapis.com/candidate-thumbs/party/200.png", "CandididatePhoto": "https://storage.googleapis.com/candidate-thumbs/images/12-6-30.jpg"}, {"Unnamed: 0": 5533, "CandidateId": "ddf01587-5af2-440a-a03d-86cd58857460", "CandidateNo": 31, "FirstName": "ธนกฤตฐิ์", "LastName": "ทองกล่ำ", "PartyName": "มหาชน", "PartyNumber": 4, "Title": "นาย", "Votable": true, "province_id": 12, "province_name": "นนทบุรี", "zone_number": 6, "PartyTerminated": false, "Age": 54, "Occupation": "ธุรกิจส่วนตัว", "HighestEducation": "ต่ำกว่าปริญญาตรี", "ImageFileId": "5c5d4ad8fbcb5f0fd886c5d2", "SelfIntroduceFileId": "5c5d4c73fbcb5f0fd886d91e", "PartyLogo": "https://storage.googleapis.com/candidate-thumbs/party/4.png", "CandididatePhoto": "https://storage.googleapis.com/candidate-thumbs/images/12-6-31.jpg"}]