[{"Unnamed: 0": 1302, "CandidateId": "78014a1f-65b7-4bfe-b84a-e03a897648d0", "CandidateNo": 1, "FirstName": "สมพงษ์", "LastName": "พิมพ์มาศ", "PartyName": "ประชาภิวัฒน์", "PartyNumber": 172, "Title": "นาย", "Votable": true, "province_id": 55, "province_name": "น่าน", "zone_number": 3, "PartyTerminated": false, "Age": 61, "Occupation": "ข้าราชการครู ตำแหน่งรองผู้อำนวยการ", "HighestEducation": "ปริญญาโท", "ImageFileId": "5c59058ffbcb5f1d881405c1", "SelfIntroduceFileId": "5c5942e5fbcb5f1d8817033a", "PartyLogo": "https://storage.googleapis.com/candidate-thumbs/party/172.png", "CandididatePhoto": "https://storage.googleapis.com/candidate-thumbs/images/55-3-1.jpg"}, {"Unnamed: 0": 1303, "CandidateId": "e04911e5-630b-478f-b5c0-72f88e27e92b", "CandidateNo": 2, "FirstName": "พลายปัญญา", "LastName": "อยู่เอนก", "PartyName": "เพื่อแผ่นดิน", "PartyNumber": 41, "Title": "นาย", "Votable": true, "province_id": 55, "province_name": "น่าน", "zone_number": 3, "PartyTerminated": false, "Age": 64, "Occupation": "ทนายความ", "HighestEducation": "ปริญญาโท", "ImageFileId": "5c57e6a6fbcb5f1eec0e4f89", "SelfIntroduceFileId": "5c59072dfbcb5f1d88141cf2", "PartyLogo": "https://storage.googleapis.com/candidate-thumbs/party/41.png", "CandididatePhoto": "https://storage.googleapis.com/candidate-thumbs/images/55-3-2.jpg"}, {"Unnamed: 0": 1304, "CandidateId": "fab55782-6962-496c-a53f-0ecaa0ca871d", "CandidateNo": 3, "FirstName": "ณัฐพงษ์", "LastName": "สุปริยศิลป์", "PartyName": "เพื่อไทย", "PartyNumber": 34, "Title": "นาย", "Votable": true, "province_id": 55, "province_name": "น่าน", "zone_number": 3, "PartyTerminated": false, "Age": 41, "Occupation": "เกษตกร,นักการเมือง", "HighestEducation": "ปริญญาโท", "ImageFileId": "5c57ed30fbcb5f1eec0e87f0", "SelfIntroduceFileId": "5c5907bffbcb5f1d881423ea", "PartyLogo": "https://storage.googleapis.com/candidate-thumbs/party/34.png", "CandididatePhoto": "https://storage.googleapis.com/candidate-thumbs/images/55-3-3.jpg"}, {"Unnamed: 0": 1305, "CandidateId": "3f92ce52-b88c-4690-81df-0669ebff2944", "CandidateNo": 4, "FirstName": "ศรศักดิ์", "LastName": "เคร่งครัด", "PartyName": "เสรีรวมไทย", "PartyNumber": 145, "Title": "ร้อยตำรวจโท", "Votable": true, "province_id": 55, "province_name": "น่าน", "zone_number": 3, "PartyTerminated": false, "Age": 62, "Occupation": "รับราชการตำรวจ", "HighestEducation": "ปริญญาตรี", "ImageFileId": "5c57fa36fbcb5f1eec0f0cd4", "SelfIntroduceFileId": "5c57fccffbcb5f1eec0f2ffd", "PartyLogo": "https://storage.googleapis.com/candidate-thumbs/party/145.png", "CandididatePhoto": "https://storage.googleapis.com/candidate-thumbs/images/55-3-4.jpg"}, {"Unnamed: 0": 1306, "CandidateId": "b1168a79-aee7-4f45-aa8a-91003765d2fc", "CandidateNo": 5, "FirstName": "ต่วน", "LastName": "ไชยโย", "PartyName": "เพื่อชาติ", "PartyNumber": 149, "Title": "นาย", "Votable": true, "province_id": 55, "province_name": "น่าน", "zone_number": 3, "PartyTerminated": false, "Age": 60, "Occupation": "เจ้าหน้าที่ของรัฐ (กำนัน)", "HighestEducation": "ต่ำกว่าปริญญาตรี", "ImageFileId": "5c57fde3fbcb5f1eec0f40af", "SelfIntroduceFileId": "5c5800e2fbcb5f1eec0f6650", "PartyLogo": "https://storage.googleapis.com/candidate-thumbs/party/149.png", "CandididatePhoto": "https://storage.googleapis.com/candidate-thumbs/images/55-3-5.jpg"}, {"Unnamed: 0": 1307, "CandidateId": "96f3a67c-7ead-46aa-b34f-39d27df5dfe4", "CandidateNo": 6, "FirstName": "สำเริง", "LastName": "แก้วเทพ", "PartyName": "ประชาธิปัตย์", "PartyNumber": 1, "Title": "นาย", "Votable": true, "province_id": 55, "province_name": "น่าน", "zone_number": 3, "PartyTerminated": false, "Age": 54, "Occupation": "เกษตรกรรม", "HighestEducation": "ปริญญาโท", "ImageFileId": "5c5801acfbcb5f1eec0f7340", "SelfIntroduceFileId": "5c580510fbcb5f1eec0fa602", "PartyLogo": "https://storage.googleapis.com/candidate-thumbs/party/1.png", "CandididatePhoto": "https://storage.googleapis.com/candidate-thumbs/images/55-3-6.jpg"}, {"Unnamed: 0": 1308, "CandidateId": "38fa3448-c111-4570-b2c3-4603955b8260", "CandidateNo": 7, "FirstName": "ถนอม", "LastName": "ใหม่กันทะ", "PartyName": "ประชาธิปไตยใหม่", "PartyNumber": 109, "Title": "นาย", "Votable": true, "province_id": 55, "province_name": "น่าน", "zone_number": 3, "PartyTerminated": false, "Age": 68, "Occupation": "ทำธุระกิจส่วนตัว", "HighestEducation": "ปริญญาโท", "ImageFileId": "5c5933ecfbcb5f1d88163496", "SelfIntroduceFileId": "5c67853cfbcb5f09f00a5265", "PartyLogo": "https://storage.googleapis.com/candidate-thumbs/party/109.png", "CandididatePhoto": "https://storage.googleapis.com/candidate-thumbs/images/55-3-7.jpg"}, {"Unnamed: 0": 1309, "CandidateId": "90f3f01d-918b-4b50-b568-79c01614ca1f", "CandidateNo": 8, "FirstName": "นิติต่วน", "LastName": "ยะแสง", "PartyName": "พลังปวงชนไทย", "PartyNumber": 184, "Title": "นาย", "Votable": true, "province_id": 55, "province_name": "น่าน", "zone_number": 3, "PartyTerminated": false, "Age": 58, "Occupation": "รับเหมาก่อสร้าง", "HighestEducation": "ปริญญาโท", "ImageFileId": "5c59087efbcb5f1d88142c70", "SelfIntroduceFileId": "5c590aaafbcb5f1d88144b1c", "PartyLogo": "https://storage.googleapis.com/candidate-thumbs/party/184.png", "CandididatePhoto": "https://storage.googleapis.com/candidate-thumbs/images/55-3-8.jpg"}, {"Unnamed: 0": 1310, "CandidateId": "c1cc0874-b64d-41fa-b47e-adb87653a6c0", "CandidateNo": 9, "FirstName": "คุณดร", "LastName": "งามธุระ", "PartyName": "พลังประชารัฐ", "PartyNumber": 192, "Title": "นาย", "Votable": true, "province_id": 55, "province_name": "น่าน", "zone_number": 3, "PartyTerminated": false, "Age": 46, "Occupation": "ทนายความ", "HighestEducation": "ปริญญาโท", "ImageFileId": "5c590d11fbcb5f1d88146e1a", "SelfIntroduceFileId": "5c590f39fbcb5f1d88148c14", "PartyLogo": "https://storage.googleapis.com/candidate-thumbs/party/192.png", "CandididatePhoto": "https://storage.googleapis.com/candidate-thumbs/images/55-3-9.jpg"}, {"Unnamed: 0": 1311, "CandidateId": "2c80ac36-314f-487b-9719-2bb1b5d45ef9", "CandidateNo": 10, "FirstName": "สุชิน", "LastName": "ยาปัน", "PartyName": "ชาติไทยพัฒนา", "PartyNumber": 55, "Title": "พันตรี", "Votable": true, "province_id": 55, "province_name": "น่าน", "zone_number": 3, "PartyTerminated": false, "Age": 36, "Occupation": "รับราชการ", "HighestEducation": "ปริญญาเอก", "ImageFileId": "5c591052fbcb5f1d88149e9b", "SelfIntroduceFileId": "5c59134afbcb5f1d8814c743", "PartyLogo": "https://storage.googleapis.com/candidate-thumbs/party/55.png", "CandididatePhoto": "https://storage.googleapis.com/candidate-thumbs/images/55-3-10.jpg"}, {"Unnamed: 0": 1312, "CandidateId": "603e2eb0-93af-48e2-a54b-8eaba5b478e9", "CandidateNo": 11, "FirstName": "ปัทฎิญญา", "LastName": "ปัญญาวิเศษกาล", "PartyName": "ภราดรภาพ", "PartyNumber": 154, "Title": "นาย", "Votable": true, "province_id": 55, "province_name": "น่าน", "zone_number": 3, "PartyTerminated": false, "Age": 57, "Occupation": "ธุรกิจส่วนตัว", "HighestEducation": "ต่ำกว่าปริญญาตรี", "ImageFileId": "5c59140bfbcb5f1d8814d0b3", "SelfIntroduceFileId": "5c5932d2fbcb5f1d88162639", "PartyLogo": "https://storage.googleapis.com/candidate-thumbs/party/154.png", "CandididatePhoto": "https://storage.googleapis.com/candidate-thumbs/images/55-3-11.jpg"}, {"Unnamed: 0": 1313, "CandidateId": "842f0a9a-f38e-41fc-b8d0-b3d222270f60", "CandidateNo": 12, "FirstName": "โสภณ", "LastName": "ศรีมาเหล็ก", "PartyName": "พลังท้องถิ่นไท", "PartyNumber": 124, "Title": "นาย", "Votable": true, "province_id": 55, "province_name": "น่าน", "zone_number": 3, "PartyTerminated": false, "Age": 53, "Occupation": "นักการเมือง", "HighestEducation": "ปริญญาเอก", "ImageFileId": "5c591edcfbcb5f1d881529ba", "SelfIntroduceFileId": "5c592182fbcb5f1d88153e45", "PartyLogo": "https://storage.googleapis.com/candidate-thumbs/party/124.png", "CandididatePhoto": "https://storage.googleapis.com/candidate-thumbs/images/55-3-12.jpg"}, {"Unnamed: 0": 1314, "CandidateId": "908e6318-c8d4-43b7-8a71-e8f9f5c14856", "CandidateNo": 13, "FirstName": "ยก", "LastName": "บุญอินทร์", "PartyName": "รวมพลังประชาชาติไทย", "PartyNumber": 181, "Title": "นาย", "Votable": true, "province_id": 55, "province_name": "น่าน", "zone_number": 3, "PartyTerminated": false, "Age": 51, "Occupation": "เกษตรกร", "HighestEducation": "ปริญญาตรี", "ImageFileId": "5c5926eefbcb5f1d88157d0f", "SelfIntroduceFileId": "5c592b9ffbcb5f1d8815bd58", "PartyLogo": "https://storage.googleapis.com/candidate-thumbs/party/181.png", "CandididatePhoto": "https://storage.googleapis.com/candidate-thumbs/images/55-3-13.jpg"}, {"Unnamed: 0": 1315, "CandidateId": "c476be99-9e70-45bd-9b05-b600b376f88f", "CandidateNo": 14, "FirstName": "สันติภาพ", "LastName": "แซ่คำ", "PartyName": "ประชาชาติ", "PartyNumber": 187, "Title": "นาย", "Votable": true, "province_id": 55, "province_name": "น่าน", "zone_number": 3, "PartyTerminated": false, "Age": 55, "Occupation": "นักการเมือง(ท้องถิ่น)", "HighestEducation": "ต่ำกว่าปริญญาตรี", "ImageFileId": "5c592c9efbcb5f1d8815cd21", "SelfIntroduceFileId": "5c592f05fbcb5f1d8815f345", "PartyLogo": "https://storage.googleapis.com/candidate-thumbs/party/187.png", "CandididatePhoto": "https://storage.googleapis.com/candidate-thumbs/images/55-3-14.jpg"}, {"Unnamed: 0": 1316, "CandidateId": "6d1b8664-cdce-4f1a-9a9d-2847a4fdd5c0", "CandidateNo": 15, "FirstName": "จักรกริศน์", "LastName": "ปันศิริ", "PartyName": "อนาคตใหม่", "PartyNumber": 177, "Title": "นาย", "Votable": true, "province_id": 55, "province_name": "น่าน", "zone_number": 3, "PartyTerminated": false, "Age": 45, "Occupation": "นักการเมือง", "HighestEducation": "ปริญญาโท", "ImageFileId": "5c592fa5fbcb5f1d8815f9ee", "SelfIntroduceFileId": "5c5931bcfbcb5f1d88161587", "PartyLogo": "https://storage.googleapis.com/candidate-thumbs/party/177.png", "CandididatePhoto": "https://storage.googleapis.com/candidate-thumbs/images/55-3-15.jpg"}, {"Unnamed: 0": 1317, "CandidateId": "16e140d5-0943-496f-90eb-856eed921959", "CandidateNo": 16, "FirstName": "ชณภูศักดิ์", "LastName": "จักรแก้ว", "PartyName": "รักษ์ผืนป่าประเทศไทย", "PartyNumber": 133, "Title": "นาย", "Votable": false, "province_id": 55, "province_name": "น่าน", "zone_number": 3, "PartyTerminated": false, "Age": 41, "Occupation": "ประกอบธุรกิจส่วนตัว", "HighestEducation": "ต่ำกว่าปริญญาตรี", "ImageFileId": "5c593d72fbcb5f1d8816b73f", "SelfIntroduceFileId": "5c593e6ffbcb5f1d8816c4c9", "PartyLogo": "https://storage.googleapis.com/candidate-thumbs/party/133.png", "CandididatePhoto": "https://storage.googleapis.com/candidate-thumbs/images/55-3-16.jpg"}, {"Unnamed: 0": 1318, "CandidateId": "3b3792f3-91f8-4608-b50e-d30f986644b4", "CandidateNo": 17, "FirstName": "ปาริชาติ", "LastName": "อินทะรังษี", "PartyName": "ประชานิยม", "PartyNumber": 191, "Title": "นาง", "Votable": true, "province_id": 55, "province_name": "น่าน", "zone_number": 3, "PartyTerminated": false, "Age": 41, "Occupation": "ค้าขาย", "HighestEducation": "ปริญญาตรี", "ImageFileId": "5c5a8fe2fbcb5f19bcaad9e1", "SelfIntroduceFileId": "5c5d40edfbcb5f0fd88659d7", "PartyLogo": "https://storage.googleapis.com/candidate-thumbs/party/191.png", "CandididatePhoto": "https://storage.googleapis.com/candidate-thumbs/images/55-3-17.jpg"}, {"Unnamed: 0": 1319, "CandidateId": "a3919582-0dcc-41b6-8b1a-723671310e4f", "CandidateNo": 18, "FirstName": "ทัศนีย์", "LastName": "เจดีย์ยศ", "PartyName": "ประชาชนปฏิรูป", "PartyNumber": 176, "Title": "นางสาว", "Votable": true, "province_id": 55, "province_name": "น่าน", "zone_number": 3, "PartyTerminated": false, "Age": 29, "Occupation": "ธุรกิจส่วนตัว", "HighestEducation": "ต่ำกว่าปริญญาตรี", "ImageFileId": "5c5a9259fbcb5f19bcaaefbe", "SelfIntroduceFileId": "5c5a9336fbcb5f19bcaaf75e", "PartyLogo": "https://storage.googleapis.com/candidate-thumbs/party/176.png", "CandididatePhoto": "https://storage.googleapis.com/candidate-thumbs/images/55-3-18.jpg"}, {"Unnamed: 0": 1320, "CandidateId": "a767e2c3-de66-4fab-9e1f-5ab54d16c2f6", "CandidateNo": 19, "FirstName": "เพิ่มศักดิ์", "LastName": "ศรีวรรณ์", "PartyName": "ครูไทยเพื่อประชาชน", "PartyNumber": 118, "Title": "\r\n\r\nจ่าสิบตำรวจ", "Votable": true, "province_id": 55, "province_name": "น่าน", "zone_number": 3, "PartyTerminated": false, "Age": 63, "Occupation": "ข้าราชการบำนาญ", "HighestEducation": "ปริญญาตรี", "ImageFileId": "5c5bdb42fbcb5f16fc67138f", "SelfIntroduceFileId": "5c5bdbc9fbcb5f16fc6719dd", "PartyLogo": "https://storage.googleapis.com/candidate-thumbs/party/118.png", "CandididatePhoto": "https://storage.googleapis.com/candidate-thumbs/images/55-3-19.jpg"}, {"Unnamed: 0": 1321, "CandidateId": "d01bb2a3-a19f-44ad-a130-4fb1e410adcf", "CandidateNo": 20, "FirstName": "สัมฤทธิ์", "LastName": "คำรังษี", "PartyName": "เศรษฐกิจใหม่", "PartyNumber": 193, "Title": "นาย", "Votable": true, "province_id": 55, "province_name": "น่าน", "zone_number": 3, "PartyTerminated": false, "Age": 39, "Occupation": "ค้าขาย", "HighestEducation": "ปริญญาโท", "ImageFileId": "5c5bdbf5fbcb5f16fc671b2d", "SelfIntroduceFileId": "5c5bdc7efbcb5f16fc671f36", "PartyLogo": "https://storage.googleapis.com/candidate-thumbs/party/193.png", "CandididatePhoto": "https://storage.googleapis.com/candidate-thumbs/images/55-3-20.jpg"}, {"Unnamed: 0": 1322, "CandidateId": "bb1bbf17-7531-4173-93e5-e8d62e94c6d3", "CandidateNo": 21, "FirstName": "ธัชมนตร์", "LastName": "นวนาคธนสิทธิ์", "PartyName": "ภูมิใจไทย", "PartyNumber": 63, "Title": "นางสาว", "Votable": true, "province_id": 55, "province_name": "น่าน", "zone_number": 3, "PartyTerminated": false, "Age": 45, "Occupation": "นักธุรกิจอิสระ", "HighestEducation": "ปริญญาตรี", "ImageFileId": "5c5bdcc2fbcb5f16fc672080", "SelfIntroduceFileId": "5c5bdd0dfbcb5f16fc672258", "PartyLogo": "https://storage.googleapis.com/candidate-thumbs/party/63.png", "CandididatePhoto": "https://storage.googleapis.com/candidate-thumbs/images/55-3-21.jpg"}, {"Unnamed: 0": 1323, "CandidateId": "13b30071-9ec0-4e2e-89d1-57f9209f904d", "CandidateNo": 22, "FirstName": "อนุพงศ์", "LastName": "คำยันต์", "PartyName": "พลังชาติไทย", "PartyNumber": 186, "Title": "นาย", "Votable": true, "province_id": 55, "province_name": "น่าน", "zone_number": 3, "PartyTerminated": false, "Age": 52, "Occupation": "รับเหมาก่อสร้าง", "HighestEducation": "ต่ำกว่าปริญญาตรี", "ImageFileId": "5c5bdd4cfbcb5f16fc672498", "SelfIntroduceFileId": "5c5bdd8dfbcb5f16fc67272e", "PartyLogo": "https://storage.googleapis.com/candidate-thumbs/party/186.png", "CandididatePhoto": "https://storage.googleapis.com/candidate-thumbs/images/55-3-22.jpg"}, {"Unnamed: 0": 1324, "CandidateId": "2e559d20-efac-4e16-8310-0e770e3fe098", "CandidateNo": 23, "FirstName": "อรรถชัย", "LastName": "วุฒิปัณณวัฒน์", "PartyName": "พลังไทยรักไทย", "PartyNumber": 185, "Title": "นาย", "Votable": true, "province_id": 55, "province_name": "น่าน", "zone_number": 3, "PartyTerminated": false, "Age": 63, "Occupation": "ทนายความ", "HighestEducation": "ปริญญาตรี", "ImageFileId": "5c5bddb3fbcb5f16fc6727be", "SelfIntroduceFileId": "5c5bded8fbcb5f16fc6733e4", "PartyLogo": "https://storage.googleapis.com/candidate-thumbs/party/185.png", "CandididatePhoto": "https://storage.googleapis.com/candidate-thumbs/images/55-3-23.jpg"}, {"Unnamed: 0": 1325, "CandidateId": "35755698-502a-4f73-a565-2e4c891883ac", "CandidateNo": 24, "FirstName": "เลาหล้า ", "LastName": "แซ่เล้า", "PartyName": "ชาติพันธุ์ไทย", "PartyNumber": 196, "Title": "นาย", "Votable": true, "province_id": 55, "province_name": "น่าน", "zone_number": 3, "PartyTerminated": false, "Age": 46, "Occupation": "ครูอัตราจ้างโรงเรียนภูเด็งพญา", "HighestEducation": "ปริญญาตรี", "ImageFileId": "5c5bf1a4fbcb5f16fc67d302", "SelfIntroduceFileId": "5c5bf622fbcb5f16fc67f7d1", "PartyLogo": "https://storage.googleapis.com/candidate-thumbs/party/196.png", "CandididatePhoto": "https://storage.googleapis.com/candidate-thumbs/images/55-3-24.jpg"}, {"Unnamed: 0": 1326, "CandidateId": "96b0db87-3298-4352-9f2d-1fe9e19a6cfc", "CandidateNo": 25, "FirstName": "สมบูรณ์", "LastName": "จันอ้น", "PartyName": "กรีน", "PartyNumber": 206, "Title": "นาย", "Votable": true, "province_id": 55, "province_name": "น่าน", "zone_number": 3, "PartyTerminated": false, "Age": 44, "Occupation": "เกษตรกร", "HighestEducation": "ต่ำกว่าปริญญาตรี", "ImageFileId": "5c5cfc98fbcb5f0fd884658b", "SelfIntroduceFileId": "5c5cfd04fbcb5f0fd88467db", "PartyLogo": "https://storage.googleapis.com/candidate-thumbs/party/206.png", "CandididatePhoto": "https://storage.googleapis.com/candidate-thumbs/images/55-3-25.jpg"}, {"Unnamed: 0": 1327, "CandidateId": "1470c4ba-59b3-4c38-a37b-77e8bd45b8b8", "CandidateNo": 26, "FirstName": "รัตนาพร", "LastName": "คำหว่าง", "PartyName": "แทนคุณแผ่นดิน", "PartyNumber": 53, "Title": "นางสาว", "Votable": true, "province_id": 55, "province_name": "น่าน", "zone_number": 3, "PartyTerminated": false, "Age": 29, "Occupation": "ประกอบอาชีพอิสระ", "HighestEducation": "ปริญญาตรี", "ImageFileId": "5c5d4859fbcb5f0fd886a4d7", "SelfIntroduceFileId": "5c5d4899fbcb5f0fd886a8ba", "PartyLogo": "https://storage.googleapis.com/candidate-thumbs/party/53.png", "CandididatePhoto": "https://storage.googleapis.com/candidate-thumbs/images/55-3-26.jpg"}, {"Unnamed: 0": 1328, "CandidateId": "79e0f78d-9a80-4947-b3f0-a1aad3718c64", "CandidateNo": 27, "FirstName": "นิทัศน์", "LastName": "ดอนนันชัย", "PartyName": "ไทรักธรรม", "PartyNumber": 144, "Title": "นาย", "Votable": true, "province_id": 55, "province_name": "น่าน", "zone_number": 3, "PartyTerminated": false, "Age": 63, "Occupation": "ธุรกิจส่วนตัว", "HighestEducation": "ต่ำกว่าปริญญาตรี", "ImageFileId": "5c5d4eb5fbcb5f0fd886edf1", "SelfIntroduceFileId": "5c5d4f0bfbcb5f0fd886f1b2", "PartyLogo": "https://storage.googleapis.com/candidate-thumbs/party/144.png", "CandididatePhoto": "https://storage.googleapis.com/candidate-thumbs/images/55-3-27.jpg"}, {"Unnamed: 0": 1329, "CandidateId": "027225ad-ba54-476e-9d00-18878deb8a46", "CandidateNo": 28, "FirstName": "สง่าชัย", "LastName": "ใจห้าว", "PartyName": "ภาคีเครือข่ายไทย", "PartyNumber": 211, "Title": "นาย", "Votable": true, "province_id": 55, "province_name": "น่าน", "zone_number": 3, "PartyTerminated": false, "Age": 61, "Occupation": "ข้าราชการบำนาญ", "HighestEducation": "ปริญญาโท", "ImageFileId": "5c5d567dfbcb5f0fd8874e32", "SelfIntroduceFileId": "5c5d580ffbcb5f0fd8876167", "PartyLogo": "https://storage.googleapis.com/candidate-thumbs/party/211.png", "CandididatePhoto": "https://storage.googleapis.com/candidate-thumbs/images/55-3-28.jpg"}]