[{"Unnamed: 0": 5478, "CandidateId": "ec99e5f0-e0ca-4026-84b1-e0db3df7ca30", "CandidateNo": 1, "FirstName": "สุเทพ", "LastName": "นิลน้อย", "PartyName": "ชาติไทยพัฒนา", "PartyNumber": 55, "Title": "นาย", "Votable": true, "province_id": 12, "province_name": "นนทบุรี", "zone_number": 5, "PartyTerminated": false, "Age": 63, "Occupation": "นักการเมืองท้องถิ่น (สมาชิกสภาองค์การบริหารส่วนจังหวัดนนทบุรี)", "HighestEducation": "ปริญญาโท", "ImageFileId": "5c57bfa6fbcb5f1eec0d6362", "SelfIntroduceFileId": "5c57bd36fbcb5f1eec0d503d", "PartyLogo": "https://storage.googleapis.com/candidate-thumbs/party/55.png", "CandididatePhoto": "https://storage.googleapis.com/candidate-thumbs/images/12-5-1.jpg"}, {"Unnamed: 0": 5479, "CandidateId": "6dca3a12-d1c4-419c-8d53-fd8f7d1539b7", "CandidateNo": 2, "FirstName": "อภิชา", "LastName": "อำไพจิตต์", "PartyName": "พลังท้องถิ่นไท", "PartyNumber": 124, "Title": "นาย", "Votable": true, "province_id": 12, "province_name": "นนทบุรี", "zone_number": 5, "PartyTerminated": false, "Age": 39, "Occupation": "ธุรกิจส่วนตัว", "HighestEducation": "ต่ำกว่าปริญญาตรี", "ImageFileId": "5c593b89fbcb5f1d88169fdf", "SelfIntroduceFileId": "5c57cc13fbcb5f1eec0dbee7", "PartyLogo": "https://storage.googleapis.com/candidate-thumbs/party/124.png", "CandididatePhoto": "https://storage.googleapis.com/candidate-thumbs/images/12-5-2.jpg"}, {"Unnamed: 0": 5480, "CandidateId": "0d7197b7-75a4-4971-98ed-fb3479eab235", "CandidateNo": 3, "FirstName": "ไพฑูรย์", "LastName": "พึ่งเพ็ง", "PartyName": "ประชาภิวัฒน์", "PartyNumber": 172, "Title": "นาย", "Votable": true, "province_id": 12, "province_name": "นนทบุรี", "zone_number": 5, "PartyTerminated": false, "Age": 66, "Occupation": "เปิดร้านขายยาแผนโบราณ", "HighestEducation": "ต่ำกว่าปริญญาตรี", "ImageFileId": "5c57d5dbfbcb5f1eec0de69e", "SelfIntroduceFileId": "5c5a3e08fbcb5f19bca89c30", "PartyLogo": "https://storage.googleapis.com/candidate-thumbs/party/172.png", "CandididatePhoto": "https://storage.googleapis.com/candidate-thumbs/images/12-5-3.jpg"}, {"Unnamed: 0": 5481, "CandidateId": "fa0fe760-c8e3-4fe8-b594-d23757f8bf9e", "CandidateNo": 4, "FirstName": "ณัฐพัชร์", "LastName": "ทิมดี", "PartyName": "ภูมิใจไทย", "PartyNumber": 63, "Title": "นาย", "Votable": true, "province_id": 12, "province_name": "นนทบุรี", "zone_number": 5, "PartyTerminated": false, "Age": 57, "Occupation": "ธุรกิจส่วนตัว", "HighestEducation": "ปริญญาโท", "ImageFileId": "5c57de9efbcb5f1eec0e1670", "SelfIntroduceFileId": "5c57dfb4fbcb5f1eec0e1c21", "PartyLogo": "https://storage.googleapis.com/candidate-thumbs/party/63.png", "CandididatePhoto": "https://storage.googleapis.com/candidate-thumbs/images/12-5-4.jpg"}, {"Unnamed: 0": 5482, "CandidateId": "21cfad5c-8f30-4dd5-bd29-8b5d751d6803", "CandidateNo": 5, "FirstName": "จำลอง", "LastName": "ขำสา", "PartyName": "ประชาธิปัตย์", "PartyNumber": 1, "Title": "นาย", "Votable": true, "province_id": 12, "province_name": "นนทบุรี", "zone_number": 5, "PartyTerminated": false, "Age": 58, "Occupation": "ข้าราชการการเมืองท้องถิ่น", "HighestEducation": "ปริญญาตรี", "ImageFileId": "5c57eb6ffbcb5f1eec0e76db", "SelfIntroduceFileId": "5c57ec83fbcb5f1eec0e7ea5", "PartyLogo": "https://storage.googleapis.com/candidate-thumbs/party/1.png", "CandididatePhoto": "https://storage.googleapis.com/candidate-thumbs/images/12-5-5.jpg"}, {"Unnamed: 0": 5483, "CandidateId": "1cdb31d5-16f1-4676-92b0-766394aa4aa6", "CandidateNo": 6, "FirstName": "วันชัย", "LastName": "เจริญนนทสิทธิ์", "PartyName": "เพื่อไทย", "PartyNumber": 34, "Title": "นาย", "Votable": true, "province_id": 12, "province_name": "นนทบุรี", "zone_number": 5, "PartyTerminated": false, "Age": 58, "Occupation": "อดีตสมาชิกสภาผู้แทนราษฎร", "HighestEducation": "ปริญญาโท", "ImageFileId": "5c57f389fbcb5f1eec0ec394", "SelfIntroduceFileId": "5c57f43dfbcb5f1eec0ecb9d", "PartyLogo": "https://storage.googleapis.com/candidate-thumbs/party/34.png", "CandididatePhoto": "https://storage.googleapis.com/candidate-thumbs/images/12-5-6.jpg"}, {"Unnamed: 0": 5484, "CandidateId": "aee30955-0b3b-4f9e-adb9-144f8bcf3d4f", "CandidateNo": 7, "FirstName": "ปิยภูมิ", "LastName": "ศักดาพงศ์", "PartyName": "เพื่อชาติ", "PartyNumber": 149, "Title": "นาย", "Votable": true, "province_id": 12, "province_name": "นนทบุรี", "zone_number": 5, "PartyTerminated": false, "Age": 60, "Occupation": "สื่อมวลชน (นักจัดรายการวิทยุ)", "HighestEducation": "ปริญญาตรี", "ImageFileId": "5c57fc43fbcb5f1eec0f298e", "SelfIntroduceFileId": "5c57fd89fbcb5f1eec0f3c2d", "PartyLogo": "https://storage.googleapis.com/candidate-thumbs/party/149.png", "CandididatePhoto": "https://storage.googleapis.com/candidate-thumbs/images/12-5-7.jpg"}, {"Unnamed: 0": 5485, "CandidateId": "da5d559d-b054-4b40-820f-102216e526df", "CandidateNo": 8, "FirstName": "ทศพล", "LastName": "เพ็งส้ม", "PartyName": "พลังประชารัฐ", "PartyNumber": 192, "Title": "นาย", "Votable": true, "province_id": 12, "province_name": "นนทบุรี", "zone_number": 5, "PartyTerminated": false, "Age": 56, "Occupation": "ทนายความ", "HighestEducation": "ปริญญาโท", "ImageFileId": "5c580552fbcb5f1eec0fab8d", "SelfIntroduceFileId": "5c5805dafbcb5f1eec0fb15d", "PartyLogo": "https://storage.googleapis.com/candidate-thumbs/party/192.png", "CandididatePhoto": "https://storage.googleapis.com/candidate-thumbs/images/12-5-8.jpg"}, {"Unnamed: 0": 5486, "CandidateId": "bd7d6867-d980-45d5-b781-46691d041795", "CandidateNo": 9, "FirstName": "ทชากร", "LastName": "ศักดาบูรณโภคิน", "PartyName": "รวมพลังประชาชาติไทย", "PartyNumber": 181, "Title": "นาย", "Votable": true, "province_id": 12, "province_name": "นนทบุรี", "zone_number": 5, "PartyTerminated": false, "Age": 34, "Occupation": "พนักงานบริษัทเอกชน", "HighestEducation": "ต่ำกว่าปริญญาตรี", "ImageFileId": "5c58e239fbcb5f1d8812db1e", "SelfIntroduceFileId": "5c58e3f5fbcb5f1d8812e071", "PartyLogo": "https://storage.googleapis.com/candidate-thumbs/party/181.png", "CandididatePhoto": "https://storage.googleapis.com/candidate-thumbs/images/12-5-9.jpg"}, {"Unnamed: 0": 5487, "CandidateId": "3d665c1b-d58e-43ba-816f-a35d600779b3", "CandidateNo": 10, "FirstName": "ปราโมทย์", "LastName": "พันธุเกตุ", "PartyName": "อนาคตใหม่", "PartyNumber": 177, "Title": "นาย", "Votable": true, "province_id": 12, "province_name": "นนทบุรี", "zone_number": 5, "PartyTerminated": false, "Age": 57, "Occupation": "ธุรกิจส่วนตัว", "HighestEducation": "ปริญญาตรี", "ImageFileId": "5c593d7cfbcb5f1d8816b751", "SelfIntroduceFileId": "5c58e882fbcb5f1d8812f15f", "PartyLogo": "https://storage.googleapis.com/candidate-thumbs/party/177.png", "CandididatePhoto": "https://storage.googleapis.com/candidate-thumbs/images/12-5-10.jpg"}, {"Unnamed: 0": 5488, "CandidateId": "9ecef965-e8d2-4b03-b68c-755716ad67b7", "CandidateNo": 11, "FirstName": "กัญญนันทน์", "LastName": "ยศวัตชยานันท์", "PartyName": "ประชาชนปฏิรูป", "PartyNumber": 176, "Title": "นางสาว", "Votable": true, "province_id": 12, "province_name": "นนทบุรี", "zone_number": 5, "PartyTerminated": false, "Age": 40, "Occupation": "ที่ปรึกษาด้านความงาม", "HighestEducation": "ปริญญาตรี", "ImageFileId": "5c58ee26fbcb5f1d88130f61", "SelfIntroduceFileId": "5c58edf7fbcb5f1d88130d99", "PartyLogo": "https://storage.googleapis.com/candidate-thumbs/party/176.png", "CandididatePhoto": "https://storage.googleapis.com/candidate-thumbs/images/12-5-11.jpg"}, {"Unnamed: 0": 5489, "CandidateId": "3a3236f1-351f-4b84-84fd-85630072bcb5", "CandidateNo": 12, "FirstName": "โกมล", "LastName": "ปานนาค", "PartyName": "ชาติพัฒนา", "PartyNumber": 45, "Title": "พันโท", "Votable": true, "province_id": 12, "province_name": "นนทบุรี", "zone_number": 5, "PartyTerminated": false, "Age": 72, "Occupation": "ข้าราชการบำนาญ", "HighestEducation": "ปริญญาตรี", "ImageFileId": "5c58fbf2fbcb5f1d8813979e", "SelfIntroduceFileId": "5c593750fbcb5f1d88166308", "PartyLogo": "https://storage.googleapis.com/candidate-thumbs/party/45.png", "CandididatePhoto": "https://storage.googleapis.com/candidate-thumbs/images/12-5-12.jpg"}, {"Unnamed: 0": 5490, "CandidateId": "b0630270-13d9-4cbe-8d38-8c7238a574fb", "CandidateNo": 13, "FirstName": "เสนอ", "LastName": "ทรัพย์เย็น", "PartyName": "เสรีรวมไทย", "PartyNumber": 145, "Title": "นาย", "Votable": true, "province_id": 12, "province_name": "นนทบุรี", "zone_number": 5, "PartyTerminated": false, "Age": 53, "Occupation": "รับปรึกษาข้อกฏหมายทั่วไป", "HighestEducation": "ปริญญาตรี", "ImageFileId": "5c590700fbcb5f1d88141a8f", "SelfIntroduceFileId": "5c590917fbcb5f1d881434dc", "PartyLogo": "https://storage.googleapis.com/candidate-thumbs/party/145.png", "CandididatePhoto": "https://storage.googleapis.com/candidate-thumbs/images/12-5-13.jpg"}, {"Unnamed: 0": 5491, "CandidateId": "4e43e378-a499-44cc-9e77-0d9f9c284444", "CandidateNo": 14, "FirstName": "เพ็ชรรัตน์", "LastName": "บุญประเสริฐ", "PartyName": "รักษ์ผืนป่าประเทศไทย", "PartyNumber": 133, "Title": "นาง", "Votable": true, "province_id": 12, "province_name": "นนทบุรี", "zone_number": 5, "PartyTerminated": false, "Age": 66, "Occupation": "ธุรกิจส่วนตัว", "HighestEducation": "ต่ำกว่าปริญญาตรี", "ImageFileId": "5c590db1fbcb5f1d8814785d", "SelfIntroduceFileId": "5c590fdbfbcb5f1d88149732", "PartyLogo": "https://storage.googleapis.com/candidate-thumbs/party/133.png", "CandididatePhoto": "https://storage.googleapis.com/candidate-thumbs/images/12-5-14.jpg"}, {"Unnamed: 0": 5492, "CandidateId": "0b6a67d5-879c-4750-90dd-2c9425adb96a", "CandidateNo": 15, "FirstName": "วัชรินทร์", "LastName": "ป้อมหิน", "PartyName": "ประชานิยม", "PartyNumber": 191, "Title": "นาย", "Votable": true, "province_id": 12, "province_name": "นนทบุรี", "zone_number": 5, "PartyTerminated": false, "Age": 45, "Occupation": "วิศวกร", "HighestEducation": "ปริญญาตรี", "ImageFileId": "5c5918e3fbcb5f1d88150038", "SelfIntroduceFileId": "5c591addfbcb5f1d88150f6f", "PartyLogo": "https://storage.googleapis.com/candidate-thumbs/party/191.png", "CandididatePhoto": "https://storage.googleapis.com/candidate-thumbs/images/12-5-15.jpg"}, {"Unnamed: 0": 5493, "CandidateId": "84f12b2f-8667-4e55-a1f2-af585b37a10b", "CandidateNo": 16, "FirstName": "อัศนินท์", "LastName": "พิศาลอัครภัทร์", "PartyName": "ทางเลือกใหม่", "PartyNumber": 170, "Title": "นาย", "Votable": true, "province_id": 12, "province_name": "นนทบุรี", "zone_number": 5, "PartyTerminated": false, "Age": 41, "Occupation": "พนักงานบริษัท", "HighestEducation": "ต่ำกว่าปริญญาตรี", "ImageFileId": "5c59355ffbcb5f1d88164740", "SelfIntroduceFileId": "5c5935f0fbcb5f1d88164e02", "PartyLogo": "https://storage.googleapis.com/candidate-thumbs/party/170.png", "CandididatePhoto": "https://storage.googleapis.com/candidate-thumbs/images/12-5-16.jpg"}, {"Unnamed: 0": 5494, "CandidateId": "a3435e39-bf06-4938-9550-b3a914a7e862", "CandidateNo": 17, "FirstName": "อาณัตชัย", "LastName": "ทรงสอาด", "PartyName": "เพื่อแผ่นดิน", "PartyNumber": 41, "Title": "พ.ต.อ. ", "Votable": true, "province_id": 12, "province_name": "นนทบุรี", "zone_number": 5, "PartyTerminated": false, "Age": 67, "Occupation": "รับราชการตำรวจ", "HighestEducation": "ปริญญาตรี", "ImageFileId": "5c592a17fbcb5f1d8815a032", "SelfIntroduceFileId": "5c592af0fbcb5f1d8815b0ec", "PartyLogo": "https://storage.googleapis.com/candidate-thumbs/party/41.png", "CandididatePhoto": "https://storage.googleapis.com/candidate-thumbs/images/12-5-17.jpg"}, {"Unnamed: 0": 5495, "CandidateId": "e2032ee8-9079-41d5-b727-11be06c3039d", "CandidateNo": 18, "FirstName": "วีรพล", "LastName": "วาณิชย์ธนเศรษฐ", "PartyName": "พลังปวงชนไทย", "PartyNumber": 184, "Title": "นาย", "Votable": true, "province_id": 12, "province_name": "นนทบุรี", "zone_number": 5, "PartyTerminated": false, "Age": 57, "Occupation": "ธุรกิจส่วนตัว", "HighestEducation": "ต่ำกว่าปริญญาตรี", "ImageFileId": "5c592dbefbcb5f1d8815df33", "SelfIntroduceFileId": "5c592e83fbcb5f1d8815eb63", "PartyLogo": "https://storage.googleapis.com/candidate-thumbs/party/184.png", "CandididatePhoto": "https://storage.googleapis.com/candidate-thumbs/images/12-5-18.jpg"}, {"Unnamed: 0": 5496, "CandidateId": "e48e393a-8cc6-40ee-8489-ee1593d8ef62", "CandidateNo": 19, "FirstName": "อนัญญา", "LastName": "เผือกพิพัฒน์", "PartyName": "พลังประชาธิปไตย", "PartyNumber": 153, "Title": "นาง", "Votable": true, "province_id": 12, "province_name": "นนทบุรี", "zone_number": 5, "PartyTerminated": false, "Age": 56, "Occupation": "ธุรกิจส่วนตัว", "HighestEducation": "ต่ำกว่าปริญญาตรี", "ImageFileId": "5c5948f8fbcb5f1d881758a4", "SelfIntroduceFileId": "5c5949b5fbcb5f1d88176349", "PartyLogo": "https://storage.googleapis.com/candidate-thumbs/party/153.png", "CandididatePhoto": "https://storage.googleapis.com/candidate-thumbs/images/12-5-19.jpg"}, {"Unnamed: 0": 5497, "CandidateId": "605d7ece-8f59-4322-a6b7-63b7df4c8107", "CandidateNo": 20, "FirstName": "บุณณดา", "LastName": "ภูมิศรี", "PartyName": "พลังชาติไทย", "PartyNumber": 186, "Title": "นางสาว", "Votable": true, "province_id": 12, "province_name": "นนทบุรี", "zone_number": 5, "PartyTerminated": false, "Age": 49, "Occupation": "เกษตรกร", "HighestEducation": "ปริญญาโท", "ImageFileId": "5c5a36acfbcb5f19bca87e3d", "SelfIntroduceFileId": "5c5a3b49fbcb5f19bca88f8f", "PartyLogo": "https://storage.googleapis.com/candidate-thumbs/party/186.png", "CandididatePhoto": "https://storage.googleapis.com/candidate-thumbs/images/12-5-20.jpg"}, {"Unnamed: 0": 5498, "CandidateId": "82c137ba-4123-4d43-a78d-375323309d29", "CandidateNo": 21, "FirstName": "จันทร์หอม", "LastName": "วณานิชย์", "PartyName": "ไทยศรีวิไลย์", "PartyNumber": 180, "Title": "นาย", "Votable": true, "province_id": 12, "province_name": "นนทบุรี", "zone_number": 5, "PartyTerminated": false, "Age": 52, "Occupation": "รับจ้าง", "HighestEducation": "ต่ำกว่าปริญญาตรี", "ImageFileId": "5c5bb194fbcb5f16fc66083a", "SelfIntroduceFileId": "5c5bb2fafbcb5f16fc6615a5", "PartyLogo": "https://storage.googleapis.com/candidate-thumbs/party/180.png", "CandididatePhoto": "https://storage.googleapis.com/candidate-thumbs/images/12-5-21.jpg"}, {"Unnamed: 0": 5499, "CandidateId": "586128c4-bb30-4601-bbc4-a207ce3c1f89", "CandidateNo": 22, "FirstName": "ศรีลภัส", "LastName": "ศรีทอง", "PartyName": "พลังไทยรักไทย", "PartyNumber": 185, "Title": "นางสาว", "Votable": true, "province_id": 12, "province_name": "นนทบุรี", "zone_number": 5, "PartyTerminated": false, "Age": 56, "Occupation": "รับจ้าง", "HighestEducation": "ต่ำกว่าปริญญาตรี", "ImageFileId": "5c5ce9fdfbcb5f16fc68c8b1", "SelfIntroduceFileId": "5c5ceaa3fbcb5f16fc68cdbc", "PartyLogo": "https://storage.googleapis.com/candidate-thumbs/party/185.png", "CandididatePhoto": "https://storage.googleapis.com/candidate-thumbs/images/12-5-22.jpg"}, {"Unnamed: 0": 5500, "CandidateId": "a5fa33c8-0069-4006-8001-12b2c8a29ba8", "CandidateNo": 23, "FirstName": "ศยามล", "LastName": "ประทุมแก้ว", "PartyName": "มหาชน", "PartyNumber": 4, "Title": "นางสาว", "Votable": true, "province_id": 12, "province_name": "นนทบุรี", "zone_number": 5, "PartyTerminated": false, "Age": 31, "Occupation": "พนักงานบริษัทเอกชน", "HighestEducation": "ปริญญาโท", "ImageFileId": "5c5cfc3dfbcb5f0fd8846260", "SelfIntroduceFileId": "5c5cfd03fbcb5f0fd88467d2", "PartyLogo": "https://storage.googleapis.com/candidate-thumbs/party/4.png", "CandididatePhoto": "https://storage.googleapis.com/candidate-thumbs/images/12-5-23.jpg"}, {"Unnamed: 0": 5501, "CandidateId": "671b20bf-82ec-4045-bfc0-2635b207a3c2", "CandidateNo": 24, "FirstName": "ไพจิตร", "LastName": "จันทรโชติ", "PartyName": "พลเมืองไทย", "PartyNumber": 173, "Title": "นาย", "Votable": true, "province_id": 12, "province_name": "นนทบุรี", "zone_number": 5, "PartyTerminated": false, "Age": 62, "Occupation": "ทนายความ", "HighestEducation": "ปริญญาตรี", "ImageFileId": "5c5d0898fbcb5f0fd884c76f", "SelfIntroduceFileId": "5c5d0961fbcb5f0fd884cb6a", "PartyLogo": "https://storage.googleapis.com/candidate-thumbs/party/173.png", "CandididatePhoto": "https://storage.googleapis.com/candidate-thumbs/images/12-5-24.jpg"}, {"Unnamed: 0": 5502, "CandidateId": "2e21ef28-7a5f-4c8d-9dc9-f0c7332eb437", "CandidateNo": 25, "FirstName": "ธัมมะภูมิ", "LastName": "ธีรปภพภูมิ", "PartyName": "ภราดรภาพ", "PartyNumber": 154, "Title": "นาย", "Votable": true, "province_id": 12, "province_name": "นนทบุรี", "zone_number": 5, "PartyTerminated": false, "Age": 26, "Occupation": "พนักงานขาย", "HighestEducation": "ปริญญาตรี", "ImageFileId": "5c5d5568fbcb5f0fd8873e10", "SelfIntroduceFileId": "5c5d5607fbcb5f0fd88748ee", "PartyLogo": "https://storage.googleapis.com/candidate-thumbs/party/154.png", "CandididatePhoto": "https://storage.googleapis.com/candidate-thumbs/images/12-5-25.jpg"}]