[{"Unnamed: 0": 9925, "CandidateId": "7f34fc16-4283-4acc-bd23-79566cb9264d", "CandidateNo": 1, "FirstName": "จอมศิริ", "LastName": "แปกลาง", "PartyName": "ประชาภิวัฒน์", "PartyNumber": 172, "Title": "นาย", "Votable": true, "province_id": 30, "province_name": "นครราชสีมา", "zone_number": 6, "PartyTerminated": false, "Age": 45, "Occupation": "ธุรกิจส่วนตัว", "HighestEducation": "ปริญญาตรี", "ImageFileId": "5c57d25afbcb5f1eec0dd597", "SelfIntroduceFileId": "5c57e189fbcb5f1eec0e269a", "PartyLogo": "https://storage.googleapis.com/candidate-thumbs/party/172.png", "CandididatePhoto": "https://storage.googleapis.com/candidate-thumbs/images/30-6-1.jpg"}, {"Unnamed: 0": 9926, "CandidateId": "d17ccf87-0f1a-4866-b004-e09d4bd99664", "CandidateNo": 2, "FirstName": "ประสิทธิ์", "LastName": "ทองนาเมือง", "PartyName": "ชาติพัฒนา", "PartyNumber": 45, "Title": "นาย", "Votable": true, "province_id": 30, "province_name": "นครราชสีมา", "zone_number": 6, "PartyTerminated": false, "Age": 59, "Occupation": "ทนายความ", "HighestEducation": "ปริญญาตรี", "ImageFileId": "5c57e216fbcb5f1eec0e2ab6", "SelfIntroduceFileId": "5c57e895fbcb5f1eec0e62f4", "PartyLogo": "https://storage.googleapis.com/candidate-thumbs/party/45.png", "CandididatePhoto": "https://storage.googleapis.com/candidate-thumbs/images/30-6-2.jpg"}, {"Unnamed: 0": 9927, "CandidateId": "6175542a-1999-47f3-9caa-6fed25a47fec", "CandidateNo": 3, "FirstName": "เสริมศักดิ์", "LastName": "ถวัลยรัตน์", "PartyName": "รวมพลังประชาชาติไทย", "PartyNumber": 181, "Title": "นาย", "Votable": true, "province_id": 30, "province_name": "นครราชสีมา", "zone_number": 6, "PartyTerminated": false, "Age": 67, "Occupation": "รับราชการ", "HighestEducation": "ปริญญาตรี", "ImageFileId": "5c57ed4ffbcb5f1eec0e8908", "SelfIntroduceFileId": "5c57f2b7fbcb5f1eec0ebbb9", "PartyLogo": "https://storage.googleapis.com/candidate-thumbs/party/181.png", "CandididatePhoto": "https://storage.googleapis.com/candidate-thumbs/images/30-6-3.jpg"}, {"Unnamed: 0": 9928, "CandidateId": "b8b3da7c-81ae-466d-ba06-8e76fc0b1b31", "CandidateNo": 4, "FirstName": "ประยูร", "LastName": "ลันไธสง", "PartyName": "รักษ์ผืนป่าประเทศไทย", "PartyNumber": 133, "Title": "นาย", "Votable": true, "province_id": 30, "province_name": "นครราชสีมา", "zone_number": 6, "PartyTerminated": false, "Age": 66, "Occupation": "อิสระ", "HighestEducation": "ต่ำกว่าปริญญาตรี", "ImageFileId": "5c57fa5afbcb5f1eec0f0df4", "SelfIntroduceFileId": "5c57fd8dfbcb5f1eec0f3c5e", "PartyLogo": "https://storage.googleapis.com/candidate-thumbs/party/133.png", "CandididatePhoto": "https://storage.googleapis.com/candidate-thumbs/images/30-6-4.jpg"}, {"Unnamed: 0": 9929, "CandidateId": "7008b927-16ff-4ed1-b175-ac9d5b1a3f85", "CandidateNo": 5, "FirstName": "วิโรจน์", "LastName": "วัฒนากลาง", "PartyName": "ประชาชาติ", "PartyNumber": 187, "Title": "นาย", "Votable": true, "province_id": 30, "province_name": "นครราชสีมา", "zone_number": 6, "PartyTerminated": false, "Age": 43, "Occupation": "เกษตรกร ", "HighestEducation": "ปริญญาโท", "ImageFileId": "5c58f525fbcb5f1d88134ec5", "SelfIntroduceFileId": "5c580946fbcb5f1eec0fddfa", "PartyLogo": "https://storage.googleapis.com/candidate-thumbs/party/187.png", "CandididatePhoto": "https://storage.googleapis.com/candidate-thumbs/images/30-6-5.jpg"}, {"Unnamed: 0": 9930, "CandidateId": "f2f6cc43-abd0-455b-8f81-25e6354b3799", "CandidateNo": 6, "FirstName": "เอนก", "LastName": "ปักนอก", "PartyName": "ไทยธรรม", "PartyNumber": 178, "Title": "นาย", "Votable": true, "province_id": 30, "province_name": "นครราชสีมา", "zone_number": 6, "PartyTerminated": false, "Age": 64, "Occupation": "เกษตรกร", "HighestEducation": "ต่ำกว่าปริญญาตรี", "ImageFileId": "5c595678fbcb5f1d8817f4ba", "SelfIntroduceFileId": "5c59590afbcb5f1d88180623", "PartyLogo": "https://storage.googleapis.com/candidate-thumbs/party/178.png", "CandididatePhoto": "https://storage.googleapis.com/candidate-thumbs/images/30-6-6.jpg"}, {"Unnamed: 0": 9931, "CandidateId": "384fc2cd-f740-4884-80f0-5adb38914d2c", "CandidateNo": 7, "FirstName": "สมศรี", "LastName": "คำคูณ", "PartyName": "เศรษฐกิจใหม่", "PartyNumber": 193, "Title": "นาย", "Votable": true, "province_id": 30, "province_name": "นครราชสีมา", "zone_number": 6, "PartyTerminated": false, "Age": 63, "Occupation": "ธุรกิจส่วนตัว", "HighestEducation": "ปริญญาตรี", "ImageFileId": "5c5a3a8afbcb5f19bca88c55", "SelfIntroduceFileId": "5c5a3d33fbcb5f19bca89815", "PartyLogo": "https://storage.googleapis.com/candidate-thumbs/party/193.png", "CandididatePhoto": "https://storage.googleapis.com/candidate-thumbs/images/30-6-7.jpg"}, {"Unnamed: 0": 9932, "CandidateId": "61f6c8f5-b3ab-4b9d-9556-994416aeaf0c", "CandidateNo": 8, "FirstName": "ประธาน", "LastName": "คงเรืองราช", "PartyName": "อนาคตใหม่", "PartyNumber": 177, "Title": "นาย", "Votable": true, "province_id": 30, "province_name": "นครราชสีมา", "zone_number": 6, "PartyTerminated": false, "Age": 47, "Occupation": "เกษตรกร", "HighestEducation": "ปริญญาโท", "ImageFileId": "5c5a3f40fbcb5f19bca8a312", "SelfIntroduceFileId": "5c5a41fcfbcb5f19bca8b570", "PartyLogo": "https://storage.googleapis.com/candidate-thumbs/party/177.png", "CandididatePhoto": "https://storage.googleapis.com/candidate-thumbs/images/30-6-8.jpg"}, {"Unnamed: 0": 9933, "CandidateId": "bb3f964e-5ca9-4bcf-bae5-d1826e01690d", "CandidateNo": 9, "FirstName": "สมชาย", "LastName": "ภิญโญ", "PartyName": "เพื่อไทย", "PartyNumber": 34, "Title": "นาย", "Votable": true, "province_id": 30, "province_name": "นครราชสีมา", "zone_number": 6, "PartyTerminated": false, "Age": 46, "Occupation": "นักการเมืองท้องถิ่น", "HighestEducation": "ปริญญาโท", "ImageFileId": "5c5a42bbfbcb5f19bca8b949", "SelfIntroduceFileId": "5c5a457afbcb5f19bca8ca35", "PartyLogo": "https://storage.googleapis.com/candidate-thumbs/party/34.png", "CandididatePhoto": "https://storage.googleapis.com/candidate-thumbs/images/30-6-9.jpg"}, {"Unnamed: 0": 9934, "CandidateId": "2b1f4169-13fc-4065-bda5-6fcbda90cd7f", "CandidateNo": 10, "FirstName": "ราเมศ", "LastName": "เรืองธนานุรักษ์", "PartyName": "ภูมิใจไทย", "PartyNumber": 63, "Title": "นาย", "Votable": true, "province_id": 30, "province_name": "นครราชสีมา", "zone_number": 6, "PartyTerminated": false, "Age": 66, "Occupation": "ค้าขาย", "HighestEducation": "ปริญญาโท", "ImageFileId": "5c5a465afbcb5f19bca8d199", "SelfIntroduceFileId": "5c5a48e4fbcb5f19bca8e55d", "PartyLogo": "https://storage.googleapis.com/candidate-thumbs/party/63.png", "CandididatePhoto": "https://storage.googleapis.com/candidate-thumbs/images/30-6-10.jpg"}, {"Unnamed: 0": 9935, "CandidateId": "c125a64a-e3c8-4429-ae25-f3f7b47da7c1", "CandidateNo": 11, "FirstName": "อธิรัฐ", "LastName": "รัตนเศรษฐ", "PartyName": "พลังประชารัฐ", "PartyNumber": 192, "Title": "นาย", "Votable": true, "province_id": 30, "province_name": "นครราชสีมา", "zone_number": 6, "PartyTerminated": false, "Age": 34, "Occupation": "รับราชการ", "HighestEducation": "ปริญญาเอก", "ImageFileId": "5c5a4a51fbcb5f19bca8f027", "SelfIntroduceFileId": "5c5a4d0dfbcb5f19bca909c1", "PartyLogo": "https://storage.googleapis.com/candidate-thumbs/party/192.png", "CandididatePhoto": "https://storage.googleapis.com/candidate-thumbs/images/30-6-11.jpg"}, {"Unnamed: 0": 9936, "CandidateId": "7f452f8b-9455-4d74-ac70-47e2e5ad0107", "CandidateNo": 12, "FirstName": "บุญเหนือ", "LastName": "พุทธบุรี", "PartyName": "ประชานิยม", "PartyNumber": 191, "Title": "นาย", "Votable": true, "province_id": 30, "province_name": "นครราชสีมา", "zone_number": 6, "PartyTerminated": false, "Age": 53, "Occupation": "ผู้บริหารบริษัท", "HighestEducation": "ปริญญาเอก", "ImageFileId": "5c5a4de2fbcb5f19bca911d5", "SelfIntroduceFileId": "5c5a5087fbcb5f19bca92c3a", "PartyLogo": "https://storage.googleapis.com/candidate-thumbs/party/191.png", "CandididatePhoto": "https://storage.googleapis.com/candidate-thumbs/images/30-6-12.jpg"}, {"Unnamed: 0": 9937, "CandidateId": "0fc88847-c554-49f6-a78f-3b5e113040ad", "CandidateNo": 13, "FirstName": "ล่ำซำ", "LastName": "ขวาเมือง", "PartyName": "เพื่อนไทย", "PartyNumber": 179, "Title": "นาย", "Votable": false, "province_id": 30, "province_name": "นครราชสีมา", "zone_number": 6, "PartyTerminated": false, "Age": 48, "Occupation": "เกษตรกร", "HighestEducation": "ต่ำกว่าปริญญาตรี", "ImageFileId": "5c5a519afbcb5f19bca93515", "SelfIntroduceFileId": "5c5a531efbcb5f19bca94475", "PartyLogo": "https://storage.googleapis.com/candidate-thumbs/party/179.png", "CandididatePhoto": "https://storage.googleapis.com/candidate-thumbs/images/30-6-13.jpg"}, {"Unnamed: 0": 9938, "CandidateId": "fb4668a3-c33a-4267-854f-2471ec004313", "CandidateNo": 14, "FirstName": "ทักษิณ", "LastName": "จันทรวิจิตร", "PartyName": "เพื่อชาติ", "PartyNumber": 149, "Title": "นาย", "Votable": true, "province_id": 30, "province_name": "นครราชสีมา", "zone_number": 6, "PartyTerminated": false, "Age": 56, "Occupation": "ค้าขาย", "HighestEducation": "ปริญญาโท", "ImageFileId": "5c5a5531fbcb5f19bca9554e", "SelfIntroduceFileId": "5c5cef0ffbcb5f16fc68e6a3", "PartyLogo": "https://storage.googleapis.com/candidate-thumbs/party/149.png", "CandididatePhoto": "https://storage.googleapis.com/candidate-thumbs/images/30-6-14.jpg"}, {"Unnamed: 0": 9939, "CandidateId": "abac14ba-dbec-4eb7-9eb5-d14f96a409cf", "CandidateNo": 15, "FirstName": "สุนทร", "LastName": "สียางนอก", "PartyName": "เสรีรวมไทย", "PartyNumber": 145, "Title": "พันตำรวจโท", "Votable": true, "province_id": 30, "province_name": "นครราชสีมา", "zone_number": 6, "PartyTerminated": false, "Age": 49, "Occupation": "รับราชการตำรวจ", "HighestEducation": "ปริญญาโท", "ImageFileId": "5c5a581dfbcb5f19bca96a5b", "SelfIntroduceFileId": "5c5a59aefbcb5f19bca976f0", "PartyLogo": "https://storage.googleapis.com/candidate-thumbs/party/145.png", "CandididatePhoto": "https://storage.googleapis.com/candidate-thumbs/images/30-6-15.jpg"}, {"Unnamed: 0": 9940, "CandidateId": "1c914a5e-e496-4c06-b387-d892924e887a", "CandidateNo": 16, "FirstName": "ประสพ", "LastName": "หวังล้อมกลาง", "PartyName": "ประชาธิปัตย์", "PartyNumber": 1, "Title": "นาย", "Votable": true, "province_id": 30, "province_name": "นครราชสีมา", "zone_number": 6, "PartyTerminated": false, "Age": 55, "Occupation": "รับจ้าง", "HighestEducation": "ต่ำกว่าปริญญาตรี", "ImageFileId": "5c5a5a04fbcb5f19bca97934", "SelfIntroduceFileId": "5c5a5c67fbcb5f19bca98ceb", "PartyLogo": "https://storage.googleapis.com/candidate-thumbs/party/1.png", "CandididatePhoto": "https://storage.googleapis.com/candidate-thumbs/images/30-6-16.jpg"}, {"Unnamed: 0": 9941, "CandidateId": "f72dc006-2409-48b5-b45d-84bb43fc9252", "CandidateNo": 17, "FirstName": "ดำรง", "LastName": "เล้าสกุล", "PartyName": "พลังท้องถิ่นไท", "PartyNumber": 124, "Title": "นาย", "Votable": true, "province_id": 30, "province_name": "นครราชสีมา", "zone_number": 6, "PartyTerminated": false, "Age": 55, "Occupation": "ธุรกิจส่วนตัว", "HighestEducation": "ปริญญาตรี", "ImageFileId": "5c5a5d68fbcb5f19bca997ef", "SelfIntroduceFileId": "5c5a5efafbcb5f19bca9a837", "PartyLogo": "https://storage.googleapis.com/candidate-thumbs/party/124.png", "CandididatePhoto": "https://storage.googleapis.com/candidate-thumbs/images/30-6-17.jpg"}, {"Unnamed: 0": 9942, "CandidateId": "1e963947-c745-44fa-938a-05872aeb7030", "CandidateNo": 18, "FirstName": "ใจกลาง", "LastName": "แก้วเกิด", "PartyName": "ประชาชนปฏิรูป", "PartyNumber": 176, "Title": "นาย", "Votable": true, "province_id": 30, "province_name": "นครราชสีมา", "zone_number": 6, "PartyTerminated": false, "Age": 42, "Occupation": "อิสระ", "HighestEducation": "ปริญญาโท", "ImageFileId": "5c5a5f9afbcb5f19bca9ad78", "SelfIntroduceFileId": "5c5a6104fbcb5f19bca9b87a", "PartyLogo": "https://storage.googleapis.com/candidate-thumbs/party/176.png", "CandididatePhoto": "https://storage.googleapis.com/candidate-thumbs/images/30-6-18.jpg"}, {"Unnamed: 0": 9943, "CandidateId": "04ed1a91-e81d-40ea-9d4c-4d0e504489cf", "CandidateNo": 19, "FirstName": "คมกฤษณ์", "LastName": "กฤษณ์ตระกูล", "PartyName": "ชาติไทยพัฒนา", "PartyNumber": 55, "Title": "นาย", "Votable": true, "province_id": 30, "province_name": "นครราชสีมา", "zone_number": 6, "PartyTerminated": false, "Age": 48, "Occupation": "ค้าขาย", "HighestEducation": "ต่ำกว่าปริญญาตรี", "ImageFileId": "5c5a614dfbcb5f19bca9ba31", "SelfIntroduceFileId": "5c5a62f0fbcb5f19bca9c587", "PartyLogo": "https://storage.googleapis.com/candidate-thumbs/party/55.png", "CandididatePhoto": "https://storage.googleapis.com/candidate-thumbs/images/30-6-19.jpg"}, {"Unnamed: 0": 9944, "CandidateId": "8ca60a24-30d7-4e4a-84f9-cfda586f1b6a", "CandidateNo": 20, "FirstName": "นัฐพันษ์", "LastName": "ข่าขันมะลี", "PartyName": "พลังธรรมใหม่", "PartyNumber": 175, "Title": "นาย", "Votable": true, "province_id": 30, "province_name": "นครราชสีมา", "zone_number": 6, "PartyTerminated": false, "Age": 55, "Occupation": "เกษรตกร", "HighestEducation": "ปริญญาตรี", "ImageFileId": "5c5a6385fbcb5f19bca9c961", "SelfIntroduceFileId": "5c5a65e6fbcb5f19bca9dcfd", "PartyLogo": "https://storage.googleapis.com/candidate-thumbs/party/175.png", "CandididatePhoto": "https://storage.googleapis.com/candidate-thumbs/images/30-6-20.jpg"}, {"Unnamed: 0": 9945, "CandidateId": "c1791926-66f6-410e-b9b2-2195af876fdc", "CandidateNo": 21, "FirstName": "ทองใบ", "LastName": "พันโนราช", "PartyName": "ทางเลือกใหม่", "PartyNumber": 170, "Title": "ร้อยตรี", "Votable": true, "province_id": 30, "province_name": "นครราชสีมา", "zone_number": 6, "PartyTerminated": false, "Age": 59, "Occupation": "รับราชการทหาร", "HighestEducation": "ต่ำกว่าปริญญาตรี", "ImageFileId": "5c5a66cafbcb5f19bca9e41f", "SelfIntroduceFileId": "5c5a6888fbcb5f19bca9ecae", "PartyLogo": "https://storage.googleapis.com/candidate-thumbs/party/170.png", "CandididatePhoto": "https://storage.googleapis.com/candidate-thumbs/images/30-6-21.jpg"}, {"Unnamed: 0": 9946, "CandidateId": "c98218ef-ce05-42f4-9bc1-bc9fd60f0c98", "CandidateNo": 22, "FirstName": "ชนิดา", "LastName": "พันธุ์ดี", "PartyName": "พลังปวงชนไทย", "PartyNumber": 184, "Title": "นาง", "Votable": true, "province_id": 30, "province_name": "นครราชสีมา", "zone_number": 6, "PartyTerminated": false, "Age": 60, "Occupation": "รับราชการครู", "HighestEducation": "ปริญญาตรี", "ImageFileId": "5c594b50fbcb5f1d8817777a", "SelfIntroduceFileId": "5c594cf8fbcb5f1d88178c2d", "PartyLogo": "https://storage.googleapis.com/candidate-thumbs/party/184.png", "CandididatePhoto": "https://storage.googleapis.com/candidate-thumbs/images/30-6-22.jpg"}, {"Unnamed: 0": 9947, "CandidateId": "e7be4fab-a2cf-45ac-9b54-a5ca61c58482", "CandidateNo": 23, "FirstName": "ชานนท", "LastName": "พรพันธุ์กุล", "PartyName": "ประชาธิปไตยใหม่", "PartyNumber": 109, "Title": "นาย", "Votable": true, "province_id": 30, "province_name": "นครราชสีมา", "zone_number": 6, "PartyTerminated": false, "Age": 63, "Occupation": "รับราชการครู", "HighestEducation": "ปริญญาโท", "ImageFileId": "5c5948c7fbcb5f1d88175633", "SelfIntroduceFileId": "5c594aa7fbcb5f1d88176f36", "PartyLogo": "https://storage.googleapis.com/candidate-thumbs/party/109.png", "CandididatePhoto": "https://storage.googleapis.com/candidate-thumbs/images/30-6-23.jpg"}, {"Unnamed: 0": 9948, "CandidateId": "8b002cca-d63d-4024-85cf-c0610ce99cdb", "CandidateNo": 24, "FirstName": "ธนพัฒน์", "LastName": "ปัจจัยโย", "PartyName": "ประชาธรรมไทย", "PartyNumber": 190, "Title": "นาย", "Votable": true, "province_id": 30, "province_name": "นครราชสีมา", "zone_number": 6, "PartyTerminated": false, "Age": 52, "Occupation": "ทำนา - รับจ้างทั่วไป", "HighestEducation": "ปริญญาตรี", "ImageFileId": "5c595268fbcb5f1d8817cf1e", "SelfIntroduceFileId": "5c595411fbcb5f1d8817dd4c", "PartyLogo": "https://storage.googleapis.com/candidate-thumbs/party/190.png", "CandididatePhoto": "https://storage.googleapis.com/candidate-thumbs/images/30-6-24.jpg"}, {"Unnamed: 0": 9949, "CandidateId": "470af43c-024a-4991-91e8-3b85051ad1cd", "CandidateNo": 25, "FirstName": "ประทุม", "LastName": "เดิงขุนทด", "PartyName": "กรีน", "PartyNumber": 206, "Title": "นาง", "Votable": true, "province_id": 30, "province_name": "นครราชสีมา", "zone_number": 6, "PartyTerminated": false, "Age": 61, "Occupation": "เกษตรกร", "HighestEducation": "ต่ำกว่าปริญญาตรี", "ImageFileId": "5c5bae74fbcb5f16fc65e9f9", "SelfIntroduceFileId": "5c5bafadfbcb5f16fc65f6e2", "PartyLogo": "https://storage.googleapis.com/candidate-thumbs/party/206.png", "CandididatePhoto": "https://storage.googleapis.com/candidate-thumbs/images/30-6-25.jpg"}, {"Unnamed: 0": 9950, "CandidateId": "c6ba1d35-4e3a-40fa-9096-306f10acc544", "CandidateNo": 26, "FirstName": "นัฏฐพล", "LastName": "เนินสวัสดิ์", "PartyName": "พลังสังคม", "PartyNumber": 198, "Title": "นาย", "Votable": true, "province_id": 30, "province_name": "นครราชสีมา", "zone_number": 6, "PartyTerminated": false, "Age": 49, "Occupation": "ธุรกิจการเกษตร", "HighestEducation": "ต่ำกว่าปริญญาตรี", "ImageFileId": "5c5bb06cfbcb5f16fc65fc0d", "SelfIntroduceFileId": "5c5bb302fbcb5f16fc66166e", "PartyLogo": "https://storage.googleapis.com/candidate-thumbs/party/198.png", "CandididatePhoto": "https://storage.googleapis.com/candidate-thumbs/images/30-6-26.jpg"}, {"Unnamed: 0": 9951, "CandidateId": "adb14e3d-6e96-4c37-9ed8-61bc5951f1ba", "CandidateNo": 27, "FirstName": "กิตตินันท์", "LastName": "พิทธยานันท์", "PartyName": "ครูไทยเพื่อประชาชน", "PartyNumber": 118, "Title": "นาย", "Votable": true, "province_id": 30, "province_name": "นครราชสีมา", "zone_number": 6, "PartyTerminated": false, "Age": 26, "Occupation": "พนักงานบริษัท", "HighestEducation": "ปริญญาตรี", "ImageFileId": "5c5bb473fbcb5f16fc66212a", "SelfIntroduceFileId": "5c5bb67efbcb5f16fc662c57", "PartyLogo": "https://storage.googleapis.com/candidate-thumbs/party/118.png", "CandididatePhoto": "https://storage.googleapis.com/candidate-thumbs/images/30-6-27.jpg"}, {"Unnamed: 0": 9952, "CandidateId": "3382a812-3eae-4395-a8b0-ef64554f4f2c", "CandidateNo": 28, "FirstName": "สิรวิชญ์", "LastName": "บาดกลาง", "PartyName": "ประชาไทย", "PartyNumber": 205, "Title": "นาย", "Votable": true, "province_id": 30, "province_name": "นครราชสีมา", "zone_number": 6, "PartyTerminated": false, "Age": 51, "Occupation": "ธุรกิจส่วนตัว", "HighestEducation": "ปริญญาตรี", "ImageFileId": "5c5bbb2ffbcb5f16fc664dcd", "SelfIntroduceFileId": "5c5bbcd6fbcb5f16fc6657dd", "PartyLogo": "https://storage.googleapis.com/candidate-thumbs/party/205.png", "CandididatePhoto": "https://storage.googleapis.com/candidate-thumbs/images/30-6-28.jpg"}, {"Unnamed: 0": 9953, "CandidateId": "c0180ec0-67db-4d13-b160-01cbf9062848", "CandidateNo": 29, "FirstName": "ธนากร", "LastName": "วีรกุลเดชทวี", "PartyName": "พลังไทสร้างชาติ", "PartyNumber": 200, "Title": "นาย", "Votable": true, "province_id": 30, "province_name": "นครราชสีมา", "zone_number": 6, "PartyTerminated": false, "Age": 51, "Occupation": "ธุรกิจส่วนตัว", "HighestEducation": "ปริญญาตรี", "ImageFileId": "5c5bd2b4fbcb5f16fc66d1ad", "SelfIntroduceFileId": "5c5bd6b9fbcb5f16fc66ec4a", "PartyLogo": "https://storage.googleapis.com/candidate-thumbs/party/200.png", "CandididatePhoto": "https://storage.googleapis.com/candidate-thumbs/images/30-6-29.jpg"}, {"Unnamed: 0": 9954, "CandidateId": "382c5242-0d7a-4de9-951f-ee69af7ae123", "CandidateNo": 30, "FirstName": "ธรรมนูญ", "LastName": "พลพิทักษ์", "PartyName": "พลังชาติไทย", "PartyNumber": 186, "Title": "นาย", "Votable": true, "province_id": 30, "province_name": "นครราชสีมา", "zone_number": 6, "PartyTerminated": false, "Age": 63, "Occupation": "ครูโรงเรียนเอกชน", "HighestEducation": "ปริญญาโท", "ImageFileId": "5c5bdc49fbcb5f16fc671dd3", "SelfIntroduceFileId": "5c5bdebcfbcb5f16fc6731fe", "PartyLogo": "https://storage.googleapis.com/candidate-thumbs/party/186.png", "CandididatePhoto": "https://storage.googleapis.com/candidate-thumbs/images/30-6-30.jpg"}, {"Unnamed: 0": 9955, "CandidateId": "552cf35b-6557-41b7-9d81-9e63a799a040", "CandidateNo": 31, "FirstName": "อาชวิน", "LastName": "ครุฑกษัตริย์ไทย", "PartyName": "ภาคีเครือข่ายไทย", "PartyNumber": 211, "Title": "นาย", "Votable": true, "province_id": 30, "province_name": "นครราชสีมา", "zone_number": 6, "PartyTerminated": false, "Age": 51, "Occupation": "ค้าขาย", "HighestEducation": "ต่ำกว่าปริญญาตรี", "ImageFileId": "5c5d50e0fbcb5f0fd88705c6", "SelfIntroduceFileId": "5c5d53cefbcb5f0fd8872755", "PartyLogo": "https://storage.googleapis.com/candidate-thumbs/party/211.png", "CandididatePhoto": "https://storage.googleapis.com/candidate-thumbs/images/30-6-31.jpg"}, {"Unnamed: 0": 9956, "CandidateId": "2aea50bc-a4b1-473b-b64a-57ed42990720", "CandidateNo": 32, "FirstName": "ชุติมณฑน์", "LastName": "เนียมสูงเนิน", "PartyName": "แทนคุณแผ่นดิน", "PartyNumber": 53, "Title": "นาง", "Votable": true, "province_id": 30, "province_name": "นครราชสีมา", "zone_number": 6, "PartyTerminated": false, "Age": 52, "Occupation": "พนักงานบริษัท", "HighestEducation": "ต่ำกว่าปริญญาตรี", "ImageFileId": "5c5d5533fbcb5f0fd8873b44", "SelfIntroduceFileId": "5c611068fbcb5f13a0b78eed", "PartyLogo": "https://storage.googleapis.com/candidate-thumbs/party/53.png", "CandididatePhoto": "https://storage.googleapis.com/candidate-thumbs/images/30-6-32.jpg"}, {"Unnamed: 0": 9957, "CandidateId": "e73249c6-7e44-471e-9126-3af23d5c7512", "CandidateNo": 33, "FirstName": "ผ่องรพี", "LastName": "ฤทธิรงค์", "PartyName": "พลังไทยรักไทย", "PartyNumber": 185, "Title": "นาง", "Votable": true, "province_id": 30, "province_name": "นครราชสีมา", "zone_number": 6, "PartyTerminated": false, "Age": 58, "Occupation": "ค้าขาย", "HighestEducation": "ต่ำกว่าปริญญาตรี", "ImageFileId": "5c5d55affbcb5f0fd8874423", "SelfIntroduceFileId": "5c614484fbcb5f13a0b7e528", "PartyLogo": "https://storage.googleapis.com/candidate-thumbs/party/185.png", "CandididatePhoto": "https://storage.googleapis.com/candidate-thumbs/images/30-6-33.jpg"}, {"Unnamed: 0": 9958, "CandidateId": "b82c9be8-6ee3-40fd-adf5-f991a4f8bed5", "CandidateNo": 34, "FirstName": "เปรมกมล", "LastName": "คำด้วง", "PartyName": "ไทรักธรรม", "PartyNumber": 144, "Title": "นาง", "Votable": true, "province_id": 30, "province_name": "นครราชสีมา", "zone_number": 6, "PartyTerminated": false, "Age": 55, "Occupation": "ค้าขาย", "HighestEducation": "ต่ำกว่าปริญญาตรี", "ImageFileId": "5c5d5614fbcb5f0fd88749c5", "SelfIntroduceFileId": "5c614aa3fbcb5f13a0b7ece6", "PartyLogo": "https://storage.googleapis.com/candidate-thumbs/party/144.png", "CandididatePhoto": "https://storage.googleapis.com/candidate-thumbs/images/30-6-34.jpg"}]