[{"Unnamed: 0": 4211, "CandidateId": "698a8e9b-2be8-4cea-b03a-b00437379483", "CandidateNo": 1, "FirstName": "สมคิด", "LastName": "เปี่ยมคล้า", "PartyName": "ประชาธิปัตย์", "PartyNumber": 1, "Title": "นาย", "Votable": true, "province_id": 73, "province_name": "นครปฐม", "zone_number": 2, "PartyTerminated": false, "Age": 65, "Occupation": "นายกองค์การบริหารส่วนตำบล", "HighestEducation": "ปริญญาโท", "ImageFileId": "5c57a8c8fbcb5f1eec0cee05", "SelfIntroduceFileId": "5c57ae1bfbcb5f1eec0cfb48", "PartyLogo": "https://storage.googleapis.com/candidate-thumbs/party/1.png", "CandididatePhoto": "https://storage.googleapis.com/candidate-thumbs/images/73-2-1.jpg"}, {"Unnamed: 0": 4212, "CandidateId": "6b030600-a968-4f76-862e-c345c145c6f8", "CandidateNo": 2, "FirstName": "ธนภัทร", "LastName": "สีดา", "PartyName": "ไทยรักษาชาติ", "PartyNumber": 77, "Title": "นาย", "Votable": true, "province_id": 73, "province_name": "นครปฐม", "zone_number": 2, "PartyTerminated": true, "Age": 51, "Occupation": "ธุรกิจส่วนตัว", "HighestEducation": "ต่ำกว่าปริญญาตรี", "ImageFileId": "5c57b0fdfbcb5f1eec0d060b", "SelfIntroduceFileId": "5c5ba675fbcb5f16fc65ade3", "PartyLogo": "https://storage.googleapis.com/candidate-thumbs/party/77.png", "CandididatePhoto": "https://storage.googleapis.com/candidate-thumbs/images/73-2-2.jpg"}, {"Unnamed: 0": 4213, "CandidateId": "f6f42551-7d49-4a5d-9c4c-683552bb31c5", "CandidateNo": 3, "FirstName": "สุขสมนึก", "LastName": "คงแจ่ม", "PartyName": "พลังท้องถิ่นไท", "PartyNumber": 124, "Title": "นาย", "Votable": true, "province_id": 73, "province_name": "นครปฐม", "zone_number": 2, "PartyTerminated": false, "Age": 58, "Occupation": "ทนายความ", "HighestEducation": "ปริญญาตรี", "ImageFileId": "5c57b5effbcb5f1eec0d1e29", "SelfIntroduceFileId": "5c5a634afbcb5f19bca9c6ff", "PartyLogo": "https://storage.googleapis.com/candidate-thumbs/party/124.png", "CandididatePhoto": "https://storage.googleapis.com/candidate-thumbs/images/73-2-3.jpg"}, {"Unnamed: 0": 4214, "CandidateId": "2a819798-547e-4150-bd89-6c594b5c469f", "CandidateNo": 4, "FirstName": "ภาคิน", "LastName": "สวนแก้ว", "PartyName": "อนาคตใหม่", "PartyNumber": 177, "Title": "นาย", "Votable": true, "province_id": 73, "province_name": "นครปฐม", "zone_number": 2, "PartyTerminated": false, "Age": 28, "Occupation": "ทนายความ", "HighestEducation": "ปริญญาตรี", "ImageFileId": "5c57c07afbcb5f1eec0d6946", "SelfIntroduceFileId": "5c5a6782fbcb5f19bca9e642", "PartyLogo": "https://storage.googleapis.com/candidate-thumbs/party/177.png", "CandididatePhoto": "https://storage.googleapis.com/candidate-thumbs/images/73-2-4.jpg"}, {"Unnamed: 0": 4215, "CandidateId": "6382077f-0316-4607-be4f-bab0bbcb6c0b", "CandidateNo": 5, "FirstName": "ไพรัตน์", "LastName": "แช่มละออ", "PartyName": "ไทยศรีวิไลย์", "PartyNumber": 180, "Title": "นาย", "Votable": true, "province_id": 73, "province_name": "นครปฐม", "zone_number": 2, "PartyTerminated": false, "Age": 34, "Occupation": "รับจ้าง", "HighestEducation": "ต่ำกว่าปริญญาตรี", "ImageFileId": "5c57c872fbcb5f1eec0db046", "SelfIntroduceFileId": "5c5a605dfbcb5f19bca9b3ec", "PartyLogo": "https://storage.googleapis.com/candidate-thumbs/party/180.png", "CandididatePhoto": "https://storage.googleapis.com/candidate-thumbs/images/73-2-5.jpg"}, {"Unnamed: 0": 4216, "CandidateId": "77b0fb02-92b8-4d0c-b29c-b3e353203a60", "CandidateNo": 6, "FirstName": "ปัญญวัฒน์", "LastName": "คชศิลา", "PartyName": "รวมพลังประชาชาติไทย", "PartyNumber": 181, "Title": "นาย", "Votable": true, "province_id": 73, "province_name": "นครปฐม", "zone_number": 2, "PartyTerminated": false, "Age": 47, "Occupation": "วิศวกรโยธา", "HighestEducation": "ปริญญาโท", "ImageFileId": "5c5806b6fbcb5f1eec0fbc2e", "SelfIntroduceFileId": "5c580938fbcb5f1eec0fdd67", "PartyLogo": "https://storage.googleapis.com/candidate-thumbs/party/181.png", "CandididatePhoto": "https://storage.googleapis.com/candidate-thumbs/images/73-2-6.jpg"}, {"Unnamed: 0": 4217, "CandidateId": "3125ef77-3948-4513-9b0b-537c8617d1f2", "CandidateNo": 7, "FirstName": "กัลยาภัสร์", "LastName": "ปิยาอมรชัยสกุล", "PartyName": "ภูมิใจไทย", "PartyNumber": 63, "Title": "นาง", "Votable": true, "province_id": 73, "province_name": "นครปฐม", "zone_number": 2, "PartyTerminated": false, "Age": 46, "Occupation": "ค้าขาย", "HighestEducation": "ต่ำกว่าปริญญาตรี", "ImageFileId": "5c580160fbcb5f1eec0f6df5", "SelfIntroduceFileId": "5c580511fbcb5f1eec0fa614", "PartyLogo": "https://storage.googleapis.com/candidate-thumbs/party/63.png", "CandididatePhoto": "https://storage.googleapis.com/candidate-thumbs/images/73-2-7.jpg"}, {"Unnamed: 0": 4218, "CandidateId": "2e90f430-cee5-4999-b402-243863f62ff7", "CandidateNo": 8, "FirstName": "รัฐกร", "LastName": "เจนกิจณรงค์", "PartyName": "รักษ์ผืนป่าประเทศไทย", "PartyNumber": 133, "Title": "นาย", "Votable": true, "province_id": 73, "province_name": "นครปฐม", "zone_number": 2, "PartyTerminated": false, "Age": 53, "Occupation": "ธุรกิจส่วนตัว", "HighestEducation": "ปริญญาโท", "ImageFileId": "5c5805affbcb5f1eec0faefc", "SelfIntroduceFileId": "5c5902ccfbcb5f1d8813e63b", "PartyLogo": "https://storage.googleapis.com/candidate-thumbs/party/133.png", "CandididatePhoto": "https://storage.googleapis.com/candidate-thumbs/images/73-2-8.jpg"}, {"Unnamed: 0": 4219, "CandidateId": "55af1087-fa60-43cc-a97d-3e096e08f573", "CandidateNo": 9, "FirstName": "วีระยศ", "LastName": "ชื่นกลิ่นธูปศิริ", "PartyName": "พลังประชารัฐ", "PartyNumber": 192, "Title": "พ.ต.อ.", "Votable": true, "province_id": 73, "province_name": "นครปฐม", "zone_number": 2, "PartyTerminated": false, "Age": 60, "Occupation": "ผกก.สภ.หนองหญ้าไซ จ.สุพรรณบุรี", "HighestEducation": "ปริญญาตรี", "ImageFileId": "5c57ef65fbcb5f1eec0e9d4d", "SelfIntroduceFileId": "5c5a5c01fbcb5f19bca9891c", "PartyLogo": "https://storage.googleapis.com/candidate-thumbs/party/192.png", "CandididatePhoto": "https://storage.googleapis.com/candidate-thumbs/images/73-2-9.jpg"}, {"Unnamed: 0": 4220, "CandidateId": "58c2b009-8c5a-4538-8424-c05c7c9adee8", "CandidateNo": 10, "FirstName": "ภัทรพล", "LastName": "เล่าเปี่ยม", "PartyName": "เสรีรวมไทย", "PartyNumber": 145, "Title": "พ.ต.อ.", "Votable": true, "province_id": 73, "province_name": "นครปฐม", "zone_number": 2, "PartyTerminated": false, "Age": 61, "Occupation": "ข้าราชการบำนาญ", "HighestEducation": "ปริญญาตรี", "ImageFileId": "5c57f9d6fbcb5f1eec0f068f", "SelfIntroduceFileId": "5c5a5695fbcb5f19bca95f3b", "PartyLogo": "https://storage.googleapis.com/candidate-thumbs/party/145.png", "CandididatePhoto": "https://storage.googleapis.com/candidate-thumbs/images/73-2-10.jpg"}, {"Unnamed: 0": 4221, "CandidateId": "a608f212-2662-4d5e-bcbe-013505bc9260", "CandidateNo": 11, "FirstName": "ปภังกร", "LastName": "อภิญญาณัฐกุล", "PartyName": "ประชานิยม", "PartyNumber": 191, "Title": "ร.ต.ต.", "Votable": true, "province_id": 73, "province_name": "นครปฐม", "zone_number": 2, "PartyTerminated": false, "Age": 65, "Occupation": "ข้าราชการตำรวจ", "HighestEducation": "ต่ำกว่าปริญญาตรี", "ImageFileId": "5c580994fbcb5f1eec0fe08b", "SelfIntroduceFileId": "5c5a5798fbcb5f19bca96758", "PartyLogo": "https://storage.googleapis.com/candidate-thumbs/party/191.png", "CandididatePhoto": "https://storage.googleapis.com/candidate-thumbs/images/73-2-11.jpg"}, {"Unnamed: 0": 4222, "CandidateId": "c3a3788a-f38d-49b9-88f7-4eac64f11af4", "CandidateNo": 12, "FirstName": "กอบกิตติ", "LastName": "มุ่งดี", "PartyName": "เพื่อชาติ", "PartyNumber": 149, "Title": "นาย", "Votable": true, "province_id": 73, "province_name": "นครปฐม", "zone_number": 2, "PartyTerminated": false, "Age": 56, "Occupation": "รับจ้าง", "HighestEducation": "ต่ำกว่าปริญญาตรี", "ImageFileId": "5c57e920fbcb5f1eec0e67fc", "SelfIntroduceFileId": "5c57ee3afbcb5f1eec0e90eb", "PartyLogo": "https://storage.googleapis.com/candidate-thumbs/party/149.png", "CandididatePhoto": "https://storage.googleapis.com/candidate-thumbs/images/73-2-12.jpg"}, {"Unnamed: 0": 4223, "CandidateId": "426bfc2b-c8ce-4506-a939-30e0c7d70080", "CandidateNo": 13, "FirstName": "วิเชียร", "LastName": "พยุหเกียรติ", "PartyName": "ประชาภิวัฒน์", "PartyNumber": 172, "Title": "ร.ต.อ.", "Votable": true, "province_id": 73, "province_name": "นครปฐม", "zone_number": 2, "PartyTerminated": false, "Age": 60, "Occupation": "รับราชการ", "HighestEducation": "ต่ำกว่าปริญญาตรี", "ImageFileId": "5c5809eefbcb5f1eec0fe4a3", "SelfIntroduceFileId": "5c5906a8fbcb5f1d8814144a", "PartyLogo": "https://storage.googleapis.com/candidate-thumbs/party/172.png", "CandididatePhoto": "https://storage.googleapis.com/candidate-thumbs/images/73-2-13.jpg"}, {"Unnamed: 0": 4224, "CandidateId": "ac68d37b-47b2-40df-8f89-0a78d4dcd3cf", "CandidateNo": 14, "FirstName": "พัสมนต์", "LastName": "อัครภูวสุรนันท์", "PartyName": "ชาติพัฒนา", "PartyNumber": 45, "Title": "นางสาว", "Votable": true, "province_id": 73, "province_name": "นครปฐม", "zone_number": 2, "PartyTerminated": false, "Age": 48, "Occupation": "นักจัดรายการวิทยุ", "HighestEducation": "ปริญญาตรี", "ImageFileId": "5c57f4fdfbcb5f1eec0ed309", "SelfIntroduceFileId": "5c5a5189fbcb5f19bca9348d", "PartyLogo": "https://storage.googleapis.com/candidate-thumbs/party/45.png", "CandididatePhoto": "https://storage.googleapis.com/candidate-thumbs/images/73-2-14.jpg"}, {"Unnamed: 0": 4225, "CandidateId": "6bc31861-1871-4ae3-9d69-0cf46d580532", "CandidateNo": 15, "FirstName": "ประวิทย์", "LastName": "ยางหลวง", "PartyName": "ประชาชนปฏิรูป", "PartyNumber": 176, "Title": "นาย", "Votable": true, "province_id": 73, "province_name": "นครปฐม", "zone_number": 2, "PartyTerminated": false, "Age": 37, "Occupation": "รับจ้าง", "HighestEducation": "ต่ำกว่าปริญญาตรี", "ImageFileId": "5c57e481fbcb5f1eec0e3c91", "SelfIntroduceFileId": "5c5a4a0afbcb5f19bca8ef53", "PartyLogo": "https://storage.googleapis.com/candidate-thumbs/party/176.png", "CandididatePhoto": "https://storage.googleapis.com/candidate-thumbs/images/73-2-15.jpg"}, {"Unnamed: 0": 4226, "CandidateId": "110e794f-d36f-4d65-8185-e90fe7f31696", "CandidateNo": 16, "FirstName": "พิมพ์รตา", "LastName": "ศาสตร์สมัย", "PartyName": "พลังชาติไทย", "PartyNumber": 186, "Title": "นางสาว", "Votable": true, "province_id": 73, "province_name": "นครปฐม", "zone_number": 2, "PartyTerminated": false, "Age": 26, "Occupation": "พนักงานบริษัทเอกชน", "HighestEducation": "ปริญญาตรี", "ImageFileId": "5c59342afbcb5f1d8816388c", "SelfIntroduceFileId": "5c5a4dcffbcb5f19bca910f4", "PartyLogo": "https://storage.googleapis.com/candidate-thumbs/party/186.png", "CandididatePhoto": "https://storage.googleapis.com/candidate-thumbs/images/73-2-16.jpg"}, {"Unnamed: 0": 4227, "CandidateId": "59f6548f-e48a-4e0d-8f4c-be15d5c3f034", "CandidateNo": 17, "FirstName": "พาณุวัฒณ์", "LastName": "สะสมทรัพย์", "PartyName": "ชาติไทยพัฒนา", "PartyNumber": 55, "Title": "นาย", "Votable": true, "province_id": 73, "province_name": "นครปฐม", "zone_number": 2, "PartyTerminated": false, "Age": 44, "Occupation": "ผู้จัดการทั่วไป บริษัท กลุ่ม 79 จำกัด", "HighestEducation": "ปริญญาเอก", "ImageFileId": "5c593c03fbcb5f1d8816a4e3", "SelfIntroduceFileId": "5c593f18fbcb5f1d8816ce08", "PartyLogo": "https://storage.googleapis.com/candidate-thumbs/party/55.png", "CandididatePhoto": "https://storage.googleapis.com/candidate-thumbs/images/73-2-17.jpg"}, {"Unnamed: 0": 4228, "CandidateId": "e4318d22-c719-4349-8f01-3e91a972bcc5", "CandidateNo": 18, "FirstName": "ปพน", "LastName": "มากลัด", "PartyName": "ไทยรุ่งเรือง", "PartyNumber": 194, "Title": "นาย", "Votable": true, "province_id": 73, "province_name": "นครปฐม", "zone_number": 2, "PartyTerminated": false, "Age": 51, "Occupation": "เกษตรกร", "HighestEducation": "ต่ำกว่าปริญญาตรี", "ImageFileId": "5c594266fbcb5f1d8816fd34", "SelfIntroduceFileId": "5c5948b9fbcb5f1d88175575", "PartyLogo": "https://storage.googleapis.com/candidate-thumbs/party/194.png", "CandididatePhoto": "https://storage.googleapis.com/candidate-thumbs/images/73-2-18.jpg"}, {"Unnamed: 0": 4229, "CandidateId": "a741c0ec-601a-4d02-ab2b-1c68bb9a7a05", "CandidateNo": 19, "FirstName": "นริศรา", "LastName": "อินโอสถ", "PartyName": "ครูไทยเพื่อประชาชน", "PartyNumber": 118, "Title": "นางสาว", "Votable": true, "province_id": 73, "province_name": "นครปฐม", "zone_number": 2, "PartyTerminated": false, "Age": 37, "Occupation": "แม่บ้าน", "HighestEducation": "ปริญญาตรี", "ImageFileId": "5c5bb470fbcb5f16fc6620f1", "SelfIntroduceFileId": "5c5bb541fbcb5f16fc662605", "PartyLogo": "https://storage.googleapis.com/candidate-thumbs/party/118.png", "CandididatePhoto": "https://storage.googleapis.com/candidate-thumbs/images/73-2-19.jpg"}, {"Unnamed: 0": 4230, "CandidateId": "087f67fd-520e-46e7-8e62-6b8a710b32b9", "CandidateNo": 20, "FirstName": "เจนวิทย์", "LastName": "ฮวดหนองโพธิ์", "PartyName": "เศรษฐกิจใหม่", "PartyNumber": 193, "Title": "นาย", "Votable": true, "province_id": 73, "province_name": "นครปฐม", "zone_number": 2, "PartyTerminated": false, "Age": 41, "Occupation": "ค้าขาย", "HighestEducation": "ปริญญาตรี", "ImageFileId": "5c5bc713fbcb5f16fc668308", "SelfIntroduceFileId": "5c5bca33fbcb5f16fc6694da", "PartyLogo": "https://storage.googleapis.com/candidate-thumbs/party/193.png", "CandididatePhoto": "https://storage.googleapis.com/candidate-thumbs/images/73-2-20.jpg"}, {"Unnamed: 0": 4231, "CandidateId": "844df6a0-6520-47ad-95ba-e120249cfcd4", "CandidateNo": 21, "FirstName": "ทองสุข", "LastName": "หมื่นณรงค์", "PartyName": "เครือข่ายชาวนาแห่งประเทศไทย", "PartyNumber": 22, "Title": "นาย", "Votable": true, "province_id": 73, "province_name": "นครปฐม", "zone_number": 2, "PartyTerminated": false, "Age": 66, "Occupation": "เกษตรกร", "HighestEducation": "ต่ำกว่าปริญญาตรี", "ImageFileId": "5c5bcc5ffbcb5f16fc66a2b2", "SelfIntroduceFileId": "5c5bd2a0fbcb5f16fc66d12b", "PartyLogo": "https://storage.googleapis.com/candidate-thumbs/party/22.png", "CandididatePhoto": "https://storage.googleapis.com/candidate-thumbs/images/73-2-21.jpg"}, {"Unnamed: 0": 4232, "CandidateId": "e576ecb4-be78-4a38-a93b-0098774d39e9", "CandidateNo": 22, "FirstName": "ฝน", "LastName": "สำอางค์สะอาด", "PartyName": "มหาชน", "PartyNumber": 4, "Title": "นางสาว", "Votable": true, "province_id": 73, "province_name": "นครปฐม", "zone_number": 2, "PartyTerminated": false, "Age": 46, "Occupation": "ค้าขาย", "HighestEducation": "ต่ำกว่าปริญญาตรี", "ImageFileId": "5c5bf0dffbcb5f16fc67cc4a", "SelfIntroduceFileId": "5c5bf190fbcb5f16fc67d2bc", "PartyLogo": "https://storage.googleapis.com/candidate-thumbs/party/4.png", "CandididatePhoto": "https://storage.googleapis.com/candidate-thumbs/images/73-2-22.jpg"}, {"Unnamed: 0": 4233, "CandidateId": "f9feb1cb-784a-486a-9631-818f6d16b9ba", "CandidateNo": 23, "FirstName": "ณัฐพงษ์", "LastName": "กาเมืองลือ", "PartyName": "พลังสังคม", "PartyNumber": 198, "Title": "นาย", "Votable": true, "province_id": 73, "province_name": "นครปฐม", "zone_number": 2, "PartyTerminated": false, "Age": 28, "Occupation": "พนักงานเอกชน", "HighestEducation": "ปริญญาตรี", "ImageFileId": "5c5bf964fbcb5f16fc6808ab", "SelfIntroduceFileId": "5c5d3e31fbcb5f0fd8863a8e", "PartyLogo": "https://storage.googleapis.com/candidate-thumbs/party/198.png", "CandididatePhoto": "https://storage.googleapis.com/candidate-thumbs/images/73-2-23.jpg"}, {"Unnamed: 0": 4234, "CandidateId": "6b9723be-ab37-4556-8ff8-1ea554e83b93", "CandidateNo": 24, "FirstName": "ณัฐปภัสร์", "LastName": "ประกายบุษราคัม", "PartyName": "พลเมืองไทย", "PartyNumber": 173, "Title": "นาย", "Votable": true, "province_id": 73, "province_name": "นครปฐม", "zone_number": 2, "PartyTerminated": false, "Age": 46, "Occupation": "เกษตรกร", "HighestEducation": "ปริญญาตรี", "ImageFileId": "5c5d4709fbcb5f0fd8869722", "SelfIntroduceFileId": "5c5d43fdfbcb5f0fd8867794", "PartyLogo": "https://storage.googleapis.com/candidate-thumbs/party/173.png", "CandididatePhoto": "https://storage.googleapis.com/candidate-thumbs/images/73-2-24.jpg"}, {"Unnamed: 0": 4235, "CandidateId": "1a4395f3-efb3-416f-b3ca-59270baec1e9", "CandidateNo": 25, "FirstName": "ประเสริฐ", "LastName": "โสดามรรค", "PartyName": "พลังไทยรักชาติ", "PartyNumber": 155, "Title": "นาย", "Votable": true, "province_id": 73, "province_name": "นครปฐม", "zone_number": 2, "PartyTerminated": false, "Age": 75, "Occupation": "ข้าราชการบำนาญ", "HighestEducation": "ต่ำกว่าปริญญาตรี", "ImageFileId": "5c5d4834fbcb5f0fd886a2a9", "SelfIntroduceFileId": "5c5d4990fbcb5f0fd886b2f9", "PartyLogo": "https://storage.googleapis.com/candidate-thumbs/party/155.png", "CandididatePhoto": "https://storage.googleapis.com/candidate-thumbs/images/73-2-25.jpg"}, {"Unnamed: 0": 4236, "CandidateId": "bcb1f687-b702-44d9-8e37-da80161d9e25", "CandidateNo": 26, "FirstName": "ธนวัตน์", "LastName": "เหลืองวิไล", "PartyName": "ประชาไทย", "PartyNumber": 205, "Title": "นาย", "Votable": true, "province_id": 73, "province_name": "นครปฐม", "zone_number": 2, "PartyTerminated": false, "Age": 59, "Occupation": "ธุรกิจส่วนตัว", "HighestEducation": "ปริญญาตรี", "ImageFileId": "5c5d49ddfbcb5f0fd886b8a7", "SelfIntroduceFileId": "5c5d4c44fbcb5f0fd886d691", "PartyLogo": "https://storage.googleapis.com/candidate-thumbs/party/205.png", "CandididatePhoto": "https://storage.googleapis.com/candidate-thumbs/images/73-2-26.jpg"}]