[{"Unnamed: 0": 7547, "CandidateId": "1d05ab9b-a089-4e96-9bd3-e2bccf99285d", "CandidateNo": 1, "FirstName": "ปรีชา", "LastName": "ทองคำ", "PartyName": "ชาติไทยพัฒนา", "PartyNumber": 55, "Title": "นาย", "Votable": true, "province_id": 31, "province_name": "บุรีรัมย์", "zone_number": 1, "PartyTerminated": false, "Age": 58, "Occupation": "เกษตรกร", "HighestEducation": "ต่ำกว่าปริญญาตรี", "ImageFileId": "5c57a30ffbcb5f1eec0ce6d3", "SelfIntroduceFileId": "5c57da07fbcb5f1eec0df9f5", "PartyLogo": "https://storage.googleapis.com/candidate-thumbs/party/55.png", "CandididatePhoto": "https://storage.googleapis.com/candidate-thumbs/images/31-1-1.jpg"}, {"Unnamed: 0": 7548, "CandidateId": "941bac2c-3eb9-48e3-a5ef-43f7e91f4aeb", "CandidateNo": 2, "FirstName": "สนอง", "LastName": "เทพอักษรณรงค์", "PartyName": "ภูมิใจไทย", "PartyNumber": 63, "Title": "นาย", "Votable": true, "province_id": 31, "province_name": "บุรีรัมย์", "zone_number": 1, "PartyTerminated": false, "Age": 73, "Occupation": "นักการเมือง", "HighestEducation": "ปริญญาตรี", "ImageFileId": "5c57ac12fbcb5f1eec0cf530", "SelfIntroduceFileId": "5c580194fbcb5f1eec0f71ad", "PartyLogo": "https://storage.googleapis.com/candidate-thumbs/party/63.png", "CandididatePhoto": "https://storage.googleapis.com/candidate-thumbs/images/31-1-2.jpg"}, {"Unnamed: 0": 7549, "CandidateId": "af6bb48e-6580-437c-a1a0-0cf3dcf43c90", "CandidateNo": 3, "FirstName": "กิตติฤทธิ์", "LastName": "พูนสวัสดิ์", "PartyName": "ไทยรักษาชาติ", "PartyNumber": 77, "Title": "พันตำรวจโท", "Votable": true, "province_id": 31, "province_name": "บุรีรัมย์", "zone_number": 1, "PartyTerminated": true, "Age": 73, "Occupation": "รับราชการตำรวจ", "HighestEducation": "ต่ำกว่าปริญญาตรี", "ImageFileId": "5c57ac36fbcb5f1eec0cf587", "SelfIntroduceFileId": "5c580b99fbcb5f1eec0ff97f", "PartyLogo": "https://storage.googleapis.com/candidate-thumbs/party/77.png", "CandididatePhoto": "https://storage.googleapis.com/candidate-thumbs/images/31-1-3.jpg"}, {"Unnamed: 0": 7550, "CandidateId": "5e272823-fdd7-4b8a-bb62-689edeada3b3", "CandidateNo": 4, "FirstName": "สุพจน์", "LastName": "เขียมรัมย์", "PartyName": "ประชาชนปฏิรูป", "PartyNumber": 176, "Title": "นาย", "Votable": true, "province_id": 31, "province_name": "บุรีรัมย์", "zone_number": 1, "PartyTerminated": false, "Age": 57, "Occupation": "รับราชการ", "HighestEducation": "ปริญญาตรี", "ImageFileId": "5c57ac51fbcb5f1eec0cf5c9", "SelfIntroduceFileId": "5c593087fbcb5f1d88160694", "PartyLogo": "https://storage.googleapis.com/candidate-thumbs/party/176.png", "CandididatePhoto": "https://storage.googleapis.com/candidate-thumbs/images/31-1-4.jpg"}, {"Unnamed: 0": 7551, "CandidateId": "30cdc198-1975-40e6-ba16-cc4f14abc4e2", "CandidateNo": 5, "FirstName": "นภดล", "LastName": "อังคสุภณ", "PartyName": "พลังประชารัฐ", "PartyNumber": 192, "Title": "นาย", "Votable": true, "province_id": 31, "province_name": "บุรีรัมย์", "zone_number": 1, "PartyTerminated": false, "Age": 56, "Occupation": "ธุรกิจส่วนตัว(ค้าขาย)", "HighestEducation": "ปริญญาตรี", "ImageFileId": "5c57ac71fbcb5f1eec0cf642", "SelfIntroduceFileId": "5c593822fbcb5f1d8816725c", "PartyLogo": "https://storage.googleapis.com/candidate-thumbs/party/192.png", "CandididatePhoto": "https://storage.googleapis.com/candidate-thumbs/images/31-1-5.jpg"}, {"Unnamed: 0": 7552, "CandidateId": "1a581eb0-fbab-42cd-bf8b-bf61297c1282", "CandidateNo": 6, "FirstName": "วิชชา", "LastName": "จันทร์ชัย", "PartyName": "ประชาภิวัฒน์", "PartyNumber": 172, "Title": "นาย", "Votable": true, "province_id": 31, "province_name": "บุรีรัมย์", "zone_number": 1, "PartyTerminated": false, "Age": 57, "Occupation": "ค้าขาย", "HighestEducation": "ต่ำกว่าปริญญาตรี", "ImageFileId": "5c57accafbcb5f1eec0cf72a", "SelfIntroduceFileId": "5c5ab27afbcb5f19bcab9234", "PartyLogo": "https://storage.googleapis.com/candidate-thumbs/party/172.png", "CandididatePhoto": "https://storage.googleapis.com/candidate-thumbs/images/31-1-6.jpg"}, {"Unnamed: 0": 7553, "CandidateId": "f053d43b-87ea-4b39-8a50-5c359a4dbf6e", "CandidateNo": 7, "FirstName": "วันฟ้าสวย", "LastName": "ภัทรไชยนันท์", "PartyName": "อนาคตใหม่", "PartyNumber": 177, "Title": "นางสาว", "Votable": true, "province_id": 31, "province_name": "บุรีรัมย์", "zone_number": 1, "PartyTerminated": false, "Age": 69, "Occupation": "ธุรกิจส่วนตัว", "HighestEducation": "ปริญญาตรี", "ImageFileId": "5c57adaafbcb5f1eec0cf9b6", "SelfIntroduceFileId": "5c5aae73fbcb5f19bcab87a8", "PartyLogo": "https://storage.googleapis.com/candidate-thumbs/party/177.png", "CandididatePhoto": "https://storage.googleapis.com/candidate-thumbs/images/31-1-7.jpg"}, {"Unnamed: 0": 7554, "CandidateId": "2f285517-f884-4680-a90d-902eb9aa5f34", "CandidateNo": 8, "FirstName": "ชณชล", "LastName": "มะลิซ้อน", "PartyName": "เสรีรวมไทย", "PartyNumber": 145, "Title": "นาย", "Votable": true, "province_id": 31, "province_name": "บุรีรัมย์", "zone_number": 1, "PartyTerminated": false, "Age": 61, "Occupation": "ข้าราชการครู", "HighestEducation": "ปริญญาตรี", "ImageFileId": "5c57afb6fbcb5f1eec0d00ac", "SelfIntroduceFileId": "5c591875fbcb5f1d8814fa77", "PartyLogo": "https://storage.googleapis.com/candidate-thumbs/party/145.png", "CandididatePhoto": "https://storage.googleapis.com/candidate-thumbs/images/31-1-8.jpg"}, {"Unnamed: 0": 7555, "CandidateId": "0ea155cd-72da-41f2-854f-dcfae363d09e", "CandidateNo": 9, "FirstName": "ชาญชัย", "LastName": "โตพฤกษา", "PartyName": "ประชาธิปัตย์", "PartyNumber": 1, "Title": "นาย", "Votable": true, "province_id": 31, "province_name": "บุรีรัมย์", "zone_number": 1, "PartyTerminated": false, "Age": 25, "Occupation": "ธุรกิจส่วนตัว", "HighestEducation": "ปริญญาตรี", "ImageFileId": "5c57b30cfbcb5f1eec0d0f7d", "SelfIntroduceFileId": "5c592aa4fbcb5f1d8815aaf6", "PartyLogo": "https://storage.googleapis.com/candidate-thumbs/party/1.png", "CandididatePhoto": "https://storage.googleapis.com/candidate-thumbs/images/31-1-9.jpg"}, {"Unnamed: 0": 7556, "CandidateId": "271b5044-1f92-4f7e-8a21-95aa229ce6a2", "CandidateNo": 10, "FirstName": "สุชาติ", "LastName": "นามนุ", "PartyName": "ชาติพัฒนา", "PartyNumber": 45, "Title": "นาย", "Votable": true, "province_id": 31, "province_name": "บุรีรัมย์", "zone_number": 1, "PartyTerminated": false, "Age": 40, "Occupation": "เกษตรกรรม", "HighestEducation": "ต่ำกว่าปริญญาตรี", "ImageFileId": "5c57b54bfbcb5f1eec0d1abb", "SelfIntroduceFileId": "5c592b2cfbcb5f1d8815b4f9", "PartyLogo": "https://storage.googleapis.com/candidate-thumbs/party/45.png", "CandididatePhoto": "https://storage.googleapis.com/candidate-thumbs/images/31-1-10.jpg"}, {"Unnamed: 0": 7557, "CandidateId": "66e9a434-55ef-4757-bc31-f7be30bb95f1", "CandidateNo": 11, "FirstName": "ศรีสกุล", "LastName": "โสภา", "PartyName": "รักษ์ผืนป่าประเทศไทย", "PartyNumber": 133, "Title": "นาง", "Votable": true, "province_id": 31, "province_name": "บุรีรัมย์", "zone_number": 1, "PartyTerminated": false, "Age": 64, "Occupation": "ข้าราชการครู", "HighestEducation": "ต่ำกว่าปริญญาตรี", "ImageFileId": "5c57b70dfbcb5f1eec0d24aa", "SelfIntroduceFileId": "5c5932fdfbcb5f1d88162950", "PartyLogo": "https://storage.googleapis.com/candidate-thumbs/party/133.png", "CandididatePhoto": "https://storage.googleapis.com/candidate-thumbs/images/31-1-11.jpg"}, {"Unnamed: 0": 7558, "CandidateId": "7f15c8de-a13e-41b1-9939-818902b64769", "CandidateNo": 12, "FirstName": "พรหมพิริยะ", "LastName": "โยธิน", "PartyName": "เพื่อชาติ", "PartyNumber": 149, "Title": "นาย", "Votable": true, "province_id": 31, "province_name": "บุรีรัมย์", "zone_number": 1, "PartyTerminated": false, "Age": 71, "Occupation": "ตัวแทนการขาย บริษัท ไทยประกันชีวิต", "HighestEducation": "ต่ำกว่าปริญญาตรี", "ImageFileId": "5c57b84bfbcb5f1eec0d2bec", "SelfIntroduceFileId": "5c592c2efbcb5f1d8815c671", "PartyLogo": "https://storage.googleapis.com/candidate-thumbs/party/149.png", "CandididatePhoto": "https://storage.googleapis.com/candidate-thumbs/images/31-1-12.jpg"}, {"Unnamed: 0": 7559, "CandidateId": "d7ebb084-f39d-40fe-9536-d6ce584436ae", "CandidateNo": 13, "FirstName": "เลขา", "LastName": "อินทรสุวรรณ", "PartyName": "รวมพลังประชาชาติไทย", "PartyNumber": 181, "Title": "นาง", "Votable": true, "province_id": 31, "province_name": "บุรีรัมย์", "zone_number": 1, "PartyTerminated": false, "Age": 71, "Occupation": "ข้าราชการ", "HighestEducation": "ต่ำกว่าปริญญาตรี", "ImageFileId": "5c57b96afbcb5f1eec0d333d", "SelfIntroduceFileId": "5c5949c1fbcb5f1d8817640e", "PartyLogo": "https://storage.googleapis.com/candidate-thumbs/party/181.png", "CandididatePhoto": "https://storage.googleapis.com/candidate-thumbs/images/31-1-13.jpg"}, {"Unnamed: 0": 7560, "CandidateId": "a52dc122-0f81-4b78-9f77-daea76e23d0f", "CandidateNo": 14, "FirstName": "กฤษฎา", "LastName": "ชูตาลัด", "PartyName": "เพื่อนไทย", "PartyNumber": 179, "Title": "นาย", "Votable": false, "province_id": 31, "province_name": "บุรีรัมย์", "zone_number": 1, "PartyTerminated": false, "Age": 63, "Occupation": "รับราชการ สมาชิกสภาเทศบาล", "HighestEducation": "ปริญญาตรี", "ImageFileId": "5c57bbadfbcb5f1eec0d4524", "SelfIntroduceFileId": "5c5a4740fbcb5f19bca8dac1", "PartyLogo": "https://storage.googleapis.com/candidate-thumbs/party/179.png", "CandididatePhoto": "https://storage.googleapis.com/candidate-thumbs/images/31-1-14.jpg"}, {"Unnamed: 0": 7561, "CandidateId": "b18f5c9a-dfa5-4e92-8c72-de178309934b", "CandidateNo": 15, "FirstName": "คชานนท์", "LastName": "สังสูงเนิน", "PartyName": "กรีน", "PartyNumber": 206, "Title": "นาย", "Votable": true, "province_id": 31, "province_name": "บุรีรัมย์", "zone_number": 1, "PartyTerminated": false, "Age": 46, "Occupation": "ค้าขาย", "HighestEducation": "ปริญญาตรี", "ImageFileId": "5c57cac6fbcb5f1eec0dbb33", "SelfIntroduceFileId": "5c592cb3fbcb5f1d8815ce55", "PartyLogo": "https://storage.googleapis.com/candidate-thumbs/party/206.png", "CandididatePhoto": "https://storage.googleapis.com/candidate-thumbs/images/31-1-15.jpg"}, {"Unnamed: 0": 7562, "CandidateId": "9ae87799-9118-46de-90bd-b4888785b8a9", "CandidateNo": 16, "FirstName": "นนทกร", "LastName": "วัฒนาชีพ", "PartyName": "พลังท้องถิ่นไท", "PartyNumber": 124, "Title": "นางสาว", "Votable": true, "province_id": 31, "province_name": "บุรีรัมย์", "zone_number": 1, "PartyTerminated": false, "Age": 36, "Occupation": "รับเหมาก่อสร้าง", "HighestEducation": "ปริญญาตรี", "ImageFileId": "5c57e41efbcb5f1eec0e3a0d", "SelfIntroduceFileId": "5c592d32fbcb5f1d8815d5ff", "PartyLogo": "https://storage.googleapis.com/candidate-thumbs/party/124.png", "CandididatePhoto": "https://storage.googleapis.com/candidate-thumbs/images/31-1-16.jpg"}, {"Unnamed: 0": 7563, "CandidateId": "0ed72595-c7c5-4d25-ad1a-6ae3b862382a", "CandidateNo": 17, "FirstName": "นิพนธ์", "LastName": "สุดตา", "PartyName": "เพื่อแผ่นดิน", "PartyNumber": 41, "Title": "นาย", "Votable": true, "province_id": 31, "province_name": "บุรีรัมย์", "zone_number": 1, "PartyTerminated": false, "Age": 60, "Occupation": "รับราชการครู", "HighestEducation": "ปริญญาโท", "ImageFileId": "5c57e75cfbcb5f1eec0e57a4", "SelfIntroduceFileId": "5c592dbffbcb5f1d8815df47", "PartyLogo": "https://storage.googleapis.com/candidate-thumbs/party/41.png", "CandididatePhoto": "https://storage.googleapis.com/candidate-thumbs/images/31-1-17.jpg"}, {"Unnamed: 0": 7564, "CandidateId": "51a0b186-f9a1-41f0-8ef8-8c5d7280ee31", "CandidateNo": 18, "FirstName": "จินตนา", "LastName": "มูลเค้า", "PartyName": "ประชาธรรมไทย", "PartyNumber": 190, "Title": "นางสาว", "Votable": true, "province_id": 31, "province_name": "บุรีรัมย์", "zone_number": 1, "PartyTerminated": false, "Age": 28, "Occupation": "ซื้อ-ขายยางพารา", "HighestEducation": "ปริญญาตรี", "ImageFileId": "5c57f25cfbcb5f1eec0eb91c", "SelfIntroduceFileId": "5c592eb4fbcb5f1d8815eede", "PartyLogo": "https://storage.googleapis.com/candidate-thumbs/party/190.png", "CandididatePhoto": "https://storage.googleapis.com/candidate-thumbs/images/31-1-18.jpg"}, {"Unnamed: 0": 7565, "CandidateId": "673b4a7d-22fd-480f-9415-14c95b8c2e2d", "CandidateNo": 19, "FirstName": "วัน", "LastName": "วาสรส", "PartyName": "เศรษฐกิจใหม่", "PartyNumber": 193, "Title": "นาย", "Votable": true, "province_id": 31, "province_name": "บุรีรัมย์", "zone_number": 1, "PartyTerminated": false, "Age": 52, "Occupation": "เกษตรกร", "HighestEducation": "ต่ำกว่าปริญญาตรี", "ImageFileId": "5c5947f8fbcb5f1d88174c4c", "SelfIntroduceFileId": "5c5a31b0fbcb5f19bca876ab", "PartyLogo": "https://storage.googleapis.com/candidate-thumbs/party/193.png", "CandididatePhoto": "https://storage.googleapis.com/candidate-thumbs/images/31-1-19.jpg"}, {"Unnamed: 0": 7566, "CandidateId": "b7989657-eb71-4786-ad5a-43c6d8c4d5df", "CandidateNo": 20, "FirstName": "ทองคำ", "LastName": "ลุนนาแซง", "PartyName": "มหาชน", "PartyNumber": 4, "Title": "นาย", "Votable": true, "province_id": 31, "province_name": "บุรีรัมย์", "zone_number": 1, "PartyTerminated": false, "Age": 34, "Occupation": "รับจ้าง", "HighestEducation": "ต่ำกว่าปริญญาตรี", "ImageFileId": "5c5a8907fbcb5f19bcaaa785", "SelfIntroduceFileId": "5c5a8bbdfbcb5f19bcaabe0b", "PartyLogo": "https://storage.googleapis.com/candidate-thumbs/party/4.png", "CandididatePhoto": "https://storage.googleapis.com/candidate-thumbs/images/31-1-20.jpg"}, {"Unnamed: 0": 7567, "CandidateId": "068e712e-19a9-401a-8db0-0f1ca90585ae", "CandidateNo": 21, "FirstName": "หาญณรงค์", "LastName": "พันธ์พงษ์", "PartyName": "แผ่นดินธรรม", "PartyNumber": 188, "Title": "นาย", "Votable": true, "province_id": 31, "province_name": "บุรีรัมย์", "zone_number": 1, "PartyTerminated": false, "Age": 62, "Occupation": "ข้าราชการ", "HighestEducation": "ปริญญาตรี", "ImageFileId": "5c5aa1f5fbcb5f19bcab5626", "SelfIntroduceFileId": "5c5ab025fbcb5f19bcab8b85", "PartyLogo": "https://storage.googleapis.com/candidate-thumbs/party/188.png", "CandididatePhoto": "https://storage.googleapis.com/candidate-thumbs/images/31-1-21.jpg"}, {"Unnamed: 0": 7568, "CandidateId": "5cfa1fb7-134c-4bd6-b418-eee6425cde53", "CandidateNo": 22, "FirstName": "สุภาณี", "LastName": "ศรีเมือง", "PartyName": "ไทยศรีวิไลย์", "PartyNumber": 180, "Title": "นาง", "Votable": true, "province_id": 31, "province_name": "บุรีรัมย์", "zone_number": 1, "PartyTerminated": false, "Age": 62, "Occupation": "แม่บ้าน", "HighestEducation": "ปริญญาตรี", "ImageFileId": "5c5aa7c1fbcb5f19bcab7409", "SelfIntroduceFileId": "5c5bf7ccfbcb5f16fc680103", "PartyLogo": "https://storage.googleapis.com/candidate-thumbs/party/180.png", "CandididatePhoto": "https://storage.googleapis.com/candidate-thumbs/images/31-1-22.jpg"}, {"Unnamed: 0": 7569, "CandidateId": "7430b6e5-3562-491f-a5ae-705f85712f55", "CandidateNo": 23, "FirstName": "พัสกร", "LastName": "พาบุ", "PartyName": "ครูไทยเพื่อประชาชน", "PartyNumber": 118, "Title": "นาย", "Votable": true, "province_id": 31, "province_name": "บุรีรัมย์", "zone_number": 1, "PartyTerminated": false, "Age": 54, "Occupation": "ค้าขาย", "HighestEducation": "ต่ำกว่าปริญญาตรี", "ImageFileId": "5c5ba0c4fbcb5f16fc6586af", "SelfIntroduceFileId": "5c5ba22efbcb5f16fc65910d", "PartyLogo": "https://storage.googleapis.com/candidate-thumbs/party/118.png", "CandididatePhoto": "https://storage.googleapis.com/candidate-thumbs/images/31-1-23.jpg"}, {"Unnamed: 0": 7570, "CandidateId": "96080d2b-f2af-4eb7-b021-dbcbeca7b8f2", "CandidateNo": 24, "FirstName": "สมเกียรติ", "LastName": "ขุนแข็ง", "PartyName": "พลังสังคม", "PartyNumber": 198, "Title": "นาย", "Votable": true, "province_id": 31, "province_name": "บุรีรัมย์", "zone_number": 1, "PartyTerminated": false, "Age": 54, "Occupation": "เกษตรกร", "HighestEducation": "ต่ำกว่าปริญญาตรี", "ImageFileId": "5c5bb59bfbcb5f16fc6627b9", "SelfIntroduceFileId": "5c5bbc27fbcb5f16fc6653b9", "PartyLogo": "https://storage.googleapis.com/candidate-thumbs/party/198.png", "CandididatePhoto": "https://storage.googleapis.com/candidate-thumbs/images/31-1-24.jpg"}, {"Unnamed: 0": 7571, "CandidateId": "51b44319-d5ba-416d-8d60-aa5b20258660", "CandidateNo": 25, "FirstName": "จักรพงษ์", "LastName": "คะชุนรัมย์", "PartyName": "พลังไทยรักไทย", "PartyNumber": 185, "Title": "นาย", "Votable": true, "province_id": 31, "province_name": "บุรีรัมย์", "zone_number": 1, "PartyTerminated": false, "Age": 45, "Occupation": "รับจ้าง", "HighestEducation": "ปริญญาตรี", "ImageFileId": "5c5bf390fbcb5f16fc67e60f", "SelfIntroduceFileId": "5c5bf4e6fbcb5f16fc67ef67", "PartyLogo": "https://storage.googleapis.com/candidate-thumbs/party/185.png", "CandididatePhoto": "https://storage.googleapis.com/candidate-thumbs/images/31-1-25.jpg"}, {"Unnamed: 0": 7572, "CandidateId": "31e610df-6be8-48f6-b185-9f0d7cb3d0a1", "CandidateNo": 26, "FirstName": "คุณากร", "LastName": "แสนธิ", "PartyName": "พลังชาติไทย", "PartyNumber": 186, "Title": "นาย", "Votable": true, "province_id": 31, "province_name": "บุรีรัมย์", "zone_number": 1, "PartyTerminated": false, "Age": 67, "Occupation": "พนักงานบริษัท", "HighestEducation": "ต่ำกว่าปริญญาตรี", "ImageFileId": "5c5bfc36fbcb5f16fc681346", "SelfIntroduceFileId": "5c5c186efbcb5f16fc684aac", "PartyLogo": "https://storage.googleapis.com/candidate-thumbs/party/186.png", "CandididatePhoto": "https://storage.googleapis.com/candidate-thumbs/images/31-1-26.jpg"}, {"Unnamed: 0": 7573, "CandidateId": "0aa854de-0cce-4d12-8e30-246c38d520d2", "CandidateNo": 27, "FirstName": "ประยงค์", "LastName": "สร้อยจิตร", "PartyName": "พลังปวงชนไทย", "PartyNumber": 184, "Title": "สิบเอก", "Votable": true, "province_id": 31, "province_name": "บุรีรัมย์", "zone_number": 1, "PartyTerminated": false, "Age": 69, "Occupation": "ข้าราชการ", "HighestEducation": "ต่ำกว่าปริญญาตรี", "ImageFileId": "5c5d2792fbcb5f0fd8857a5e", "SelfIntroduceFileId": "5c5d36d4fbcb5f0fd885f869", "PartyLogo": "https://storage.googleapis.com/candidate-thumbs/party/184.png", "CandididatePhoto": "https://storage.googleapis.com/candidate-thumbs/images/31-1-27.jpg"}, {"Unnamed: 0": 7574, "CandidateId": "588c9827-7e06-4cf4-8ae2-62ed4ac10a0c", "CandidateNo": 28, "FirstName": "ไพบูลย์", "LastName": "นันทะพันธ์", "PartyName": "พลังประชาธิปไตย", "PartyNumber": 153, "Title": "นาย", "Votable": true, "province_id": 31, "province_name": "บุรีรัมย์", "zone_number": 1, "PartyTerminated": false, "Age": 62, "Occupation": "ค้าขาย", "HighestEducation": "ต่ำกว่าปริญญาตรี", "ImageFileId": "5c5d2d50fbcb5f0fd885aa04", "SelfIntroduceFileId": "5c5d377afbcb5f0fd885fdb8", "PartyLogo": "https://storage.googleapis.com/candidate-thumbs/party/153.png", "CandididatePhoto": "https://storage.googleapis.com/candidate-thumbs/images/31-1-28.jpg"}, {"Unnamed: 0": 7575, "CandidateId": "738e0e19-859c-40d7-8247-45d26edf6d80", "CandidateNo": 29, "FirstName": "รักษ์โยธี", "LastName": "เจริญรัมย์", "PartyName": "ผึ้งหลวง", "PartyNumber": 164, "Title": "นาย", "Votable": true, "province_id": 31, "province_name": "บุรีรัมย์", "zone_number": 1, "PartyTerminated": false, "Age": 43, "Occupation": "รับจ้าง", "HighestEducation": "ต่ำกว่าปริญญาตรี", "ImageFileId": "5c5d34bdfbcb5f0fd885e7ef", "SelfIntroduceFileId": "5c5d38b1fbcb5f0fd88607f2", "PartyLogo": "https://storage.googleapis.com/candidate-thumbs/party/164.png", "CandididatePhoto": "https://storage.googleapis.com/candidate-thumbs/images/31-1-29.jpg"}, {"Unnamed: 0": 7576, "CandidateId": "ca172329-05b9-42b7-bb65-fa807b875666", "CandidateNo": 30, "FirstName": "เสน่ห์", "LastName": "นัคราภิบาล", "PartyName": "พลังศรัทธา", "PartyNumber": 201, "Title": "นาย", "Votable": true, "province_id": 31, "province_name": "บุรีรัมย์", "zone_number": 1, "PartyTerminated": false, "Age": 57, "Occupation": "รับเหมา", "HighestEducation": "ปริญญาตรี", "ImageFileId": "5c5d4315fbcb5f0fd8866e58", "SelfIntroduceFileId": "5c5d4447fbcb5f0fd8867c49", "PartyLogo": "https://storage.googleapis.com/candidate-thumbs/party/201.png", "CandididatePhoto": "https://storage.googleapis.com/candidate-thumbs/images/31-1-30.jpg"}, {"Unnamed: 0": 7577, "CandidateId": "41a1833e-cc21-4216-a0a3-51539bb4c447", "CandidateNo": 31, "FirstName": "ละมัย", "LastName": "พนารินทร์", "PartyName": "ไทรักธรรม", "PartyNumber": 144, "Title": "นาง", "Votable": true, "province_id": 31, "province_name": "บุรีรัมย์", "zone_number": 1, "PartyTerminated": false, "Age": 44, "Occupation": "เกษตรกร", "HighestEducation": "ต่ำกว่าปริญญาตรี", "ImageFileId": "5c5d4c80fbcb5f0fd886d9bb", "SelfIntroduceFileId": "5c5d53b4fbcb5f0fd8872533", "PartyLogo": "https://storage.googleapis.com/candidate-thumbs/party/144.png", "CandididatePhoto": "https://storage.googleapis.com/candidate-thumbs/images/31-1-31.jpg"}]