[{"Unnamed: 0": 7578, "CandidateId": "d4c23f14-a610-4f41-a6de-1b97645dd12b", "CandidateNo": 1, "FirstName": "บุญคง", "LastName": "นพรัตน์วงศกร", "PartyName": "รวมพลังประชาชาติไทย", "PartyNumber": 181, "Title": "นาย", "Votable": true, "province_id": 31, "province_name": "บุรีรัมย์", "zone_number": 2, "PartyTerminated": false, "Age": 66, "Occupation": "ข้าราชการบำนาญ", "HighestEducation": "ต่ำกว่าปริญญาตรี", "ImageFileId": "5c57c110fbcb5f1eec0d6d80", "SelfIntroduceFileId": "5c57ccf7fbcb5f1eec0dc281", "PartyLogo": "https://storage.googleapis.com/candidate-thumbs/party/181.png", "CandididatePhoto": "https://storage.googleapis.com/candidate-thumbs/images/31-2-1.jpg"}, {"Unnamed: 0": 7579, "CandidateId": "01f0a33f-c2c0-47fb-9d58-7fbf029a540b", "CandidateNo": 2, "FirstName": "ปัญทิพา", "LastName": "ภาพยนตร์", "PartyName": "รักษ์ผืนป่าประเทศไทย", "PartyNumber": 133, "Title": "นาง", "Votable": true, "province_id": 31, "province_name": "บุรีรัมย์", "zone_number": 2, "PartyTerminated": false, "Age": 63, "Occupation": "ข้าราชการครูบำนาญ", "HighestEducation": "ปริญญาตรี", "ImageFileId": "5c57cf0efbcb5f1eec0dc9ad", "SelfIntroduceFileId": "5c57d121fbcb5f1eec0dd1c0", "PartyLogo": "https://storage.googleapis.com/candidate-thumbs/party/133.png", "CandididatePhoto": "https://storage.googleapis.com/candidate-thumbs/images/31-2-2.jpg"}, {"Unnamed: 0": 7580, "CandidateId": "0e2389f4-63b2-4c0b-8920-ebfaf5b71bec", "CandidateNo": 3, "FirstName": "รังสิกร", "LastName": "ทิมาตฤกะ", "PartyName": "ภูมิใจไทย", "PartyNumber": 63, "Title": "นาย", "Votable": true, "province_id": 31, "province_name": "บุรีรัมย์", "zone_number": 2, "PartyTerminated": false, "Age": 58, "Occupation": "รองนายกองค์การบริหารส่วนจังหวัด", "HighestEducation": "ต่ำกว่าปริญญาตรี", "ImageFileId": "5c57d2b3fbcb5f1eec0dd748", "SelfIntroduceFileId": "5c57d45ffbcb5f1eec0dde54", "PartyLogo": "https://storage.googleapis.com/candidate-thumbs/party/63.png", "CandididatePhoto": "https://storage.googleapis.com/candidate-thumbs/images/31-2-3.jpg"}, {"Unnamed: 0": 7581, "CandidateId": "a3e87cba-14d8-4bf4-aa12-f8462253e87d", "CandidateNo": 4, "FirstName": "นาทภูวพัฒน์", "LastName": "ฉัพพรรณธนกูร", "PartyName": "ประชาชาติ", "PartyNumber": 187, "Title": "นาย", "Votable": true, "province_id": 31, "province_name": "บุรีรัมย์", "zone_number": 2, "PartyTerminated": false, "Age": 59, "Occupation": "อาชีพอิสระ", "HighestEducation": "ต่ำกว่าปริญญาตรี", "ImageFileId": "5c57d591fbcb5f1eec0de4d0", "SelfIntroduceFileId": "5c57d7e1fbcb5f1eec0dee46", "PartyLogo": "https://storage.googleapis.com/candidate-thumbs/party/187.png", "CandididatePhoto": "https://storage.googleapis.com/candidate-thumbs/images/31-2-4.jpg"}, {"Unnamed: 0": 7582, "CandidateId": "8fa9076b-6f7d-43e7-bc13-1c73eb8d3e2d", "CandidateNo": 5, "FirstName": "ชูศักดิ์", "LastName": "พงษ์สวัสดิ์", "PartyName": "เพื่อชาติ", "PartyNumber": 149, "Title": "นาย", "Votable": true, "province_id": 31, "province_name": "บุรีรัมย์", "zone_number": 2, "PartyTerminated": false, "Age": 56, "Occupation": "ทนายความ", "HighestEducation": "ปริญญาโท", "ImageFileId": "5c57da0cfbcb5f1eec0dfa09", "SelfIntroduceFileId": "5c57dbe6fbcb5f1eec0e034b", "PartyLogo": "https://storage.googleapis.com/candidate-thumbs/party/149.png", "CandididatePhoto": "https://storage.googleapis.com/candidate-thumbs/images/31-2-5.jpg"}, {"Unnamed: 0": 7583, "CandidateId": "f51a55be-51e8-4dbf-902a-938a2550df09", "CandidateNo": 6, "FirstName": "ธีรวุฒิ", "LastName": "ทับทิมหิน", "PartyName": "ประชาธิปัตย์", "PartyNumber": 1, "Title": "นาย", "Votable": true, "province_id": 31, "province_name": "บุรีรัมย์", "zone_number": 2, "PartyTerminated": false, "Age": 42, "Occupation": "ทนายความ", "HighestEducation": "ปริญญาโท", "ImageFileId": "5c57dd72fbcb5f1eec0e0d2b", "SelfIntroduceFileId": "5c57df81fbcb5f1eec0e1a8f", "PartyLogo": "https://storage.googleapis.com/candidate-thumbs/party/1.png", "CandididatePhoto": "https://storage.googleapis.com/candidate-thumbs/images/31-2-6.jpg"}, {"Unnamed: 0": 7584, "CandidateId": "5e75d379-6bce-4ef9-8462-9adc481fdec2", "CandidateNo": 7, "FirstName": "สุรศักดิ์", "LastName": "นาคดี", "PartyName": "เพื่อไทย", "PartyNumber": 34, "Title": "นาย", "Votable": true, "province_id": 31, "province_name": "บุรีรัมย์", "zone_number": 2, "PartyTerminated": false, "Age": 54, "Occupation": "นักการเมือง", "HighestEducation": "ปริญญาโท", "ImageFileId": "5c57e17dfbcb5f1eec0e261e", "SelfIntroduceFileId": "5c57e301fbcb5f1eec0e3180", "PartyLogo": "https://storage.googleapis.com/candidate-thumbs/party/34.png", "CandididatePhoto": "https://storage.googleapis.com/candidate-thumbs/images/31-2-7.jpg"}, {"Unnamed: 0": 7585, "CandidateId": "e0c6a396-1a1d-4326-acdf-dc9d418b2e22", "CandidateNo": 8, "FirstName": "สมใจ", "LastName": "นะตุม", "PartyName": "ชาติพัฒนา", "PartyNumber": 45, "Title": "นาย", "Votable": true, "province_id": 31, "province_name": "บุรีรัมย์", "zone_number": 2, "PartyTerminated": false, "Age": 51, "Occupation": "เกษตรกรรม", "HighestEducation": "ต่ำกว่าปริญญาตรี", "ImageFileId": "5c57e7c1fbcb5f1eec0e5bda", "SelfIntroduceFileId": "5c57e8c2fbcb5f1eec0e64c8", "PartyLogo": "https://storage.googleapis.com/candidate-thumbs/party/45.png", "CandididatePhoto": "https://storage.googleapis.com/candidate-thumbs/images/31-2-8.jpg"}, {"Unnamed: 0": 7586, "CandidateId": "5a1d44f4-edc9-4dde-bbcc-a4679c4a2e49", "CandidateNo": 9, "FirstName": "วรพจน์", "LastName": "วิบูลย์วิริยะสกุล", "PartyName": "พลังประชารัฐ", "PartyNumber": 192, "Title": "นาย", "Votable": true, "province_id": 31, "province_name": "บุรีรัมย์", "zone_number": 2, "PartyTerminated": false, "Age": 45, "Occupation": "สมาชิกสภาท้องถิ่น", "HighestEducation": "ปริญญาโท", "ImageFileId": "5c57eb8dfbcb5f1eec0e77d0", "SelfIntroduceFileId": "5c57ed58fbcb5f1eec0e8978", "PartyLogo": "https://storage.googleapis.com/candidate-thumbs/party/192.png", "CandididatePhoto": "https://storage.googleapis.com/candidate-thumbs/images/31-2-9.jpg"}, {"Unnamed: 0": 7587, "CandidateId": "82b29469-68e9-4f23-b075-ceedb126b1aa", "CandidateNo": 10, "FirstName": "ธัญญรัตน์", "LastName": "สุกแสง", "PartyName": "เสรีรวมไทย", "PartyNumber": 145, "Title": "นาง", "Votable": true, "province_id": 31, "province_name": "บุรีรัมย์", "zone_number": 2, "PartyTerminated": false, "Age": 43, "Occupation": "ธุรกิจส่วนตัว", "HighestEducation": "ต่ำกว่าปริญญาตรี", "ImageFileId": "5c57ee24fbcb5f1eec0e8fc6", "SelfIntroduceFileId": "5c57f095fbcb5f1eec0ea7f1", "PartyLogo": "https://storage.googleapis.com/candidate-thumbs/party/145.png", "CandididatePhoto": "https://storage.googleapis.com/candidate-thumbs/images/31-2-10.jpg"}, {"Unnamed: 0": 7588, "CandidateId": "b891a8bc-1583-4bb7-ad19-1f5352bbd1f8", "CandidateNo": 11, "FirstName": "พรสวรรณ์", "LastName": "สีหะวงษ์", "PartyName": "ประชาชนปฏิรูป", "PartyNumber": 176, "Title": "นางสาว", "Votable": true, "province_id": 31, "province_name": "บุรีรัมย์", "zone_number": 2, "PartyTerminated": false, "Age": 39, "Occupation": "ธุรกิจส่วนตัว", "HighestEducation": "ต่ำกว่าปริญญาตรี", "ImageFileId": "5c57f185fbcb5f1eec0eb026", "SelfIntroduceFileId": "5c57f341fbcb5f1eec0ec16b", "PartyLogo": "https://storage.googleapis.com/candidate-thumbs/party/176.png", "CandididatePhoto": "https://storage.googleapis.com/candidate-thumbs/images/31-2-11.jpg"}, {"Unnamed: 0": 7589, "CandidateId": "77931e08-ac34-4544-8aa0-cc310db088a9", "CandidateNo": 12, "FirstName": "จัตุพงษ์", "LastName": "ขันติวงศ์", "PartyName": "ประชาภิวัฒน์", "PartyNumber": 172, "Title": "นาย", "Votable": true, "province_id": 31, "province_name": "บุรีรัมย์", "zone_number": 2, "PartyTerminated": false, "Age": 46, "Occupation": "ธุรกิจส่วนตัว", "HighestEducation": "ปริญญาโท", "ImageFileId": "5c57f435fbcb5f1eec0ecb04", "SelfIntroduceFileId": "5c57f859fbcb5f1eec0ef574", "PartyLogo": "https://storage.googleapis.com/candidate-thumbs/party/172.png", "CandididatePhoto": "https://storage.googleapis.com/candidate-thumbs/images/31-2-12.jpg"}, {"Unnamed: 0": 7590, "CandidateId": "fa97247f-3d2e-4866-bfe9-a0313960eb1e", "CandidateNo": 13, "FirstName": "กฤช", "LastName": "อุปจันแพงวงศ์", "PartyName": "เพื่อนไทย", "PartyNumber": 179, "Title": "นาย", "Votable": false, "province_id": 31, "province_name": "บุรีรัมย์", "zone_number": 2, "PartyTerminated": false, "Age": 58, "Occupation": "นักวิชาการ/อาจารย์พิเศษๆ", "HighestEducation": "ปริญญาเอก", "ImageFileId": "5c57f9a2fbcb5f1eec0f0157", "SelfIntroduceFileId": "5c57fb72fbcb5f1eec0f1a0d", "PartyLogo": "https://storage.googleapis.com/candidate-thumbs/party/179.png", "CandididatePhoto": "https://storage.googleapis.com/candidate-thumbs/images/31-2-13.jpg"}, {"Unnamed: 0": 7591, "CandidateId": "f55d9cd7-6bcc-4c42-afa2-e732f8771651", "CandidateNo": 14, "FirstName": "ประดิษฐ์", "LastName": "พันธุ์พินิจ", "PartyName": "เพื่อแผ่นดิน", "PartyNumber": 41, "Title": "นาย", "Votable": true, "province_id": 31, "province_name": "บุรีรัมย์", "zone_number": 2, "PartyTerminated": false, "Age": 74, "Occupation": "ผู้จัดการ บ.สยามกลการ จ.บุรีรัมย์", "HighestEducation": "ต่ำกว่าปริญญาตรี", "ImageFileId": "5c57fcb2fbcb5f1eec0f2e21", "SelfIntroduceFileId": "5c57ff3afbcb5f1eec0f52a1", "PartyLogo": "https://storage.googleapis.com/candidate-thumbs/party/41.png", "CandididatePhoto": "https://storage.googleapis.com/candidate-thumbs/images/31-2-14.jpg"}, {"Unnamed: 0": 7592, "CandidateId": "bff41b0e-c8ed-4e70-86c5-25edcf4da192", "CandidateNo": 15, "FirstName": "เฉลียว", "LastName": "แก้วศรี", "PartyName": "พลังท้องถิ่นไท", "PartyNumber": 124, "Title": "นาย", "Votable": true, "province_id": 31, "province_name": "บุรีรัมย์", "zone_number": 2, "PartyTerminated": false, "Age": 55, "Occupation": "เกษตรกร", "HighestEducation": "ต่ำกว่าปริญญาตรี", "ImageFileId": "5c5802f1fbcb5f1eec0f8753", "SelfIntroduceFileId": "5c58044cfbcb5f1eec0f9b3a", "PartyLogo": "https://storage.googleapis.com/candidate-thumbs/party/124.png", "CandididatePhoto": "https://storage.googleapis.com/candidate-thumbs/images/31-2-15.jpg"}, {"Unnamed: 0": 7593, "CandidateId": "c0239dc8-d3dc-4b92-96e2-ab9be3fb360b", "CandidateNo": 16, "FirstName": "อิสรีย์", "LastName": "อภิสิริรุจิภาส", "PartyName": "อนาคตใหม่", "PartyNumber": 177, "Title": "นางสาว", "Votable": true, "province_id": 31, "province_name": "บุรีรัมย์", "zone_number": 2, "PartyTerminated": false, "Age": 37, "Occupation": "ที่ปรึกษาการเงิน", "HighestEducation": "ปริญญาโท", "ImageFileId": "5c5908fbfbcb5f1d88143317", "SelfIntroduceFileId": "5c590b13fbcb5f1d881451a8", "PartyLogo": "https://storage.googleapis.com/candidate-thumbs/party/177.png", "CandididatePhoto": "https://storage.googleapis.com/candidate-thumbs/images/31-2-16.jpg"}, {"Unnamed: 0": 7594, "CandidateId": "8a712688-304d-4331-8e9e-f4466798627a", "CandidateNo": 17, "FirstName": "พิชัย", "LastName": "สุริยะสุขประเสริฐ", "PartyName": "ประชาธรรมไทย", "PartyNumber": 190, "Title": "พันเอก", "Votable": true, "province_id": 31, "province_name": "บุรีรัมย์", "zone_number": 2, "PartyTerminated": false, "Age": 61, "Occupation": "ข้าราชการบำนาญ", "HighestEducation": "ปริญญาเอก", "ImageFileId": "5c592ec6fbcb5f1d8815f04a", "SelfIntroduceFileId": "5c5931dcfbcb5f1d8816174d", "PartyLogo": "https://storage.googleapis.com/candidate-thumbs/party/190.png", "CandididatePhoto": "https://storage.googleapis.com/candidate-thumbs/images/31-2-17.jpg"}, {"Unnamed: 0": 7595, "CandidateId": "f849dc36-880a-423b-88fa-696eee19e94d", "CandidateNo": 18, "FirstName": "ศุภชัย", "LastName": "เถกิงผล", "PartyName": "พลังไทยรักไทย", "PartyNumber": 185, "Title": "นาย", "Votable": true, "province_id": 31, "province_name": "บุรีรัมย์", "zone_number": 2, "PartyTerminated": false, "Age": 38, "Occupation": "-", "HighestEducation": "ต่ำกว่าปริญญาตรี", "ImageFileId": "5c593b43fbcb5f1d88169d45", "SelfIntroduceFileId": "5c593cdafbcb5f1d8816aefb", "PartyLogo": "https://storage.googleapis.com/candidate-thumbs/party/185.png", "CandididatePhoto": "https://storage.googleapis.com/candidate-thumbs/images/31-2-18.jpg"}, {"Unnamed: 0": 7596, "CandidateId": "188fc2dc-9772-4936-92f1-f057a703afa6", "CandidateNo": 19, "FirstName": "สุรพรชัย", "LastName": "ภูมิอินทร์", "PartyName": "ชาติไทยพัฒนา", "PartyNumber": 55, "Title": "นาย", "Votable": true, "province_id": 31, "province_name": "บุรีรัมย์", "zone_number": 2, "PartyTerminated": false, "Age": 49, "Occupation": "รับจ้าง", "HighestEducation": "ต่ำกว่าปริญญาตรี", "ImageFileId": "5c5a5a93fbcb5f19bca97ee7", "SelfIntroduceFileId": "5c5a5dd2fbcb5f19bca99cfa", "PartyLogo": "https://storage.googleapis.com/candidate-thumbs/party/55.png", "CandididatePhoto": "https://storage.googleapis.com/candidate-thumbs/images/31-2-19.jpg"}, {"Unnamed: 0": 7597, "CandidateId": "3990e3e7-b293-4905-98ca-fb14ccf72aea", "CandidateNo": 20, "FirstName": "ภาลินี", "LastName": "พัชนี", "PartyName": "ไทยศรีวิไลย์", "PartyNumber": 180, "Title": "นางสาว", "Votable": true, "province_id": 31, "province_name": "บุรีรัมย์", "zone_number": 2, "PartyTerminated": false, "Age": 42, "Occupation": "ทำนา", "HighestEducation": "ต่ำกว่าปริญญาตรี", "ImageFileId": "5c5aaca1fbcb5f19bcab828f", "SelfIntroduceFileId": "5c5aae97fbcb5f19bcab8898", "PartyLogo": "https://storage.googleapis.com/candidate-thumbs/party/180.png", "CandididatePhoto": "https://storage.googleapis.com/candidate-thumbs/images/31-2-20.jpg"}, {"Unnamed: 0": 7598, "CandidateId": "a141ea0c-cdd2-468c-918d-cda8ad5d93cc", "CandidateNo": 21, "FirstName": "ประยงค์", "LastName": "โพธิ์ทอง", "PartyName": "ครูไทยเพื่อประชาชน", "PartyNumber": 118, "Title": "นาย", "Votable": true, "province_id": 31, "province_name": "บุรีรัมย์", "zone_number": 2, "PartyTerminated": false, "Age": 53, "Occupation": "เกษตรกร", "HighestEducation": "ต่ำกว่าปริญญาตรี", "ImageFileId": "5c5b9b71fbcb5f16fc6566da", "SelfIntroduceFileId": "5c5bab45fbcb5f16fc65cf5d", "PartyLogo": "https://storage.googleapis.com/candidate-thumbs/party/118.png", "CandididatePhoto": "https://storage.googleapis.com/candidate-thumbs/images/31-2-21.jpg"}, {"Unnamed: 0": 7599, "CandidateId": "1b02b17e-bf7e-4303-9c88-b2f457d672d0", "CandidateNo": 22, "FirstName": "อำพร", "LastName": "ขุมทอง", "PartyName": "มหาชน", "PartyNumber": 4, "Title": "นาง", "Votable": true, "province_id": 31, "province_name": "บุรีรัมย์", "zone_number": 2, "PartyTerminated": false, "Age": 56, "Occupation": "-", "HighestEducation": "ต่ำกว่าปริญญาตรี", "ImageFileId": "5c5bb181fbcb5f16fc6607d0", "SelfIntroduceFileId": "5c5bb435fbcb5f16fc661ee4", "PartyLogo": "https://storage.googleapis.com/candidate-thumbs/party/4.png", "CandididatePhoto": "https://storage.googleapis.com/candidate-thumbs/images/31-2-22.jpg"}, {"Unnamed: 0": 7600, "CandidateId": "691109eb-54ad-4f3d-894f-bc97ab280830", "CandidateNo": 23, "FirstName": "ยุทธภพ", "LastName": "เผือกมูล", "PartyName": "พลังสังคม", "PartyNumber": 198, "Title": "นาย", "Votable": true, "province_id": 31, "province_name": "บุรีรัมย์", "zone_number": 2, "PartyTerminated": false, "Age": 44, "Occupation": "รับจ้าง", "HighestEducation": "ต่ำกว่าปริญญาตรี", "ImageFileId": "5c5bc0fffbcb5f16fc6669a3", "SelfIntroduceFileId": "5c5bc29dfbcb5f16fc666dbd", "PartyLogo": "https://storage.googleapis.com/candidate-thumbs/party/198.png", "CandididatePhoto": "https://storage.googleapis.com/candidate-thumbs/images/31-2-23.jpg"}, {"Unnamed: 0": 7601, "CandidateId": "674f3d6b-dc8c-4975-9796-c96a21bafa87", "CandidateNo": 24, "FirstName": "สุทัศน์", "LastName": "ทองไหม", "PartyName": "พลังชาติไทย", "PartyNumber": 186, "Title": "นาย", "Votable": true, "province_id": 31, "province_name": "บุรีรัมย์", "zone_number": 2, "PartyTerminated": false, "Age": 55, "Occupation": "เกษตรกร", "HighestEducation": "ต่ำกว่าปริญญาตรี", "ImageFileId": "5c5bdd33fbcb5f16fc6723c5", "SelfIntroduceFileId": "5c5be235fbcb5f16fc674d62", "PartyLogo": "https://storage.googleapis.com/candidate-thumbs/party/186.png", "CandididatePhoto": "https://storage.googleapis.com/candidate-thumbs/images/31-2-24.jpg"}, {"Unnamed: 0": 7602, "CandidateId": "0a886990-49b3-48df-831f-5cbced5f9dda", "CandidateNo": 25, "FirstName": "ศักรินทร์", "LastName": "ภาษี", "PartyName": "กรีน", "PartyNumber": 206, "Title": "นาย", "Votable": true, "province_id": 31, "province_name": "บุรีรัมย์", "zone_number": 2, "PartyTerminated": false, "Age": 39, "Occupation": "เกษตรกรรม", "HighestEducation": "ต่ำกว่าปริญญาตรี", "ImageFileId": "5c5be2cffbcb5f16fc6753c2", "SelfIntroduceFileId": "5c5be45efbcb5f16fc675e30", "PartyLogo": "https://storage.googleapis.com/candidate-thumbs/party/206.png", "CandididatePhoto": "https://storage.googleapis.com/candidate-thumbs/images/31-2-25.jpg"}, {"Unnamed: 0": 7603, "CandidateId": "09dc5146-2f21-4364-a744-297e553fc89b", "CandidateNo": 26, "FirstName": "สนม", "LastName": "อุ่นสำโรง", "PartyName": "ประชาไทย", "PartyNumber": 205, "Title": "นาย", "Votable": true, "province_id": 31, "province_name": "บุรีรัมย์", "zone_number": 2, "PartyTerminated": false, "Age": 51, "Occupation": "เกษตรกร", "HighestEducation": "ต่ำกว่าปริญญาตรี", "ImageFileId": "5c5bf6ecfbcb5f16fc67fd2e", "SelfIntroduceFileId": "5c5bf7a5fbcb5f16fc680027", "PartyLogo": "https://storage.googleapis.com/candidate-thumbs/party/205.png", "CandididatePhoto": "https://storage.googleapis.com/candidate-thumbs/images/31-2-26.jpg"}, {"Unnamed: 0": 7604, "CandidateId": "ff06568e-649e-43c5-af08-ac5b678abad7", "CandidateNo": 27, "FirstName": "สงบ", "LastName": "ไชยศิริ", "PartyName": "ผึ้งหลวง", "PartyNumber": 164, "Title": "นาย", "Votable": true, "province_id": 31, "province_name": "บุรีรัมย์", "zone_number": 2, "PartyTerminated": false, "Age": 65, "Occupation": "รับจ้างตัดย็บเสื้อผ้า", "HighestEducation": "ต่ำกว่าปริญญาตรี", "ImageFileId": "5c5d19dbfbcb5f0fd8851593", "SelfIntroduceFileId": "5c5d1ab5fbcb5f0fd885199b", "PartyLogo": "https://storage.googleapis.com/candidate-thumbs/party/164.png", "CandididatePhoto": "https://storage.googleapis.com/candidate-thumbs/images/31-2-27.jpg"}, {"Unnamed: 0": 7605, "CandidateId": "136b3536-aff2-44c8-ae29-d383d3aa5ff7", "CandidateNo": 28, "FirstName": "เฉลา", "LastName": "แสร์สินธุ์", "PartyName": "พลังปวงชนไทย", "PartyNumber": 184, "Title": "นาย", "Votable": true, "province_id": 31, "province_name": "บุรีรัมย์", "zone_number": 2, "PartyTerminated": false, "Age": 64, "Occupation": "เกษตรกร", "HighestEducation": "ต่ำกว่าปริญญาตรี", "ImageFileId": "5c5d336bfbcb5f0fd885de84", "SelfIntroduceFileId": "5c5d33f7fbcb5f0fd885e285", "PartyLogo": "https://storage.googleapis.com/candidate-thumbs/party/184.png", "CandididatePhoto": "https://storage.googleapis.com/candidate-thumbs/images/31-2-28.jpg"}, {"Unnamed: 0": 7606, "CandidateId": "77c0dfd9-cbc3-4ffe-98cf-b388edc14558", "CandidateNo": 29, "FirstName": "บรรจง", "LastName": "โคมร้าย", "PartyName": "พลังศรัทธา", "PartyNumber": 201, "Title": "นาย", "Votable": true, "province_id": 31, "province_name": "บุรีรัมย์", "zone_number": 2, "PartyTerminated": false, "Age": 40, "Occupation": "เกษตรกร", "HighestEducation": "ต่ำกว่าปริญญาตรี", "ImageFileId": "5c5d47a4fbcb5f0fd8869e5a", "SelfIntroduceFileId": "5c5d4a22fbcb5f0fd886be1c", "PartyLogo": "https://storage.googleapis.com/candidate-thumbs/party/201.png", "CandididatePhoto": "https://storage.googleapis.com/candidate-thumbs/images/31-2-29.jpg"}, {"Unnamed: 0": 7607, "CandidateId": "f56fc7c3-9587-4ead-a425-ec62ebdb81ba", "CandidateNo": 30, "FirstName": "ปรีชา", "LastName": "ปักเสติ", "PartyName": "เศรษฐกิจใหม่", "PartyNumber": 193, "Title": "นาย", "Votable": true, "province_id": 31, "province_name": "บุรีรัมย์", "zone_number": 2, "PartyTerminated": false, "Age": 47, "Occupation": "เกษตรกร", "HighestEducation": "ต่ำกว่าปริญญาตรี", "ImageFileId": "5c5d4e11fbcb5f0fd886e866", "SelfIntroduceFileId": "5c5d4ef1fbcb5f0fd886f0b8", "PartyLogo": "https://storage.googleapis.com/candidate-thumbs/party/193.png", "CandididatePhoto": "https://storage.googleapis.com/candidate-thumbs/images/31-2-30.jpg"}, {"Unnamed: 0": 7608, "CandidateId": "b2ef46c4-d651-4190-acc9-be8867a65536", "CandidateNo": 31, "FirstName": "อารยา", "LastName": "เต็นตารัมย์", "PartyName": "ไทรักธรรม", "PartyNumber": 144, "Title": "นางสาว", "Votable": true, "province_id": 31, "province_name": "บุรีรัมย์", "zone_number": 2, "PartyTerminated": false, "Age": 45, "Occupation": "ผอ.การตลาด บริษัทเอกชน", "HighestEducation": "ต่ำกว่าปริญญาตรี", "ImageFileId": "5c5d54aafbcb5f0fd88730d9", "SelfIntroduceFileId": "5c5d5523fbcb5f0fd8873a1f", "PartyLogo": "https://storage.googleapis.com/candidate-thumbs/party/144.png", "CandididatePhoto": "https://storage.googleapis.com/candidate-thumbs/images/31-2-31.jpg"}]