[{"Unnamed: 0": 7609, "CandidateId": "697d9c79-3c65-4be2-8c4f-105707bb1fb6", "CandidateNo": 1, "FirstName": "วิเชียร", "LastName": "สุขใหญ่", "PartyName": "เพื่อชาติ", "PartyNumber": 149, "Title": "นาย", "Votable": true, "province_id": 31, "province_name": "บุรีรัมย์", "zone_number": 3, "PartyTerminated": false, "Age": 54, "Occupation": "เกษตรกร", "HighestEducation": "ต่ำกว่าปริญญาตรี", "ImageFileId": "5c59248cfbcb5f1d88155ee5", "SelfIntroduceFileId": "5c58f01efbcb5f1d88131f4a", "PartyLogo": "https://storage.googleapis.com/candidate-thumbs/party/149.png", "CandididatePhoto": "https://storage.googleapis.com/candidate-thumbs/images/31-3-1.jpg"}, {"Unnamed: 0": 7610, "CandidateId": "ccaaa501-fde3-4f72-95c2-779a3b882cc7", "CandidateNo": 2, "FirstName": "สมบูรณ์", "LastName": "ซารัมย์", "PartyName": "ภูมิใจไทย", "PartyNumber": 63, "Title": "นาย", "Votable": true, "province_id": 31, "province_name": "บุรีรัมย์", "zone_number": 3, "PartyTerminated": false, "Age": 62, "Occupation": "เกษตรกรรม", "HighestEducation": "ปริญญาตรี", "ImageFileId": "5c5924cbfbcb5f1d881561b1", "SelfIntroduceFileId": "5c592431fbcb5f1d88155bcb", "PartyLogo": "https://storage.googleapis.com/candidate-thumbs/party/63.png", "CandididatePhoto": "https://storage.googleapis.com/candidate-thumbs/images/31-3-2.jpg"}, {"Unnamed: 0": 7611, "CandidateId": "9c1c8a25-3e27-44a0-ae75-bd90ddde29a1", "CandidateNo": 3, "FirstName": "สมคิด", "LastName": "สินไธสง", "PartyName": "ประชาธิปัตย์", "PartyNumber": 1, "Title": "นาย", "Votable": true, "province_id": 31, "province_name": "บุรีรัมย์", "zone_number": 3, "PartyTerminated": false, "Age": 67, "Occupation": "หัวหน้าพรรคการเมือง สำนักงาน กกต.บุรีรัมย์", "HighestEducation": "ปริญญาโท", "ImageFileId": "5c5924fffbcb5f1d88156440", "SelfIntroduceFileId": NaN, "PartyLogo": "https://storage.googleapis.com/candidate-thumbs/party/1.png", "CandididatePhoto": "https://storage.googleapis.com/candidate-thumbs/images/31-3-3.jpg"}, {"Unnamed: 0": 7612, "CandidateId": "6f0a4fb6-ab17-4e86-ac9b-e672f6aba766", "CandidateNo": 4, "FirstName": "สิริอร", "LastName": "มาตรคำจันทร์", "PartyName": "ชาติพัฒนา", "PartyNumber": 45, "Title": "นางสาว", "Votable": true, "province_id": 31, "province_name": "บุรีรัมย์", "zone_number": 3, "PartyTerminated": false, "Age": 50, "Occupation": "ค้าขาย", "HighestEducation": "ต่ำกว่าปริญญาตรี", "ImageFileId": "5c592536fbcb5f1d881565eb", "SelfIntroduceFileId": "5c5d2620fbcb5f0fd8856e7f", "PartyLogo": "https://storage.googleapis.com/candidate-thumbs/party/45.png", "CandididatePhoto": "https://storage.googleapis.com/candidate-thumbs/images/31-3-4.jpg"}, {"Unnamed: 0": 7613, "CandidateId": "b7b561a2-26a4-4fcb-9656-e804c1df718f", "CandidateNo": 5, "FirstName": "เกตน์สิรี", "LastName": "พูนทรัพย์", "PartyName": "ประชาชนปฏิรูป", "PartyNumber": 176, "Title": "นางสาว", "Votable": true, "province_id": 31, "province_name": "บุรีรัมย์", "zone_number": 3, "PartyTerminated": false, "Age": 28, "Occupation": "ค้าขาย", "HighestEducation": "ต่ำกว่าปริญญาตรี", "ImageFileId": "5c64244efbcb5f0fb8d98afc", "SelfIntroduceFileId": "5c591ec9fbcb5f1d881528b4", "PartyLogo": "https://storage.googleapis.com/candidate-thumbs/party/176.png", "CandididatePhoto": "https://storage.googleapis.com/candidate-thumbs/images/31-3-5.jpg"}, {"Unnamed: 0": 7614, "CandidateId": "a1eff128-e843-45a9-8d39-a8b7570fb4b6", "CandidateNo": 6, "FirstName": "บุญเชียง", "LastName": "นาคกูล", "PartyName": "รักษ์ผืนป่าประเทศไทย", "PartyNumber": 133, "Title": "นาย", "Votable": true, "province_id": 31, "province_name": "บุรีรัมย์", "zone_number": 3, "PartyTerminated": false, "Age": 64, "Occupation": "ครู", "HighestEducation": "ปริญญาตรี", "ImageFileId": "5c6521a9fbcb5f1b4c4cbb39", "SelfIntroduceFileId": "5c591cf3fbcb5f1d88151d73", "PartyLogo": "https://storage.googleapis.com/candidate-thumbs/party/133.png", "CandididatePhoto": "https://storage.googleapis.com/candidate-thumbs/images/31-3-6.jpg"}, {"Unnamed: 0": 7615, "CandidateId": "ef4128c2-6a2d-4349-b232-70b10a5ec28e", "CandidateNo": 7, "FirstName": "ภัทรพงศ์", "LastName": "ศุภักษร", "PartyName": "อนาคตใหม่", "PartyNumber": 177, "Title": "นาย", "Votable": true, "province_id": 31, "province_name": "บุรีรัมย์", "zone_number": 3, "PartyTerminated": false, "Age": 36, "Occupation": "ทนายความ", "HighestEducation": "ปริญญาตรี", "ImageFileId": "5c592618fbcb5f1d88157259", "SelfIntroduceFileId": "5c59156efbcb5f1d8814e2ab", "PartyLogo": "https://storage.googleapis.com/candidate-thumbs/party/177.png", "CandididatePhoto": "https://storage.googleapis.com/candidate-thumbs/images/31-3-7.jpg"}, {"Unnamed: 0": 7616, "CandidateId": "6b2cabe6-f311-495b-9b46-41e96809c1b5", "CandidateNo": 8, "FirstName": "อภิรักษ์", "LastName": "ลิ้มรัตน์", "PartyName": "พลังประชารัฐ", "PartyNumber": 192, "Title": "นาย", "Votable": true, "province_id": 31, "province_name": "บุรีรัมย์", "zone_number": 3, "PartyTerminated": false, "Age": 53, "Occupation": "ธุรกิจส่วนตัว", "HighestEducation": "ปริญญาโท", "ImageFileId": "5c592646fbcb5f1d881575e5", "SelfIntroduceFileId": "5c59138dfbcb5f1d8814cab1", "PartyLogo": "https://storage.googleapis.com/candidate-thumbs/party/192.png", "CandididatePhoto": "https://storage.googleapis.com/candidate-thumbs/images/31-3-8.jpg"}, {"Unnamed: 0": 7617, "CandidateId": "b624fe74-2fc2-4822-8d83-f1d6744739f0", "CandidateNo": 9, "FirstName": "สุรศักดิ์", "LastName": "เลี้ยงผ่องพันธุ์", "PartyName": "เพื่อนไทย", "PartyNumber": 179, "Title": "นาย", "Votable": false, "province_id": 31, "province_name": "บุรีรัมย์", "zone_number": 3, "PartyTerminated": false, "Age": 44, "Occupation": "ธุรกิจส่วนตัว", "HighestEducation": "ปริญญาตรี", "ImageFileId": "5c592676fbcb5f1d881578ba", "SelfIntroduceFileId": "5c591145fbcb5f1d8814aa46", "PartyLogo": "https://storage.googleapis.com/candidate-thumbs/party/179.png", "CandididatePhoto": "https://storage.googleapis.com/candidate-thumbs/images/31-3-9.jpg"}, {"Unnamed: 0": 7618, "CandidateId": "5c1961f6-2c77-44b1-8ba3-06b565ff09a2", "CandidateNo": 10, "FirstName": "ภาณุพล", "LastName": "ฉาไธสง", "PartyName": "รวมพลังประชาชาติไทย", "PartyNumber": 181, "Title": "นาย", "Votable": true, "province_id": 31, "province_name": "บุรีรัมย์", "zone_number": 3, "PartyTerminated": false, "Age": 69, "Occupation": "ครูชำนาญการพิเศษ", "HighestEducation": "ปริญญาตรี", "ImageFileId": "5c5926a4fbcb5f1d88157a81", "SelfIntroduceFileId": "5c590efcfbcb5f1d881487d1", "PartyLogo": "https://storage.googleapis.com/candidate-thumbs/party/181.png", "CandididatePhoto": "https://storage.googleapis.com/candidate-thumbs/images/31-3-10.jpg"}, {"Unnamed: 0": 7619, "CandidateId": "3b722555-3979-4a8f-921a-93e5b4b0ea8b", "CandidateNo": 11, "FirstName": "พีระพงษ์", "LastName": "เฮงสวัสดิ์", "PartyName": "เพื่อไทย", "PartyNumber": 34, "Title": "นาย", "Votable": true, "province_id": 31, "province_name": "บุรีรัมย์", "zone_number": 3, "PartyTerminated": false, "Age": 67, "Occupation": "ค้าขาย", "HighestEducation": "ปริญญาตรี", "ImageFileId": "5c5926d4fbcb5f1d88157c62", "SelfIntroduceFileId": "5c5908d7fbcb5f1d881430f3", "PartyLogo": "https://storage.googleapis.com/candidate-thumbs/party/34.png", "CandididatePhoto": "https://storage.googleapis.com/candidate-thumbs/images/31-3-11.jpg"}, {"Unnamed: 0": 7620, "CandidateId": "07e82614-7318-4c16-afcf-3e259df4a077", "CandidateNo": 12, "FirstName": "สมพงษ์", "LastName": "พันธุ์ศรี", "PartyName": "เสรีรวมไทย", "PartyNumber": 145, "Title": "ร.ต.ท.", "Votable": true, "province_id": 31, "province_name": "บุรีรัมย์", "zone_number": 3, "PartyTerminated": false, "Age": 63, "Occupation": "ข้าราชการ", "HighestEducation": "ต่ำกว่าปริญญาตรี", "ImageFileId": "5c592701fbcb5f1d88157d7e", "SelfIntroduceFileId": "5c590540fbcb5f1d881401ef", "PartyLogo": "https://storage.googleapis.com/candidate-thumbs/party/145.png", "CandididatePhoto": "https://storage.googleapis.com/candidate-thumbs/images/31-3-12.jpg"}, {"Unnamed: 0": 7621, "CandidateId": "7e610fd9-7926-44c3-8fc3-447c63025d0c", "CandidateNo": 13, "FirstName": "ประกาย", "LastName": "ศรีวงค์", "PartyName": "เศรษฐกิจใหม่", "PartyNumber": 193, "Title": "นางสาว", "Votable": true, "province_id": 31, "province_name": "บุรีรัมย์", "zone_number": 3, "PartyTerminated": false, "Age": 48, "Occupation": "อิสระ", "HighestEducation": "ต่ำกว่าปริญญาตรี", "ImageFileId": "5c59274cfbcb5f1d881581d2", "SelfIntroduceFileId": "5c59018ffbcb5f1d8813d5d4", "PartyLogo": "https://storage.googleapis.com/candidate-thumbs/party/193.png", "CandididatePhoto": "https://storage.googleapis.com/candidate-thumbs/images/31-3-13.jpg"}, {"Unnamed: 0": 7622, "CandidateId": "64b4fdf5-4d81-409c-be77-993da78c61dc", "CandidateNo": 14, "FirstName": "ลักกี้", "LastName": "ขำเอนก", "PartyName": "ชาติไทยพัฒนา", "PartyNumber": 55, "Title": "นาย", "Votable": true, "province_id": 31, "province_name": "บุรีรัมย์", "zone_number": 3, "PartyTerminated": false, "Age": 48, "Occupation": "เกษตรกร", "HighestEducation": "ต่ำกว่าปริญญาตรี", "ImageFileId": "5c592775fbcb5f1d8815829e", "SelfIntroduceFileId": "5c58fd99fbcb5f1d8813a4a6", "PartyLogo": "https://storage.googleapis.com/candidate-thumbs/party/55.png", "CandididatePhoto": "https://storage.googleapis.com/candidate-thumbs/images/31-3-14.jpg"}, {"Unnamed: 0": 7623, "CandidateId": "c3b558bd-a082-4860-a591-1d18635b9ad6", "CandidateNo": 15, "FirstName": "บุญเลี้ยง", "LastName": "กิจคติ", "PartyName": "ประชาภิวัฒน์", "PartyNumber": 172, "Title": "พ.ต.ท.", "Votable": true, "province_id": 31, "province_name": "บุรีรัมย์", "zone_number": 3, "PartyTerminated": false, "Age": 63, "Occupation": "ข้าราชการตำรวจ", "HighestEducation": "ปริญญาตรี", "ImageFileId": "5c5927a4fbcb5f1d881583ea", "SelfIntroduceFileId": "5c58fa7afbcb5f1d88138880", "PartyLogo": "https://storage.googleapis.com/candidate-thumbs/party/172.png", "CandididatePhoto": "https://storage.googleapis.com/candidate-thumbs/images/31-3-15.jpg"}, {"Unnamed: 0": 7624, "CandidateId": "7deed6bc-768a-420c-b188-bcdc27350cd8", "CandidateNo": 16, "FirstName": "ประสาน", "LastName": "แก้วดวง", "PartyName": "เพื่อแผ่นดิน", "PartyNumber": 41, "Title": "นาย", "Votable": true, "province_id": 31, "province_name": "บุรีรัมย์", "zone_number": 3, "PartyTerminated": false, "Age": 67, "Occupation": "ข้าราชการครู", "HighestEducation": "ปริญญาตรี", "ImageFileId": "5c5927c9fbcb5f1d881584f3", "SelfIntroduceFileId": "5c58f473fbcb5f1d881348d1", "PartyLogo": "https://storage.googleapis.com/candidate-thumbs/party/41.png", "CandididatePhoto": "https://storage.googleapis.com/candidate-thumbs/images/31-3-16.jpg"}, {"Unnamed: 0": 7625, "CandidateId": "1a239b8a-5dbc-4d6f-9ac4-edcbc4d40f2a", "CandidateNo": 17, "FirstName": "ดุสิต", "LastName": "บุผาโต", "PartyName": "กรีน", "PartyNumber": 206, "Title": "นาย", "Votable": true, "province_id": 31, "province_name": "บุรีรัมย์", "zone_number": 3, "PartyTerminated": false, "Age": 44, "Occupation": "เกษตรกร", "HighestEducation": "ปริญญาตรี", "ImageFileId": "5c652249fbcb5f1b4c4cbc1d", "SelfIntroduceFileId": "5c58ed3ffbcb5f1d8813093d", "PartyLogo": "https://storage.googleapis.com/candidate-thumbs/party/206.png", "CandididatePhoto": "https://storage.googleapis.com/candidate-thumbs/images/31-3-17.jpg"}, {"Unnamed: 0": 7626, "CandidateId": "d8f38658-2705-4787-b17f-358d8c9e9174", "CandidateNo": 18, "FirstName": "หนูลิ้ม", "LastName": "อานไธสง", "PartyName": "ครูไทยเพื่อประชาชน", "PartyNumber": 118, "Title": "นาง", "Votable": true, "province_id": 31, "province_name": "บุรีรัมย์", "zone_number": 3, "PartyTerminated": false, "Age": 58, "Occupation": "ค้าขาย", "HighestEducation": "ต่ำกว่าปริญญาตรี", "ImageFileId": "5c5ba5c3fbcb5f16fc65a81e", "SelfIntroduceFileId": "5c5ba781fbcb5f16fc65b643", "PartyLogo": "https://storage.googleapis.com/candidate-thumbs/party/118.png", "CandididatePhoto": "https://storage.googleapis.com/candidate-thumbs/images/31-3-18.jpg"}, {"Unnamed: 0": 7627, "CandidateId": "29e3ecf2-6d86-48bb-a882-09faf2bfe14d", "CandidateNo": 19, "FirstName": "สมจิต", "LastName": "ทนงตน", "PartyName": "มหาชน", "PartyNumber": 4, "Title": "นางสาว", "Votable": true, "province_id": 31, "province_name": "บุรีรัมย์", "zone_number": 3, "PartyTerminated": false, "Age": 40, "Occupation": "รับจ้าง", "HighestEducation": "ต่ำกว่าปริญญาตรี", "ImageFileId": "5c5bb116fbcb5f16fc660398", "SelfIntroduceFileId": "5c5bb8f8fbcb5f16fc663f97", "PartyLogo": "https://storage.googleapis.com/candidate-thumbs/party/4.png", "CandididatePhoto": "https://storage.googleapis.com/candidate-thumbs/images/31-3-19.jpg"}, {"Unnamed: 0": 7628, "CandidateId": "f23862a2-b891-4908-934e-9dcef1559f12", "CandidateNo": 20, "FirstName": "สุรัตน์", "LastName": "จิมพละ", "PartyName": "ประชาธรรมไทย", "PartyNumber": 190, "Title": "นาย", "Votable": true, "province_id": 31, "province_name": "บุรีรัมย์", "zone_number": 3, "PartyTerminated": false, "Age": 60, "Occupation": "ข้าราชการบำนาญ", "HighestEducation": "ปริญญาตรี", "ImageFileId": "5c5bb934fbcb5f16fc6640ea", "SelfIntroduceFileId": "5c5bbf9cfbcb5f16fc6663df", "PartyLogo": "https://storage.googleapis.com/candidate-thumbs/party/190.png", "CandididatePhoto": "https://storage.googleapis.com/candidate-thumbs/images/31-3-20.jpg"}, {"Unnamed: 0": 7629, "CandidateId": "b63ed711-6aca-4c2c-a974-685f8af27e9b", "CandidateNo": 21, "FirstName": "นัธทวัฒน์", "LastName": "เจริญใหญ่", "PartyName": "พลังท้องถิ่นไท", "PartyNumber": 124, "Title": "นาย", "Votable": true, "province_id": 31, "province_name": "บุรีรัมย์", "zone_number": 3, "PartyTerminated": false, "Age": 38, "Occupation": "ธุรกิจส่วนตัว", "HighestEducation": "ต่ำกว่าปริญญาตรี", "ImageFileId": "5c5bc8bbfbcb5f16fc6689a0", "SelfIntroduceFileId": "5c5bca27fbcb5f16fc669451", "PartyLogo": "https://storage.googleapis.com/candidate-thumbs/party/124.png", "CandididatePhoto": "https://storage.googleapis.com/candidate-thumbs/images/31-3-21.jpg"}, {"Unnamed: 0": 7630, "CandidateId": "d437afd1-581d-4df8-84df-2cada1332633", "CandidateNo": 22, "FirstName": "ธนะโรจน์", "LastName": "สร้อยสูงเนิน", "PartyName": "พลังชาติไทย", "PartyNumber": 186, "Title": "นาย", "Votable": true, "province_id": 31, "province_name": "บุรีรัมย์", "zone_number": 3, "PartyTerminated": false, "Age": 53, "Occupation": "เกษตรกร", "HighestEducation": "ปริญญาโท", "ImageFileId": "5c5bdac2fbcb5f16fc671018", "SelfIntroduceFileId": "5c5bdd8dfbcb5f16fc672732", "PartyLogo": "https://storage.googleapis.com/candidate-thumbs/party/186.png", "CandididatePhoto": "https://storage.googleapis.com/candidate-thumbs/images/31-3-22.jpg"}, {"Unnamed: 0": 7631, "CandidateId": "32ef1254-6d67-4c7b-8f92-ba80761f2199", "CandidateNo": 23, "FirstName": "วีระนันท์", "LastName": "เป้าชุมแสง", "PartyName": "ประชาไทย", "PartyNumber": 205, "Title": "นาย", "Votable": true, "province_id": 31, "province_name": "บุรีรัมย์", "zone_number": 3, "PartyTerminated": false, "Age": 48, "Occupation": "เกษตกร", "HighestEducation": "ต่ำกว่าปริญญาตรี", "ImageFileId": "5c5bf5bafbcb5f16fc67f41e", "SelfIntroduceFileId": "5c5bf7a0fbcb5f16fc67fff9", "PartyLogo": "https://storage.googleapis.com/candidate-thumbs/party/205.png", "CandididatePhoto": "https://storage.googleapis.com/candidate-thumbs/images/31-3-23.jpg"}, {"Unnamed: 0": 7632, "CandidateId": "677066ab-9898-41e7-b593-9702c322e739", "CandidateNo": 24, "FirstName": "วัฒนสิทธิ์", "LastName": "โมทนา", "PartyName": "พลังปวงชนไทย", "PartyNumber": 184, "Title": "นาย", "Votable": true, "province_id": 31, "province_name": "บุรีรัมย์", "zone_number": 3, "PartyTerminated": false, "Age": 58, "Occupation": "รับจ้างทั่วไป", "HighestEducation": "ต่ำกว่าปริญญาตรี", "ImageFileId": "5c5bf894fbcb5f16fc6805d2", "SelfIntroduceFileId": "5c5bf9d9fbcb5f16fc680ae0", "PartyLogo": "https://storage.googleapis.com/candidate-thumbs/party/184.png", "CandididatePhoto": "https://storage.googleapis.com/candidate-thumbs/images/31-3-24.jpg"}, {"Unnamed: 0": 7633, "CandidateId": "b9df302b-0c49-4dc2-be9f-bb08a3cd8a45", "CandidateNo": 25, "FirstName": "สาคร", "LastName": "ไชยสา", "PartyName": "ไทยศรีวิไลย์", "PartyNumber": 180, "Title": "นาง", "Votable": true, "province_id": 31, "province_name": "บุรีรัมย์", "zone_number": 3, "PartyTerminated": false, "Age": 60, "Occupation": "ทำนา", "HighestEducation": "ต่ำกว่าปริญญาตรี", "ImageFileId": "5c5bfff9fbcb5f16fc682245", "SelfIntroduceFileId": "5c5ce6cefbcb5f16fc68b82d", "PartyLogo": "https://storage.googleapis.com/candidate-thumbs/party/180.png", "CandididatePhoto": "https://storage.googleapis.com/candidate-thumbs/images/31-3-25.jpg"}, {"Unnamed: 0": 7634, "CandidateId": "65c78409-4b69-48de-84f5-30f9c2d8b2d2", "CandidateNo": 26, "FirstName": "จตุพร", "LastName": "แสนกล้า", "PartyName": "พลังไทสร้างชาติ", "PartyNumber": 200, "Title": "พ.ท.", "Votable": true, "province_id": 31, "province_name": "บุรีรัมย์", "zone_number": 3, "PartyTerminated": false, "Age": 64, "Occupation": "รับราชการทหาร", "HighestEducation": "ต่ำกว่าปริญญาตรี", "ImageFileId": "5c5cee4bfbcb5f16fc68e1e6", "SelfIntroduceFileId": "5c5cf316fbcb5f16fc69016b", "PartyLogo": "https://storage.googleapis.com/candidate-thumbs/party/200.png", "CandididatePhoto": "https://storage.googleapis.com/candidate-thumbs/images/31-3-26.jpg"}, {"Unnamed: 0": 7635, "CandidateId": "d310d867-3604-4d6b-9b6d-9feed8f1c87b", "CandidateNo": 27, "FirstName": "สุทิน", "LastName": "ศรีบุตร", "PartyName": "ผึ้งหลวง", "PartyNumber": 164, "Title": "นาย", "Votable": true, "province_id": 31, "province_name": "บุรีรัมย์", "zone_number": 3, "PartyTerminated": false, "Age": 54, "Occupation": "เกษตรกรรม", "HighestEducation": "ต่ำกว่าปริญญาตรี", "ImageFileId": "5c5d07aefbcb5f0fd884c215", "SelfIntroduceFileId": "5c5d0f59fbcb5f0fd884ef16", "PartyLogo": "https://storage.googleapis.com/candidate-thumbs/party/164.png", "CandididatePhoto": "https://storage.googleapis.com/candidate-thumbs/images/31-3-27.jpg"}, {"Unnamed: 0": 7636, "CandidateId": "8f685bdc-93b2-486e-b468-5b392bbbe35b", "CandidateNo": 28, "FirstName": "กัญรดา", "LastName": "ภูมิอินทร์", "PartyName": "พลังไทยรักไทย", "PartyNumber": 185, "Title": "นาย", "Votable": true, "province_id": 31, "province_name": "บุรีรัมย์", "zone_number": 3, "PartyTerminated": false, "Age": 39, "Occupation": "ธุรกิจส่วนตัว", "HighestEducation": "ปริญญาตรี", "ImageFileId": "5c5d1bebfbcb5f0fd8852124", "SelfIntroduceFileId": "5c5d1d8afbcb5f0fd8852b28", "PartyLogo": "https://storage.googleapis.com/candidate-thumbs/party/185.png", "CandididatePhoto": "https://storage.googleapis.com/candidate-thumbs/images/31-3-28.jpg"}, {"Unnamed: 0": 7637, "CandidateId": "f39b0b0b-14a5-43f1-8a6d-2a92d84e5e21", "CandidateNo": 29, "FirstName": "สงวนศักดิ์", "LastName": "สาตตา", "PartyName": "พลังศรัทธา", "PartyNumber": 201, "Title": "นาย", "Votable": true, "province_id": 31, "province_name": "บุรีรัมย์", "zone_number": 3, "PartyTerminated": false, "Age": 40, "Occupation": "เกษตกร", "HighestEducation": "ต่ำกว่าปริญญาตรี", "ImageFileId": "5c5d474cfbcb5f0fd8869a1e", "SelfIntroduceFileId": "5c5d4860fbcb5f0fd886a525", "PartyLogo": "https://storage.googleapis.com/candidate-thumbs/party/201.png", "CandididatePhoto": "https://storage.googleapis.com/candidate-thumbs/images/31-3-29.jpg"}, {"Unnamed: 0": 7638, "CandidateId": "fb67d85d-59e6-4f12-a6d9-715259d6ff84", "CandidateNo": 30, "FirstName": "สมนึก", "LastName": "ผาสุขโสม", "PartyName": "ไทรักธรรม", "PartyNumber": 144, "Title": "นาง", "Votable": true, "province_id": 31, "province_name": "บุรีรัมย์", "zone_number": 3, "PartyTerminated": false, "Age": 56, "Occupation": "พนักงานรัฐวิสาหกิจ", "HighestEducation": "ปริญญาตรี", "ImageFileId": "5c5d4e61fbcb5f0fd886eb5d", "SelfIntroduceFileId": "5c5d57bcfbcb5f0fd8875d32", "PartyLogo": "https://storage.googleapis.com/candidate-thumbs/party/144.png", "CandididatePhoto": "https://storage.googleapis.com/candidate-thumbs/images/31-3-30.jpg"}, {"Unnamed: 0": 7639, "CandidateId": "1926f50e-d9a8-4046-9701-c161b27cf6f0", "CandidateNo": 31, "FirstName": "เพลินภัสสรา", "LastName": "ศิริเมตตาภรณ์", "PartyName": "พลังสังคม", "PartyNumber": 198, "Title": "นาง", "Votable": true, "province_id": 31, "province_name": "บุรีรัมย์", "zone_number": 3, "PartyTerminated": false, "Age": 48, "Occupation": "ธุรกิจส่วนตัว", "HighestEducation": "ปริญญาโท", "ImageFileId": "5c5d5423fbcb5f0fd8872b53", "SelfIntroduceFileId": "5c5d55edfbcb5f0fd8874779", "PartyLogo": "https://storage.googleapis.com/candidate-thumbs/party/198.png", "CandididatePhoto": "https://storage.googleapis.com/candidate-thumbs/images/31-3-31.jpg"}, {"Unnamed: 0": 7640, "CandidateId": "b504a76a-6769-4684-b533-0a7152a8dc45", "CandidateNo": 32, "FirstName": "ธนพนธ์", "LastName": "เล็กสิงห์โต", "PartyName": "พลังประชาธิปไตย", "PartyNumber": 153, "Title": "นาย", "Votable": true, "province_id": 31, "province_name": "บุรีรัมย์", "zone_number": 3, "PartyTerminated": false, "Age": 56, "Occupation": "ลูกจ้าง", "HighestEducation": "ปริญญาตรี", "ImageFileId": "5c5d5693fbcb5f0fd8874eeb", "SelfIntroduceFileId": "5c5d592afbcb5f0fd8876eb0", "PartyLogo": "https://storage.googleapis.com/candidate-thumbs/party/153.png", "CandididatePhoto": "https://storage.googleapis.com/candidate-thumbs/images/31-3-32.jpg"}]