[{"Unnamed: 0": 1454, "CandidateId": "c7be84da-c5d0-4a87-85ce-43fc25af45ee", "CandidateNo": 1, "FirstName": "วิชัย", "LastName": "ร่มสงฆ์", "PartyName": "รวมพลังประชาชาติไทย", "PartyNumber": 181, "Title": "พลตรี", "Votable": true, "province_id": 25, "province_name": "ปราจีนบุรี", "zone_number": 3, "PartyTerminated": false, "Age": 72, "Occupation": "ข้าราชการบำนาญ", "HighestEducation": "ปริญญาตรี", "ImageFileId": "5c58139cfbcb5f1eec104e0a", "SelfIntroduceFileId": "5c581639fbcb5f1eec1061c5", "PartyLogo": "https://storage.googleapis.com/candidate-thumbs/party/181.png", "CandididatePhoto": "https://storage.googleapis.com/candidate-thumbs/images/25-3-1.jpg"}, {"Unnamed: 0": 1455, "CandidateId": "e8387d48-76b1-4850-8c4a-a2d8f6d08f32", "CandidateNo": 2, "FirstName": "บึง", "LastName": "อาสินรัมย์", "PartyName": "ทางเลือกใหม่", "PartyNumber": 170, "Title": "นาง", "Votable": true, "province_id": 25, "province_name": "ปราจีนบุรี", "zone_number": 3, "PartyTerminated": false, "Age": 41, "Occupation": "ธุรกิจส่วนตัว", "HighestEducation": "ต่ำกว่าปริญญาตรี", "ImageFileId": "5c5816b2fbcb5f1eec106619", "SelfIntroduceFileId": "5c581984fbcb5f1eec107952", "PartyLogo": "https://storage.googleapis.com/candidate-thumbs/party/170.png", "CandididatePhoto": "https://storage.googleapis.com/candidate-thumbs/images/25-3-2.jpg"}, {"Unnamed: 0": 1456, "CandidateId": "1c242595-08a5-4185-8ae5-4c714272983f", "CandidateNo": 3, "FirstName": "พิเชฐ", "LastName": "โตมาก", "PartyName": "ประชาธิปัตย์", "PartyNumber": 1, "Title": "นาย", "Votable": true, "province_id": 25, "province_name": "ปราจีนบุรี", "zone_number": 3, "PartyTerminated": false, "Age": 52, "Occupation": "รับจ้าง", "HighestEducation": "ปริญญาตรี", "ImageFileId": "5c58eeeffbcb5f1d881314c9", "SelfIntroduceFileId": "5c58f0e4fbcb5f1d8813284a", "PartyLogo": "https://storage.googleapis.com/candidate-thumbs/party/1.png", "CandididatePhoto": "https://storage.googleapis.com/candidate-thumbs/images/25-3-3.jpg"}, {"Unnamed: 0": 1457, "CandidateId": "b33687d1-c333-41e9-a992-dc8c556cc5d5", "CandidateNo": 4, "FirstName": "เฉลิม", "LastName": "เกียรติบรรจง", "PartyName": "พลังท้องถิ่นไท", "PartyNumber": 124, "Title": "นาย", "Votable": true, "province_id": 25, "province_name": "ปราจีนบุรี", "zone_number": 3, "PartyTerminated": false, "Age": 55, "Occupation": "ค้าขาย", "HighestEducation": "ต่ำกว่าปริญญาตรี", "ImageFileId": "5c58f159fbcb5f1d88132b8d", "SelfIntroduceFileId": "5c58f3e6fbcb5f1d88134422", "PartyLogo": "https://storage.googleapis.com/candidate-thumbs/party/124.png", "CandididatePhoto": "https://storage.googleapis.com/candidate-thumbs/images/25-3-4.jpg"}, {"Unnamed: 0": 1458, "CandidateId": "228bbbf8-ee78-4781-9269-d52fadc57684", "CandidateNo": 5, "FirstName": "สุรเดช", "LastName": "สิทธิเดชกุลถาวร", "PartyName": "พลังประชารัฐ", "PartyNumber": 192, "Title": "นาย", "Votable": true, "province_id": 25, "province_name": "ปราจีนบุรี", "zone_number": 3, "PartyTerminated": false, "Age": 56, "Occupation": "กิจการส่วนตัว", "HighestEducation": "ปริญญาตรี", "ImageFileId": "5c58f750fbcb5f1d88136852", "SelfIntroduceFileId": "5c58f944fbcb5f1d88137d55", "PartyLogo": "https://storage.googleapis.com/candidate-thumbs/party/192.png", "CandididatePhoto": "https://storage.googleapis.com/candidate-thumbs/images/25-3-5.jpg"}, {"Unnamed: 0": 1459, "CandidateId": "9a311bde-e3fa-41b1-89d9-8ddbac01f392", "CandidateNo": 6, "FirstName": "คงกฤช", "LastName": "หงษ์วิไล", "PartyName": "เพื่อไทย", "PartyNumber": 34, "Title": "นาย", "Votable": true, "province_id": 25, "province_name": "ปราจีนบุรี", "zone_number": 3, "PartyTerminated": false, "Age": 56, "Occupation": "นักการเมือง", "HighestEducation": "ปริญญาโท", "ImageFileId": "5c58fa60fbcb5f1d88138782", "SelfIntroduceFileId": "5c58fbbefbcb5f1d88139517", "PartyLogo": "https://storage.googleapis.com/candidate-thumbs/party/34.png", "CandididatePhoto": "https://storage.googleapis.com/candidate-thumbs/images/25-3-6.jpg"}, {"Unnamed: 0": 1460, "CandidateId": "72138839-b4c3-4fdc-bf7b-393f93af77ac", "CandidateNo": 7, "FirstName": "สมพงษ์", "LastName": "เฉลิมวุฒิศักดิ์", "PartyName": "ชาติไทยพัฒนา", "PartyNumber": 55, "Title": "นาย", "Votable": true, "province_id": 25, "province_name": "ปราจีนบุรี", "zone_number": 3, "PartyTerminated": false, "Age": 55, "Occupation": "สมาชิกองค์การบริหารส่วนจังหวัดปราจีนบุรี", "HighestEducation": "ปริญญาโท", "ImageFileId": "5c59001cfbcb5f1d8813c3b4", "SelfIntroduceFileId": "5c5901b3fbcb5f1d8813d861", "PartyLogo": "https://storage.googleapis.com/candidate-thumbs/party/55.png", "CandididatePhoto": "https://storage.googleapis.com/candidate-thumbs/images/25-3-7.jpg"}, {"Unnamed: 0": 1461, "CandidateId": "ff4be231-f3e3-4b99-bd56-0d716e5510ce", "CandidateNo": 8, "FirstName": "ศักดิ์ปรินทร์", "LastName": "เกษมธนพัฒน์", "PartyName": "อนาคตใหม่", "PartyNumber": 177, "Title": "สิบตรี", "Votable": true, "province_id": 25, "province_name": "ปราจีนบุรี", "zone_number": 3, "PartyTerminated": false, "Age": 45, "Occupation": "ธุรกิจส่วนตัว", "HighestEducation": "ต่ำกว่าปริญญาตรี", "ImageFileId": "5c592bd4fbcb5f1d8815c13c", "SelfIntroduceFileId": "5c590447fbcb5f1d8813f64d", "PartyLogo": "https://storage.googleapis.com/candidate-thumbs/party/177.png", "CandididatePhoto": "https://storage.googleapis.com/candidate-thumbs/images/25-3-8.jpg"}, {"Unnamed: 0": 1462, "CandidateId": "79825989-f2a5-490d-8f66-bb14139beb98", "CandidateNo": 9, "FirstName": "ชาตินักรบ", "LastName": "ขุนวิชิต", "PartyName": "เสรีรวมไทย", "PartyNumber": 145, "Title": "พันตรี", "Votable": true, "province_id": 25, "province_name": "ปราจีนบุรี", "zone_number": 3, "PartyTerminated": false, "Age": 56, "Occupation": "เป็นข้าราชการทหารสังกัด รพศ.1 พัน 1", "HighestEducation": "ปริญญาโท", "ImageFileId": "5c590619fbcb5f1d88140d3c", "SelfIntroduceFileId": "5c5907b3fbcb5f1d8814236c", "PartyLogo": "https://storage.googleapis.com/candidate-thumbs/party/145.png", "CandididatePhoto": "https://storage.googleapis.com/candidate-thumbs/images/25-3-9.jpg"}, {"Unnamed: 0": 1463, "CandidateId": "fa4509d0-cbaa-4518-8ad6-7e7812191d75", "CandidateNo": 10, "FirstName": "สฤษดิ์", "LastName": "บุตรเนียร", "PartyName": "ภูมิใจไทย", "PartyNumber": 63, "Title": "นาย", "Votable": true, "province_id": 25, "province_name": "ปราจีนบุรี", "zone_number": 3, "PartyTerminated": false, "Age": 63, "Occupation": "ผู้รับใบอนุญาตและผู้จัดการโรงเรียนในเครือสายมิตรกรุ๊ป", "HighestEducation": "ปริญญาเอก", "ImageFileId": "5c5907edfbcb5f1d88142605", "SelfIntroduceFileId": "5c590bd5fbcb5f1d88145bd7", "PartyLogo": "https://storage.googleapis.com/candidate-thumbs/party/63.png", "CandididatePhoto": "https://storage.googleapis.com/candidate-thumbs/images/25-3-10.jpg"}, {"Unnamed: 0": 1464, "CandidateId": "5949a4f9-0449-4511-a21c-286df6e84710", "CandidateNo": 11, "FirstName": "วรพันธ์", "LastName": "หงษ์ทอง", "PartyName": "ประชาภิวัฒน์", "PartyNumber": 172, "Title": "ว่าที่พันตรี", "Votable": true, "province_id": 25, "province_name": "ปราจีนบุรี", "zone_number": 3, "PartyTerminated": false, "Age": 50, "Occupation": "กรรมการบริหารบริษัทซิ้ลคแอ๊คทีฟ จักกัด", "HighestEducation": "ปริญญาโท", "ImageFileId": "5c59356dfbcb5f1d881648a5", "SelfIntroduceFileId": "5c590db5fbcb5f1d881478a7", "PartyLogo": "https://storage.googleapis.com/candidate-thumbs/party/172.png", "CandididatePhoto": "https://storage.googleapis.com/candidate-thumbs/images/25-3-11.jpg"}, {"Unnamed: 0": 1465, "CandidateId": "d943f41d-344b-4b67-aae6-a90c47666b71", "CandidateNo": 12, "FirstName": "กิติวัฒน์", "LastName": "บัวลอย", "PartyName": "เพื่อชาติ", "PartyNumber": 149, "Title": "นาย", "Votable": true, "province_id": 25, "province_name": "ปราจีนบุรี", "zone_number": 3, "PartyTerminated": false, "Age": 53, "Occupation": "นักากรเมืองท้องถิ่น", "HighestEducation": "ปริญญาโท", "ImageFileId": "5c590f1efbcb5f1d88148b08", "SelfIntroduceFileId": "5c591044fbcb5f1d88149d63", "PartyLogo": "https://storage.googleapis.com/candidate-thumbs/party/149.png", "CandididatePhoto": "https://storage.googleapis.com/candidate-thumbs/images/25-3-12.jpg"}, {"Unnamed: 0": 1466, "CandidateId": "a240dda8-8501-413c-b92c-536f05feb38a", "CandidateNo": 13, "FirstName": "ประสิทธิ์", "LastName": "มานะกรูด", "PartyName": "ประชาธิปไตยใหม่", "PartyNumber": 109, "Title": "นาย", "Votable": true, "province_id": 25, "province_name": "ปราจีนบุรี", "zone_number": 3, "PartyTerminated": false, "Age": 66, "Occupation": "ทำธุรกิจ", "HighestEducation": "ต่ำกว่าปริญญาตรี", "ImageFileId": "5c5935ebfbcb5f1d88164dbb", "SelfIntroduceFileId": "5c5cfcd4fbcb5f0fd88466d4", "PartyLogo": "https://storage.googleapis.com/candidate-thumbs/party/109.png", "CandididatePhoto": "https://storage.googleapis.com/candidate-thumbs/images/25-3-13.jpg"}, {"Unnamed: 0": 1467, "CandidateId": "c62c50b7-4d9c-4e22-93cf-8686be4d7ce7", "CandidateNo": 14, "FirstName": "นิวัติ", "LastName": "คสะติ", "PartyName": "รักษ์ผืนป่าประเทศไทย", "PartyNumber": 133, "Title": "นาย", "Votable": true, "province_id": 25, "province_name": "ปราจีนบุรี", "zone_number": 3, "PartyTerminated": false, "Age": 55, "Occupation": "ธุรกิจส่วนตัว", "HighestEducation": "ต่ำกว่าปริญญาตรี", "ImageFileId": "5c5911d4fbcb5f1d8814b332", "SelfIntroduceFileId": "5c59129ffbcb5f1d8814bd63", "PartyLogo": "https://storage.googleapis.com/candidate-thumbs/party/133.png", "CandididatePhoto": "https://storage.googleapis.com/candidate-thumbs/images/25-3-14.jpg"}, {"Unnamed: 0": 1468, "CandidateId": "423e2698-f2bd-4de3-878b-bf1937dcd574", "CandidateNo": 15, "FirstName": "ปณทัฒ", "LastName": "ธนานนท์พาณิช", "PartyName": "เพื่อนไทย", "PartyNumber": 179, "Title": "นาย", "Votable": false, "province_id": 25, "province_name": "ปราจีนบุรี", "zone_number": 3, "PartyTerminated": false, "Age": 51, "Occupation": "รับจ้าง", "HighestEducation": "ปริญญาตรี", "ImageFileId": "5c591a88fbcb5f1d88150c74", "SelfIntroduceFileId": "5c591b9efbcb5f1d88151402", "PartyLogo": "https://storage.googleapis.com/candidate-thumbs/party/179.png", "CandididatePhoto": "https://storage.googleapis.com/candidate-thumbs/images/25-3-15.jpg"}, {"Unnamed: 0": 1469, "CandidateId": "5258dc8a-01b8-41c7-8dc8-341a4dcf4b9b", "CandidateNo": 16, "FirstName": "รพีพรรณ", "LastName": "อินทรวาทิน", "PartyName": "ประชานิยม", "PartyNumber": 191, "Title": "นางสาว", "Votable": true, "province_id": 25, "province_name": "ปราจีนบุรี", "zone_number": 3, "PartyTerminated": false, "Age": 28, "Occupation": "อาชีพอิสระ", "HighestEducation": "ปริญญาตรี", "ImageFileId": "5c593679fbcb5f1d881657a4", "SelfIntroduceFileId": "5c592b73fbcb5f1d8815b94c", "PartyLogo": "https://storage.googleapis.com/candidate-thumbs/party/191.png", "CandididatePhoto": "https://storage.googleapis.com/candidate-thumbs/images/25-3-16.jpg"}, {"Unnamed: 0": 1470, "CandidateId": "dfcb6582-3c26-4b2a-bb73-d34dee90f0bc", "CandidateNo": 17, "FirstName": "กองขันธ์", "LastName": "บุญประสิทธิ์", "PartyName": "พลังประชาธิปไตย", "PartyNumber": 153, "Title": "นาย", "Votable": true, "province_id": 25, "province_name": "ปราจีนบุรี", "zone_number": 3, "PartyTerminated": false, "Age": 55, "Occupation": "การเกษตร", "HighestEducation": "ต่ำกว่าปริญญาตรี", "ImageFileId": "5c5bab51fbcb5f16fc65cfa2", "SelfIntroduceFileId": "5c5bac5afbcb5f16fc65d776", "PartyLogo": "https://storage.googleapis.com/candidate-thumbs/party/153.png", "CandididatePhoto": "https://storage.googleapis.com/candidate-thumbs/images/25-3-17.jpg"}, {"Unnamed: 0": 1471, "CandidateId": "0d3831b2-b0dd-486f-8614-102664b61cbf", "CandidateNo": 18, "FirstName": "ปัญญา", "LastName": "กองชุมพล", "PartyName": "พลเมืองไทย", "PartyNumber": 173, "Title": "นาย", "Votable": true, "province_id": 25, "province_name": "ปราจีนบุรี", "zone_number": 3, "PartyTerminated": false, "Age": 63, "Occupation": "ผู้อำนวยการชำนาญการพิเศษโรงเรียนกบินทร์วิทยา(ขนาดใหญ่)", "HighestEducation": "ปริญญาเอก", "ImageFileId": "5c5bae48fbcb5f16fc65e73c", "SelfIntroduceFileId": "5c5bafdcfbcb5f16fc65f78e", "PartyLogo": "https://storage.googleapis.com/candidate-thumbs/party/173.png", "CandididatePhoto": "https://storage.googleapis.com/candidate-thumbs/images/25-3-18.jpg"}, {"Unnamed: 0": 1472, "CandidateId": "24f29c9f-54c2-48a3-9db4-a6adf3076bf7", "CandidateNo": 19, "FirstName": "ธิษณามตรี", "LastName": "ฤทธิ์ประเสริฐ", "PartyName": "เศรษฐกิจใหม่", "PartyNumber": 193, "Title": "นางสาว", "Votable": true, "province_id": 25, "province_name": "ปราจีนบุรี", "zone_number": 3, "PartyTerminated": false, "Age": 34, "Occupation": "ค้าขาย", "HighestEducation": "ต่ำกว่าปริญญาตรี", "ImageFileId": "5c5bf116fbcb5f16fc67ce8b", "SelfIntroduceFileId": "5c5bf291fbcb5f16fc67dcab", "PartyLogo": "https://storage.googleapis.com/candidate-thumbs/party/193.png", "CandididatePhoto": "https://storage.googleapis.com/candidate-thumbs/images/25-3-19.jpg"}, {"Unnamed: 0": 1473, "CandidateId": "a4bf8a44-a664-4fca-acbe-32cb3fae23d0", "CandidateNo": 20, "FirstName": "สำราญ", "LastName": "เอื้อเฟื้อ", "PartyName": "มหาชน", "PartyNumber": 4, "Title": "นาง", "Votable": true, "province_id": 25, "province_name": "ปราจีนบุรี", "zone_number": 3, "PartyTerminated": false, "Age": 66, "Occupation": "รับจ้าง", "HighestEducation": "ต่ำกว่าปริญญาตรี", "ImageFileId": "5c5cf8a5fbcb5f0fd8844469", "SelfIntroduceFileId": "5c5cf9acfbcb5f0fd8844d33", "PartyLogo": "https://storage.googleapis.com/candidate-thumbs/party/4.png", "CandididatePhoto": "https://storage.googleapis.com/candidate-thumbs/images/25-3-20.jpg"}, {"Unnamed: 0": 1474, "CandidateId": "d9918854-0780-4a6c-b6c6-0fc9a8b9ceee", "CandidateNo": 21, "FirstName": "ธนาภรณ์", "LastName": "แสงทอง", "PartyName": "พลังชาติไทย", "PartyNumber": 186, "Title": "นางสาว", "Votable": true, "province_id": 25, "province_name": "ปราจีนบุรี", "zone_number": 3, "PartyTerminated": false, "Age": 27, "Occupation": "ค้าขาย", "HighestEducation": "ต่ำกว่าปริญญาตรี", "ImageFileId": "5c5d0890fbcb5f0fd884c738", "SelfIntroduceFileId": "5c5d0a2cfbcb5f0fd884cfa5", "PartyLogo": "https://storage.googleapis.com/candidate-thumbs/party/186.png", "CandididatePhoto": "https://storage.googleapis.com/candidate-thumbs/images/25-3-21.jpg"}, {"Unnamed: 0": 1475, "CandidateId": "ea8c43e1-44e4-460a-8303-804355063406", "CandidateNo": 22, "FirstName": "สำเนียง", "LastName": "มีชาวนา", "PartyName": "ไทรักธรรม", "PartyNumber": 144, "Title": "นาย", "Votable": true, "province_id": 25, "province_name": "ปราจีนบุรี", "zone_number": 3, "PartyTerminated": false, "Age": 65, "Occupation": "เกษตรกรรม", "HighestEducation": "ต่ำกว่าปริญญาตรี", "ImageFileId": "5c5d4f2bfbcb5f0fd886f310", "SelfIntroduceFileId": "5c5d501cfbcb5f0fd886fe07", "PartyLogo": "https://storage.googleapis.com/candidate-thumbs/party/144.png", "CandididatePhoto": "https://storage.googleapis.com/candidate-thumbs/images/25-3-22.jpg"}, {"Unnamed: 0": 1476, "CandidateId": "1ab6e9a4-776c-48a0-80c6-7f497d508925", "CandidateNo": 23, "FirstName": "สมคิด", "LastName": "โกศล", "PartyName": "คนธรรมดาแห่งประเทศไทย", "PartyNumber": 161, "Title": "นาย", "Votable": true, "province_id": 25, "province_name": "ปราจีนบุรี", "zone_number": 3, "PartyTerminated": false, "Age": 47, "Occupation": "รับจ้างทั่วไป", "HighestEducation": "ต่ำกว่าปริญญาตรี", "ImageFileId": "5c5d504bfbcb5f0fd8870087", "SelfIntroduceFileId": "5c5d525ffbcb5f0fd88712d9", "PartyLogo": "https://storage.googleapis.com/candidate-thumbs/party/161.png", "CandididatePhoto": "https://storage.googleapis.com/candidate-thumbs/images/25-3-23.jpg"}]