[{"Unnamed: 0": 5556, "CandidateId": "89b5f6a0-2070-4000-8e02-1a960db878b9", "CandidateNo": 1, "FirstName": "กฤชกุศล", "LastName": "ส่องแสง", "PartyName": "ประชาธิปัตย์", "PartyNumber": 1, "Title": "นาย", "Votable": true, "province_id": 13, "province_name": "ปทุมธานี", "zone_number": 2, "PartyTerminated": false, "Age": 26, "Occupation": "ธุรกิจ", "HighestEducation": "ปริญญาตรี", "ImageFileId": "5c5a4f6bfbcb5f19bca91fad", "SelfIntroduceFileId": "5c590198fbcb5f1d8813d64f", "PartyLogo": "https://storage.googleapis.com/candidate-thumbs/party/1.png", "CandididatePhoto": "https://storage.googleapis.com/candidate-thumbs/images/13-2-1.jpg"}, {"Unnamed: 0": 5557, "CandidateId": "a0b42297-8f74-4431-b085-aadea30b6ef1", "CandidateNo": 2, "FirstName": "ภัทรพล", "LastName": "จันทรโคตร", "PartyName": "อนาคตใหม่", "PartyNumber": 177, "Title": "นาย", "Votable": true, "province_id": 13, "province_name": "ปทุมธานี", "zone_number": 2, "PartyTerminated": false, "Age": 56, "Occupation": "รับจ้างทั่วไป", "HighestEducation": "ต่ำกว่าปริญญาตรี", "ImageFileId": "5c580843fbcb5f1eec0fd277", "SelfIntroduceFileId": NaN, "PartyLogo": "https://storage.googleapis.com/candidate-thumbs/party/177.png", "CandididatePhoto": "https://storage.googleapis.com/candidate-thumbs/images/13-2-2.jpg"}, {"Unnamed: 0": 5558, "CandidateId": "8601abbf-c5a5-4c91-b94d-1cf9adcc441e", "CandidateNo": 3, "FirstName": "ประเสริฐศรี", "LastName": "ฮ้อแสงชัย", "PartyName": "พลังประชารัฐ", "PartyNumber": 192, "Title": "นาง", "Votable": true, "province_id": 13, "province_name": "ปทุมธานี", "zone_number": 2, "PartyTerminated": false, "Age": 63, "Occupation": "แม่บ้าน", "HighestEducation": "ปริญญาโท", "ImageFileId": "5c590b71fbcb5f1d88145635", "SelfIntroduceFileId": "5c590cdffbcb5f1d88146b21", "PartyLogo": "https://storage.googleapis.com/candidate-thumbs/party/192.png", "CandididatePhoto": "https://storage.googleapis.com/candidate-thumbs/images/13-2-3.jpg"}, {"Unnamed: 0": 5559, "CandidateId": "99f66170-c2a9-48da-9d6d-6ecd2db763db", "CandidateNo": 4, "FirstName": "พิเชษฐ", "LastName": "หาญจางสิทธิ์", "PartyName": "ภูมิใจไทย", "PartyNumber": 63, "Title": "นาย", "Votable": true, "province_id": 13, "province_name": "ปทุมธานี", "zone_number": 2, "PartyTerminated": false, "Age": 49, "Occupation": "สมาชิกสภาองค์การบริหารส่วนจังหวัดปทุมธานี", "HighestEducation": "ต่ำกว่าปริญญาตรี", "ImageFileId": "5c591327fbcb5f1d8814c63f", "SelfIntroduceFileId": "5c591ac7fbcb5f1d88150ed7", "PartyLogo": "https://storage.googleapis.com/candidate-thumbs/party/63.png", "CandididatePhoto": "https://storage.googleapis.com/candidate-thumbs/images/13-2-4.jpg"}, {"Unnamed: 0": 5560, "CandidateId": "6ed82706-cbc8-452c-ae3f-5ec16264a45c", "CandidateNo": 5, "FirstName": "เฉลิมเกียรติ", "LastName": "พ่วงฉิม", "PartyName": "รวมพลังประชาชาติไทย", "PartyNumber": 181, "Title": "นาย", "Votable": true, "province_id": 13, "province_name": "ปทุมธานี", "zone_number": 2, "PartyTerminated": false, "Age": 53, "Occupation": "ครูฝึกสอนมวยไทย", "HighestEducation": "ต่ำกว่าปริญญาตรี", "ImageFileId": "5c5a40f9fbcb5f19bca8accc", "SelfIntroduceFileId": "5c591cf3fbcb5f1d88151d6e", "PartyLogo": "https://storage.googleapis.com/candidate-thumbs/party/181.png", "CandididatePhoto": "https://storage.googleapis.com/candidate-thumbs/images/13-2-5.jpg"}, {"Unnamed: 0": 5561, "CandidateId": "0c3d8d5d-ba87-4659-8049-b085011519e2", "CandidateNo": 6, "FirstName": "ซีฮาบุดดีน", "LastName": "หอมจันทร์", "PartyName": "ชาติพัฒนา", "PartyNumber": 45, "Title": "นาย", "Votable": true, "province_id": 13, "province_name": "ปทุมธานี", "zone_number": 2, "PartyTerminated": false, "Age": 51, "Occupation": "ค้าขาย", "HighestEducation": "ต่ำกว่าปริญญาตรี", "ImageFileId": "5c580a28fbcb5f1eec0fe76b", "SelfIntroduceFileId": "5c5920d3fbcb5f1d88153a07", "PartyLogo": "https://storage.googleapis.com/candidate-thumbs/party/45.png", "CandididatePhoto": "https://storage.googleapis.com/candidate-thumbs/images/13-2-6.jpg"}, {"Unnamed: 0": 5562, "CandidateId": "40dc9c31-a4f8-46ca-8d97-995e5c8362b8", "CandidateNo": 7, "FirstName": "ศุภชัย", "LastName": "นพขำ", "PartyName": "เพื่อไทย", "PartyNumber": 34, "Title": "นาย", "Votable": true, "province_id": 13, "province_name": "ปทุมธานี", "zone_number": 2, "PartyTerminated": false, "Age": 32, "Occupation": "ธุระกิจส่วนตัวทั่วไป", "HighestEducation": "ปริญญาตรี", "ImageFileId": "5c5ce509fbcb5f16fc68ad6f", "SelfIntroduceFileId": "5c59233ffbcb5f1d881550ef", "PartyLogo": "https://storage.googleapis.com/candidate-thumbs/party/34.png", "CandididatePhoto": "https://storage.googleapis.com/candidate-thumbs/images/13-2-7.jpg"}, {"Unnamed: 0": 5563, "CandidateId": "2b05504f-30a5-43e3-8ac9-c33e92e38b47", "CandidateNo": 8, "FirstName": "ศักดิ์สง่า", "LastName": "ชนะภัย", "PartyName": "เสรีรวมไทย", "PartyNumber": 145, "Title": "นาย", "Votable": true, "province_id": 13, "province_name": "ปทุมธานี", "zone_number": 2, "PartyTerminated": false, "Age": 61, "Occupation": "ธุระกิจส่วนตัว", "HighestEducation": "ปริญญาตรี", "ImageFileId": "5c580ae1fbcb5f1eec0ff06b", "SelfIntroduceFileId": "5c5929a8fbcb5f1d88159a6f", "PartyLogo": "https://storage.googleapis.com/candidate-thumbs/party/145.png", "CandididatePhoto": "https://storage.googleapis.com/candidate-thumbs/images/13-2-8.jpg"}, {"Unnamed: 0": 5564, "CandidateId": "91898f43-c766-46d0-bbc6-0dec8f99ba0b", "CandidateNo": 9, "FirstName": "กำพล", "LastName": "ดอนไพรเพ็ชร์", "PartyName": "ประชาภิวัฒน์", "PartyNumber": 172, "Title": "นาย", "Votable": true, "province_id": 13, "province_name": "ปทุมธานี", "zone_number": 2, "PartyTerminated": false, "Age": 34, "Occupation": "รับจ้าง", "HighestEducation": "ปริญญาตรี", "ImageFileId": "5c580b73fbcb5f1eec0ff821", "SelfIntroduceFileId": "5c592e76fbcb5f1d8815ea2e", "PartyLogo": "https://storage.googleapis.com/candidate-thumbs/party/172.png", "CandididatePhoto": "https://storage.googleapis.com/candidate-thumbs/images/13-2-9.jpg"}, {"Unnamed: 0": 5565, "CandidateId": "83f1152b-fccc-4304-b1a6-1f66ae752fc6", "CandidateNo": 10, "FirstName": "ทองพิศ", "LastName": "สุพร", "PartyName": "เพื่อชาติ", "PartyNumber": 149, "Title": "นางสาว", "Votable": true, "province_id": 13, "province_name": "ปทุมธานี", "zone_number": 2, "PartyTerminated": false, "Age": 50, "Occupation": "อาชีพอิสระ", "HighestEducation": "ต่ำกว่าปริญญาตรี", "ImageFileId": "5c580bbcfbcb5f1eec0ffb87", "SelfIntroduceFileId": "5c5932effbcb5f1d88162885", "PartyLogo": "https://storage.googleapis.com/candidate-thumbs/party/149.png", "CandididatePhoto": "https://storage.googleapis.com/candidate-thumbs/images/13-2-10.jpg"}, {"Unnamed: 0": 5566, "CandidateId": "0b8f3a98-e721-4067-8344-921f920329b7", "CandidateNo": 11, "FirstName": "บาดินธ์", "LastName": "มิงสะเมาะ", "PartyName": "ประชาชาติ", "PartyNumber": 187, "Title": "นาย", "Votable": true, "province_id": 13, "province_name": "ปทุมธานี", "zone_number": 2, "PartyTerminated": false, "Age": 46, "Occupation": "เกษตรกร", "HighestEducation": "ปริญญาตรี", "ImageFileId": "5c580c3ffbcb5f1eec10017d", "SelfIntroduceFileId": "5c5935d7fbcb5f1d88164cfb", "PartyLogo": "https://storage.googleapis.com/candidate-thumbs/party/187.png", "CandididatePhoto": "https://storage.googleapis.com/candidate-thumbs/images/13-2-11.jpg"}, {"Unnamed: 0": 5567, "CandidateId": "d390b3ab-2258-4265-ab95-c72bfa28fe9c", "CandidateNo": 12, "FirstName": "ศิรสิทดิ์", "LastName": "บุญเกิด", "PartyName": "ประชาชนปฏิรูป", "PartyNumber": 176, "Title": "นาย", "Votable": true, "province_id": 13, "province_name": "ปทุมธานี", "zone_number": 2, "PartyTerminated": false, "Age": 35, "Occupation": "ธุรกิจส่วนตัว", "HighestEducation": "ปริญญาตรี", "ImageFileId": "5c580ca8fbcb5f1eec1005bf", "SelfIntroduceFileId": "5c593a9efbcb5f1d88169556", "PartyLogo": "https://storage.googleapis.com/candidate-thumbs/party/176.png", "CandididatePhoto": "https://storage.googleapis.com/candidate-thumbs/images/13-2-12.jpg"}, {"Unnamed: 0": 5568, "CandidateId": "e27e1f6b-d582-4682-bd90-dc197c3697ea", "CandidateNo": 13, "FirstName": "ลำยอง", "LastName": "ไวยรูปี", "PartyName": "เพื่อนไทย", "PartyNumber": 179, "Title": "นาง", "Votable": false, "province_id": 13, "province_name": "ปทุมธานี", "zone_number": 2, "PartyTerminated": false, "Age": 57, "Occupation": "ผอ.วิทยาลัยอินเตอร์เอเซีย", "HighestEducation": "ปริญญาเอก", "ImageFileId": "5c580ce8fbcb5f1eec10087e", "SelfIntroduceFileId": "5c593cd2fbcb5f1d8816adf1", "PartyLogo": "https://storage.googleapis.com/candidate-thumbs/party/179.png", "CandididatePhoto": "https://storage.googleapis.com/candidate-thumbs/images/13-2-13.jpg"}, {"Unnamed: 0": 5569, "CandidateId": "0bceacac-9a27-4d2a-aa2d-1215553ae6b7", "CandidateNo": 14, "FirstName": "เจนณรงค์", "LastName": "ภูวนารถวัฒนา", "PartyName": "ชาติไทยพัฒนา", "PartyNumber": 55, "Title": "นาย", "Votable": true, "province_id": 13, "province_name": "ปทุมธานี", "zone_number": 2, "PartyTerminated": false, "Age": 26, "Occupation": "ผจก.ฝ่ายพัฒนาศิลปิน", "HighestEducation": "ต่ำกว่าปริญญาตรี", "ImageFileId": "5c580d4cfbcb5f1eec100c69", "SelfIntroduceFileId": "5c593f98fbcb5f1d8816d210", "PartyLogo": "https://storage.googleapis.com/candidate-thumbs/party/55.png", "CandididatePhoto": "https://storage.googleapis.com/candidate-thumbs/images/13-2-14.jpg"}, {"Unnamed: 0": 5570, "CandidateId": "d0d2d82c-9ec7-46fc-96a6-f3e26139c3e2", "CandidateNo": 15, "FirstName": "สุพรรษา", "LastName": "ชัยสดมภ์", "PartyName": "รักษ์ผืนป่าประเทศไทย", "PartyNumber": 133, "Title": "นางสาว", "Votable": true, "province_id": 13, "province_name": "ปทุมธานี", "zone_number": 2, "PartyTerminated": false, "Age": 36, "Occupation": "แม่บ้าน", "HighestEducation": "ต่ำกว่าปริญญาตรี", "ImageFileId": "5c580d85fbcb5f1eec101075", "SelfIntroduceFileId": "5c5940b7fbcb5f1d8816e449", "PartyLogo": "https://storage.googleapis.com/candidate-thumbs/party/133.png", "CandididatePhoto": "https://storage.googleapis.com/candidate-thumbs/images/13-2-15.jpg"}, {"Unnamed: 0": 5571, "CandidateId": "ad62197b-0221-4042-a0d2-7b5c5936b85a", "CandidateNo": 16, "FirstName": "ชาคริต", "LastName": "ศักดิ์ประคอง", "PartyName": "ประชานิยม", "PartyNumber": 191, "Title": "นาย", "Votable": true, "province_id": 13, "province_name": "ปทุมธานี", "zone_number": 2, "PartyTerminated": false, "Age": 29, "Occupation": "พนักงานบริษัท", "HighestEducation": "ต่ำกว่าปริญญาตรี", "ImageFileId": "5c580dc5fbcb5f1eec10129a", "SelfIntroduceFileId": "5c5941d1fbcb5f1d8816f507", "PartyLogo": "https://storage.googleapis.com/candidate-thumbs/party/191.png", "CandididatePhoto": "https://storage.googleapis.com/candidate-thumbs/images/13-2-16.jpg"}, {"Unnamed: 0": 5572, "CandidateId": "d0a25ae0-52ea-4909-910e-8aae758744b8", "CandidateNo": 17, "FirstName": "สิริมา", "LastName": "สาระกุล", "PartyName": "แผ่นดินธรรม", "PartyNumber": 188, "Title": "นางสาว", "Votable": true, "province_id": 13, "province_name": "ปทุมธานี", "zone_number": 2, "PartyTerminated": false, "Age": 36, "Occupation": "นางแบบและนักแสดงอิสระ", "HighestEducation": "ปริญญาตรี", "ImageFileId": "5c580df7fbcb5f1eec101531", "SelfIntroduceFileId": "5c594323fbcb5f1d8817064b", "PartyLogo": "https://storage.googleapis.com/candidate-thumbs/party/188.png", "CandididatePhoto": "https://storage.googleapis.com/candidate-thumbs/images/13-2-17.jpg"}, {"Unnamed: 0": 5573, "CandidateId": "f2fd0ad2-66a1-447c-aae7-9c488866e588", "CandidateNo": 18, "FirstName": "กฤติเดช", "LastName": "มงคลจิ๋วกร่าง", "PartyName": "พลังท้องถิ่นไท", "PartyNumber": 124, "Title": "นาย", "Votable": true, "province_id": 13, "province_name": "ปทุมธานี", "zone_number": 2, "PartyTerminated": false, "Age": 52, "Occupation": "รับจ้าง", "HighestEducation": "ต่ำกว่าปริญญาตรี", "ImageFileId": "5c580e50fbcb5f1eec1018eb", "SelfIntroduceFileId": "5c59447cfbcb5f1d88171736", "PartyLogo": "https://storage.googleapis.com/candidate-thumbs/party/124.png", "CandididatePhoto": "https://storage.googleapis.com/candidate-thumbs/images/13-2-18.jpg"}, {"Unnamed: 0": 5574, "CandidateId": "7311c316-3713-4f7f-926a-eea78a8c34e5", "CandidateNo": 19, "FirstName": "ศิลป์ชัย", "LastName": "สุวรรณพันธ์", "PartyName": "เศรษฐกิจใหม่", "PartyNumber": 193, "Title": "นาย", "Votable": false, "province_id": 13, "province_name": "ปทุมธานี", "zone_number": 2, "PartyTerminated": false, "Age": 45, "Occupation": "ธุกิจส่วนตัว", "HighestEducation": "ปริญญาตรี", "ImageFileId": "5c5901f1fbcb5f1d8813db9d", "SelfIntroduceFileId": "5c594857fbcb5f1d88174fae", "PartyLogo": "https://storage.googleapis.com/candidate-thumbs/party/193.png", "CandididatePhoto": "https://storage.googleapis.com/candidate-thumbs/images/13-2-19.jpg"}, {"Unnamed: 0": 5575, "CandidateId": "79262df5-5f7f-4288-bcd3-2ec444de8948", "CandidateNo": 20, "FirstName": "สุทิน", "LastName": "บุญญบาล", "PartyName": "พลเมืองไทย", "PartyNumber": 173, "Title": "นาย", "Votable": true, "province_id": 13, "province_name": "ปทุมธานี", "zone_number": 2, "PartyTerminated": false, "Age": 65, "Occupation": "รับจ้าง", "HighestEducation": "ปริญญาโท", "ImageFileId": "5c591293fbcb5f1d8814bcfb", "SelfIntroduceFileId": "5c594be9fbcb5f1d88177d9e", "PartyLogo": "https://storage.googleapis.com/candidate-thumbs/party/173.png", "CandididatePhoto": "https://storage.googleapis.com/candidate-thumbs/images/13-2-20.jpg"}, {"Unnamed: 0": 5576, "CandidateId": "37999269-36bf-4494-92e7-960970c5bf19", "CandidateNo": 21, "FirstName": "จำเริญ", "LastName": "ปิ่นภู่", "PartyName": "ประชาธรรมไทย", "PartyNumber": 190, "Title": "นาย", "Votable": true, "province_id": 13, "province_name": "ปทุมธานี", "zone_number": 2, "PartyTerminated": false, "Age": 55, "Occupation": "รับจ้าง", "HighestEducation": "ต่ำกว่าปริญญาตรี", "ImageFileId": "5c5912d0fbcb5f1d8814c080", "SelfIntroduceFileId": "5c594f8bfbcb5f1d8817aa40", "PartyLogo": "https://storage.googleapis.com/candidate-thumbs/party/190.png", "CandididatePhoto": "https://storage.googleapis.com/candidate-thumbs/images/13-2-21.jpg"}, {"Unnamed: 0": 5577, "CandidateId": "6fc5bf93-45b5-4dd2-9544-a28c2815a63b", "CandidateNo": 22, "FirstName": "วิมล", "LastName": "เจียนโพธิ์", "PartyName": "ประชาธิปไตยใหม่", "PartyNumber": 109, "Title": "นาง", "Votable": true, "province_id": 13, "province_name": "ปทุมธานี", "zone_number": 2, "PartyTerminated": false, "Age": 45, "Occupation": "แม่บ้าน", "HighestEducation": "ต่ำกว่าปริญญาตรี", "ImageFileId": "5c5a644cfbcb5f19bca9d2c3", "SelfIntroduceFileId": "5c5a65a6fbcb5f19bca9daca", "PartyLogo": "https://storage.googleapis.com/candidate-thumbs/party/109.png", "CandididatePhoto": "https://storage.googleapis.com/candidate-thumbs/images/13-2-22.jpg"}, {"Unnamed: 0": 5578, "CandidateId": "d40ed297-f079-46be-a0d2-76faf98fa343", "CandidateNo": 23, "FirstName": "สมยศ", "LastName": "อินมหา", "PartyName": "พลังปวงชนไทย", "PartyNumber": 184, "Title": "นาย", "Votable": true, "province_id": 13, "province_name": "ปทุมธานี", "zone_number": 2, "PartyTerminated": false, "Age": 56, "Occupation": "รับจ้าง", "HighestEducation": "ต่ำกว่าปริญญาตรี", "ImageFileId": "5c5a6fc3fbcb5f19bcaa0463", "SelfIntroduceFileId": "5c5a70dbfbcb5f19bcaa0749", "PartyLogo": "https://storage.googleapis.com/candidate-thumbs/party/184.png", "CandididatePhoto": "https://storage.googleapis.com/candidate-thumbs/images/13-2-23.jpg"}, {"Unnamed: 0": 5579, "CandidateId": "2c28578a-1bb0-4aaf-afd4-28226e055c8a", "CandidateNo": 24, "FirstName": "อุดม", "LastName": "จินดา", "PartyName": "มหาชน", "PartyNumber": 4, "Title": "นาย", "Votable": true, "province_id": 13, "province_name": "ปทุมธานี", "zone_number": 2, "PartyTerminated": false, "Age": 53, "Occupation": "รับจ้าง", "HighestEducation": "ปริญญาตรี", "ImageFileId": "5c5bad1dfbcb5f16fc65dbce", "SelfIntroduceFileId": "5c5bb0e0fbcb5f16fc660187", "PartyLogo": "https://storage.googleapis.com/candidate-thumbs/party/4.png", "CandididatePhoto": "https://storage.googleapis.com/candidate-thumbs/images/13-2-24.jpg"}, {"Unnamed: 0": 5580, "CandidateId": "4ea7220a-54a5-4609-b20c-37a0d75b57c5", "CandidateNo": 25, "FirstName": "ทัศนียา", "LastName": "สมพันธ์", "PartyName": "พลังไทสร้างชาติ", "PartyNumber": 200, "Title": "นางสาว", "Votable": true, "province_id": 13, "province_name": "ปทุมธานี", "zone_number": 2, "PartyTerminated": false, "Age": 44, "Occupation": "ที่ปรึกษาบริษัท", "HighestEducation": "ปริญญาตรี", "ImageFileId": "5c5bad6dfbcb5f16fc65ded9", "SelfIntroduceFileId": "5c5bb2b2fbcb5f16fc661215", "PartyLogo": "https://storage.googleapis.com/candidate-thumbs/party/200.png", "CandididatePhoto": "https://storage.googleapis.com/candidate-thumbs/images/13-2-25.jpg"}, {"Unnamed: 0": 5581, "CandidateId": "6e6e624d-8f26-46f4-90ee-d04a05c19766", "CandidateNo": 26, "FirstName": "ณัฏฐ์ชัย", "LastName": "อาจสาลี", "PartyName": "ไทยรักษาชาติ", "PartyNumber": 77, "Title": "นาย", "Votable": true, "province_id": 13, "province_name": "ปทุมธานี", "zone_number": 2, "PartyTerminated": true, "Age": 46, "Occupation": "ธุรกิจส่วนตัว", "HighestEducation": "ต่ำกว่าปริญญาตรี", "ImageFileId": "5c5be59ffbcb5f16fc6767b3", "SelfIntroduceFileId": "5c5be71efbcb5f16fc677589", "PartyLogo": "https://storage.googleapis.com/candidate-thumbs/party/77.png", "CandididatePhoto": "https://storage.googleapis.com/candidate-thumbs/images/13-2-26.jpg"}]