[{"Unnamed: 0": 1330, "CandidateId": "c8b89859-bc59-49fa-b5fd-d71e7bbec957", "CandidateNo": 1, "FirstName": "วิชิต", "LastName": "ปลั่งศรีสกุล", "PartyName": "เพื่อไทย", "PartyNumber": 34, "Title": "นาย", "Votable": true, "province_id": 77, "province_name": "ประจวบคีรีขันธ์", "zone_number": 1, "PartyTerminated": false, "Age": 67, "Occupation": "ทนายความ", "HighestEducation": "ปริญญาเอก", "ImageFileId": "5c5821b4fbcb5f1eec10a1ce", "SelfIntroduceFileId": "5c592fbbfbcb5f1d8815fb43", "PartyLogo": "https://storage.googleapis.com/candidate-thumbs/party/34.png", "CandididatePhoto": "https://storage.googleapis.com/candidate-thumbs/images/77-1-1.jpg"}, {"Unnamed: 0": 1331, "CandidateId": "3db525f1-535d-4c1d-8472-1cb98516fc05", "CandidateNo": 2, "FirstName": "พิจักษณ์", "LastName": "สมทรัพย์", "PartyName": "รวมพลังประชาชาติไทย", "PartyNumber": 181, "Title": "นาย", "Votable": true, "province_id": 77, "province_name": "ประจวบคีรีขันธ์", "zone_number": 1, "PartyTerminated": false, "Age": 64, "Occupation": "รับราชการ", "HighestEducation": "ปริญญาตรี", "ImageFileId": "5c582295fbcb5f1eec10a4b8", "SelfIntroduceFileId": "5c59377ffbcb5f1d881666f0", "PartyLogo": "https://storage.googleapis.com/candidate-thumbs/party/181.png", "CandididatePhoto": "https://storage.googleapis.com/candidate-thumbs/images/77-1-2.jpg"}, {"Unnamed: 0": 1332, "CandidateId": "c6048c32-e9ad-4bda-8b91-a119efdc09c1", "CandidateNo": 3, "FirstName": "ประวิทย์", "LastName": "เกตุบุญลือ", "PartyName": "ประชานิยม", "PartyNumber": 191, "Title": "ร้อยตำรวจโท", "Votable": true, "province_id": 77, "province_name": "ประจวบคีรีขันธ์", "zone_number": 1, "PartyTerminated": false, "Age": 63, "Occupation": "ข้าราชการตำรวจ", "HighestEducation": "ต่ำกว่าปริญญาตรี", "ImageFileId": "5c58230cfbcb5f1eec10a6d0", "SelfIntroduceFileId": "5c5938c4fbcb5f1d88167a6c", "PartyLogo": "https://storage.googleapis.com/candidate-thumbs/party/191.png", "CandididatePhoto": "https://storage.googleapis.com/candidate-thumbs/images/77-1-3.jpg"}, {"Unnamed: 0": 1333, "CandidateId": "d2c5a5a9-204e-425e-b796-c0ca357d8d2a", "CandidateNo": 4, "FirstName": "เสน่ห์", "LastName": "เจียรวนานนท์", "PartyName": "รักษ์ผืนป่าประเทศไทย", "PartyNumber": 133, "Title": "นาย", "Votable": true, "province_id": 77, "province_name": "ประจวบคีรีขันธ์", "zone_number": 1, "PartyTerminated": false, "Age": 58, "Occupation": "นักการเมืองท้องถิ่น (รองนายกเทศมนตรี)", "HighestEducation": "ปริญญาตรี", "ImageFileId": "5c58236ffbcb5f1eec10a786", "SelfIntroduceFileId": "5c593acafbcb5f1d881696ce", "PartyLogo": "https://storage.googleapis.com/candidate-thumbs/party/133.png", "CandididatePhoto": "https://storage.googleapis.com/candidate-thumbs/images/77-1-4.jpg"}, {"Unnamed: 0": 1334, "CandidateId": "bce2aef5-c1c4-4f75-9404-2b964030709b", "CandidateNo": 5, "FirstName": "สังคม", "LastName": "แดงโชติ", "PartyName": "ภูมิใจไทย", "PartyNumber": 63, "Title": "นาย", "Votable": true, "province_id": 77, "province_name": "ประจวบคีรีขันธ์", "zone_number": 1, "PartyTerminated": false, "Age": 25, "Occupation": "นักศึกษาปริญญาโท", "HighestEducation": "ปริญญาโท", "ImageFileId": "5c5823bdfbcb5f1eec10a878", "SelfIntroduceFileId": "5c593cb6fbcb5f1d8816ad28", "PartyLogo": "https://storage.googleapis.com/candidate-thumbs/party/63.png", "CandididatePhoto": "https://storage.googleapis.com/candidate-thumbs/images/77-1-5.jpg"}, {"Unnamed: 0": 1335, "CandidateId": "659816ad-9e71-40a3-9665-219391439727", "CandidateNo": 6, "FirstName": "สมพงษ์", "LastName": "จิตติพิพัฒน์พงษ์", "PartyName": "อนาคตใหม่", "PartyNumber": 177, "Title": "นาย", "Votable": true, "province_id": 77, "province_name": "ประจวบคีรีขันธ์", "zone_number": 1, "PartyTerminated": false, "Age": 58, "Occupation": "เกษตรกร", "HighestEducation": "ต่ำกว่าปริญญาตรี", "ImageFileId": "5c582411fbcb5f1eec10a9da", "SelfIntroduceFileId": "5c593dc1fbcb5f1d8816bb89", "PartyLogo": "https://storage.googleapis.com/candidate-thumbs/party/177.png", "CandididatePhoto": "https://storage.googleapis.com/candidate-thumbs/images/77-1-6.jpg"}, {"Unnamed: 0": 1336, "CandidateId": "928aa825-5223-46fd-ab30-9747dc22f858", "CandidateNo": 7, "FirstName": "มนตรี", "LastName": "ปาน้อยนนท์", "PartyName": "ประชาธิปัตย์", "PartyNumber": 1, "Title": "นาย", "Votable": true, "province_id": 77, "province_name": "ประจวบคีรีขันธ์", "zone_number": 1, "PartyTerminated": false, "Age": 55, "Occupation": "นักการเมือง", "HighestEducation": "ปริญญาโท", "ImageFileId": "5c58245efbcb5f1eec10aae1", "SelfIntroduceFileId": "5c593ef3fbcb5f1d8816cca3", "PartyLogo": "https://storage.googleapis.com/candidate-thumbs/party/1.png", "CandididatePhoto": "https://storage.googleapis.com/candidate-thumbs/images/77-1-7.jpg"}, {"Unnamed: 0": 1337, "CandidateId": "2ee42e73-a02b-496a-b253-de87acede1f8", "CandidateNo": 8, "FirstName": "สมชาย", "LastName": "ปี่แก้ว", "PartyName": "พลังประชารัฐ", "PartyNumber": 192, "Title": "นาย", "Votable": true, "province_id": 77, "province_name": "ประจวบคีรีขันธ์", "zone_number": 1, "PartyTerminated": false, "Age": 56, "Occupation": "เกษตรกร", "HighestEducation": "ปริญญาตรี", "ImageFileId": "5c5824c7fbcb5f1eec10ada3", "SelfIntroduceFileId": "5c594076fbcb5f1d8816df08", "PartyLogo": "https://storage.googleapis.com/candidate-thumbs/party/192.png", "CandididatePhoto": "https://storage.googleapis.com/candidate-thumbs/images/77-1-8.jpg"}, {"Unnamed: 0": 1338, "CandidateId": "1f7f154a-0f3a-45cb-ad58-027e32493129", "CandidateNo": 9, "FirstName": "สำเริง", "LastName": "อุ่นยวง", "PartyName": "เพื่อชาติ", "PartyNumber": 149, "Title": "สิบตำรวจโท", "Votable": true, "province_id": 77, "province_name": "ประจวบคีรีขันธ์", "zone_number": 1, "PartyTerminated": false, "Age": 56, "Occupation": "ผู้จัดการโรงแรม", "HighestEducation": "ปริญญาตรี", "ImageFileId": "5c582541fbcb5f1eec10af13", "SelfIntroduceFileId": "5c5941c7fbcb5f1d8816f432", "PartyLogo": "https://storage.googleapis.com/candidate-thumbs/party/149.png", "CandididatePhoto": "https://storage.googleapis.com/candidate-thumbs/images/77-1-9.jpg"}, {"Unnamed: 0": 1339, "CandidateId": "42794d85-9d9f-47a4-8162-a347d950bc6d", "CandidateNo": 10, "FirstName": "พันธ์ศักดิ์", "LastName": "เพชรพิทักษ์ชน", "PartyName": "เสรีรวมไทย", "PartyNumber": 145, "Title": "นาย", "Votable": true, "province_id": 77, "province_name": "ประจวบคีรีขันธ์", "zone_number": 1, "PartyTerminated": false, "Age": 57, "Occupation": "รับราชการ", "HighestEducation": "ปริญญาโท", "ImageFileId": "5c5825adfbcb5f1eec10b035", "SelfIntroduceFileId": "5c5942cefbcb5f1d881701b6", "PartyLogo": "https://storage.googleapis.com/candidate-thumbs/party/145.png", "CandididatePhoto": "https://storage.googleapis.com/candidate-thumbs/images/77-1-10.jpg"}, {"Unnamed: 0": 1340, "CandidateId": "f9e2e839-1482-47c0-82fb-48732bfcc7c4", "CandidateNo": 11, "FirstName": "สำเริง", "LastName": "รัชตเศรษฐ์", "PartyName": "พลังชาติไทย", "PartyNumber": 186, "Title": "นาย", "Votable": true, "province_id": 77, "province_name": "ประจวบคีรีขันธ์", "zone_number": 1, "PartyTerminated": false, "Age": 72, "Occupation": "รับราชการ", "HighestEducation": "ปริญญาตรี", "ImageFileId": "5c582608fbcb5f1eec10b102", "SelfIntroduceFileId": "5c59441afbcb5f1d881711b1", "PartyLogo": "https://storage.googleapis.com/candidate-thumbs/party/186.png", "CandididatePhoto": "https://storage.googleapis.com/candidate-thumbs/images/77-1-11.jpg"}, {"Unnamed: 0": 1341, "CandidateId": "6fd662c5-fad4-4b9c-8ff1-b88038a3040f", "CandidateNo": 12, "FirstName": "สมพร", "LastName": "ประทับทอง", "PartyName": "พลังท้องถิ่นไท", "PartyNumber": 124, "Title": "นาย", "Votable": true, "province_id": 77, "province_name": "ประจวบคีรีขันธ์", "zone_number": 1, "PartyTerminated": false, "Age": 56, "Occupation": "อดีตสมาชิกสภาเทศบาลเมืองประจวบคีรีขันธ์", "HighestEducation": "ปริญญาตรี", "ImageFileId": "5c58265dfbcb5f1eec10b206", "SelfIntroduceFileId": "5c5945acfbcb5f1d881726b4", "PartyLogo": "https://storage.googleapis.com/candidate-thumbs/party/124.png", "CandididatePhoto": "https://storage.googleapis.com/candidate-thumbs/images/77-1-12.jpg"}, {"Unnamed: 0": 1342, "CandidateId": "544e63fc-f0ac-4dc4-a7cf-40fab51929e3", "CandidateNo": 13, "FirstName": "วัชรินทร์", "LastName": "เกาะน้อย", "PartyName": "ประชาธรรมไทย", "PartyNumber": 190, "Title": "นาย", "Votable": true, "province_id": 77, "province_name": "ประจวบคีรีขันธ์", "zone_number": 1, "PartyTerminated": false, "Age": 62, "Occupation": "รับราชการ", "HighestEducation": "ปริญญาโท", "ImageFileId": "5c582700fbcb5f1eec10b444", "SelfIntroduceFileId": "5c59472efbcb5f1d88173ed7", "PartyLogo": "https://storage.googleapis.com/candidate-thumbs/party/190.png", "CandididatePhoto": "https://storage.googleapis.com/candidate-thumbs/images/77-1-13.jpg"}, {"Unnamed: 0": 1343, "CandidateId": "3ce7912a-6649-494d-9ee6-27160a7ada35", "CandidateNo": 14, "FirstName": "วรากร", "LastName": "โตเอี่ยม", "PartyName": "พลังไทยรักชาติ", "PartyNumber": 155, "Title": "นาย", "Votable": true, "province_id": 77, "province_name": "ประจวบคีรีขันธ์", "zone_number": 1, "PartyTerminated": false, "Age": 40, "Occupation": "รับจ้าง", "HighestEducation": "ต่ำกว่าปริญญาตรี", "ImageFileId": "5c594facfbcb5f1d8817abcd", "SelfIntroduceFileId": "5c595250fbcb5f1d8817ce56", "PartyLogo": "https://storage.googleapis.com/candidate-thumbs/party/155.png", "CandididatePhoto": "https://storage.googleapis.com/candidate-thumbs/images/77-1-14.jpg"}, {"Unnamed: 0": 1344, "CandidateId": "c460367d-5768-4397-8f2b-c89821bbd2bc", "CandidateNo": 15, "FirstName": "บุญชู", "LastName": "ละอองอ่อน", "PartyName": "ประชาชนปฏิรูป", "PartyNumber": 176, "Title": "นาย", "Votable": true, "province_id": 77, "province_name": "ประจวบคีรีขันธ์", "zone_number": 1, "PartyTerminated": false, "Age": 59, "Occupation": "ค้าขาย", "HighestEducation": "ต่ำกว่าปริญญาตรี", "ImageFileId": "5c5c13edfbcb5f16fc684658", "SelfIntroduceFileId": "5c5bf6b9fbcb5f16fc67fbc8", "PartyLogo": "https://storage.googleapis.com/candidate-thumbs/party/176.png", "CandididatePhoto": "https://storage.googleapis.com/candidate-thumbs/images/77-1-15.jpg"}, {"Unnamed: 0": 1345, "CandidateId": "bbc161bb-694d-4aa6-8458-dce2d249decd", "CandidateNo": 16, "FirstName": "ทศเนตร", "LastName": "เทียมเทศ", "PartyName": "พลังปวงชนไทย", "PartyNumber": 184, "Title": "นาย", "Votable": true, "province_id": 77, "province_name": "ประจวบคีรีขันธ์", "zone_number": 1, "PartyTerminated": false, "Age": 47, "Occupation": "พนักงานบริษัทเอกชน", "HighestEducation": "ปริญญาตรี", "ImageFileId": "5c5c1380fbcb5f16fc68461f", "SelfIntroduceFileId": "5c5c056ffbcb5f16fc682f03", "PartyLogo": "https://storage.googleapis.com/candidate-thumbs/party/184.png", "CandididatePhoto": "https://storage.googleapis.com/candidate-thumbs/images/77-1-16.jpg"}, {"Unnamed: 0": 1346, "CandidateId": "2187a6f4-9de8-4a72-afcf-863cba2ace7e", "CandidateNo": 17, "FirstName": "พัฒน์ขจร", "LastName": "เนียมจันทร์", "PartyName": "ประชาภิวัฒน์", "PartyNumber": 172, "Title": "นาย", "Votable": true, "province_id": 77, "province_name": "ประจวบคีรีขันธ์", "zone_number": 1, "PartyTerminated": false, "Age": 55, "Occupation": "ข้าราชการ", "HighestEducation": "ต่ำกว่าปริญญาตรี", "ImageFileId": "5c5c1463fbcb5f16fc6846d6", "SelfIntroduceFileId": "5c5c1000fbcb5f16fc6843fc", "PartyLogo": "https://storage.googleapis.com/candidate-thumbs/party/172.png", "CandididatePhoto": "https://storage.googleapis.com/candidate-thumbs/images/77-1-17.jpg"}, {"Unnamed: 0": 1347, "CandidateId": "c86afa8f-e434-4043-aae3-402d78ac15dd", "CandidateNo": 18, "FirstName": "สงวน", "LastName": "ภมรสูตร", "PartyName": "ครูไทยเพื่อประชาชน", "PartyNumber": 118, "Title": "นาง", "Votable": true, "province_id": 77, "province_name": "ประจวบคีรีขันธ์", "zone_number": 1, "PartyTerminated": false, "Age": 64, "Occupation": "รับราชการครู", "HighestEducation": "ปริญญาตรี", "ImageFileId": "5c5bf2fdfbcb5f16fc67dfe6", "SelfIntroduceFileId": "5c5c089bfbcb5f16fc683526", "PartyLogo": "https://storage.googleapis.com/candidate-thumbs/party/118.png", "CandididatePhoto": "https://storage.googleapis.com/candidate-thumbs/images/77-1-18.jpg"}, {"Unnamed: 0": 1348, "CandidateId": "ee387d63-58be-40cf-95ea-5032ad7a7b4b", "CandidateNo": 19, "FirstName": "ฉลอง", "LastName": "อัดแสง", "PartyName": "เครือข่ายชาวนาแห่งประเทศไทย", "PartyNumber": 22, "Title": "นาย", "Votable": true, "province_id": 77, "province_name": "ประจวบคีรีขันธ์", "zone_number": 1, "PartyTerminated": false, "Age": 68, "Occupation": "เกษตรกร", "HighestEducation": "ต่ำกว่าปริญญาตรี", "ImageFileId": "5c5bf449fbcb5f16fc67ea89", "SelfIntroduceFileId": "5c5c0a8cfbcb5f16fc683a91", "PartyLogo": "https://storage.googleapis.com/candidate-thumbs/party/22.png", "CandididatePhoto": "https://storage.googleapis.com/candidate-thumbs/images/77-1-19.jpg"}, {"Unnamed: 0": 1349, "CandidateId": "1ab7acbb-c9b4-4143-a840-65fb80e5f119", "CandidateNo": 20, "FirstName": "ณฐกร", "LastName": "เพชรเกลี้ยง", "PartyName": "ภาคีเครือข่ายไทย", "PartyNumber": 211, "Title": "นาย", "Votable": true, "province_id": 77, "province_name": "ประจวบคีรีขันธ์", "zone_number": 1, "PartyTerminated": false, "Age": 34, "Occupation": "อิสระ", "HighestEducation": "ปริญญาตรี", "ImageFileId": "5c5bf4b9fbcb5f16fc67ee19", "SelfIntroduceFileId": "5c5c0df9fbcb5f16fc684237", "PartyLogo": "https://storage.googleapis.com/candidate-thumbs/party/211.png", "CandididatePhoto": "https://storage.googleapis.com/candidate-thumbs/images/77-1-20.jpg"}, {"Unnamed: 0": 1350, "CandidateId": "e9755aca-d54f-4316-b049-83009c5159ac", "CandidateNo": 21, "FirstName": "เสริมพงษ์", "LastName": "ลิบลับ", "PartyName": "พลเมืองไทย", "PartyNumber": 173, "Title": "เรืออากาศตรี", "Votable": true, "province_id": 77, "province_name": "ประจวบคีรีขันธ์", "zone_number": 1, "PartyTerminated": false, "Age": 64, "Occupation": "รับราชการทหารอากาศ", "HighestEducation": "ปริญญาโท", "ImageFileId": "5c5d2b11fbcb5f0fd8859847", "SelfIntroduceFileId": "5c5d2f2bfbcb5f0fd885bb87", "PartyLogo": "https://storage.googleapis.com/candidate-thumbs/party/173.png", "CandididatePhoto": "https://storage.googleapis.com/candidate-thumbs/images/77-1-21.jpg"}, {"Unnamed: 0": 1351, "CandidateId": "46e7a346-bd29-429a-9124-15bc52ae56e0", "CandidateNo": 22, "FirstName": "ภคมณ", "LastName": "ตันไทย", "PartyName": "ไทรักธรรม", "PartyNumber": 144, "Title": "นางสาว", "Votable": true, "province_id": 77, "province_name": "ประจวบคีรีขันธ์", "zone_number": 1, "PartyTerminated": false, "Age": 30, "Occupation": "ค้าขาย", "HighestEducation": "ปริญญาตรี", "ImageFileId": "5c5d5313fbcb5f0fd8871cb3", "SelfIntroduceFileId": "5c5d5f9bfbcb5f0fd887a881", "PartyLogo": "https://storage.googleapis.com/candidate-thumbs/party/144.png", "CandididatePhoto": "https://storage.googleapis.com/candidate-thumbs/images/77-1-22.jpg"}]