[{"Unnamed: 0": 3160, "CandidateId": "01114f73-5a41-4683-b212-a7e89ca79e9e", "CandidateNo": 1, "FirstName": "วรวิทย์", "LastName": "บารู", "PartyName": "ประชาชาติ", "PartyNumber": 187, "Title": "นาย", "Votable": true, "province_id": 94, "province_name": "ปัตตานี", "zone_number": 1, "PartyTerminated": false, "Age": 67, "Occupation": "ข้าราชการบำนาญ", "HighestEducation": "ปริญญาเอก", "ImageFileId": "5c57bb3cfbcb5f1eec0d40cb", "SelfIntroduceFileId": "5c57c1c4fbcb5f1eec0d7382", "PartyLogo": "https://storage.googleapis.com/candidate-thumbs/party/187.png", "CandididatePhoto": "https://storage.googleapis.com/candidate-thumbs/images/94-1-1.jpg"}, {"Unnamed: 0": 3161, "CandidateId": "f10ca26c-5bdf-48d3-bfc0-6e8cafec3a44", "CandidateNo": 2, "FirstName": "ชยันต์", "LastName": "เพชรล้อม", "PartyName": "ชาติพัฒนา", "PartyNumber": 45, "Title": "นาย", "Votable": true, "province_id": 94, "province_name": "ปัตตานี", "zone_number": 1, "PartyTerminated": false, "Age": 59, "Occupation": "ธุรกิจค้าขาย", "HighestEducation": "ปริญญาตรี", "ImageFileId": "5c57e14dfbcb5f1eec0e2558", "SelfIntroduceFileId": "5c57ea2cfbcb5f1eec0e6daf", "PartyLogo": "https://storage.googleapis.com/candidate-thumbs/party/45.png", "CandididatePhoto": "https://storage.googleapis.com/candidate-thumbs/images/94-1-2.jpg"}, {"Unnamed: 0": 3162, "CandidateId": "a4431794-ee33-4672-95ab-5ca54d96ddf7", "CandidateNo": 3, "FirstName": "บัณฑิต", "LastName": "อับดุลบุตร", "PartyName": "ภูมิใจไทย", "PartyNumber": 63, "Title": "นาย", "Votable": true, "province_id": 94, "province_name": "ปัตตานี", "zone_number": 1, "PartyTerminated": false, "Age": 34, "Occupation": "ผู้ใหญ่บ้าน", "HighestEducation": "ปริญญาตรี", "ImageFileId": "5c57ef3efbcb5f1eec0e9bf5", "SelfIntroduceFileId": "5c57f2f4fbcb5f1eec0ebe41", "PartyLogo": "https://storage.googleapis.com/candidate-thumbs/party/63.png", "CandididatePhoto": "https://storage.googleapis.com/candidate-thumbs/images/94-1-3.jpg"}, {"Unnamed: 0": 3163, "CandidateId": "0ccd219e-a4d4-4a9e-b81d-e06d1ee59681", "CandidateNo": 4, "FirstName": "รอมลี", "LastName": "แวหะมะ", "PartyName": "พลังท้องถิ่นไท", "PartyNumber": 124, "Title": "นาย", "Votable": true, "province_id": 94, "province_name": "ปัตตานี", "zone_number": 1, "PartyTerminated": false, "Age": 61, "Occupation": "พนักงานสหกรณ์อิสลามปัตตานี จำกัด", "HighestEducation": "ต่ำกว่าปริญญาตรี", "ImageFileId": "5c57f809fbcb5f1eec0ef38b", "SelfIntroduceFileId": "5c57fa07fbcb5f1eec0f0919", "PartyLogo": "https://storage.googleapis.com/candidate-thumbs/party/124.png", "CandididatePhoto": "https://storage.googleapis.com/candidate-thumbs/images/94-1-4.jpg"}, {"Unnamed: 0": 3164, "CandidateId": "09ddec4e-d6d1-44f1-a391-fd77aa5f2d45", "CandidateNo": 5, "FirstName": "อันวาร์", "LastName": "สาและ", "PartyName": "ประชาธิปัตย์", "PartyNumber": 1, "Title": "นาย", "Votable": true, "province_id": 94, "province_name": "ปัตตานี", "zone_number": 1, "PartyTerminated": false, "Age": 48, "Occupation": "นักการเมือง", "HighestEducation": "ปริญญาโท", "ImageFileId": "5c5907f4fbcb5f1d881426ab", "SelfIntroduceFileId": "5c590eaafbcb5f1d88148250", "PartyLogo": "https://storage.googleapis.com/candidate-thumbs/party/1.png", "CandididatePhoto": "https://storage.googleapis.com/candidate-thumbs/images/94-1-5.jpg"}, {"Unnamed: 0": 3165, "CandidateId": "aaa01631-2297-4be4-a69e-e5017ed036a7", "CandidateNo": 6, "FirstName": "อรุณ", "LastName": "เบ็ญจลักษณ์", "PartyName": "รวมพลังประชาชาติไทย", "PartyNumber": 181, "Title": "นาย", "Votable": true, "province_id": 94, "province_name": "ปัตตานี", "zone_number": 1, "PartyTerminated": false, "Age": 53, "Occupation": "รองนายกองค์การบริหารส่วนจังหวัดปัตตานี", "HighestEducation": "ปริญญาโท", "ImageFileId": "5c590896fbcb5f1d88142cad", "SelfIntroduceFileId": "5c5911e9fbcb5f1d8814b47c", "PartyLogo": "https://storage.googleapis.com/candidate-thumbs/party/181.png", "CandididatePhoto": "https://storage.googleapis.com/candidate-thumbs/images/94-1-6.jpg"}, {"Unnamed: 0": 3166, "CandidateId": "bba14b5c-1614-489e-a669-85230eaf1347", "CandidateNo": 7, "FirstName": "สนิท", "LastName": "นาแว", "PartyName": "ชาติไทยพัฒนา", "PartyNumber": 55, "Title": "นาย", "Votable": true, "province_id": 94, "province_name": "ปัตตานี", "zone_number": 1, "PartyTerminated": false, "Age": 67, "Occupation": "นักการเมืองท้องถิ่น(รองนายก อบต. ราตาปันยัง)", "HighestEducation": "ต่ำกว่าปริญญาตรี", "ImageFileId": "5c5908dffbcb5f1d88143152", "SelfIntroduceFileId": "5c5913bffbcb5f1d8814cc55", "PartyLogo": "https://storage.googleapis.com/candidate-thumbs/party/55.png", "CandididatePhoto": "https://storage.googleapis.com/candidate-thumbs/images/94-1-7.jpg"}, {"Unnamed: 0": 3167, "CandidateId": "f4127dda-3584-4a31-a38f-a55b29b9e7d5", "CandidateNo": 8, "FirstName": "นฤเบศร์", "LastName": "ขวัญเชื้อ", "PartyName": "คลองไทย", "PartyNumber": 189, "Title": "นาย", "Votable": true, "province_id": 94, "province_name": "ปัตตานี", "zone_number": 1, "PartyTerminated": false, "Age": 27, "Occupation": "ธุรกิจส่วนตัว", "HighestEducation": "ปริญญาตรี", "ImageFileId": "5c590926fbcb5f1d881435b6", "SelfIntroduceFileId": "5c591563fbcb5f1d8814e206", "PartyLogo": "https://storage.googleapis.com/candidate-thumbs/party/189.png", "CandididatePhoto": "https://storage.googleapis.com/candidate-thumbs/images/94-1-8.jpg"}, {"Unnamed: 0": 3168, "CandidateId": "7a32e89f-16f1-4868-8ee7-a4286cffd313", "CandidateNo": 9, "FirstName": "มูฮำมัดปาเรซ", "LastName": "โลหะสัณห์", "PartyName": "พลังประชารัฐ", "PartyNumber": 192, "Title": "นาย", "Votable": true, "province_id": 94, "province_name": "ปัตตานี", "zone_number": 1, "PartyTerminated": false, "Age": 52, "Occupation": "สื่อมวลชน", "HighestEducation": "ปริญญาโท", "ImageFileId": "5c59097bfbcb5f1d8814383f", "SelfIntroduceFileId": "5c5917e7fbcb5f1d8814f670", "PartyLogo": "https://storage.googleapis.com/candidate-thumbs/party/192.png", "CandididatePhoto": "https://storage.googleapis.com/candidate-thumbs/images/94-1-9.jpg"}, {"Unnamed: 0": 3169, "CandidateId": "9d4266bd-ace6-4625-8f01-21fc1ec0b766", "CandidateNo": 10, "FirstName": "รอเสะ", "LastName": "เจะหะ", "PartyName": "ประชานิยม", "PartyNumber": 191, "Title": "นาย", "Votable": true, "province_id": 94, "province_name": "ปัตตานี", "zone_number": 1, "PartyTerminated": false, "Age": 63, "Occupation": "-", "HighestEducation": "ต่ำกว่าปริญญาตรี", "ImageFileId": "5c5909c4fbcb5f1d88143db4", "SelfIntroduceFileId": "5c5919e9fbcb5f1d88150749", "PartyLogo": "https://storage.googleapis.com/candidate-thumbs/party/191.png", "CandididatePhoto": "https://storage.googleapis.com/candidate-thumbs/images/94-1-10.jpg"}, {"Unnamed: 0": 3170, "CandidateId": "846a71ae-2ac1-4073-8b40-c4d7ed1ad20e", "CandidateNo": 11, "FirstName": "อัสมาน", "LastName": "โต๊ะมีนา", "PartyName": "เพื่อไทย", "PartyNumber": 34, "Title": "นาย", "Votable": true, "province_id": 94, "province_name": "ปัตตานี", "zone_number": 1, "PartyTerminated": false, "Age": 65, "Occupation": "ที่ปรึกษาโรงพยาบาลสิโรรส/กรรมการสหกรณ์อสลามปัตตานีจำกัด", "HighestEducation": "ปริญญาตรี", "ImageFileId": "5c590a32fbcb5f1d88144409", "SelfIntroduceFileId": "5c591b91fbcb5f1d881513bd", "PartyLogo": "https://storage.googleapis.com/candidate-thumbs/party/34.png", "CandididatePhoto": "https://storage.googleapis.com/candidate-thumbs/images/94-1-11.jpg"}, {"Unnamed: 0": 3171, "CandidateId": "b69e4d46-2dd9-412f-8a88-b4990e537812", "CandidateNo": 12, "FirstName": "บัญญัติ", "LastName": "มะเด็ง", "PartyName": "เพื่อธรรม", "PartyNumber": 98, "Title": "นาย", "Votable": true, "province_id": 94, "province_name": "ปัตตานี", "zone_number": 1, "PartyTerminated": false, "Age": 62, "Occupation": "ข้าราชการครู", "HighestEducation": "ปริญญาโท", "ImageFileId": "5c590a8afbcb5f1d88144a3b", "SelfIntroduceFileId": "5c591cf9fbcb5f1d88151dc3", "PartyLogo": "https://storage.googleapis.com/candidate-thumbs/party/98.png", "CandididatePhoto": "https://storage.googleapis.com/candidate-thumbs/images/94-1-12.jpg"}, {"Unnamed: 0": 3172, "CandidateId": "0a293f96-6e47-4a7d-899f-049dc7e68e6c", "CandidateNo": 13, "FirstName": "หายาตี", "LastName": "บูสะมัน", "PartyName": "ประชาภิวัฒน์", "PartyNumber": 172, "Title": "นางสาว", "Votable": true, "province_id": 94, "province_name": "ปัตตานี", "zone_number": 1, "PartyTerminated": false, "Age": 42, "Occupation": "เครือข่ายภาคประชาสังคม", "HighestEducation": "ปริญญาตรี", "ImageFileId": "5c590ae3fbcb5f1d88144dd9", "SelfIntroduceFileId": "5c592006fbcb5f1d8815335a", "PartyLogo": "https://storage.googleapis.com/candidate-thumbs/party/172.png", "CandididatePhoto": "https://storage.googleapis.com/candidate-thumbs/images/94-1-13.jpg"}, {"Unnamed: 0": 3173, "CandidateId": "70a50be0-e059-4c2b-b4f9-359811319fd1", "CandidateNo": 14, "FirstName": "เฟาซี", "LastName": "ดอเล๊าะ", "PartyName": "เสรีรวมไทย", "PartyNumber": 145, "Title": "นาย", "Votable": true, "province_id": 94, "province_name": "ปัตตานี", "zone_number": 1, "PartyTerminated": false, "Age": 52, "Occupation": "ธุรกิจส่วนตัว", "HighestEducation": "ปริญญาตรี", "ImageFileId": "5c590b2efbcb5f1d881453f9", "SelfIntroduceFileId": "5c59361cfbcb5f1d8816502d", "PartyLogo": "https://storage.googleapis.com/candidate-thumbs/party/145.png", "CandididatePhoto": "https://storage.googleapis.com/candidate-thumbs/images/94-1-14.jpg"}, {"Unnamed: 0": 3174, "CandidateId": "4c66dc64-772c-47ee-8138-21b74e949cd9", "CandidateNo": 15, "FirstName": "เจ๊ะมะรูดิง", "LastName": "เจ๊ะโซ๊ะ", "PartyName": "ไทยรักษาชาติ", "PartyNumber": 77, "Title": "นาย", "Votable": true, "province_id": 94, "province_name": "ปัตตานี", "zone_number": 1, "PartyTerminated": true, "Age": 54, "Occupation": "นักบริหารงานทั่วไป", "HighestEducation": "ปริญญาตรี", "ImageFileId": "5c590b7dfbcb5f1d88145726", "SelfIntroduceFileId": "5c593878fbcb5f1d881675d0", "PartyLogo": "https://storage.googleapis.com/candidate-thumbs/party/77.png", "CandididatePhoto": "https://storage.googleapis.com/candidate-thumbs/images/94-1-15.jpg"}, {"Unnamed: 0": 3175, "CandidateId": "ebe5f5b5-c27d-4922-886e-80456383b53d", "CandidateNo": 16, "FirstName": "อนัตตา", "LastName": "แข็งแรง", "PartyName": "เพื่อชาติ", "PartyNumber": 149, "Title": "นาง", "Votable": true, "province_id": 94, "province_name": "ปัตตานี", "zone_number": 1, "PartyTerminated": false, "Age": 41, "Occupation": "แม่บ้าน", "HighestEducation": "ปริญญาตรี", "ImageFileId": "5c590bd6fbcb5f1d88145bef", "SelfIntroduceFileId": "5c593adffbcb5f1d88169885", "PartyLogo": "https://storage.googleapis.com/candidate-thumbs/party/149.png", "CandididatePhoto": "https://storage.googleapis.com/candidate-thumbs/images/94-1-16.jpg"}, {"Unnamed: 0": 3176, "CandidateId": "b033d1a6-6af1-48d5-bf98-3cbb7d32cce0", "CandidateNo": 17, "FirstName": "อภิศักดิ์", "LastName": "หะยีมะ", "PartyName": "อนาคตใหม่", "PartyNumber": 177, "Title": "นาย", "Votable": true, "province_id": 94, "province_name": "ปัตตานี", "zone_number": 1, "PartyTerminated": false, "Age": 47, "Occupation": "นักธุรกิจ", "HighestEducation": "ปริญญาโท", "ImageFileId": "5c590c22fbcb5f1d88146159", "SelfIntroduceFileId": "5c593c6dfbcb5f1d8816a8b0", "PartyLogo": "https://storage.googleapis.com/candidate-thumbs/party/177.png", "CandididatePhoto": "https://storage.googleapis.com/candidate-thumbs/images/94-1-17.jpg"}, {"Unnamed: 0": 3177, "CandidateId": "d7989f63-0623-4c99-bcbf-9cbc9a279494", "CandidateNo": 18, "FirstName": "พารีด๊ะ", "LastName": "หมัดเจริญ", "PartyName": "ไทยธรรม", "PartyNumber": 178, "Title": "นาง", "Votable": true, "province_id": 94, "province_name": "ปัตตานี", "zone_number": 1, "PartyTerminated": false, "Age": 39, "Occupation": "ครูผู้สอน", "HighestEducation": "ปริญญาตรี", "ImageFileId": "5c590c64fbcb5f1d8814650a", "SelfIntroduceFileId": "5c593e13fbcb5f1d8816c0e2", "PartyLogo": "https://storage.googleapis.com/candidate-thumbs/party/178.png", "CandididatePhoto": "https://storage.googleapis.com/candidate-thumbs/images/94-1-18.jpg"}, {"Unnamed: 0": 3178, "CandidateId": "16cbaa3c-9740-4755-b065-837d59fecb41", "CandidateNo": 19, "FirstName": "นิรายา", "LastName": "เลาะนะ", "PartyName": "รักษ์ผืนป่าประเทศไทย", "PartyNumber": 133, "Title": "นางสาว", "Votable": true, "province_id": 94, "province_name": "ปัตตานี", "zone_number": 1, "PartyTerminated": false, "Age": 38, "Occupation": "รับจ้างทั่วไป", "HighestEducation": "ปริญญาตรี", "ImageFileId": "5c590cb5fbcb5f1d88146901", "SelfIntroduceFileId": "5c594227fbcb5f1d8816f8ef", "PartyLogo": "https://storage.googleapis.com/candidate-thumbs/party/133.png", "CandididatePhoto": "https://storage.googleapis.com/candidate-thumbs/images/94-1-19.jpg"}, {"Unnamed: 0": 3179, "CandidateId": "4bdfd34e-8eff-4d76-b45d-bfb299098f86", "CandidateNo": 20, "FirstName": "บดินทร์", "LastName": "มีแฮ", "PartyName": "พลังไทยรักชาติ", "PartyNumber": 155, "Title": "นาย", "Votable": true, "province_id": 94, "province_name": "ปัตตานี", "zone_number": 1, "PartyTerminated": false, "Age": 40, "Occupation": "-", "HighestEducation": "ต่ำกว่าปริญญาตรี", "ImageFileId": "5c592368fbcb5f1d88155234", "SelfIntroduceFileId": "5c5943e9fbcb5f1d88170f6b", "PartyLogo": "https://storage.googleapis.com/candidate-thumbs/party/155.png", "CandididatePhoto": "https://storage.googleapis.com/candidate-thumbs/images/94-1-20.jpg"}, {"Unnamed: 0": 3180, "CandidateId": "0cd7e6c1-77e3-479d-8dbb-4fa22ab5a36e", "CandidateNo": 21, "FirstName": "ซารีพ๊ะ", "LastName": "เจ๊ะนะ", "PartyName": "พลังชาติไทย", "PartyNumber": 186, "Title": "นางสาว", "Votable": true, "province_id": 94, "province_name": "ปัตตานี", "zone_number": 1, "PartyTerminated": false, "Age": 46, "Occupation": "ธุรการโรงเรียนบ้านมะหุด", "HighestEducation": "ต่ำกว่าปริญญาตรี", "ImageFileId": "5c5a8183fbcb5f19bcaa6f40", "SelfIntroduceFileId": "5c5a8372fbcb5f19bcaa81fb", "PartyLogo": "https://storage.googleapis.com/candidate-thumbs/party/186.png", "CandididatePhoto": "https://storage.googleapis.com/candidate-thumbs/images/94-1-21.jpg"}, {"Unnamed: 0": 3181, "CandidateId": "152ebf03-876e-41d4-9a1a-f5d23d8644f1", "CandidateNo": 22, "FirstName": "อับดุลกอเดร์", "LastName": "ประดู่", "PartyName": "ประชาธิปไตยใหม่", "PartyNumber": 109, "Title": "นาย", "Votable": true, "province_id": 94, "province_name": "ปัตตานี", "zone_number": 1, "PartyTerminated": false, "Age": 50, "Occupation": "ธุรกิจส่วนตัว", "HighestEducation": "ต่ำกว่าปริญญาตรี", "ImageFileId": "5c5be23dfbcb5f16fc674d94", "SelfIntroduceFileId": "5c5be2b8fbcb5f16fc6752c9", "PartyLogo": "https://storage.googleapis.com/candidate-thumbs/party/109.png", "CandididatePhoto": "https://storage.googleapis.com/candidate-thumbs/images/94-1-22.jpg"}, {"Unnamed: 0": 3182, "CandidateId": "778a4d79-8216-4416-8502-004254a630c3", "CandidateNo": 23, "FirstName": "ณรงค์", "LastName": "มะเซ็ง", "PartyName": "ครูไทยเพื่อประชาชน", "PartyNumber": 118, "Title": "นาย", "Votable": true, "province_id": 94, "province_name": "ปัตตานี", "zone_number": 1, "PartyTerminated": false, "Age": 55, "Occupation": "จิตอาสา", "HighestEducation": "ต่ำกว่าปริญญาตรี", "ImageFileId": "5c5be7dbfbcb5f16fc677de8", "SelfIntroduceFileId": "5c5bedb1fbcb5f16fc67b1c5", "PartyLogo": "https://storage.googleapis.com/candidate-thumbs/party/118.png", "CandididatePhoto": "https://storage.googleapis.com/candidate-thumbs/images/94-1-23.jpg"}, {"Unnamed: 0": 3183, "CandidateId": "223d4b97-77bb-4bfc-8368-2a4915672d26", "CandidateNo": 24, "FirstName": "อามีเน๊าะ", "LastName": "ดาโอะ", "PartyName": "ภราดรภาพ", "PartyNumber": 154, "Title": "นาง", "Votable": true, "province_id": 94, "province_name": "ปัตตานี", "zone_number": 1, "PartyTerminated": false, "Age": 43, "Occupation": "ค้าขาย", "HighestEducation": "ต่ำกว่าปริญญาตรี", "ImageFileId": "5c5be8dbfbcb5f16fc6785d3", "SelfIntroduceFileId": "5c5beeb8fbcb5f16fc67bade", "PartyLogo": "https://storage.googleapis.com/candidate-thumbs/party/154.png", "CandididatePhoto": "https://storage.googleapis.com/candidate-thumbs/images/94-1-24.jpg"}, {"Unnamed: 0": 3184, "CandidateId": "197d24f5-5de4-4d41-8c91-7e4c4d6cfcbe", "CandidateNo": 25, "FirstName": "อุดมศักดิ์", "LastName": "แวนิด", "PartyName": "ถิ่นกาขาวชาววิไล", "PartyNumber": 129, "Title": "นาย", "Votable": true, "province_id": 94, "province_name": "ปัตตานี", "zone_number": 1, "PartyTerminated": false, "Age": 34, "Occupation": "รับจ้างทั่วไป", "HighestEducation": "ต่ำกว่าปริญญาตรี", "ImageFileId": "5c5bef02fbcb5f16fc67bd7c", "SelfIntroduceFileId": "5c5bf0c6fbcb5f16fc67cb14", "PartyLogo": "https://storage.googleapis.com/candidate-thumbs/party/129.png", "CandididatePhoto": "https://storage.googleapis.com/candidate-thumbs/images/94-1-25.jpg"}, {"Unnamed: 0": 3185, "CandidateId": "6f2842d0-f442-491e-8a58-eb9c8095a983", "CandidateNo": 26, "FirstName": "อับดุลอาริ", "LastName": "ยะโกะ", "PartyName": "พลังไทยรักไทย", "PartyNumber": 185, "Title": "นาย", "Votable": true, "province_id": 94, "province_name": "ปัตตานี", "zone_number": 1, "PartyTerminated": false, "Age": 52, "Occupation": "ธุรกิจส่วนตัว", "HighestEducation": "ต่ำกว่าปริญญาตรี", "ImageFileId": "5c5bef7efbcb5f16fc67c2c1", "SelfIntroduceFileId": "5c5bf805fbcb5f16fc6802a7", "PartyLogo": "https://storage.googleapis.com/candidate-thumbs/party/185.png", "CandididatePhoto": "https://storage.googleapis.com/candidate-thumbs/images/94-1-26.jpg"}, {"Unnamed: 0": 3186, "CandidateId": "364f38dc-d415-4ddf-b96f-6b3eed8d6683", "CandidateNo": 27, "FirstName": "มูฮัมมะซายดี", "LastName": "เฮาะมะ", "PartyName": "เศรษฐกิจใหม่", "PartyNumber": 193, "Title": "นาย", "Votable": true, "province_id": 94, "province_name": "ปัตตานี", "zone_number": 1, "PartyTerminated": false, "Age": 52, "Occupation": "ธุรกิจส่วนตัว", "HighestEducation": "ปริญญาโท", "ImageFileId": "5c5bf555fbcb5f16fc67f110", "SelfIntroduceFileId": "5c5bf94dfbcb5f16fc68082a", "PartyLogo": "https://storage.googleapis.com/candidate-thumbs/party/193.png", "CandididatePhoto": "https://storage.googleapis.com/candidate-thumbs/images/94-1-27.jpg"}, {"Unnamed: 0": 3187, "CandidateId": "9f710bfb-ad4b-4870-93f7-58453f4d2eae", "CandidateNo": 28, "FirstName": "อัฎฐพล", "LastName": "เพ็ชรภิมล", "PartyName": "เพื่อแผ่นดิน", "PartyNumber": 41, "Title": "นาย", "Votable": true, "province_id": 94, "province_name": "ปัตตานี", "zone_number": 1, "PartyTerminated": false, "Age": 56, "Occupation": "บมจ.อลิอันซ์อยุธยาประกันชีวิต", "HighestEducation": "ปริญญาโท", "ImageFileId": "5c5bfe7efbcb5f16fc681dd2", "SelfIntroduceFileId": "5c5ce58afbcb5f16fc68b07f", "PartyLogo": "https://storage.googleapis.com/candidate-thumbs/party/41.png", "CandididatePhoto": "https://storage.googleapis.com/candidate-thumbs/images/94-1-28.jpg"}, {"Unnamed: 0": 3188, "CandidateId": "ddd88767-c154-49a4-8d61-1af20965136a", "CandidateNo": 29, "FirstName": "อัสมูนี", "LastName": "เจ๊ะอุบง", "PartyName": "พลังสังคม", "PartyNumber": 198, "Title": "นาย", "Votable": true, "province_id": 94, "province_name": "ปัตตานี", "zone_number": 1, "PartyTerminated": false, "Age": 52, "Occupation": "ข้าราชการ", "HighestEducation": "ปริญญาโท", "ImageFileId": "5c5d0a8dfbcb5f0fd884d27a", "SelfIntroduceFileId": "5c5d3e4ffbcb5f0fd8863bf4", "PartyLogo": "https://storage.googleapis.com/candidate-thumbs/party/198.png", "CandididatePhoto": "https://storage.googleapis.com/candidate-thumbs/images/94-1-29.jpg"}, {"Unnamed: 0": 3189, "CandidateId": "f4904109-217a-45c2-932e-cefbe75974c9", "CandidateNo": 30, "FirstName": "มุสตอปา", "LastName": "สะแม", "PartyName": "พลเมืองไทย", "PartyNumber": 173, "Title": "นาย", "Votable": true, "province_id": 94, "province_name": "ปัตตานี", "zone_number": 1, "PartyTerminated": false, "Age": 47, "Occupation": "เจ้าของกิจการ", "HighestEducation": "ต่ำกว่าปริญญาตรี", "ImageFileId": "5c5d0f43fbcb5f0fd884ee88", "SelfIntroduceFileId": "5c5d1d3bfbcb5f0fd885292f", "PartyLogo": "https://storage.googleapis.com/candidate-thumbs/party/173.png", "CandididatePhoto": "https://storage.googleapis.com/candidate-thumbs/images/94-1-30.jpg"}, {"Unnamed: 0": 3190, "CandidateId": "14b4cba8-2f14-45cd-8b06-f04e660d544b", "CandidateNo": 31, "FirstName": "คณนภัค", "LastName": "ปานแก้ว", "PartyName": "แผ่นดินธรรม", "PartyNumber": 188, "Title": "นาย", "Votable": true, "province_id": 94, "province_name": "ปัตตานี", "zone_number": 1, "PartyTerminated": false, "Age": 40, "Occupation": "เกษตรกร", "HighestEducation": "ต่ำกว่าปริญญาตรี", "ImageFileId": "5c5d3f3cfbcb5f0fd886446d", "SelfIntroduceFileId": "5c5d421cfbcb5f0fd8866583", "PartyLogo": "https://storage.googleapis.com/candidate-thumbs/party/188.png", "CandididatePhoto": "https://storage.googleapis.com/candidate-thumbs/images/94-1-31.jpg"}, {"Unnamed: 0": 3191, "CandidateId": "ad003e6f-1759-467c-ac0c-56b477ef6c8e", "CandidateNo": 32, "FirstName": "อับดุลเล๊าะ", "LastName": "สะดียามู", "PartyName": "พลังประชาธิปไตย", "PartyNumber": 153, "Title": "นาย", "Votable": true, "province_id": 94, "province_name": "ปัตตานี", "zone_number": 1, "PartyTerminated": false, "Age": 33, "Occupation": "พนักงานบริษัท", "HighestEducation": "ปริญญาตรี", "ImageFileId": "5c5d4029fbcb5f0fd8864fa1", "SelfIntroduceFileId": "5c5d43defbcb5f0fd886764a", "PartyLogo": "https://storage.googleapis.com/candidate-thumbs/party/153.png", "CandididatePhoto": "https://storage.googleapis.com/candidate-thumbs/images/94-1-32.jpg"}, {"Unnamed: 0": 3192, "CandidateId": "1a731a8d-7e4b-4c6b-ae06-c1338596a5a9", "CandidateNo": 33, "FirstName": "ไพโรจน์", "LastName": "คณานุรักษ์", "PartyName": "ประชาชนปฏิรูป", "PartyNumber": 176, "Title": "นาย", "Votable": true, "province_id": 94, "province_name": "ปัตตานี", "zone_number": 1, "PartyTerminated": false, "Age": 70, "Occupation": "เกษตรกร", "HighestEducation": "ต่ำกว่าปริญญาตรี", "ImageFileId": "5c5d4533fbcb5f0fd8868586", "SelfIntroduceFileId": "5c5d4743fbcb5f0fd88699b6", "PartyLogo": "https://storage.googleapis.com/candidate-thumbs/party/176.png", "CandididatePhoto": "https://storage.googleapis.com/candidate-thumbs/images/94-1-33.jpg"}, {"Unnamed: 0": 3193, "CandidateId": "10404809-6909-465e-b03f-7624646d888b", "CandidateNo": 34, "FirstName": "ขนิษฐา", "LastName": "อรัญญภาค", "PartyName": "ภูมิพลังเกษตรกรไทย", "PartyNumber": 197, "Title": "นางสาว", "Votable": true, "province_id": 94, "province_name": "ปัตตานี", "zone_number": 1, "PartyTerminated": false, "Age": 40, "Occupation": "ตท.ประกันชีวิตไทยสมุทร", "HighestEducation": "ต่ำกว่าปริญญาตรี", "ImageFileId": "5c5d4ce8fbcb5f0fd886dc72", "SelfIntroduceFileId": "5c5d692efbcb5f0fd887e727", "PartyLogo": "https://storage.googleapis.com/candidate-thumbs/party/197.png", "CandididatePhoto": "https://storage.googleapis.com/candidate-thumbs/images/94-1-34.jpg"}, {"Unnamed: 0": 3194, "CandidateId": "1a468c16-8cf1-4091-8e3c-2a0269384bdf", "CandidateNo": 35, "FirstName": "ประกาศ", "LastName": "แก้วแกมพุทธ", "PartyName": "ไทรักธรรม", "PartyNumber": 144, "Title": "นาย", "Votable": true, "province_id": 94, "province_name": "ปัตตานี", "zone_number": 1, "PartyTerminated": false, "Age": 59, "Occupation": "ทำสวน", "HighestEducation": "ต่ำกว่าปริญญาตรี", "ImageFileId": "5c5d4f44fbcb5f0fd886f421", "SelfIntroduceFileId": "5c5d6b52fbcb5f0fd887f356", "PartyLogo": "https://storage.googleapis.com/candidate-thumbs/party/144.png", "CandididatePhoto": "https://storage.googleapis.com/candidate-thumbs/images/94-1-35.jpg"}, {"Unnamed: 0": 3195, "CandidateId": "69dfcd7a-4717-4e91-89fc-86da3a08ca6b", "CandidateNo": 36, "FirstName": "อัครเดช", "LastName": "เลิศตระกูลทรัพย์", "PartyName": "ประชาไทย", "PartyNumber": 205, "Title": "นาย", "Votable": false, "province_id": 94, "province_name": "ปัตตานี", "zone_number": 1, "PartyTerminated": false, "Age": 31, "Occupation": "ธุรกิจอิสระ", "HighestEducation": "ต่ำกว่าปริญญาตรี", "ImageFileId": "5c5d5250fbcb5f0fd8871253", "SelfIntroduceFileId": "5c5d6c79fbcb5f0fd887f8fd", "PartyLogo": "https://storage.googleapis.com/candidate-thumbs/party/205.png", "CandididatePhoto": "https://storage.googleapis.com/candidate-thumbs/images/94-1-36.jpg"}]