[{"Unnamed: 0": 1377, "CandidateId": "dacd0e29-c62c-404c-89b3-5ea7f242f13c", "CandidateNo": 1, "FirstName": "ประมวล", "LastName": "พงศ์ถาวราเดช", "PartyName": "ประชาธิปัตย์", "PartyNumber": 1, "Title": "นาย", "Votable": true, "province_id": 77, "province_name": "ประจวบคีรีขันธ์", "zone_number": 3, "PartyTerminated": false, "Age": 66, "Occupation": "ุธุรกิจส่วนตัว", "HighestEducation": "ปริญญาโท", "ImageFileId": "5c5812fbfbcb5f1eec10482f", "SelfIntroduceFileId": "5c5911edfbcb5f1d8814b4d4", "PartyLogo": "https://storage.googleapis.com/candidate-thumbs/party/1.png", "CandididatePhoto": "https://storage.googleapis.com/candidate-thumbs/images/77-3-1.jpg"}, {"Unnamed: 0": 1378, "CandidateId": "069b7233-ebc4-44de-8ac1-12c9f34fadde", "CandidateNo": 2, "FirstName": "สมพงค์", "LastName": "ทั่งศรี", "PartyName": "ภูมิใจไทย", "PartyNumber": 63, "Title": "นาย", "Votable": true, "province_id": 77, "province_name": "ประจวบคีรีขันธ์", "zone_number": 3, "PartyTerminated": false, "Age": 59, "Occupation": "ทำสวน", "HighestEducation": "ปริญญาตรี", "ImageFileId": "5c58153cfbcb5f1eec105a2c", "SelfIntroduceFileId": "5c5921a0fbcb5f1d881540d9", "PartyLogo": "https://storage.googleapis.com/candidate-thumbs/party/63.png", "CandididatePhoto": "https://storage.googleapis.com/candidate-thumbs/images/77-3-2.jpg"}, {"Unnamed: 0": 1379, "CandidateId": "17fe7a6a-b695-4e68-9e7c-3979a791ebbe", "CandidateNo": 3, "FirstName": "จรูญ", "LastName": "พูนยิ้ม", "PartyName": "พลังธรรมใหม่", "PartyNumber": 175, "Title": "นาย", "Votable": true, "province_id": 77, "province_name": "ประจวบคีรีขันธ์", "zone_number": 3, "PartyTerminated": false, "Age": 65, "Occupation": "เกษตรกร", "HighestEducation": "ต่ำกว่าปริญญาตรี", "ImageFileId": "5c58175ffbcb5f1eec106b8c", "SelfIntroduceFileId": "5c591f7efbcb5f1d88152ed1", "PartyLogo": "https://storage.googleapis.com/candidate-thumbs/party/175.png", "CandididatePhoto": "https://storage.googleapis.com/candidate-thumbs/images/77-3-3.jpg"}, {"Unnamed: 0": 1380, "CandidateId": "4e684045-0a7c-477b-8d1c-e1de75629651", "CandidateNo": 4, "FirstName": "อภิวัฒน์", "LastName": "กำบัง", "PartyName": "ไทยรักษาชาติ", "PartyNumber": 77, "Title": "นาย", "Votable": true, "province_id": 77, "province_name": "ประจวบคีรีขันธ์", "zone_number": 3, "PartyTerminated": true, "Age": 39, "Occupation": "ธุรกิจส่วนตัว,พนักงานบริษัท", "HighestEducation": "ปริญญาโท", "ImageFileId": "5c5816a5fbcb5f1eec1065ba", "SelfIntroduceFileId": "5c5928e5fbcb5f1d881591c8", "PartyLogo": "https://storage.googleapis.com/candidate-thumbs/party/77.png", "CandididatePhoto": "https://storage.googleapis.com/candidate-thumbs/images/77-3-4.jpg"}, {"Unnamed: 0": 1381, "CandidateId": "9bcff134-4d06-4080-b6ea-d3f71dd65bdb", "CandidateNo": 5, "FirstName": "ถิรนัย", "LastName": "น้อยทับทิม", "PartyName": "พลังท้องถิ่นไท", "PartyNumber": 124, "Title": "นาย", "Votable": true, "province_id": 77, "province_name": "ประจวบคีรีขันธ์", "zone_number": 3, "PartyTerminated": false, "Age": 27, "Occupation": "ธุรกิจส่วนตัว", "HighestEducation": "ปริญญาตรี", "ImageFileId": "5c5817fffbcb5f1eec1070ee", "SelfIntroduceFileId": "5c592a51fbcb5f1d8815a631", "PartyLogo": "https://storage.googleapis.com/candidate-thumbs/party/124.png", "CandididatePhoto": "https://storage.googleapis.com/candidate-thumbs/images/77-3-5.jpg"}, {"Unnamed: 0": 1382, "CandidateId": "2414c82f-e9d3-4afe-b8f5-4de410206741", "CandidateNo": 6, "FirstName": "เฉลิมศักดิ์", "LastName": "สุวรรณ", "PartyName": "ประชาธิปไตยใหม่", "PartyNumber": 109, "Title": "ร้อยตำรวจเอก", "Votable": true, "province_id": 77, "province_name": "ประจวบคีรีขันธ์", "zone_number": 3, "PartyTerminated": false, "Age": 61, "Occupation": "เป็นข้าราชการบำนาญตำรวจ", "HighestEducation": "ปริญญาตรี", "ImageFileId": "5c581856fbcb5f1eec1072ea", "SelfIntroduceFileId": "5c5932d4fbcb5f1d88162651", "PartyLogo": "https://storage.googleapis.com/candidate-thumbs/party/109.png", "CandididatePhoto": "https://storage.googleapis.com/candidate-thumbs/images/77-3-6.jpg"}, {"Unnamed: 0": 1383, "CandidateId": "a37ea142-90c6-442e-97af-6ec89db02274", "CandidateNo": 7, "FirstName": "เอกราช", "LastName": "หุ่นงาม", "PartyName": "เสรีรวมไทย", "PartyNumber": 145, "Title": "พันตำรวจโท", "Votable": true, "province_id": 77, "province_name": "ประจวบคีรีขันธ์", "zone_number": 3, "PartyTerminated": false, "Age": 55, "Occupation": "รับราชการตำรวจ", "HighestEducation": "ปริญญาตรี", "ImageFileId": "5c5818b2fbcb5f1eec107613", "SelfIntroduceFileId": "5c593433fbcb5f1d881638bd", "PartyLogo": "https://storage.googleapis.com/candidate-thumbs/party/145.png", "CandididatePhoto": "https://storage.googleapis.com/candidate-thumbs/images/77-3-7.jpg"}, {"Unnamed: 0": 1384, "CandidateId": "dad41983-351c-4b81-8e55-3a068ed9d466", "CandidateNo": 8, "FirstName": "พงษ์ศักดิ์", "LastName": "พลอยแดง", "PartyName": "รวมพลังประชาชาติไทย", "PartyNumber": 181, "Title": "นาย", "Votable": true, "province_id": 77, "province_name": "ประจวบคีรีขันธ์", "zone_number": 3, "PartyTerminated": false, "Age": 52, "Occupation": "ค้าขาย", "HighestEducation": "ปริญญาตรี", "ImageFileId": "5c581953fbcb5f1eec10789e", "SelfIntroduceFileId": "5c592d41fbcb5f1d8815d6e5", "PartyLogo": "https://storage.googleapis.com/candidate-thumbs/party/181.png", "CandididatePhoto": "https://storage.googleapis.com/candidate-thumbs/images/77-3-8.jpg"}, {"Unnamed: 0": 1385, "CandidateId": "918aa2a6-456f-45c0-acf2-0db7886d3c4e", "CandidateNo": 9, "FirstName": "วนิชย์", "LastName": "ปักษ์กิ่งเมือง", "PartyName": "พลังประชารัฐ", "PartyNumber": 192, "Title": "นาย", "Votable": true, "province_id": 77, "province_name": "ประจวบคีรีขันธ์", "zone_number": 3, "PartyTerminated": false, "Age": 52, "Occupation": "ธุรกิจส่วนตัว", "HighestEducation": "ปริญญาเอก", "ImageFileId": "5c581adffbcb5f1eec10821d", "SelfIntroduceFileId": "5c59273ffbcb5f1d88158134", "PartyLogo": "https://storage.googleapis.com/candidate-thumbs/party/192.png", "CandididatePhoto": "https://storage.googleapis.com/candidate-thumbs/images/77-3-9.jpg"}, {"Unnamed: 0": 1386, "CandidateId": "73462c6c-d4ee-4141-95de-b14ae7b8ac3f", "CandidateNo": 10, "FirstName": "ฐานพัฒน์", "LastName": "ทรัพย์คง", "PartyName": "ประชาธรรมไทย", "PartyNumber": 190, "Title": "นาย", "Votable": true, "province_id": 77, "province_name": "ประจวบคีรีขันธ์", "zone_number": 3, "PartyTerminated": false, "Age": 57, "Occupation": "ธุรกิจส่วนตัว", "HighestEducation": "ต่ำกว่าปริญญาตรี", "ImageFileId": "5c581b33fbcb5f1eec10831b", "SelfIntroduceFileId": "5c592520fbcb5f1d88156577", "PartyLogo": "https://storage.googleapis.com/candidate-thumbs/party/190.png", "CandididatePhoto": "https://storage.googleapis.com/candidate-thumbs/images/77-3-10.jpg"}, {"Unnamed: 0": 1387, "CandidateId": "6bf5075f-e241-4247-9293-bf3c37d1cba9", "CandidateNo": 11, "FirstName": "สิริกร", "LastName": "พ่วงพี", "PartyName": "ประชานิยม", "PartyNumber": 191, "Title": "นาย", "Votable": true, "province_id": 77, "province_name": "ประจวบคีรีขันธ์", "zone_number": 3, "PartyTerminated": false, "Age": 45, "Occupation": "รับเหมาก่อสร้าง", "HighestEducation": "ปริญญาตรี", "ImageFileId": "5c581bdbfbcb5f1eec10850a", "SelfIntroduceFileId": "5c592dfafbcb5f1d8815e253", "PartyLogo": "https://storage.googleapis.com/candidate-thumbs/party/191.png", "CandididatePhoto": "https://storage.googleapis.com/candidate-thumbs/images/77-3-11.jpg"}, {"Unnamed: 0": 1388, "CandidateId": "24aef260-ab47-48ad-a2c1-78453aca73a8", "CandidateNo": 12, "FirstName": "สมนึก", "LastName": "รุ่งกำจัด", "PartyName": "เพื่อไทย", "PartyNumber": 34, "Title": "นาย", "Votable": true, "province_id": 77, "province_name": "ประจวบคีรีขันธ์", "zone_number": 3, "PartyTerminated": false, "Age": 56, "Occupation": "ธุรกิจส่วนตัว", "HighestEducation": "ปริญญาเอก", "ImageFileId": "5c581cb2fbcb5f1eec108935", "SelfIntroduceFileId": "5c5923d6fbcb5f1d8815575d", "PartyLogo": "https://storage.googleapis.com/candidate-thumbs/party/34.png", "CandididatePhoto": "https://storage.googleapis.com/candidate-thumbs/images/77-3-12.jpg"}, {"Unnamed: 0": 1389, "CandidateId": "25c4b401-7988-4dd0-9dcc-df2c90432347", "CandidateNo": 13, "FirstName": "ธำรงค์ศักดิ์", "LastName": "แสงสุวรรณ", "PartyName": "รักษ์ผืนป่าประเทศไทย", "PartyNumber": 133, "Title": "นาย", "Votable": true, "province_id": 77, "province_name": "ประจวบคีรีขันธ์", "zone_number": 3, "PartyTerminated": false, "Age": 54, "Occupation": "ทำสวน", "HighestEducation": "ต่ำกว่าปริญญาตรี", "ImageFileId": "5c58206cfbcb5f1eec109b88", "SelfIntroduceFileId": "5c592f57fbcb5f1d8815f721", "PartyLogo": "https://storage.googleapis.com/candidate-thumbs/party/133.png", "CandididatePhoto": "https://storage.googleapis.com/candidate-thumbs/images/77-3-13.jpg"}, {"Unnamed: 0": 1390, "CandidateId": "e290d2ff-9a4d-4671-9058-6525e48df3f5", "CandidateNo": 14, "FirstName": "เผ่าเทพ", "LastName": "หัศไทย", "PartyName": "พลังชาติไทย", "PartyNumber": 186, "Title": "นาย", "Votable": true, "province_id": 77, "province_name": "ประจวบคีรีขันธ์", "zone_number": 3, "PartyTerminated": false, "Age": 60, "Occupation": "ทนายความ", "HighestEducation": "ปริญญาตรี", "ImageFileId": "5c581da8fbcb5f1eec108d4b", "SelfIntroduceFileId": "5c591689fbcb5f1d8814ebe0", "PartyLogo": "https://storage.googleapis.com/candidate-thumbs/party/186.png", "CandididatePhoto": "https://storage.googleapis.com/candidate-thumbs/images/77-3-14.jpg"}, {"Unnamed: 0": 1391, "CandidateId": "3e541c67-1b69-4f3c-adec-c7be8c1070f2", "CandidateNo": 15, "FirstName": "สุวรรณ", "LastName": "ทองกรอย", "PartyName": "ประชาชาติ", "PartyNumber": 187, "Title": "นาย", "Votable": true, "province_id": 77, "province_name": "ประจวบคีรีขันธ์", "zone_number": 3, "PartyTerminated": false, "Age": 60, "Occupation": "ทนายความ", "HighestEducation": "ปริญญาตรี", "ImageFileId": "5c581e50fbcb5f1eec109092", "SelfIntroduceFileId": "5c59316efbcb5f1d881612b1", "PartyLogo": "https://storage.googleapis.com/candidate-thumbs/party/187.png", "CandididatePhoto": "https://storage.googleapis.com/candidate-thumbs/images/77-3-15.jpg"}, {"Unnamed: 0": 1392, "CandidateId": "d8b6b405-cbd9-415e-81cd-31d65aff4f02", "CandidateNo": 16, "FirstName": "อนุชา", "LastName": "รุ่งมรกต", "PartyName": "อนาคตใหม่", "PartyNumber": 177, "Title": "นาย", "Votable": true, "province_id": 77, "province_name": "ประจวบคีรีขันธ์", "zone_number": 3, "PartyTerminated": false, "Age": 28, "Occupation": "เกษตรกร", "HighestEducation": "ปริญญาตรี", "ImageFileId": "5c581ee6fbcb5f1eec109356", "SelfIntroduceFileId": "5c5918ecfbcb5f1d88150070", "PartyLogo": "https://storage.googleapis.com/candidate-thumbs/party/177.png", "CandididatePhoto": "https://storage.googleapis.com/candidate-thumbs/images/77-3-16.jpg"}, {"Unnamed: 0": 1393, "CandidateId": "42e028b9-a379-4408-a476-206248120329", "CandidateNo": 17, "FirstName": "ฉัตรชัย", "LastName": "กัณหา", "PartyName": "พลังไทยรักไทย", "PartyNumber": 185, "Title": "นาย", "Votable": true, "province_id": 77, "province_name": "ประจวบคีรีขันธ์", "zone_number": 3, "PartyTerminated": false, "Age": 31, "Occupation": "เรือพานิชย์", "HighestEducation": "ต่ำกว่าปริญญาตรี", "ImageFileId": "5c5959e8fbcb5f1d88180b22", "SelfIntroduceFileId": "5c595ca1fbcb5f1d88181758", "PartyLogo": "https://storage.googleapis.com/candidate-thumbs/party/185.png", "CandididatePhoto": "https://storage.googleapis.com/candidate-thumbs/images/77-3-17.jpg"}, {"Unnamed: 0": 1394, "CandidateId": "0aad7573-d6ef-41d0-8347-1ecc8f255252", "CandidateNo": 18, "FirstName": "วระภัทร", "LastName": "ปิ่นศิริ", "PartyName": "ประชาชนปฏิรูป", "PartyNumber": 176, "Title": "นางสาว", "Votable": true, "province_id": 77, "province_name": "ประจวบคีรีขันธ์", "zone_number": 3, "PartyTerminated": false, "Age": 43, "Occupation": "เจ้าของธุรกิจประมง", "HighestEducation": "ต่ำกว่าปริญญาตรี", "ImageFileId": "5c5a5dd5fbcb5f19bca99d1c", "SelfIntroduceFileId": "5c5a5fb5fbcb5f19bca9aeb2", "PartyLogo": "https://storage.googleapis.com/candidate-thumbs/party/176.png", "CandididatePhoto": "https://storage.googleapis.com/candidate-thumbs/images/77-3-18.jpg"}, {"Unnamed: 0": 1395, "CandidateId": "39cacc98-ad8a-4578-8287-a06aca1c76d0", "CandidateNo": 19, "FirstName": "ภัทรินเตวิชน์", "LastName": "ศรีเอี่ยม", "PartyName": "ภราดรภาพ", "PartyNumber": 154, "Title": "นาย", "Votable": true, "province_id": 77, "province_name": "ประจวบคีรีขันธ์", "zone_number": 3, "PartyTerminated": false, "Age": 50, "Occupation": "เกษตรกร", "HighestEducation": "ต่ำกว่าปริญญาตรี", "ImageFileId": "5c5a74d8fbcb5f19bcaa18f5", "SelfIntroduceFileId": "5c5a81bcfbcb5f19bcaa716f", "PartyLogo": "https://storage.googleapis.com/candidate-thumbs/party/154.png", "CandididatePhoto": "https://storage.googleapis.com/candidate-thumbs/images/77-3-19.jpg"}, {"Unnamed: 0": 1396, "CandidateId": "4bb5559f-5c91-452c-8bcd-849b43fb0321", "CandidateNo": 20, "FirstName": "ธีรศักดิ์", "LastName": "ฑีฆายุวัฒนา", "PartyName": "พลังปวงชนไทย", "PartyNumber": 184, "Title": "นาย", "Votable": true, "province_id": 77, "province_name": "ประจวบคีรีขันธ์", "zone_number": 3, "PartyTerminated": false, "Age": 59, "Occupation": "ค้าขาย", "HighestEducation": "ต่ำกว่าปริญญาตรี", "ImageFileId": "5c5a82bdfbcb5f19bcaa7c12", "SelfIntroduceFileId": "5c5bfbd1fbcb5f16fc681186", "PartyLogo": "https://storage.googleapis.com/candidate-thumbs/party/184.png", "CandididatePhoto": "https://storage.googleapis.com/candidate-thumbs/images/77-3-20.jpg"}, {"Unnamed: 0": 1397, "CandidateId": "e89a211a-0d1c-4fa4-a860-0cf3bcf15a94", "CandidateNo": 21, "FirstName": "เอกอมร", "LastName": "ชาติสีลา", "PartyName": "ประชาภิวัฒน์", "PartyNumber": 172, "Title": "นาย", "Votable": true, "province_id": 77, "province_name": "ประจวบคีรีขันธ์", "zone_number": 3, "PartyTerminated": false, "Age": 28, "Occupation": "ผู้จัดการไทยพาณิชย์ประกันชีวิต", "HighestEducation": "ต่ำกว่าปริญญาตรี", "ImageFileId": "5c5a9a95fbcb5f19bcab24f1", "SelfIntroduceFileId": "5c5a9c21fbcb5f19bcab2eb5", "PartyLogo": "https://storage.googleapis.com/candidate-thumbs/party/172.png", "CandididatePhoto": "https://storage.googleapis.com/candidate-thumbs/images/77-3-21.jpg"}, {"Unnamed: 0": 1398, "CandidateId": "bc65ea9b-849f-4c5d-9250-bd97b2253f76", "CandidateNo": 22, "FirstName": "ขวัญเรือน", "LastName": "ผินประดับ", "PartyName": "ครูไทยเพื่อประชาชน", "PartyNumber": 118, "Title": "นางสาว", "Votable": true, "province_id": 77, "province_name": "ประจวบคีรีขันธ์", "zone_number": 3, "PartyTerminated": false, "Age": 64, "Occupation": "ค้าขาย", "HighestEducation": "ต่ำกว่าปริญญาตรี", "ImageFileId": "5c5b9882fbcb5f16fc6556fe", "SelfIntroduceFileId": "5c5b99fbfbcb5f16fc655f40", "PartyLogo": "https://storage.googleapis.com/candidate-thumbs/party/118.png", "CandididatePhoto": "https://storage.googleapis.com/candidate-thumbs/images/77-3-22.jpg"}, {"Unnamed: 0": 1399, "CandidateId": "8599f8f0-db72-40c6-8f0e-02000b1d8a6a", "CandidateNo": 23, "FirstName": "ประทุม", "LastName": "สกุณา", "PartyName": "แผ่นดินธรรม", "PartyNumber": 188, "Title": "นาย", "Votable": true, "province_id": 77, "province_name": "ประจวบคีรีขันธ์", "zone_number": 3, "PartyTerminated": false, "Age": 62, "Occupation": "เกษตรกร", "HighestEducation": "ต่ำกว่าปริญญาตรี", "ImageFileId": "5c5ba3d3fbcb5f16fc659c41", "SelfIntroduceFileId": "5c5ba6d0fbcb5f16fc65aff1", "PartyLogo": "https://storage.googleapis.com/candidate-thumbs/party/188.png", "CandididatePhoto": "https://storage.googleapis.com/candidate-thumbs/images/77-3-23.jpg"}, {"Unnamed: 0": 1400, "CandidateId": "0fb4aef1-2b74-456b-aee3-036ff54b9ddb", "CandidateNo": 24, "FirstName": "เอนก", "LastName": "น้อยแสง", "PartyName": "เครือข่ายชาวนาแห่งประเทศไทย", "PartyNumber": 22, "Title": "นาย", "Votable": true, "province_id": 77, "province_name": "ประจวบคีรีขันธ์", "zone_number": 3, "PartyTerminated": false, "Age": 62, "Occupation": "ค้าขาย", "HighestEducation": "ต่ำกว่าปริญญาตรี", "ImageFileId": "5c5be0f4fbcb5f16fc67438c", "SelfIntroduceFileId": "5c5be57cfbcb5f16fc6766da", "PartyLogo": "https://storage.googleapis.com/candidate-thumbs/party/22.png", "CandididatePhoto": "https://storage.googleapis.com/candidate-thumbs/images/77-3-24.jpg"}, {"Unnamed: 0": 1401, "CandidateId": "ee7ad80d-2cb8-43de-8049-a1607b89d45c", "CandidateNo": 25, "FirstName": "ชรินทร์", "LastName": "จิตใจตรง", "PartyName": "ภาคีเครือข่ายไทย", "PartyNumber": 211, "Title": "นาย", "Votable": true, "province_id": 77, "province_name": "ประจวบคีรีขันธ์", "zone_number": 3, "PartyTerminated": false, "Age": 59, "Occupation": "ธุรกิจส่วนตัว", "HighestEducation": "ต่ำกว่าปริญญาตรี", "ImageFileId": "5c5be4d7fbcb5f16fc676122", "SelfIntroduceFileId": "5c5bffb5fbcb5f16fc682158", "PartyLogo": "https://storage.googleapis.com/candidate-thumbs/party/211.png", "CandididatePhoto": "https://storage.googleapis.com/candidate-thumbs/images/77-3-25.jpg"}, {"Unnamed: 0": 1402, "CandidateId": "64f54ea9-72c6-4e10-b20f-6ee5a83c3901", "CandidateNo": 26, "FirstName": "นรินทร์", "LastName": "บ้วนฮวด", "PartyName": "พลเมืองไทย", "PartyNumber": 173, "Title": "นาย", "Votable": true, "province_id": 77, "province_name": "ประจวบคีรีขันธ์", "zone_number": 3, "PartyTerminated": false, "Age": 49, "Occupation": "ทนายความ", "HighestEducation": "ปริญญาตรี", "ImageFileId": "5c5cfa29fbcb5f0fd8845009", "SelfIntroduceFileId": "5c5cfc38fbcb5f0fd88461aa", "PartyLogo": "https://storage.googleapis.com/candidate-thumbs/party/173.png", "CandididatePhoto": "https://storage.googleapis.com/candidate-thumbs/images/77-3-26.jpg"}, {"Unnamed: 0": 1403, "CandidateId": "1eb27b42-8d9a-4bb5-b0e1-df8a353fbb01", "CandidateNo": 27, "FirstName": "โชติ", "LastName": "เงินแท่ง", "PartyName": "เพื่อชาติ", "PartyNumber": 149, "Title": "นาย", "Votable": true, "province_id": 77, "province_name": "ประจวบคีรีขันธ์", "zone_number": 3, "PartyTerminated": false, "Age": 65, "Occupation": "นายกองค์การบริหารส่วนตำบลทับสะแก", "HighestEducation": "ต่ำกว่าปริญญาตรี", "ImageFileId": "5c5d1345fbcb5f0fd884fb7d", "SelfIntroduceFileId": "5c5d149cfbcb5f0fd885004d", "PartyLogo": "https://storage.googleapis.com/candidate-thumbs/party/149.png", "CandididatePhoto": "https://storage.googleapis.com/candidate-thumbs/images/77-3-27.jpg"}, {"Unnamed: 0": 1404, "CandidateId": "90c70404-feff-4683-a962-e7165f8af1b9", "CandidateNo": 28, "FirstName": "บุญรวม", "LastName": "ตันไทย", "PartyName": "ไทรักธรรม", "PartyNumber": 144, "Title": "นาย", "Votable": true, "province_id": 77, "province_name": "ประจวบคีรีขันธ์", "zone_number": 3, "PartyTerminated": false, "Age": 55, "Occupation": "ไร่สับปะรด", "HighestEducation": "ต่ำกว่าปริญญาตรี", "ImageFileId": "5c5d544bfbcb5f0fd8872d6d", "SelfIntroduceFileId": "5c5d5caefbcb5f0fd887916f", "PartyLogo": "https://storage.googleapis.com/candidate-thumbs/party/144.png", "CandididatePhoto": "https://storage.googleapis.com/candidate-thumbs/images/77-3-28.jpg"}]