[{"Unnamed: 0": 1428, "CandidateId": "9902b6c5-4f95-4547-b37e-2770833c5af5", "CandidateNo": 1, "FirstName": "ถวิล", "LastName": "สง่าเมือง", "PartyName": "เสรีรวมไทย", "PartyNumber": 145, "Title": "นาย", "Votable": true, "province_id": 25, "province_name": "ปราจีนบุรี", "zone_number": 2, "PartyTerminated": false, "Age": 59, "Occupation": "สมาชิกองค์การบริหารส่วนตำบล", "HighestEducation": "ต่ำกว่าปริญญาตรี", "ImageFileId": "5c57bb54fbcb5f1eec0d4159", "SelfIntroduceFileId": "5c57bf75fbcb5f1eec0d61ea", "PartyLogo": "https://storage.googleapis.com/candidate-thumbs/party/145.png", "CandididatePhoto": "https://storage.googleapis.com/candidate-thumbs/images/25-2-1.jpg"}, {"Unnamed: 0": 1429, "CandidateId": "06ad19bc-4915-40b1-8d7b-25cb819f3b25", "CandidateNo": 2, "FirstName": "เยาวลักษมิ์", "LastName": "โตอนันต์", "PartyName": "ประชาธิปัตย์", "PartyNumber": 1, "Title": "นางสาว", "Votable": true, "province_id": 25, "province_name": "ปราจีนบุรี", "zone_number": 2, "PartyTerminated": false, "Age": 61, "Occupation": "รับราชการ", "HighestEducation": "ปริญญาโท", "ImageFileId": "5c57c37dfbcb5f1eec0d830e", "SelfIntroduceFileId": "5c5d463efbcb5f0fd8868ffd", "PartyLogo": "https://storage.googleapis.com/candidate-thumbs/party/1.png", "CandididatePhoto": "https://storage.googleapis.com/candidate-thumbs/images/25-2-2.jpg"}, {"Unnamed: 0": 1430, "CandidateId": "0374a78c-405c-425c-aff3-97b09fc785ce", "CandidateNo": 3, "FirstName": "ปริญญา", "LastName": "สุรพันธุ์", "PartyName": "เพื่อชาติ", "PartyNumber": 149, "Title": "นาย", "Votable": true, "province_id": 25, "province_name": "ปราจีนบุรี", "zone_number": 2, "PartyTerminated": false, "Age": 45, "Occupation": "ทนายความ", "HighestEducation": "ปริญญาตรี", "ImageFileId": "5c57f7c2fbcb5f1eec0ef0a0", "SelfIntroduceFileId": "5c57f8f4fbcb5f1eec0efb16", "PartyLogo": "https://storage.googleapis.com/candidate-thumbs/party/149.png", "CandididatePhoto": "https://storage.googleapis.com/candidate-thumbs/images/25-2-3.jpg"}, {"Unnamed: 0": 1431, "CandidateId": "d7d4a62c-c9b0-435d-98b6-52d0fd49c690", "CandidateNo": 4, "FirstName": "สนิท", "LastName": "คำลือ", "PartyName": "ประชาชนปฏิรูป", "PartyNumber": 176, "Title": "นาย", "Votable": true, "province_id": 25, "province_name": "ปราจีนบุรี", "zone_number": 2, "PartyTerminated": false, "Age": 70, "Occupation": "รับราชการ", "HighestEducation": "ปริญญาตรี", "ImageFileId": "5c57f922fbcb5f1eec0efcc4", "SelfIntroduceFileId": "5c57fa87fbcb5f1eec0f1027", "PartyLogo": "https://storage.googleapis.com/candidate-thumbs/party/176.png", "CandididatePhoto": "https://storage.googleapis.com/candidate-thumbs/images/25-2-4.jpg"}, {"Unnamed: 0": 1432, "CandidateId": "a613dcff-bc85-489f-ba1f-cbe7cdb0bbd7", "CandidateNo": 5, "FirstName": "หรรษธร", "LastName": "กำปั่นทอง", "PartyName": "อนาคตใหม่", "PartyNumber": 177, "Title": "นาย", "Votable": true, "province_id": 25, "province_name": "ปราจีนบุรี", "zone_number": 2, "PartyTerminated": false, "Age": 53, "Occupation": "นักการเมือง", "HighestEducation": "ปริญญาโท", "ImageFileId": "5c57faaefbcb5f1eec0f1299", "SelfIntroduceFileId": "5c57fc68fbcb5f1eec0f2a5f", "PartyLogo": "https://storage.googleapis.com/candidate-thumbs/party/177.png", "CandididatePhoto": "https://storage.googleapis.com/candidate-thumbs/images/25-2-5.jpg"}, {"Unnamed: 0": 1433, "CandidateId": "660b4a27-aba1-4f68-a342-bd93e70fd049", "CandidateNo": 6, "FirstName": "ชยุต", "LastName": "ภุมมะกาญจนะ", "PartyName": "ภูมิใจไทย", "PartyNumber": 63, "Title": "นาย", "Votable": true, "province_id": 25, "province_name": "ปราจีนบุรี", "zone_number": 2, "PartyTerminated": false, "Age": 56, "Occupation": "อดีตสมาชิกสภาผู้แทนราษฎร", "HighestEducation": "ปริญญาโท", "ImageFileId": "5c57fcacfbcb5f1eec0f2da8", "SelfIntroduceFileId": "5c57fdbefbcb5f1eec0f3f1e", "PartyLogo": "https://storage.googleapis.com/candidate-thumbs/party/63.png", "CandididatePhoto": "https://storage.googleapis.com/candidate-thumbs/images/25-2-6.jpg"}, {"Unnamed: 0": 1434, "CandidateId": "1cdad3fb-e995-4278-b7ba-ca8fbab2c234", "CandidateNo": 7, "FirstName": "เพชร์นภา", "LastName": "แซ่ลิ้ม", "PartyName": "ทางเลือกใหม่", "PartyNumber": 170, "Title": "นางสาว", "Votable": true, "province_id": 25, "province_name": "ปราจีนบุรี", "zone_number": 2, "PartyTerminated": false, "Age": 39, "Occupation": "บริษัทเอกชน", "HighestEducation": "ต่ำกว่าปริญญาตรี", "ImageFileId": "5c57fe23fbcb5f1eec0f43a3", "SelfIntroduceFileId": "5c57ff9ffbcb5f1eec0f56b0", "PartyLogo": "https://storage.googleapis.com/candidate-thumbs/party/170.png", "CandididatePhoto": "https://storage.googleapis.com/candidate-thumbs/images/25-2-7.jpg"}, {"Unnamed: 0": 1435, "CandidateId": "a84e50d2-045b-4133-9b27-74144027231f", "CandidateNo": 8, "FirstName": "ธวัชชัย", "LastName": "พรหมจันทร์", "PartyName": "รวมพลังประชาชาติไทย", "PartyNumber": 181, "Title": "นาย", "Votable": true, "province_id": 25, "province_name": "ปราจีนบุรี", "zone_number": 2, "PartyTerminated": false, "Age": 47, "Occupation": "เกษตรกร", "HighestEducation": "ปริญญาตรี", "ImageFileId": "5c57ffdcfbcb5f1eec0f5a40", "SelfIntroduceFileId": "5c5800a5fbcb5f1eec0f63b0", "PartyLogo": "https://storage.googleapis.com/candidate-thumbs/party/181.png", "CandididatePhoto": "https://storage.googleapis.com/candidate-thumbs/images/25-2-8.jpg"}, {"Unnamed: 0": 1436, "CandidateId": "47d9fee8-258c-4e56-b442-b7f48fc4ae52", "CandidateNo": 9, "FirstName": "สมเกียรติ", "LastName": "คำดำ", "PartyName": "เพื่อไทย", "PartyNumber": 34, "Title": "นาย", "Votable": true, "province_id": 25, "province_name": "ปราจีนบุรี", "zone_number": 2, "PartyTerminated": false, "Age": 55, "Occupation": "นักการเมือง", "HighestEducation": "ต่ำกว่าปริญญาตรี", "ImageFileId": "5c5800ccfbcb5f1eec0f6561", "SelfIntroduceFileId": "5c5801c8fbcb5f1eec0f7563", "PartyLogo": "https://storage.googleapis.com/candidate-thumbs/party/34.png", "CandididatePhoto": "https://storage.googleapis.com/candidate-thumbs/images/25-2-9.jpg"}, {"Unnamed: 0": 1437, "CandidateId": "0181f932-3862-4f56-a031-41a68915be45", "CandidateNo": 10, "FirstName": "สมบัติ", "LastName": "สิทธิมงคล", "PartyName": "พลังประชารัฐ", "PartyNumber": 192, "Title": "นาย", "Votable": true, "province_id": 25, "province_name": "ปราจีนบุรี", "zone_number": 2, "PartyTerminated": false, "Age": 50, "Occupation": "สมาชิกองค์การบริหารส่วนจังหวัดปราจีนบุรี", "HighestEducation": "ปริญญาตรี", "ImageFileId": "5c58025cfbcb5f1eec0f8026", "SelfIntroduceFileId": "5c58037dfbcb5f1eec0f8d91", "PartyLogo": "https://storage.googleapis.com/candidate-thumbs/party/192.png", "CandididatePhoto": "https://storage.googleapis.com/candidate-thumbs/images/25-2-10.jpg"}, {"Unnamed: 0": 1438, "CandidateId": "85764acf-2205-4354-a983-27cdd5f342d1", "CandidateNo": 11, "FirstName": "จรุต", "LastName": "โพธิ์งาม", "PartyName": "พลังท้องถิ่นไท", "PartyNumber": 124, "Title": "นาย", "Votable": true, "province_id": 25, "province_name": "ปราจีนบุรี", "zone_number": 2, "PartyTerminated": false, "Age": 61, "Occupation": "ธุรกิจส่วนตัว(รับเหมาก่อสร้าง)", "HighestEducation": "ปริญญาตรี", "ImageFileId": "5c5803b0fbcb5f1eec0f9175", "SelfIntroduceFileId": "5c5804dbfbcb5f1eec0fa303", "PartyLogo": "https://storage.googleapis.com/candidate-thumbs/party/124.png", "CandididatePhoto": "https://storage.googleapis.com/candidate-thumbs/images/25-2-11.jpg"}, {"Unnamed: 0": 1439, "CandidateId": "56d46273-2138-488b-9eba-4a7bf299665c", "CandidateNo": 12, "FirstName": "สรวีย์", "LastName": "ศุภปณิตา", "PartyName": "ไทยรักษาชาติ", "PartyNumber": 77, "Title": "นาย", "Votable": true, "province_id": 25, "province_name": "ปราจีนบุรี", "zone_number": 2, "PartyTerminated": true, "Age": 63, "Occupation": "ทนายความ", "HighestEducation": "ปริญญาตรี", "ImageFileId": "5c58053cfbcb5f1eec0faa2b", "SelfIntroduceFileId": "5c580698fbcb5f1eec0fba52", "PartyLogo": "https://storage.googleapis.com/candidate-thumbs/party/77.png", "CandididatePhoto": "https://storage.googleapis.com/candidate-thumbs/images/25-2-12.jpg"}, {"Unnamed: 0": 1440, "CandidateId": "7e052d02-ab62-40b6-8551-8533445ed5dd", "CandidateNo": 13, "FirstName": "ภรรษนรร", "LastName": "ลอระวี", "PartyName": "ภราดรภาพ", "PartyNumber": 154, "Title": "นางสาว", "Votable": true, "province_id": 25, "province_name": "ปราจีนบุรี", "zone_number": 2, "PartyTerminated": false, "Age": 40, "Occupation": "ธุรกิจส่วนตัว", "HighestEducation": "ต่ำกว่าปริญญาตรี", "ImageFileId": "5c5806d8fbcb5f1eec0fbe86", "SelfIntroduceFileId": "5c580ba8fbcb5f1eec0ffa3c", "PartyLogo": "https://storage.googleapis.com/candidate-thumbs/party/154.png", "CandididatePhoto": "https://storage.googleapis.com/candidate-thumbs/images/25-2-13.jpg"}, {"Unnamed: 0": 1441, "CandidateId": "1260aa1a-8226-4bd4-a746-b2397aebfc6d", "CandidateNo": 14, "FirstName": "ณกรณ์", "LastName": "นึกเว้น", "PartyName": "ประชาภิวัฒน์", "PartyNumber": 172, "Title": "นาย", "Votable": true, "province_id": 25, "province_name": "ปราจีนบุรี", "zone_number": 2, "PartyTerminated": false, "Age": 59, "Occupation": "วิทยากรจิตอาสา", "HighestEducation": "ปริญญาตรี", "ImageFileId": "5c580bdafbcb5f1eec0ffc9a", "SelfIntroduceFileId": "5c580cbdfbcb5f1eec100711", "PartyLogo": "https://storage.googleapis.com/candidate-thumbs/party/172.png", "CandididatePhoto": "https://storage.googleapis.com/candidate-thumbs/images/25-2-14.jpg"}, {"Unnamed: 0": 1442, "CandidateId": "004b9a6f-f06f-4e2f-8e15-f1ea4c1db9a5", "CandidateNo": 15, "FirstName": "วิศิษย์", "LastName": "ก้องกังวาล", "PartyName": "รักษ์ผืนป่าประเทศไทย", "PartyNumber": 133, "Title": "นาย", "Votable": true, "province_id": 25, "province_name": "ปราจีนบุรี", "zone_number": 2, "PartyTerminated": false, "Age": 56, "Occupation": "ธุรกิจส่วนตัว", "HighestEducation": "ปริญญาตรี", "ImageFileId": "5c580cecfbcb5f1eec1008a3", "SelfIntroduceFileId": "5c580dccfbcb5f1eec1012de", "PartyLogo": "https://storage.googleapis.com/candidate-thumbs/party/133.png", "CandididatePhoto": "https://storage.googleapis.com/candidate-thumbs/images/25-2-15.jpg"}, {"Unnamed: 0": 1443, "CandidateId": "5b380ab8-4eff-4d37-8562-6a8b58bb5ff3", "CandidateNo": 16, "FirstName": "หนึ่งฤทัย", "LastName": "ทองยศ", "PartyName": "เพื่อแผ่นดิน", "PartyNumber": 41, "Title": "นาง", "Votable": true, "province_id": 25, "province_name": "ปราจีนบุรี", "zone_number": 2, "PartyTerminated": false, "Age": 38, "Occupation": "ธุระกิจส่วนตัว", "HighestEducation": "ต่ำกว่าปริญญาตรี", "ImageFileId": "5c5905bffbcb5f1d881407be", "SelfIntroduceFileId": "5c590790fbcb5f1d8814217b", "PartyLogo": "https://storage.googleapis.com/candidate-thumbs/party/41.png", "CandididatePhoto": "https://storage.googleapis.com/candidate-thumbs/images/25-2-16.jpg"}, {"Unnamed: 0": 1444, "CandidateId": "77714af1-d5f0-43fd-91ff-61ca820f77ab", "CandidateNo": 17, "FirstName": "ธนกร", "LastName": "แม่นปืน", "PartyName": "เพื่อนไทย", "PartyNumber": 179, "Title": "ดาบตำรวจ", "Votable": false, "province_id": 25, "province_name": "ปราจีนบุรี", "zone_number": 2, "PartyTerminated": false, "Age": 61, "Occupation": "รับราชการตำรวจ", "HighestEducation": "ต่ำกว่าปริญญาตรี", "ImageFileId": "5c5927adfbcb5f1d88158414", "SelfIntroduceFileId": "5c5928f7fbcb5f1d8815932b", "PartyLogo": "https://storage.googleapis.com/candidate-thumbs/party/179.png", "CandididatePhoto": "https://storage.googleapis.com/candidate-thumbs/images/25-2-17.jpg"}, {"Unnamed: 0": 1445, "CandidateId": "5c9cf74c-f5a5-45e5-87ae-c888562b45d1", "CandidateNo": 18, "FirstName": "ณัฐชา", "LastName": "แก้วมณี", "PartyName": "ประชานิยม", "PartyNumber": 191, "Title": "นางสาว", "Votable": true, "province_id": 25, "province_name": "ปราจีนบุรี", "zone_number": 2, "PartyTerminated": false, "Age": 43, "Occupation": "อิสระ", "HighestEducation": "ต่ำกว่าปริญญาตรี", "ImageFileId": "5c592952fbcb5f1d8815971b", "SelfIntroduceFileId": "5c592b6efbcb5f1d8815b8ca", "PartyLogo": "https://storage.googleapis.com/candidate-thumbs/party/191.png", "CandididatePhoto": "https://storage.googleapis.com/candidate-thumbs/images/25-2-18.jpg"}, {"Unnamed: 0": 1446, "CandidateId": "5f7083e9-544c-4689-bbd6-75c451c49c58", "CandidateNo": 19, "FirstName": "นงนุช", "LastName": "โชติช่วง", "PartyName": "ประชาธิปไตยใหม่", "PartyNumber": 109, "Title": "นางสาว", "Votable": true, "province_id": 25, "province_name": "ปราจีนบุรี", "zone_number": 2, "PartyTerminated": false, "Age": 32, "Occupation": "รับจ้าง", "HighestEducation": "ต่ำกว่าปริญญาตรี", "ImageFileId": "5c592b9dfbcb5f1d8815bd3a", "SelfIntroduceFileId": "5c592d6bfbcb5f1d8815da9d", "PartyLogo": "https://storage.googleapis.com/candidate-thumbs/party/109.png", "CandididatePhoto": "https://storage.googleapis.com/candidate-thumbs/images/25-2-19.jpg"}, {"Unnamed: 0": 1447, "CandidateId": "c9f68be7-0ba2-46e4-822d-205ea9331a0f", "CandidateNo": 20, "FirstName": "ชุติกาญจน์", "LastName": "ชโลธรสุวรรณ", "PartyName": "ครูไทยเพื่อประชาชน", "PartyNumber": 118, "Title": "นาง", "Votable": true, "province_id": 25, "province_name": "ปราจีนบุรี", "zone_number": 2, "PartyTerminated": false, "Age": 60, "Occupation": "ค้าขาย", "HighestEducation": "ปริญญาตรี", "ImageFileId": "5c5b9923fbcb5f16fc655a3c", "SelfIntroduceFileId": "5c5b99adfbcb5f16fc655d59", "PartyLogo": "https://storage.googleapis.com/candidate-thumbs/party/118.png", "CandididatePhoto": "https://storage.googleapis.com/candidate-thumbs/images/25-2-20.jpg"}, {"Unnamed: 0": 1448, "CandidateId": "3de0674c-0b79-4ce2-9b12-3fb55fb1060d", "CandidateNo": 21, "FirstName": "วิถี", "LastName": "อินทร์คำ", "PartyName": "พลเมืองไทย", "PartyNumber": 173, "Title": "นาย", "Votable": true, "province_id": 25, "province_name": "ปราจีนบุรี", "zone_number": 2, "PartyTerminated": false, "Age": 46, "Occupation": "ที่ปรึกษากฎหมาย สนง.กฎหมายเขาใหญ่ทนายความ", "HighestEducation": "ปริญญาโท", "ImageFileId": "5c5b9ec8fbcb5f16fc657664", "SelfIntroduceFileId": "5c5ba10efbcb5f16fc6589a0", "PartyLogo": "https://storage.googleapis.com/candidate-thumbs/party/173.png", "CandididatePhoto": "https://storage.googleapis.com/candidate-thumbs/images/25-2-21.jpg"}, {"Unnamed: 0": 1449, "CandidateId": "2a82c393-58e1-41e6-9436-f46bf970ee65", "CandidateNo": 22, "FirstName": "วนัสนันท์", "LastName": "พุทธา", "PartyName": "เศรษฐกิจใหม่", "PartyNumber": 193, "Title": "นางสาว", "Votable": true, "province_id": 25, "province_name": "ปราจีนบุรี", "zone_number": 2, "PartyTerminated": false, "Age": 33, "Occupation": "ธุรกิจส่วนตัว", "HighestEducation": "ปริญญาตรี", "ImageFileId": "5c5bf1cdfbcb5f16fc67d49b", "SelfIntroduceFileId": "5c5bf2ecfbcb5f16fc67df3f", "PartyLogo": "https://storage.googleapis.com/candidate-thumbs/party/193.png", "CandididatePhoto": "https://storage.googleapis.com/candidate-thumbs/images/25-2-22.jpg"}, {"Unnamed: 0": 1450, "CandidateId": "20d424f2-5cec-4d12-9780-433a38bc6314", "CandidateNo": 23, "FirstName": "อำพร", "LastName": "พุกถึก", "PartyName": "มหาชน", "PartyNumber": 4, "Title": "นาง", "Votable": true, "province_id": 25, "province_name": "ปราจีนบุรี", "zone_number": 2, "PartyTerminated": false, "Age": 61, "Occupation": "รับจ้าง", "HighestEducation": "ต่ำกว่าปริญญาตรี", "ImageFileId": "5c5d18cdfbcb5f0fd88510b9", "SelfIntroduceFileId": "5c5d1a0cfbcb5f0fd885163f", "PartyLogo": "https://storage.googleapis.com/candidate-thumbs/party/4.png", "CandididatePhoto": "https://storage.googleapis.com/candidate-thumbs/images/25-2-23.jpg"}, {"Unnamed: 0": 1451, "CandidateId": "7b2bf000-2073-4072-a34a-ad7db7a80bc9", "CandidateNo": 24, "FirstName": "ลัดดาวรรณ", "LastName": "หน่องพงษ์", "PartyName": "พลังชาติไทย", "PartyNumber": 186, "Title": "นาง", "Votable": true, "province_id": 25, "province_name": "ปราจีนบุรี", "zone_number": 2, "PartyTerminated": false, "Age": 56, "Occupation": "ตัวแทนขายประกันวินาศภัย", "HighestEducation": "ปริญญาตรี", "ImageFileId": "5c5d1a6dfbcb5f0fd885185b", "SelfIntroduceFileId": "5c5d1bc6fbcb5f0fd8851fcd", "PartyLogo": "https://storage.googleapis.com/candidate-thumbs/party/186.png", "CandididatePhoto": "https://storage.googleapis.com/candidate-thumbs/images/25-2-24.jpg"}, {"Unnamed: 0": 1452, "CandidateId": "5628fc3e-b454-454a-ae28-80cf65ee57ae", "CandidateNo": 25, "FirstName": "ยุภา", "LastName": "ดุลกลาง", "PartyName": "ไทรักธรรม", "PartyNumber": 144, "Title": "นางสาว", "Votable": true, "province_id": 25, "province_name": "ปราจีนบุรี", "zone_number": 2, "PartyTerminated": false, "Age": 29, "Occupation": "เกษตรกรรม", "HighestEducation": "ต่ำกว่าปริญญาตรี", "ImageFileId": "5c5d4adafbcb5f0fd886c5ee", "SelfIntroduceFileId": "5c5d4c5afbcb5f0fd886d79f", "PartyLogo": "https://storage.googleapis.com/candidate-thumbs/party/144.png", "CandididatePhoto": "https://storage.googleapis.com/candidate-thumbs/images/25-2-25.jpg"}, {"Unnamed: 0": 1453, "CandidateId": "9c077d3a-8d8f-461c-b7c3-7eb3efa45407", "CandidateNo": 26, "FirstName": "รัชวุฒิ", "LastName": "วงษ์เสนา", "PartyName": "ประชาไทย", "PartyNumber": 205, "Title": "นาย", "Votable": true, "province_id": 25, "province_name": "ปราจีนบุรี", "zone_number": 2, "PartyTerminated": false, "Age": 60, "Occupation": "รับราชการ", "HighestEducation": "ปริญญาตรี", "ImageFileId": "5c5d53a3fbcb5f0fd887247b", "SelfIntroduceFileId": "5c5d5569fbcb5f0fd8873e15", "PartyLogo": "https://storage.googleapis.com/candidate-thumbs/party/205.png", "CandididatePhoto": "https://storage.googleapis.com/candidate-thumbs/images/25-2-26.jpg"}]