[{"Unnamed: 0": 5582, "CandidateId": "2a026eae-67f5-460d-a14c-73fc88161355", "CandidateNo": 1, "FirstName": "ภัทรพล", "LastName": "แก้วสกุณี", "PartyName": "ชาติพัฒนา", "PartyNumber": 45, "Title": "นาย", "Votable": true, "province_id": 13, "province_name": "ปทุมธานี", "zone_number": 3, "PartyTerminated": false, "Age": 37, "Occupation": "ดารา นักแสดง", "HighestEducation": "ต่ำกว่าปริญญาตรี", "ImageFileId": "5c57cf56fbcb5f1eec0dcae5", "SelfIntroduceFileId": "5c57d30bfbcb5f1eec0dd8fe", "PartyLogo": "https://storage.googleapis.com/candidate-thumbs/party/45.png", "CandididatePhoto": "https://storage.googleapis.com/candidate-thumbs/images/13-3-1.jpg"}, {"Unnamed: 0": 5583, "CandidateId": "38c57a28-c8ac-41ca-9bed-c38a94fdb3d7", "CandidateNo": 2, "FirstName": "พนธ์ชาติ", "LastName": "อรุณกรพสุรักษ์", "PartyName": "เสรีรวมไทย", "PartyNumber": 145, "Title": "นาย", "Votable": true, "province_id": 13, "province_name": "ปทุมธานี", "zone_number": 3, "PartyTerminated": false, "Age": 53, "Occupation": "รับจ้าง", "HighestEducation": "ปริญญาโท", "ImageFileId": "5c57d83cfbcb5f1eec0deff5", "SelfIntroduceFileId": "5c57d7e3fbcb5f1eec0dee5a", "PartyLogo": "https://storage.googleapis.com/candidate-thumbs/party/145.png", "CandididatePhoto": "https://storage.googleapis.com/candidate-thumbs/images/13-3-2.jpg"}, {"Unnamed: 0": 5584, "CandidateId": "66e4157f-678e-4dc1-bf37-7c113820b516", "CandidateNo": 3, "FirstName": "นพนันทร์", "LastName": "หนูเจริญ", "PartyName": "ภูมิใจไทย", "PartyNumber": 63, "Title": "นาย", "Votable": true, "province_id": 13, "province_name": "ปทุมธานี", "zone_number": 3, "PartyTerminated": false, "Age": 43, "Occupation": "สมาชิกสภาเทศบาลตำบลคลองสาม", "HighestEducation": "ปริญญาตรี", "ImageFileId": "5c57daf5fbcb5f1eec0dfe22", "SelfIntroduceFileId": "5c57dd7bfbcb5f1eec0e0d47", "PartyLogo": "https://storage.googleapis.com/candidate-thumbs/party/63.png", "CandididatePhoto": "https://storage.googleapis.com/candidate-thumbs/images/13-3-3.jpg"}, {"Unnamed: 0": 5585, "CandidateId": "1231d4e3-7fd7-4169-a076-b89cdb7b63e7", "CandidateNo": 4, "FirstName": "ณฤทธิ์", "LastName": "นาควงษม์", "PartyName": "ประชาธิปัตย์", "PartyNumber": 1, "Title": "นาย", "Votable": true, "province_id": 13, "province_name": "ปทุมธานี", "zone_number": 3, "PartyTerminated": false, "Age": 32, "Occupation": "นักธุรกิจ", "HighestEducation": "ปริญญาโท", "ImageFileId": "5c57ddf9fbcb5f1eec0e12a5", "SelfIntroduceFileId": "5c57e4adfbcb5f1eec0e3da4", "PartyLogo": "https://storage.googleapis.com/candidate-thumbs/party/1.png", "CandididatePhoto": "https://storage.googleapis.com/candidate-thumbs/images/13-3-4.jpg"}, {"Unnamed: 0": 5586, "CandidateId": "3682f59e-4e25-4cba-af49-9667e199aa7a", "CandidateNo": 5, "FirstName": "พรเทพ", "LastName": "จิรกิตตยากร", "PartyName": "ประชาภิวัฒน์", "PartyNumber": 172, "Title": "นาย", "Votable": true, "province_id": 13, "province_name": "ปทุมธานี", "zone_number": 3, "PartyTerminated": false, "Age": 53, "Occupation": "ธุรกิจส่วนตัว", "HighestEducation": "ปริญญาตรี", "ImageFileId": "5c57e06afbcb5f1eec0e1fcf", "SelfIntroduceFileId": "5c57e7c0fbcb5f1eec0e5bb9", "PartyLogo": "https://storage.googleapis.com/candidate-thumbs/party/172.png", "CandididatePhoto": "https://storage.googleapis.com/candidate-thumbs/images/13-3-5.jpg"}, {"Unnamed: 0": 5587, "CandidateId": "520787bb-e6ae-4bd9-a57d-e56ebaaf3920", "CandidateNo": 6, "FirstName": "ปัทมพร", "LastName": "เจริญอาจ", "PartyName": "ประชานิยม", "PartyNumber": 191, "Title": "นางสาว", "Votable": true, "province_id": 13, "province_name": "ปทุมธานี", "zone_number": 3, "PartyTerminated": false, "Age": 40, "Occupation": "พนักงานบริษัทเอกชน", "HighestEducation": "ปริญญาตรี", "ImageFileId": "5c57e0d8fbcb5f1eec0e225f", "SelfIntroduceFileId": "5c57e89ffbcb5f1eec0e6336", "PartyLogo": "https://storage.googleapis.com/candidate-thumbs/party/191.png", "CandididatePhoto": "https://storage.googleapis.com/candidate-thumbs/images/13-3-6.jpg"}, {"Unnamed: 0": 5588, "CandidateId": "6ccef07b-4ab8-4bd5-a924-5a3797c7b110", "CandidateNo": 7, "FirstName": "ศักดิ์ชัย", "LastName": "เสาะแสวง", "PartyName": "พลังประชารัฐ", "PartyNumber": 192, "Title": "นาย", "Votable": true, "province_id": 13, "province_name": "ปทุมธานี", "zone_number": 3, "PartyTerminated": false, "Age": 57, "Occupation": "ธุรกิจส่วนตัว", "HighestEducation": "ปริญญาเอก", "ImageFileId": "5c5b905afbcb5f16fc652d62", "SelfIntroduceFileId": "5c57ecc8fbcb5f1eec0e8154", "PartyLogo": "https://storage.googleapis.com/candidate-thumbs/party/192.png", "CandididatePhoto": "https://storage.googleapis.com/candidate-thumbs/images/13-3-7.jpg"}, {"Unnamed: 0": 5589, "CandidateId": "8b2bf456-d2ca-45d9-97a7-3b429938a745", "CandidateNo": 8, "FirstName": "สมศักดิ์", "LastName": "ใจแคล้ว", "PartyName": "เพื่อไทย", "PartyNumber": 34, "Title": "นาย", "Votable": true, "province_id": 13, "province_name": "ปทุมธานี", "zone_number": 3, "PartyTerminated": false, "Age": 60, "Occupation": "นักธุรกิจ", "HighestEducation": "ต่ำกว่าปริญญาตรี", "ImageFileId": "5c57e92cfbcb5f1eec0e6861", "SelfIntroduceFileId": "5c57eda3fbcb5f1eec0e8af5", "PartyLogo": "https://storage.googleapis.com/candidate-thumbs/party/34.png", "CandididatePhoto": "https://storage.googleapis.com/candidate-thumbs/images/13-3-8.jpg"}, {"Unnamed: 0": 5590, "CandidateId": "946f389a-0676-4e6c-a800-e19644a08992", "CandidateNo": 9, "FirstName": "บัณฑิต", "LastName": "มะลิวัลย์", "PartyName": "ประชาชาติ", "PartyNumber": 187, "Title": "นาย", "Votable": true, "province_id": 13, "province_name": "ปทุมธานี", "zone_number": 3, "PartyTerminated": false, "Age": 30, "Occupation": "ธุรกิจส่วนตัว", "HighestEducation": "ปริญญาตรี", "ImageFileId": "5c57ede6fbcb5f1eec0e8d4e", "SelfIntroduceFileId": "5c57f168fbcb5f1eec0eaecc", "PartyLogo": "https://storage.googleapis.com/candidate-thumbs/party/187.png", "CandididatePhoto": "https://storage.googleapis.com/candidate-thumbs/images/13-3-9.jpg"}, {"Unnamed: 0": 5591, "CandidateId": "592fdbd5-0a20-417a-a567-e59c3f1636ea", "CandidateNo": 10, "FirstName": "อนาวิล", "LastName": "รัตนสถาพร", "PartyName": "อนาคตใหม่", "PartyNumber": 177, "Title": "นาย", "Votable": true, "province_id": 13, "province_name": "ปทุมธานี", "zone_number": 3, "PartyTerminated": false, "Age": 39, "Occupation": "นักธุรกิจ/พนักงานเอกชน", "HighestEducation": "ปริญญาตรี", "ImageFileId": "5c57ee6dfbcb5f1eec0e946c", "SelfIntroduceFileId": "5c57f337fbcb5f1eec0ec0aa", "PartyLogo": "https://storage.googleapis.com/candidate-thumbs/party/177.png", "CandididatePhoto": "https://storage.googleapis.com/candidate-thumbs/images/13-3-10.jpg"}, {"Unnamed: 0": 5592, "CandidateId": "1994e280-f5cc-48ce-b073-04c3531a4ee1", "CandidateNo": 11, "FirstName": "ประเทืองวุฒิ", "LastName": "ลิ้มรสสุคนธ์", "PartyName": "เพื่อชาติ", "PartyNumber": 149, "Title": "นาย", "Votable": true, "province_id": 13, "province_name": "ปทุมธานี", "zone_number": 3, "PartyTerminated": false, "Age": 58, "Occupation": "รับจ้าง", "HighestEducation": "ปริญญาตรี", "ImageFileId": "5c5b91effbcb5f16fc653504", "SelfIntroduceFileId": "5c57f58ffbcb5f1eec0eda67", "PartyLogo": "https://storage.googleapis.com/candidate-thumbs/party/149.png", "CandididatePhoto": "https://storage.googleapis.com/candidate-thumbs/images/13-3-11.jpg"}, {"Unnamed: 0": 5593, "CandidateId": "f83768c9-7dbe-4faf-b3da-4e61760ccda7", "CandidateNo": 12, "FirstName": "ธัญญวัฒน์", "LastName": "พานทอง", "PartyName": "พลังปวงชนไทย", "PartyNumber": 184, "Title": "นาย", "Votable": true, "province_id": 13, "province_name": "ปทุมธานี", "zone_number": 3, "PartyTerminated": false, "Age": 41, "Occupation": "ธุรกิจส่วนตัว", "HighestEducation": "ปริญญาตรี", "ImageFileId": "5c58f816fbcb5f1d88136f6d", "SelfIntroduceFileId": "5c5a740bfbcb5f19bcaa1520", "PartyLogo": "https://storage.googleapis.com/candidate-thumbs/party/184.png", "CandididatePhoto": "https://storage.googleapis.com/candidate-thumbs/images/13-3-12.jpg"}, {"Unnamed: 0": 5594, "CandidateId": "8a992d39-cf27-40aa-b586-40f0eb600a20", "CandidateNo": 13, "FirstName": "เฉลิมชาติ", "LastName": "ม่วงเทศ", "PartyName": "ประชาธรรมไทย", "PartyNumber": 190, "Title": "พ.ต.ท.", "Votable": true, "province_id": 13, "province_name": "ปทุมธานี", "zone_number": 3, "PartyTerminated": false, "Age": 64, "Occupation": "ข้าราชการบำนาญ", "HighestEducation": "ปริญญาตรี", "ImageFileId": "5c58f852fbcb5f1d881371b8", "SelfIntroduceFileId": "5c58fca9fbcb5f1d88139c42", "PartyLogo": "https://storage.googleapis.com/candidate-thumbs/party/190.png", "CandididatePhoto": "https://storage.googleapis.com/candidate-thumbs/images/13-3-13.jpg"}, {"Unnamed: 0": 5595, "CandidateId": "6078cd54-4668-44c4-b67d-959c85dd6bb2", "CandidateNo": 14, "FirstName": "ประพันธ์", "LastName": "ห้องหลิม", "PartyName": "พลังท้องถิ่นไท", "PartyNumber": 124, "Title": "นาย", "Votable": true, "province_id": 13, "province_name": "ปทุมธานี", "zone_number": 3, "PartyTerminated": false, "Age": 60, "Occupation": "ธุรกิจส่วนตัว", "HighestEducation": "ปริญญาตรี", "ImageFileId": "5c590a36fbcb5f1d88144449", "SelfIntroduceFileId": "5c590c19fbcb5f1d88146055", "PartyLogo": "https://storage.googleapis.com/candidate-thumbs/party/124.png", "CandididatePhoto": "https://storage.googleapis.com/candidate-thumbs/images/13-3-14.jpg"}, {"Unnamed: 0": 5596, "CandidateId": "c775a714-19f1-4460-869b-d86866550abb", "CandidateNo": 15, "FirstName": "ชมพู", "LastName": "โกติรัมย์", "PartyName": "ประชาธิปไตยใหม่", "PartyNumber": 109, "Title": "นาย", "Votable": true, "province_id": 13, "province_name": "ปทุมธานี", "zone_number": 3, "PartyTerminated": false, "Age": 55, "Occupation": "อาจารย์ในวิทยาลัยเอกชน", "HighestEducation": "ปริญญาเอก", "ImageFileId": "5c5945fafbcb5f1d88172ad2", "SelfIntroduceFileId": "5c59499cfbcb5f1d88176166", "PartyLogo": "https://storage.googleapis.com/candidate-thumbs/party/109.png", "CandididatePhoto": "https://storage.googleapis.com/candidate-thumbs/images/13-3-15.jpg"}, {"Unnamed: 0": 5597, "CandidateId": "93c50d9f-b6c3-4f8f-b98c-c450fa05010c", "CandidateNo": 16, "FirstName": "สมศักดิ์", "LastName": "ไวยบุรี", "PartyName": "เศรษฐกิจใหม่", "PartyNumber": 193, "Title": "นาย", "Votable": false, "province_id": 13, "province_name": "ปทุมธานี", "zone_number": 3, "PartyTerminated": false, "Age": 56, "Occupation": "ธุรกิจส่วนตัว", "HighestEducation": "ต่ำกว่าปริญญาตรี", "ImageFileId": "5c5a6d4ffbcb5f19bca9fe1f", "SelfIntroduceFileId": "5c5a7274fbcb5f19bcaa0fae", "PartyLogo": "https://storage.googleapis.com/candidate-thumbs/party/193.png", "CandididatePhoto": "https://storage.googleapis.com/candidate-thumbs/images/13-3-16.jpg"}, {"Unnamed: 0": 5598, "CandidateId": "10942fe1-1b19-411d-a45e-7092d28f6a92", "CandidateNo": 17, "FirstName": "ประภา", "LastName": "ประดับบุตร", "PartyName": "รักษ์ผืนป่าประเทศไทย", "PartyNumber": 133, "Title": "นาง", "Votable": true, "province_id": 13, "province_name": "ปทุมธานี", "zone_number": 3, "PartyTerminated": false, "Age": 58, "Occupation": "แม่บ้าน", "HighestEducation": "ต่ำกว่าปริญญาตรี", "ImageFileId": "5c5a8581fbcb5f19bcaa919a", "SelfIntroduceFileId": "5c5a87b7fbcb5f19bcaa9e58", "PartyLogo": "https://storage.googleapis.com/candidate-thumbs/party/133.png", "CandididatePhoto": "https://storage.googleapis.com/candidate-thumbs/images/13-3-17.jpg"}, {"Unnamed: 0": 5599, "CandidateId": "05aa8ccd-fe09-430d-8f75-994a240563e8", "CandidateNo": 18, "FirstName": "บุญไทย", "LastName": "อัคศรี", "PartyName": "มหาชน", "PartyNumber": 4, "Title": "นาย", "Votable": true, "province_id": 13, "province_name": "ปทุมธานี", "zone_number": 3, "PartyTerminated": false, "Age": 48, "Occupation": "ธุรกิจส่วนตัว", "HighestEducation": "ต่ำกว่าปริญญาตรี", "ImageFileId": "5c5bc251fbcb5f16fc666cd6", "SelfIntroduceFileId": "5c5bc45dfbcb5f16fc667530", "PartyLogo": "https://storage.googleapis.com/candidate-thumbs/party/4.png", "CandididatePhoto": "https://storage.googleapis.com/candidate-thumbs/images/13-3-18.jpg"}, {"Unnamed: 0": 5600, "CandidateId": "662a852f-87e4-43ce-ae5b-252e6c7a3bc3", "CandidateNo": 19, "FirstName": "กมล", "LastName": "กฤชเพ็ชร์", "PartyName": "พลังไทสร้างชาติ", "PartyNumber": 200, "Title": "ร้อยตำรวจตรี", "Votable": true, "province_id": 13, "province_name": "ปทุมธานี", "zone_number": 3, "PartyTerminated": false, "Age": 67, "Occupation": "ข้าราการบำนาญสำนักงานตำรวจแห่งชาติ", "HighestEducation": "ต่ำกว่าปริญญาตรี", "ImageFileId": "5c5bce8dfbcb5f16fc66b24c", "SelfIntroduceFileId": "5c5d39ebfbcb5f0fd8860ffd", "PartyLogo": "https://storage.googleapis.com/candidate-thumbs/party/200.png", "CandididatePhoto": "https://storage.googleapis.com/candidate-thumbs/images/13-3-19.jpg"}, {"Unnamed: 0": 5601, "CandidateId": "dfc34cef-c69e-4329-9224-19d3a48b49ef", "CandidateNo": 20, "FirstName": "จิราภรณ์", "LastName": "สารตันติพงศ์", "PartyName": "แผ่นดินธรรม", "PartyNumber": 188, "Title": "นาง", "Votable": true, "province_id": 13, "province_name": "ปทุมธานี", "zone_number": 3, "PartyTerminated": false, "Age": 56, "Occupation": "ค้าขาย", "HighestEducation": "ปริญญาตรี", "ImageFileId": "5c5bd68ffbcb5f16fc66eadd", "SelfIntroduceFileId": "5c5bd8acfbcb5f16fc66fe8b", "PartyLogo": "https://storage.googleapis.com/candidate-thumbs/party/188.png", "CandididatePhoto": "https://storage.googleapis.com/candidate-thumbs/images/13-3-20.jpg"}, {"Unnamed: 0": 5602, "CandidateId": "e8d2dc66-4286-43f3-8259-e3ce70414886", "CandidateNo": 21, "FirstName": "สมเดช", "LastName": "เสนาะคำ", "PartyName": "ครูไทยเพื่อประชาชน", "PartyNumber": 118, "Title": "นาย", "Votable": true, "province_id": 13, "province_name": "ปทุมธานี", "zone_number": 3, "PartyTerminated": false, "Age": 63, "Occupation": "ข้าราชการบำนาญ", "HighestEducation": "ปริญญาตรี", "ImageFileId": "5c5bdc53fbcb5f16fc671dfa", "SelfIntroduceFileId": "5c5bde2afbcb5f16fc672c3d", "PartyLogo": "https://storage.googleapis.com/candidate-thumbs/party/118.png", "CandididatePhoto": "https://storage.googleapis.com/candidate-thumbs/images/13-3-21.jpg"}, {"Unnamed: 0": 5603, "CandidateId": "969e80c2-c35c-4891-bf37-cf404a63b0e4", "CandidateNo": 22, "FirstName": "ชัยพร", "LastName": "จันทนา", "PartyName": "พลเมืองไทย", "PartyNumber": 173, "Title": "นาย", "Votable": true, "province_id": 13, "province_name": "ปทุมธานี", "zone_number": 3, "PartyTerminated": false, "Age": 56, "Occupation": "รับจ้าง", "HighestEducation": "ปริญญาตรี", "ImageFileId": "5c5be092fbcb5f16fc6740d9", "SelfIntroduceFileId": "5c5be2b7fbcb5f16fc6752c2", "PartyLogo": "https://storage.googleapis.com/candidate-thumbs/party/173.png", "CandididatePhoto": "https://storage.googleapis.com/candidate-thumbs/images/13-3-22.jpg"}, {"Unnamed: 0": 5604, "CandidateId": "ecb51bbd-138c-4d14-9a9d-7af3dd0d8b53", "CandidateNo": 23, "FirstName": "ทองสุข", "LastName": "ท่อแก้ว", "PartyName": "รวมพลังประชาชาติไทย", "PartyNumber": 181, "Title": "นาง", "Votable": true, "province_id": 13, "province_name": "ปทุมธานี", "zone_number": 3, "PartyTerminated": false, "Age": 49, "Occupation": "พนักงานบริษัท", "HighestEducation": "ต่ำกว่าปริญญาตรี", "ImageFileId": "5c5be787fbcb5f16fc677b7f", "SelfIntroduceFileId": "5c5bec10fbcb5f16fc67a063", "PartyLogo": "https://storage.googleapis.com/candidate-thumbs/party/181.png", "CandididatePhoto": "https://storage.googleapis.com/candidate-thumbs/images/13-3-23.jpg"}, {"Unnamed: 0": 5605, "CandidateId": "55fcf81b-25a4-4942-9bed-ba66d68b81eb", "CandidateNo": 24, "FirstName": "ธนาพัชร์", "LastName": "ธนภัทรพงศ์", "PartyName": "มติประชา", "PartyNumber": 171, "Title": "นางสาว", "Votable": true, "province_id": 13, "province_name": "ปทุมธานี", "zone_number": 3, "PartyTerminated": false, "Age": 66, "Occupation": "รับจ้าง", "HighestEducation": "ต่ำกว่าปริญญาตรี", "ImageFileId": "5c5d1c77fbcb5f0fd88524aa", "SelfIntroduceFileId": "5c5d1f0cfbcb5f0fd8853810", "PartyLogo": "https://storage.googleapis.com/candidate-thumbs/party/171.png", "CandididatePhoto": "https://storage.googleapis.com/candidate-thumbs/images/13-3-24.jpg"}, {"Unnamed: 0": 5606, "CandidateId": "0e006b3d-957b-4ec0-b5fd-91fd4219e581", "CandidateNo": 25, "FirstName": "สีนวล", "LastName": "สุนทร", "PartyName": "ไทรักธรรม", "PartyNumber": 144, "Title": "นาง", "Votable": true, "province_id": 13, "province_name": "ปทุมธานี", "zone_number": 3, "PartyTerminated": false, "Age": 57, "Occupation": "อาชีพอิสระ", "HighestEducation": "ต่ำกว่าปริญญาตรี", "ImageFileId": "5c5d508cfbcb5f0fd88703c3", "SelfIntroduceFileId": "5c5d5246fbcb5f0fd8871208", "PartyLogo": "https://storage.googleapis.com/candidate-thumbs/party/144.png", "CandididatePhoto": "https://storage.googleapis.com/candidate-thumbs/images/13-3-25.jpg"}]