[{"Unnamed: 0": 3230, "CandidateId": "72117aa7-a28c-4a49-9798-430fea11515e", "CandidateNo": 1, "FirstName": "เซ็ง", "LastName": "ปูเตะ", "PartyName": "เสรีรวมไทย", "PartyNumber": 145, "Title": "นาย", "Votable": true, "province_id": 94, "province_name": "ปัตตานี", "zone_number": 3, "PartyTerminated": false, "Age": 72, "Occupation": "เกษตรกร", "HighestEducation": "ต่ำกว่าปริญญาตรี", "ImageFileId": "5c58ddb3fbcb5f1d8812d6c0", "SelfIntroduceFileId": "5c593292fbcb5f1d881621db", "PartyLogo": "https://storage.googleapis.com/candidate-thumbs/party/145.png", "CandididatePhoto": "https://storage.googleapis.com/candidate-thumbs/images/94-3-1.jpg"}, {"Unnamed: 0": 3231, "CandidateId": "fa90a231-b788-4593-b43b-e52ba3aa7de8", "CandidateNo": 2, "FirstName": "มูฮัมมัดนัสรี", "LastName": "เงาะ", "PartyName": "ไทยรักษาชาติ", "PartyNumber": 77, "Title": "นาย", "Votable": true, "province_id": 94, "province_name": "ปัตตานี", "zone_number": 3, "PartyTerminated": true, "Age": 39, "Occupation": "อดีตนายกองค์การบริหารส่วนตำบลปล่องหอย", "HighestEducation": "ปริญญาโท", "ImageFileId": "5c58de23fbcb5f1d8812d71e", "SelfIntroduceFileId": "5c5935d3fbcb5f1d88164c90", "PartyLogo": "https://storage.googleapis.com/candidate-thumbs/party/77.png", "CandididatePhoto": "https://storage.googleapis.com/candidate-thumbs/images/94-3-2.jpg"}, {"Unnamed: 0": 3232, "CandidateId": "ce93eeac-9264-40c6-9ab2-3531ffe25e8a", "CandidateNo": 3, "FirstName": "อนุมัติ", "LastName": "ซูสารอ", "PartyName": "ประชาชาติ", "PartyNumber": 187, "Title": "นาย", "Votable": true, "province_id": 94, "province_name": "ปัตตานี", "zone_number": 3, "PartyTerminated": false, "Age": 70, "Occupation": "อดีตสมาชิกสภาผู้แทนราษฎรจังหวัดปัตตานี", "HighestEducation": "ปริญญาตรี", "ImageFileId": "5c58de88fbcb5f1d8812d7ff", "SelfIntroduceFileId": "5c593903fbcb5f1d88167cfd", "PartyLogo": "https://storage.googleapis.com/candidate-thumbs/party/187.png", "CandididatePhoto": "https://storage.googleapis.com/candidate-thumbs/images/94-3-3.jpg"}, {"Unnamed: 0": 3233, "CandidateId": "51a74102-f44f-4f3f-9e06-46fb2eeda530", "CandidateNo": 4, "FirstName": "ซาวีย๊ะ", "LastName": "หะยีแวและ", "PartyName": "รักษ์ผืนป่าประเทศไทย", "PartyNumber": 133, "Title": "นางสาว", "Votable": true, "province_id": 94, "province_name": "ปัตตานี", "zone_number": 3, "PartyTerminated": false, "Age": 45, "Occupation": "แม่บ้าน", "HighestEducation": "ต่ำกว่าปริญญาตรี", "ImageFileId": "5c58decffbcb5f1d8812d814", "SelfIntroduceFileId": "5c593b78fbcb5f1d88169f56", "PartyLogo": "https://storage.googleapis.com/candidate-thumbs/party/133.png", "CandididatePhoto": "https://storage.googleapis.com/candidate-thumbs/images/94-3-4.jpg"}, {"Unnamed: 0": 3234, "CandidateId": "7c2e8ffd-9374-4bb8-bf17-a98723da9c90", "CandidateNo": 5, "FirstName": "นาเซร์", "LastName": "พงค์ประเสริฐ", "PartyName": "เพื่อไทย", "PartyNumber": 34, "Title": "นาย", "Votable": true, "province_id": 94, "province_name": "ปัตตานี", "zone_number": 3, "PartyTerminated": false, "Age": 62, "Occupation": "ธุรกิจส่วนตัว", "HighestEducation": "ปริญญาโท", "ImageFileId": "5c58df5cfbcb5f1d8812d89d", "SelfIntroduceFileId": "5c593ce4fbcb5f1d8816afd4", "PartyLogo": "https://storage.googleapis.com/candidate-thumbs/party/34.png", "CandididatePhoto": "https://storage.googleapis.com/candidate-thumbs/images/94-3-5.jpg"}, {"Unnamed: 0": 3235, "CandidateId": "b3dd2b21-0f08-4abe-aa6c-e9b65662bca7", "CandidateNo": 6, "FirstName": "คอเลฟ", "LastName": "เจ๊ะนา", "PartyName": "ประชาธิปัตย์", "PartyNumber": 1, "Title": "นาย", "Votable": true, "province_id": 94, "province_name": "ปัตตานี", "zone_number": 3, "PartyTerminated": false, "Age": 42, "Occupation": "นักการเมือง", "HighestEducation": "ปริญญาโท", "ImageFileId": "5c58dfb4fbcb5f1d8812d8d0", "SelfIntroduceFileId": "5c593f85fbcb5f1d8816d168", "PartyLogo": "https://storage.googleapis.com/candidate-thumbs/party/1.png", "CandididatePhoto": "https://storage.googleapis.com/candidate-thumbs/images/94-3-6.jpg"}, {"Unnamed: 0": 3236, "CandidateId": "82887c97-f4ef-4241-bb36-aaceca06dfaa", "CandidateNo": 7, "FirstName": "ยารอน๊ะ", "LastName": "มะแซ", "PartyName": "คลองไทย", "PartyNumber": 189, "Title": "นางสาว", "Votable": true, "province_id": 94, "province_name": "ปัตตานี", "zone_number": 3, "PartyTerminated": false, "Age": 36, "Occupation": "ธุรกิจส่วนตัว", "HighestEducation": "ต่ำกว่าปริญญาตรี", "ImageFileId": "5c58dff6fbcb5f1d8812d8e0", "SelfIntroduceFileId": "5c5940d1fbcb5f1d8816e63d", "PartyLogo": "https://storage.googleapis.com/candidate-thumbs/party/189.png", "CandididatePhoto": "https://storage.googleapis.com/candidate-thumbs/images/94-3-7.jpg"}, {"Unnamed: 0": 3237, "CandidateId": "62846850-ef1e-4055-bcf3-25e3da64d200", "CandidateNo": 8, "FirstName": "รอฮันนี", "LastName": "เจะเลาะ", "PartyName": "ชาติพัฒนา", "PartyNumber": 45, "Title": "นางสาว", "Votable": true, "province_id": 94, "province_name": "ปัตตานี", "zone_number": 3, "PartyTerminated": false, "Age": 30, "Occupation": "นักวิเคราะห์นโยบายและแผน โรงพยาบาลจะแนะ จังหวัดนราธิวาส", "HighestEducation": "ปริญญาโท", "ImageFileId": "5c58e039fbcb5f1d8812d8ff", "SelfIntroduceFileId": "5c5942d8fbcb5f1d881702be", "PartyLogo": "https://storage.googleapis.com/candidate-thumbs/party/45.png", "CandididatePhoto": "https://storage.googleapis.com/candidate-thumbs/images/94-3-8.jpg"}, {"Unnamed: 0": 3238, "CandidateId": "fc66f48e-786e-4968-a4da-7e3d41243d13", "CandidateNo": 9, "FirstName": "นิอิลยัส", "LastName": "นิมะ", "PartyName": "ประชาภิวัฒน์", "PartyNumber": 172, "Title": "นาย", "Votable": true, "province_id": 94, "province_name": "ปัตตานี", "zone_number": 3, "PartyTerminated": false, "Age": 33, "Occupation": "ค้าขาย", "HighestEducation": "ปริญญาตรี", "ImageFileId": "5c58e083fbcb5f1d8812d92a", "SelfIntroduceFileId": "5c5944effbcb5f1d88171c84", "PartyLogo": "https://storage.googleapis.com/candidate-thumbs/party/172.png", "CandididatePhoto": "https://storage.googleapis.com/candidate-thumbs/images/94-3-9.jpg"}, {"Unnamed: 0": 3239, "CandidateId": "5b3f4ad2-212a-4fe6-be65-8355e2f02c87", "CandidateNo": 10, "FirstName": "นัซรูดดีน", "LastName": "ฮัจยีดาโอะ", "PartyName": "พลังประชารัฐ", "PartyNumber": 192, "Title": "นาย", "Votable": true, "province_id": 94, "province_name": "ปัตตานี", "zone_number": 3, "PartyTerminated": false, "Age": 40, "Occupation": "รับจ้าง", "HighestEducation": "ปริญญาเอก", "ImageFileId": "5c5911cdfbcb5f1d8814b2ff", "SelfIntroduceFileId": "5c59467ffbcb5f1d88173483", "PartyLogo": "https://storage.googleapis.com/candidate-thumbs/party/192.png", "CandididatePhoto": "https://storage.googleapis.com/candidate-thumbs/images/94-3-10.jpg"}, {"Unnamed: 0": 3240, "CandidateId": "27ee04b2-a470-45f2-b8ce-b8493e8fcb85", "CandidateNo": 11, "FirstName": "อุสมาน", "LastName": "อับดุลเลาะ", "PartyName": "พลังท้องถิ่นไท", "PartyNumber": 124, "Title": "นาย", "Votable": true, "province_id": 94, "province_name": "ปัตตานี", "zone_number": 3, "PartyTerminated": false, "Age": 54, "Occupation": "อดีตนายกองค์การบริหารส่วนตำบลบ้านนอก", "HighestEducation": "ปริญญาตรี", "ImageFileId": "5c59147efbcb5f1d8814d573", "SelfIntroduceFileId": "5c594a85fbcb5f1d88176d15", "PartyLogo": "https://storage.googleapis.com/candidate-thumbs/party/124.png", "CandididatePhoto": "https://storage.googleapis.com/candidate-thumbs/images/94-3-11.jpg"}, {"Unnamed: 0": 3241, "CandidateId": "541b4f93-488f-45ad-9cc4-ddf503cdf11c", "CandidateNo": 12, "FirstName": "เจะดิง", "LastName": "ดาเล็ง", "PartyName": "เพื่อธรรม", "PartyNumber": 98, "Title": "นาย", "Votable": true, "province_id": 94, "province_name": "ปัตตานี", "zone_number": 3, "PartyTerminated": false, "Age": 47, "Occupation": "ประกอบธุรกิจ", "HighestEducation": "ปริญญาตรี", "ImageFileId": "5c59186afbcb5f1d8814f96a", "SelfIntroduceFileId": "5c594bf7fbcb5f1d88177e9b", "PartyLogo": "https://storage.googleapis.com/candidate-thumbs/party/98.png", "CandididatePhoto": "https://storage.googleapis.com/candidate-thumbs/images/94-3-12.jpg"}, {"Unnamed: 0": 3242, "CandidateId": "bda593d9-d2ba-4bf3-9224-df0ee4a043c5", "CandidateNo": 13, "FirstName": "อาลีฟ", "LastName": "มาแฮ", "PartyName": "อนาคตใหม่", "PartyNumber": 177, "Title": "นาย", "Votable": true, "province_id": 94, "province_name": "ปัตตานี", "zone_number": 3, "PartyTerminated": false, "Age": 28, "Occupation": "วิชาชีพ (หมอ วิศวกร ฯลฯ)", "HighestEducation": "ปริญญาตรี", "ImageFileId": "5c5918b2fbcb5f1d8814fe3a", "SelfIntroduceFileId": "5c594d38fbcb5f1d8817900d", "PartyLogo": "https://storage.googleapis.com/candidate-thumbs/party/177.png", "CandididatePhoto": "https://storage.googleapis.com/candidate-thumbs/images/94-3-13.jpg"}, {"Unnamed: 0": 3243, "CandidateId": "0bfea57b-f419-481e-8a28-6819b7ff5fc6", "CandidateNo": 14, "FirstName": "อับดุลกอฮาร์", "LastName": "อาแวปูเตะ", "PartyName": "ภูมิใจไทย", "PartyNumber": 63, "Title": "นาย", "Votable": true, "province_id": 94, "province_name": "ปัตตานี", "zone_number": 3, "PartyTerminated": false, "Age": 48, "Occupation": "ทนายความ", "HighestEducation": "ปริญญาโท", "ImageFileId": "5c591911fbcb5f1d88150124", "SelfIntroduceFileId": "5c595328fbcb5f1d8817d752", "PartyLogo": "https://storage.googleapis.com/candidate-thumbs/party/63.png", "CandididatePhoto": "https://storage.googleapis.com/candidate-thumbs/images/94-3-14.jpg"}, {"Unnamed: 0": 3244, "CandidateId": "38054a05-0ccc-4853-8771-ccece70b56c5", "CandidateNo": 15, "FirstName": "โมฮามัดยาสรี", "LastName": "ยูซง", "PartyName": "รวมพลังประชาชาติไทย", "PartyNumber": 181, "Title": "ว่าที่ร้อยตรี", "Votable": true, "province_id": 94, "province_name": "ปัตตานี", "zone_number": 3, "PartyTerminated": false, "Age": 56, "Occupation": "รับจ้าง/เกษตร", "HighestEducation": "ปริญญาโท", "ImageFileId": "5c591959fbcb5f1d88150370", "SelfIntroduceFileId": "5c5a3b8bfbcb5f19bca89190", "PartyLogo": "https://storage.googleapis.com/candidate-thumbs/party/181.png", "CandididatePhoto": "https://storage.googleapis.com/candidate-thumbs/images/94-3-15.jpg"}, {"Unnamed: 0": 3245, "CandidateId": "b207bc25-d9d1-4ec3-b7d7-8b10dfa11cbb", "CandidateNo": 16, "FirstName": "กอเดร์", "LastName": "สือแต", "PartyName": "เพื่อชาติ", "PartyNumber": 149, "Title": "นาย", "Votable": true, "province_id": 94, "province_name": "ปัตตานี", "zone_number": 3, "PartyTerminated": false, "Age": 60, "Occupation": "ช่วยเหลือสังคม", "HighestEducation": "ต่ำกว่าปริญญาตรี", "ImageFileId": "5c59199afbcb5f1d88150542", "SelfIntroduceFileId": "5c5a3d73fbcb5f19bca89973", "PartyLogo": "https://storage.googleapis.com/candidate-thumbs/party/149.png", "CandididatePhoto": "https://storage.googleapis.com/candidate-thumbs/images/94-3-16.jpg"}, {"Unnamed: 0": 3246, "CandidateId": "1a22f0ea-feb6-4b34-97b4-76b612712954", "CandidateNo": 17, "FirstName": "มะสุกรี", "LastName": "สาเมาะ", "PartyName": "ไทยธรรม", "PartyNumber": 178, "Title": "นาย", "Votable": true, "province_id": 94, "province_name": "ปัตตานี", "zone_number": 3, "PartyTerminated": false, "Age": 37, "Occupation": "นักธุรกิิจ", "HighestEducation": "ปริญญาตรี", "ImageFileId": "5c5919dcfbcb5f1d881506e9", "SelfIntroduceFileId": "5c5a3f47fbcb5f19bca8a32b", "PartyLogo": "https://storage.googleapis.com/candidate-thumbs/party/178.png", "CandididatePhoto": "https://storage.googleapis.com/candidate-thumbs/images/94-3-17.jpg"}, {"Unnamed: 0": 3247, "CandidateId": "cb4abaa3-34f9-450f-b33a-2cb477e1bec2", "CandidateNo": 18, "FirstName": "อับดุลรามัน", "LastName": "มะยูโซะ", "PartyName": "ชาติไทยพัฒนา", "PartyNumber": 55, "Title": "นาย", "Votable": true, "province_id": 94, "province_name": "ปัตตานี", "zone_number": 3, "PartyTerminated": false, "Age": 61, "Occupation": "ธุรกิจส่วนตัว", "HighestEducation": "ปริญญาโท", "ImageFileId": "5c591a1dfbcb5f1d88150979", "SelfIntroduceFileId": "5c5a4163fbcb5f19bca8b19b", "PartyLogo": "https://storage.googleapis.com/candidate-thumbs/party/55.png", "CandididatePhoto": "https://storage.googleapis.com/candidate-thumbs/images/94-3-18.jpg"}, {"Unnamed: 0": 3248, "CandidateId": "6c057a7f-52a6-403a-aaa8-63b10a1fca34", "CandidateNo": 19, "FirstName": "อับดุลฮากัม", "LastName": "หะยีเจะหลง", "PartyName": "ประชาธรรมไทย", "PartyNumber": 190, "Title": "นาย", "Votable": true, "province_id": 94, "province_name": "ปัตตานี", "zone_number": 3, "PartyTerminated": false, "Age": 65, "Occupation": "ครูโรงเรียนเอกชน", "HighestEducation": "ปริญญาโท", "ImageFileId": "5c591eaefbcb5f1d881527ed", "SelfIntroduceFileId": "5c5a4331fbcb5f19bca8bc0a", "PartyLogo": "https://storage.googleapis.com/candidate-thumbs/party/190.png", "CandididatePhoto": "https://storage.googleapis.com/candidate-thumbs/images/94-3-19.jpg"}, {"Unnamed: 0": 3249, "CandidateId": "d434b680-1031-4a36-ba64-169cd8e670ac", "CandidateNo": 20, "FirstName": "แวปา", "LastName": "แวตาเยะ", "PartyName": "ประชานิยม", "PartyNumber": 191, "Title": "นาย", "Votable": true, "province_id": 94, "province_name": "ปัตตานี", "zone_number": 3, "PartyTerminated": false, "Age": 40, "Occupation": "รับจ้าง", "HighestEducation": "ต่ำกว่าปริญญาตรี", "ImageFileId": "5c5929ccfbcb5f1d88159c8c", "SelfIntroduceFileId": "5c5a4503fbcb5f19bca8c7c7", "PartyLogo": "https://storage.googleapis.com/candidate-thumbs/party/191.png", "CandididatePhoto": "https://storage.googleapis.com/candidate-thumbs/images/94-3-20.jpg"}, {"Unnamed: 0": 3250, "CandidateId": "a5aa0888-f3e6-42a7-930b-62c3dc2a5c66", "CandidateNo": 21, "FirstName": "ฮัมเสียะ", "LastName": "ปูเงิน", "PartyName": "ถิ่นกาขาวชาววิไล", "PartyNumber": 129, "Title": "นาง", "Votable": true, "province_id": 94, "province_name": "ปัตตานี", "zone_number": 3, "PartyTerminated": false, "Age": 36, "Occupation": "ธุรกิจส่วนตัว", "HighestEducation": "ต่ำกว่าปริญญาตรี", "ImageFileId": "5c592e3cfbcb5f1d8815e571", "SelfIntroduceFileId": "5c5a4661fbcb5f19bca8d248", "PartyLogo": "https://storage.googleapis.com/candidate-thumbs/party/129.png", "CandididatePhoto": "https://storage.googleapis.com/candidate-thumbs/images/94-3-21.jpg"}, {"Unnamed: 0": 3251, "CandidateId": "0bf85746-74b8-4b47-b0d5-64ed866c8e25", "CandidateNo": 22, "FirstName": "อายุ", "LastName": "สะสอเล็ง", "PartyName": "พลังไทยรักชาติ", "PartyNumber": 155, "Title": "นาย", "Votable": true, "province_id": 94, "province_name": "ปัตตานี", "zone_number": 3, "PartyTerminated": false, "Age": 41, "Occupation": "ทำสวน", "HighestEducation": "ต่ำกว่าปริญญาตรี", "ImageFileId": "5c5a8ddefbcb5f19bcaacd28", "SelfIntroduceFileId": "5c5a8f3ffbcb5f19bcaad71d", "PartyLogo": "https://storage.googleapis.com/candidate-thumbs/party/155.png", "CandididatePhoto": "https://storage.googleapis.com/candidate-thumbs/images/94-3-22.jpg"}, {"Unnamed: 0": 3252, "CandidateId": "18bc059a-7804-4bdc-a394-65cdc1cbbb16", "CandidateNo": 23, "FirstName": "นุกูล", "LastName": "ขวัญทอง", "PartyName": "แผ่นดินธรรม", "PartyNumber": 188, "Title": "นาย", "Votable": true, "province_id": 94, "province_name": "ปัตตานี", "zone_number": 3, "PartyTerminated": false, "Age": 51, "Occupation": "ทำสวน", "HighestEducation": "ต่ำกว่าปริญญาตรี", "ImageFileId": "5c5a9fb7fbcb5f19bcab47a1", "SelfIntroduceFileId": "5c5aa104fbcb5f19bcab4fee", "PartyLogo": "https://storage.googleapis.com/candidate-thumbs/party/188.png", "CandididatePhoto": "https://storage.googleapis.com/candidate-thumbs/images/94-3-23.jpg"}, {"Unnamed: 0": 3253, "CandidateId": "31fc15b2-bfb9-4cdc-a5b6-29f628e5f531", "CandidateNo": 24, "FirstName": "ปานุสซี", "LastName": "สารี", "PartyName": "ครูไทยเพื่อประชาชน", "PartyNumber": 118, "Title": "นาย", "Votable": true, "province_id": 94, "province_name": "ปัตตานี", "zone_number": 3, "PartyTerminated": false, "Age": 40, "Occupation": "ธุรกิจส่วนตัว", "HighestEducation": "ปริญญาตรี", "ImageFileId": "5c5bb4cffbcb5f16fc662316", "SelfIntroduceFileId": "5c5bb67dfbcb5f16fc662c4e", "PartyLogo": "https://storage.googleapis.com/candidate-thumbs/party/118.png", "CandididatePhoto": "https://storage.googleapis.com/candidate-thumbs/images/94-3-24.jpg"}, {"Unnamed: 0": 3254, "CandidateId": "6c0df80e-91cb-4b86-a8f1-1396a4a7e4f0", "CandidateNo": 25, "FirstName": "อภิเชษฐ์", "LastName": "เจะเล็ง", "PartyName": "ประชาธิปไตยใหม่", "PartyNumber": 109, "Title": "นาย", "Votable": true, "province_id": 94, "province_name": "ปัตตานี", "zone_number": 3, "PartyTerminated": false, "Age": 52, "Occupation": "อดีตผู้ใหญ่บ้าน", "HighestEducation": "ต่ำกว่าปริญญาตรี", "ImageFileId": "5c5bcddffbcb5f16fc66ac5a", "SelfIntroduceFileId": "5c5bd052fbcb5f16fc66bea9", "PartyLogo": "https://storage.googleapis.com/candidate-thumbs/party/109.png", "CandididatePhoto": "https://storage.googleapis.com/candidate-thumbs/images/94-3-25.jpg"}, {"Unnamed: 0": 3255, "CandidateId": "deadf92b-3627-41b9-9607-2748d02ee395", "CandidateNo": 26, "FirstName": "ซาบารี", "LastName": "มะลี", "PartyName": "พลังชาติไทย", "PartyNumber": 186, "Title": "นาย", "Votable": true, "province_id": 94, "province_name": "ปัตตานี", "zone_number": 3, "PartyTerminated": false, "Age": 44, "Occupation": "อดีตผู้ช่วยผู้ใหญ่บ้าน", "HighestEducation": "ต่ำกว่าปริญญาตรี", "ImageFileId": "5c5bdf34fbcb5f16fc673720", "SelfIntroduceFileId": "5c5be083fbcb5f16fc674072", "PartyLogo": "https://storage.googleapis.com/candidate-thumbs/party/186.png", "CandididatePhoto": "https://storage.googleapis.com/candidate-thumbs/images/94-3-26.jpg"}, {"Unnamed: 0": 3256, "CandidateId": "19eb5532-c402-4b62-b86e-add7417b5a30", "CandidateNo": 27, "FirstName": "อัซมัน", "LastName": "อาแซ", "PartyName": "พลังไทยรักไทย", "PartyNumber": 185, "Title": "นาย", "Votable": true, "province_id": 94, "province_name": "ปัตตานี", "zone_number": 3, "PartyTerminated": false, "Age": 33, "Occupation": "ธุรกิจส่วนตัว", "HighestEducation": "ต่ำกว่าปริญญาตรี", "ImageFileId": "5c5beb28fbcb5f16fc679a32", "SelfIntroduceFileId": "5c5bede2fbcb5f16fc67b40d", "PartyLogo": "https://storage.googleapis.com/candidate-thumbs/party/185.png", "CandididatePhoto": "https://storage.googleapis.com/candidate-thumbs/images/94-3-27.jpg"}, {"Unnamed: 0": 3257, "CandidateId": "613c50f3-e5be-43c1-9d32-c5414d9063cb", "CandidateNo": 28, "FirstName": "ตอเละ", "LastName": "ยุโซ๊ะ", "PartyName": "ทางเลือกใหม่", "PartyNumber": 170, "Title": "นาย", "Votable": true, "province_id": 94, "province_name": "ปัตตานี", "zone_number": 3, "PartyTerminated": false, "Age": 48, "Occupation": "อดีตสมาชิกองค์การบริหารส่วนตำบล", "HighestEducation": "ต่ำกว่าปริญญาตรี", "ImageFileId": "5c5befd1fbcb5f16fc67c497", "SelfIntroduceFileId": "5c5bf103fbcb5f16fc67cd6f", "PartyLogo": "https://storage.googleapis.com/candidate-thumbs/party/170.png", "CandididatePhoto": "https://storage.googleapis.com/candidate-thumbs/images/94-3-28.jpg"}, {"Unnamed: 0": 3258, "CandidateId": "ee701541-5652-4c4b-8ca9-05dcf9786fbc", "CandidateNo": 29, "FirstName": "อิสมาแอ", "LastName": "ยาดา", "PartyName": "เศรษฐกิจใหม่", "PartyNumber": 193, "Title": "นาย", "Votable": true, "province_id": 94, "province_name": "ปัตตานี", "zone_number": 3, "PartyTerminated": false, "Age": 51, "Occupation": "ค้าขาย", "HighestEducation": "ต่ำกว่าปริญญาตรี", "ImageFileId": "5c5bf8a1fbcb5f16fc6805fe", "SelfIntroduceFileId": "5c5cdf23fbcb5f16fc6892f4", "PartyLogo": "https://storage.googleapis.com/candidate-thumbs/party/193.png", "CandididatePhoto": "https://storage.googleapis.com/candidate-thumbs/images/94-3-29.jpg"}, {"Unnamed: 0": 3259, "CandidateId": "29d2b6fd-9c6e-45bf-9d77-308c5c93916f", "CandidateNo": 30, "FirstName": "ดวงฤดี", "LastName": "นิลจันทร์", "PartyName": "เพื่อแผ่นดิน", "PartyNumber": 41, "Title": "นาง", "Votable": true, "province_id": 94, "province_name": "ปัตตานี", "zone_number": 3, "PartyTerminated": false, "Age": 60, "Occupation": "อดีตรับราชการครู", "HighestEducation": "ปริญญาตรี", "ImageFileId": "5c5ce410fbcb5f16fc68a96e", "SelfIntroduceFileId": "5c5ce5fefbcb5f16fc68b3de", "PartyLogo": "https://storage.googleapis.com/candidate-thumbs/party/41.png", "CandididatePhoto": "https://storage.googleapis.com/candidate-thumbs/images/94-3-30.jpg"}, {"Unnamed: 0": 3260, "CandidateId": "10e9173d-f71b-4bce-a0b9-2a4c6b9bbd3f", "CandidateNo": 31, "FirstName": "เสาเดาะ", "LastName": "มามะ", "PartyName": "ภราดรภาพ", "PartyNumber": 154, "Title": "นางสาว", "Votable": true, "province_id": 94, "province_name": "ปัตตานี", "zone_number": 3, "PartyTerminated": false, "Age": 59, "Occupation": "รับจ้าง", "HighestEducation": "ต่ำกว่าปริญญาตรี", "ImageFileId": "5c5d0b15fbcb5f0fd884d5bd", "SelfIntroduceFileId": "5c5d0ca0fbcb5f0fd884de95", "PartyLogo": "https://storage.googleapis.com/candidate-thumbs/party/154.png", "CandididatePhoto": "https://storage.googleapis.com/candidate-thumbs/images/94-3-31.jpg"}, {"Unnamed: 0": 3261, "CandidateId": "728e3fc2-c723-40fb-ac5e-2a13213624f8", "CandidateNo": 32, "FirstName": "มูฮำมัด", "LastName": "อาแว", "PartyName": "พลเมืองไทย", "PartyNumber": 173, "Title": "นาย", "Votable": true, "province_id": 94, "province_name": "ปัตตานี", "zone_number": 3, "PartyTerminated": false, "Age": 40, "Occupation": "ธุรกิจส่วนตัว", "HighestEducation": "ต่ำกว่าปริญญาตรี", "ImageFileId": "5c5d1401fbcb5f0fd884fde9", "SelfIntroduceFileId": "5c5d1561fbcb5f0fd88502fa", "PartyLogo": "https://storage.googleapis.com/candidate-thumbs/party/173.png", "CandididatePhoto": "https://storage.googleapis.com/candidate-thumbs/images/94-3-32.jpg"}, {"Unnamed: 0": 3262, "CandidateId": "487ee32e-a4c4-457f-80ff-bc8ea3675be6", "CandidateNo": 33, "FirstName": "อับดุลสาลาม", "LastName": "ยูโซะ", "PartyName": "พลังประชาธิปไตย", "PartyNumber": 153, "Title": "นาย", "Votable": true, "province_id": 94, "province_name": "ปัตตานี", "zone_number": 3, "PartyTerminated": false, "Age": 34, "Occupation": "ครูโรงเรียนเอกชน", "HighestEducation": "ปริญญาตรี", "ImageFileId": "5c5d4008fbcb5f0fd8864eb9", "SelfIntroduceFileId": "5c5d42d9fbcb5f0fd8866c77", "PartyLogo": "https://storage.googleapis.com/candidate-thumbs/party/153.png", "CandididatePhoto": "https://storage.googleapis.com/candidate-thumbs/images/94-3-33.jpg"}, {"Unnamed: 0": 3263, "CandidateId": "988c4323-514b-4eaf-a38b-87a852da6216", "CandidateNo": 34, "FirstName": "ธิปัตยา", "LastName": "กิ้มเส็ม", "PartyName": "ภูมิพลังเกษตรกรไทย", "PartyNumber": 197, "Title": "นาง", "Votable": true, "province_id": 94, "province_name": "ปัตตานี", "zone_number": 3, "PartyTerminated": false, "Age": 45, "Occupation": "ค้าขาย", "HighestEducation": "ต่ำกว่าปริญญาตรี", "ImageFileId": "5c5d4793fbcb5f0fd8869e00", "SelfIntroduceFileId": "5c6519c5fbcb5f1b4c4cb1e2", "PartyLogo": "https://storage.googleapis.com/candidate-thumbs/party/197.png", "CandididatePhoto": "https://storage.googleapis.com/candidate-thumbs/images/94-3-34.jpg"}, {"Unnamed: 0": 3264, "CandidateId": "56b2fdfd-3c2f-48a1-b49e-0c9aa29ca8b5", "CandidateNo": 35, "FirstName": "สุพรรณี", "LastName": "ศรีปาน", "PartyName": "ไทรักธรรม", "PartyNumber": 144, "Title": "นาง", "Votable": true, "province_id": 94, "province_name": "ปัตตานี", "zone_number": 3, "PartyTerminated": false, "Age": 52, "Occupation": "ทำสวน", "HighestEducation": "ต่ำกว่าปริญญาตรี", "ImageFileId": "5c5d4dfefbcb5f0fd886e656", "SelfIntroduceFileId": "5c5d5001fbcb5f0fd886fc4a", "PartyLogo": "https://storage.googleapis.com/candidate-thumbs/party/144.png", "CandididatePhoto": "https://storage.googleapis.com/candidate-thumbs/images/94-3-35.jpg"}, {"Unnamed: 0": 3265, "CandidateId": "8b4cd08b-6f18-49e0-bba3-9b632f613dc7", "CandidateNo": 36, "FirstName": "มะลี", "LastName": "ดามะ", "PartyName": "ประชาไทย", "PartyNumber": 205, "Title": "นาย", "Votable": true, "province_id": 94, "province_name": "ปัตตานี", "zone_number": 3, "PartyTerminated": false, "Age": 50, "Occupation": "รับจ้าง", "HighestEducation": "ต่ำกว่าปริญญาตรี", "ImageFileId": "5c5d52b9fbcb5f0fd887174a", "SelfIntroduceFileId": "5c5d53ddfbcb5f0fd88727d7", "PartyLogo": "https://storage.googleapis.com/candidate-thumbs/party/205.png", "CandididatePhoto": "https://storage.googleapis.com/candidate-thumbs/images/94-3-36.jpg"}]