[{"Unnamed: 0": 1477, "CandidateId": "dfe7b8a4-f19f-43d2-b9cb-41faf34f6cab", "CandidateNo": 1, "FirstName": "อำนวย", "LastName": "วรรณมณี", "PartyName": "ประชาภิวัฒน์", "PartyNumber": 172, "Title": "ร.ท.", "Votable": true, "province_id": 56, "province_name": "พะเยา", "zone_number": 1, "PartyTerminated": false, "Age": 60, "Occupation": "รับราชการ", "HighestEducation": "ต่ำกว่าปริญญาตรี", "ImageFileId": "5c57b125fbcb5f1eec0d06d5", "SelfIntroduceFileId": "5c57ba3efbcb5f1eec0d393b", "PartyLogo": "https://storage.googleapis.com/candidate-thumbs/party/172.png", "CandididatePhoto": "https://storage.googleapis.com/candidate-thumbs/images/56-1-1.jpg"}, {"Unnamed: 0": 1478, "CandidateId": "4fa6a68b-830d-44dc-8276-7a43414dad51", "CandidateNo": 2, "FirstName": "ภูวกร", "LastName": "ศรีเนียน", "PartyName": "อนาคตใหม่", "PartyNumber": 177, "Title": "นาย", "Votable": true, "province_id": 56, "province_name": "พะเยา", "zone_number": 1, "PartyTerminated": false, "Age": 45, "Occupation": "ที่ปรึกษาสิ่งแวดล้อม", "HighestEducation": "ปริญญาตรี", "ImageFileId": "5c57bc1bfbcb5f1eec0d489e", "SelfIntroduceFileId": "5c57c7b1fbcb5f1eec0da9ff", "PartyLogo": "https://storage.googleapis.com/candidate-thumbs/party/177.png", "CandididatePhoto": "https://storage.googleapis.com/candidate-thumbs/images/56-1-2.jpg"}, {"Unnamed: 0": 1479, "CandidateId": "845c0fd3-6e27-4d76-9257-96b4a584ebaa", "CandidateNo": 3, "FirstName": "ทักษิณ", "LastName": "กีรติศักดิ์วรกุล", "PartyName": "เพื่อชาติ", "PartyNumber": 149, "Title": "นาย", "Votable": true, "province_id": 56, "province_name": "พะเยา", "zone_number": 1, "PartyTerminated": false, "Age": 54, "Occupation": "ธุรกิจส่วนตัว", "HighestEducation": "ปริญญาโท", "ImageFileId": "5c57c89efbcb5f1eec0db166", "SelfIntroduceFileId": "5c57d7a9fbcb5f1eec0ded88", "PartyLogo": "https://storage.googleapis.com/candidate-thumbs/party/149.png", "CandididatePhoto": "https://storage.googleapis.com/candidate-thumbs/images/56-1-3.jpg"}, {"Unnamed: 0": 1480, "CandidateId": "a0495b76-741d-4f36-9085-a50b0e095e01", "CandidateNo": 4, "FirstName": "ชวนันทร์", "LastName": "เสธา", "PartyName": "รักษ์ผืนป่าประเทศไทย", "PartyNumber": 133, "Title": "นาย", "Votable": true, "province_id": 56, "province_name": "พะเยา", "zone_number": 1, "PartyTerminated": false, "Age": 78, "Occupation": "เกษตรกร", "HighestEducation": "ต่ำกว่าปริญญาตรี", "ImageFileId": "5c57dbcafbcb5f1eec0e0281", "SelfIntroduceFileId": "5c57dfcffbcb5f1eec0e1cef", "PartyLogo": "https://storage.googleapis.com/candidate-thumbs/party/133.png", "CandididatePhoto": "https://storage.googleapis.com/candidate-thumbs/images/56-1-4.jpg"}, {"Unnamed: 0": 1481, "CandidateId": "dc4b0e79-2577-4f53-8cee-c588e1db7ace", "CandidateNo": 5, "FirstName": "ทัศนีย์", "LastName": "สมธิ", "PartyName": "แผ่นดินธรรม", "PartyNumber": 188, "Title": "นาง", "Votable": true, "province_id": 56, "province_name": "พะเยา", "zone_number": 1, "PartyTerminated": false, "Age": 51, "Occupation": "วิทยากรพิเศษ", "HighestEducation": "ปริญญาเอก", "ImageFileId": "5c57e54ffbcb5f1eec0e42e8", "SelfIntroduceFileId": "5c57e9defbcb5f1eec0e6aff", "PartyLogo": "https://storage.googleapis.com/candidate-thumbs/party/188.png", "CandididatePhoto": "https://storage.googleapis.com/candidate-thumbs/images/56-1-5.jpg"}, {"Unnamed: 0": 1482, "CandidateId": "2b36af07-7ce9-4665-a2c3-82399f502c59", "CandidateNo": 6, "FirstName": "ชนแดน", "LastName": "กุลปัญญา", "PartyName": "พลังท้องถิ่นไท", "PartyNumber": 124, "Title": "นาย", "Votable": true, "province_id": 56, "province_name": "พะเยา", "zone_number": 1, "PartyTerminated": false, "Age": 45, "Occupation": "อาจารย์พิเศษ", "HighestEducation": "ปริญญาตรี", "ImageFileId": "5c57eee3fbcb5f1eec0e98f6", "SelfIntroduceFileId": "5c57f181fbcb5f1eec0eb011", "PartyLogo": "https://storage.googleapis.com/candidate-thumbs/party/124.png", "CandididatePhoto": "https://storage.googleapis.com/candidate-thumbs/images/56-1-6.jpg"}, {"Unnamed: 0": 1483, "CandidateId": "905da1d9-a2d0-4f55-8b90-f9b8c9fc3d71", "CandidateNo": 7, "FirstName": "อรุณี", "LastName": "ชำนาญยา", "PartyName": "เพื่อไทย", "PartyNumber": 34, "Title": "นางสาว", "Votable": true, "province_id": 56, "province_name": "พะเยา", "zone_number": 1, "PartyTerminated": false, "Age": 53, "Occupation": "เกษตรกร", "HighestEducation": "ปริญญาตรี", "ImageFileId": "5c57f26cfbcb5f1eec0eb978", "SelfIntroduceFileId": "5c57f540fbcb5f1eec0ed5af", "PartyLogo": "https://storage.googleapis.com/candidate-thumbs/party/34.png", "CandididatePhoto": "https://storage.googleapis.com/candidate-thumbs/images/56-1-7.jpg"}, {"Unnamed: 0": 1484, "CandidateId": "11cb5bfd-43d2-4439-a1a0-0522fe4d3835", "CandidateNo": 8, "FirstName": "ไพรัตน์", "LastName": "เสมอเชื้อ", "PartyName": "พลังปวงชนไทย", "PartyNumber": 184, "Title": "นาย", "Votable": true, "province_id": 56, "province_name": "พะเยา", "zone_number": 1, "PartyTerminated": false, "Age": 60, "Occupation": "รับราชการ", "HighestEducation": "ปริญญาโท", "ImageFileId": "5c57f69efbcb5f1eec0ee520", "SelfIntroduceFileId": "5c57fa1dfbcb5f1eec0f0ae4", "PartyLogo": "https://storage.googleapis.com/candidate-thumbs/party/184.png", "CandididatePhoto": "https://storage.googleapis.com/candidate-thumbs/images/56-1-8.jpg"}, {"Unnamed: 0": 1485, "CandidateId": "7d86635c-9e79-4d89-bae3-d9e50717914b", "CandidateNo": 9, "FirstName": "อนุพงษ์", "LastName": "มาคำ", "PartyName": "ประชาธิปัตย์", "PartyNumber": 1, "Title": "นาย", "Votable": true, "province_id": 56, "province_name": "พะเยา", "zone_number": 1, "PartyTerminated": false, "Age": 37, "Occupation": "รับเหมาก่อสร้าง", "HighestEducation": "ปริญญาโท", "ImageFileId": "5c57fd4ffbcb5f1eec0f38ab", "SelfIntroduceFileId": "5c57fde9fbcb5f1eec0f40c9", "PartyLogo": "https://storage.googleapis.com/candidate-thumbs/party/1.png", "CandididatePhoto": "https://storage.googleapis.com/candidate-thumbs/images/56-1-9.jpg"}, {"Unnamed: 0": 1486, "CandidateId": "892b946d-b6fb-4acf-8f8d-9886d9e35d90", "CandidateNo": 10, "FirstName": "ฉัตรชัย", "LastName": "ใจเย็น", "PartyName": "รวมใจไทย", "PartyNumber": 174, "Title": "นาย", "Votable": true, "province_id": 56, "province_name": "พะเยา", "zone_number": 1, "PartyTerminated": false, "Age": 47, "Occupation": "นักธุรกิจ", "HighestEducation": "ปริญญาตรี", "ImageFileId": "5c57ff47fbcb5f1eec0f52e9", "SelfIntroduceFileId": "5c5801eefbcb5f1eec0f77e1", "PartyLogo": "https://storage.googleapis.com/candidate-thumbs/party/174.png", "CandididatePhoto": "https://storage.googleapis.com/candidate-thumbs/images/56-1-10.jpg"}, {"Unnamed: 0": 1487, "CandidateId": "4ab59baf-3357-4482-9d90-8d4e1cf39084", "CandidateNo": 11, "FirstName": "ดลธรรม", "LastName": "ธรรมเดช", "PartyName": "เสรีรวมไทย", "PartyNumber": 145, "Title": "นาย", "Votable": true, "province_id": 56, "province_name": "พะเยา", "zone_number": 1, "PartyTerminated": false, "Age": 45, "Occupation": "ทนายความ", "HighestEducation": "ปริญญาตรี", "ImageFileId": "5c5803e2fbcb5f1eec0f9402", "SelfIntroduceFileId": "5c58fea9fbcb5f1d8813b0ed", "PartyLogo": "https://storage.googleapis.com/candidate-thumbs/party/145.png", "CandididatePhoto": "https://storage.googleapis.com/candidate-thumbs/images/56-1-11.jpg"}, {"Unnamed: 0": 1488, "CandidateId": "07fc0547-7564-4ec2-93fd-4264fc88575c", "CandidateNo": 12, "FirstName": "ธนาพัฒน์", "LastName": "เผ่าแก้ว", "PartyName": "รวมพลังประชาชาติไทย", "PartyNumber": 181, "Title": "นาย", "Votable": true, "province_id": 56, "province_name": "พะเยา", "zone_number": 1, "PartyTerminated": false, "Age": 46, "Occupation": "เกษตรกร", "HighestEducation": "ปริญญาตรี", "ImageFileId": "5c58098efbcb5f1eec0fdfff", "SelfIntroduceFileId": "5c580a1cfbcb5f1eec0fe6b4", "PartyLogo": "https://storage.googleapis.com/candidate-thumbs/party/181.png", "CandididatePhoto": "https://storage.googleapis.com/candidate-thumbs/images/56-1-12.jpg"}, {"Unnamed: 0": 1489, "CandidateId": "dd53e518-a658-4e6f-93cf-3b65ac707b24", "CandidateNo": 13, "FirstName": "ธนิตา", "LastName": "ชัยวร", "PartyName": "ประชานิยม", "PartyNumber": 191, "Title": "นางสาว", "Votable": true, "province_id": 56, "province_name": "พะเยา", "zone_number": 1, "PartyTerminated": false, "Age": 43, "Occupation": "กรรมการห้างหุ้นส่วนลานนาโฮมเซ็นเตอร์", "HighestEducation": "ปริญญาตรี", "ImageFileId": "5c580e81fbcb5f1eec101c18", "SelfIntroduceFileId": "5c580ed7fbcb5f1eec101f51", "PartyLogo": "https://storage.googleapis.com/candidate-thumbs/party/191.png", "CandididatePhoto": "https://storage.googleapis.com/candidate-thumbs/images/56-1-13.jpg"}, {"Unnamed: 0": 1490, "CandidateId": "865dc342-8446-4998-abc0-21f4d9bcdc29", "CandidateNo": 14, "FirstName": "ธนพร", "LastName": "เจนใจ", "PartyName": "เพื่อแผ่นดิน", "PartyNumber": 41, "Title": "นางสาว", "Votable": true, "province_id": 56, "province_name": "พะเยา", "zone_number": 1, "PartyTerminated": false, "Age": 32, "Occupation": "ทนายความ", "HighestEducation": "ปริญญาตรี", "ImageFileId": "5c58110cfbcb5f1eec10379b", "SelfIntroduceFileId": "5c58114ffbcb5f1eec1038cb", "PartyLogo": "https://storage.googleapis.com/candidate-thumbs/party/41.png", "CandididatePhoto": "https://storage.googleapis.com/candidate-thumbs/images/56-1-14.jpg"}, {"Unnamed: 0": 1491, "CandidateId": "d1db4dc1-45b2-47bf-a2b0-69d1dd5ee04b", "CandidateNo": 15, "FirstName": "ธรรมนัส", "LastName": "พรหมเผ่า", "PartyName": "พลังประชารัฐ", "PartyNumber": 192, "Title": "นาย", "Votable": true, "province_id": 56, "province_name": "พะเยา", "zone_number": 1, "PartyTerminated": false, "Age": 53, "Occupation": "เจ้าของกิจการ ธุรกิจส่นตัว", "HighestEducation": "ปริญญาเอก", "ImageFileId": "5c58f0d6fbcb5f1d881327b4", "SelfIntroduceFileId": "5c58f43efbcb5f1d881346a7", "PartyLogo": "https://storage.googleapis.com/candidate-thumbs/party/192.png", "CandididatePhoto": "https://storage.googleapis.com/candidate-thumbs/images/56-1-15.jpg"}, {"Unnamed: 0": 1492, "CandidateId": "2f7cd438-c0ff-4801-bfd4-953a6a7a9795", "CandidateNo": 16, "FirstName": "ธวัชชัย", "LastName": "รัตนพัทธยากร", "PartyName": "ภราดรภาพ", "PartyNumber": 154, "Title": "นาย", "Votable": true, "province_id": 56, "province_name": "พะเยา", "zone_number": 1, "PartyTerminated": false, "Age": 46, "Occupation": "ประกอบธุรกิจส่วนตัว", "HighestEducation": "ปริญญาตรี", "ImageFileId": "5c590ab1fbcb5f1d88144b79", "SelfIntroduceFileId": "5c590bf1fbcb5f1d88145d00", "PartyLogo": "https://storage.googleapis.com/candidate-thumbs/party/154.png", "CandididatePhoto": "https://storage.googleapis.com/candidate-thumbs/images/56-1-16.jpg"}, {"Unnamed: 0": 1493, "CandidateId": "338e065c-dd7e-4303-9718-4e43b886c08f", "CandidateNo": 17, "FirstName": "ปรัชญา", "LastName": "สะท้านพายัพ", "PartyName": "พลังชาติไทย", "PartyNumber": 186, "Title": "นาย", "Votable": true, "province_id": 56, "province_name": "พะเยา", "zone_number": 1, "PartyTerminated": false, "Age": 62, "Occupation": "ทนายความ", "HighestEducation": "ปริญญาโท", "ImageFileId": "5c591346fbcb5f1d8814c6e8", "SelfIntroduceFileId": "5c591644fbcb5f1d8814e9e6", "PartyLogo": "https://storage.googleapis.com/candidate-thumbs/party/186.png", "CandididatePhoto": "https://storage.googleapis.com/candidate-thumbs/images/56-1-17.jpg"}, {"Unnamed: 0": 1494, "CandidateId": "84ea5b40-7c5e-45fe-b189-18b6eaa9805a", "CandidateNo": 18, "FirstName": "นงนภัส", "LastName": "ปัญญาวงศ์", "PartyName": "ประชากรไทย", "PartyNumber": 2, "Title": "นางสาว", "Votable": true, "province_id": 56, "province_name": "พะเยา", "zone_number": 1, "PartyTerminated": false, "Age": 28, "Occupation": "ธุรกิจส่วนตัว", "HighestEducation": "ปริญญาตรี", "ImageFileId": "5c5a9378fbcb5f19bcaaf9aa", "SelfIntroduceFileId": "5c5a94acfbcb5f19bcaaff71", "PartyLogo": "https://storage.googleapis.com/candidate-thumbs/party/2.png", "CandididatePhoto": "https://storage.googleapis.com/candidate-thumbs/images/56-1-18.jpg"}, {"Unnamed: 0": 1495, "CandidateId": "623ad71a-9698-4d91-ab01-63aa67a27676", "CandidateNo": 19, "FirstName": "ศฤงคาร", "LastName": "ข่ายสุวรรณ์", "PartyName": "ไทยศรีวิไลย์", "PartyNumber": 180, "Title": "นาย", "Votable": true, "province_id": 56, "province_name": "พะเยา", "zone_number": 1, "PartyTerminated": false, "Age": 33, "Occupation": "ธุรกิจส่วนตัว", "HighestEducation": "ปริญญาตรี", "ImageFileId": "5c5aa850fbcb5f19bcab7532", "SelfIntroduceFileId": "5c5aa8befbcb5f19bcab75fd", "PartyLogo": "https://storage.googleapis.com/candidate-thumbs/party/180.png", "CandididatePhoto": "https://storage.googleapis.com/candidate-thumbs/images/56-1-19.jpg"}, {"Unnamed: 0": 1496, "CandidateId": "0885dc3f-c83e-4d8c-9abe-b2b8ced36be5", "CandidateNo": 20, "FirstName": "วิศิษฎ์", "LastName": "สุปรียาพร", "PartyName": "ครูไทยเพื่อประชาชน", "PartyNumber": 118, "Title": "นาย", "Votable": true, "province_id": 56, "province_name": "พะเยา", "zone_number": 1, "PartyTerminated": false, "Age": 61, "Occupation": "ทนายความอิสระ", "HighestEducation": "ปริญญาโท", "ImageFileId": "5c5b99dbfbcb5f16fc655e68", "SelfIntroduceFileId": "5c5b99abfbcb5f16fc655d3b", "PartyLogo": "https://storage.googleapis.com/candidate-thumbs/party/118.png", "CandididatePhoto": "https://storage.googleapis.com/candidate-thumbs/images/56-1-20.jpg"}, {"Unnamed: 0": 1497, "CandidateId": "37a0e99d-d5bf-4c74-8c75-226cc622641c", "CandidateNo": 21, "FirstName": "เจริญ", "LastName": "เทพมา", "PartyName": "ประชาชนปฏิรูป", "PartyNumber": 176, "Title": "ด.ต.", "Votable": true, "province_id": 56, "province_name": "พะเยา", "zone_number": 1, "PartyTerminated": false, "Age": 65, "Occupation": "ข้าราชการบำนาญ (ตำรวจ)", "HighestEducation": "ปริญญาตรี", "ImageFileId": "5c5bd905fbcb5f16fc670122", "SelfIntroduceFileId": "5c5bd7d2fbcb5f16fc66f6e4", "PartyLogo": "https://storage.googleapis.com/candidate-thumbs/party/176.png", "CandididatePhoto": "https://storage.googleapis.com/candidate-thumbs/images/56-1-21.jpg"}, {"Unnamed: 0": 1498, "CandidateId": "9bd60313-86be-42e6-a386-488bb53faacf", "CandidateNo": 22, "FirstName": "เชษฐวรศิลป์", "LastName": "ใฝ่ใจ", "PartyName": "พลังไทยรักไทย", "PartyNumber": 185, "Title": "นาย", "Votable": true, "province_id": 56, "province_name": "พะเยา", "zone_number": 1, "PartyTerminated": false, "Age": 68, "Occupation": "ข้าราชการครู (บำนาญ)", "HighestEducation": "ปริญญาตรี", "ImageFileId": "5c5bee75fbcb5f16fc67b996", "SelfIntroduceFileId": "5c5beef5fbcb5f16fc67bd20", "PartyLogo": "https://storage.googleapis.com/candidate-thumbs/party/185.png", "CandididatePhoto": "https://storage.googleapis.com/candidate-thumbs/images/56-1-22.jpg"}, {"Unnamed: 0": 1499, "CandidateId": "97dd1667-377b-4ed3-aa5f-03c4c0f105bc", "CandidateNo": 23, "FirstName": "ชญาพิชญ์", "LastName": "พวงมาลัย", "PartyName": "ภูมิใจไทย", "PartyNumber": 63, "Title": "นางสาว", "Votable": true, "province_id": 56, "province_name": "พะเยา", "zone_number": 1, "PartyTerminated": false, "Age": 27, "Occupation": "ธุรกิจส่วนตัว", "HighestEducation": "ปริญญาตรี", "ImageFileId": "5c5bf64cfbcb5f16fc67f8d1", "SelfIntroduceFileId": "5c5bf6aafbcb5f16fc67fb47", "PartyLogo": "https://storage.googleapis.com/candidate-thumbs/party/63.png", "CandididatePhoto": "https://storage.googleapis.com/candidate-thumbs/images/56-1-23.jpg"}, {"Unnamed: 0": 1500, "CandidateId": "cd2d0da2-fe5b-479a-8468-93cedbcb843b", "CandidateNo": 24, "FirstName": "จำรอง", "LastName": "พึ่งสุข", "PartyName": "เศรษฐกิจใหม่", "PartyNumber": 193, "Title": "นาย", "Votable": true, "province_id": 56, "province_name": "พะเยา", "zone_number": 1, "PartyTerminated": false, "Age": 36, "Occupation": "เกษตรกร", "HighestEducation": "ปริญญาตรี", "ImageFileId": "5c5d0b40fbcb5f0fd884d67d", "SelfIntroduceFileId": "5c5d0b80fbcb5f0fd884d7c8", "PartyLogo": "https://storage.googleapis.com/candidate-thumbs/party/193.png", "CandididatePhoto": "https://storage.googleapis.com/candidate-thumbs/images/56-1-24.jpg"}, {"Unnamed: 0": 1501, "CandidateId": "68473bb0-9f33-402a-b59c-d29ed35a5a45", "CandidateNo": 25, "FirstName": "ศิริเวศน์", "LastName": "มหาวรรณศรี", "PartyName": "ชาติพันธุ์ไทย", "PartyNumber": 196, "Title": "นางสาว", "Votable": true, "province_id": 56, "province_name": "พะเยา", "zone_number": 1, "PartyTerminated": false, "Age": 40, "Occupation": "ธุรกิจส่วนตัว", "HighestEducation": "ปริญญาตรี", "ImageFileId": "5c5d2acbfbcb5f0fd885963c", "SelfIntroduceFileId": "5c5d2b36fbcb5f0fd8859974", "PartyLogo": "https://storage.googleapis.com/candidate-thumbs/party/196.png", "CandididatePhoto": "https://storage.googleapis.com/candidate-thumbs/images/56-1-25.jpg"}, {"Unnamed: 0": 1502, "CandidateId": "99156af9-f28e-40ff-95d5-8ba085cffa88", "CandidateNo": 26, "FirstName": "โชคภาดล", "LastName": "พรหมโน", "PartyName": "ไทรักธรรม", "PartyNumber": 144, "Title": "นาย", "Votable": true, "province_id": 56, "province_name": "พะเยา", "zone_number": 1, "PartyTerminated": false, "Age": 41, "Occupation": "เกษตรกร", "HighestEducation": "ต่ำกว่าปริญญาตรี", "ImageFileId": "5c5d5441fbcb5f0fd8872d3d", "SelfIntroduceFileId": "5c5d5762fbcb5f0fd8875821", "PartyLogo": "https://storage.googleapis.com/candidate-thumbs/party/144.png", "CandididatePhoto": "https://storage.googleapis.com/candidate-thumbs/images/56-1-26.jpg"}, {"Unnamed: 0": 1503, "CandidateId": "29f8f78e-948e-46d7-b424-124afaf5b409", "CandidateNo": 27, "FirstName": "ภูวนัย", "LastName": "เครือน่าน", "PartyName": "ประชาธรรมไทย", "PartyNumber": 190, "Title": "นาย", "Votable": true, "province_id": 56, "province_name": "พะเยา", "zone_number": 1, "PartyTerminated": false, "Age": 42, "Occupation": "นักจัดรายการวิทยุ", "HighestEducation": "ต่ำกว่าปริญญาตรี", "ImageFileId": "5c5d5b40fbcb5f0fd88783a0", "SelfIntroduceFileId": "5c5d5d15fbcb5f0fd887950a", "PartyLogo": "https://storage.googleapis.com/candidate-thumbs/party/190.png", "CandididatePhoto": "https://storage.googleapis.com/candidate-thumbs/images/56-1-27.jpg"}]