[{"Unnamed: 0": 1562, "CandidateId": "5e48ff6a-b5d2-4ef9-9754-26e3e851f682", "CandidateNo": 1, "FirstName": "สุทธิชัย", "LastName": "หนูนวล", "PartyName": "ชาติไทยพัฒนา", "PartyNumber": 55, "Title": "นาย", "Votable": true, "province_id": 93, "province_name": "พัทลุง", "zone_number": 1, "PartyTerminated": false, "Age": 71, "Occupation": "ข้าราชการบำนาญ", "HighestEducation": "ปริญญาโท", "ImageFileId": "5c57f32dfbcb5f1eec0ebfda", "SelfIntroduceFileId": "5c57f897fbcb5f1eec0ef7b9", "PartyLogo": "https://storage.googleapis.com/candidate-thumbs/party/55.png", "CandididatePhoto": "https://storage.googleapis.com/candidate-thumbs/images/93-1-1.jpg"}, {"Unnamed: 0": 1563, "CandidateId": "85cfcae4-771a-45d4-9914-201c4064dd4b", "CandidateNo": 2, "FirstName": "ทวิช", "LastName": "ชูบัว", "PartyName": "เสรีรวมไทย", "PartyNumber": 145, "Title": "นาย", "Votable": true, "province_id": 93, "province_name": "พัทลุง", "zone_number": 1, "PartyTerminated": false, "Age": 65, "Occupation": "ข้าราชการบำนาญ", "HighestEducation": "ปริญญาตรี", "ImageFileId": "5c58038efbcb5f1eec0f8f23", "SelfIntroduceFileId": "5c58ec51fbcb5f1d8813034d", "PartyLogo": "https://storage.googleapis.com/candidate-thumbs/party/145.png", "CandididatePhoto": "https://storage.googleapis.com/candidate-thumbs/images/93-1-2.jpg"}, {"Unnamed: 0": 1564, "CandidateId": "f98893df-b9aa-4763-b397-9af7a873a398", "CandidateNo": 3, "FirstName": "ชุติมา", "LastName": "คชพันธ์", "PartyName": "อนาคตใหม่", "PartyNumber": 177, "Title": "นางสาว", "Votable": true, "province_id": 93, "province_name": "พัทลุง", "zone_number": 1, "PartyTerminated": false, "Age": 39, "Occupation": "ธุรกิจส่วนตัว", "HighestEducation": "ปริญญาตรี", "ImageFileId": "5c580412fbcb5f1eec0f96f3", "SelfIntroduceFileId": "5c58f0c9fbcb5f1d88132734", "PartyLogo": "https://storage.googleapis.com/candidate-thumbs/party/177.png", "CandididatePhoto": "https://storage.googleapis.com/candidate-thumbs/images/93-1-3.jpg"}, {"Unnamed: 0": 1565, "CandidateId": "7b3a00f9-9b2a-422a-bea9-4352dc88b69d", "CandidateNo": 4, "FirstName": "โอภาส", "LastName": "หนูชิต", "PartyName": "รวมพลังประชาชาติไทย", "PartyNumber": 181, "Title": "นาย", "Votable": true, "province_id": 93, "province_name": "พัทลุง", "zone_number": 1, "PartyTerminated": false, "Age": 50, "Occupation": "ทนายความ", "HighestEducation": "ปริญญาตรี", "ImageFileId": "5c580439fbcb5f1eec0f9989", "SelfIntroduceFileId": "5c58f774fbcb5f1d8813695f", "PartyLogo": "https://storage.googleapis.com/candidate-thumbs/party/181.png", "CandididatePhoto": "https://storage.googleapis.com/candidate-thumbs/images/93-1-4.jpg"}, {"Unnamed: 0": 1566, "CandidateId": "7458c991-3b60-4022-b90c-f2f77f53df7c", "CandidateNo": 5, "FirstName": "กู้ชาติ", "LastName": "ชายเกตุ", "PartyName": "ประชาชาติ", "PartyNumber": 187, "Title": "นาย", "Votable": true, "province_id": 93, "province_name": "พัทลุง", "zone_number": 1, "PartyTerminated": false, "Age": 48, "Occupation": "รับจ้าง (พีธีกรศาสนพิธี)", "HighestEducation": "ปริญญาตรี", "ImageFileId": "5c58046ffbcb5f1eec0f9d2c", "SelfIntroduceFileId": "5c59033dfbcb5f1d8813eccf", "PartyLogo": "https://storage.googleapis.com/candidate-thumbs/party/187.png", "CandididatePhoto": "https://storage.googleapis.com/candidate-thumbs/images/93-1-5.jpg"}, {"Unnamed: 0": 1567, "CandidateId": "82333145-c333-4fe2-b331-70dd43d19701", "CandidateNo": 6, "FirstName": "สมเสริม", "LastName": "ชูรักษ์", "PartyName": "เพื่อธรรม", "PartyNumber": 98, "Title": "นาย", "Votable": true, "province_id": 93, "province_name": "พัทลุง", "zone_number": 1, "PartyTerminated": false, "Age": 64, "Occupation": "ข้าราชการครู", "HighestEducation": "ปริญญาตรี", "ImageFileId": "5c5804aafbcb5f1eec0fa01f", "SelfIntroduceFileId": "5c5911b4fbcb5f1d8814b213", "PartyLogo": "https://storage.googleapis.com/candidate-thumbs/party/98.png", "CandididatePhoto": "https://storage.googleapis.com/candidate-thumbs/images/93-1-6.jpg"}, {"Unnamed: 0": 1568, "CandidateId": "296a1280-85c3-4b80-993e-f7a6cbd07807", "CandidateNo": 7, "FirstName": "พิชัย", "LastName": "ศรีนวลขาว", "PartyName": "เพื่อชาติ", "PartyNumber": 149, "Title": "นาย", "Votable": true, "province_id": 93, "province_name": "พัทลุง", "zone_number": 1, "PartyTerminated": false, "Age": 53, "Occupation": "ธุรกิจส่วนตัว", "HighestEducation": "ต่ำกว่าปริญญาตรี", "ImageFileId": "5c5804defbcb5f1eec0fa339", "SelfIntroduceFileId": "5c592380fbcb5f1d8815532e", "PartyLogo": "https://storage.googleapis.com/candidate-thumbs/party/149.png", "CandididatePhoto": "https://storage.googleapis.com/candidate-thumbs/images/93-1-7.jpg"}, {"Unnamed: 0": 1569, "CandidateId": "92efadb6-0aa6-46b5-ad15-666328769a77", "CandidateNo": 8, "FirstName": "สงคราม", "LastName": "ฟองมณี", "PartyName": "ชาติพัฒนา", "PartyNumber": 45, "Title": "นาย", "Votable": true, "province_id": 93, "province_name": "พัทลุง", "zone_number": 1, "PartyTerminated": false, "Age": 73, "Occupation": "ข้าราชการบำนาญ", "HighestEducation": "ปริญญาตรี", "ImageFileId": "5c580512fbcb5f1eec0fa62c", "SelfIntroduceFileId": "5c594133fbcb5f1d8816ed44", "PartyLogo": "https://storage.googleapis.com/candidate-thumbs/party/45.png", "CandididatePhoto": "https://storage.googleapis.com/candidate-thumbs/images/93-1-8.jpg"}, {"Unnamed: 0": 1570, "CandidateId": "288b56b0-9fc8-4a9e-85d9-ff3695be737a", "CandidateNo": 9, "FirstName": "ราม", "LastName": "มุขช่วย", "PartyName": "พลังท้องถิ่นไท", "PartyNumber": 124, "Title": "นาย", "Votable": true, "province_id": 93, "province_name": "พัทลุง", "zone_number": 1, "PartyTerminated": false, "Age": 43, "Occupation": "เกษตรกร", "HighestEducation": "ปริญญาโท", "ImageFileId": "5c580539fbcb5f1eec0fa9fb", "SelfIntroduceFileId": "5c5957ebfbcb5f1d8817ff51", "PartyLogo": "https://storage.googleapis.com/candidate-thumbs/party/124.png", "CandididatePhoto": "https://storage.googleapis.com/candidate-thumbs/images/93-1-9.jpg"}, {"Unnamed: 0": 1571, "CandidateId": "01de9df5-fd30-478f-adde-d3a05a297604", "CandidateNo": 10, "FirstName": "ไพรัช", "LastName": "ขวัญศรี", "PartyName": "ไทยรักษาชาติ", "PartyNumber": 77, "Title": "นาย", "Votable": true, "province_id": 93, "province_name": "พัทลุง", "zone_number": 1, "PartyTerminated": true, "Age": 62, "Occupation": "ผู้อำนวยการโรงเรียนวัดเกาะยาง", "HighestEducation": "ปริญญาโท", "ImageFileId": "5c58057cfbcb5f1eec0face0", "SelfIntroduceFileId": "5c59563ffbcb5f1d8817f283", "PartyLogo": "https://storage.googleapis.com/candidate-thumbs/party/77.png", "CandididatePhoto": "https://storage.googleapis.com/candidate-thumbs/images/93-1-10.jpg"}, {"Unnamed: 0": 1572, "CandidateId": "9d39bf9d-ef1f-4784-8f67-1be3433f7805", "CandidateNo": 11, "FirstName": "สุพัชรี", "LastName": "ธรรมเพชร", "PartyName": "ประชาธิปัตย์", "PartyNumber": 1, "Title": "นาง", "Votable": true, "province_id": 93, "province_name": "พัทลุง", "zone_number": 1, "PartyTerminated": false, "Age": 40, "Occupation": "นักการเมือง", "HighestEducation": "ปริญญาโท", "ImageFileId": "5c5805d0fbcb5f1eec0fb10e", "SelfIntroduceFileId": "5c5a3f12fbcb5f19bca8a21f", "PartyLogo": "https://storage.googleapis.com/candidate-thumbs/party/1.png", "CandididatePhoto": "https://storage.googleapis.com/candidate-thumbs/images/93-1-11.jpg"}, {"Unnamed: 0": 1573, "CandidateId": "3b5df04e-79d7-4284-b7cf-7f652a9339b9", "CandidateNo": 12, "FirstName": "เสริม", "LastName": "ทวีตา", "PartyName": "คลองไทย", "PartyNumber": 189, "Title": "นาย", "Votable": true, "province_id": 93, "province_name": "พัทลุง", "zone_number": 1, "PartyTerminated": false, "Age": 69, "Occupation": "เกษตรกร", "HighestEducation": "ต่ำกว่าปริญญาตรี", "ImageFileId": "5c580630fbcb5f1eec0fb4f4", "SelfIntroduceFileId": "5c595882fbcb5f1d88180386", "PartyLogo": "https://storage.googleapis.com/candidate-thumbs/party/189.png", "CandididatePhoto": "https://storage.googleapis.com/candidate-thumbs/images/93-1-12.jpg"}, {"Unnamed: 0": 1574, "CandidateId": "70a10282-295b-4866-be51-4f36ac946d53", "CandidateNo": 13, "FirstName": "สมจิต", "LastName": "เซ่งฮวด", "PartyName": "ประชาภิวัฒน์", "PartyNumber": 172, "Title": "จ.ส.อ.", "Votable": true, "province_id": 93, "province_name": "พัทลุง", "zone_number": 1, "PartyTerminated": false, "Age": 57, "Occupation": "ข้าราชการบำนาญ", "HighestEducation": "ต่ำกว่าปริญญาตรี", "ImageFileId": "5c58066ffbcb5f1eec0fb8b0", "SelfIntroduceFileId": "5c5a48cefbcb5f19bca8e40a", "PartyLogo": "https://storage.googleapis.com/candidate-thumbs/party/172.png", "CandididatePhoto": "https://storage.googleapis.com/candidate-thumbs/images/93-1-13.jpg"}, {"Unnamed: 0": 1575, "CandidateId": "c513064f-b79e-4333-8ab0-dc61e857ed37", "CandidateNo": 14, "FirstName": "ภูมิศิษฏ์", "LastName": "คงมี", "PartyName": "ภูมิใจไทย", "PartyNumber": 63, "Title": "นาย", "Votable": true, "province_id": 93, "province_name": "พัทลุง", "zone_number": 1, "PartyTerminated": false, "Age": 56, "Occupation": "รองนายกองค์การบริหารส่วนจังหวัดพัทลุง", "HighestEducation": "ปริญญาโท", "ImageFileId": "5c5806ccfbcb5f1eec0fbd2c", "SelfIntroduceFileId": "5c5a53f7fbcb5f19bca94a1a", "PartyLogo": "https://storage.googleapis.com/candidate-thumbs/party/63.png", "CandididatePhoto": "https://storage.googleapis.com/candidate-thumbs/images/93-1-14.jpg"}, {"Unnamed: 0": 1576, "CandidateId": "51b9f43c-d96e-4129-ab29-d53219892eed", "CandidateNo": 15, "FirstName": "สัมพันธ์", "LastName": "บุญรุ่ง", "PartyName": "ประชานิยม", "PartyNumber": 191, "Title": "นาย", "Votable": true, "province_id": 93, "province_name": "พัทลุง", "zone_number": 1, "PartyTerminated": false, "Age": 66, "Occupation": "ข้าราชการครู", "HighestEducation": "ปริญญาตรี", "ImageFileId": "5c58070ffbcb5f1eec0fc1ff", "SelfIntroduceFileId": "5c5a571efbcb5f19bca9635b", "PartyLogo": "https://storage.googleapis.com/candidate-thumbs/party/191.png", "CandididatePhoto": "https://storage.googleapis.com/candidate-thumbs/images/93-1-15.jpg"}, {"Unnamed: 0": 1577, "CandidateId": "3de89630-efa5-408d-b2eb-e97267c2cd6f", "CandidateNo": 16, "FirstName": "พิศาล", "LastName": "ปลอดพลัด", "PartyName": "รักษ์ผืนป่าประเทศไทย", "PartyNumber": 133, "Title": "นาย", "Votable": false, "province_id": 93, "province_name": "พัทลุง", "zone_number": 1, "PartyTerminated": false, "Age": 33, "Occupation": "ธุรกิจส่วนตัว", "HighestEducation": "ต่ำกว่าปริญญาตรี", "ImageFileId": "5c580738fbcb5f1eec0fc41e", "SelfIntroduceFileId": "5c5a59f6fbcb5f19bca978c2", "PartyLogo": "https://storage.googleapis.com/candidate-thumbs/party/133.png", "CandididatePhoto": "https://storage.googleapis.com/candidate-thumbs/images/93-1-16.jpg"}, {"Unnamed: 0": 1578, "CandidateId": "70535e16-1a19-4927-9216-34436749f196", "CandidateNo": 17, "FirstName": "เจริญ", "LastName": "ขวัญกลับ", "PartyName": "พลังธรรมใหม่", "PartyNumber": 175, "Title": "นาย", "Votable": true, "province_id": 93, "province_name": "พัทลุง", "zone_number": 1, "PartyTerminated": false, "Age": 60, "Occupation": "เกษตรกร", "HighestEducation": "ต่ำกว่าปริญญาตรี", "ImageFileId": "5c580767fbcb5f1eec0fc6c0", "SelfIntroduceFileId": "5c5a5c3efbcb5f19bca98a7c", "PartyLogo": "https://storage.googleapis.com/candidate-thumbs/party/175.png", "CandididatePhoto": "https://storage.googleapis.com/candidate-thumbs/images/93-1-17.jpg"}, {"Unnamed: 0": 1579, "CandidateId": "2e75e729-5c52-4264-beba-25fe7841a5e9", "CandidateNo": 18, "FirstName": "พวงเพชร", "LastName": "ปานแจ่ม", "PartyName": "เพื่อแผ่นดิน", "PartyNumber": 41, "Title": "นาง", "Votable": true, "province_id": 93, "province_name": "พัทลุง", "zone_number": 1, "PartyTerminated": false, "Age": 54, "Occupation": "ค้าขาย", "HighestEducation": "ต่ำกว่าปริญญาตรี", "ImageFileId": "5c58078ffbcb5f1eec0fc999", "SelfIntroduceFileId": "5c5a5e5dfbcb5f19bca9a2a8", "PartyLogo": "https://storage.googleapis.com/candidate-thumbs/party/41.png", "CandididatePhoto": "https://storage.googleapis.com/candidate-thumbs/images/93-1-18.jpg"}, {"Unnamed: 0": 1580, "CandidateId": "1b5c6c68-c9ee-4d96-8067-150ca37aa317", "CandidateNo": 19, "FirstName": "ปาพจน์", "LastName": "สุขาทร", "PartyName": "ประชาชนปฏิรูป", "PartyNumber": 176, "Title": "นาย", "Votable": true, "province_id": 93, "province_name": "พัทลุง", "zone_number": 1, "PartyTerminated": false, "Age": 48, "Occupation": "ธุรกิจส่วนตัว", "HighestEducation": "ปริญญาโท", "ImageFileId": "5c59465dfbcb5f1d881732cc", "SelfIntroduceFileId": "5c59482ffbcb5f1d88174e70", "PartyLogo": "https://storage.googleapis.com/candidate-thumbs/party/176.png", "CandididatePhoto": "https://storage.googleapis.com/candidate-thumbs/images/93-1-19.jpg"}, {"Unnamed: 0": 1581, "CandidateId": "0df258b3-5580-41d8-bd18-81f64cf6edaf", "CandidateNo": 20, "FirstName": "ตันติกร", "LastName": "หนูแป้น", "PartyName": "ประชาไทย", "PartyNumber": 205, "Title": "นาย", "Votable": false, "province_id": 93, "province_name": "พัทลุง", "zone_number": 1, "PartyTerminated": false, "Age": 56, "Occupation": "ศิลปินหนังตะลุง", "HighestEducation": "ต่ำกว่าปริญญาตรี", "ImageFileId": "5c5949d9fbcb5f1d881765b2", "SelfIntroduceFileId": "5c5a3876fbcb5f19bca881ef", "PartyLogo": "https://storage.googleapis.com/candidate-thumbs/party/205.png", "CandididatePhoto": "https://storage.googleapis.com/candidate-thumbs/images/93-1-20.jpg"}, {"Unnamed: 0": 1582, "CandidateId": "5630ee89-6614-4deb-b672-2ee1a35df567", "CandidateNo": 21, "FirstName": "ศิรินันท์", "LastName": "มีสมจิตร", "PartyName": "เศรษฐกิจใหม่", "PartyNumber": 193, "Title": "นาง", "Votable": true, "province_id": 93, "province_name": "พัทลุง", "zone_number": 1, "PartyTerminated": false, "Age": 62, "Occupation": "ค้าขาย", "HighestEducation": "ต่ำกว่าปริญญาตรี", "ImageFileId": "5c5a63f8fbcb5f19bca9cfd8", "SelfIntroduceFileId": "5c5a67acfbcb5f19bca9e6f1", "PartyLogo": "https://storage.googleapis.com/candidate-thumbs/party/193.png", "CandididatePhoto": "https://storage.googleapis.com/candidate-thumbs/images/93-1-21.jpg"}, {"Unnamed: 0": 1583, "CandidateId": "b1b792bc-fa78-44e7-adb0-d8eda6965184", "CandidateNo": 22, "FirstName": "บุรินทร์", "LastName": "นาคเกตุ", "PartyName": "ครูไทยเพื่อประชาชน", "PartyNumber": 118, "Title": "นาย", "Votable": true, "province_id": 93, "province_name": "พัทลุง", "zone_number": 1, "PartyTerminated": false, "Age": 62, "Occupation": "ข้าราชการบำนาญ", "HighestEducation": "ปริญญาตรี", "ImageFileId": "5c5bb271fbcb5f16fc660e17", "SelfIntroduceFileId": "5c5bc648fbcb5f16fc667e73", "PartyLogo": "https://storage.googleapis.com/candidate-thumbs/party/118.png", "CandididatePhoto": "https://storage.googleapis.com/candidate-thumbs/images/93-1-22.jpg"}, {"Unnamed: 0": 1584, "CandidateId": "b66ad214-bc1b-43f6-80a1-00b7ef8d1e08", "CandidateNo": 23, "FirstName": "วิสุทธิ์", "LastName": "นะแหล่", "PartyName": "ถิ่นกาขาวชาววิไล", "PartyNumber": 129, "Title": "นาย", "Votable": true, "province_id": 93, "province_name": "พัทลุง", "zone_number": 1, "PartyTerminated": false, "Age": 29, "Occupation": "ทำสวน", "HighestEducation": "ปริญญาตรี", "ImageFileId": "5c5bb6bcfbcb5f16fc662fc2", "SelfIntroduceFileId": "5c5bc8b5fbcb5f16fc66897c", "PartyLogo": "https://storage.googleapis.com/candidate-thumbs/party/129.png", "CandididatePhoto": "https://storage.googleapis.com/candidate-thumbs/images/93-1-23.jpg"}, {"Unnamed: 0": 1585, "CandidateId": "5f9f8c30-c47c-4a31-87ba-f4e7f22fabcb", "CandidateNo": 24, "FirstName": "เขมาวุฒิ", "LastName": "สุวรรณ์", "PartyName": "พลังไทสร้างชาติ", "PartyNumber": 200, "Title": "นาย", "Votable": true, "province_id": 93, "province_name": "พัทลุง", "zone_number": 1, "PartyTerminated": false, "Age": 49, "Occupation": "ธุรกิจส่วนตัว", "HighestEducation": "ปริญญาตรี", "ImageFileId": "5c5bcb18fbcb5f16fc669ade", "SelfIntroduceFileId": "5c5bcdc0fbcb5f16fc66ab7c", "PartyLogo": "https://storage.googleapis.com/candidate-thumbs/party/200.png", "CandididatePhoto": "https://storage.googleapis.com/candidate-thumbs/images/93-1-24.jpg"}, {"Unnamed: 0": 1586, "CandidateId": "e6073c47-ccad-4ec3-b6ee-10e302def743", "CandidateNo": 25, "FirstName": "ดุษฎี", "LastName": "จงรัตน์", "PartyName": "ไทยศรีวิไลย์", "PartyNumber": 180, "Title": "นางสาว", "Votable": true, "province_id": 93, "province_name": "พัทลุง", "zone_number": 1, "PartyTerminated": false, "Age": 26, "Occupation": "ตรวจสอบภายใน", "HighestEducation": "ปริญญาตรี", "ImageFileId": "5c5bd59cfbcb5f16fc66e42e", "SelfIntroduceFileId": "5c5bd8bcfbcb5f16fc66ffbf", "PartyLogo": "https://storage.googleapis.com/candidate-thumbs/party/180.png", "CandididatePhoto": "https://storage.googleapis.com/candidate-thumbs/images/93-1-25.jpg"}, {"Unnamed: 0": 1587, "CandidateId": "e924e26e-5f8d-41e3-9cb6-09f092534898", "CandidateNo": 26, "FirstName": "สมคิด", "LastName": "โสมณะ", "PartyName": "พลังประชารัฐ", "PartyNumber": 192, "Title": "นาย", "Votable": true, "province_id": 93, "province_name": "พัทลุง", "zone_number": 1, "PartyTerminated": false, "Age": 64, "Occupation": "รับราชการครู", "HighestEducation": "ปริญญาตรี", "ImageFileId": "5c5bd953fbcb5f16fc67032e", "SelfIntroduceFileId": "5c5bdd1afbcb5f16fc67233e", "PartyLogo": "https://storage.googleapis.com/candidate-thumbs/party/192.png", "CandididatePhoto": "https://storage.googleapis.com/candidate-thumbs/images/93-1-26.jpg"}, {"Unnamed: 0": 1588, "CandidateId": "1cfdf64b-18ea-4b9b-9c70-78f18d9c6ad8", "CandidateNo": 27, "FirstName": "ชิสา", "LastName": "เนียมวงศ์", "PartyName": "พลังไทยรักไทย", "PartyNumber": 185, "Title": "นางสาว", "Votable": true, "province_id": 93, "province_name": "พัทลุง", "zone_number": 1, "PartyTerminated": false, "Age": 46, "Occupation": "ค้าขาย", "HighestEducation": "ปริญญาตรี", "ImageFileId": "5c5bfc11fbcb5f16fc6812d2", "SelfIntroduceFileId": "5c5ce4fbfbcb5f16fc68ad0f", "PartyLogo": "https://storage.googleapis.com/candidate-thumbs/party/185.png", "CandididatePhoto": "https://storage.googleapis.com/candidate-thumbs/images/93-1-27.jpg"}, {"Unnamed: 0": 1589, "CandidateId": "ad449f2b-1df0-41d6-bf64-32cafd188e76", "CandidateNo": 28, "FirstName": "นิศากานต์", "LastName": "อักษรชู", "PartyName": "พลังปวงชนไทย", "PartyNumber": 184, "Title": "นางสาว", "Votable": true, "province_id": 93, "province_name": "พัทลุง", "zone_number": 1, "PartyTerminated": false, "Age": 39, "Occupation": "ลูกจ้างองค์กรปกครองส่วนท้องถิ่น", "HighestEducation": "ปริญญาตรี", "ImageFileId": "5c5cf784fbcb5f0fd8843e95", "SelfIntroduceFileId": "5c5cfcccfbcb5f0fd884669d", "PartyLogo": "https://storage.googleapis.com/candidate-thumbs/party/184.png", "CandididatePhoto": "https://storage.googleapis.com/candidate-thumbs/images/93-1-28.jpg"}, {"Unnamed: 0": 1590, "CandidateId": "b8f49a35-9feb-42d6-a7be-334ee6e4fa1c", "CandidateNo": 29, "FirstName": "วิกรม", "LastName": "พงศ์จันทรเสถียร", "PartyName": "พลังชาติไทย", "PartyNumber": 186, "Title": "นาย", "Votable": true, "province_id": 93, "province_name": "พัทลุง", "zone_number": 1, "PartyTerminated": false, "Age": 61, "Occupation": "รับราชการ", "HighestEducation": "ปริญญาโท", "ImageFileId": "5c5d1b1dfbcb5f0fd8851b59", "SelfIntroduceFileId": "5c5d20c6fbcb5f0fd8854707", "PartyLogo": "https://storage.googleapis.com/candidate-thumbs/party/186.png", "CandididatePhoto": "https://storage.googleapis.com/candidate-thumbs/images/93-1-29.jpg"}, {"Unnamed: 0": 1591, "CandidateId": "1c587d1e-1873-48e2-8ff6-81cb51284b78", "CandidateNo": 30, "FirstName": "ไพรจิตร", "LastName": "โพธิ์นิยม", "PartyName": "แทนคุณแผ่นดิน", "PartyNumber": 53, "Title": "นางสาว", "Votable": true, "province_id": 93, "province_name": "พัทลุง", "zone_number": 1, "PartyTerminated": false, "Age": 29, "Occupation": "แม่บ้าน", "HighestEducation": "ปริญญาโท", "ImageFileId": "5c5d210cfbcb5f0fd885493a", "SelfIntroduceFileId": "5c5d2450fbcb5f0fd8855fb9", "PartyLogo": "https://storage.googleapis.com/candidate-thumbs/party/53.png", "CandididatePhoto": "https://storage.googleapis.com/candidate-thumbs/images/93-1-30.jpg"}, {"Unnamed: 0": 1592, "CandidateId": "c9528105-a9a6-4d1e-8a2f-2443cdf7c46f", "CandidateNo": 31, "FirstName": "สุวัฒน์", "LastName": "เพชรกาศ", "PartyName": "พลังสังคม", "PartyNumber": 198, "Title": "นาย", "Votable": true, "province_id": 93, "province_name": "พัทลุง", "zone_number": 1, "PartyTerminated": false, "Age": 41, "Occupation": "ทนายความ", "HighestEducation": "ปริญญาตรี", "ImageFileId": "5c5d2945fbcb5f0fd8858949", "SelfIntroduceFileId": "5c5d359efbcb5f0fd885ef58", "PartyLogo": "https://storage.googleapis.com/candidate-thumbs/party/198.png", "CandididatePhoto": "https://storage.googleapis.com/candidate-thumbs/images/93-1-31.jpg"}, {"Unnamed: 0": 1593, "CandidateId": "234ec25c-91fe-4253-aa76-90b7beff1b60", "CandidateNo": 32, "FirstName": "มนตรี", "LastName": "สังฆานาคินทร์", "PartyName": "พลเมืองไทย", "PartyNumber": 173, "Title": "นาย", "Votable": true, "province_id": 93, "province_name": "พัทลุง", "zone_number": 1, "PartyTerminated": false, "Age": 52, "Occupation": "รับจ้าง", "HighestEducation": "ปริญญาตรี", "ImageFileId": "5c5d39e5fbcb5f0fd8860fc8", "SelfIntroduceFileId": "5c5d3bebfbcb5f0fd88623e9", "PartyLogo": "https://storage.googleapis.com/candidate-thumbs/party/173.png", "CandididatePhoto": "https://storage.googleapis.com/candidate-thumbs/images/93-1-32.jpg"}, {"Unnamed: 0": 1594, "CandidateId": "91bf92d8-6801-47f9-9218-83b07fff8a17", "CandidateNo": 33, "FirstName": "อาภรณ์", "LastName": "แทนสง", "PartyName": "ประชาธรรมไทย", "PartyNumber": 190, "Title": "นาง", "Votable": true, "province_id": 93, "province_name": "พัทลุง", "zone_number": 1, "PartyTerminated": false, "Age": 57, "Occupation": "รับราชการ", "HighestEducation": "ปริญญาโท", "ImageFileId": "5c5d46c6fbcb5f0fd886947b", "SelfIntroduceFileId": "5c5d497bfbcb5f0fd886b1d9", "PartyLogo": "https://storage.googleapis.com/candidate-thumbs/party/190.png", "CandididatePhoto": "https://storage.googleapis.com/candidate-thumbs/images/93-1-33.jpg"}, {"Unnamed: 0": 1595, "CandidateId": "dc428580-11d0-447e-8602-87ebc1e7479b", "CandidateNo": 34, "FirstName": "ชฎาภรณ์", "LastName": "อนันตวงศ์", "PartyName": "พลังศรัทธา", "PartyNumber": 201, "Title": "นางสาว", "Votable": true, "province_id": 93, "province_name": "พัทลุง", "zone_number": 1, "PartyTerminated": false, "Age": 32, "Occupation": "พนักงานเอกชน", "HighestEducation": "ปริญญาตรี", "ImageFileId": "5c5d410bfbcb5f0fd8865ae7", "SelfIntroduceFileId": "5c5d4436fbcb5f0fd8867b36", "PartyLogo": "https://storage.googleapis.com/candidate-thumbs/party/201.png", "CandididatePhoto": "https://storage.googleapis.com/candidate-thumbs/images/93-1-34.jpg"}, {"Unnamed: 0": 1596, "CandidateId": "da822a8d-b6f4-4c0e-af05-a59bce4f1cbb", "CandidateNo": 35, "FirstName": "สถาพร", "LastName": "แพ่งเมือง", "PartyName": "ไทรักธรรม", "PartyNumber": 144, "Title": "นาย", "Votable": true, "province_id": 93, "province_name": "พัทลุง", "zone_number": 1, "PartyTerminated": false, "Age": 49, "Occupation": "รับจ้าง", "HighestEducation": "ต่ำกว่าปริญญาตรี", "ImageFileId": "5c5d4eb9fbcb5f0fd886ee29", "SelfIntroduceFileId": "5c5d52cdfbcb5f0fd88717de", "PartyLogo": "https://storage.googleapis.com/candidate-thumbs/party/144.png", "CandididatePhoto": "https://storage.googleapis.com/candidate-thumbs/images/93-1-35.jpg"}, {"Unnamed: 0": 1597, "CandidateId": "69649d07-8222-4514-96ed-a60d5c2a2790", "CandidateNo": 36, "FirstName": "ธวัช", "LastName": "สุวรรณรัศมี", "PartyName": "ภูมิพลังเกษตรกรไทย", "PartyNumber": 197, "Title": "นาย", "Votable": true, "province_id": 93, "province_name": "พัทลุง", "zone_number": 1, "PartyTerminated": false, "Age": 48, "Occupation": "ธุรกิจส่วนตัว", "HighestEducation": "ปริญญาตรี", "ImageFileId": "5c5d54d2fbcb5f0fd88733ff", "SelfIntroduceFileId": "5c5d5546fbcb5f0fd8873bea", "PartyLogo": "https://storage.googleapis.com/candidate-thumbs/party/197.png", "CandididatePhoto": "https://storage.googleapis.com/candidate-thumbs/images/93-1-36.jpg"}]