[{"Unnamed: 0": 1669, "CandidateId": "1b7f829b-e3e9-47ef-8e3d-657f5c673402", "CandidateNo": 1, "FirstName": "พรชัย", "LastName": "อินทร์สุข", "PartyName": "พลังประชารัฐ", "PartyNumber": 192, "Title": "นาย", "Votable": true, "province_id": 66, "province_name": "พิจิตร", "zone_number": 1, "PartyTerminated": false, "Age": 59, "Occupation": "รับจ้าง", "HighestEducation": "ปริญญาโท", "ImageFileId": "5c57efe1fbcb5f1eec0ea0e7", "SelfIntroduceFileId": "5c57f9bcfbcb5f1eec0f03ea", "PartyLogo": "https://storage.googleapis.com/candidate-thumbs/party/192.png", "CandididatePhoto": "https://storage.googleapis.com/candidate-thumbs/images/66-1-1.jpg"}, {"Unnamed: 0": 1670, "CandidateId": "4ac7c613-79cd-471b-91d9-dafc13e2feab", "CandidateNo": 2, "FirstName": "ณัฐนารี", "LastName": "ไวธัญกรรม", "PartyName": "ประชานิยม", "PartyNumber": 191, "Title": "นาง", "Votable": true, "province_id": 66, "province_name": "พิจิตร", "zone_number": 1, "PartyTerminated": false, "Age": 54, "Occupation": "เกษตรกรรม", "HighestEducation": "ต่ำกว่าปริญญาตรี", "ImageFileId": "5c57fd78fbcb5f1eec0f3b04", "SelfIntroduceFileId": "5c58016afbcb5f1eec0f6e56", "PartyLogo": "https://storage.googleapis.com/candidate-thumbs/party/191.png", "CandididatePhoto": "https://storage.googleapis.com/candidate-thumbs/images/66-1-2.jpg"}, {"Unnamed: 0": 1671, "CandidateId": "c967909a-cc7c-406b-a118-2e722678c938", "CandidateNo": 3, "FirstName": "อาวุธ", "LastName": "เดชอุปการ", "PartyName": "ประชาธิปัตย์", "PartyNumber": 1, "Title": "นาย", "Votable": true, "province_id": 66, "province_name": "พิจิตร", "zone_number": 1, "PartyTerminated": false, "Age": 60, "Occupation": "รับจ้าง", "HighestEducation": "ต่ำกว่าปริญญาตรี", "ImageFileId": "5c580905fbcb5f1eec0fdbc9", "SelfIntroduceFileId": "5c580a5ffbcb5f1eec0feaac", "PartyLogo": "https://storage.googleapis.com/candidate-thumbs/party/1.png", "CandididatePhoto": "https://storage.googleapis.com/candidate-thumbs/images/66-1-3.jpg"}, {"Unnamed: 0": 1672, "CandidateId": "a918d72d-9f40-40a7-9c6f-941815b7795a", "CandidateNo": 4, "FirstName": "ศุภสิทธิ์", "LastName": "ศิริเศรษฐ์", "PartyName": "อนาคตใหม่", "PartyNumber": 177, "Title": "นาย", "Votable": true, "province_id": 66, "province_name": "พิจิตร", "zone_number": 1, "PartyTerminated": false, "Age": 40, "Occupation": "ธุรกิจส่วนตัว", "HighestEducation": "ปริญญาโท", "ImageFileId": "5c580cf9fbcb5f1eec100918", "SelfIntroduceFileId": "5c581182fbcb5f1eec103aa4", "PartyLogo": "https://storage.googleapis.com/candidate-thumbs/party/177.png", "CandididatePhoto": "https://storage.googleapis.com/candidate-thumbs/images/66-1-4.jpg"}, {"Unnamed: 0": 1673, "CandidateId": "92a602d0-8280-4d84-a88b-0dc894f0dce3", "CandidateNo": 5, "FirstName": "สุมิตร", "LastName": "การเที่ยง", "PartyName": "ครูไทยเพื่อประชาชน", "PartyNumber": 118, "Title": "นาย", "Votable": true, "province_id": 66, "province_name": "พิจิตร", "zone_number": 1, "PartyTerminated": false, "Age": 65, "Occupation": "ข้าราชการบำนาญ", "HighestEducation": "ปริญญาตรี", "ImageFileId": "5c581080fbcb5f1eec1032dc", "SelfIntroduceFileId": "5c581376fbcb5f1eec104c16", "PartyLogo": "https://storage.googleapis.com/candidate-thumbs/party/118.png", "CandididatePhoto": "https://storage.googleapis.com/candidate-thumbs/images/66-1-5.jpg"}, {"Unnamed: 0": 1674, "CandidateId": "8a7b94da-7e08-4c17-8024-8f7d13813f9f", "CandidateNo": 6, "FirstName": "วิบูลย์", "LastName": "เพ็ชรรัตน์", "PartyName": "รวมพลังประชาชาติไทย", "PartyNumber": 181, "Title": "นาย", "Votable": true, "province_id": 66, "province_name": "พิจิตร", "zone_number": 1, "PartyTerminated": false, "Age": 52, "Occupation": "รับจ้าง", "HighestEducation": "ต่ำกว่าปริญญาตรี", "ImageFileId": "5c581589fbcb5f1eec105d49", "SelfIntroduceFileId": "5c581975fbcb5f1eec107920", "PartyLogo": "https://storage.googleapis.com/candidate-thumbs/party/181.png", "CandididatePhoto": "https://storage.googleapis.com/candidate-thumbs/images/66-1-6.jpg"}, {"Unnamed: 0": 1675, "CandidateId": "a4f94f41-d69b-4cc5-8e40-4f8f4534110f", "CandidateNo": 7, "FirstName": "กาญจนา", "LastName": "จันทรมณี", "PartyName": "ประชาชาติ", "PartyNumber": 187, "Title": "นาง", "Votable": true, "province_id": 66, "province_name": "พิจิตร", "zone_number": 1, "PartyTerminated": false, "Age": 50, "Occupation": "ธุรกิจครอบครัว (ค้าขายอุปกรณ์การไฟฟ้า)", "HighestEducation": "ปริญญาตรี", "ImageFileId": "5c58176afbcb5f1eec106bfa", "SelfIntroduceFileId": "5c5819d9fbcb5f1eec107b64", "PartyLogo": "https://storage.googleapis.com/candidate-thumbs/party/187.png", "CandididatePhoto": "https://storage.googleapis.com/candidate-thumbs/images/66-1-7.jpg"}, {"Unnamed: 0": 1676, "CandidateId": "94f24978-de51-4d0f-b480-41da09b38f20", "CandidateNo": 8, "FirstName": "นรินทร์", "LastName": "บุญวงศ์", "PartyName": "เพื่อชาติ", "PartyNumber": 149, "Title": "นาย", "Votable": true, "province_id": 66, "province_name": "พิจิตร", "zone_number": 1, "PartyTerminated": false, "Age": 66, "Occupation": "รับราชการ", "HighestEducation": "ปริญญาโท", "ImageFileId": "5c581d75fbcb5f1eec108c5d", "SelfIntroduceFileId": NaN, "PartyLogo": "https://storage.googleapis.com/candidate-thumbs/party/149.png", "CandididatePhoto": "https://storage.googleapis.com/candidate-thumbs/images/66-1-8.jpg"}, {"Unnamed: 0": 1677, "CandidateId": "308796d1-0e45-44df-bb38-dc4ce72f4c09", "CandidateNo": 9, "FirstName": "จำเนียร", "LastName": "เปี่ยมบุญ", "PartyName": "รักษ์ผืนป่าประเทศไทย", "PartyNumber": 133, "Title": "นาย", "Votable": true, "province_id": 66, "province_name": "พิจิตร", "zone_number": 1, "PartyTerminated": false, "Age": 53, "Occupation": "เกษตรกร", "HighestEducation": "ต่ำกว่าปริญญาตรี", "ImageFileId": "5c5821e6fbcb5f1eec10a28d", "SelfIntroduceFileId": "5c5824cafbcb5f1eec10adce", "PartyLogo": "https://storage.googleapis.com/candidate-thumbs/party/133.png", "CandididatePhoto": "https://storage.googleapis.com/candidate-thumbs/images/66-1-9.jpg"}, {"Unnamed: 0": 1678, "CandidateId": "75a0f85b-6739-45ac-b4b1-497968bdc438", "CandidateNo": 10, "FirstName": "อาดิษฐ์", "LastName": "กัลยาณมิตร", "PartyName": "ภูมิใจไทย", "PartyNumber": 63, "Title": "นาย", "Votable": true, "province_id": 66, "province_name": "พิจิตร", "zone_number": 1, "PartyTerminated": false, "Age": 55, "Occupation": "ธุรกิจส่วนตัว", "HighestEducation": "ปริญญาตรี", "ImageFileId": "5c583821fbcb5f1eec10d315", "SelfIntroduceFileId": "5c583ce1fbcb5f1eec10d617", "PartyLogo": "https://storage.googleapis.com/candidate-thumbs/party/63.png", "CandididatePhoto": "https://storage.googleapis.com/candidate-thumbs/images/66-1-10.jpg"}, {"Unnamed: 0": 1679, "CandidateId": "25c66dc2-869b-4591-b903-4760fd1d7c5b", "CandidateNo": 11, "FirstName": "นรเศรษฐ์", "LastName": "ทรัพย์ประวัติ", "PartyName": "พลังปวงชนไทย", "PartyNumber": 184, "Title": "นาย", "Votable": true, "province_id": 66, "province_name": "พิจิตร", "zone_number": 1, "PartyTerminated": false, "Age": 37, "Occupation": "ศูนย์จำหน่ายพระเครื่อง", "HighestEducation": "ปริญญาตรี", "ImageFileId": "5c584108fbcb5f1eec10d721", "SelfIntroduceFileId": NaN, "PartyLogo": "https://storage.googleapis.com/candidate-thumbs/party/184.png", "CandididatePhoto": "https://storage.googleapis.com/candidate-thumbs/images/66-1-11.jpg"}, {"Unnamed: 0": 1680, "CandidateId": "ab7a9fd8-697c-40e0-9896-2dc7fe92b2f9", "CandidateNo": 12, "FirstName": "วินัย", "LastName": "ภัทรประสิทธิ์", "PartyName": "ไทยรักษาชาติ", "PartyNumber": 77, "Title": "นาย", "Votable": true, "province_id": 66, "province_name": "พิจิตร", "zone_number": 1, "PartyTerminated": true, "Age": 61, "Occupation": "ผู้บริหาร", "HighestEducation": "ปริญญาโท", "ImageFileId": "5c5847aafbcb5f1eec10d921", "SelfIntroduceFileId": "5c584a15fbcb5f1eec10d9a9", "PartyLogo": "https://storage.googleapis.com/candidate-thumbs/party/77.png", "CandididatePhoto": "https://storage.googleapis.com/candidate-thumbs/images/66-1-12.jpg"}, {"Unnamed: 0": 1681, "CandidateId": "cf3e1a79-9c2e-4775-a8d7-7480503c9dd5", "CandidateNo": 13, "FirstName": "ปัญจวิชญ์", "LastName": "บุสดี", "PartyName": "พลังท้องถิ่นไท", "PartyNumber": 124, "Title": "นาย", "Votable": true, "province_id": 66, "province_name": "พิจิตร", "zone_number": 1, "PartyTerminated": false, "Age": 54, "Occupation": "ธุรกิจส่วนตัว", "HighestEducation": "ปริญญาตรี", "ImageFileId": "5c584dbdfbcb5f1eec10da44", "SelfIntroduceFileId": "5c584f1cfbcb5f1eec10da82", "PartyLogo": "https://storage.googleapis.com/candidate-thumbs/party/124.png", "CandididatePhoto": "https://storage.googleapis.com/candidate-thumbs/images/66-1-13.jpg"}, {"Unnamed: 0": 1682, "CandidateId": "b6b1deed-0e04-4ddf-a054-f3984e4333bb", "CandidateNo": 14, "FirstName": "จริยวัตร", "LastName": "สกุลพรเจริญ", "PartyName": "ประชาภิวัฒน์", "PartyNumber": 172, "Title": "นาย", "Votable": true, "province_id": 66, "province_name": "พิจิตร", "zone_number": 1, "PartyTerminated": false, "Age": 55, "Occupation": "ธุรกิจส่วนตัว", "HighestEducation": "ต่ำกว่าปริญญาตรี", "ImageFileId": "5c5a3839fbcb5f19bca88154", "SelfIntroduceFileId": "5c58548efbcb5f1eec10dc43", "PartyLogo": "https://storage.googleapis.com/candidate-thumbs/party/172.png", "CandididatePhoto": "https://storage.googleapis.com/candidate-thumbs/images/66-1-14.jpg"}, {"Unnamed: 0": 1683, "CandidateId": "c71a82c0-f753-4779-8739-9c753157db59", "CandidateNo": 15, "FirstName": "สุปราณี", "LastName": "ป้อมสมบูรณ์", "PartyName": "เพื่อแผ่นดิน", "PartyNumber": 41, "Title": "นางสาว", "Votable": true, "province_id": 66, "province_name": "พิจิตร", "zone_number": 1, "PartyTerminated": false, "Age": 49, "Occupation": "แม่บ้าน", "HighestEducation": "ปริญญาตรี", "ImageFileId": "5c5a3a83fbcb5f19bca88c46", "SelfIntroduceFileId": "5c5859c5fbcb5f1eec10dca1", "PartyLogo": "https://storage.googleapis.com/candidate-thumbs/party/41.png", "CandididatePhoto": "https://storage.googleapis.com/candidate-thumbs/images/66-1-15.jpg"}, {"Unnamed: 0": 1684, "CandidateId": "1edf4da9-e98d-4179-b817-972068d7bccc", "CandidateNo": 16, "FirstName": "จักรพงศ์", "LastName": "บุบผา", "PartyName": "เสรีรวมไทย", "PartyNumber": 145, "Title": "นาย", "Votable": true, "province_id": 66, "province_name": "พิจิตร", "zone_number": 1, "PartyTerminated": false, "Age": 30, "Occupation": "เกษตรกรรม", "HighestEducation": "ต่ำกว่าปริญญาตรี", "ImageFileId": "5c585e23fbcb5f1eec10dd5b", "SelfIntroduceFileId": "5c585fb7fbcb5f1eec10ddaf", "PartyLogo": "https://storage.googleapis.com/candidate-thumbs/party/145.png", "CandididatePhoto": "https://storage.googleapis.com/candidate-thumbs/images/66-1-16.jpg"}, {"Unnamed: 0": 1685, "CandidateId": "3fdbc413-9815-4dcc-8cfa-fc8204bc7b8a", "CandidateNo": 17, "FirstName": "อุสา", "LastName": "บุตรเพ็ชร", "PartyName": "เศรษฐกิจใหม่", "PartyNumber": 193, "Title": "นางสาว", "Votable": true, "province_id": 66, "province_name": "พิจิตร", "zone_number": 1, "PartyTerminated": false, "Age": 37, "Occupation": "ค้าขาย", "HighestEducation": "ต่ำกว่าปริญญาตรี", "ImageFileId": "5c58fd7dfbcb5f1d8813a3c3", "SelfIntroduceFileId": "5c590038fbcb5f1d8813c5da", "PartyLogo": "https://storage.googleapis.com/candidate-thumbs/party/193.png", "CandididatePhoto": "https://storage.googleapis.com/candidate-thumbs/images/66-1-17.jpg"}, {"Unnamed: 0": 1686, "CandidateId": "6d04a1fa-d4a5-4103-a942-2687b483c241", "CandidateNo": 18, "FirstName": "คะแนน", "LastName": "เนตรอิ่ม", "PartyName": "เพื่อนไทย", "PartyNumber": 179, "Title": "นาย", "Votable": false, "province_id": 66, "province_name": "พิจิตร", "zone_number": 1, "PartyTerminated": false, "Age": 75, "Occupation": "ข้าราชการบำนาญ", "HighestEducation": "ปริญญาตรี", "ImageFileId": "5c590b5efbcb5f1d881455a8", "SelfIntroduceFileId": "5c590d20fbcb5f1d88146ef9", "PartyLogo": "https://storage.googleapis.com/candidate-thumbs/party/179.png", "CandididatePhoto": "https://storage.googleapis.com/candidate-thumbs/images/66-1-18.jpg"}, {"Unnamed: 0": 1687, "CandidateId": "811ffa4f-fde4-4902-993c-731a8434876e", "CandidateNo": 19, "FirstName": "เดชา", "LastName": "คุ้มแก้ว", "PartyName": "ประชาชนปฏิรูป", "PartyNumber": 176, "Title": "นาย", "Votable": true, "province_id": 66, "province_name": "พิจิตร", "zone_number": 1, "PartyTerminated": false, "Age": 61, "Occupation": "บำนาญลูกจ้างประจำรายเดือน", "HighestEducation": "ต่ำกว่าปริญญาตรี", "ImageFileId": "5c5a69d3fbcb5f19bca9f313", "SelfIntroduceFileId": "5c5cd47bfbcb5f16fc6881e5", "PartyLogo": "https://storage.googleapis.com/candidate-thumbs/party/176.png", "CandididatePhoto": "https://storage.googleapis.com/candidate-thumbs/images/66-1-19.jpg"}, {"Unnamed: 0": 1688, "CandidateId": "c3f79f4b-53ea-41c4-b3ba-6c5e5d9de2c2", "CandidateNo": 20, "FirstName": "ฐิติพันธ์", "LastName": "บางใหญ่", "PartyName": "ภราดรภาพ", "PartyNumber": 154, "Title": "นาย", "Votable": true, "province_id": 66, "province_name": "พิจิตร", "zone_number": 1, "PartyTerminated": false, "Age": 46, "Occupation": "นักแสดง", "HighestEducation": "ต่ำกว่าปริญญาตรี", "ImageFileId": "5c5a7d86fbcb5f19bcaa4cca", "SelfIntroduceFileId": "5c5a7fc2fbcb5f19bcaa618d", "PartyLogo": "https://storage.googleapis.com/candidate-thumbs/party/154.png", "CandididatePhoto": "https://storage.googleapis.com/candidate-thumbs/images/66-1-20.jpg"}, {"Unnamed: 0": 1689, "CandidateId": "13f46f17-0efe-4225-aafe-de534e909f43", "CandidateNo": 21, "FirstName": "ปตินันท์", "LastName": "ศรีพงษ์", "PartyName": "พลังชาติไทย", "PartyNumber": 186, "Title": "นาย", "Votable": true, "province_id": 66, "province_name": "พิจิตร", "zone_number": 1, "PartyTerminated": false, "Age": 62, "Occupation": "ขัาราชการบำนาญ(ตำแหน่งศึกษานิเทศก์)", "HighestEducation": "ปริญญาโท", "ImageFileId": "5c5bac93fbcb5f16fc65d87f", "SelfIntroduceFileId": "5c5bae4dfbcb5f16fc65e754", "PartyLogo": "https://storage.googleapis.com/candidate-thumbs/party/186.png", "CandididatePhoto": "https://storage.googleapis.com/candidate-thumbs/images/66-1-21.jpg"}, {"Unnamed: 0": 1690, "CandidateId": "3f8f03c5-cb5a-4488-b8e8-1191ce33aa19", "CandidateNo": 22, "FirstName": "ชื่นชม", "LastName": "ฟักสนิท", "PartyName": "พลังสังคม", "PartyNumber": 198, "Title": "นางสาว", "Votable": true, "province_id": 66, "province_name": "พิจิตร", "zone_number": 1, "PartyTerminated": false, "Age": 38, "Occupation": "เกษตรกร", "HighestEducation": "ปริญญาตรี", "ImageFileId": "5c5baf98fbcb5f16fc65f64a", "SelfIntroduceFileId": "5c5bb0edfbcb5f16fc66023e", "PartyLogo": "https://storage.googleapis.com/candidate-thumbs/party/198.png", "CandididatePhoto": "https://storage.googleapis.com/candidate-thumbs/images/66-1-22.jpg"}, {"Unnamed: 0": 1691, "CandidateId": "764bd542-3721-454d-ba96-f4ac24c29651", "CandidateNo": 23, "FirstName": "สายหยุด", "LastName": "วัสสะ", "PartyName": "พลังไทยรักไทย", "PartyNumber": 185, "Title": "นาง", "Votable": true, "province_id": 66, "province_name": "พิจิตร", "zone_number": 1, "PartyTerminated": false, "Age": 51, "Occupation": "ค้าขาย", "HighestEducation": "ต่ำกว่าปริญญาตรี", "ImageFileId": "5c5bb1bcfbcb5f16fc660949", "SelfIntroduceFileId": "5c5bb2edfbcb5f16fc661427", "PartyLogo": "https://storage.googleapis.com/candidate-thumbs/party/185.png", "CandididatePhoto": "https://storage.googleapis.com/candidate-thumbs/images/66-1-23.jpg"}, {"Unnamed: 0": 1692, "CandidateId": "1c8f9aa8-1a30-4c53-be69-73584819ee5b", "CandidateNo": 24, "FirstName": "สุรัตนา", "LastName": "คำหนู", "PartyName": "พลังครูไทย", "PartyNumber": 210, "Title": "นางสาว", "Votable": true, "province_id": 66, "province_name": "พิจิตร", "zone_number": 1, "PartyTerminated": false, "Age": 27, "Occupation": "พนักงานบริษัท พี.ซี.เลิร์นนิ่ง เซ็นเตอร์จำกัด", "HighestEducation": "ปริญญาตรี", "ImageFileId": "5c5bda51fbcb5f16fc670a2b", "SelfIntroduceFileId": "5c5bdb90fbcb5f16fc67166c", "PartyLogo": "https://storage.googleapis.com/candidate-thumbs/party/210.png", "CandididatePhoto": "https://storage.googleapis.com/candidate-thumbs/images/66-1-24.jpg"}, {"Unnamed: 0": 1693, "CandidateId": "8a697d1a-5c1f-4f0f-af2c-f193a770ca33", "CandidateNo": 25, "FirstName": "เชาวลิต", "LastName": "ประการเพชร", "PartyName": "เพื่อสหกรณ์ไทย", "PartyNumber": 167, "Title": "นาย", "Votable": true, "province_id": 66, "province_name": "พิจิตร", "zone_number": 1, "PartyTerminated": false, "Age": 34, "Occupation": "รับจ้าง", "HighestEducation": "ปริญญาตรี", "ImageFileId": "5c5bdeb0fbcb5f16fc673155", "SelfIntroduceFileId": "5c5bdff8fbcb5f16fc673bea", "PartyLogo": "https://storage.googleapis.com/candidate-thumbs/party/167.png", "CandididatePhoto": "https://storage.googleapis.com/candidate-thumbs/images/66-1-25.jpg"}, {"Unnamed: 0": 1694, "CandidateId": "836b8cea-06ce-4588-932d-4cdca045062f", "CandidateNo": 26, "FirstName": "กอบกุล", "LastName": "ภักดีโต", "PartyName": "ฐานรากไทย", "PartyNumber": 208, "Title": "นางสาว", "Votable": true, "province_id": 66, "province_name": "พิจิตร", "zone_number": 1, "PartyTerminated": false, "Age": 51, "Occupation": "รับจ้าง", "HighestEducation": "ต่ำกว่าปริญญาตรี", "ImageFileId": "5c5d312cfbcb5f0fd885cb28", "SelfIntroduceFileId": "5c5d3213fbcb5f0fd885d41d", "PartyLogo": "https://storage.googleapis.com/candidate-thumbs/party/208.png", "CandididatePhoto": "https://storage.googleapis.com/candidate-thumbs/images/66-1-26.jpg"}, {"Unnamed: 0": 1695, "CandidateId": "dfe49261-f9e8-454d-890d-0e4f03a1e9d8", "CandidateNo": 27, "FirstName": "ทองคำ", "LastName": "วงสุวรรณ์", "PartyName": "ไทรักธรรม", "PartyNumber": 144, "Title": "นาง", "Votable": true, "province_id": 66, "province_name": "พิจิตร", "zone_number": 1, "PartyTerminated": false, "Age": 66, "Occupation": "ค้าขาย", "HighestEducation": "ต่ำกว่าปริญญาตรี", "ImageFileId": "5c5d50befbcb5f0fd887050c", "SelfIntroduceFileId": "5c5d542dfbcb5f0fd8872c09", "PartyLogo": "https://storage.googleapis.com/candidate-thumbs/party/144.png", "CandididatePhoto": "https://storage.googleapis.com/candidate-thumbs/images/66-1-27.jpg"}, {"Unnamed: 0": 1696, "CandidateId": "22b857ef-eff6-41fd-beb6-bcea92adc076", "CandidateNo": 28, "FirstName": "วรรณา", "LastName": "ผลาผล", "PartyName": "พลังประชาธิปไตย", "PartyNumber": 153, "Title": "นาง", "Votable": true, "province_id": 66, "province_name": "พิจิตร", "zone_number": 1, "PartyTerminated": false, "Age": 61, "Occupation": "ข้าราชการบำนาญ", "HighestEducation": "ปริญญาตรี", "ImageFileId": "5c5d5480fbcb5f0fd8872eda", "SelfIntroduceFileId": "5c5d55ddfbcb5f0fd88746b1", "PartyLogo": "https://storage.googleapis.com/candidate-thumbs/party/153.png", "CandididatePhoto": "https://storage.googleapis.com/candidate-thumbs/images/66-1-28.jpg"}]