[{"Unnamed: 0": 4342, "CandidateId": "808be4f8-3544-46b5-ae2c-3aef55967cca", "CandidateNo": 1, "FirstName": "ชัยพร", "LastName": "คุ้มสุพรรณ", "PartyName": "ประชาภิวัฒน์", "PartyNumber": 172, "Title": "พ.ท.", "Votable": true, "province_id": 65, "province_name": "พิษณุโลก", "zone_number": 2, "PartyTerminated": false, "Age": 69, "Occupation": "ข้าราชการทหาร (บำนาญ)", "HighestEducation": "ปริญญาตรี", "ImageFileId": "5c57d3d6fbcb5f1eec0ddb8b", "SelfIntroduceFileId": "5c57e8bbfbcb5f1eec0e645c", "PartyLogo": "https://storage.googleapis.com/candidate-thumbs/party/172.png", "CandididatePhoto": "https://storage.googleapis.com/candidate-thumbs/images/65-2-1.jpg"}, {"Unnamed: 0": 4343, "CandidateId": "2dbd8ade-bc80-493b-a171-6335be6fbd6e", "CandidateNo": 2, "FirstName": "ธีระ", "LastName": "อ่ำพูล", "PartyName": "ประชาธิปัตย์", "PartyNumber": 1, "Title": "นาย", "Votable": true, "province_id": 65, "province_name": "พิษณุโลก", "zone_number": 2, "PartyTerminated": false, "Age": 65, "Occupation": "รับราชการครู", "HighestEducation": "ปริญญาโท", "ImageFileId": "5c57d450fbcb5f1eec0dde43", "SelfIntroduceFileId": "5c57ede1fbcb5f1eec0e8d19", "PartyLogo": "https://storage.googleapis.com/candidate-thumbs/party/1.png", "CandididatePhoto": "https://storage.googleapis.com/candidate-thumbs/images/65-2-2.jpg"}, {"Unnamed: 0": 4344, "CandidateId": "672f02cb-3bd1-4fda-949d-9f8166dc1962", "CandidateNo": 3, "FirstName": "ณรงค์", "LastName": "ยาวขันแก้ว", "PartyName": "อนาคตใหม่", "PartyNumber": 177, "Title": "ร.ต.", "Votable": true, "province_id": 65, "province_name": "พิษณุโลก", "zone_number": 2, "PartyTerminated": false, "Age": 64, "Occupation": "ปวช.", "HighestEducation": "ต่ำกว่าปริญญาตรี", "ImageFileId": "5c57d505fbcb5f1eec0de2f8", "SelfIntroduceFileId": "5c57f414fbcb5f1eec0ec94c", "PartyLogo": "https://storage.googleapis.com/candidate-thumbs/party/177.png", "CandididatePhoto": "https://storage.googleapis.com/candidate-thumbs/images/65-2-3.jpg"}, {"Unnamed: 0": 4345, "CandidateId": "a64f46dd-edd2-44f5-9c17-ed282d0dec32", "CandidateNo": 4, "FirstName": "นคเรศ", "LastName": "ฤทธิรอน", "PartyName": "เสรีรวมไทย", "PartyNumber": 145, "Title": "นาย", "Votable": true, "province_id": 65, "province_name": "พิษณุโลก", "zone_number": 2, "PartyTerminated": false, "Age": 41, "Occupation": "ผู้ใหญ่บ้าน", "HighestEducation": "ปริญญาตรี", "ImageFileId": "5c57d593fbcb5f1eec0de4d4", "SelfIntroduceFileId": "5c580257fbcb5f1eec0f7fba", "PartyLogo": "https://storage.googleapis.com/candidate-thumbs/party/145.png", "CandididatePhoto": "https://storage.googleapis.com/candidate-thumbs/images/65-2-4.jpg"}, {"Unnamed: 0": 4346, "CandidateId": "c08ac0fa-9728-42e3-8364-03508061850d", "CandidateNo": 5, "FirstName": "พัฒณปกรณ์", "LastName": "ดอนตุ้มไพร", "PartyName": "พลังประชารัฐ", "PartyNumber": 192, "Title": "จ.ส.อ.", "Votable": true, "province_id": 65, "province_name": "พิษณุโลก", "zone_number": 2, "PartyTerminated": false, "Age": 44, "Occupation": "ข้าราชการบำนาญ", "HighestEducation": "ปริญญาโท", "ImageFileId": "5c57d835fbcb5f1eec0defbc", "SelfIntroduceFileId": "5c58045ffbcb5f1eec0f9c70", "PartyLogo": "https://storage.googleapis.com/candidate-thumbs/party/192.png", "CandididatePhoto": "https://storage.googleapis.com/candidate-thumbs/images/65-2-5.jpg"}, {"Unnamed: 0": 4347, "CandidateId": "95a74ee5-8b96-4b9d-b430-766bbd6ff92c", "CandidateNo": 6, "FirstName": "ศุภชัย", "LastName": "ศรีภิรมย์", "PartyName": "พลังท้องถิ่นไท", "PartyNumber": 124, "Title": "ร.ต.ต.", "Votable": true, "province_id": 65, "province_name": "พิษณุโลก", "zone_number": 2, "PartyTerminated": false, "Age": 72, "Occupation": "มัธยมศึกษาปีที่ 3", "HighestEducation": "ต่ำกว่าปริญญาตรี", "ImageFileId": "5c57d9e2fbcb5f1eec0df998", "SelfIntroduceFileId": "5c58e2e0fbcb5f1d8812dca4", "PartyLogo": "https://storage.googleapis.com/candidate-thumbs/party/124.png", "CandididatePhoto": "https://storage.googleapis.com/candidate-thumbs/images/65-2-6.jpg"}, {"Unnamed: 0": 4348, "CandidateId": "b3c60dd6-491a-4e7e-a6a8-ca40b62da77c", "CandidateNo": 7, "FirstName": "ทวี", "LastName": "ทองถัน", "PartyName": "รวมพลังประชาชาติไทย", "PartyNumber": 181, "Title": "นาย", "Votable": true, "province_id": 65, "province_name": "พิษณุโลก", "zone_number": 2, "PartyTerminated": false, "Age": 76, "Occupation": "ค้าขาย", "HighestEducation": "ต่ำกว่าปริญญาตรี", "ImageFileId": "5c57da31fbcb5f1eec0dfa59", "SelfIntroduceFileId": "5c58e6effbcb5f1d8812ea20", "PartyLogo": "https://storage.googleapis.com/candidate-thumbs/party/181.png", "CandididatePhoto": "https://storage.googleapis.com/candidate-thumbs/images/65-2-7.jpg"}, {"Unnamed: 0": 4349, "CandidateId": "43bfa3e2-be10-42e1-a0d4-fc105175e9cd", "CandidateNo": 8, "FirstName": "ภิญโญ", "LastName": "จันทร์ศุภวิบูลย์", "PartyName": "ประชานิยม", "PartyNumber": 191, "Title": "ร.ต.", "Votable": true, "province_id": 65, "province_name": "พิษณุโลก", "zone_number": 2, "PartyTerminated": false, "Age": 57, "Occupation": "ข้าราชการกองบิน 46", "HighestEducation": "ต่ำกว่าปริญญาตรี", "ImageFileId": "5c57da7cfbcb5f1eec0dfb75", "SelfIntroduceFileId": "5c58e8f2fbcb5f1d8812f309", "PartyLogo": "https://storage.googleapis.com/candidate-thumbs/party/191.png", "CandididatePhoto": "https://storage.googleapis.com/candidate-thumbs/images/65-2-8.jpg"}, {"Unnamed: 0": 4350, "CandidateId": "1d09ed1d-ff2a-4d57-8a3e-1f02244de450", "CandidateNo": 9, "FirstName": "ธวัชชัย", "LastName": "กันนะพันธุ์", "PartyName": "ชาติพัฒนา", "PartyNumber": 45, "Title": "นาย", "Votable": true, "province_id": 65, "province_name": "พิษณุโลก", "zone_number": 2, "PartyTerminated": false, "Age": 57, "Occupation": "ธุรกิจส่วนตัว", "HighestEducation": "ปริญญาโท", "ImageFileId": "5c57dadbfbcb5f1eec0dfde9", "SelfIntroduceFileId": "5c58ea3dfbcb5f1d8812f95d", "PartyLogo": "https://storage.googleapis.com/candidate-thumbs/party/45.png", "CandididatePhoto": "https://storage.googleapis.com/candidate-thumbs/images/65-2-9.jpg"}, {"Unnamed: 0": 4351, "CandidateId": "ad083b16-b04c-4fe4-a838-cc940355f97c", "CandidateNo": 10, "FirstName": "กริษณ์", "LastName": "ชุนนะวรรณ์", "PartyName": "ครูไทยเพื่อประชาชน", "PartyNumber": 118, "Title": "นาย", "Votable": true, "province_id": 65, "province_name": "พิษณุโลก", "zone_number": 2, "PartyTerminated": false, "Age": 71, "Occupation": "รับราชการครู", "HighestEducation": "ปริญญาโท", "ImageFileId": "5c57db69fbcb5f1eec0e009a", "SelfIntroduceFileId": "5c58ebc6fbcb5f1d881300bc", "PartyLogo": "https://storage.googleapis.com/candidate-thumbs/party/118.png", "CandididatePhoto": "https://storage.googleapis.com/candidate-thumbs/images/65-2-10.jpg"}, {"Unnamed: 0": 4352, "CandidateId": "7d13f55f-1093-4252-9f5b-918abe3b8381", "CandidateNo": 11, "FirstName": "เชิดศักดิ์", "LastName": "พูลเผ่าดำรงค์", "PartyName": "ภูมิใจไทย", "PartyNumber": 63, "Title": "พ.ต.อ.", "Votable": true, "province_id": 65, "province_name": "พิษณุโลก", "zone_number": 2, "PartyTerminated": false, "Age": 63, "Occupation": "รับราชการตำรวจ", "HighestEducation": "ปริญญาโท", "ImageFileId": "5c57dbcbfbcb5f1eec0e0285", "SelfIntroduceFileId": "5c58eefbfbcb5f1d8813150d", "PartyLogo": "https://storage.googleapis.com/candidate-thumbs/party/63.png", "CandididatePhoto": "https://storage.googleapis.com/candidate-thumbs/images/65-2-11.jpg"}, {"Unnamed: 0": 4353, "CandidateId": "5fc7b4e4-4343-429e-b9ad-5e03166a83d8", "CandidateNo": 12, "FirstName": "ประชุม", "LastName": "ปิ่นสกุล", "PartyName": "ประชาธิปไตยใหม่", "PartyNumber": 109, "Title": "นาย", "Votable": true, "province_id": 65, "province_name": "พิษณุโลก", "zone_number": 2, "PartyTerminated": false, "Age": 61, "Occupation": "รับราชการครู", "HighestEducation": "ปริญญาเอก", "ImageFileId": "5c57dc6bfbcb5f1eec0e066c", "SelfIntroduceFileId": "5c58f212fbcb5f1d8813313e", "PartyLogo": "https://storage.googleapis.com/candidate-thumbs/party/109.png", "CandididatePhoto": "https://storage.googleapis.com/candidate-thumbs/images/65-2-12.jpg"}, {"Unnamed: 0": 4354, "CandidateId": "60af14aa-e26c-410f-8cdd-f91c9fcefe15", "CandidateNo": 13, "FirstName": "ทวีเดช", "LastName": "กลิ่นกระโทก", "PartyName": "ประชาชนปฏิรูป", "PartyNumber": 176, "Title": "นาย", "Votable": true, "province_id": 65, "province_name": "พิษณุโลก", "zone_number": 2, "PartyTerminated": false, "Age": 40, "Occupation": "อิสระ(ก่อสร้าง)", "HighestEducation": "ต่ำกว่าปริญญาตรี", "ImageFileId": "5c57dd0efbcb5f1eec0e0ac3", "SelfIntroduceFileId": "5c58f684fbcb5f1d88135cdd", "PartyLogo": "https://storage.googleapis.com/candidate-thumbs/party/176.png", "CandididatePhoto": "https://storage.googleapis.com/candidate-thumbs/images/65-2-13.jpg"}, {"Unnamed: 0": 4355, "CandidateId": "2a0e02bf-a6e2-40db-8720-5118febd37c6", "CandidateNo": 14, "FirstName": "นพพล", "LastName": "เหลืองทองนารา", "PartyName": "เพื่อไทย", "PartyNumber": 34, "Title": "นาย", "Votable": true, "province_id": 65, "province_name": "พิษณุโลก", "zone_number": 2, "PartyTerminated": false, "Age": 46, "Occupation": "นักการเมือง", "HighestEducation": "ปริญญาโท", "ImageFileId": "5c57ddc2fbcb5f1eec0e0f22", "SelfIntroduceFileId": "5c58f837fbcb5f1d8813704a", "PartyLogo": "https://storage.googleapis.com/candidate-thumbs/party/34.png", "CandididatePhoto": "https://storage.googleapis.com/candidate-thumbs/images/65-2-14.jpg"}, {"Unnamed: 0": 4356, "CandidateId": "7a55aa2a-d71b-4029-9173-7a9e1195ec96", "CandidateNo": 15, "FirstName": "ยอด", "LastName": "นาคหวัง", "PartyName": "เพื่อชาติ", "PartyNumber": 149, "Title": "นาย", "Votable": true, "province_id": 65, "province_name": "พิษณุโลก", "zone_number": 2, "PartyTerminated": false, "Age": 59, "Occupation": "ทนายความ", "HighestEducation": "ปริญญาตรี", "ImageFileId": "5c57de21fbcb5f1eec0e13b5", "SelfIntroduceFileId": "5c58fa78fbcb5f1d88138858", "PartyLogo": "https://storage.googleapis.com/candidate-thumbs/party/149.png", "CandididatePhoto": "https://storage.googleapis.com/candidate-thumbs/images/65-2-15.jpg"}, {"Unnamed: 0": 4357, "CandidateId": "42205e17-d393-4f98-bb44-bf7ff8a801cd", "CandidateNo": 16, "FirstName": "เดช", "LastName": "นุชเขียว", "PartyName": "รักษ์ผืนป่าประเทศไทย", "PartyNumber": 133, "Title": "นาย", "Votable": true, "province_id": 65, "province_name": "พิษณุโลก", "zone_number": 2, "PartyTerminated": false, "Age": 66, "Occupation": "เกษตรกร", "HighestEducation": "ต่ำกว่าปริญญาตรี", "ImageFileId": "5c57df09fbcb5f1eec0e18cb", "SelfIntroduceFileId": "5c58fc39fbcb5f1d881399f0", "PartyLogo": "https://storage.googleapis.com/candidate-thumbs/party/133.png", "CandididatePhoto": "https://storage.googleapis.com/candidate-thumbs/images/65-2-16.jpg"}, {"Unnamed: 0": 4358, "CandidateId": "f0b31466-6f68-4abe-81d1-b8c0a2c32eb8", "CandidateNo": 17, "FirstName": "หลี", "LastName": "แสนประสิทธิ์", "PartyName": "เพื่อแผ่นดิน", "PartyNumber": 41, "Title": "นาย", "Votable": true, "province_id": 65, "province_name": "พิษณุโลก", "zone_number": 2, "PartyTerminated": false, "Age": 78, "Occupation": "เกษตรกร", "HighestEducation": "ต่ำกว่าปริญญาตรี", "ImageFileId": "5c57fbebfbcb5f1eec0f23a4", "SelfIntroduceFileId": "5c58fe00fbcb5f1d8813a9c1", "PartyLogo": "https://storage.googleapis.com/candidate-thumbs/party/41.png", "CandididatePhoto": "https://storage.googleapis.com/candidate-thumbs/images/65-2-17.jpg"}, {"Unnamed: 0": 4359, "CandidateId": "3689c5f5-99d8-4480-9405-7b5660937b31", "CandidateNo": 18, "FirstName": "วีระ", "LastName": "สุวรรณภูมิ", "PartyName": "ชาติไทยพัฒนา", "PartyNumber": 55, "Title": "นาย", "Votable": true, "province_id": 65, "province_name": "พิษณุโลก", "zone_number": 2, "PartyTerminated": false, "Age": 58, "Occupation": "พนักงานธนาคารเพื่อการเกษตรและสหกรณ์การเกษตร", "HighestEducation": "ปริญญาตรี", "ImageFileId": "5c57fcd1fbcb5f1eec0f3017", "SelfIntroduceFileId": "5c590034fbcb5f1d8813c5bd", "PartyLogo": "https://storage.googleapis.com/candidate-thumbs/party/55.png", "CandididatePhoto": "https://storage.googleapis.com/candidate-thumbs/images/65-2-18.jpg"}, {"Unnamed: 0": 4360, "CandidateId": "98e19a4f-d24a-4954-9a04-2c587bb82128", "CandidateNo": 19, "FirstName": "สมาน", "LastName": "อินเปล่ง", "PartyName": "ไทยศรีวิไลย์", "PartyNumber": 180, "Title": "นาย", "Votable": true, "province_id": 65, "province_name": "พิษณุโลก", "zone_number": 2, "PartyTerminated": false, "Age": 64, "Occupation": "ช่างซ่อมเครื่องใช้ไฟฟ้า", "HighestEducation": "ต่ำกว่าปริญญาตรี", "ImageFileId": "5c590121fbcb5f1d8813d0e8", "SelfIntroduceFileId": "5c590371fbcb5f1d8813eec3", "PartyLogo": "https://storage.googleapis.com/candidate-thumbs/party/180.png", "CandididatePhoto": "https://storage.googleapis.com/candidate-thumbs/images/65-2-19.jpg"}, {"Unnamed: 0": 4361, "CandidateId": "1e904f9a-0e8b-437a-bf85-dcdbbd4f1f27", "CandidateNo": 20, "FirstName": "ธีรณัฐภาดา", "LastName": "จันทะคุณ", "PartyName": "พลังชาติไทย", "PartyNumber": 186, "Title": "นางสาว", "Votable": true, "province_id": 65, "province_name": "พิษณุโลก", "zone_number": 2, "PartyTerminated": false, "Age": 31, "Occupation": "รับจ้างทั่วไป", "HighestEducation": "ปริญญาตรี", "ImageFileId": "5c5904ecfbcb5f1d8813fc44", "SelfIntroduceFileId": "5c5906fefbcb5f1d88141a7a", "PartyLogo": "https://storage.googleapis.com/candidate-thumbs/party/186.png", "CandididatePhoto": "https://storage.googleapis.com/candidate-thumbs/images/65-2-20.jpg"}, {"Unnamed: 0": 4362, "CandidateId": "3bcd238b-79b9-4fef-b357-cabddfcf9e3b", "CandidateNo": 21, "FirstName": "นัทธี", "LastName": "จันทร์ประเสริฐ", "PartyName": "ภราดรภาพ", "PartyNumber": 154, "Title": "นาย", "Votable": true, "province_id": 65, "province_name": "พิษณุโลก", "zone_number": 2, "PartyTerminated": false, "Age": 33, "Occupation": "ทนายความ", "HighestEducation": "ปริญญาโท", "ImageFileId": "5c5fb244fbcb5f23c8b79097", "SelfIntroduceFileId": "5c5932a1fbcb5f1d88162373", "PartyLogo": "https://storage.googleapis.com/candidate-thumbs/party/154.png", "CandididatePhoto": "https://storage.googleapis.com/candidate-thumbs/images/65-2-21.jpg"}, {"Unnamed: 0": 4363, "CandidateId": "1de149bb-cd20-43c4-b11d-4fd8487a8db0", "CandidateNo": 22, "FirstName": "คนองเดช", "LastName": "พงษ์ประเสริฐ", "PartyName": "เศรษฐกิจใหม่", "PartyNumber": 193, "Title": "น.อ.", "Votable": true, "province_id": 65, "province_name": "พิษณุโลก", "zone_number": 2, "PartyTerminated": false, "Age": 61, "Occupation": "รับราชการทหาร", "HighestEducation": "ปริญญาโท", "ImageFileId": "5c592d37fbcb5f1d8815d67f", "SelfIntroduceFileId": "5c5936d8fbcb5f1d88165b05", "PartyLogo": "https://storage.googleapis.com/candidate-thumbs/party/193.png", "CandididatePhoto": "https://storage.googleapis.com/candidate-thumbs/images/65-2-22.jpg"}, {"Unnamed: 0": 4364, "CandidateId": "040bec9a-667b-49b0-be6a-d84c157e4eef", "CandidateNo": 23, "FirstName": "นิกร", "LastName": "แก้วเกตุสี", "PartyName": "กรีน", "PartyNumber": 206, "Title": "นาย", "Votable": true, "province_id": 65, "province_name": "พิษณุโลก", "zone_number": 2, "PartyTerminated": false, "Age": 29, "Occupation": "เกษตรกร", "HighestEducation": "ปริญญาตรี", "ImageFileId": "5c593733fbcb5f1d88166147", "SelfIntroduceFileId": "5c5938a5fbcb5f1d8816785e", "PartyLogo": "https://storage.googleapis.com/candidate-thumbs/party/206.png", "CandididatePhoto": "https://storage.googleapis.com/candidate-thumbs/images/65-2-23.jpg"}, {"Unnamed: 0": 4365, "CandidateId": "c388e28c-9656-4871-9ab1-b71719f905fa", "CandidateNo": 24, "FirstName": "บรรเจิด", "LastName": "เมืองเขียว", "PartyName": "พลเมืองไทย", "PartyNumber": 173, "Title": "ร.ต.", "Votable": true, "province_id": 65, "province_name": "พิษณุโลก", "zone_number": 2, "PartyTerminated": false, "Age": 60, "Occupation": "ข้าราชการบำนาญ", "HighestEducation": "ปริญญาโท", "ImageFileId": "5c5a46b4fbcb5f19bca8d51b", "SelfIntroduceFileId": "5c5a4900fbcb5f19bca8e6d2", "PartyLogo": "https://storage.googleapis.com/candidate-thumbs/party/173.png", "CandididatePhoto": "https://storage.googleapis.com/candidate-thumbs/images/65-2-24.jpg"}, {"Unnamed: 0": 4366, "CandidateId": "b7588692-0d96-44f4-97bf-eee6917ed40e", "CandidateNo": 25, "FirstName": "ศตวรรษ", "LastName": "ปิ่นประดับ", "PartyName": "พลังประชาธิปไตย", "PartyNumber": 153, "Title": "นาย", "Votable": false, "province_id": 65, "province_name": "พิษณุโลก", "zone_number": 2, "PartyTerminated": false, "Age": 66, "Occupation": "ไม่ระบุ", "HighestEducation": "ต่ำกว่าปริญญาตรี", "ImageFileId": "5c5a629ffbcb5f19bca9c34c", "SelfIntroduceFileId": "5c5a66d9fbcb5f19bca9e485", "PartyLogo": "https://storage.googleapis.com/candidate-thumbs/party/153.png", "CandididatePhoto": "https://storage.googleapis.com/candidate-thumbs/images/65-2-25.jpg"}, {"Unnamed: 0": 4367, "CandidateId": "38291476-1dfc-4e4c-9935-3f738871c7f2", "CandidateNo": 26, "FirstName": "สมปอง", "LastName": "ทรัพย์เมือง", "PartyName": "พลังปวงชนไทย", "PartyNumber": 184, "Title": "นาย", "Votable": true, "province_id": 65, "province_name": "พิษณุโลก", "zone_number": 2, "PartyTerminated": false, "Age": 41, "Occupation": "ธุรกิจส่วนตัว", "HighestEducation": "ปริญญาตรี", "ImageFileId": "5c5a6390fbcb5f19bca9ca43", "SelfIntroduceFileId": "5c5a6876fbcb5f19bca9ec49", "PartyLogo": "https://storage.googleapis.com/candidate-thumbs/party/184.png", "CandididatePhoto": "https://storage.googleapis.com/candidate-thumbs/images/65-2-26.jpg"}, {"Unnamed: 0": 4368, "CandidateId": "a40c811a-a345-4d9c-ae11-b9a7b98386a3", "CandidateNo": 27, "FirstName": "จินตนา", "LastName": "เวียงสุข", "PartyName": "พลังครูไทย", "PartyNumber": 210, "Title": "นางสาว", "Votable": true, "province_id": 65, "province_name": "พิษณุโลก", "zone_number": 2, "PartyTerminated": false, "Age": 35, "Occupation": "ค้าขาย", "HighestEducation": "ปริญญาตรี", "ImageFileId": "5c5a7c25fbcb5f19bcaa4332", "SelfIntroduceFileId": "5c5a7fd8fbcb5f19bcaa634f", "PartyLogo": "https://storage.googleapis.com/candidate-thumbs/party/210.png", "CandididatePhoto": "https://storage.googleapis.com/candidate-thumbs/images/65-2-27.jpg"}, {"Unnamed: 0": 4369, "CandidateId": "6f331fde-032c-4e45-bd8e-91246f92a05e", "CandidateNo": 28, "FirstName": "ปภาวรินทร์", "LastName": "เปรมทอง", "PartyName": "พลังไทยรักไทย", "PartyNumber": 185, "Title": "นาง", "Votable": true, "province_id": 65, "province_name": "พิษณุโลก", "zone_number": 2, "PartyTerminated": false, "Age": 38, "Occupation": "เป็นแม่บ้าน", "HighestEducation": "ต่ำกว่าปริญญาตรี", "ImageFileId": "5c5aa70efbcb5f19bcab7131", "SelfIntroduceFileId": "5c5aa972fbcb5f19bcab7be1", "PartyLogo": "https://storage.googleapis.com/candidate-thumbs/party/185.png", "CandididatePhoto": "https://storage.googleapis.com/candidate-thumbs/images/65-2-28.jpg"}, {"Unnamed: 0": 4370, "CandidateId": "c0373623-16aa-4eed-bd88-1c404974c9a5", "CandidateNo": 29, "FirstName": "ยุวคนธ์", "LastName": "เพ็ชร์ภา", "PartyName": "แผ่นดินธรรม", "PartyNumber": 188, "Title": "พลตรี", "Votable": true, "province_id": 65, "province_name": "พิษณุโลก", "zone_number": 2, "PartyTerminated": false, "Age": 74, "Occupation": "ข้าราชการบำนาญกองทัพบก", "HighestEducation": "ปริญญาตรี", "ImageFileId": "5c5aab77fbcb5f19bcab7f8f", "SelfIntroduceFileId": "5c5aae7efbcb5f19bcab87e6", "PartyLogo": "https://storage.googleapis.com/candidate-thumbs/party/188.png", "CandididatePhoto": "https://storage.googleapis.com/candidate-thumbs/images/65-2-29.jpg"}, {"Unnamed: 0": 4371, "CandidateId": "65f5f940-9590-41c0-bf6e-ad0f58c686dd", "CandidateNo": 30, "FirstName": "วัชรินทร์", "LastName": "วันรักชาติ", "PartyName": "มหาชน", "PartyNumber": 4, "Title": "นาย", "Votable": true, "province_id": 65, "province_name": "พิษณุโลก", "zone_number": 2, "PartyTerminated": false, "Age": 45, "Occupation": "รับจ้างทั่วไป", "HighestEducation": "ต่ำกว่าปริญญาตรี", "ImageFileId": "5c5bf390fbcb5f16fc67e60d", "SelfIntroduceFileId": "5c5bf44dfbcb5f16fc67ead1", "PartyLogo": "https://storage.googleapis.com/candidate-thumbs/party/4.png", "CandididatePhoto": "https://storage.googleapis.com/candidate-thumbs/images/65-2-30.jpg"}, {"Unnamed: 0": 4372, "CandidateId": "0d0a75d0-b0eb-49cc-9889-eef58f8e28fc", "CandidateNo": 31, "FirstName": "นลพรรณ", "LastName": "สารีสุข", "PartyName": "พลังสังคม", "PartyNumber": 198, "Title": "นางสาว", "Votable": true, "province_id": 65, "province_name": "พิษณุโลก", "zone_number": 2, "PartyTerminated": false, "Age": 32, "Occupation": "วิศวกรโทรคมนาคม บริษัทเอกชน", "HighestEducation": "ปริญญาตรี", "ImageFileId": "5c5d0751fbcb5f0fd884c031", "SelfIntroduceFileId": "5c5d08eafbcb5f0fd884c96c", "PartyLogo": "https://storage.googleapis.com/candidate-thumbs/party/198.png", "CandididatePhoto": "https://storage.googleapis.com/candidate-thumbs/images/65-2-31.jpg"}, {"Unnamed: 0": 4373, "CandidateId": "09a7b530-6259-4b1b-92fd-8752730ef722", "CandidateNo": 32, "FirstName": "ธุวานัณท์", "LastName": "มีชม", "PartyName": "ประชาธรรมไทย", "PartyNumber": 190, "Title": "นาย", "Votable": true, "province_id": 65, "province_name": "พิษณุโลก", "zone_number": 2, "PartyTerminated": false, "Age": 34, "Occupation": "ค้าขาย", "HighestEducation": "ปริญญาตรี", "ImageFileId": "5c5d1e9ffbcb5f0fd8853491", "SelfIntroduceFileId": "5c5d2097fbcb5f0fd885459f", "PartyLogo": "https://storage.googleapis.com/candidate-thumbs/party/190.png", "CandididatePhoto": "https://storage.googleapis.com/candidate-thumbs/images/65-2-32.jpg"}, {"Unnamed: 0": 4374, "CandidateId": "2e1b14b4-1dc6-41ca-aee6-18420083f98c", "CandidateNo": 33, "FirstName": "ภิญญลักษณ์", "LastName": "มั่นคง", "PartyName": "แทนคุณแผ่นดิน", "PartyNumber": 53, "Title": "นาง", "Votable": true, "province_id": 65, "province_name": "พิษณุโลก", "zone_number": 2, "PartyTerminated": false, "Age": 52, "Occupation": "ผู้บริหารศูนย์การขายบริษัทไทยประกันชีวิตจำกัด(มหาชน)", "HighestEducation": "ปริญญาตรี", "ImageFileId": "5c5d2e28fbcb5f0fd885b3f8", "SelfIntroduceFileId": "5c5d2ee7fbcb5f0fd885b96d", "PartyLogo": "https://storage.googleapis.com/candidate-thumbs/party/53.png", "CandididatePhoto": "https://storage.googleapis.com/candidate-thumbs/images/65-2-33.jpg"}, {"Unnamed: 0": 4375, "CandidateId": "49dc109d-4946-44d1-af98-1be5834e95d4", "CandidateNo": 34, "FirstName": "สุชาติ", "LastName": "อินทับทิม", "PartyName": "ไทรักธรรม", "PartyNumber": 144, "Title": "พ.อ.อ.", "Votable": true, "province_id": 65, "province_name": "พิษณุโลก", "zone_number": 2, "PartyTerminated": false, "Age": 70, "Occupation": "ข้าราชการบำนาญ", "HighestEducation": "ต่ำกว่าปริญญาตรี", "ImageFileId": "5c5d44a6fbcb5f0fd8868110", "SelfIntroduceFileId": "5c5d45d5fbcb5f0fd8868b5d", "PartyLogo": "https://storage.googleapis.com/candidate-thumbs/party/144.png", "CandididatePhoto": "https://storage.googleapis.com/candidate-thumbs/images/65-2-34.jpg"}]