[{"Unnamed: 0": 1633, "CandidateId": "09c82fa5-12a7-4fbe-9cb1-ed6279b7ee53", "CandidateNo": 1, "FirstName": "กัลญา", "LastName": "วรกาญจนานนท์", "PartyName": "ประชาภิวัฒน์", "PartyNumber": 172, "Title": "นางสาว", "Votable": true, "province_id": 93, "province_name": "พัทลุง", "zone_number": 3, "PartyTerminated": false, "Age": 55, "Occupation": "พยาบาล", "HighestEducation": "ต่ำกว่าปริญญาตรี", "ImageFileId": "5c57e920fbcb5f1eec0e6800", "SelfIntroduceFileId": "5c57ed0efbcb5f1eec0e856d", "PartyLogo": "https://storage.googleapis.com/candidate-thumbs/party/172.png", "CandididatePhoto": "https://storage.googleapis.com/candidate-thumbs/images/93-3-1.jpg"}, {"Unnamed: 0": 1634, "CandidateId": "c3dcadd2-1009-4d2e-87d8-b20bfbf8f141", "CandidateNo": 2, "FirstName": "วีระ", "LastName": "ไชยสินโณ", "PartyName": "คลองไทย", "PartyNumber": 189, "Title": "นาย", "Votable": true, "province_id": 93, "province_name": "พัทลุง", "zone_number": 3, "PartyTerminated": false, "Age": 68, "Occupation": " ธุรกิจส่วนตัว", "HighestEducation": "ปริญญาโท", "ImageFileId": "5c57f2b7fbcb5f1eec0ebbb0", "SelfIntroduceFileId": "5c57f5acfbcb5f1eec0edae7", "PartyLogo": "https://storage.googleapis.com/candidate-thumbs/party/189.png", "CandididatePhoto": "https://storage.googleapis.com/candidate-thumbs/images/93-3-2.jpg"}, {"Unnamed: 0": 1635, "CandidateId": "5eb1d30f-8a61-491b-9a02-d0c5682a6575", "CandidateNo": 3, "FirstName": "นริศ", "LastName": "ขำนุรักษ์", "PartyName": "ประชาธิปัตย์", "PartyNumber": 1, "Title": "นาย", "Votable": true, "province_id": 93, "province_name": "พัทลุง", "zone_number": 3, "PartyTerminated": false, "Age": 58, "Occupation": "นักการเมือง", "HighestEducation": "ปริญญาโท", "ImageFileId": "5c58057bfbcb5f1eec0facd5", "SelfIntroduceFileId": "5c5901b4fbcb5f1d8813d883", "PartyLogo": "https://storage.googleapis.com/candidate-thumbs/party/1.png", "CandididatePhoto": "https://storage.googleapis.com/candidate-thumbs/images/93-3-3.jpg"}, {"Unnamed: 0": 1636, "CandidateId": "d7abddc9-82e8-4d27-8555-fc9ddb35de60", "CandidateNo": 4, "FirstName": "ชมพล", "LastName": "ขุนอักษร", "PartyName": "ไทยรักษาชาติ", "PartyNumber": 77, "Title": "พ.ต.อ.", "Votable": true, "province_id": 93, "province_name": "พัทลุง", "zone_number": 3, "PartyTerminated": true, "Age": 62, "Occupation": "รับราชการตำแหน่งผู้บังคับการ สภอ.ป่าพะยอม", "HighestEducation": "ปริญญาตรี", "ImageFileId": "5c5807b0fbcb5f1eec0fcb76", "SelfIntroduceFileId": "5c590bbffbcb5f1d88145b2c", "PartyLogo": "https://storage.googleapis.com/candidate-thumbs/party/77.png", "CandididatePhoto": "https://storage.googleapis.com/candidate-thumbs/images/93-3-4.jpg"}, {"Unnamed: 0": 1637, "CandidateId": "0912f513-49d5-43b4-9881-a6bdaf50d7c0", "CandidateNo": 5, "FirstName": "ก้าน", "LastName": "แก้วพูล", "PartyName": "ชาติพัฒนา", "PartyNumber": 45, "Title": "นาย", "Votable": true, "province_id": 93, "province_name": "พัทลุง", "zone_number": 3, "PartyTerminated": false, "Age": 72, "Occupation": "ผู้รับบำนาญ", "HighestEducation": "ปริญญาตรี", "ImageFileId": "5c580902fbcb5f1eec0fdba2", "SelfIntroduceFileId": "5c590dd2fbcb5f1d88147a80", "PartyLogo": "https://storage.googleapis.com/candidate-thumbs/party/45.png", "CandididatePhoto": "https://storage.googleapis.com/candidate-thumbs/images/93-3-5.jpg"}, {"Unnamed: 0": 1638, "CandidateId": "6e8668e8-a920-4945-9f39-4630383a7a26", "CandidateNo": 6, "FirstName": "สุพัฒน์", "LastName": "ยาชะรัด", "PartyName": "ทางเลือกใหม่", "PartyNumber": 170, "Title": "นาย", "Votable": true, "province_id": 93, "province_name": "พัทลุง", "zone_number": 3, "PartyTerminated": false, "Age": 43, "Occupation": "ทำสวน", "HighestEducation": "ต่ำกว่าปริญญาตรี", "ImageFileId": "5c5809defbcb5f1eec0fe3c2", "SelfIntroduceFileId": "5c59104cfbcb5f1d88149dfb", "PartyLogo": "https://storage.googleapis.com/candidate-thumbs/party/170.png", "CandididatePhoto": "https://storage.googleapis.com/candidate-thumbs/images/93-3-6.jpg"}, {"Unnamed: 0": 1639, "CandidateId": "cc988966-429c-450f-987d-180f1a9a1509", "CandidateNo": 7, "FirstName": "จำลอง", "LastName": "สิริภูวดล", "PartyName": "รวมพลังประชาชาติไทย", "PartyNumber": 181, "Title": "พ.ต.อ.", "Votable": true, "province_id": 93, "province_name": "พัทลุง", "zone_number": 3, "PartyTerminated": false, "Age": 72, "Occupation": "ข้าราชการตำรวจ", "HighestEducation": "ปริญญาโท", "ImageFileId": "5c580a99fbcb5f1eec0fed82", "SelfIntroduceFileId": "5c5912b3fbcb5f1d8814be53", "PartyLogo": "https://storage.googleapis.com/candidate-thumbs/party/181.png", "CandididatePhoto": "https://storage.googleapis.com/candidate-thumbs/images/93-3-7.jpg"}, {"Unnamed: 0": 1640, "CandidateId": "5b6fbb0a-67f4-4a3b-8721-15cf6c27ff6c", "CandidateNo": 8, "FirstName": "ประสิทธิ์", "LastName": "ฝ้ายเส็ม", "PartyName": "ประชาชาติ", "PartyNumber": 187, "Title": "นาย", "Votable": true, "province_id": 93, "province_name": "พัทลุง", "zone_number": 3, "PartyTerminated": false, "Age": 43, "Occupation": "รับราชการ", "HighestEducation": "ปริญญาโท", "ImageFileId": "5c580c16fbcb5f1eec0fff9f", "SelfIntroduceFileId": "5c5917e2fbcb5f1d8814f5f3", "PartyLogo": "https://storage.googleapis.com/candidate-thumbs/party/187.png", "CandididatePhoto": "https://storage.googleapis.com/candidate-thumbs/images/93-3-8.jpg"}, {"Unnamed: 0": 1641, "CandidateId": "b4ab6127-b551-4de5-81b2-3a4d8798d248", "CandidateNo": 9, "FirstName": "อำนาจมั่นคง", "LastName": "มูสิกะสงค์", "PartyName": "เพื่อชาติ", "PartyNumber": 149, "Title": "นาย", "Votable": true, "province_id": 93, "province_name": "พัทลุง", "zone_number": 3, "PartyTerminated": false, "Age": 56, "Occupation": "ธุรกิจส่วนตัว", "HighestEducation": "ต่ำกว่าปริญญาตรี", "ImageFileId": "5c580d66fbcb5f1eec100e09", "SelfIntroduceFileId": "5c5921fefbcb5f1d88154585", "PartyLogo": "https://storage.googleapis.com/candidate-thumbs/party/149.png", "CandididatePhoto": "https://storage.googleapis.com/candidate-thumbs/images/93-3-9.jpg"}, {"Unnamed: 0": 1642, "CandidateId": "84981772-0f3a-4362-9d3a-764de15e1d80", "CandidateNo": 10, "FirstName": "ทนง", "LastName": "เรืองแก้ว", "PartyName": "พลังท้องถิ่นไท", "PartyNumber": 124, "Title": "นาย", "Votable": true, "province_id": 93, "province_name": "พัทลุง", "zone_number": 3, "PartyTerminated": false, "Age": 53, "Occupation": "ผู้จัดการเขต 14 จังหวัดภาคใต้ เทสโก้โลตัส", "HighestEducation": "ปริญญาโท", "ImageFileId": "5c580ddbfbcb5f1eec101395", "SelfIntroduceFileId": "5c5927e9fbcb5f1d88158658", "PartyLogo": "https://storage.googleapis.com/candidate-thumbs/party/124.png", "CandididatePhoto": "https://storage.googleapis.com/candidate-thumbs/images/93-3-10.jpg"}, {"Unnamed: 0": 1643, "CandidateId": "5f08d0d9-df62-436b-a179-23e3ad73053a", "CandidateNo": 11, "FirstName": "ประเจียด", "LastName": "อักษรธรรมกุล", "PartyName": "เสรีรวมไทย", "PartyNumber": 145, "Title": "นาย", "Votable": true, "province_id": 93, "province_name": "พัทลุง", "zone_number": 3, "PartyTerminated": false, "Age": 62, "Occupation": "ข้าราชการ", "HighestEducation": "ปริญญาเอก", "ImageFileId": "5c581178fbcb5f1eec103a55", "SelfIntroduceFileId": "5c592d32fbcb5f1d8815d614", "PartyLogo": "https://storage.googleapis.com/candidate-thumbs/party/145.png", "CandididatePhoto": "https://storage.googleapis.com/candidate-thumbs/images/93-3-11.jpg"}, {"Unnamed: 0": 1644, "CandidateId": "77b0e0bb-2004-4178-8f25-9a14b50cf000", "CandidateNo": 12, "FirstName": "อนงค์", "LastName": "เชาวนะกิจ", "PartyName": "ชาติไทยพัฒนา", "PartyNumber": 55, "Title": "นาง", "Votable": true, "province_id": 93, "province_name": "พัทลุง", "zone_number": 3, "PartyTerminated": false, "Age": 63, "Occupation": "ข้าราชการครู ผู้อำนวยการสำนักงานเขตพื้นที่การศึกษาประถมศึกษาพัทลุง เขต2", "HighestEducation": "ปริญญาเอก", "ImageFileId": "5c592dd5fbcb5f1d8815e06a", "SelfIntroduceFileId": "5c593048fbcb5f1d8816025e", "PartyLogo": "https://storage.googleapis.com/candidate-thumbs/party/55.png", "CandididatePhoto": "https://storage.googleapis.com/candidate-thumbs/images/93-3-12.jpg"}, {"Unnamed: 0": 1645, "CandidateId": "6e986089-9788-4b6b-b50e-8721d9e94701", "CandidateNo": 13, "FirstName": "อุดมศักดิ์", "LastName": "สุวรรณธนะ", "PartyName": "อนาคตใหม่", "PartyNumber": 177, "Title": "นาย", "Votable": true, "province_id": 93, "province_name": "พัทลุง", "zone_number": 3, "PartyTerminated": false, "Age": 30, "Occupation": "ศิลปินหนังตะลุง", "HighestEducation": "ต่ำกว่าปริญญาตรี", "ImageFileId": "5c581408fbcb5f1eec1051f1", "SelfIntroduceFileId": "5c5931b6fbcb5f1d8816152c", "PartyLogo": "https://storage.googleapis.com/candidate-thumbs/party/177.png", "CandididatePhoto": "https://storage.googleapis.com/candidate-thumbs/images/93-3-13.jpg"}, {"Unnamed: 0": 1646, "CandidateId": "4bf27d32-1943-4d22-b6c3-7517bb83123f", "CandidateNo": 14, "FirstName": "เขมพล", "LastName": "อุ้ยตยะกุล", "PartyName": "ภูมิใจไทย", "PartyNumber": 63, "Title": "นาย", "Votable": true, "province_id": 93, "province_name": "พัทลุง", "zone_number": 3, "PartyTerminated": false, "Age": 43, "Occupation": "นักธุรกิจ", "HighestEducation": "ปริญญาโท", "ImageFileId": "5c5814bffbcb5f1eec105658", "SelfIntroduceFileId": "5c594426fbcb5f1d881712a6", "PartyLogo": "https://storage.googleapis.com/candidate-thumbs/party/63.png", "CandididatePhoto": "https://storage.googleapis.com/candidate-thumbs/images/93-3-14.jpg"}, {"Unnamed: 0": 1647, "CandidateId": "014d9e66-d8d9-4a94-a12b-333382b36204", "CandidateNo": 15, "FirstName": "ภคพล", "LastName": "แสงอุบล", "PartyName": "เพื่อธรรม", "PartyNumber": 98, "Title": "นาย", "Votable": true, "province_id": 93, "province_name": "พัทลุง", "zone_number": 3, "PartyTerminated": false, "Age": 63, "Occupation": "ข้าราชการบำนาญ กระทรวงศึกษาธิการ", "HighestEducation": "ปริญญาโท", "ImageFileId": "5c5816a0fbcb5f1eec106595", "SelfIntroduceFileId": "5c5947aefbcb5f1d88174754", "PartyLogo": "https://storage.googleapis.com/candidate-thumbs/party/98.png", "CandididatePhoto": "https://storage.googleapis.com/candidate-thumbs/images/93-3-15.jpg"}, {"Unnamed: 0": 1648, "CandidateId": "6cfdc41f-e505-43b7-8385-0f418bd607b1", "CandidateNo": 16, "FirstName": "สัญญพงศ์", "LastName": "ภู่ประดิษฐศิลป์", "PartyName": "พลเมืองไทย", "PartyNumber": 173, "Title": "นาย", "Votable": true, "province_id": 93, "province_name": "พัทลุง", "zone_number": 3, "PartyTerminated": false, "Age": 53, "Occupation": "นักการเมือง", "HighestEducation": "ปริญญาโท", "ImageFileId": "5c58175efbcb5f1eec106b7c", "SelfIntroduceFileId": "5c594b9afbcb5f1d8817795f", "PartyLogo": "https://storage.googleapis.com/candidate-thumbs/party/173.png", "CandididatePhoto": "https://storage.googleapis.com/candidate-thumbs/images/93-3-16.jpg"}, {"Unnamed: 0": 1649, "CandidateId": "e30ca2e5-d267-4873-9931-35a3061358e8", "CandidateNo": 17, "FirstName": "สุทัศย์", "LastName": "นวลพรหม", "PartyName": "พลังธรรมใหม่", "PartyNumber": 175, "Title": "นาย", "Votable": true, "province_id": 93, "province_name": "พัทลุง", "zone_number": 3, "PartyTerminated": false, "Age": 66, "Occupation": "เกษตรกร", "HighestEducation": "ต่ำกว่าปริญญาตรี", "ImageFileId": "5c5818cdfbcb5f1eec10765f", "SelfIntroduceFileId": "5c594d45fbcb5f1d881790e4", "PartyLogo": "https://storage.googleapis.com/candidate-thumbs/party/175.png", "CandididatePhoto": "https://storage.googleapis.com/candidate-thumbs/images/93-3-17.jpg"}, {"Unnamed: 0": 1650, "CandidateId": "f5ee70ef-1ce2-4771-ba4c-aef277a50f4d", "CandidateNo": 18, "FirstName": "วราภรณ์", "LastName": "แก้วจันทร์", "PartyName": "รักษ์ผืนป่าประเทศไทย", "PartyNumber": 133, "Title": "นาง", "Votable": true, "province_id": 93, "province_name": "พัทลุง", "zone_number": 3, "PartyTerminated": false, "Age": 41, "Occupation": "ทำสวน", "HighestEducation": "ปริญญาตรี", "ImageFileId": "5c5818a4fbcb5f1eec1075d5", "SelfIntroduceFileId": "5c5953d6fbcb5f1d8817daef", "PartyLogo": "https://storage.googleapis.com/candidate-thumbs/party/133.png", "CandididatePhoto": "https://storage.googleapis.com/candidate-thumbs/images/93-3-18.jpg"}, {"Unnamed: 0": 1651, "CandidateId": "76822864-9449-4395-8b5c-1e8457dccb38", "CandidateNo": 19, "FirstName": "ณฐภัทรพล", "LastName": "เอียดขาว", "PartyName": "ประชาธรรมไทย", "PartyNumber": 190, "Title": "นาย", "Votable": true, "province_id": 93, "province_name": "พัทลุง", "zone_number": 3, "PartyTerminated": false, "Age": 49, "Occupation": "เกษตรกร", "HighestEducation": "ปริญญาตรี", "ImageFileId": "5c58186afbcb5f1eec1073f9", "SelfIntroduceFileId": "5c5a5657fbcb5f19bca95d67", "PartyLogo": "https://storage.googleapis.com/candidate-thumbs/party/190.png", "CandididatePhoto": "https://storage.googleapis.com/candidate-thumbs/images/93-3-19.jpg"}, {"Unnamed: 0": 1652, "CandidateId": "51daa0b9-b20e-4605-b2de-819aaf2fe6d2", "CandidateNo": 20, "FirstName": "เพียร", "LastName": "สังข์แก้ว", "PartyName": "เพื่อแผ่นดิน", "PartyNumber": 41, "Title": "นาย", "Votable": true, "province_id": 93, "province_name": "พัทลุง", "zone_number": 3, "PartyTerminated": false, "Age": 51, "Occupation": "เกษตรกร", "HighestEducation": "ต่ำกว่าปริญญาตรี", "ImageFileId": "5c58188efbcb5f1eec10759a", "SelfIntroduceFileId": "5c5a4814fbcb5f19bca8df7a", "PartyLogo": "https://storage.googleapis.com/candidate-thumbs/party/41.png", "CandididatePhoto": "https://storage.googleapis.com/candidate-thumbs/images/93-3-20.jpg"}, {"Unnamed: 0": 1653, "CandidateId": "eec2bee6-257d-4f14-905d-97dd09cbc9cd", "CandidateNo": 21, "FirstName": "แก้วใจ", "LastName": "ขุนเดื่อ", "PartyName": "ประชาชนปฏิรูป", "PartyNumber": 176, "Title": "นางสาว", "Votable": true, "province_id": 93, "province_name": "พัทลุง", "zone_number": 3, "PartyTerminated": false, "Age": 44, "Occupation": "ทนายความ", "HighestEducation": "ปริญญาตรี", "ImageFileId": "5c59368dfbcb5f1d8816585d", "SelfIntroduceFileId": "5c5a4985fbcb5f19bca8eb4b", "PartyLogo": "https://storage.googleapis.com/candidate-thumbs/party/176.png", "CandididatePhoto": "https://storage.googleapis.com/candidate-thumbs/images/93-3-21.jpg"}, {"Unnamed: 0": 1654, "CandidateId": "0ecc26d9-a596-451b-928f-c95e733e6448", "CandidateNo": 22, "FirstName": "อรัญ", "LastName": "ดำแม็ง", "PartyName": "เศรษฐกิจใหม่", "PartyNumber": 193, "Title": "นาย", "Votable": true, "province_id": 93, "province_name": "พัทลุง", "zone_number": 3, "PartyTerminated": false, "Age": 46, "Occupation": "เกษตรกร", "HighestEducation": "ปริญญาตรี", "ImageFileId": "5c5937f1fbcb5f1d88166fd5", "SelfIntroduceFileId": "5c5a4bcffbcb5f19bca900e8", "PartyLogo": "https://storage.googleapis.com/candidate-thumbs/party/193.png", "CandididatePhoto": "https://storage.googleapis.com/candidate-thumbs/images/93-3-22.jpg"}, {"Unnamed: 0": 1655, "CandidateId": "a15016a6-60ce-447f-8375-c308c3e602c4", "CandidateNo": 23, "FirstName": "เส็น", "LastName": "เหมือนกู้", "PartyName": "ประชาไทย", "PartyNumber": 205, "Title": "ร้อยตำรวจโท", "Votable": true, "province_id": 93, "province_name": "พัทลุง", "zone_number": 3, "PartyTerminated": false, "Age": 61, "Occupation": "ข้าราชการตำรวจ", "HighestEducation": "ต่ำกว่าปริญญาตรี", "ImageFileId": "5c5938cffbcb5f1d88167b98", "SelfIntroduceFileId": "5c5a5093fbcb5f19bca92cc5", "PartyLogo": "https://storage.googleapis.com/candidate-thumbs/party/205.png", "CandididatePhoto": "https://storage.googleapis.com/candidate-thumbs/images/93-3-23.jpg"}, {"Unnamed: 0": 1656, "CandidateId": "5f1cab47-0fad-49a0-872a-0f77d35c57b0", "CandidateNo": 24, "FirstName": "ณรงค์", "LastName": "ศิริมุสิกะ", "PartyName": "พลังแรงงานไทย", "PartyNumber": 199, "Title": "นาย", "Votable": true, "province_id": 93, "province_name": "พัทลุง", "zone_number": 3, "PartyTerminated": false, "Age": 54, "Occupation": "เกษตรกร", "HighestEducation": "ต่ำกว่าปริญญาตรี", "ImageFileId": "5c593a69fbcb5f1d881691ad", "SelfIntroduceFileId": "5c5a52b5fbcb5f19bca93dd5", "PartyLogo": "https://storage.googleapis.com/candidate-thumbs/party/199.png", "CandididatePhoto": "https://storage.googleapis.com/candidate-thumbs/images/93-3-24.jpg"}, {"Unnamed: 0": 1657, "CandidateId": "6cda6e62-e4eb-4387-a6e9-f1fe0180ad14", "CandidateNo": 25, "FirstName": "ไพโรจน์", "LastName": "อ่อนหนู", "PartyName": "ประชานิยม", "PartyNumber": 191, "Title": "ร.ต.อ.", "Votable": true, "province_id": 93, "province_name": "พัทลุง", "zone_number": 3, "PartyTerminated": false, "Age": 60, "Occupation": "รับราชการตำรวจ", "HighestEducation": "ปริญญาตรี", "ImageFileId": "5c5a725ffbcb5f19bcaa0f78", "SelfIntroduceFileId": "5c5a747bfbcb5f19bcaa170a", "PartyLogo": "https://storage.googleapis.com/candidate-thumbs/party/191.png", "CandididatePhoto": "https://storage.googleapis.com/candidate-thumbs/images/93-3-25.jpg"}, {"Unnamed: 0": 1658, "CandidateId": "5fc23388-c987-46ba-a0a1-eb52e55eb2ce", "CandidateNo": 26, "FirstName": "วิรัช", "LastName": "ทองแก้ว", "PartyName": "ถิ่นกาขาวชาววิไล", "PartyNumber": 129, "Title": "นาย", "Votable": true, "province_id": 93, "province_name": "พัทลุง", "zone_number": 3, "PartyTerminated": false, "Age": 48, "Occupation": "ผู้ช่วยผู้ใหญ่บ้าน", "HighestEducation": "ต่ำกว่าปริญญาตรี", "ImageFileId": "5c5bb747fbcb5f16fc663416", "SelfIntroduceFileId": "5c5bd150fbcb5f16fc66c5e5", "PartyLogo": "https://storage.googleapis.com/candidate-thumbs/party/129.png", "CandididatePhoto": "https://storage.googleapis.com/candidate-thumbs/images/93-3-26.jpg"}, {"Unnamed: 0": 1659, "CandidateId": "a9556819-6499-4af4-aded-5fe502201db5", "CandidateNo": 27, "FirstName": "ปรัชญา", "LastName": "นวลเปียน", "PartyName": "พลังประชารัฐ", "PartyNumber": 192, "Title": "นาย", "Votable": true, "province_id": 93, "province_name": "พัทลุง", "zone_number": 3, "PartyTerminated": false, "Age": 46, "Occupation": "รับราชการ", "HighestEducation": "ปริญญาตรี", "ImageFileId": "5c5bb7bcfbcb5f16fc66377c", "SelfIntroduceFileId": "5c5bdb90fbcb5f16fc671666", "PartyLogo": "https://storage.googleapis.com/candidate-thumbs/party/192.png", "CandididatePhoto": "https://storage.googleapis.com/candidate-thumbs/images/93-3-27.jpg"}, {"Unnamed: 0": 1660, "CandidateId": "09d62db3-a9d8-470b-90ec-45d124e9052a", "CandidateNo": 28, "FirstName": "สมบูรณ์", "LastName": "คงเนียม", "PartyName": "พลังสังคม", "PartyNumber": 198, "Title": "นาย", "Votable": true, "province_id": 93, "province_name": "พัทลุง", "zone_number": 3, "PartyTerminated": false, "Age": 60, "Occupation": "ธุรกิจส่วนตัว", "HighestEducation": "ต่ำกว่าปริญญาตรี", "ImageFileId": "5c5bb9d6fbcb5f16fc664632", "SelfIntroduceFileId": "5c5bde29fbcb5f16fc672c35", "PartyLogo": "https://storage.googleapis.com/candidate-thumbs/party/198.png", "CandididatePhoto": "https://storage.googleapis.com/candidate-thumbs/images/93-3-28.jpg"}, {"Unnamed: 0": 1661, "CandidateId": "c5dd74d2-6d00-427a-a37a-d981b68b7e47", "CandidateNo": 29, "FirstName": "พชรพล", "LastName": "ฤทธิเดช", "PartyName": "ครูไทยเพื่อประชาชน", "PartyNumber": 118, "Title": "จ่าสิบเอก", "Votable": true, "province_id": 93, "province_name": "พัทลุง", "zone_number": 3, "PartyTerminated": false, "Age": 62, "Occupation": "ข้าราชการบำนาญ", "HighestEducation": "ต่ำกว่าปริญญาตรี", "ImageFileId": "5c5bba46fbcb5f16fc6648e2", "SelfIntroduceFileId": "5c5be05cfbcb5f16fc673f28", "PartyLogo": "https://storage.googleapis.com/candidate-thumbs/party/118.png", "CandididatePhoto": "https://storage.googleapis.com/candidate-thumbs/images/93-3-29.jpg"}, {"Unnamed: 0": 1662, "CandidateId": "48e5d7e3-f4fc-4a6c-9525-41d0b9eab5bd", "CandidateNo": 30, "FirstName": "หร้อศักดิ์", "LastName": "เด็นเพชรหน๊อง", "PartyName": "พลังไทสร้างชาติ", "PartyNumber": 200, "Title": "นาย", "Votable": true, "province_id": 93, "province_name": "พัทลุง", "zone_number": 3, "PartyTerminated": false, "Age": 41, "Occupation": "ค้าขาย", "HighestEducation": "ต่ำกว่าปริญญาตรี", "ImageFileId": "5c5bbe42fbcb5f16fc665e74", "SelfIntroduceFileId": "5c5be219fbcb5f16fc674d11", "PartyLogo": "https://storage.googleapis.com/candidate-thumbs/party/200.png", "CandididatePhoto": "https://storage.googleapis.com/candidate-thumbs/images/93-3-30.jpg"}, {"Unnamed: 0": 1663, "CandidateId": "16a9bc4e-f6d3-419b-ab46-1b55bc635b17", "CandidateNo": 31, "FirstName": "มงคล", "LastName": "แก้วมณี", "PartyName": "พลังชาติไทย", "PartyNumber": 186, "Title": "นาย", "Votable": true, "province_id": 93, "province_name": "พัทลุง", "zone_number": 3, "PartyTerminated": false, "Age": 54, "Occupation": "นักการเมืองท้องถิ่น ปี พ.ศ. 2551-2558", "HighestEducation": "ปริญญาตรี", "ImageFileId": "5c5bc7ecfbcb5f16fc668704", "SelfIntroduceFileId": "5c5be352fbcb5f16fc67570b", "PartyLogo": "https://storage.googleapis.com/candidate-thumbs/party/186.png", "CandididatePhoto": "https://storage.googleapis.com/candidate-thumbs/images/93-3-31.jpg"}, {"Unnamed: 0": 1664, "CandidateId": "cbda150d-3eaa-4aa4-a87c-f26e5f32a662", "CandidateNo": 32, "FirstName": "ประภาศ", "LastName": "ปานเจี้ยง", "PartyName": "แทนคุณแผ่นดิน", "PartyNumber": 53, "Title": "นาย", "Votable": true, "province_id": 93, "province_name": "พัทลุง", "zone_number": 3, "PartyTerminated": false, "Age": 50, "Occupation": "อาจารย์สถาบันอุดมศึกษาเอกชน", "HighestEducation": "ปริญญาเอก", "ImageFileId": "5c5cffabfbcb5f0fd8847ef8", "SelfIntroduceFileId": "5c5d052afbcb5f0fd884ae11", "PartyLogo": "https://storage.googleapis.com/candidate-thumbs/party/53.png", "CandididatePhoto": "https://storage.googleapis.com/candidate-thumbs/images/93-3-32.jpg"}, {"Unnamed: 0": 1665, "CandidateId": "67438b78-74c4-4073-88e2-90ed6cb0a93d", "CandidateNo": 33, "FirstName": "กัญญ์ชิสา", "LastName": "เจริญสุขธนาสิริ", "PartyName": "พลังไทยรักไทย", "PartyNumber": 185, "Title": "ว่าที่ร้อยตรีหญิง", "Votable": false, "province_id": 93, "province_name": "พัทลุง", "zone_number": 3, "PartyTerminated": false, "Age": 47, "Occupation": "เกษตรกร", "HighestEducation": "ปริญญาโท", "ImageFileId": "5c5d2d45fbcb5f0fd885a99e", "SelfIntroduceFileId": "5c5d322bfbcb5f0fd885d4ee", "PartyLogo": "https://storage.googleapis.com/candidate-thumbs/party/185.png", "CandididatePhoto": "https://storage.googleapis.com/candidate-thumbs/images/93-3-33.jpg"}, {"Unnamed: 0": 1666, "CandidateId": "25f84917-8ac8-4159-b45e-0970952eeaac", "CandidateNo": 34, "FirstName": "ดอน", "LastName": "ศรีนวลขาว", "PartyName": "ภูมิพลังเกษตรกรไทย", "PartyNumber": 197, "Title": "นาย", "Votable": false, "province_id": 93, "province_name": "พัทลุง", "zone_number": 3, "PartyTerminated": false, "Age": 44, "Occupation": "รับราชการ", "HighestEducation": "ปริญญาตรี", "ImageFileId": "5c5d3bb3fbcb5f0fd8862095", "SelfIntroduceFileId": "5c5d43d6fbcb5f0fd8867572", "PartyLogo": "https://storage.googleapis.com/candidate-thumbs/party/197.png", "CandididatePhoto": "https://storage.googleapis.com/candidate-thumbs/images/93-3-34.jpg"}, {"Unnamed: 0": 1667, "CandidateId": "392b7a43-74c1-4f2d-b4cc-273c00f1b997", "CandidateNo": 35, "FirstName": "สมศักดิ์", "LastName": "สงยอด", "PartyName": "พลังศรัทธา", "PartyNumber": 201, "Title": "นาย", "Votable": true, "province_id": 93, "province_name": "พัทลุง", "zone_number": 3, "PartyTerminated": false, "Age": 49, "Occupation": "รับจ้าง", "HighestEducation": "ต่ำกว่าปริญญาตรี", "ImageFileId": "5c5d4410fbcb5f0fd88678d5", "SelfIntroduceFileId": "5c5d44fdfbcb5f0fd8868375", "PartyLogo": "https://storage.googleapis.com/candidate-thumbs/party/201.png", "CandididatePhoto": "https://storage.googleapis.com/candidate-thumbs/images/93-3-35.jpg"}, {"Unnamed: 0": 1668, "CandidateId": "b1c46f1a-fbf4-43ce-a7e7-20ea0fe788fe", "CandidateNo": 36, "FirstName": "นันท์ชพร", "LastName": "แก้วเกตุ", "PartyName": "ไทรักธรรม", "PartyNumber": 144, "Title": "นาง", "Votable": true, "province_id": 93, "province_name": "พัทลุง", "zone_number": 3, "PartyTerminated": false, "Age": 57, "Occupation": "อสม.", "HighestEducation": "ต่ำกว่าปริญญาตรี", "ImageFileId": "5c5d4fe8fbcb5f0fd886fb84", "SelfIntroduceFileId": "5c5d5210fbcb5f0fd8870f56", "PartyLogo": "https://storage.googleapis.com/candidate-thumbs/party/144.png", "CandididatePhoto": "https://storage.googleapis.com/candidate-thumbs/images/93-3-36.jpg"}]