[{"Unnamed: 0": 1532, "CandidateId": "52912475-cdba-409d-a13f-c73fabdddf75", "CandidateNo": 1, "FirstName": "วิสา", "LastName": "บุญนัดดา", "PartyName": "อนาคตใหม่", "PartyNumber": 177, "Title": "นาย", "Votable": true, "province_id": 56, "province_name": "พะเยา", "zone_number": 3, "PartyTerminated": false, "Age": 35, "Occupation": "ค้าขาย", "HighestEducation": "ปริญญาโท", "ImageFileId": "5c57e2e3fbcb5f1eec0e2fc5", "SelfIntroduceFileId": "5c57e60afbcb5f1eec0e4810", "PartyLogo": "https://storage.googleapis.com/candidate-thumbs/party/177.png", "CandididatePhoto": "https://storage.googleapis.com/candidate-thumbs/images/56-3-1.jpg"}, {"Unnamed: 0": 1533, "CandidateId": "14795e6f-d506-4ead-97e4-143fc9d40167", "CandidateNo": 2, "FirstName": "อนันต์ชัย", "LastName": "กันทะคำ", "PartyName": "ภราดรภาพ", "PartyNumber": 154, "Title": "ร้อยเอก", "Votable": true, "province_id": 56, "province_name": "พะเยา", "zone_number": 3, "PartyTerminated": false, "Age": 62, "Occupation": "รับราชการทหาร สังกัดกองทัพบก", "HighestEducation": "ปริญญาตรี", "ImageFileId": "5c57ee5bfbcb5f1eec0e93d6", "SelfIntroduceFileId": "5c57efaafbcb5f1eec0e9e9e", "PartyLogo": "https://storage.googleapis.com/candidate-thumbs/party/154.png", "CandididatePhoto": "https://storage.googleapis.com/candidate-thumbs/images/56-3-2.jpg"}, {"Unnamed: 0": 1534, "CandidateId": "d91b1424-6d63-4c11-ae02-8da68afc9340", "CandidateNo": 3, "FirstName": "สังวาล", "LastName": "วรรณประโพธิ์", "PartyName": "รวมพลังประชาชาติไทย", "PartyNumber": 181, "Title": "นาย", "Votable": true, "province_id": 56, "province_name": "พะเยา", "zone_number": 3, "PartyTerminated": false, "Age": 68, "Occupation": "เกษตรกร", "HighestEducation": "ต่ำกว่าปริญญาตรี", "ImageFileId": "5c57c009fbcb5f1eec0d6644", "SelfIntroduceFileId": "5c5be95dfbcb5f16fc6789bb", "PartyLogo": "https://storage.googleapis.com/candidate-thumbs/party/181.png", "CandididatePhoto": "https://storage.googleapis.com/candidate-thumbs/images/56-3-3.jpg"}, {"Unnamed: 0": 1535, "CandidateId": "319af3ad-78f9-4ca3-8106-ac0a6fc6de38", "CandidateNo": 4, "FirstName": "ทักษิณ", "LastName": "สิงห์ชัย", "PartyName": "เพื่อชาติ", "PartyNumber": 149, "Title": "นาย", "Votable": true, "province_id": 56, "province_name": "พะเยา", "zone_number": 3, "PartyTerminated": false, "Age": 52, "Occupation": "ธูรกิจส่วนตัว", "HighestEducation": "ปริญญาตรี", "ImageFileId": "5c57b37afbcb5f1eec0d11a0", "SelfIntroduceFileId": "5c57bb2cfbcb5f1eec0d3fe1", "PartyLogo": "https://storage.googleapis.com/candidate-thumbs/party/149.png", "CandididatePhoto": "https://storage.googleapis.com/candidate-thumbs/images/56-3-4.jpg"}, {"Unnamed: 0": 1536, "CandidateId": "7e0e7d8a-390c-4fbf-beb2-58b88a3434ba", "CandidateNo": 5, "FirstName": "ไตรวิทย์", "LastName": "สหเจริญชัย", "PartyName": "ประชาชาติ", "PartyNumber": 187, "Title": "นาย", "Votable": true, "province_id": 56, "province_name": "พะเยา", "zone_number": 3, "PartyTerminated": false, "Age": 35, "Occupation": "ธุรกิจส่วนตัว", "HighestEducation": "ปริญญาตรี", "ImageFileId": "5c57c954fbcb5f1eec0db764", "SelfIntroduceFileId": NaN, "PartyLogo": "https://storage.googleapis.com/candidate-thumbs/party/187.png", "CandididatePhoto": "https://storage.googleapis.com/candidate-thumbs/images/56-3-5.jpg"}, {"Unnamed: 0": 1537, "CandidateId": "03af9143-5d3a-4f46-9332-3efbed1788ae", "CandidateNo": 6, "FirstName": "เอิน", "LastName": "กล้าหาญ", "PartyName": "รวมใจไทย", "PartyNumber": 174, "Title": "นาวาโท", "Votable": true, "province_id": 56, "province_name": "พะเยา", "zone_number": 3, "PartyTerminated": false, "Age": 51, "Occupation": "นักธุรกิจ", "HighestEducation": "ปริญญาตรี", "ImageFileId": "5c57e81ffbcb5f1eec0e5ef9", "SelfIntroduceFileId": "5c57eb4afbcb5f1eec0e74f3", "PartyLogo": "https://storage.googleapis.com/candidate-thumbs/party/174.png", "CandididatePhoto": "https://storage.googleapis.com/candidate-thumbs/images/56-3-6.jpg"}, {"Unnamed: 0": 1538, "CandidateId": "c593dcdf-a1bb-4f6b-b16c-502f3af7d759", "CandidateNo": 7, "FirstName": "วิเชียร", "LastName": "นามอยู่", "PartyName": "รักษ์ผืนป่าประเทศไทย", "PartyNumber": 133, "Title": "นาย", "Votable": true, "province_id": 56, "province_name": "พะเยา", "zone_number": 3, "PartyTerminated": false, "Age": 58, "Occupation": "เกษตร", "HighestEducation": "ต่ำกว่าปริญญาตรี", "ImageFileId": "5c57f0ccfbcb5f1eec0ea98b", "SelfIntroduceFileId": "5c57f22dfbcb5f1eec0eb6de", "PartyLogo": "https://storage.googleapis.com/candidate-thumbs/party/133.png", "CandididatePhoto": "https://storage.googleapis.com/candidate-thumbs/images/56-3-7.jpg"}, {"Unnamed: 0": 1539, "CandidateId": "acec477c-7cde-4486-859d-b043b02c29ee", "CandidateNo": 8, "FirstName": "ศรานนท์", "LastName": "ใจเดียว", "PartyName": "เสรีรวมไทย", "PartyNumber": 145, "Title": "ร้อยตำรวจเอก", "Votable": true, "province_id": 56, "province_name": "พะเยา", "zone_number": 3, "PartyTerminated": false, "Age": 59, "Occupation": "ข้าราชการตำรวจ", "HighestEducation": "ปริญญาตรี", "ImageFileId": "5c57f3fffbcb5f1eec0ec888", "SelfIntroduceFileId": "5c57f4f0fbcb5f1eec0ed215", "PartyLogo": "https://storage.googleapis.com/candidate-thumbs/party/145.png", "CandididatePhoto": "https://storage.googleapis.com/candidate-thumbs/images/56-3-8.jpg"}, {"Unnamed: 0": 1540, "CandidateId": "492b1c83-78bb-4c17-a853-9b4363fe2a3a", "CandidateNo": 9, "FirstName": "เสมอ", "LastName": "อินต๊ะสาร", "PartyName": "พลังท้องถิ่นไท", "PartyNumber": 124, "Title": "นาย", "Votable": true, "province_id": 56, "province_name": "พะเยา", "zone_number": 3, "PartyTerminated": false, "Age": 62, "Occupation": "เกษตรกร", "HighestEducation": "ปริญญาตรี", "ImageFileId": "5c57f650fbcb5f1eec0ee261", "SelfIntroduceFileId": "5c57f6fefbcb5f1eec0ee919", "PartyLogo": "https://storage.googleapis.com/candidate-thumbs/party/124.png", "CandididatePhoto": "https://storage.googleapis.com/candidate-thumbs/images/56-3-9.jpg"}, {"Unnamed: 0": 1541, "CandidateId": "5e5a0a1f-07c1-42c6-beca-7e9d83f0bac9", "CandidateNo": 10, "FirstName": "ยุทธศักดิ์", "LastName": "ยารังษี", "PartyName": "เพื่อแผ่นดิน", "PartyNumber": 41, "Title": "นาย", "Votable": true, "province_id": 56, "province_name": "พะเยา", "zone_number": 3, "PartyTerminated": false, "Age": 67, "Occupation": "ข้าราชการครู", "HighestEducation": "ปริญญาเอก", "ImageFileId": "5c57f7e2fbcb5f1eec0ef21c", "SelfIntroduceFileId": "5c57f903fbcb5f1eec0efc50", "PartyLogo": "https://storage.googleapis.com/candidate-thumbs/party/41.png", "CandididatePhoto": "https://storage.googleapis.com/candidate-thumbs/images/56-3-10.jpg"}, {"Unnamed: 0": 1542, "CandidateId": "40db2fee-a1c8-4b0b-b2e2-3092ae6b5f0e", "CandidateNo": 11, "FirstName": "ไพโรจน์", "LastName": "ตันบรรจง", "PartyName": "เพื่อไทย", "PartyNumber": 34, "Title": "นาย", "Votable": true, "province_id": 56, "province_name": "พะเยา", "zone_number": 3, "PartyTerminated": false, "Age": 64, "Occupation": "ข้าราชการการเมือง  สมาชิกสภาผู้แทนราษฎร", "HighestEducation": "ปริญญาเอก", "ImageFileId": "5c57f9f5fbcb5f1eec0f07d7", "SelfIntroduceFileId": "5c57fcf6fbcb5f1eec0f31f7", "PartyLogo": "https://storage.googleapis.com/candidate-thumbs/party/34.png", "CandididatePhoto": "https://storage.googleapis.com/candidate-thumbs/images/56-3-11.jpg"}, {"Unnamed: 0": 1543, "CandidateId": "49a64e7d-d190-4694-ba53-42cf604a700b", "CandidateNo": 12, "FirstName": "มนัสศักดิ์", "LastName": "บุญมีตระกูล", "PartyName": "ประชาธิปัตย์", "PartyNumber": 1, "Title": "นาย", "Votable": true, "province_id": 56, "province_name": "พะเยา", "zone_number": 3, "PartyTerminated": false, "Age": 40, "Occupation": "ธุรกิจส่วนตัว", "HighestEducation": "ปริญญาตรี", "ImageFileId": "5c57fe95fbcb5f1eec0f4a25", "SelfIntroduceFileId": "5c57fffffbcb5f1eec0f5ba7", "PartyLogo": "https://storage.googleapis.com/candidate-thumbs/party/1.png", "CandididatePhoto": "https://storage.googleapis.com/candidate-thumbs/images/56-3-12.jpg"}, {"Unnamed: 0": 1544, "CandidateId": "a4bbff5e-f129-45c6-8dba-110e3269e163", "CandidateNo": 13, "FirstName": "บุญโชติ", "LastName": "เรือนสอน", "PartyName": "พลังปวงชนไทย", "PartyNumber": 184, "Title": "นาย", "Votable": true, "province_id": 56, "province_name": "พะเยา", "zone_number": 3, "PartyTerminated": false, "Age": 47, "Occupation": "เกษตรกร", "HighestEducation": "ปริญญาตรี", "ImageFileId": "5c5800d5fbcb5f1eec0f65ce", "SelfIntroduceFileId": "5c5801a4fbcb5f1eec0f72a4", "PartyLogo": "https://storage.googleapis.com/candidate-thumbs/party/184.png", "CandididatePhoto": "https://storage.googleapis.com/candidate-thumbs/images/56-3-13.jpg"}, {"Unnamed: 0": 1545, "CandidateId": "87f61d14-7459-47ad-8256-eb516fe1e07b", "CandidateNo": 14, "FirstName": "ชัยยุทธ", "LastName": "มานะ", "PartyName": "ประชาภิวัฒน์", "PartyNumber": 172, "Title": "นาย", "Votable": true, "province_id": 56, "province_name": "พะเยา", "zone_number": 3, "PartyTerminated": false, "Age": 60, "Occupation": "เกษตรกร", "HighestEducation": "ต่ำกว่าปริญญาตรี", "ImageFileId": "5c580359fbcb5f1eec0f8cb3", "SelfIntroduceFileId": "5c5b9dfafbcb5f16fc657132", "PartyLogo": "https://storage.googleapis.com/candidate-thumbs/party/172.png", "CandididatePhoto": "https://storage.googleapis.com/candidate-thumbs/images/56-3-14.jpg"}, {"Unnamed: 0": 1546, "CandidateId": "dbb729d9-fd19-47a2-a44d-436366a8a6fd", "CandidateNo": 15, "FirstName": "จีรเดช", "LastName": "ศรีวิราช", "PartyName": "พลังประชารัฐ", "PartyNumber": 192, "Title": "นาย", "Votable": true, "province_id": 56, "province_name": "พะเยา", "zone_number": 3, "PartyTerminated": false, "Age": 50, "Occupation": "นักการเมืองท้องถิ่น", "HighestEducation": "ปริญญาโท", "ImageFileId": "5c58eef9fbcb5f1d881314f2", "SelfIntroduceFileId": "5c58f456fbcb5f1d881347e1", "PartyLogo": "https://storage.googleapis.com/candidate-thumbs/party/192.png", "CandididatePhoto": "https://storage.googleapis.com/candidate-thumbs/images/56-3-15.jpg"}, {"Unnamed: 0": 1547, "CandidateId": "1b32fa31-2134-4ebc-8dd0-37aba6ffd8a5", "CandidateNo": 16, "FirstName": "ธนกร", "LastName": "ธนะสังข์", "PartyName": "พลังชาติไทย", "PartyNumber": 186, "Title": "นาย", "Votable": true, "province_id": 56, "province_name": "พะเยา", "zone_number": 3, "PartyTerminated": false, "Age": 45, "Occupation": "ไม่ระบุ", "HighestEducation": "ต่ำกว่าปริญญาตรี", "ImageFileId": "5c590b36fbcb5f1d88145474", "SelfIntroduceFileId": "5c590d84fbcb5f1d88147659", "PartyLogo": "https://storage.googleapis.com/candidate-thumbs/party/186.png", "CandididatePhoto": "https://storage.googleapis.com/candidate-thumbs/images/56-3-16.jpg"}, {"Unnamed: 0": 1548, "CandidateId": "5d97b8cb-6cd6-4f69-91ac-871a3916b781", "CandidateNo": 17, "FirstName": "ฑริกา", "LastName": "ชาวเวียง", "PartyName": "ประชากรไทย", "PartyNumber": 2, "Title": "นางสาว", "Votable": true, "province_id": 56, "province_name": "พะเยา", "zone_number": 3, "PartyTerminated": false, "Age": 38, "Occupation": "ค้าขาย", "HighestEducation": "ปริญญาตรี", "ImageFileId": "5c5a86acfbcb5f19bcaa9954", "SelfIntroduceFileId": "5c5a879ffbcb5f19bcaa9e1f", "PartyLogo": "https://storage.googleapis.com/candidate-thumbs/party/2.png", "CandididatePhoto": "https://storage.googleapis.com/candidate-thumbs/images/56-3-17.jpg"}, {"Unnamed: 0": 1549, "CandidateId": "699286be-7c29-4382-a865-07d2a78ff3c5", "CandidateNo": 18, "FirstName": "สำราญ", "LastName": "บัวนาค", "PartyName": "พลังไทยรักไทย", "PartyNumber": 185, "Title": "นาย", "Votable": true, "province_id": 56, "province_name": "พะเยา", "zone_number": 3, "PartyTerminated": false, "Age": 73, "Occupation": "รับราชการครู", "HighestEducation": "ปริญญาตรี", "ImageFileId": "5c5bce2ffbcb5f16fc66af4d", "SelfIntroduceFileId": "5c5bcf77fbcb5f16fc66b83e", "PartyLogo": "https://storage.googleapis.com/candidate-thumbs/party/185.png", "CandididatePhoto": "https://storage.googleapis.com/candidate-thumbs/images/56-3-18.jpg"}, {"Unnamed: 0": 1550, "CandidateId": "623edaa9-5405-4c0c-8626-f8c5c71abc85", "CandidateNo": 19, "FirstName": "บุญฝาง", "LastName": "ทาจีนะ", "PartyName": "ครูไทยเพื่อประชาชน", "PartyNumber": 118, "Title": "นาย", "Votable": true, "province_id": 56, "province_name": "พะเยา", "zone_number": 3, "PartyTerminated": false, "Age": 65, "Occupation": "ข้าราชการครู", "HighestEducation": "ปริญญาตรี", "ImageFileId": "5c5bd18efbcb5f16fc66c84c", "SelfIntroduceFileId": "5c5bd36ffbcb5f16fc66d5c4", "PartyLogo": "https://storage.googleapis.com/candidate-thumbs/party/118.png", "CandididatePhoto": "https://storage.googleapis.com/candidate-thumbs/images/56-3-19.jpg"}, {"Unnamed: 0": 1551, "CandidateId": "d309a483-9832-4f01-95df-70458ffc9394", "CandidateNo": 20, "FirstName": "ชนาสิน", "LastName": "ใบอุบล", "PartyName": "ประชาธรรมไทย", "PartyNumber": 190, "Title": "นาย", "Votable": true, "province_id": 56, "province_name": "พะเยา", "zone_number": 3, "PartyTerminated": false, "Age": 42, "Occupation": "ธุรกิจส่วนตัว", "HighestEducation": "ต่ำกว่าปริญญาตรี", "ImageFileId": "5c5be0c5fbcb5f16fc674228", "SelfIntroduceFileId": "5c5be560fbcb5f16fc676617", "PartyLogo": "https://storage.googleapis.com/candidate-thumbs/party/190.png", "CandididatePhoto": "https://storage.googleapis.com/candidate-thumbs/images/56-3-20.jpg"}, {"Unnamed: 0": 1552, "CandidateId": "6bddfa10-5243-439e-a62e-64831a31dff9", "CandidateNo": 21, "FirstName": "ธนณัฏฐ์", "LastName": "พสิษฐพสุดา", "PartyName": "ประชานิยม", "PartyNumber": 191, "Title": "นางสาว", "Votable": true, "province_id": 56, "province_name": "พะเยา", "zone_number": 3, "PartyTerminated": false, "Age": 49, "Occupation": "ครู", "HighestEducation": "ปริญญาตรี", "ImageFileId": "5c5bd7c7fbcb5f16fc66f6b8", "SelfIntroduceFileId": "5c5bf72bfbcb5f16fc67fdd6", "PartyLogo": "https://storage.googleapis.com/candidate-thumbs/party/191.png", "CandididatePhoto": "https://storage.googleapis.com/candidate-thumbs/images/56-3-21.jpg"}, {"Unnamed: 0": 1553, "CandidateId": "b1633b09-88fc-40e9-9e32-4a5b63e8bb8d", "CandidateNo": 22, "FirstName": "สมาน", "LastName": "ศรีเมือง", "PartyName": "ไทยศรีวิไลย์", "PartyNumber": 180, "Title": "นาย", "Votable": true, "province_id": 56, "province_name": "พะเยา", "zone_number": 3, "PartyTerminated": false, "Age": 62, "Occupation": "ค้าขาย", "HighestEducation": "ต่ำกว่าปริญญาตรี", "ImageFileId": "5c5be6e2fbcb5f16fc677428", "SelfIntroduceFileId": "5c5bea79fbcb5f16fc679571", "PartyLogo": "https://storage.googleapis.com/candidate-thumbs/party/180.png", "CandididatePhoto": "https://storage.googleapis.com/candidate-thumbs/images/56-3-22.jpg"}, {"Unnamed: 0": 1554, "CandidateId": "34bc54a3-486c-4ea8-a16b-31c56c0828b6", "CandidateNo": 23, "FirstName": "สายฝน", "LastName": "ไชยวุฒิ", "PartyName": "ประชาชนปฏิรูป", "PartyNumber": 176, "Title": "นางสาว", "Votable": true, "province_id": 56, "province_name": "พะเยา", "zone_number": 3, "PartyTerminated": false, "Age": 41, "Occupation": "เจ้าหน้าที่อื่นของรัฐ (ผู้ช่วยผู้ใหญ่บ้าน)", "HighestEducation": "ปริญญาตรี", "ImageFileId": "5c5bfbf0fbcb5f16fc681267", "SelfIntroduceFileId": "5c5bfd3dfbcb5f16fc681741", "PartyLogo": "https://storage.googleapis.com/candidate-thumbs/party/176.png", "CandididatePhoto": "https://storage.googleapis.com/candidate-thumbs/images/56-3-23.jpg"}, {"Unnamed: 0": 1555, "CandidateId": "b92aefd3-9d1b-465f-807b-ccc07efa3a51", "CandidateNo": 24, "FirstName": "กรณ์", "LastName": "วัชรกรพงษ์", "PartyName": "ภูมิใจไทย", "PartyNumber": 63, "Title": "นาย", "Votable": true, "province_id": 56, "province_name": "พะเยา", "zone_number": 3, "PartyTerminated": false, "Age": 28, "Occupation": "รับจ้าง(พนักงานบริษัท)", "HighestEducation": "ปริญญาตรี", "ImageFileId": "5c5cf29dfbcb5f16fc68ffb1", "SelfIntroduceFileId": "5c5cf733fbcb5f0fd8843d03", "PartyLogo": "https://storage.googleapis.com/candidate-thumbs/party/63.png", "CandididatePhoto": "https://storage.googleapis.com/candidate-thumbs/images/56-3-24.jpg"}, {"Unnamed: 0": 1556, "CandidateId": "437953a6-d24d-476a-a983-f286057879ad", "CandidateNo": 25, "FirstName": "มณีวรรณ", "LastName": "อิ่มจำลอง", "PartyName": "เศรษฐกิจใหม่", "PartyNumber": 193, "Title": "นาง", "Votable": true, "province_id": 56, "province_name": "พะเยา", "zone_number": 3, "PartyTerminated": false, "Age": 37, "Occupation": "เกษตรกร", "HighestEducation": "ต่ำกว่าปริญญาตรี", "ImageFileId": "5c5d06e4fbcb5f0fd884bc38", "SelfIntroduceFileId": "5c5d08fdfbcb5f0fd884c9e5", "PartyLogo": "https://storage.googleapis.com/candidate-thumbs/party/193.png", "CandididatePhoto": "https://storage.googleapis.com/candidate-thumbs/images/56-3-25.jpg"}, {"Unnamed: 0": 1557, "CandidateId": "b4af1892-fbda-4610-9d5d-2bc2bb4c0ce5", "CandidateNo": 26, "FirstName": "ลิไนพร", "LastName": "ไชยลังกา", "PartyName": "ชาติพันธุ์ไทย", "PartyNumber": 196, "Title": "นาง", "Votable": true, "province_id": 56, "province_name": "พะเยา", "zone_number": 3, "PartyTerminated": false, "Age": 65, "Occupation": "ธุรกิจส่วนตัว", "HighestEducation": "ต่ำกว่าปริญญาตรี", "ImageFileId": "5c5d386afbcb5f0fd8860531", "SelfIntroduceFileId": "5c5d3bdffbcb5f0fd88622e0", "PartyLogo": "https://storage.googleapis.com/candidate-thumbs/party/196.png", "CandididatePhoto": "https://storage.googleapis.com/candidate-thumbs/images/56-3-26.jpg"}, {"Unnamed: 0": 1558, "CandidateId": "c1439262-7aa8-41ea-bd74-8bfaa586c603", "CandidateNo": 27, "FirstName": "อรรณพ", "LastName": "กัปกัลป์", "PartyName": "พลังประชาธิปไตย", "PartyNumber": 153, "Title": "นาย", "Votable": true, "province_id": 56, "province_name": "พะเยา", "zone_number": 3, "PartyTerminated": false, "Age": 65, "Occupation": "ข้าราชการ", "HighestEducation": "ปริญญาตรี", "ImageFileId": "5c5d4793fbcb5f0fd8869e06", "SelfIntroduceFileId": "5c5d499cfbcb5f0fd886b4af", "PartyLogo": "https://storage.googleapis.com/candidate-thumbs/party/153.png", "CandididatePhoto": "https://storage.googleapis.com/candidate-thumbs/images/56-3-27.jpg"}, {"Unnamed: 0": 1559, "CandidateId": "3d04de09-7532-4a8a-9461-201d7d0716ba", "CandidateNo": 28, "FirstName": "นงนุช", "LastName": "กองยา", "PartyName": "ประชาไทย", "PartyNumber": 205, "Title": "นางสาว", "Votable": true, "province_id": 56, "province_name": "พะเยา", "zone_number": 3, "PartyTerminated": false, "Age": 40, "Occupation": "แม่บ้าน", "HighestEducation": "ปริญญาตรี", "ImageFileId": "5c5d4c7dfbcb5f0fd886d9a6", "SelfIntroduceFileId": "5c5d4e75fbcb5f0fd886ebcf", "PartyLogo": "https://storage.googleapis.com/candidate-thumbs/party/205.png", "CandididatePhoto": "https://storage.googleapis.com/candidate-thumbs/images/56-3-28.jpg"}, {"Unnamed: 0": 1560, "CandidateId": "235e6891-95cc-46a9-be36-0be245cd5e34", "CandidateNo": 29, "FirstName": "กรุงสยาม", "LastName": "หล้าพรม", "PartyName": "ไทรักธรรม", "PartyNumber": 144, "Title": "นาย", "Votable": true, "province_id": 56, "province_name": "พะเยา", "zone_number": 3, "PartyTerminated": false, "Age": 41, "Occupation": "เกษตรกร", "HighestEducation": "ต่ำกว่าปริญญาตรี", "ImageFileId": "5c5d51ecfbcb5f0fd8870e41", "SelfIntroduceFileId": "5c5d52fbfbcb5f0fd8871a65", "PartyLogo": "https://storage.googleapis.com/candidate-thumbs/party/144.png", "CandididatePhoto": "https://storage.googleapis.com/candidate-thumbs/images/56-3-29.jpg"}, {"Unnamed: 0": 1561, "CandidateId": "4527fd6f-c06b-430e-8728-0983be8f943c", "CandidateNo": 30, "FirstName": "ฐานพัฒน์", "LastName": "วัฒนาศศินนท์", "PartyName": "ผึ้งหลวง", "PartyNumber": 164, "Title": "นาย", "Votable": true, "province_id": 56, "province_name": "พะเยา", "zone_number": 3, "PartyTerminated": false, "Age": 33, "Occupation": "ธุรกิจส่วนตัว", "HighestEducation": "ต่ำกว่าปริญญาตรี", "ImageFileId": "5c5d608ffbcb5f0fd887b24b", "SelfIntroduceFileId": "5c5d6241fbcb5f0fd887bf26", "PartyLogo": "https://storage.googleapis.com/candidate-thumbs/party/164.png", "CandididatePhoto": "https://storage.googleapis.com/candidate-thumbs/images/56-3-30.jpg"}]