[{"Unnamed: 0": 1728, "CandidateId": "1e25bb47-c286-471f-9b33-655dcf0fc1c2", "CandidateNo": 1, "FirstName": "มานะ", "LastName": "วุฑฒยากร", "PartyName": "พลังท้องถิ่นไท", "PartyNumber": 124, "Title": "นาย", "Votable": true, "province_id": 66, "province_name": "พิจิตร", "zone_number": 3, "PartyTerminated": false, "Age": 60, "Occupation": "เกษตรกรรม", "HighestEducation": "ปริญญาตรี", "ImageFileId": "5c57ee4afbcb5f1eec0e9282", "SelfIntroduceFileId": "5c57fc2ffbcb5f1eec0f28b3", "PartyLogo": "https://storage.googleapis.com/candidate-thumbs/party/124.png", "CandididatePhoto": "https://storage.googleapis.com/candidate-thumbs/images/66-3-1.jpg"}, {"Unnamed: 0": 1729, "CandidateId": "582c7ecd-ec6a-4a42-96ba-79eca843b9fb", "CandidateNo": 2, "FirstName": "วิชัย", "LastName": "ด่านรุ่งโรจน์", "PartyName": "ภูมิใจไทย", "PartyNumber": 63, "Title": "นาย", "Votable": true, "province_id": 66, "province_name": "พิจิตร", "zone_number": 3, "PartyTerminated": false, "Age": 58, "Occupation": "เกษตรกร", "HighestEducation": "ปริญญาตรี", "ImageFileId": "5c580010fbcb5f1eec0f5c50", "SelfIntroduceFileId": "5c584d1bfbcb5f1eec10d9c8", "PartyLogo": "https://storage.googleapis.com/candidate-thumbs/party/63.png", "CandididatePhoto": "https://storage.googleapis.com/candidate-thumbs/images/66-3-2.jpg"}, {"Unnamed: 0": 1730, "CandidateId": "0a8be03b-2507-4dc0-be5f-fa78fb641b8f", "CandidateNo": 3, "FirstName": "มนู", "LastName": "ชูจิตร", "PartyName": "เสรีรวมไทย", "PartyNumber": 145, "Title": "พันเอก", "Votable": true, "province_id": 66, "province_name": "พิจิตร", "zone_number": 3, "PartyTerminated": false, "Age": 58, "Occupation": "ข้าราชการบำนาญ", "HighestEducation": "ปริญญาตรี", "ImageFileId": "5c585d2cfbcb5f1eec10dd08", "SelfIntroduceFileId": "5c5b995dfbcb5f16fc655ba2", "PartyLogo": "https://storage.googleapis.com/candidate-thumbs/party/145.png", "CandididatePhoto": "https://storage.googleapis.com/candidate-thumbs/images/66-3-3.jpg"}, {"Unnamed: 0": 1731, "CandidateId": "6e9c04b2-1f7e-443a-934c-c885b68b6918", "CandidateNo": 4, "FirstName": "ณรงค์", "LastName": "จักขุจันทร์", "PartyName": "ประชาธิปัตย์", "PartyNumber": 1, "Title": "นาย", "Votable": true, "province_id": 66, "province_name": "พิจิตร", "zone_number": 3, "PartyTerminated": false, "Age": 60, "Occupation": "เกษตรกรรม", "HighestEducation": "ต่ำกว่าปริญญาตรี", "ImageFileId": "5c590fa5fbcb5f1d88149342", "SelfIntroduceFileId": "5c5b9ee8fbcb5f16fc6577a3", "PartyLogo": "https://storage.googleapis.com/candidate-thumbs/party/1.png", "CandididatePhoto": "https://storage.googleapis.com/candidate-thumbs/images/66-3-4.jpg"}, {"Unnamed: 0": 1732, "CandidateId": "55d21fc7-019e-46c7-a46d-33f6843f2f0d", "CandidateNo": 5, "FirstName": "สุรชาติ", "LastName": "ศรีบุศกร", "PartyName": "พลังประชารัฐ", "PartyNumber": 192, "Title": "นาย", "Votable": true, "province_id": 66, "province_name": "พิจิตร", "zone_number": 3, "PartyTerminated": false, "Age": 47, "Occupation": "นักการเมืองท้องถิ่น", "HighestEducation": "ปริญญาตรี", "ImageFileId": "5c591243fbcb5f1d8814b990", "SelfIntroduceFileId": "5c591743fbcb5f1d8814f13b", "PartyLogo": "https://storage.googleapis.com/candidate-thumbs/party/192.png", "CandididatePhoto": "https://storage.googleapis.com/candidate-thumbs/images/66-3-5.jpg"}, {"Unnamed: 0": 1733, "CandidateId": "fe1a1778-e0cf-4337-9aa0-19ee58b54e22", "CandidateNo": 6, "FirstName": "ชนัดดา", "LastName": "อนุฤทธิ์", "PartyName": "ประชานิยม", "PartyNumber": 191, "Title": "นางสาว", "Votable": true, "province_id": 66, "province_name": "พิจิตร", "zone_number": 3, "PartyTerminated": false, "Age": 33, "Occupation": "ธุรกิจส่วนตัว", "HighestEducation": "ปริญญาตรี", "ImageFileId": "5c591e6afbcb5f1d8815274e", "SelfIntroduceFileId": "5c59225dfbcb5f1d881548fc", "PartyLogo": "https://storage.googleapis.com/candidate-thumbs/party/191.png", "CandididatePhoto": "https://storage.googleapis.com/candidate-thumbs/images/66-3-6.jpg"}, {"Unnamed: 0": 1734, "CandidateId": "ffdc6483-ab06-4874-b479-475fdcd66d99", "CandidateNo": 7, "FirstName": "ไพบูลย์", "LastName": "นาคสุข", "PartyName": "ประชาชาติ", "PartyNumber": 187, "Title": "นาย", "Votable": true, "province_id": 66, "province_name": "พิจิตร", "zone_number": 3, "PartyTerminated": false, "Age": 71, "Occupation": "ข้าราชการครูบำนาญ", "HighestEducation": "ปริญญาตรี", "ImageFileId": "5c592337fbcb5f1d881550b9", "SelfIntroduceFileId": "5c592611fbcb5f1d881571dd", "PartyLogo": "https://storage.googleapis.com/candidate-thumbs/party/187.png", "CandididatePhoto": "https://storage.googleapis.com/candidate-thumbs/images/66-3-7.jpg"}, {"Unnamed: 0": 1735, "CandidateId": "1e638578-f44f-44d1-95bc-a6461e1db278", "CandidateNo": 8, "FirstName": "มิ่งขวัญ", "LastName": "พุกเปี่ยม", "PartyName": "ไทยรักษาชาติ", "PartyNumber": 77, "Title": "นาง", "Votable": true, "province_id": 66, "province_name": "พิจิตร", "zone_number": 3, "PartyTerminated": true, "Age": 47, "Occupation": "นักธุรกิจ", "HighestEducation": "ปริญญาโท", "ImageFileId": "5c5928f6fbcb5f1d88159327", "SelfIntroduceFileId": "5c592a20fbcb5f1d8815a1be", "PartyLogo": "https://storage.googleapis.com/candidate-thumbs/party/77.png", "CandididatePhoto": "https://storage.googleapis.com/candidate-thumbs/images/66-3-8.jpg"}, {"Unnamed: 0": 1736, "CandidateId": "4c25b3ef-5d22-431b-b016-b0fb69ff595e", "CandidateNo": 9, "FirstName": "สาทิพ", "LastName": "ดิษทับ", "PartyName": "รวมพลังประชาชาติไทย", "PartyNumber": 181, "Title": "นาย", "Votable": true, "province_id": 66, "province_name": "พิจิตร", "zone_number": 3, "PartyTerminated": false, "Age": 47, "Occupation": "เกษตรกร", "HighestEducation": "ต่ำกว่าปริญญาตรี", "ImageFileId": "5c592aa6fbcb5f1d8815ab10", "SelfIntroduceFileId": "5c592ec4fbcb5f1d8815f014", "PartyLogo": "https://storage.googleapis.com/candidate-thumbs/party/181.png", "CandididatePhoto": "https://storage.googleapis.com/candidate-thumbs/images/66-3-9.jpg"}, {"Unnamed: 0": 1737, "CandidateId": "5fc30523-3d6d-4c99-884b-bc7ed3037669", "CandidateNo": 10, "FirstName": "พัชรี", "LastName": "ขอจิตต์", "PartyName": "อนาคตใหม่", "PartyNumber": 177, "Title": "นาง", "Votable": true, "province_id": 66, "province_name": "พิจิตร", "zone_number": 3, "PartyTerminated": false, "Age": 57, "Occupation": "พยาบาลวิชาชีพชำนาญการ", "HighestEducation": "ปริญญาตรี", "ImageFileId": "5c592f44fbcb5f1d8815f67f", "SelfIntroduceFileId": "5c593318fbcb5f1d88162bb6", "PartyLogo": "https://storage.googleapis.com/candidate-thumbs/party/177.png", "CandididatePhoto": "https://storage.googleapis.com/candidate-thumbs/images/66-3-10.jpg"}, {"Unnamed: 0": 1738, "CandidateId": "baba4427-0743-46e8-b900-3aeddcbeab2c", "CandidateNo": 11, "FirstName": "ภาษิต", "LastName": "แสงจำนงค์", "PartyName": "ครูไทยเพื่อประชาชน", "PartyNumber": 118, "Title": "นาย", "Votable": true, "province_id": 66, "province_name": "พิจิตร", "zone_number": 3, "PartyTerminated": false, "Age": 72, "Occupation": "เกษตรกร", "HighestEducation": "ปริญญาตรี", "ImageFileId": "5c593745fbcb5f1d8816621d", "SelfIntroduceFileId": "5c5937defbcb5f1d88166e25", "PartyLogo": "https://storage.googleapis.com/candidate-thumbs/party/118.png", "CandididatePhoto": "https://storage.googleapis.com/candidate-thumbs/images/66-3-11.jpg"}, {"Unnamed: 0": 1739, "CandidateId": "66a22374-5ea1-4220-918c-cdd50fbb2cc8", "CandidateNo": 12, "FirstName": "ฐณพล", "LastName": "อริวรรณา", "PartyName": "เพื่อชาติ", "PartyNumber": 149, "Title": "พันตำรวจโท", "Votable": true, "province_id": 66, "province_name": "พิจิตร", "zone_number": 3, "PartyTerminated": false, "Age": 62, "Occupation": "ทนายความ", "HighestEducation": "ปริญญาตรี", "ImageFileId": "5c593819fbcb5f1d88167222", "SelfIntroduceFileId": "5c593b6ffbcb5f1d88169ec4", "PartyLogo": "https://storage.googleapis.com/candidate-thumbs/party/149.png", "CandididatePhoto": "https://storage.googleapis.com/candidate-thumbs/images/66-3-12.jpg"}, {"Unnamed: 0": 1740, "CandidateId": "e87d619c-b847-49c4-9c1b-ffadea0a6cfc", "CandidateNo": 13, "FirstName": "บุญเลิศ", "LastName": "สุขประมาณ", "PartyName": "พลังปวงชนไทย", "PartyNumber": 184, "Title": "นาย", "Votable": true, "province_id": 66, "province_name": "พิจิตร", "zone_number": 3, "PartyTerminated": false, "Age": 62, "Occupation": "ข้าราชการบำนาญ", "HighestEducation": "ปริญญาตรี", "ImageFileId": "5c593bd9fbcb5f1d8816a295", "SelfIntroduceFileId": "5c593cd4fbcb5f1d8816ae18", "PartyLogo": "https://storage.googleapis.com/candidate-thumbs/party/184.png", "CandididatePhoto": "https://storage.googleapis.com/candidate-thumbs/images/66-3-13.jpg"}, {"Unnamed: 0": 1741, "CandidateId": "e601f5c7-ed95-4034-a9d6-ebdc9df0e6cc", "CandidateNo": 14, "FirstName": "ปราโมทย์", "LastName": "ชมประเสริฐ", "PartyName": "ชาติไทยพัฒนา", "PartyNumber": 55, "Title": "นาย", "Votable": true, "province_id": 66, "province_name": "พิจิตร", "zone_number": 3, "PartyTerminated": false, "Age": 54, "Occupation": "ทนายความ", "HighestEducation": "ปริญญาตรี", "ImageFileId": "5c593d2cfbcb5f1d8816b2d4", "SelfIntroduceFileId": "5c593e89fbcb5f1d8816c652", "PartyLogo": "https://storage.googleapis.com/candidate-thumbs/party/55.png", "CandididatePhoto": "https://storage.googleapis.com/candidate-thumbs/images/66-3-14.jpg"}, {"Unnamed: 0": 1742, "CandidateId": "cb464db7-a32a-4772-ac68-0404bfa4933e", "CandidateNo": 15, "FirstName": "กำไร", "LastName": "ทั่งถิ่น", "PartyName": "รักษ์ผืนป่าประเทศไทย", "PartyNumber": 133, "Title": "นาง", "Votable": true, "province_id": 66, "province_name": "พิจิตร", "zone_number": 3, "PartyTerminated": false, "Age": 51, "Occupation": "เกษตรกร", "HighestEducation": "ต่ำกว่าปริญญาตรี", "ImageFileId": "5c594102fbcb5f1d8816eb16", "SelfIntroduceFileId": "5c5942adfbcb5f1d88170092", "PartyLogo": "https://storage.googleapis.com/candidate-thumbs/party/133.png", "CandididatePhoto": "https://storage.googleapis.com/candidate-thumbs/images/66-3-15.jpg"}, {"Unnamed: 0": 1743, "CandidateId": "4af768bb-04d6-4ab0-afe3-675dc0b3d7ac", "CandidateNo": 16, "FirstName": "วรวลัญช์", "LastName": "น้อยดี", "PartyName": "เศรษฐกิจใหม่", "PartyNumber": 193, "Title": "นางสาว", "Votable": true, "province_id": 66, "province_name": "พิจิตร", "zone_number": 3, "PartyTerminated": false, "Age": 39, "Occupation": "เกษตรกร", "HighestEducation": "ปริญญาตรี", "ImageFileId": "5c594ac0fbcb5f1d88177065", "SelfIntroduceFileId": "5c594bfafbcb5f1d88177ed0", "PartyLogo": "https://storage.googleapis.com/candidate-thumbs/party/193.png", "CandididatePhoto": "https://storage.googleapis.com/candidate-thumbs/images/66-3-16.jpg"}, {"Unnamed: 0": 1744, "CandidateId": "e3ebda69-8393-4cd1-8628-7e2a0d6fbece", "CandidateNo": 17, "FirstName": "วัลลภ", "LastName": "พึ่งไชย", "PartyName": "ประชาภิวัฒน์", "PartyNumber": 172, "Title": "นาย", "Votable": true, "province_id": 66, "province_name": "พิจิตร", "zone_number": 3, "PartyTerminated": false, "Age": 61, "Occupation": "รับราชการ", "HighestEducation": "ปริญญาโท", "ImageFileId": "5c594c2dfbcb5f1d88178197", "SelfIntroduceFileId": "5c594ee2fbcb5f1d8817a312", "PartyLogo": "https://storage.googleapis.com/candidate-thumbs/party/172.png", "CandididatePhoto": "https://storage.googleapis.com/candidate-thumbs/images/66-3-17.jpg"}, {"Unnamed: 0": 1745, "CandidateId": "0b4fc183-9aa9-4807-86d7-34116dfd0295", "CandidateNo": 18, "FirstName": "ชาตรี", "LastName": "กลิ่นหอม", "PartyName": "ไทยศรีวิไลย์", "PartyNumber": 180, "Title": "นาย", "Votable": true, "province_id": 66, "province_name": "พิจิตร", "zone_number": 3, "PartyTerminated": false, "Age": 34, "Occupation": "ค้าขาย", "HighestEducation": "ต่ำกว่าปริญญาตรี", "ImageFileId": "5c594f5dfbcb5f1d8817a73b", "SelfIntroduceFileId": "5c5950fafbcb5f1d8817be34", "PartyLogo": "https://storage.googleapis.com/candidate-thumbs/party/180.png", "CandididatePhoto": "https://storage.googleapis.com/candidate-thumbs/images/66-3-18.jpg"}, {"Unnamed: 0": 1746, "CandidateId": "4296acaa-6eed-46ae-b78d-9df0e86d4df8", "CandidateNo": 19, "FirstName": "สุรชัย", "LastName": "ตั้งสุวรรณเจริญ", "PartyName": "เพื่อนไทย", "PartyNumber": 179, "Title": "นาย", "Votable": false, "province_id": 66, "province_name": "พิจิตร", "zone_number": 3, "PartyTerminated": false, "Age": 67, "Occupation": "ช้าราชการบำนาญ", "HighestEducation": "ปริญญาโท", "ImageFileId": "5c595136fbcb5f1d8817c272", "SelfIntroduceFileId": "5c5952a0fbcb5f1d8817d1cb", "PartyLogo": "https://storage.googleapis.com/candidate-thumbs/party/179.png", "CandididatePhoto": "https://storage.googleapis.com/candidate-thumbs/images/66-3-19.jpg"}, {"Unnamed: 0": 1747, "CandidateId": "908a01ce-d133-4dd8-9bf4-5e1bbf3a3709", "CandidateNo": 20, "FirstName": "ชัชวัสส์", "LastName": "แก้วชัยสิทธิ์", "PartyName": "ภราดรภาพ", "PartyNumber": 154, "Title": "นาย", "Votable": true, "province_id": 66, "province_name": "พิจิตร", "zone_number": 3, "PartyTerminated": false, "Age": 47, "Occupation": "ธุรกิจส่วนตัว", "HighestEducation": "ปริญญาตรี", "ImageFileId": "5c5952f9fbcb5f1d8817d65e", "SelfIntroduceFileId": "5c595495fbcb5f1d8817e3bf", "PartyLogo": "https://storage.googleapis.com/candidate-thumbs/party/154.png", "CandididatePhoto": "https://storage.googleapis.com/candidate-thumbs/images/66-3-20.jpg"}, {"Unnamed: 0": 1748, "CandidateId": "d70d3b68-8b80-43dd-9d6f-6226b17514b5", "CandidateNo": 21, "FirstName": "ประทุมทิพย์", "LastName": "บุญสืบ", "PartyName": "เพื่อแผ่นดิน", "PartyNumber": 41, "Title": "นาง", "Votable": true, "province_id": 66, "province_name": "พิจิตร", "zone_number": 3, "PartyTerminated": false, "Age": 48, "Occupation": "ธุรกิจส่วนตัว", "HighestEducation": "ต่ำกว่าปริญญาตรี", "ImageFileId": "5c5ad43bfbcb5f19bcabaff0", "SelfIntroduceFileId": "5c5ad966fbcb5f19bcabb55a", "PartyLogo": "https://storage.googleapis.com/candidate-thumbs/party/41.png", "CandididatePhoto": "https://storage.googleapis.com/candidate-thumbs/images/66-3-21.jpg"}, {"Unnamed: 0": 1749, "CandidateId": "6c416431-f7cc-4725-9b66-e62caef58c08", "CandidateNo": 22, "FirstName": "ธัชชัย", "LastName": "คมขำ", "PartyName": "ประชาชนปฏิรูป", "PartyNumber": 176, "Title": "นาย", "Votable": true, "province_id": 66, "province_name": "พิจิตร", "zone_number": 3, "PartyTerminated": false, "Age": 51, "Occupation": "กรรมการบริหารโรงเรียนและที่ปรึกษา", "HighestEducation": "ปริญญาโท", "ImageFileId": "5c5ad9c6fbcb5f19bcabb653", "SelfIntroduceFileId": "5c5adfcafbcb5f19bcabbca7", "PartyLogo": "https://storage.googleapis.com/candidate-thumbs/party/176.png", "CandididatePhoto": "https://storage.googleapis.com/candidate-thumbs/images/66-3-22.jpg"}, {"Unnamed: 0": 1750, "CandidateId": "05d733a2-512b-491c-a698-77af49db425e", "CandidateNo": 23, "FirstName": "ฉลอง", "LastName": "กลางนอก", "PartyName": "พลังชาติไทย", "PartyNumber": 186, "Title": "นาย", "Votable": true, "province_id": 66, "province_name": "พิจิตร", "zone_number": 3, "PartyTerminated": false, "Age": 46, "Occupation": "เกษตรกร", "HighestEducation": "ต่ำกว่าปริญญาตรี", "ImageFileId": "5c5bc771fbcb5f16fc668420", "SelfIntroduceFileId": "5c5c3e41fbcb5f16fc686bac", "PartyLogo": "https://storage.googleapis.com/candidate-thumbs/party/186.png", "CandididatePhoto": "https://storage.googleapis.com/candidate-thumbs/images/66-3-23.jpg"}, {"Unnamed: 0": 1751, "CandidateId": "d5d4dcbe-f494-4a7f-870b-d3ac8d9fb1c9", "CandidateNo": 24, "FirstName": "วันชัย", "LastName": "งามสม", "PartyName": "พลังสังคม", "PartyNumber": 198, "Title": "นาย", "Votable": true, "province_id": 66, "province_name": "พิจิตร", "zone_number": 3, "PartyTerminated": false, "Age": 61, "Occupation": "ข้าราชการบำนาญ", "HighestEducation": "ปริญญาโท", "ImageFileId": "5c5bcc32fbcb5f16fc66a220", "SelfIntroduceFileId": "5c5c41d9fbcb5f16fc687183", "PartyLogo": "https://storage.googleapis.com/candidate-thumbs/party/198.png", "CandididatePhoto": "https://storage.googleapis.com/candidate-thumbs/images/66-3-24.jpg"}, {"Unnamed: 0": 1752, "CandidateId": "16b9857b-d9d1-4401-8721-159e8a235ba9", "CandidateNo": 25, "FirstName": "อำนวย", "LastName": "พรมโคตร", "PartyName": "เครือข่ายชาวนาแห่งประเทศไทย", "PartyNumber": 22, "Title": "นาย", "Votable": true, "province_id": 66, "province_name": "พิจิตร", "zone_number": 3, "PartyTerminated": false, "Age": 45, "Occupation": "เกษตรกร", "HighestEducation": "ปริญญาตรี", "ImageFileId": "5c5bd190fbcb5f16fc66c857", "SelfIntroduceFileId": "5c5d021dfbcb5f0fd8849481", "PartyLogo": "https://storage.googleapis.com/candidate-thumbs/party/22.png", "CandididatePhoto": "https://storage.googleapis.com/candidate-thumbs/images/66-3-25.jpg"}, {"Unnamed: 0": 1753, "CandidateId": "8811f5b8-c53a-43ad-a975-8fee0981be6d", "CandidateNo": 26, "FirstName": "ไชยยัณต์", "LastName": "กัณฑษา", "PartyName": "พลังครูไทย", "PartyNumber": 210, "Title": "นาย", "Votable": true, "province_id": 66, "province_name": "พิจิตร", "zone_number": 3, "PartyTerminated": false, "Age": 64, "Occupation": "ข้าราชการครู", "HighestEducation": "ปริญญาโท", "ImageFileId": "5c5bda97fbcb5f16fc670d43", "SelfIntroduceFileId": "5c5bdec0fbcb5f16fc673244", "PartyLogo": "https://storage.googleapis.com/candidate-thumbs/party/210.png", "CandididatePhoto": "https://storage.googleapis.com/candidate-thumbs/images/66-3-26.jpg"}, {"Unnamed: 0": 1754, "CandidateId": "678a5062-f07f-45a4-87ea-c21ca306dfd7", "CandidateNo": 27, "FirstName": "สมชาย", "LastName": "พิมพ์สอน", "PartyName": "พลังไทยรักไทย", "PartyNumber": 185, "Title": "ร้อยตำรวจโท", "Votable": true, "province_id": 66, "province_name": "พิจิตร", "zone_number": 3, "PartyTerminated": false, "Age": 63, "Occupation": "รับราชการตำรวจ", "HighestEducation": "ต่ำกว่าปริญญาตรี", "ImageFileId": "5c5d36fdfbcb5f0fd885f97d", "SelfIntroduceFileId": "5c5d3d86fbcb5f0fd88632d0", "PartyLogo": "https://storage.googleapis.com/candidate-thumbs/party/185.png", "CandididatePhoto": "https://storage.googleapis.com/candidate-thumbs/images/66-3-27.jpg"}, {"Unnamed: 0": 1755, "CandidateId": "884d017d-39db-4ef9-933c-5e0120b066e5", "CandidateNo": 28, "FirstName": "สุทิน", "LastName": "พุกยอด", "PartyName": "ไทรักธรรม", "PartyNumber": 144, "Title": "นางสาว", "Votable": true, "province_id": 66, "province_name": "พิจิตร", "zone_number": 3, "PartyTerminated": false, "Age": 43, "Occupation": "ค้าขาย", "HighestEducation": "ต่ำกว่าปริญญาตรี", "ImageFileId": "5c5d504cfbcb5f0fd887008a", "SelfIntroduceFileId": "5c5d7e95fbcb5f0fd8882610", "PartyLogo": "https://storage.googleapis.com/candidate-thumbs/party/144.png", "CandididatePhoto": "https://storage.googleapis.com/candidate-thumbs/images/66-3-28.jpg"}, {"Unnamed: 0": 1756, "CandidateId": "d133b8cc-966f-470b-adc6-088aa0eeb20c", "CandidateNo": 29, "FirstName": "ณัฐพงษ์", "LastName": "ภู่กลัดอัครวินท์", "PartyName": "ฐานรากไทย", "PartyNumber": 208, "Title": "นาย", "Votable": true, "province_id": 66, "province_name": "พิจิตร", "zone_number": 3, "PartyTerminated": false, "Age": 52, "Occupation": "เกษตรกร", "HighestEducation": "ต่ำกว่าปริญญาตรี", "ImageFileId": "5c5d54ddfbcb5f0fd88734e6", "SelfIntroduceFileId": "5c5d811efbcb5f0fd8882a61", "PartyLogo": "https://storage.googleapis.com/candidate-thumbs/party/208.png", "CandididatePhoto": "https://storage.googleapis.com/candidate-thumbs/images/66-3-29.jpg"}]