[{"Unnamed: 0": 457, "CandidateId": "a8b9a840-dd4d-453a-ac97-1d5b99ef7522", "CandidateNo": 1, "FirstName": "จุฬา", "LastName": "สามารถ", "PartyName": "พลังท้องถิ่นไท", "PartyNumber": 124, "Title": "นาย", "Votable": true, "province_id": 83, "province_name": "ภูเก็ต", "zone_number": 1, "PartyTerminated": false, "Age": 52, "Occupation": "รับจ้าง", "HighestEducation": "ปริญญาตรี", "ImageFileId": "5c57b8d5fbcb5f1eec0d2f61", "SelfIntroduceFileId": "5c57f3a8fbcb5f1eec0ec4a5", "PartyLogo": "https://storage.googleapis.com/candidate-thumbs/party/124.png", "CandididatePhoto": "https://storage.googleapis.com/candidate-thumbs/images/83-1-1.jpg"}, {"Unnamed: 0": 458, "CandidateId": "f6e87b1b-5520-44b6-a807-56983013b2c9", "CandidateNo": 2, "FirstName": "อำนาจ", "LastName": "สีฟ้า", "PartyName": "พลังไทยรักไทย", "PartyNumber": 185, "Title": "นาย", "Votable": true, "province_id": 83, "province_name": "ภูเก็ต", "zone_number": 1, "PartyTerminated": false, "Age": 50, "Occupation": "ธุรกิจส่วนตัว", "HighestEducation": "ปริญญาตรี", "ImageFileId": "5c57f70bfbcb5f1eec0ee952", "SelfIntroduceFileId": "5c59423bfbcb5f1d8816fa62", "PartyLogo": "https://storage.googleapis.com/candidate-thumbs/party/185.png", "CandididatePhoto": "https://storage.googleapis.com/candidate-thumbs/images/83-1-2.jpg"}, {"Unnamed: 0": 459, "CandidateId": "321ca473-640d-415c-af5e-c72ebfb77e68", "CandidateNo": 3, "FirstName": "สรนันท์", "LastName": "เสน่ห์", "PartyName": "เสรีรวมไทย", "PartyNumber": 145, "Title": "นาย", "Votable": true, "province_id": 83, "province_name": "ภูเก็ต", "zone_number": 1, "PartyTerminated": false, "Age": 56, "Occupation": "ข้าราชการบำนาญ", "HighestEducation": "ปริญญาโท", "ImageFileId": "5c58e768fbcb5f1d8812ebcc", "SelfIntroduceFileId": "5c59071efbcb5f1d88141c6d", "PartyLogo": "https://storage.googleapis.com/candidate-thumbs/party/145.png", "CandididatePhoto": "https://storage.googleapis.com/candidate-thumbs/images/83-1-3.jpg"}, {"Unnamed: 0": 460, "CandidateId": "397dd152-1ee9-4224-8b73-6b897f5e1358", "CandidateNo": 4, "FirstName": "ธีระเดช", "LastName": "พู่นำชัย", "PartyName": "ประชาชาติ", "PartyNumber": 187, "Title": "นาย", "Votable": true, "province_id": 83, "province_name": "ภูเก็ต", "zone_number": 1, "PartyTerminated": false, "Age": 35, "Occupation": "ตัวแทนประกันชีวิต", "HighestEducation": "ปริญญาตรี", "ImageFileId": "5c59097cfbcb5f1d88143847", "SelfIntroduceFileId": "5c5920d7fbcb5f1d88153a33", "PartyLogo": "https://storage.googleapis.com/candidate-thumbs/party/187.png", "CandididatePhoto": "https://storage.googleapis.com/candidate-thumbs/images/83-1-4.jpg"}, {"Unnamed: 0": 461, "CandidateId": "8c4d10a5-80e0-463a-97fd-138101889ffe", "CandidateNo": 5, "FirstName": "อนุชา", "LastName": "ชัชยานุกร", "PartyName": "รักษ์ผืนป่าประเทศไทย", "PartyNumber": 133, "Title": "นาย", "Votable": true, "province_id": 83, "province_name": "ภูเก็ต", "zone_number": 1, "PartyTerminated": false, "Age": 51, "Occupation": "เกษตรกร", "HighestEducation": "ปริญญาตรี", "ImageFileId": "5c57f7d2fbcb5f1eec0ef17c", "SelfIntroduceFileId": "5c5923eefbcb5f1d8815589e", "PartyLogo": "https://storage.googleapis.com/candidate-thumbs/party/133.png", "CandididatePhoto": "https://storage.googleapis.com/candidate-thumbs/images/83-1-5.jpg"}, {"Unnamed: 0": 462, "CandidateId": "2f0989fc-f461-434e-981a-d0d063a1f08b", "CandidateNo": 6, "FirstName": "จิรทีป", "LastName": "นาวารักษ์", "PartyName": "ชาติไทยพัฒนา", "PartyNumber": 55, "Title": "นาย", "Votable": true, "province_id": 83, "province_name": "ภูเก็ต", "zone_number": 1, "PartyTerminated": false, "Age": 49, "Occupation": "ค้าขาย", "HighestEducation": "ปริญญาตรี", "ImageFileId": "5c590a61fbcb5f1d8814469a", "SelfIntroduceFileId": "5c5925b4fbcb5f1d88156b70", "PartyLogo": "https://storage.googleapis.com/candidate-thumbs/party/55.png", "CandididatePhoto": "https://storage.googleapis.com/candidate-thumbs/images/83-1-6.jpg"}, {"Unnamed: 0": 463, "CandidateId": "b59226fb-9c24-41c9-99ae-334981cf7323", "CandidateNo": 7, "FirstName": "อรรคพล", "LastName": "นนทรีย์", "PartyName": "รวมพลังประชาชาติไทย", "PartyNumber": 181, "Title": "นาย", "Votable": true, "province_id": 83, "province_name": "ภูเก็ต", "zone_number": 1, "PartyTerminated": false, "Age": 51, "Occupation": "ธุรกิจการท่องเที่ยว", "HighestEducation": "ปริญญาตรี", "ImageFileId": "5c57ee5dfbcb5f1eec0e93de", "SelfIntroduceFileId": "5c592799fbcb5f1d88158337", "PartyLogo": "https://storage.googleapis.com/candidate-thumbs/party/181.png", "CandididatePhoto": "https://storage.googleapis.com/candidate-thumbs/images/83-1-7.jpg"}, {"Unnamed: 0": 464, "CandidateId": "c64e0056-61be-4a2c-869d-ca3b246b873b", "CandidateNo": 8, "FirstName": "วิศิษฐ์", "LastName": "อนันต์ศิริภัณฑ์", "PartyName": "อนาคตใหม่", "PartyNumber": 177, "Title": "นาย", "Votable": true, "province_id": 83, "province_name": "ภูเก็ต", "zone_number": 1, "PartyTerminated": false, "Age": 57, "Occupation": "ธุรกิจส่วนตัว", "HighestEducation": "ปริญญาโท", "ImageFileId": "5c57f58ffbcb5f1eec0eda6a", "SelfIntroduceFileId": "5c57f6c4fbcb5f1eec0ee739", "PartyLogo": "https://storage.googleapis.com/candidate-thumbs/party/177.png", "CandididatePhoto": "https://storage.googleapis.com/candidate-thumbs/images/83-1-8.jpg"}, {"Unnamed: 0": 465, "CandidateId": "7e0bfabf-f118-4971-a95b-cd8e5fccadbe", "CandidateNo": 9, "FirstName": "ชลสิทธิ", "LastName": "แก้วยะรัตน์", "PartyName": "ไทยรักษาชาติ", "PartyNumber": 77, "Title": "นาย", "Votable": true, "province_id": 83, "province_name": "ภูเก็ต", "zone_number": 1, "PartyTerminated": true, "Age": 57, "Occupation": "ทนายความ", "HighestEducation": "ปริญญาโท", "ImageFileId": "5c58f456fbcb5f1d881347f3", "SelfIntroduceFileId": "5c594088fbcb5f1d8816e09b", "PartyLogo": "https://storage.googleapis.com/candidate-thumbs/party/77.png", "CandididatePhoto": "https://storage.googleapis.com/candidate-thumbs/images/83-1-9.jpg"}, {"Unnamed: 0": 466, "CandidateId": "af88d0ba-5160-4e0c-924a-e2364109dd6c", "CandidateNo": 10, "FirstName": "พีระพงค์", "LastName": "ผลประมูล", "PartyName": "ประชานิยม", "PartyNumber": 191, "Title": "นาย", "Votable": true, "province_id": 83, "province_name": "ภูเก็ต", "zone_number": 1, "PartyTerminated": false, "Age": 64, "Occupation": "สื่อมวลชน", "HighestEducation": "ปริญญาตรี", "ImageFileId": "5c5803fdfbcb5f1eec0f9590", "SelfIntroduceFileId": "5c5805a4fbcb5f1eec0fae0d", "PartyLogo": "https://storage.googleapis.com/candidate-thumbs/party/191.png", "CandididatePhoto": "https://storage.googleapis.com/candidate-thumbs/images/83-1-10.jpg"}, {"Unnamed: 0": 467, "CandidateId": "404c7d8a-49ef-4d98-bcd6-39fa54eeed31", "CandidateNo": 11, "FirstName": "ประวิตร์", "LastName": "นาวี", "PartyName": "พลังธรรมใหม่", "PartyNumber": 175, "Title": "นาย", "Votable": true, "province_id": 83, "province_name": "ภูเก็ต", "zone_number": 1, "PartyTerminated": false, "Age": 61, "Occupation": "รับราชการ", "HighestEducation": "ปริญญาตรี", "ImageFileId": "5c58e9cbfbcb5f1d8812f67d", "SelfIntroduceFileId": "5c593187fbcb5f1d881613cd", "PartyLogo": "https://storage.googleapis.com/candidate-thumbs/party/175.png", "CandididatePhoto": "https://storage.googleapis.com/candidate-thumbs/images/83-1-11.jpg"}, {"Unnamed: 0": 468, "CandidateId": "6bb9b6ad-6206-4d43-805f-04ce6b2728a1", "CandidateNo": 12, "FirstName": "พลัฏฐ์", "LastName": "จันทรโศภิน", "PartyName": "เพื่อชาติ", "PartyNumber": 149, "Title": "นาย", "Votable": true, "province_id": 83, "province_name": "ภูเก็ต", "zone_number": 1, "PartyTerminated": false, "Age": 56, "Occupation": "ผู้จัดการฝ่ายการตลาด", "HighestEducation": "ต่ำกว่าปริญญาตรี", "ImageFileId": "5c590826fbcb5f1d881428a0", "SelfIntroduceFileId": "5c63d5a4fbcb5f0fb8d96df6", "PartyLogo": "https://storage.googleapis.com/candidate-thumbs/party/149.png", "CandididatePhoto": "https://storage.googleapis.com/candidate-thumbs/images/83-1-12.jpg"}, {"Unnamed: 0": 469, "CandidateId": "c6dc4892-fdf3-43dd-ad1f-370dfbe923d6", "CandidateNo": 13, "FirstName": "เรวัต", "LastName": "อารีรอบ", "PartyName": "ประชาธิปัตย์", "PartyNumber": 1, "Title": "นาย", "Votable": true, "province_id": 83, "province_name": "ภูเก็ต", "zone_number": 1, "PartyTerminated": false, "Age": 53, "Occupation": "นักธุรกิจ", "HighestEducation": "ปริญญาโท", "ImageFileId": "5c58fea7fbcb5f1d8813b0ca", "SelfIntroduceFileId": "5c592e6bfbcb5f1d8815e92d", "PartyLogo": "https://storage.googleapis.com/candidate-thumbs/party/1.png", "CandididatePhoto": "https://storage.googleapis.com/candidate-thumbs/images/83-1-13.jpg"}, {"Unnamed: 0": 470, "CandidateId": "147eefb8-102e-40f7-883c-2d7f40f2bd87", "CandidateNo": 14, "FirstName": "แนบ", "LastName": "สินทอง", "PartyName": "ภูมิใจไทย", "PartyNumber": 63, "Title": "นาย", "Votable": true, "province_id": 83, "province_name": "ภูเก็ต", "zone_number": 1, "PartyTerminated": false, "Age": 67, "Occupation": "รับราชการ", "HighestEducation": "ปริญญาโท", "ImageFileId": "5c57e8ebfbcb5f1eec0e65a9", "SelfIntroduceFileId": "5c58035cfbcb5f1eec0f8cc8", "PartyLogo": "https://storage.googleapis.com/candidate-thumbs/party/63.png", "CandididatePhoto": "https://storage.googleapis.com/candidate-thumbs/images/83-1-14.jpg"}, {"Unnamed: 0": 471, "CandidateId": "2f7699dd-77a7-4328-b4b5-c7f6268e3ac2", "CandidateNo": 15, "FirstName": "ชินสิช", "LastName": "ตันเจริญ", "PartyName": "ประชาภิวัฒน์", "PartyNumber": 172, "Title": "นาย", "Votable": true, "province_id": 83, "province_name": "ภูเก็ต", "zone_number": 1, "PartyTerminated": false, "Age": 45, "Occupation": "ลูกจ้าง", "HighestEducation": "ต่ำกว่าปริญญาตรี", "ImageFileId": "5c57d424fbcb5f1eec0ddd7c", "SelfIntroduceFileId": "5c592c25fbcb5f1d8815c5f4", "PartyLogo": "https://storage.googleapis.com/candidate-thumbs/party/172.png", "CandididatePhoto": "https://storage.googleapis.com/candidate-thumbs/images/83-1-15.jpg"}, {"Unnamed: 0": 472, "CandidateId": "6a9719a8-6205-4d52-95c3-c98cfa2b75a8", "CandidateNo": 16, "FirstName": "ชัยพิทักษ์", "LastName": "อึ๋งสินค้าตระกูล", "PartyName": "คลองไทย", "PartyNumber": 189, "Title": "นาย", "Votable": true, "province_id": 83, "province_name": "ภูเก็ต", "zone_number": 1, "PartyTerminated": false, "Age": 70, "Occupation": "นักธุรกิจอสังหาริมทรัพย์", "HighestEducation": "ต่ำกว่าปริญญาตรี", "ImageFileId": "5c57ce20fbcb5f1eec0dc6ef", "SelfIntroduceFileId": "5c58e8a5fbcb5f1d8812f244", "PartyLogo": "https://storage.googleapis.com/candidate-thumbs/party/189.png", "CandididatePhoto": "https://storage.googleapis.com/candidate-thumbs/images/83-1-16.jpg"}, {"Unnamed: 0": 473, "CandidateId": "076dae93-e5bb-4fcf-b9c9-744cc2de0230", "CandidateNo": 17, "FirstName": "สุทา", "LastName": "ประทีป ณ ถลาง", "PartyName": "พลังประชารัฐ", "PartyNumber": 192, "Title": "นาย", "Votable": true, "province_id": 83, "province_name": "ภูเก็ต", "zone_number": 1, "PartyTerminated": false, "Age": 56, "Occupation": "ประมงพื้นบ้าน", "HighestEducation": "ต่ำกว่าปริญญาตรี", "ImageFileId": "5c57c52bfbcb5f1eec0d93f5", "SelfIntroduceFileId": "5c57ea4cfbcb5f1eec0e6f25", "PartyLogo": "https://storage.googleapis.com/candidate-thumbs/party/192.png", "CandididatePhoto": "https://storage.googleapis.com/candidate-thumbs/images/83-1-17.jpg"}, {"Unnamed: 0": 474, "CandidateId": "4fe1f752-8882-4e94-a929-8cfe81eccca0", "CandidateNo": 18, "FirstName": "กรณรัช", "LastName": "คณานุรักษ์", "PartyName": "ประชาชนปฏิรูป", "PartyNumber": 176, "Title": "นางสาว", "Votable": true, "province_id": 83, "province_name": "ภูเก็ต", "zone_number": 1, "PartyTerminated": false, "Age": 35, "Occupation": "อิสระ", "HighestEducation": "ปริญญาโท", "ImageFileId": "5c5943bafbcb5f1d88170d22", "SelfIntroduceFileId": "5c5946d6fbcb5f1d88173abb", "PartyLogo": "https://storage.googleapis.com/candidate-thumbs/party/176.png", "CandididatePhoto": "https://storage.googleapis.com/candidate-thumbs/images/83-1-18.jpg"}, {"Unnamed: 0": 475, "CandidateId": "e6a612a3-c9ac-4526-b1e0-f6f3a990fb12", "CandidateNo": 19, "FirstName": "สมพร", "LastName": "หมวดหรี่", "PartyName": "พลังปวงชนไทย", "PartyNumber": 184, "Title": "นาย", "Votable": true, "province_id": 83, "province_name": "ภูเก็ต", "zone_number": 1, "PartyTerminated": false, "Age": 47, "Occupation": "ค้าขาย", "HighestEducation": "ต่ำกว่าปริญญาตรี", "ImageFileId": "5c5b8c2efbcb5f16fc651e4c", "SelfIntroduceFileId": "5c5b98cefbcb5f16fc655833", "PartyLogo": "https://storage.googleapis.com/candidate-thumbs/party/184.png", "CandididatePhoto": "https://storage.googleapis.com/candidate-thumbs/images/83-1-19.jpg"}, {"Unnamed: 0": 476, "CandidateId": "d3607cfe-57ee-424d-8251-97f932f88ac6", "CandidateNo": 20, "FirstName": "เสริญ", "LastName": "สุขเกษม", "PartyName": "ครูไทยเพื่อประชาชน", "PartyNumber": 118, "Title": "นาย", "Votable": true, "province_id": 83, "province_name": "ภูเก็ต", "zone_number": 1, "PartyTerminated": false, "Age": 58, "Occupation": "รับจ้าง", "HighestEducation": "ต่ำกว่าปริญญาตรี", "ImageFileId": "5c5ba21ffbcb5f16fc659025", "SelfIntroduceFileId": "5c5ba3fffbcb5f16fc659d73", "PartyLogo": "https://storage.googleapis.com/candidate-thumbs/party/118.png", "CandididatePhoto": "https://storage.googleapis.com/candidate-thumbs/images/83-1-20.jpg"}, {"Unnamed: 0": 477, "CandidateId": "99717edf-3285-49b0-b56f-f881525cf308", "CandidateNo": 21, "FirstName": "อาทร", "LastName": "ออมทรัพย์", "PartyName": "ทางเลือกใหม่", "PartyNumber": 170, "Title": "นาย", "Votable": true, "province_id": 83, "province_name": "ภูเก็ต", "zone_number": 1, "PartyTerminated": false, "Age": 60, "Occupation": "-", "HighestEducation": "ต่ำกว่าปริญญาตรี", "ImageFileId": "5c5bc313fbcb5f16fc666ef5", "SelfIntroduceFileId": "5c5bc4e9fbcb5f16fc6677fd", "PartyLogo": "https://storage.googleapis.com/candidate-thumbs/party/170.png", "CandididatePhoto": "https://storage.googleapis.com/candidate-thumbs/images/83-1-21.jpg"}, {"Unnamed: 0": 478, "CandidateId": "4fd7e3c2-8125-42a8-8f42-1581fa248242", "CandidateNo": 22, "FirstName": "สุเมธ", "LastName": "เพชรอาวุธ", "PartyName": "ประชาธรรมไทย", "PartyNumber": 190, "Title": "นาย", "Votable": true, "province_id": 83, "province_name": "ภูเก็ต", "zone_number": 1, "PartyTerminated": false, "Age": 42, "Occupation": "ธุรกิจส่วนตัว", "HighestEducation": "ปริญญาโท", "ImageFileId": "5c5cfaa1fbcb5f0fd88454c2", "SelfIntroduceFileId": "5c5d0e7bfbcb5f0fd884ea08", "PartyLogo": "https://storage.googleapis.com/candidate-thumbs/party/190.png", "CandididatePhoto": "https://storage.googleapis.com/candidate-thumbs/images/83-1-22.jpg"}, {"Unnamed: 0": 479, "CandidateId": "1c45bd21-4ed0-4f07-882e-cf5bd9c99c12", "CandidateNo": 23, "FirstName": "ทวิชา", "LastName": "คุปต์ทรงคุณ", "PartyName": "พลังสหกรณ์", "PartyNumber": 122, "Title": "นาย", "Votable": true, "province_id": 83, "province_name": "ภูเก็ต", "zone_number": 1, "PartyTerminated": false, "Age": 67, "Occupation": "ข้าราชการบำนาญ", "HighestEducation": "ปริญญาตรี", "ImageFileId": "5c5d0249fbcb5f0fd8849693", "SelfIntroduceFileId": "5c5d1fe8fbcb5f0fd8853fc4", "PartyLogo": "https://storage.googleapis.com/candidate-thumbs/party/122.png", "CandididatePhoto": "https://storage.googleapis.com/candidate-thumbs/images/83-1-23.jpg"}, {"Unnamed: 0": 480, "CandidateId": "e44d1c52-0e75-4a4e-8d90-ba87ba889b22", "CandidateNo": 24, "FirstName": "ประวัติชัย", "LastName": "พิเศษสินธ์", "PartyName": "พลังศรัทธา", "PartyNumber": 201, "Title": "นาย", "Votable": true, "province_id": 83, "province_name": "ภูเก็ต", "zone_number": 1, "PartyTerminated": false, "Age": 59, "Occupation": "ธุรกิจรับเหมาทั่วไป", "HighestEducation": "ต่ำกว่าปริญญาตรี", "ImageFileId": "5c5d0872fbcb5f0fd884c6c0", "SelfIntroduceFileId": "5c5d207dfbcb5f0fd8854474", "PartyLogo": "https://storage.googleapis.com/candidate-thumbs/party/201.png", "CandididatePhoto": "https://storage.googleapis.com/candidate-thumbs/images/83-1-24.jpg"}, {"Unnamed: 0": 481, "CandidateId": "c68628b5-546a-472f-bfb3-4321d21cf29e", "CandidateNo": 25, "FirstName": "ฐานิดา", "LastName": "อะคะปัน", "PartyName": "เศรษฐกิจใหม่", "PartyNumber": 193, "Title": "นางสาว", "Votable": true, "province_id": 83, "province_name": "ภูเก็ต", "zone_number": 1, "PartyTerminated": false, "Age": 28, "Occupation": "-", "HighestEducation": "ต่ำกว่าปริญญาตรี", "ImageFileId": "5c5d1f3efbcb5f0fd88539e7", "SelfIntroduceFileId": "5c5d217efbcb5f0fd8854ccd", "PartyLogo": "https://storage.googleapis.com/candidate-thumbs/party/193.png", "CandididatePhoto": "https://storage.googleapis.com/candidate-thumbs/images/83-1-25.jpg"}, {"Unnamed: 0": 482, "CandidateId": "04cc5a97-c13d-4a28-8793-ddc65723e0e3", "CandidateNo": 26, "FirstName": "ปรีชา", "LastName": "ยุคุณธร", "PartyName": "ภราดรภาพ", "PartyNumber": 154, "Title": "นาย", "Votable": true, "province_id": 83, "province_name": "ภูเก็ต", "zone_number": 1, "PartyTerminated": false, "Age": 47, "Occupation": "ธุรกิจส่วนตัว", "HighestEducation": "ปริญญาตรี", "ImageFileId": "5c5d27dcfbcb5f0fd8857d59", "SelfIntroduceFileId": "5c5d284dfbcb5f0fd88580e2", "PartyLogo": "https://storage.googleapis.com/candidate-thumbs/party/154.png", "CandididatePhoto": "https://storage.googleapis.com/candidate-thumbs/images/83-1-26.jpg"}, {"Unnamed: 0": 483, "CandidateId": "953b3914-8683-45e7-bcd6-8066f1e6fdc6", "CandidateNo": 27, "FirstName": "เสน่ห์", "LastName": "เพชรสุทธิ์", "PartyName": "ผึ้งหลวง", "PartyNumber": 164, "Title": "นาย", "Votable": false, "province_id": 83, "province_name": "ภูเก็ต", "zone_number": 1, "PartyTerminated": false, "Age": 30, "Occupation": "ธุรกิจส่วนตัว", "HighestEducation": "ต่ำกว่าปริญญาตรี", "ImageFileId": "5c5d4838fbcb5f0fd886a2c1", "SelfIntroduceFileId": "5c5d48aafbcb5f0fd886a9d9", "PartyLogo": "https://storage.googleapis.com/candidate-thumbs/party/164.png", "CandididatePhoto": "https://storage.googleapis.com/candidate-thumbs/images/83-1-27.jpg"}, {"Unnamed: 0": 484, "CandidateId": "519612df-7ace-4e4c-b369-500a38aaa93e", "CandidateNo": 28, "FirstName": "กฤษฎา", "LastName": "ดวงสุวรรณ์", "PartyName": "ไทรักธรรม", "PartyNumber": 144, "Title": "นาย", "Votable": true, "province_id": 83, "province_name": "ภูเก็ต", "zone_number": 1, "PartyTerminated": false, "Age": 61, "Occupation": "ธุรกิจส่วนตัว", "HighestEducation": "ต่ำกว่าปริญญาตรี", "ImageFileId": "5c5d5236fbcb5f0fd88710fb", "SelfIntroduceFileId": "5c5d5719fbcb5f0fd88753c7", "PartyLogo": "https://storage.googleapis.com/candidate-thumbs/party/144.png", "CandididatePhoto": "https://storage.googleapis.com/candidate-thumbs/images/83-1-28.jpg"}]