[{"Unnamed: 0": 4738, "CandidateId": "8b9d0d29-1c93-41a6-85ff-412fe8c3814c", "CandidateNo": 1, "FirstName": "บวร", "LastName": "ธุระพันธ์", "PartyName": "ชาติพัฒนา", "PartyNumber": 45, "Title": "นาย", "Votable": true, "province_id": 44, "province_name": "มหาสารคาม", "zone_number": 4, "PartyTerminated": false, "Age": 66, "Occupation": "ข้าราชการครู", "HighestEducation": "ปริญญาตรี", "ImageFileId": "5c665718fbcb5f1548d997e0", "SelfIntroduceFileId": "5c57e874fbcb5f1eec0e5fec", "PartyLogo": "https://storage.googleapis.com/candidate-thumbs/party/45.png", "CandididatePhoto": "https://storage.googleapis.com/candidate-thumbs/images/44-4-1.jpg"}, {"Unnamed: 0": 4739, "CandidateId": "6b6adaaf-675e-43e0-9ccc-8e26ab4fcc2f", "CandidateNo": 2, "FirstName": "ยุทธภพ", "LastName": "คำสุโพธิ์", "PartyName": "พลังท้องถิ่นไท", "PartyNumber": 124, "Title": "นาย", "Votable": true, "province_id": 44, "province_name": "มหาสารคาม", "zone_number": 4, "PartyTerminated": false, "Age": 55, "Occupation": "สมาชิกองค์การบริหารส่วนตำบลนาโพธิ์", "HighestEducation": "ต่ำกว่าปริญญาตรี", "ImageFileId": "5c57ebf1fbcb5f1eec0e7b2b", "SelfIntroduceFileId": "5c58fb09fbcb5f1d88138d46", "PartyLogo": "https://storage.googleapis.com/candidate-thumbs/party/124.png", "CandididatePhoto": "https://storage.googleapis.com/candidate-thumbs/images/44-4-2.jpg"}, {"Unnamed: 0": 4740, "CandidateId": "a9aa91b0-8c02-4ef1-bd65-d74530587f21", "CandidateNo": 3, "FirstName": "สรรพภัญญู", "LastName": "ศิริไปล์", "PartyName": "ไทยรักษาชาติ", "PartyNumber": 77, "Title": "นาย", "Votable": true, "province_id": 44, "province_name": "มหาสารคาม", "zone_number": 4, "PartyTerminated": true, "Age": 63, "Occupation": "นักการเมือง", "HighestEducation": "ปริญญาโท", "ImageFileId": "5c5803aafbcb5f1eec0f9103", "SelfIntroduceFileId": "5c580b49fbcb5f1eec0ff557", "PartyLogo": "https://storage.googleapis.com/candidate-thumbs/party/77.png", "CandididatePhoto": "https://storage.googleapis.com/candidate-thumbs/images/44-4-3.jpg"}, {"Unnamed: 0": 4741, "CandidateId": "0bbcc662-1bd4-4354-9456-78f794cb8a32", "CandidateNo": 4, "FirstName": "หวัน", "LastName": "ชินเชษฐ์", "PartyName": "เศรษฐกิจใหม่", "PartyNumber": 193, "Title": "นาย", "Votable": true, "province_id": 44, "province_name": "มหาสารคาม", "zone_number": 4, "PartyTerminated": false, "Age": 69, "Occupation": "เกษตรกรรม", "HighestEducation": "ต่ำกว่าปริญญาตรี", "ImageFileId": "5c58e0d9fbcb5f1d8812d9b2", "SelfIntroduceFileId": "5c58e408fbcb5f1d8812e0be", "PartyLogo": "https://storage.googleapis.com/candidate-thumbs/party/193.png", "CandididatePhoto": "https://storage.googleapis.com/candidate-thumbs/images/44-4-4.jpg"}, {"Unnamed: 0": 4742, "CandidateId": "f932ab08-f605-47db-aa34-e251dee5de07", "CandidateNo": 5, "FirstName": "วิชิต", "LastName": "แสนแก้ว", "PartyName": "ภูมิใจไทย", "PartyNumber": 63, "Title": "นาย", "Votable": true, "province_id": 44, "province_name": "มหาสารคาม", "zone_number": 4, "PartyTerminated": false, "Age": 56, "Occupation": "เกษตรกรรม", "HighestEducation": "ปริญญาโท", "ImageFileId": "5c662ed2fbcb5f1548d94703", "SelfIntroduceFileId": "5c58eac9fbcb5f1d8812fbca", "PartyLogo": "https://storage.googleapis.com/candidate-thumbs/party/63.png", "CandididatePhoto": "https://storage.googleapis.com/candidate-thumbs/images/44-4-5.jpg"}, {"Unnamed: 0": 4743, "CandidateId": "0d38fd95-3c87-43c4-be51-438ec702a1e1", "CandidateNo": 6, "FirstName": "ณิชาภา", "LastName": "โคตรมั่นคง", "PartyName": "ทางเลือกใหม่", "PartyNumber": 170, "Title": "นางสาว", "Votable": true, "province_id": 44, "province_name": "มหาสารคาม", "zone_number": 4, "PartyTerminated": false, "Age": 50, "Occupation": "ค้าขาย", "HighestEducation": "ปริญญาตรี", "ImageFileId": "5c58ecbbfbcb5f1d881306a1", "SelfIntroduceFileId": "5c58f381fbcb5f1d88134046", "PartyLogo": "https://storage.googleapis.com/candidate-thumbs/party/170.png", "CandididatePhoto": "https://storage.googleapis.com/candidate-thumbs/images/44-4-6.jpg"}, {"Unnamed: 0": 4744, "CandidateId": "bbf1f5c0-6128-4cfc-b918-8ca66e779741", "CandidateNo": 7, "FirstName": "ธนพงษ์", "LastName": "วังสพรรณ์", "PartyName": "เพื่อนไทย", "PartyNumber": 179, "Title": "นาย", "Votable": false, "province_id": 44, "province_name": "มหาสารคาม", "zone_number": 4, "PartyTerminated": false, "Age": 49, "Occupation": "ทำธุรกิจส่วนตัว", "HighestEducation": "ปริญญาตรี", "ImageFileId": "5c58f4d9fbcb5f1d88134c4f", "SelfIntroduceFileId": "5c58f828fbcb5f1d88136ffa", "PartyLogo": "https://storage.googleapis.com/candidate-thumbs/party/179.png", "CandididatePhoto": "https://storage.googleapis.com/candidate-thumbs/images/44-4-7.jpg"}, {"Unnamed: 0": 4745, "CandidateId": "e9b303b2-ad12-4bb6-8a08-3ba36aa090b4", "CandidateNo": 8, "FirstName": "โกศล", "LastName": "คาดพันโน", "PartyName": "พลังประชารัฐ", "PartyNumber": 192, "Title": "นาย", "Votable": true, "province_id": 44, "province_name": "มหาสารคาม", "zone_number": 4, "PartyTerminated": false, "Age": 56, "Occupation": "ธุรกิจส่วนตัว", "HighestEducation": "ปริญญาตรี", "ImageFileId": "5c590372fbcb5f1d8813eecc", "SelfIntroduceFileId": "5c590a73fbcb5f1d881447bd", "PartyLogo": "https://storage.googleapis.com/candidate-thumbs/party/192.png", "CandididatePhoto": "https://storage.googleapis.com/candidate-thumbs/images/44-4-8.jpg"}, {"Unnamed: 0": 4746, "CandidateId": "bdfc3868-ba84-4d13-9003-b82fa8de2c09", "CandidateNo": 9, "FirstName": "ปิยะชัย", "LastName": "ตุ่ยสิมา", "PartyName": "ประชาภิวัฒน์", "PartyNumber": 172, "Title": "นาย", "Votable": true, "province_id": 44, "province_name": "มหาสารคาม", "zone_number": 4, "PartyTerminated": false, "Age": 62, "Occupation": "รับราชการ", "HighestEducation": "ปริญญาโท", "ImageFileId": "5c663975fbcb5f1548d95ad8", "SelfIntroduceFileId": "5c590e92fbcb5f1d881481cd", "PartyLogo": "https://storage.googleapis.com/candidate-thumbs/party/172.png", "CandididatePhoto": "https://storage.googleapis.com/candidate-thumbs/images/44-4-9.jpg"}, {"Unnamed: 0": 4747, "CandidateId": "6b84ba85-90f0-4468-9d0c-0fd4d85fcaed", "CandidateNo": 10, "FirstName": "ปรีชา", "LastName": "ภูศรี", "PartyName": "ประชาชนปฏิรูป", "PartyNumber": 176, "Title": "นาย", "Votable": true, "province_id": 44, "province_name": "มหาสารคาม", "zone_number": 4, "PartyTerminated": false, "Age": 59, "Occupation": "กำนันตำบลห้วยเตย", "HighestEducation": "ปริญญาตรี", "ImageFileId": "5c5911e4fbcb5f1d8814b3bf", "SelfIntroduceFileId": "5c59139bfbcb5f1d8814cb13", "PartyLogo": "https://storage.googleapis.com/candidate-thumbs/party/176.png", "CandididatePhoto": "https://storage.googleapis.com/candidate-thumbs/images/44-4-10.jpg"}, {"Unnamed: 0": 4748, "CandidateId": "8b4d8bd5-80e8-4068-aa39-daad7997462a", "CandidateNo": 11, "FirstName": "จิรวัฒน์", "LastName": "ศิริพานิชย์", "PartyName": "เพื่อไทย", "PartyNumber": 34, "Title": "นาย", "Votable": true, "province_id": 44, "province_name": "มหาสารคาม", "zone_number": 4, "PartyTerminated": false, "Age": 46, "Occupation": "อดีตผู้สมัครส.ส.", "HighestEducation": "ปริญญาโท", "ImageFileId": "5c5915fafbcb5f1d8814e6c9", "SelfIntroduceFileId": "5c59220ffbcb5f1d881545a7", "PartyLogo": "https://storage.googleapis.com/candidate-thumbs/party/34.png", "CandididatePhoto": "https://storage.googleapis.com/candidate-thumbs/images/44-4-11.jpg"}, {"Unnamed: 0": 4749, "CandidateId": "5e4475e6-0ec4-4596-943a-cf45eec5da93", "CandidateNo": 12, "FirstName": "เศรษฐวัฒน์", "LastName": "ศิริโกมุท", "PartyName": "ประชาธิปัตย์", "PartyNumber": 1, "Title": "นาย", "Votable": true, "province_id": 44, "province_name": "มหาสารคาม", "zone_number": 4, "PartyTerminated": false, "Age": 55, "Occupation": "ธุรกิจส่วนตัว", "HighestEducation": "ปริญญาตรี", "ImageFileId": "5c592328fbcb5f1d88155046", "SelfIntroduceFileId": "5c59269cfbcb5f1d88157a30", "PartyLogo": "https://storage.googleapis.com/candidate-thumbs/party/1.png", "CandididatePhoto": "https://storage.googleapis.com/candidate-thumbs/images/44-4-12.jpg"}, {"Unnamed: 0": 4750, "CandidateId": "8765fb49-ac8b-468e-ad77-c67873ac4d1a", "CandidateNo": 13, "FirstName": "ชัยพิราม", "LastName": "พิมพ์ภูธร", "PartyName": "เสรีรวมไทย", "PartyNumber": 145, "Title": "นาย", "Votable": true, "province_id": 44, "province_name": "มหาสารคาม", "zone_number": 4, "PartyTerminated": false, "Age": 37, "Occupation": "ทนายความ", "HighestEducation": "ปริญญาตรี", "ImageFileId": "5c592757fbcb5f1d88158226", "SelfIntroduceFileId": "5c5929b0fbcb5f1d88159ae8", "PartyLogo": "https://storage.googleapis.com/candidate-thumbs/party/145.png", "CandididatePhoto": "https://storage.googleapis.com/candidate-thumbs/images/44-4-13.jpg"}, {"Unnamed: 0": 4751, "CandidateId": "56e815b4-2d88-4a4b-a408-ad0fce27e6a4", "CandidateNo": 14, "FirstName": "พิบูลย์", "LastName": "จันทศิลป์", "PartyName": "อนาคตใหม่", "PartyNumber": 177, "Title": "นาย", "Votable": true, "province_id": 44, "province_name": "มหาสารคาม", "zone_number": 4, "PartyTerminated": false, "Age": 63, "Occupation": "ข้าราชการบำนาญ", "HighestEducation": "ต่ำกว่าปริญญาตรี", "ImageFileId": "5c592ad8fbcb5f1d8815af3d", "SelfIntroduceFileId": "5c592c66fbcb5f1d8815ca42", "PartyLogo": "https://storage.googleapis.com/candidate-thumbs/party/177.png", "CandididatePhoto": "https://storage.googleapis.com/candidate-thumbs/images/44-4-14.jpg"}, {"Unnamed: 0": 4752, "CandidateId": "e11a947e-8fb0-4df0-b059-66f4365d85c2", "CandidateNo": 15, "FirstName": "สงกรานต์", "LastName": "จันทะปัสสา", "PartyName": "ไทยศรีวิไลย์", "PartyNumber": 180, "Title": "พันเอก", "Votable": true, "province_id": 44, "province_name": "มหาสารคาม", "zone_number": 4, "PartyTerminated": false, "Age": 58, "Occupation": "รับราชการทหาร", "HighestEducation": "ปริญญาตรี", "ImageFileId": "5c592f5afbcb5f1d8815f748", "SelfIntroduceFileId": "5c59336bfbcb5f1d8816302f", "PartyLogo": "https://storage.googleapis.com/candidate-thumbs/party/180.png", "CandididatePhoto": "https://storage.googleapis.com/candidate-thumbs/images/44-4-15.jpg"}, {"Unnamed: 0": 4753, "CandidateId": "c99635cc-dea8-4d98-b8ad-03b157772061", "CandidateNo": 16, "FirstName": "รัตนาภรณ์", "LastName": "พิสุทธิพงศ์", "PartyName": "รวมพลังประชาชาติไทย", "PartyNumber": 181, "Title": "นาง", "Votable": true, "province_id": 44, "province_name": "มหาสารคาม", "zone_number": 4, "PartyTerminated": false, "Age": 59, "Occupation": "ธุรกิจส่วนตัว", "HighestEducation": "ต่ำกว่าปริญญาตรี", "ImageFileId": "5c5936d2fbcb5f1d88165a8b", "SelfIntroduceFileId": "5c593a43fbcb5f1d88168f28", "PartyLogo": "https://storage.googleapis.com/candidate-thumbs/party/181.png", "CandididatePhoto": "https://storage.googleapis.com/candidate-thumbs/images/44-4-16.jpg"}, {"Unnamed: 0": 4754, "CandidateId": "92fcae56-b94d-4b49-a505-f256783ef6f6", "CandidateNo": 17, "FirstName": "อุดร", "LastName": "ศิริแก้ว", "PartyName": "รักษ์ผืนป่าประเทศไทย", "PartyNumber": 133, "Title": "นาย", "Votable": true, "province_id": 44, "province_name": "มหาสารคาม", "zone_number": 4, "PartyTerminated": false, "Age": 60, "Occupation": "เกษตรกรรม", "HighestEducation": "ต่ำกว่าปริญญาตรี", "ImageFileId": "5c593b8cfbcb5f1d8816a01f", "SelfIntroduceFileId": "5c594060fbcb5f1d8816de56", "PartyLogo": "https://storage.googleapis.com/candidate-thumbs/party/133.png", "CandididatePhoto": "https://storage.googleapis.com/candidate-thumbs/images/44-4-17.jpg"}, {"Unnamed: 0": 4755, "CandidateId": "3e17057f-455d-464f-bebe-c31a2bfea7c0", "CandidateNo": 18, "FirstName": "เตชสิทธิ์", "LastName": "พิมล", "PartyName": "สยามพัฒนา", "PartyNumber": 182, "Title": "นาย", "Votable": true, "province_id": 44, "province_name": "มหาสารคาม", "zone_number": 4, "PartyTerminated": false, "Age": 66, "Occupation": "ข้าราชการครู", "HighestEducation": "ปริญญาโท", "ImageFileId": "5c66636ffbcb5f1548d9b119", "SelfIntroduceFileId": "5c594cfdfbcb5f1d88178d0a", "PartyLogo": "https://storage.googleapis.com/candidate-thumbs/party/182.png", "CandididatePhoto": "https://storage.googleapis.com/candidate-thumbs/images/44-4-18.jpg"}, {"Unnamed: 0": 4756, "CandidateId": "5f8fc186-e5a7-4dab-85c0-17dfb8aee0fc", "CandidateNo": 19, "FirstName": "โยธิน", "LastName": "เถื่อนมิ่งมาตย์", "PartyName": "ชาติไทยพัฒนา", "PartyNumber": 55, "Title": "นาย", "Votable": true, "province_id": 44, "province_name": "มหาสารคาม", "zone_number": 4, "PartyTerminated": false, "Age": 49, "Occupation": "อาจารย์พิเศษ", "HighestEducation": "ปริญญาโท", "ImageFileId": "5c6664eafbcb5f1548d9b439", "SelfIntroduceFileId": "5c5952e5fbcb5f1d8817d58d", "PartyLogo": "https://storage.googleapis.com/candidate-thumbs/party/55.png", "CandididatePhoto": "https://storage.googleapis.com/candidate-thumbs/images/44-4-19.jpg"}, {"Unnamed: 0": 4757, "CandidateId": "bc60676a-328d-4a3d-a30e-b3eb081cdb2f", "CandidateNo": 20, "FirstName": "สุพล", "LastName": "วัฒนกิติกุล", "PartyName": "ประชาธรรมไทย", "PartyNumber": 190, "Title": "นาย", "Votable": true, "province_id": 44, "province_name": "มหาสารคาม", "zone_number": 4, "PartyTerminated": false, "Age": 61, "Occupation": "นักการเมืองท้องถิ่น", "HighestEducation": "ปริญญาโท", "ImageFileId": "5c5a3912fbcb5f19bca8840b", "SelfIntroduceFileId": "5c5a3b65fbcb5f19bca89146", "PartyLogo": "https://storage.googleapis.com/candidate-thumbs/party/190.png", "CandididatePhoto": "https://storage.googleapis.com/candidate-thumbs/images/44-4-20.jpg"}, {"Unnamed: 0": 4758, "CandidateId": "297fadb4-4f9e-4a06-972d-980054f8885f", "CandidateNo": 21, "FirstName": "ณัชธภัค", "LastName": "เนื่องยางศรี", "PartyName": "ประชานิยม", "PartyNumber": 191, "Title": "นาย", "Votable": true, "province_id": 44, "province_name": "มหาสารคาม", "zone_number": 4, "PartyTerminated": false, "Age": 45, "Occupation": "พนักงานบริษัท", "HighestEducation": "ปริญญาตรี", "ImageFileId": "5c5a3e89fbcb5f19bca89e1f", "SelfIntroduceFileId": "5c5a4116fbcb5f19bca8ad56", "PartyLogo": "https://storage.googleapis.com/candidate-thumbs/party/191.png", "CandididatePhoto": "https://storage.googleapis.com/candidate-thumbs/images/44-4-21.jpg"}, {"Unnamed: 0": 4759, "CandidateId": "8c404654-429f-440d-8907-3e9897ea5c5b", "CandidateNo": 22, "FirstName": "สันติ", "LastName": "ประทุมรัตน์", "PartyName": "พลังประชาธิปไตย", "PartyNumber": 153, "Title": "นาย", "Votable": true, "province_id": 44, "province_name": "มหาสารคาม", "zone_number": 4, "PartyTerminated": false, "Age": 80, "Occupation": "เกษตรกร", "HighestEducation": "ปริญญาตรี", "ImageFileId": "5c5a430efbcb5f19bca8bb30", "SelfIntroduceFileId": "5c5a471ffbcb5f19bca8d9af", "PartyLogo": "https://storage.googleapis.com/candidate-thumbs/party/153.png", "CandididatePhoto": "https://storage.googleapis.com/candidate-thumbs/images/44-4-22.jpg"}, {"Unnamed: 0": 4760, "CandidateId": "db61b648-e843-4235-9aac-d56b84dafee1", "CandidateNo": 23, "FirstName": "ชลิต", "LastName": "ลอยคลัง", "PartyName": "พลังไทยรักไทย", "PartyNumber": 185, "Title": "ร.ต.ท.", "Votable": true, "province_id": 44, "province_name": "มหาสารคาม", "zone_number": 4, "PartyTerminated": false, "Age": 62, "Occupation": "รับราชการตำรวจ", "HighestEducation": "ปริญญาตรี", "ImageFileId": "5c5a654afbcb5f19bca9d751", "SelfIntroduceFileId": "5c5a6cb2fbcb5f19bca9fbe9", "PartyLogo": "https://storage.googleapis.com/candidate-thumbs/party/185.png", "CandididatePhoto": "https://storage.googleapis.com/candidate-thumbs/images/44-4-23.jpg"}, {"Unnamed: 0": 4761, "CandidateId": "f969dda4-99f6-4ac2-a09c-110218138d19", "CandidateNo": 24, "FirstName": "กุสุมาลวตี", "LastName": "ศิริโกมุท", "PartyName": "เพื่อชาติ", "PartyNumber": 149, "Title": "นาง", "Votable": true, "province_id": 44, "province_name": "มหาสารคาม", "zone_number": 4, "PartyTerminated": false, "Age": 56, "Occupation": "สมาชิกสภาผู้แทนราษฎร", "HighestEducation": "ปริญญาโท", "ImageFileId": "5c5a6d69fbcb5f19bca9fe67", "SelfIntroduceFileId": "5c5a6f4dfbcb5f19bcaa02c2", "PartyLogo": "https://storage.googleapis.com/candidate-thumbs/party/149.png", "CandididatePhoto": "https://storage.googleapis.com/candidate-thumbs/images/44-4-24.jpg"}, {"Unnamed: 0": 4762, "CandidateId": "676a49e9-0a40-4274-bd23-eb2fba4d4fcc", "CandidateNo": 25, "FirstName": "ชัยโรจน์", "LastName": "สัตยสัณห์สกุล", "PartyName": "ประชากรไทย", "PartyNumber": 2, "Title": "นาย", "Votable": true, "province_id": 44, "province_name": "มหาสารคาม", "zone_number": 4, "PartyTerminated": false, "Age": 62, "Occupation": "ค้าขาย", "HighestEducation": "ปริญญาตรี", "ImageFileId": "5c5ce9acfbcb5f16fc68c72b", "SelfIntroduceFileId": "5c5ced5efbcb5f16fc68dc42", "PartyLogo": "https://storage.googleapis.com/candidate-thumbs/party/2.png", "CandididatePhoto": "https://storage.googleapis.com/candidate-thumbs/images/44-4-25.jpg"}, {"Unnamed: 0": 4763, "CandidateId": "61f3e1d4-b28c-42e7-84d8-2997b1656c1c", "CandidateNo": 26, "FirstName": "เรืองศักดิ์", "LastName": "ภูสถิตย์", "PartyName": "ครูไทยเพื่อประชาชน", "PartyNumber": 118, "Title": "นาย", "Votable": true, "province_id": 44, "province_name": "มหาสารคาม", "zone_number": 4, "PartyTerminated": false, "Age": 40, "Occupation": "รับจ้าง", "HighestEducation": "ต่ำกว่าปริญญาตรี", "ImageFileId": "5c5cee0dfbcb5f16fc68e05d", "SelfIntroduceFileId": "5c5cf03efbcb5f16fc68eda9", "PartyLogo": "https://storage.googleapis.com/candidate-thumbs/party/118.png", "CandididatePhoto": "https://storage.googleapis.com/candidate-thumbs/images/44-4-26.jpg"}, {"Unnamed: 0": 4764, "CandidateId": "9e5d67f5-58f8-430a-9261-d7668b431974", "CandidateNo": 27, "FirstName": "สุภาพร", "LastName": "แสนโสภา", "PartyName": "มหาชน", "PartyNumber": 4, "Title": "นาง", "Votable": true, "province_id": 44, "province_name": "มหาสารคาม", "zone_number": 4, "PartyTerminated": false, "Age": 41, "Occupation": "ค้าขาย", "HighestEducation": "ต่ำกว่าปริญญาตรี", "ImageFileId": "5c5cf1a6fbcb5f16fc68f7a6", "SelfIntroduceFileId": "5c5cf35cfbcb5f16fc6902ff", "PartyLogo": "https://storage.googleapis.com/candidate-thumbs/party/4.png", "CandididatePhoto": "https://storage.googleapis.com/candidate-thumbs/images/44-4-27.jpg"}, {"Unnamed: 0": 4765, "CandidateId": "64daa646-c3b1-41af-9dc1-527162e63a79", "CandidateNo": 28, "FirstName": "อดิศักดิ์", "LastName": "ดรปัญญา", "PartyName": "พลังไทสร้างชาติ", "PartyNumber": 200, "Title": "นาย", "Votable": true, "province_id": 44, "province_name": "มหาสารคาม", "zone_number": 4, "PartyTerminated": false, "Age": 53, "Occupation": "ธุรกิจส่วนตัว", "HighestEducation": "ปริญญาตรี", "ImageFileId": "5c5cf3cffbcb5f16fc690720", "SelfIntroduceFileId": "5c5cf580fbcb5f16fc69122a", "PartyLogo": "https://storage.googleapis.com/candidate-thumbs/party/200.png", "CandididatePhoto": "https://storage.googleapis.com/candidate-thumbs/images/44-4-28.jpg"}, {"Unnamed: 0": 4766, "CandidateId": "b98cd412-e2df-481b-b243-064eece0e510", "CandidateNo": 29, "FirstName": "ชินกร", "LastName": "ศรีคราม", "PartyName": "กลาง", "PartyNumber": 203, "Title": "นาย", "Votable": true, "province_id": 44, "province_name": "มหาสารคาม", "zone_number": 4, "PartyTerminated": false, "Age": 46, "Occupation": "เกษตรกร", "HighestEducation": "ต่ำกว่าปริญญาตรี", "ImageFileId": "5c5cf66bfbcb5f16fc6918a4", "SelfIntroduceFileId": "5c5cf862fbcb5f0fd88442ea", "PartyLogo": "https://storage.googleapis.com/candidate-thumbs/party/203.png", "CandididatePhoto": "https://storage.googleapis.com/candidate-thumbs/images/44-4-29.jpg"}, {"Unnamed: 0": 4767, "CandidateId": "7ff4b2ff-3ea4-4e3f-abe8-64e720737a40", "CandidateNo": 30, "FirstName": "ฉัตรเฉลิมวุฒิ", "LastName": "ลาดเหลา", "PartyName": "พลังชาติไทย", "PartyNumber": 186, "Title": "นาย", "Votable": true, "province_id": 44, "province_name": "มหาสารคาม", "zone_number": 4, "PartyTerminated": false, "Age": 47, "Occupation": "นักกฎหมายอิสระ", "HighestEducation": "ปริญญาตรี", "ImageFileId": "5c5cf913fbcb5f0fd8844719", "SelfIntroduceFileId": "5c5cfc9bfbcb5f0fd88465a5", "PartyLogo": "https://storage.googleapis.com/candidate-thumbs/party/186.png", "CandididatePhoto": "https://storage.googleapis.com/candidate-thumbs/images/44-4-30.jpg"}, {"Unnamed: 0": 4768, "CandidateId": "9314c817-2095-4b5d-9400-0915bde1328e", "CandidateNo": 31, "FirstName": "ประภาส", "LastName": "เนื่องแก้ว", "PartyName": "พลเมืองไทย", "PartyNumber": 173, "Title": "นาย", "Votable": true, "province_id": 44, "province_name": "มหาสารคาม", "zone_number": 4, "PartyTerminated": false, "Age": 67, "Occupation": "ข้าราชการบำนาญ", "HighestEducation": "ปริญญาโท", "ImageFileId": "5c5cfd10fbcb5f0fd88468a0", "SelfIntroduceFileId": "5c5d020efbcb5f0fd88492bf", "PartyLogo": "https://storage.googleapis.com/candidate-thumbs/party/173.png", "CandididatePhoto": "https://storage.googleapis.com/candidate-thumbs/images/44-4-31.jpg"}, {"Unnamed: 0": 4769, "CandidateId": "a27fc6e0-d872-46ee-a97b-02d48e733d9f", "CandidateNo": 32, "FirstName": "มนตรี", "LastName": "ทัพขวา", "PartyName": "เครือข่ายชาวนาแห่งประเทศไทย", "PartyNumber": 22, "Title": "นาย", "Votable": true, "province_id": 44, "province_name": "มหาสารคาม", "zone_number": 4, "PartyTerminated": false, "Age": 60, "Occupation": "เกษตรกร", "HighestEducation": "ต่ำกว่าปริญญาตรี", "ImageFileId": "5c5d45fbfbcb5f0fd8868cfc", "SelfIntroduceFileId": "5c5d4d35fbcb5f0fd886df1b", "PartyLogo": "https://storage.googleapis.com/candidate-thumbs/party/22.png", "CandididatePhoto": "https://storage.googleapis.com/candidate-thumbs/images/44-4-32.jpg"}, {"Unnamed: 0": 4770, "CandidateId": "8d6eb2a5-487f-4525-87b9-bcc63c8743d7", "CandidateNo": 33, "FirstName": "มารศรี", "LastName": "สิทธิด่าง", "PartyName": "ภาคีเครือข่ายไทย", "PartyNumber": 211, "Title": "นาง", "Votable": true, "province_id": 44, "province_name": "มหาสารคาม", "zone_number": 4, "PartyTerminated": false, "Age": 57, "Occupation": "อิสระ", "HighestEducation": "ปริญญาตรี", "ImageFileId": "5c5d4ac2fbcb5f0fd886c521", "SelfIntroduceFileId": "5c5d500cfbcb5f0fd886fd72", "PartyLogo": "https://storage.googleapis.com/candidate-thumbs/party/211.png", "CandididatePhoto": "https://storage.googleapis.com/candidate-thumbs/images/44-4-33.jpg"}, {"Unnamed: 0": 4771, "CandidateId": "82d34055-bee1-43da-9577-7a6149dd0ba4", "CandidateNo": 34, "FirstName": "สมศรี", "LastName": "เทียบสี", "PartyName": "พลังสังคม", "PartyNumber": 198, "Title": "จ่าสิบตำรวจ", "Votable": true, "province_id": 44, "province_name": "มหาสารคาม", "zone_number": 4, "PartyTerminated": false, "Age": 57, "Occupation": "เกษตรกรรม", "HighestEducation": "ต่ำกว่าปริญญาตรี", "ImageFileId": "5c5d50f4fbcb5f0fd8870602", "SelfIntroduceFileId": "5c5d534efbcb5f0fd8872128", "PartyLogo": "https://storage.googleapis.com/candidate-thumbs/party/198.png", "CandididatePhoto": "https://storage.googleapis.com/candidate-thumbs/images/44-4-34.jpg"}, {"Unnamed: 0": 4772, "CandidateId": "b2650dcf-a4da-41a9-8417-1a2447cd0756", "CandidateNo": 35, "FirstName": "ประจวบ", "LastName": "พรหมกัลป์", "PartyName": "ผึ้งหลวง", "PartyNumber": 164, "Title": "นาย", "Votable": true, "province_id": 44, "province_name": "มหาสารคาม", "zone_number": 4, "PartyTerminated": false, "Age": 63, "Occupation": "รองนายกองค์การบริหารส่วนตำบลหนองสิม", "HighestEducation": "ต่ำกว่าปริญญาตรี", "ImageFileId": "5c5d592cfbcb5f0fd8876ebc", "SelfIntroduceFileId": "5c5d5b33fbcb5f0fd8878304", "PartyLogo": "https://storage.googleapis.com/candidate-thumbs/party/164.png", "CandididatePhoto": "https://storage.googleapis.com/candidate-thumbs/images/44-4-35.jpg"}, {"Unnamed: 0": 4773, "CandidateId": "16703c7b-64a0-441f-84c2-8f06ae1c0b8f", "CandidateNo": 36, "FirstName": "จันเพ็ญ", "LastName": "วงษาวัตร", "PartyName": "ไทรักธรรม", "PartyNumber": 144, "Title": "นาง", "Votable": true, "province_id": 44, "province_name": "มหาสารคาม", "zone_number": 4, "PartyTerminated": false, "Age": 46, "Occupation": "เกษตรกร", "HighestEducation": "ต่ำกว่าปริญญาตรี", "ImageFileId": "5c5d5c77fbcb5f0fd8878f4a", "SelfIntroduceFileId": "5c5d5e14fbcb5f0fd8879cc8", "PartyLogo": "https://storage.googleapis.com/candidate-thumbs/party/144.png", "CandididatePhoto": "https://storage.googleapis.com/candidate-thumbs/images/44-4-36.jpg"}, {"Unnamed: 0": 4774, "CandidateId": "81eaf472-8b06-468a-b63e-fac2bd59cda7", "CandidateNo": 37, "FirstName": "ประยุทธ์", "LastName": "พานคง", "PartyName": "พลังปวงชนไทย", "PartyNumber": 184, "Title": "นาย", "Votable": true, "province_id": 44, "province_name": "มหาสารคาม", "zone_number": 4, "PartyTerminated": false, "Age": 53, "Occupation": "ธุรกิจส่วนตัว", "HighestEducation": "ปริญญาโท", "ImageFileId": "5c5d5ea7fbcb5f0fd887a125", "SelfIntroduceFileId": "5c5d6049fbcb5f0fd887afd7", "PartyLogo": "https://storage.googleapis.com/candidate-thumbs/party/184.png", "CandididatePhoto": "https://storage.googleapis.com/candidate-thumbs/images/44-4-37.jpg"}, {"Unnamed: 0": 4775, "CandidateId": "388cdcd6-f70d-44b7-a8d6-c2d347c9e34e", "CandidateNo": 38, "FirstName": "นิยม", "LastName": "เอี่ยมชัย", "PartyName": "ภูมิพลังเกษตรกรไทย", "PartyNumber": 197, "Title": "นาย", "Votable": true, "province_id": 44, "province_name": "มหาสารคาม", "zone_number": 4, "PartyTerminated": false, "Age": 69, "Occupation": "เกษตรกร", "HighestEducation": "ต่ำกว่าปริญญาตรี", "ImageFileId": "5c5d618afbcb5f0fd887ba50", "SelfIntroduceFileId": "5c5d6342fbcb5f0fd887c760", "PartyLogo": "https://storage.googleapis.com/candidate-thumbs/party/197.png", "CandididatePhoto": "https://storage.googleapis.com/candidate-thumbs/images/44-4-38.jpg"}, {"Unnamed: 0": 4776, "CandidateId": "c856e234-5f2b-4ded-b2fa-6fab99e38bcc", "CandidateNo": 39, "FirstName": "กฤตดนัย", "LastName": "สิงหบุตร", "PartyName": "แทนคุณแผ่นดิน", "PartyNumber": 53, "Title": "นาย", "Votable": true, "province_id": 44, "province_name": "มหาสารคาม", "zone_number": 4, "PartyTerminated": false, "Age": 70, "Occupation": "ธุรกิจส่วนตัว", "HighestEducation": "ปริญญาโท", "ImageFileId": "5c5d63f5fbcb5f0fd887cae3", "SelfIntroduceFileId": "5c5d65f4fbcb5f0fd887d93c", "PartyLogo": "https://storage.googleapis.com/candidate-thumbs/party/53.png", "CandididatePhoto": "https://storage.googleapis.com/candidate-thumbs/images/44-4-39.jpg"}]