[{"Unnamed: 0": 516, "CandidateId": "a1379d1e-64dd-465f-a449-f7ab89f1df92", "CandidateNo": 1, "FirstName": "ยุภาพร", "LastName": "คล่องแคล่ว", "PartyName": "พลังปวงชนไทย", "PartyNumber": 184, "Title": "นาง", "Votable": true, "province_id": 49, "province_name": "มุกดาหาร", "zone_number": 1, "PartyTerminated": false, "Age": 58, "Occupation": "สมาชิกสภาเทศบาลเมืองมุกดาหาร", "HighestEducation": "ปริญญาโท", "ImageFileId": "5c592dc3fbcb5f1d8815df6e", "SelfIntroduceFileId": "5c59321ffbcb5f1d88161b59", "PartyLogo": "https://storage.googleapis.com/candidate-thumbs/party/184.png", "CandididatePhoto": "https://storage.googleapis.com/candidate-thumbs/images/49-1-1.jpg"}, {"Unnamed: 0": 517, "CandidateId": "81ed1f3f-3b23-4b2e-94ba-ab4a277bffb5", "CandidateNo": 2, "FirstName": "วีระพงษ์", "LastName": "ทองผา", "PartyName": "พลังประชารัฐ", "PartyNumber": 192, "Title": "นาย", "Votable": true, "province_id": 49, "province_name": "มุกดาหาร", "zone_number": 1, "PartyTerminated": false, "Age": 61, "Occupation": "ข้าราชการครู", "HighestEducation": "ปริญญาโท", "ImageFileId": "5c592d60fbcb5f1d8815d968", "SelfIntroduceFileId": "5c59340bfbcb5f1d881636a0", "PartyLogo": "https://storage.googleapis.com/candidate-thumbs/party/192.png", "CandididatePhoto": "https://storage.googleapis.com/candidate-thumbs/images/49-1-2.jpg"}, {"Unnamed: 0": 518, "CandidateId": "579227d0-7fce-4953-a31a-6cfe86418cb6", "CandidateNo": 3, "FirstName": "สุเทียน", "LastName": "ทองโสม", "PartyName": "เสรีรวมไทย", "PartyNumber": 145, "Title": "ร้อยตำรวจตรี", "Votable": true, "province_id": 49, "province_name": "มุกดาหาร", "zone_number": 1, "PartyTerminated": false, "Age": 54, "Occupation": "ข้าราชการตำรวจ", "HighestEducation": "ปริญญาตรี", "ImageFileId": "5c5910f2fbcb5f1d8814a730", "SelfIntroduceFileId": "5c591172fbcb5f1d8814aecb", "PartyLogo": "https://storage.googleapis.com/candidate-thumbs/party/145.png", "CandididatePhoto": "https://storage.googleapis.com/candidate-thumbs/images/49-1-3.jpg"}, {"Unnamed: 0": 519, "CandidateId": "db6b1599-8cc8-4378-bb8d-9c4d2aae2b18", "CandidateNo": 4, "FirstName": "ขันเพ็ชร์", "LastName": "คำโพธิ์", "PartyName": "เพื่อคนไทย", "PartyNumber": 183, "Title": "นาย", "Votable": true, "province_id": 49, "province_name": "มุกดาหาร", "zone_number": 1, "PartyTerminated": false, "Age": 53, "Occupation": "ค้าขาย", "HighestEducation": "ต่ำกว่าปริญญาตรี", "ImageFileId": "5c592e91fbcb5f1d8815ec30", "SelfIntroduceFileId": "5c593ab1fbcb5f1d88169640", "PartyLogo": "https://storage.googleapis.com/candidate-thumbs/party/183.png", "CandididatePhoto": "https://storage.googleapis.com/candidate-thumbs/images/49-1-4.jpg"}, {"Unnamed: 0": 520, "CandidateId": "53799ca9-42ec-4bf6-9e85-3dd08e01683d", "CandidateNo": 5, "FirstName": "พงษ์ศักดิ์", "LastName": "จันทจวง", "PartyName": "ประชาชาติ", "PartyNumber": 187, "Title": "นาย", "Votable": true, "province_id": 49, "province_name": "มุกดาหาร", "zone_number": 1, "PartyTerminated": false, "Age": 64, "Occupation": "ข้าราชการบำนาญ", "HighestEducation": "ปริญญาตรี", "ImageFileId": "5c59364afbcb5f1d881653af", "SelfIntroduceFileId": "5c593de7fbcb5f1d8816be51", "PartyLogo": "https://storage.googleapis.com/candidate-thumbs/party/187.png", "CandididatePhoto": "https://storage.googleapis.com/candidate-thumbs/images/49-1-5.jpg"}, {"Unnamed: 0": 521, "CandidateId": "76775e45-e361-49df-b3fd-9d4b579331ae", "CandidateNo": 6, "FirstName": "ชัชวาล", "LastName": "กลางประพันธ์", "PartyName": "พลังท้องถิ่นไท", "PartyNumber": 124, "Title": "นาย", "Votable": true, "province_id": 49, "province_name": "มุกดาหาร", "zone_number": 1, "PartyTerminated": false, "Age": 40, "Occupation": "ลูกจ้างหน่วยงานของรัฐ", "HighestEducation": "ต่ำกว่าปริญญาตรี", "ImageFileId": "5c592e58fbcb5f1d8815e6fc", "SelfIntroduceFileId": "5c5937affbcb5f1d88166933", "PartyLogo": "https://storage.googleapis.com/candidate-thumbs/party/124.png", "CandididatePhoto": "https://storage.googleapis.com/candidate-thumbs/images/49-1-6.jpg"}, {"Unnamed: 0": 522, "CandidateId": "9429a5da-e74a-4578-b3c5-237f73c6fd61", "CandidateNo": 7, "FirstName": "ทรงเกียรติ์", "LastName": "รัตนภูมินทร์", "PartyName": "เพื่อนไทย", "PartyNumber": 179, "Title": "นาย", "Votable": false, "province_id": 49, "province_name": "มุกดาหาร", "zone_number": 1, "PartyTerminated": false, "Age": 66, "Occupation": "รับจ้างทั่วไป", "HighestEducation": "ปริญญาตรี", "ImageFileId": "5c592f1cfbcb5f1d8815f537", "SelfIntroduceFileId": "5c593e63fbcb5f1d8816c405", "PartyLogo": "https://storage.googleapis.com/candidate-thumbs/party/179.png", "CandididatePhoto": "https://storage.googleapis.com/candidate-thumbs/images/49-1-7.jpg"}, {"Unnamed: 0": 523, "CandidateId": "f9259a8b-c940-4618-9b05-55c7f423058c", "CandidateNo": 8, "FirstName": "อรรถสิทธิ์", "LastName": "สุวรรณศรี", "PartyName": "พลังชาติไทย", "PartyNumber": 186, "Title": "นาย", "Votable": true, "province_id": 49, "province_name": "มุกดาหาร", "zone_number": 1, "PartyTerminated": false, "Age": 71, "Occupation": "ข้าราชการครูบำนาญ", "HighestEducation": "ปริญญาโท", "ImageFileId": "5c593813fbcb5f1d8816720a", "SelfIntroduceFileId": "5c595688fbcb5f1d8817f586", "PartyLogo": "https://storage.googleapis.com/candidate-thumbs/party/186.png", "CandididatePhoto": "https://storage.googleapis.com/candidate-thumbs/images/49-1-8.jpg"}, {"Unnamed: 0": 524, "CandidateId": "ef74f012-94d1-4e38-89de-6b0d401920f9", "CandidateNo": 9, "FirstName": "วรินทร์ธร", "LastName": "ภูมิบุญชู", "PartyName": "อนาคตใหม่", "PartyNumber": 177, "Title": "นางสาว", "Votable": true, "province_id": 49, "province_name": "มุกดาหาร", "zone_number": 1, "PartyTerminated": false, "Age": 36, "Occupation": "พนักงานจ้างเหมาบริการ", "HighestEducation": "ปริญญาตรี", "ImageFileId": "5c5938c6fbcb5f1d88167a7c", "SelfIntroduceFileId": "5c595795fbcb5f1d8817fcfe", "PartyLogo": "https://storage.googleapis.com/candidate-thumbs/party/177.png", "CandididatePhoto": "https://storage.googleapis.com/candidate-thumbs/images/49-1-9.jpg"}, {"Unnamed: 0": 525, "CandidateId": "df2de4bf-9174-48cb-9e03-5b9731769635", "CandidateNo": 10, "FirstName": "ทวีทรัพย์", "LastName": "ไชยมุกดา", "PartyName": "พลังไทยรักไทย", "PartyNumber": 185, "Title": "นาย", "Votable": true, "province_id": 49, "province_name": "มุกดาหาร", "zone_number": 1, "PartyTerminated": false, "Age": 50, "Occupation": "ธุรกิจส่วนตัว", "HighestEducation": "ต่ำกว่าปริญญาตรี", "ImageFileId": "5c593a64fbcb5f1d88169141", "SelfIntroduceFileId": "5c5a67effbcb5f19bca9e8ef", "PartyLogo": "https://storage.googleapis.com/candidate-thumbs/party/185.png", "CandididatePhoto": "https://storage.googleapis.com/candidate-thumbs/images/49-1-10.jpg"}, {"Unnamed: 0": 526, "CandidateId": "1df0165d-35a2-498e-86de-db74fd6f38de", "CandidateNo": 11, "FirstName": "พิพัฒน์", "LastName": "พิกุลศรี", "PartyName": "รวมพลังประชาชาติไทย", "PartyNumber": 181, "Title": "นาย", "Votable": true, "province_id": 49, "province_name": "มุกดาหาร", "zone_number": 1, "PartyTerminated": false, "Age": 57, "Occupation": "เกษตรกร", "HighestEducation": "ต่ำกว่าปริญญาตรี", "ImageFileId": "5c593acdfbcb5f1d881696ee", "SelfIntroduceFileId": "5c5a6a4cfbcb5f19bca9f4b3", "PartyLogo": "https://storage.googleapis.com/candidate-thumbs/party/181.png", "CandididatePhoto": "https://storage.googleapis.com/candidate-thumbs/images/49-1-11.jpg"}, {"Unnamed: 0": 527, "CandidateId": "100fb303-92ca-4220-9653-a29908c91f78", "CandidateNo": 12, "FirstName": "พนมศักดิ์", "LastName": "เรชิวงศ์", "PartyName": "พลังธรรมใหม่", "PartyNumber": 175, "Title": "นาย", "Votable": true, "province_id": 49, "province_name": "มุกดาหาร", "zone_number": 1, "PartyTerminated": false, "Age": 57, "Occupation": "แพทย์ภูมิปัญญาไทย,นักวิจัยเพื่อท้องถิ่น", "HighestEducation": "ต่ำกว่าปริญญาตรี", "ImageFileId": "5c593bcafbcb5f1d8816a247", "SelfIntroduceFileId": "5c5a6b71fbcb5f19bca9f80d", "PartyLogo": "https://storage.googleapis.com/candidate-thumbs/party/175.png", "CandididatePhoto": "https://storage.googleapis.com/candidate-thumbs/images/49-1-12.jpg"}, {"Unnamed: 0": 528, "CandidateId": "54cb5a6c-20e9-47d8-9128-88faa1ed1421", "CandidateNo": 13, "FirstName": "อนุสรณ์", "LastName": "โพธิ์ศิริ", "PartyName": "เพื่อชาติ", "PartyNumber": 149, "Title": "นาย", "Votable": true, "province_id": 49, "province_name": "มุกดาหาร", "zone_number": 1, "PartyTerminated": false, "Age": 55, "Occupation": "ทนายความ ", "HighestEducation": "ปริญญาตรี", "ImageFileId": "5c593c2cfbcb5f1d8816a603", "SelfIntroduceFileId": "5c5a6c07fbcb5f19bca9f973", "PartyLogo": "https://storage.googleapis.com/candidate-thumbs/party/149.png", "CandididatePhoto": "https://storage.googleapis.com/candidate-thumbs/images/49-1-13.jpg"}, {"Unnamed: 0": 529, "CandidateId": "a1b921cb-db37-49ad-a66d-729c5695bc6c", "CandidateNo": 14, "FirstName": "กิ่งฟ้า", "LastName": "อรพันธ์", "PartyName": "ประชานิยม", "PartyNumber": 191, "Title": "นาง", "Votable": true, "province_id": 49, "province_name": "มุกดาหาร", "zone_number": 1, "PartyTerminated": false, "Age": 50, "Occupation": "ธุรกิจส่วนตัว", "HighestEducation": "ปริญญาตรี", "ImageFileId": "5c593d11fbcb5f1d8816b122", "SelfIntroduceFileId": "5c5a6d68fbcb5f19bca9fe62", "PartyLogo": "https://storage.googleapis.com/candidate-thumbs/party/191.png", "CandididatePhoto": "https://storage.googleapis.com/candidate-thumbs/images/49-1-14.jpg"}, {"Unnamed: 0": 530, "CandidateId": "b7bc84f3-7867-4ba8-94c5-adfa8f53c26d", "CandidateNo": 15, "FirstName": "อนุรักษ์", "LastName": "ตั้งปณิธานนท์", "PartyName": "เพื่อไทย", "PartyNumber": 34, "Title": "นาย", "Votable": true, "province_id": 49, "province_name": "มุกดาหาร", "zone_number": 1, "PartyTerminated": false, "Age": 61, "Occupation": "ธุรกิจส่วนตัว", "HighestEducation": "ปริญญาโท", "ImageFileId": "5c593d6cfbcb5f1d8816b6fe", "SelfIntroduceFileId": "5c5a6ca4fbcb5f19bca9fb43", "PartyLogo": "https://storage.googleapis.com/candidate-thumbs/party/34.png", "CandididatePhoto": "https://storage.googleapis.com/candidate-thumbs/images/49-1-15.jpg"}, {"Unnamed: 0": 531, "CandidateId": "5f8e969f-b1ba-499c-8739-477f65b78611", "CandidateNo": 16, "FirstName": "อดุลย์", "LastName": "ไชยสุนันท์", "PartyName": "ภูมิใจไทย", "PartyNumber": 63, "Title": "นาย", "Votable": true, "province_id": 49, "province_name": "มุกดาหาร", "zone_number": 1, "PartyTerminated": false, "Age": 69, "Occupation": "ข้าราชการบำนาญ", "HighestEducation": "ปริญญาตรี", "ImageFileId": "5c593dd0fbcb5f1d8816bc27", "SelfIntroduceFileId": "5c5a949dfbcb5f19bcaaff2b", "PartyLogo": "https://storage.googleapis.com/candidate-thumbs/party/63.png", "CandididatePhoto": "https://storage.googleapis.com/candidate-thumbs/images/49-1-16.jpg"}, {"Unnamed: 0": 532, "CandidateId": "e1b5405a-3078-48aa-87ea-4e543c384c69", "CandidateNo": 17, "FirstName": "สำเนียง", "LastName": "จันทพันธ์", "PartyName": "เศรษฐกิจใหม่", "PartyNumber": 193, "Title": "นาย", "Votable": true, "province_id": 49, "province_name": "มุกดาหาร", "zone_number": 1, "PartyTerminated": false, "Age": 53, "Occupation": "ทำนา", "HighestEducation": "ต่ำกว่าปริญญาตรี", "ImageFileId": "5c593e52fbcb5f1d8816c34f", "SelfIntroduceFileId": "5c5a95bdfbcb5f19bcab05ba", "PartyLogo": "https://storage.googleapis.com/candidate-thumbs/party/193.png", "CandididatePhoto": "https://storage.googleapis.com/candidate-thumbs/images/49-1-17.jpg"}, {"Unnamed: 0": 533, "CandidateId": "2a1c2c60-abb1-477a-b855-e862549a5907", "CandidateNo": 18, "FirstName": "สุภัชชา", "LastName": "ศรีสุข", "PartyName": "ประชาธิปัตย์", "PartyNumber": 1, "Title": "นางสาว", "Votable": true, "province_id": 49, "province_name": "มุกดาหาร", "zone_number": 1, "PartyTerminated": false, "Age": 26, "Occupation": "บาริสต้า-แคชเชียร์", "HighestEducation": "ปริญญาตรี", "ImageFileId": "5c593edffbcb5f1d8816cb16", "SelfIntroduceFileId": "5c5a9a17fbcb5f19bcab1f59", "PartyLogo": "https://storage.googleapis.com/candidate-thumbs/party/1.png", "CandididatePhoto": "https://storage.googleapis.com/candidate-thumbs/images/49-1-18.jpg"}, {"Unnamed: 0": 534, "CandidateId": "db883729-fb2b-4d9e-b2be-5fb37132cac8", "CandidateNo": 19, "FirstName": "ชินกร", "LastName": "ขวัญเมือง", "PartyName": "ประชาภิวัฒน์", "PartyNumber": 172, "Title": "นาย", "Votable": true, "province_id": 49, "province_name": "มุกดาหาร", "zone_number": 1, "PartyTerminated": false, "Age": 49, "Occupation": "ประธานสโมสรฟุตบอลมุกดาหารลำโขง", "HighestEducation": "ต่ำกว่าปริญญาตรี", "ImageFileId": "5c593f1afbcb5f1d8816ce11", "SelfIntroduceFileId": "5c5aa6fdfbcb5f19bcab70f1", "PartyLogo": "https://storage.googleapis.com/candidate-thumbs/party/172.png", "CandididatePhoto": "https://storage.googleapis.com/candidate-thumbs/images/49-1-19.jpg"}, {"Unnamed: 0": 535, "CandidateId": "b5c0180b-3038-448e-a8fa-4e59295ffb50", "CandidateNo": 20, "FirstName": "พิต", "LastName": "ไชยจักร์", "PartyName": "ชาติพัฒนา", "PartyNumber": 45, "Title": "นาย", "Votable": true, "province_id": 49, "province_name": "มุกดาหาร", "zone_number": 1, "PartyTerminated": false, "Age": 66, "Occupation": "ทำสวน", "HighestEducation": "ต่ำกว่าปริญญาตรี", "ImageFileId": "5c593f46fbcb5f1d8816cec7", "SelfIntroduceFileId": "5c5aa9e1fbcb5f19bcab7cc3", "PartyLogo": "https://storage.googleapis.com/candidate-thumbs/party/45.png", "CandididatePhoto": "https://storage.googleapis.com/candidate-thumbs/images/49-1-20.jpg"}, {"Unnamed: 0": 536, "CandidateId": "dc495e3e-72e6-435d-8353-a65668ec0fdf", "CandidateNo": 21, "FirstName": "เจษฎาพล", "LastName": "คำภูษา", "PartyName": "รวมใจไทย", "PartyNumber": 174, "Title": "นาย", "Votable": true, "province_id": 49, "province_name": "มุกดาหาร", "zone_number": 1, "PartyTerminated": false, "Age": 60, "Occupation": "พนักงาน ธ.ก.ส.จังหวัดมุกดาหาร", "HighestEducation": "ปริญญาโท", "ImageFileId": "5c593f7dfbcb5f1d8816d0c2", "SelfIntroduceFileId": "5c5b903afbcb5f16fc652c94", "PartyLogo": "https://storage.googleapis.com/candidate-thumbs/party/174.png", "CandididatePhoto": "https://storage.googleapis.com/candidate-thumbs/images/49-1-21.jpg"}, {"Unnamed: 0": 537, "CandidateId": "dc112177-4a60-4ccc-8c66-dfbeb453cf24", "CandidateNo": 22, "FirstName": "ชยิศา", "LastName": "พิกุลศรี", "PartyName": "เพื่อแผ่นดิน", "PartyNumber": 41, "Title": "นางสาว", "Votable": true, "province_id": 49, "province_name": "มุกดาหาร", "zone_number": 1, "PartyTerminated": false, "Age": 36, "Occupation": "ผู้จัดการฝ่ายขายบริษัทไทยสมุทรประกันชีวิตจำกัด", "HighestEducation": "ปริญญาตรี", "ImageFileId": "5c593faafbcb5f1d8816d352", "SelfIntroduceFileId": "5c5b9a63fbcb5f16fc65621a", "PartyLogo": "https://storage.googleapis.com/candidate-thumbs/party/41.png", "CandididatePhoto": "https://storage.googleapis.com/candidate-thumbs/images/49-1-22.jpg"}, {"Unnamed: 0": 538, "CandidateId": "2d94d9e6-f1cf-412a-a249-8c468aba5530", "CandidateNo": 23, "FirstName": "สมหวัง", "LastName": "ดีดวงพันธ์", "PartyName": "ชาติไทยพัฒนา", "PartyNumber": 55, "Title": "นาย", "Votable": true, "province_id": 49, "province_name": "มุกดาหาร", "zone_number": 1, "PartyTerminated": false, "Age": 62, "Occupation": "รับราชการครู", "HighestEducation": "ปริญญาตรี", "ImageFileId": "5c593fd7fbcb5f1d8816d5bc", "SelfIntroduceFileId": "5c5b91fdfbcb5f16fc653555", "PartyLogo": "https://storage.googleapis.com/candidate-thumbs/party/55.png", "CandididatePhoto": "https://storage.googleapis.com/candidate-thumbs/images/49-1-23.jpg"}, {"Unnamed: 0": 539, "CandidateId": "550825e1-784b-414b-a1f1-b13b3dbb633c", "CandidateNo": 24, "FirstName": "อุลัย", "LastName": "สุพร", "PartyName": "รักษ์ผืนป่าประเทศไทย", "PartyNumber": 133, "Title": "นาย", "Votable": true, "province_id": 49, "province_name": "มุกดาหาร", "zone_number": 1, "PartyTerminated": false, "Age": 61, "Occupation": "เกษตรกร", "HighestEducation": "ต่ำกว่าปริญญาตรี", "ImageFileId": "5c59400efbcb5f1d8816da41", "SelfIntroduceFileId": "5c5b9636fbcb5f16fc654707", "PartyLogo": "https://storage.googleapis.com/candidate-thumbs/party/133.png", "CandididatePhoto": "https://storage.googleapis.com/candidate-thumbs/images/49-1-24.jpg"}, {"Unnamed: 0": 540, "CandidateId": "a2e018c3-a34b-48c2-836e-4d5793e23caa", "CandidateNo": 25, "FirstName": "สุธาสินี", "LastName": "ผิวทอง", "PartyName": "ประชาธรรมไทย", "PartyNumber": 190, "Title": "นางสาว", "Votable": true, "province_id": 49, "province_name": "มุกดาหาร", "zone_number": 1, "PartyTerminated": false, "Age": 57, "Occupation": "รับจ้างทั่วไป", "HighestEducation": "ปริญญาตรี", "ImageFileId": "5c594062fbcb5f1d8816de61", "SelfIntroduceFileId": "5c5b9817fbcb5f16fc6553fc", "PartyLogo": "https://storage.googleapis.com/candidate-thumbs/party/190.png", "CandididatePhoto": "https://storage.googleapis.com/candidate-thumbs/images/49-1-25.jpg"}, {"Unnamed: 0": 541, "CandidateId": "e6a4ca77-d6fa-485c-95ca-3e77815b00d2", "CandidateNo": 26, "FirstName": "กันยกร", "LastName": "ซาเสน", "PartyName": "ไทยศรีวิไลย์", "PartyNumber": 180, "Title": "นาง", "Votable": true, "province_id": 49, "province_name": "มุกดาหาร", "zone_number": 1, "PartyTerminated": false, "Age": 55, "Occupation": "ข้าราชการบำนาญ", "HighestEducation": "ปริญญาตรี", "ImageFileId": "5c594086fbcb5f1d8816e05d", "SelfIntroduceFileId": "5c59594cfbcb5f1d881806e7", "PartyLogo": "https://storage.googleapis.com/candidate-thumbs/party/180.png", "CandididatePhoto": "https://storage.googleapis.com/candidate-thumbs/images/49-1-26.jpg"}, {"Unnamed: 0": 542, "CandidateId": "a5a19225-4b0e-48b4-86e5-e9f08a04ff97", "CandidateNo": 27, "FirstName": "เพิ่มศักดิ์", "LastName": "อุณวงค์", "PartyName": "ประชาธิปไตยใหม่", "PartyNumber": 109, "Title": "นาย", "Votable": true, "province_id": 49, "province_name": "มุกดาหาร", "zone_number": 1, "PartyTerminated": false, "Age": 40, "Occupation": "ทำนา", "HighestEducation": "ต่ำกว่าปริญญาตรี", "ImageFileId": "5c5a506cfbcb5f19bca92a80", "SelfIntroduceFileId": "5c5b98dafbcb5f16fc655891", "PartyLogo": "https://storage.googleapis.com/candidate-thumbs/party/109.png", "CandididatePhoto": "https://storage.googleapis.com/candidate-thumbs/images/49-1-27.jpg"}, {"Unnamed: 0": 543, "CandidateId": "a8a23313-f676-4d8e-be1e-b05d7e99cce4", "CandidateNo": 28, "FirstName": "อัษฎาวุธ", "LastName": "นพเคราะห์", "PartyName": "พลเมืองไทย", "PartyNumber": 173, "Title": "นาย", "Votable": true, "province_id": 49, "province_name": "มุกดาหาร", "zone_number": 1, "PartyTerminated": false, "Age": 55, "Occupation": "รับจ้าง", "HighestEducation": "ต่ำกว่าปริญญาตรี", "ImageFileId": "5c5a50b3fbcb5f19bca92d20", "SelfIntroduceFileId": "5c5b9d5dfbcb5f16fc656e74", "PartyLogo": "https://storage.googleapis.com/candidate-thumbs/party/173.png", "CandididatePhoto": "https://storage.googleapis.com/candidate-thumbs/images/49-1-28.jpg"}, {"Unnamed: 0": 544, "CandidateId": "df3e3283-a7ef-466f-b048-33166237944e", "CandidateNo": 29, "FirstName": "แก่นเพชร", "LastName": "ดีดวงพันธ์", "PartyName": "ประชาชนปฏิรูป", "PartyNumber": 176, "Title": "นาย", "Votable": true, "province_id": 49, "province_name": "มุกดาหาร", "zone_number": 1, "PartyTerminated": false, "Age": 49, "Occupation": "รับจ้าง", "HighestEducation": "ต่ำกว่าปริญญาตรี", "ImageFileId": "5c5aacadfbcb5f19bcab82c5", "SelfIntroduceFileId": "5c5b9e48fbcb5f16fc65730d", "PartyLogo": "https://storage.googleapis.com/candidate-thumbs/party/176.png", "CandididatePhoto": "https://storage.googleapis.com/candidate-thumbs/images/49-1-29.jpg"}, {"Unnamed: 0": 545, "CandidateId": "fa7ca8e6-6adb-42c4-a6f9-93892dc42908", "CandidateNo": 30, "FirstName": "สุรพร", "LastName": "ผิวงาม", "PartyName": "ครูไทยเพื่อประชาชน", "PartyNumber": 118, "Title": "นาย", "Votable": true, "province_id": 49, "province_name": "มุกดาหาร", "zone_number": 1, "PartyTerminated": false, "Age": 64, "Occupation": "ข้าราชการบำนาญ", "HighestEducation": "ปริญญาตรี", "ImageFileId": "5c5ba9aefbcb5f16fc65c4dc", "SelfIntroduceFileId": "5c5baa37fbcb5f16fc65c74f", "PartyLogo": "https://storage.googleapis.com/candidate-thumbs/party/118.png", "CandididatePhoto": "https://storage.googleapis.com/candidate-thumbs/images/49-1-30.jpg"}, {"Unnamed: 0": 546, "CandidateId": "2b59a058-244c-49f0-91b1-fe0c76ffa2cf", "CandidateNo": 31, "FirstName": "ปัญญา", "LastName": "ศรีโยหะ", "PartyName": "ไทยรักษาชาติ", "PartyNumber": 77, "Title": "นาย", "Votable": true, "province_id": 49, "province_name": "มุกดาหาร", "zone_number": 1, "PartyTerminated": true, "Age": 53, "Occupation": "นักการเมืองท้องถิ่น", "HighestEducation": "ปริญญาตรี", "ImageFileId": "5c5bd83ffbcb5f16fc66fab3", "SelfIntroduceFileId": "5c5bde24fbcb5f16fc672bf8", "PartyLogo": "https://storage.googleapis.com/candidate-thumbs/party/77.png", "CandididatePhoto": "https://storage.googleapis.com/candidate-thumbs/images/49-1-31.jpg"}, {"Unnamed: 0": 547, "CandidateId": "898142f8-45cd-49d8-bd1f-4d9756689315", "CandidateNo": 32, "FirstName": "สมบูรณ์", "LastName": "จูมนา", "PartyName": "พลังสังคม", "PartyNumber": 198, "Title": "นาย", "Votable": true, "province_id": 49, "province_name": "มุกดาหาร", "zone_number": 1, "PartyTerminated": false, "Age": 63, "Occupation": "รับราชการครู", "HighestEducation": "ปริญญาตรี", "ImageFileId": "5c5cecf7fbcb5f16fc68d9cc", "SelfIntroduceFileId": "5c5ced99fbcb5f16fc68dd9f", "PartyLogo": "https://storage.googleapis.com/candidate-thumbs/party/198.png", "CandididatePhoto": "https://storage.googleapis.com/candidate-thumbs/images/49-1-32.jpg"}, {"Unnamed: 0": 548, "CandidateId": "f660f779-f591-42a3-b694-512dc6a3b82f", "CandidateNo": 33, "FirstName": "ประชุม", "LastName": "อรรคจันทร์", "PartyName": "ไทรักธรรม", "PartyNumber": 144, "Title": "นาย", "Votable": true, "province_id": 49, "province_name": "มุกดาหาร", "zone_number": 1, "PartyTerminated": false, "Age": 58, "Occupation": "ธุรกิจส่วนตัว", "HighestEducation": "ต่ำกว่าปริญญาตรี", "ImageFileId": "5c5d3866fbcb5f0fd8860503", "SelfIntroduceFileId": "5c5d3e84fbcb5f0fd8863d6c", "PartyLogo": "https://storage.googleapis.com/candidate-thumbs/party/144.png", "CandididatePhoto": "https://storage.googleapis.com/candidate-thumbs/images/49-1-33.jpg"}, {"Unnamed: 0": 549, "CandidateId": "5f17def4-d978-4010-92d0-073a777e37c1", "CandidateNo": 34, "FirstName": "ศิริวรรณ", "LastName": "มุ่งรักษ์กิจ", "PartyName": "ภูมิพลังเกษตรกรไทย", "PartyNumber": 197, "Title": "นาง", "Votable": true, "province_id": 49, "province_name": "มุกดาหาร", "zone_number": 1, "PartyTerminated": false, "Age": 47, "Occupation": "เกษตรกร", "HighestEducation": "ปริญญาโท", "ImageFileId": "5c5d6a8ffbcb5f0fd887ee31", "SelfIntroduceFileId": "5c5d699cfbcb5f0fd887ea34", "PartyLogo": "https://storage.googleapis.com/candidate-thumbs/party/197.png", "CandididatePhoto": "https://storage.googleapis.com/candidate-thumbs/images/49-1-34.jpg"}, {"Unnamed: 0": 550, "CandidateId": "6840bc49-be7f-41cc-8d46-03fbd7253f1b", "CandidateNo": 35, "FirstName": "วิเชียร", "LastName": "สำราญพรหม", "PartyName": "พลังแผ่นดินทอง", "PartyNumber": 202, "Title": "จ่าสิบเอก", "Votable": true, "province_id": 49, "province_name": "มุกดาหาร", "zone_number": 1, "PartyTerminated": false, "Age": 62, "Occupation": "รับราชการครู", "HighestEducation": "ปริญญาเอก", "ImageFileId": "5c5d6a1ffbcb5f0fd887ebc7", "SelfIntroduceFileId": "5c5d6b0efbcb5f0fd887f1c3", "PartyLogo": "https://storage.googleapis.com/candidate-thumbs/party/202.png", "CandididatePhoto": "https://storage.googleapis.com/candidate-thumbs/images/49-1-35.jpg"}]