[{"Unnamed: 0": 551, "CandidateId": "9f2004d2-1fc6-41ac-908d-344e0b5943cb", "CandidateNo": 1, "FirstName": "ทวีศักดิ์", "LastName": "ประทุมลี", "PartyName": "พลังประชารัฐ", "PartyNumber": 192, "Title": "นาย", "Votable": true, "province_id": 49, "province_name": "มุกดาหาร", "zone_number": 2, "PartyTerminated": false, "Age": 51, "Occupation": "ส.อบจ.มุกดาหาร", "HighestEducation": "ปริญญาโท", "ImageFileId": "5c57d055fbcb5f1eec0dce96", "SelfIntroduceFileId": "5c590a28fbcb5f1d881442f2", "PartyLogo": "https://storage.googleapis.com/candidate-thumbs/party/192.png", "CandididatePhoto": "https://storage.googleapis.com/candidate-thumbs/images/49-2-1.jpg"}, {"Unnamed: 0": 552, "CandidateId": "8d690bc2-33c7-4f38-bf1c-c80f5d2543ba", "CandidateNo": 2, "FirstName": "ศุภลักษณ์", "LastName": "คำสิงห์", "PartyName": "อนาคตใหม่", "PartyNumber": 177, "Title": "นาง", "Votable": true, "province_id": 49, "province_name": "มุกดาหาร", "zone_number": 2, "PartyTerminated": false, "Age": 61, "Occupation": "ข้าราชการบำนาญครู", "HighestEducation": "ปริญญาโท", "ImageFileId": "5c580ef0fbcb5f1eec1020c4", "SelfIntroduceFileId": "5c590dcdfbcb5f1d88147a19", "PartyLogo": "https://storage.googleapis.com/candidate-thumbs/party/177.png", "CandididatePhoto": "https://storage.googleapis.com/candidate-thumbs/images/49-2-2.jpg"}, {"Unnamed: 0": 553, "CandidateId": "62fc3acf-0bb2-463b-91f4-eb4713290d80", "CandidateNo": 3, "FirstName": "จิตต์ ศรีโยหะ", "LastName": "มุกดาธนพงศ์", "PartyName": "ภูมิใจไทย", "PartyNumber": 63, "Title": "พันตำรวจโท", "Votable": true, "province_id": 49, "province_name": "มุกดาหาร", "zone_number": 2, "PartyTerminated": false, "Age": 58, "Occupation": "ทนายความ", "HighestEducation": "ปริญญาเอก", "ImageFileId": "5c581768fbcb5f1eec106bf5", "SelfIntroduceFileId": "5c591208fbcb5f1d8814b6d6", "PartyLogo": "https://storage.googleapis.com/candidate-thumbs/party/63.png", "CandididatePhoto": "https://storage.googleapis.com/candidate-thumbs/images/49-2-3.jpg"}, {"Unnamed: 0": 554, "CandidateId": "98c6fc59-aeaa-4c80-a4cb-24da9dfa40bf", "CandidateNo": 4, "FirstName": "หาดชัย", "LastName": "คนเพียร", "PartyName": "ประชาชาติ", "PartyNumber": 187, "Title": "นาย", "Votable": true, "province_id": 49, "province_name": "มุกดาหาร", "zone_number": 2, "PartyTerminated": false, "Age": 64, "Occupation": "ข้าราชการบำนาญ", "HighestEducation": "ปริญญาโท", "ImageFileId": "5c5a4c35fbcb5f19bca90418", "SelfIntroduceFileId": "5c595667fbcb5f1d8817f480", "PartyLogo": "https://storage.googleapis.com/candidate-thumbs/party/187.png", "CandididatePhoto": "https://storage.googleapis.com/candidate-thumbs/images/49-2-4.jpg"}, {"Unnamed: 0": 555, "CandidateId": "de328d6d-523c-4510-b92a-41f07f5530d4", "CandidateNo": 5, "FirstName": "ถนอม", "LastName": "สังเกตุ", "PartyName": "ชาติพัฒนา", "PartyNumber": 45, "Title": "นาย", "Votable": true, "province_id": 49, "province_name": "มุกดาหาร", "zone_number": 2, "PartyTerminated": false, "Age": 42, "Occupation": "พนักงานบริษัทเอกชน", "HighestEducation": "ปริญญาตรี", "ImageFileId": "5c590263fbcb5f1d8813e167", "SelfIntroduceFileId": "5c5956c6fbcb5f1d8817f881", "PartyLogo": "https://storage.googleapis.com/candidate-thumbs/party/45.png", "CandididatePhoto": "https://storage.googleapis.com/candidate-thumbs/images/49-2-5.jpg"}, {"Unnamed: 0": 556, "CandidateId": "30c90533-7555-463e-85f6-4eb6be612d50", "CandidateNo": 6, "FirstName": "สังคม", "LastName": "อุปคุณ", "PartyName": "เศรษฐกิจใหม่", "PartyNumber": 193, "Title": "นาย", "Votable": true, "province_id": 49, "province_name": "มุกดาหาร", "zone_number": 2, "PartyTerminated": false, "Age": 57, "Occupation": "ประธานสภาเกษตรกรจังหวัดมุกดาหาร", "HighestEducation": "ปริญญาตรี", "ImageFileId": "5c5902c0fbcb5f1d8813e59b", "SelfIntroduceFileId": "5c59571dfbcb5f1d8817faad", "PartyLogo": "https://storage.googleapis.com/candidate-thumbs/party/193.png", "CandididatePhoto": "https://storage.googleapis.com/candidate-thumbs/images/49-2-6.jpg"}, {"Unnamed: 0": 557, "CandidateId": "8f6b6007-d31d-48c5-b288-bbd5593952a5", "CandidateNo": 7, "FirstName": "บรรจง", "LastName": "ไชยเพชร", "PartyName": "เสรีรวมไทย", "PartyNumber": 145, "Title": "นาย", "Votable": true, "province_id": 49, "province_name": "มุกดาหาร", "zone_number": 2, "PartyTerminated": false, "Age": 50, "Occupation": "เกษตรกรรม", "HighestEducation": "ปริญญาโท", "ImageFileId": "5c5902f3fbcb5f1d8813e8e6", "SelfIntroduceFileId": "5c595779fbcb5f1d8817fc9f", "PartyLogo": "https://storage.googleapis.com/candidate-thumbs/party/145.png", "CandididatePhoto": "https://storage.googleapis.com/candidate-thumbs/images/49-2-7.jpg"}, {"Unnamed: 0": 558, "CandidateId": "750d296c-2d7f-48dd-a210-0f6f7828d850", "CandidateNo": 8, "FirstName": "ปราโมทย์", "LastName": "แก่นงาม", "PartyName": "เพื่อคนไทย", "PartyNumber": 183, "Title": "นาย", "Votable": true, "province_id": 49, "province_name": "มุกดาหาร", "zone_number": 2, "PartyTerminated": false, "Age": 53, "Occupation": "ข้าราชการครู", "HighestEducation": "ปริญญาโท", "ImageFileId": "5c590339fbcb5f1d8813ec91", "SelfIntroduceFileId": "5c5957c7fbcb5f1d8817fdaf", "PartyLogo": "https://storage.googleapis.com/candidate-thumbs/party/183.png", "CandididatePhoto": "https://storage.googleapis.com/candidate-thumbs/images/49-2-8.jpg"}, {"Unnamed: 0": 559, "CandidateId": "61e82e49-b715-481c-8382-f4b5a8b3e241", "CandidateNo": 9, "FirstName": "ปรีดา", "LastName": "คล่องแคล่ว", "PartyName": "พลังท้องถิ่นไท", "PartyNumber": 124, "Title": "นาย", "Votable": true, "province_id": 49, "province_name": "มุกดาหาร", "zone_number": 2, "PartyTerminated": false, "Age": 46, "Occupation": "พนักงานองค์การบริหารส่วนตำบล", "HighestEducation": "ต่ำกว่าปริญญาตรี", "ImageFileId": "5c59037afbcb5f1d8813eeee", "SelfIntroduceFileId": "5c5a4d0efbcb5f19bca909d9", "PartyLogo": "https://storage.googleapis.com/candidate-thumbs/party/124.png", "CandididatePhoto": "https://storage.googleapis.com/candidate-thumbs/images/49-2-9.jpg"}, {"Unnamed: 0": 560, "CandidateId": "53752d28-5cb4-4225-8d77-177f1e37718f", "CandidateNo": 10, "FirstName": "ธนรัตน์", "LastName": "จูมแพง", "PartyName": "ประชาธิปัตย์", "PartyNumber": 1, "Title": "นาย", "Votable": true, "province_id": 49, "province_name": "มุกดาหาร", "zone_number": 2, "PartyTerminated": false, "Age": 63, "Occupation": "ธุรกิจส่วนตัว", "HighestEducation": "ปริญญาตรี", "ImageFileId": "5c590421fbcb5f1d8813f464", "SelfIntroduceFileId": "5c5a5e5cfbcb5f19bca9a295", "PartyLogo": "https://storage.googleapis.com/candidate-thumbs/party/1.png", "CandididatePhoto": "https://storage.googleapis.com/candidate-thumbs/images/49-2-10.jpg"}, {"Unnamed: 0": 561, "CandidateId": "fee25d40-5935-4a8d-af4f-6fad7a2bb335", "CandidateNo": 11, "FirstName": "ศรัญญา", "LastName": "คืนดี", "PartyName": "พลังธรรมใหม่", "PartyNumber": 175, "Title": "นาง", "Votable": true, "province_id": 49, "province_name": "มุกดาหาร", "zone_number": 2, "PartyTerminated": false, "Age": 45, "Occupation": "เกษตรกร", "HighestEducation": "ต่ำกว่าปริญญาตรี", "ImageFileId": "5c5915a8fbcb5f1d8814e43a", "SelfIntroduceFileId": "5c5a8a01fbcb5f19bcaaaf3f", "PartyLogo": "https://storage.googleapis.com/candidate-thumbs/party/175.png", "CandididatePhoto": "https://storage.googleapis.com/candidate-thumbs/images/49-2-11.jpg"}, {"Unnamed: 0": 562, "CandidateId": "620e0a91-7adc-45ea-958c-5a1c1d61e691", "CandidateNo": 12, "FirstName": "ชลชาติ", "LastName": "อาจหาญ", "PartyName": "ประชานิยม", "PartyNumber": 191, "Title": "นาย", "Votable": true, "province_id": 49, "province_name": "มุกดาหาร", "zone_number": 2, "PartyTerminated": false, "Age": 45, "Occupation": "ครูโรงเรียนเอกชน", "HighestEducation": "ปริญญาตรี", "ImageFileId": "5c591a1afbcb5f1d88150974", "SelfIntroduceFileId": "5c5a8abafbcb5f19bcaab58b", "PartyLogo": "https://storage.googleapis.com/candidate-thumbs/party/191.png", "CandididatePhoto": "https://storage.googleapis.com/candidate-thumbs/images/49-2-12.jpg"}, {"Unnamed: 0": 563, "CandidateId": "ac8fb70a-8b04-4c95-9767-9aa4f3ef2ebf", "CandidateNo": 13, "FirstName": "วิทยา", "LastName": "บุตรดีวงค์", "PartyName": "เพื่อชาติ", "PartyNumber": 149, "Title": "นาย", "Votable": true, "province_id": 49, "province_name": "มุกดาหาร", "zone_number": 2, "PartyTerminated": false, "Age": 62, "Occupation": "ข้าราชการครู", "HighestEducation": "ปริญญาตรี", "ImageFileId": "5c591adffbcb5f1d88150fa4", "SelfIntroduceFileId": "5c5a8b21fbcb5f19bcaaba2b", "PartyLogo": "https://storage.googleapis.com/candidate-thumbs/party/149.png", "CandididatePhoto": "https://storage.googleapis.com/candidate-thumbs/images/49-2-13.jpg"}, {"Unnamed: 0": 564, "CandidateId": "b8a97422-c774-434b-bd6d-5ac258e3e15e", "CandidateNo": 14, "FirstName": "บุญฐิณ", "LastName": "ประทุมลี", "PartyName": "เพื่อไทย", "PartyNumber": 34, "Title": "นาย", "Votable": true, "province_id": 49, "province_name": "มุกดาหาร", "zone_number": 2, "PartyTerminated": false, "Age": 55, "Occupation": "ข้าราชการบำนาญ", "HighestEducation": "ปริญญาโท", "ImageFileId": "5c591e6bfbcb5f1d88152751", "SelfIntroduceFileId": "5c5a8baffbcb5f19bcaabdc5", "PartyLogo": "https://storage.googleapis.com/candidate-thumbs/party/34.png", "CandididatePhoto": "https://storage.googleapis.com/candidate-thumbs/images/49-2-14.jpg"}, {"Unnamed: 0": 565, "CandidateId": "b03f09dc-7a22-4973-9c37-3fcd83e5227a", "CandidateNo": 15, "FirstName": "สอ", "LastName": "คำศิริ", "PartyName": "ประชาธิปไตยใหม่", "PartyNumber": 109, "Title": "นาย", "Votable": true, "province_id": 49, "province_name": "มุกดาหาร", "zone_number": 2, "PartyTerminated": false, "Age": 58, "Occupation": "เกษตรกร", "HighestEducation": "ต่ำกว่าปริญญาตรี", "ImageFileId": "5c591ea7fbcb5f1d881527d7", "SelfIntroduceFileId": "5c5a8ce4fbcb5f19bcaac59e", "PartyLogo": "https://storage.googleapis.com/candidate-thumbs/party/109.png", "CandididatePhoto": "https://storage.googleapis.com/candidate-thumbs/images/49-2-15.jpg"}, {"Unnamed: 0": 566, "CandidateId": "62532765-5689-4087-a65d-640b783416a0", "CandidateNo": 16, "FirstName": "ประเสริฐทรัพย์", "LastName": "คำนนท์มีฤทธิ์", "PartyName": "พลังไทยรักไทย", "PartyNumber": 185, "Title": "นาย", "Votable": true, "province_id": 49, "province_name": "มุกดาหาร", "zone_number": 2, "PartyTerminated": false, "Age": 55, "Occupation": "เกษตรกร", "HighestEducation": "ต่ำกว่าปริญญาตรี", "ImageFileId": "5c591ef6fbcb5f1d88152aad", "SelfIntroduceFileId": "5c5a92a5fbcb5f19bcaaf1c8", "PartyLogo": "https://storage.googleapis.com/candidate-thumbs/party/185.png", "CandididatePhoto": "https://storage.googleapis.com/candidate-thumbs/images/49-2-16.jpg"}, {"Unnamed: 0": 567, "CandidateId": "d0a96451-491f-4d39-944e-92388ecf6080", "CandidateNo": 17, "FirstName": "ฉลอง", "LastName": "บุตรกาล", "PartyName": "ชาติไทยพัฒนา", "PartyNumber": 55, "Title": "นาย", "Votable": true, "province_id": 49, "province_name": "มุกดาหาร", "zone_number": 2, "PartyTerminated": false, "Age": 59, "Occupation": "รับราชการครู", "HighestEducation": "ปริญญาโท", "ImageFileId": "5c591f40fbcb5f1d88152c9a", "SelfIntroduceFileId": "5c5aa412fbcb5f19bcab653b", "PartyLogo": "https://storage.googleapis.com/candidate-thumbs/party/55.png", "CandididatePhoto": "https://storage.googleapis.com/candidate-thumbs/images/49-2-17.jpg"}, {"Unnamed: 0": 568, "CandidateId": "c6a0fefa-fbc0-46e5-b8e7-f968d324b490", "CandidateNo": 18, "FirstName": "ก้องภพ", "LastName": "วิชาธร", "PartyName": "รวมพลังประชาชาติไทย", "PartyNumber": 181, "Title": "นาย", "Votable": true, "province_id": 49, "province_name": "มุกดาหาร", "zone_number": 2, "PartyTerminated": false, "Age": 53, "Occupation": "พนักงานธนาคาร", "HighestEducation": "ปริญญาตรี", "ImageFileId": "5c591f7afbcb5f1d88152e8c", "SelfIntroduceFileId": "5c5aa4c5fbcb5f19bcab6806", "PartyLogo": "https://storage.googleapis.com/candidate-thumbs/party/181.png", "CandididatePhoto": "https://storage.googleapis.com/candidate-thumbs/images/49-2-18.jpg"}, {"Unnamed: 0": 569, "CandidateId": "d552965c-973d-43ed-8209-ed1fe65783d9", "CandidateNo": 19, "FirstName": "สนิท", "LastName": "พันนุมา", "PartyName": "เพื่อนไทย", "PartyNumber": 179, "Title": "นาย", "Votable": false, "province_id": 49, "province_name": "มุกดาหาร", "zone_number": 2, "PartyTerminated": false, "Age": 70, "Occupation": "เกษตรกร", "HighestEducation": "ต่ำกว่าปริญญาตรี", "ImageFileId": "5c591fb3fbcb5f1d8815304d", "SelfIntroduceFileId": "5c5aa580fbcb5f19bcab6ab4", "PartyLogo": "https://storage.googleapis.com/candidate-thumbs/party/179.png", "CandididatePhoto": "https://storage.googleapis.com/candidate-thumbs/images/49-2-19.jpg"}, {"Unnamed: 0": 570, "CandidateId": "c562a3c3-5843-4ed9-85e0-8a520ad2a12e", "CandidateNo": 20, "FirstName": "สมร", "LastName": "รักสะอาด", "PartyName": "พลังปวงชนไทย", "PartyNumber": 184, "Title": "นาย", "Votable": true, "province_id": 49, "province_name": "มุกดาหาร", "zone_number": 2, "PartyTerminated": false, "Age": 79, "Occupation": "เกษตรกร", "HighestEducation": "ต่ำกว่าปริญญาตรี", "ImageFileId": "5c591ff8fbcb5f1d88153266", "SelfIntroduceFileId": "5c5aa622fbcb5f19bcab6db4", "PartyLogo": "https://storage.googleapis.com/candidate-thumbs/party/184.png", "CandididatePhoto": "https://storage.googleapis.com/candidate-thumbs/images/49-2-20.jpg"}, {"Unnamed: 0": 571, "CandidateId": "6320d76c-61a6-4deb-86ed-45db631f7e2d", "CandidateNo": 21, "FirstName": "กมล", "LastName": "สุวรรณไตรย์", "PartyName": "รวมใจไทย", "PartyNumber": 174, "Title": "นาย", "Votable": true, "province_id": 49, "province_name": "มุกดาหาร", "zone_number": 2, "PartyTerminated": false, "Age": 59, "Occupation": "สมาชิกสภาองค์การบริหารส่วนจังหวัดมุกดาหาร", "HighestEducation": "ปริญญาโท", "ImageFileId": "5c592412fbcb5f1d88155b02", "SelfIntroduceFileId": "5c5ba79cfbcb5f16fc65b6fa", "PartyLogo": "https://storage.googleapis.com/candidate-thumbs/party/174.png", "CandididatePhoto": "https://storage.googleapis.com/candidate-thumbs/images/49-2-21.jpg"}, {"Unnamed: 0": 572, "CandidateId": "c7d3cb3e-a63b-4bf3-a612-76689bde2b86", "CandidateNo": 22, "FirstName": "สำเนียง", "LastName": "ใจสุข", "PartyName": "ประชาภิวัฒน์", "PartyNumber": 172, "Title": "นาย", "Votable": true, "province_id": 49, "province_name": "มุกดาหาร", "zone_number": 2, "PartyTerminated": false, "Age": 58, "Occupation": "รับจ้างทั่วไป", "HighestEducation": "ปริญญาตรี", "ImageFileId": "5c59243cfbcb5f1d88155c8e", "SelfIntroduceFileId": "5c5bba3cfbcb5f16fc6648bd", "PartyLogo": "https://storage.googleapis.com/candidate-thumbs/party/172.png", "CandididatePhoto": "https://storage.googleapis.com/candidate-thumbs/images/49-2-22.jpg"}, {"Unnamed: 0": 573, "CandidateId": "803d13e5-23c0-4c78-b2ef-8bff39cf7e9e", "CandidateNo": 23, "FirstName": "ชาญสินธ์", "LastName": "สุพรรณโมก", "PartyName": "ประชาธรรมไทย", "PartyNumber": 190, "Title": "นาย", "Votable": true, "province_id": 49, "province_name": "มุกดาหาร", "zone_number": 2, "PartyTerminated": false, "Age": 61, "Occupation": "ทำนา", "HighestEducation": "ต่ำกว่าปริญญาตรี", "ImageFileId": "5c592497fbcb5f1d88155f8e", "SelfIntroduceFileId": "5c5bbf69fbcb5f16fc666353", "PartyLogo": "https://storage.googleapis.com/candidate-thumbs/party/190.png", "CandididatePhoto": "https://storage.googleapis.com/candidate-thumbs/images/49-2-23.jpg"}, {"Unnamed: 0": 574, "CandidateId": "9eeb5c9d-85e8-4515-9c23-d3b8eb4abbb6", "CandidateNo": 24, "FirstName": "ไพศาล", "LastName": "คำจุลลา", "PartyName": "ไทยศรีวิไลย์", "PartyNumber": 180, "Title": "ร.ต.อ.", "Votable": true, "province_id": 49, "province_name": "มุกดาหาร", "zone_number": 2, "PartyTerminated": false, "Age": 61, "Occupation": "รับราชการตำรวจ", "HighestEducation": "ต่ำกว่าปริญญาตรี", "ImageFileId": "5c5a516afbcb5f19bca93210", "SelfIntroduceFileId": "5c5bb894fbcb5f16fc663d5b", "PartyLogo": "https://storage.googleapis.com/candidate-thumbs/party/180.png", "CandididatePhoto": "https://storage.googleapis.com/candidate-thumbs/images/49-2-24.jpg"}, {"Unnamed: 0": 575, "CandidateId": "0d6476d6-e1ac-4004-a7f7-408d26328ddd", "CandidateNo": 25, "FirstName": "ธนพงศ์", "LastName": "อุระ", "PartyName": "พลเมืองไทย", "PartyNumber": 173, "Title": "นาย", "Votable": true, "province_id": 49, "province_name": "มุกดาหาร", "zone_number": 2, "PartyTerminated": false, "Age": 50, "Occupation": "รับจ้าง", "HighestEducation": "ต่ำกว่าปริญญาตรี", "ImageFileId": "5c5a5255fbcb5f19bca93a31", "SelfIntroduceFileId": "5c5bb0d8fbcb5f16fc660092", "PartyLogo": "https://storage.googleapis.com/candidate-thumbs/party/173.png", "CandididatePhoto": "https://storage.googleapis.com/candidate-thumbs/images/49-2-25.jpg"}, {"Unnamed: 0": 576, "CandidateId": "725424f2-d1c9-4f2f-a5ac-ddfb2f2d52ca", "CandidateNo": 26, "FirstName": "เกษมสุข", "LastName": "สวัสดี", "PartyName": "ประชาไทย", "PartyNumber": 205, "Title": "พันตำรวจเอก", "Votable": true, "province_id": 49, "province_name": "มุกดาหาร", "zone_number": 2, "PartyTerminated": false, "Age": 60, "Occupation": "รับราชการตำรวจ", "HighestEducation": "ปริญญาโท", "ImageFileId": "5c5a5bd7fbcb5f19bca9882c", "SelfIntroduceFileId": "5c5a634cfbcb5f19bca9c717", "PartyLogo": "https://storage.googleapis.com/candidate-thumbs/party/205.png", "CandididatePhoto": "https://storage.googleapis.com/candidate-thumbs/images/49-2-26.jpg"}, {"Unnamed: 0": 577, "CandidateId": "af0d46f4-78be-4512-ae1d-a217397a90c8", "CandidateNo": 27, "FirstName": "พิชิตชัย", "LastName": "ผ่องแผ้ว", "PartyName": "ประชาชนปฏิรูป", "PartyNumber": 176, "Title": "นาย", "Votable": true, "province_id": 49, "province_name": "มุกดาหาร", "zone_number": 2, "PartyTerminated": false, "Age": 35, "Occupation": "ค้าขาย", "HighestEducation": "ต่ำกว่าปริญญาตรี", "ImageFileId": "5c5aab2afbcb5f19bcab7f58", "SelfIntroduceFileId": "5c5bb8f5fbcb5f16fc663f5e", "PartyLogo": "https://storage.googleapis.com/candidate-thumbs/party/176.png", "CandididatePhoto": "https://storage.googleapis.com/candidate-thumbs/images/49-2-27.jpg"}, {"Unnamed: 0": 578, "CandidateId": "3e1cd893-1d18-4668-a5f3-0d033930146f", "CandidateNo": 28, "FirstName": "สาคร", "LastName": "รอบรู้", "PartyName": "ครูไทยเพื่อประชาชน", "PartyNumber": 118, "Title": "นาย", "Votable": true, "province_id": 49, "province_name": "มุกดาหาร", "zone_number": 2, "PartyTerminated": false, "Age": 64, "Occupation": "ข้าราชการครู", "HighestEducation": "ปริญญาตรี", "ImageFileId": "5c5b9e50fbcb5f16fc657350", "SelfIntroduceFileId": "5c5bb3acfbcb5f16fc661a27", "PartyLogo": "https://storage.googleapis.com/candidate-thumbs/party/118.png", "CandididatePhoto": "https://storage.googleapis.com/candidate-thumbs/images/49-2-28.jpg"}, {"Unnamed: 0": 579, "CandidateId": "a43e8c80-d829-47c7-92bd-5e16c22810df", "CandidateNo": 29, "FirstName": "อัฐวิทย์", "LastName": "รัชอินทร์", "PartyName": "พลังชาติไทย", "PartyNumber": 186, "Title": "นาย", "Votable": true, "province_id": 49, "province_name": "มุกดาหาร", "zone_number": 2, "PartyTerminated": false, "Age": 55, "Occupation": "สมาชิกสภาเทศบาลตำบลคำชะอี", "HighestEducation": "ปริญญาตรี", "ImageFileId": "5c5b9ee1fbcb5f16fc657783", "SelfIntroduceFileId": "5c5bb2f5fbcb5f16fc6614ef", "PartyLogo": "https://storage.googleapis.com/candidate-thumbs/party/186.png", "CandididatePhoto": "https://storage.googleapis.com/candidate-thumbs/images/49-2-29.jpg"}, {"Unnamed: 0": 580, "CandidateId": "d59714f1-50b8-4235-855b-69fe1d479a18", "CandidateNo": 30, "FirstName": "ขาน", "LastName": "เชื้อคำฮด", "PartyName": "ทางเลือกใหม่", "PartyNumber": 170, "Title": "นาย", "Votable": true, "province_id": 49, "province_name": "มุกดาหาร", "zone_number": 2, "PartyTerminated": false, "Age": 65, "Occupation": "ผู้ใหญ่บ้าน", "HighestEducation": "ต่ำกว่าปริญญาตรี", "ImageFileId": "5c5bc3e2fbcb5f16fc667340", "SelfIntroduceFileId": "5c5bcaa8fbcb5f16fc6697d8", "PartyLogo": "https://storage.googleapis.com/candidate-thumbs/party/170.png", "CandididatePhoto": "https://storage.googleapis.com/candidate-thumbs/images/49-2-30.jpg"}, {"Unnamed: 0": 581, "CandidateId": "8117f640-4c42-4dd6-b14a-063f3588b023", "CandidateNo": 31, "FirstName": "เทวฤทธิ์", "LastName": "ทองแล่ง", "PartyName": "รักษ์ผืนป่าประเทศไทย", "PartyNumber": 133, "Title": "นาย", "Votable": true, "province_id": 49, "province_name": "มุกดาหาร", "zone_number": 2, "PartyTerminated": false, "Age": 26, "Occupation": "เกษตรกรรม", "HighestEducation": "ต่ำกว่าปริญญาตรี", "ImageFileId": "5c5bc930fbcb5f16fc668c13", "SelfIntroduceFileId": "5c5bc9a4fbcb5f16fc669116", "PartyLogo": "https://storage.googleapis.com/candidate-thumbs/party/133.png", "CandididatePhoto": "https://storage.googleapis.com/candidate-thumbs/images/49-2-31.jpg"}, {"Unnamed: 0": 582, "CandidateId": "9e9d1a53-ad25-482c-9456-7aa2dea0c1e5", "CandidateNo": 32, "FirstName": "วีระ", "LastName": "ใจคง", "PartyName": "เพื่อชีวิตใหม่", "PartyNumber": 157, "Title": "นาย", "Votable": true, "province_id": 49, "province_name": "มุกดาหาร", "zone_number": 2, "PartyTerminated": false, "Age": 65, "Occupation": "ทนายความ", "HighestEducation": "ปริญญาตรี", "ImageFileId": "5c5d3b51fbcb5f0fd8861d48", "SelfIntroduceFileId": "5c5d3bb4fbcb5f0fd88620a5", "PartyLogo": "https://storage.googleapis.com/candidate-thumbs/party/157.png", "CandididatePhoto": "https://storage.googleapis.com/candidate-thumbs/images/49-2-32.jpg"}, {"Unnamed: 0": 583, "CandidateId": "453edf20-8d31-4e33-98ff-642954993e64", "CandidateNo": 33, "FirstName": "วิสุทธิ", "LastName": "แสนโคตร", "PartyName": "ภูมิพลังเกษตรกรไทย", "PartyNumber": 197, "Title": "นาย", "Votable": true, "province_id": 49, "province_name": "มุกดาหาร", "zone_number": 2, "PartyTerminated": false, "Age": 78, "Occupation": "เกษตรกร", "HighestEducation": "ต่ำกว่าปริญญาตรี", "ImageFileId": "5c5d61aafbcb5f0fd887bb34", "SelfIntroduceFileId": "5c5d620bfbcb5f0fd887bd9f", "PartyLogo": "https://storage.googleapis.com/candidate-thumbs/party/197.png", "CandididatePhoto": "https://storage.googleapis.com/candidate-thumbs/images/49-2-33.jpg"}, {"Unnamed: 0": 584, "CandidateId": "e68c00b5-b727-486d-b765-0f2d2bf74e86", "CandidateNo": 34, "FirstName": "ทองบาล", "LastName": "วงศ์พนารัตน์", "PartyName": "พลังแผ่นดินทอง", "PartyNumber": 202, "Title": "นาย", "Votable": true, "province_id": 49, "province_name": "มุกดาหาร", "zone_number": 2, "PartyTerminated": false, "Age": 66, "Occupation": "เกษตรกรรม", "HighestEducation": "ต่ำกว่าปริญญาตรี", "ImageFileId": "5c5d6241fbcb5f0fd887bf24", "SelfIntroduceFileId": "5c5d62acfbcb5f0fd887c244", "PartyLogo": "https://storage.googleapis.com/candidate-thumbs/party/202.png", "CandididatePhoto": "https://storage.googleapis.com/candidate-thumbs/images/49-2-34.jpg"}, {"Unnamed: 0": 585, "CandidateId": "5f74e939-7b19-449d-9ebe-08461be28731", "CandidateNo": 35, "FirstName": "จิราพร", "LastName": "สุนทรส", "PartyName": "พลังประชาธิปไตย", "PartyNumber": 153, "Title": "นางสาว", "Votable": true, "province_id": 49, "province_name": "มุกดาหาร", "zone_number": 2, "PartyTerminated": false, "Age": 43, "Occupation": "ธุรกิจส่วนตัว", "HighestEducation": "ต่ำกว่าปริญญาตรี", "ImageFileId": "5c5d693ffbcb5f0fd887e7d5", "SelfIntroduceFileId": "5c5d69dcfbcb5f0fd887eac2", "PartyLogo": "https://storage.googleapis.com/candidate-thumbs/party/153.png", "CandididatePhoto": "https://storage.googleapis.com/candidate-thumbs/images/49-2-35.jpg"}, {"Unnamed: 0": 586, "CandidateId": "cee404d7-a47c-42b9-b552-ff22b73a2cf8", "CandidateNo": 36, "FirstName": "พิเชฐ", "LastName": "อ่อนบัวขาว", "PartyName": "ผึ้งหลวง", "PartyNumber": 164, "Title": "นาย", "Votable": true, "province_id": 49, "province_name": "มุกดาหาร", "zone_number": 2, "PartyTerminated": false, "Age": 61, "Occupation": "รับราชการครู", "HighestEducation": "ปริญญาโท", "ImageFileId": "5c5d6a97fbcb5f0fd887ee40", "SelfIntroduceFileId": "5c5d6afafbcb5f0fd887f047", "PartyLogo": "https://storage.googleapis.com/candidate-thumbs/party/164.png", "CandididatePhoto": "https://storage.googleapis.com/candidate-thumbs/images/49-2-36.jpg"}, {"Unnamed: 0": 587, "CandidateId": "9a393581-bd0c-4cd6-ac61-b9198459c5d2", "CandidateNo": 37, "FirstName": "ไพรัช", "LastName": "ศัลกวิเศษ", "PartyName": "ไทรักธรรม", "PartyNumber": 144, "Title": "นาย", "Votable": true, "province_id": 49, "province_name": "มุกดาหาร", "zone_number": 2, "PartyTerminated": false, "Age": 49, "Occupation": "ธุรกิจส่วนตัว", "HighestEducation": "ต่ำกว่าปริญญาตรี", "ImageFileId": "5c5d6b23fbcb5f0fd887f28d", "SelfIntroduceFileId": "5c5d6b88fbcb5f0fd887f41f", "PartyLogo": "https://storage.googleapis.com/candidate-thumbs/party/144.png", "CandididatePhoto": "https://storage.googleapis.com/candidate-thumbs/images/49-2-37.jpg"}, {"Unnamed: 0": 588, "CandidateId": "267e7b54-1cce-4786-b73e-103eb74b0c31", "CandidateNo": 38, "FirstName": "สัญญา", "LastName": "ด่านวันดี", "PartyName": "ความหวังใหม่", "PartyNumber": 13, "Title": "นาย", "Votable": true, "province_id": 49, "province_name": "มุกดาหาร", "zone_number": 2, "PartyTerminated": false, "Age": 57, "Occupation": "รับราชการ", "HighestEducation": "ปริญญาโท", "ImageFileId": "5c5d6bb8fbcb5f0fd887f5e8", "SelfIntroduceFileId": "5c5d6c4afbcb5f0fd887f86a", "PartyLogo": "https://storage.googleapis.com/candidate-thumbs/party/13.png", "CandididatePhoto": "https://storage.googleapis.com/candidate-thumbs/images/49-2-38.jpg"}]