[{"Unnamed: 0": 1971, "CandidateId": "2ba511a0-5f52-4ee2-a4cf-da20c6679653", "CandidateNo": 1, "FirstName": "ฮัสซัน", "LastName": "ดาตู", "PartyName": "พลังประชารัฐ", "PartyNumber": 192, "Title": "นาย", "Votable": true, "province_id": 95, "province_name": "ยะลา", "zone_number": 2, "PartyTerminated": false, "Age": 56, "Occupation": "ผู้จัดการโรงเรียนตาร์เบียตุลวาตัลมูลนิธิ", "HighestEducation": "ปริญญาตรี", "ImageFileId": "5c57d0e2fbcb5f1eec0dd086", "SelfIntroduceFileId": "5c57d412fbcb5f1eec0ddcf8", "PartyLogo": "https://storage.googleapis.com/candidate-thumbs/party/192.png", "CandididatePhoto": "https://storage.googleapis.com/candidate-thumbs/images/95-2-1.jpg"}, {"Unnamed: 0": 1972, "CandidateId": "d8c9e51e-29ae-496a-b06b-e16da7661047", "CandidateNo": 2, "FirstName": "ไซด์นอน", "LastName": "แวหามะ", "PartyName": "อนาคตใหม่", "PartyNumber": 177, "Title": "นาย", "Votable": true, "province_id": 95, "province_name": "ยะลา", "zone_number": 2, "PartyTerminated": false, "Age": 39, "Occupation": "ลูกจ้างส่วนราชการ", "HighestEducation": "ปริญญาตรี", "ImageFileId": "5c58ee2efbcb5f1d88130f67", "SelfIntroduceFileId": "5c59142ffbcb5f1d8814d26c", "PartyLogo": "https://storage.googleapis.com/candidate-thumbs/party/177.png", "CandididatePhoto": "https://storage.googleapis.com/candidate-thumbs/images/95-2-2.jpg"}, {"Unnamed: 0": 1973, "CandidateId": "5f04ccae-2b71-491d-a6ee-535aebb262cd", "CandidateNo": 3, "FirstName": "นนทวัฒน์", "LastName": "โต๊ะหนู", "PartyName": "เสรีรวมไทย", "PartyNumber": 145, "Title": "นาย", "Votable": true, "province_id": 95, "province_name": "ยะลา", "zone_number": 2, "PartyTerminated": false, "Age": 35, "Occupation": "ข้าราชการการเมืองท้องถิ่น", "HighestEducation": "ปริญญาโท", "ImageFileId": "5c58f778fbcb5f1d8813699d", "SelfIntroduceFileId": "5c58f904fbcb5f1d88137be3", "PartyLogo": "https://storage.googleapis.com/candidate-thumbs/party/145.png", "CandididatePhoto": "https://storage.googleapis.com/candidate-thumbs/images/95-2-3.jpg"}, {"Unnamed: 0": 1974, "CandidateId": "b9297a9f-d918-4c9b-875f-7b2929f518a0", "CandidateNo": 4, "FirstName": "ริดวาน", "LastName": "มะเต๊ะ", "PartyName": "ภูมิใจไทย", "PartyNumber": 63, "Title": "นาย", "Votable": true, "province_id": 95, "province_name": "ยะลา", "zone_number": 2, "PartyTerminated": false, "Age": 42, "Occupation": "ข้าราชการการเมืองท้องถิ่น", "HighestEducation": "ปริญญาตรี", "ImageFileId": "5c58fd4bfbcb5f1d8813a195", "SelfIntroduceFileId": "5c5901a7fbcb5f1d8813d73b", "PartyLogo": "https://storage.googleapis.com/candidate-thumbs/party/63.png", "CandididatePhoto": "https://storage.googleapis.com/candidate-thumbs/images/95-2-4.jpg"}, {"Unnamed: 0": 1975, "CandidateId": "d1dd770b-2a81-4bd1-a005-b1b45e7cfc67", "CandidateNo": 5, "FirstName": "อับดุลการิม", "LastName": "เด็งระกีนา", "PartyName": "รวมพลังประชาชาติไทย", "PartyNumber": 181, "Title": "นาย", "Votable": true, "province_id": 95, "province_name": "ยะลา", "zone_number": 2, "PartyTerminated": false, "Age": 53, "Occupation": "ทนายความ", "HighestEducation": "ปริญญาโท", "ImageFileId": "5c590f8ffbcb5f1d8814910d", "SelfIntroduceFileId": "5c591202fbcb5f1d8814b671", "PartyLogo": "https://storage.googleapis.com/candidate-thumbs/party/181.png", "CandididatePhoto": "https://storage.googleapis.com/candidate-thumbs/images/95-2-5.jpg"}, {"Unnamed: 0": 1976, "CandidateId": "b93c82f0-0ca8-4cfa-933d-7a3a3290a644", "CandidateNo": 6, "FirstName": "อนุชา", "LastName": "เจ๊ะ", "PartyName": "ประชาภิวัฒน์", "PartyNumber": 172, "Title": "นาย", "Votable": true, "province_id": 95, "province_name": "ยะลา", "zone_number": 2, "PartyTerminated": false, "Age": 27, "Occupation": "ช่างซ่อมรถ", "HighestEducation": "ต่ำกว่าปริญญาตรี", "ImageFileId": "5c59147afbcb5f1d8814d538", "SelfIntroduceFileId": "5c5915d5fbcb5f1d8814e54f", "PartyLogo": "https://storage.googleapis.com/candidate-thumbs/party/172.png", "CandididatePhoto": "https://storage.googleapis.com/candidate-thumbs/images/95-2-6.jpg"}, {"Unnamed: 0": 1977, "CandidateId": "b15efb8b-588f-4cff-82b1-cd06e2916611", "CandidateNo": 7, "FirstName": "ธรนินทร์", "LastName": "ยะมาแล", "PartyName": "พลังท้องถิ่นไท", "PartyNumber": 124, "Title": "นาย", "Votable": true, "province_id": 95, "province_name": "ยะลา", "zone_number": 2, "PartyTerminated": false, "Age": 59, "Occupation": "ข้าราชการการเมืองท้องถิ่น", "HighestEducation": "ปริญญาตรี", "ImageFileId": "5c5917c3fbcb5f1d8814f4a1", "SelfIntroduceFileId": "5c59261cfbcb5f1d881572db", "PartyLogo": "https://storage.googleapis.com/candidate-thumbs/party/124.png", "CandididatePhoto": "https://storage.googleapis.com/candidate-thumbs/images/95-2-7.jpg"}, {"Unnamed: 0": 1978, "CandidateId": "4a60f22a-4db9-4deb-aa53-4923237aac63", "CandidateNo": 8, "FirstName": "ซูการ์โน", "LastName": "มะทา", "PartyName": "ประชาชาติ", "PartyNumber": 187, "Title": "นาย", "Votable": true, "province_id": 95, "province_name": "ยะลา", "zone_number": 2, "PartyTerminated": false, "Age": 54, "Occupation": "นักการเมือง", "HighestEducation": "ปริญญาโท", "ImageFileId": "5c59264afbcb5f1d881575f8", "SelfIntroduceFileId": "5c592844fbcb5f1d881589b4", "PartyLogo": "https://storage.googleapis.com/candidate-thumbs/party/187.png", "CandididatePhoto": "https://storage.googleapis.com/candidate-thumbs/images/95-2-8.jpg"}, {"Unnamed: 0": 1979, "CandidateId": "0d513b89-a996-40df-8be2-ec412d28c160", "CandidateNo": 9, "FirstName": "สะมาแอ", "LastName": "มะดีเย๊าะ", "PartyName": "เพื่อคนไทย", "PartyNumber": 183, "Title": "นาย", "Votable": true, "province_id": 95, "province_name": "ยะลา", "zone_number": 2, "PartyTerminated": false, "Age": 54, "Occupation": "รับเหมาก่อสร้าง", "HighestEducation": "ต่ำกว่าปริญญาตรี", "ImageFileId": "5c592999fbcb5f1d881599ad", "SelfIntroduceFileId": "5c592a3cfbcb5f1d8815a423", "PartyLogo": "https://storage.googleapis.com/candidate-thumbs/party/183.png", "CandididatePhoto": "https://storage.googleapis.com/candidate-thumbs/images/95-2-9.jpg"}, {"Unnamed: 0": 1980, "CandidateId": "3c1a3808-d52f-4651-862d-4bd7fd25bbac", "CandidateNo": 10, "FirstName": "ซูลกือระนัย", "LastName": "หะระตี", "PartyName": "คลองไทย", "PartyNumber": 189, "Title": "นาย", "Votable": true, "province_id": 95, "province_name": "ยะลา", "zone_number": 2, "PartyTerminated": false, "Age": 50, "Occupation": "ธุรกิจส่วนตัว", "HighestEducation": "ต่ำกว่าปริญญาตรี", "ImageFileId": "5c592b03fbcb5f1d8815b172", "SelfIntroduceFileId": "5c592c57fbcb5f1d8815c901", "PartyLogo": "https://storage.googleapis.com/candidate-thumbs/party/189.png", "CandididatePhoto": "https://storage.googleapis.com/candidate-thumbs/images/95-2-10.jpg"}, {"Unnamed: 0": 1981, "CandidateId": "6e89968a-3bd4-4373-8e3e-8a5ad56c1572", "CandidateNo": 11, "FirstName": "อับดุลเล๊าะ", "LastName": "บุวา", "PartyName": "ประชาธิปัตย์", "PartyNumber": 1, "Title": "นาย", "Votable": true, "province_id": 95, "province_name": "ยะลา", "zone_number": 2, "PartyTerminated": false, "Age": 53, "Occupation": "พนักงานเอกชน", "HighestEducation": "ปริญญาตรี", "ImageFileId": "5c593057fbcb5f1d881603a9", "SelfIntroduceFileId": "5c593305fbcb5f1d88162a41", "PartyLogo": "https://storage.googleapis.com/candidate-thumbs/party/1.png", "CandididatePhoto": "https://storage.googleapis.com/candidate-thumbs/images/95-2-11.jpg"}, {"Unnamed: 0": 1982, "CandidateId": "9d5f41c3-f178-4ed9-89f4-3f2e5cb0b435", "CandidateNo": 12, "FirstName": "กอเซ็ง", "LastName": "จิงดารา", "PartyName": "ไทยรักษาชาติ", "PartyNumber": 77, "Title": "นาย", "Votable": true, "province_id": 95, "province_name": "ยะลา", "zone_number": 2, "PartyTerminated": true, "Age": 64, "Occupation": "เกษตรกร", "HighestEducation": "ปริญญาโท", "ImageFileId": "5c593343fbcb5f1d88162d77", "SelfIntroduceFileId": "5c5934d0fbcb5f1d88164025", "PartyLogo": "https://storage.googleapis.com/candidate-thumbs/party/77.png", "CandididatePhoto": "https://storage.googleapis.com/candidate-thumbs/images/95-2-12.jpg"}, {"Unnamed: 0": 1983, "CandidateId": "1820e53c-0d3f-4ff0-a2ad-5a2405ac49f8", "CandidateNo": 13, "FirstName": "แวหะมะ", "LastName": "แวมะมิง", "PartyName": "ชาติไทยพัฒนา", "PartyNumber": 55, "Title": "นาย", "Votable": true, "province_id": 95, "province_name": "ยะลา", "zone_number": 2, "PartyTerminated": false, "Age": 61, "Occupation": "ข้าราชการการเมืองท้องถิ่น", "HighestEducation": "ต่ำกว่าปริญญาตรี", "ImageFileId": "5c5935dcfbcb5f1d88164d49", "SelfIntroduceFileId": "5c5936fefbcb5f1d88165e6f", "PartyLogo": "https://storage.googleapis.com/candidate-thumbs/party/55.png", "CandididatePhoto": "https://storage.googleapis.com/candidate-thumbs/images/95-2-13.jpg"}, {"Unnamed: 0": 1984, "CandidateId": "8b4b382c-cf6b-4d6a-adc1-f64d637af2b7", "CandidateNo": 14, "FirstName": "นิมะตอเฮ", "LastName": "วิชา", "PartyName": "เพื่อธรรม", "PartyNumber": 98, "Title": "นาย", "Votable": true, "province_id": 95, "province_name": "ยะลา", "zone_number": 2, "PartyTerminated": false, "Age": 33, "Occupation": "พนักงานบริษัท", "HighestEducation": "ปริญญาตรี", "ImageFileId": "5c59388cfbcb5f1d881676e0", "SelfIntroduceFileId": "5c593916fbcb5f1d88167f09", "PartyLogo": "https://storage.googleapis.com/candidate-thumbs/party/98.png", "CandididatePhoto": "https://storage.googleapis.com/candidate-thumbs/images/95-2-14.jpg"}, {"Unnamed: 0": 1985, "CandidateId": "86c43845-2484-4e67-8364-bada9c60cb15", "CandidateNo": 15, "FirstName": "อาแว", "LastName": "สือเตาะ", "PartyName": "ชาติพัฒนา", "PartyNumber": 45, "Title": "นาย", "Votable": true, "province_id": 95, "province_name": "ยะลา", "zone_number": 2, "PartyTerminated": false, "Age": 55, "Occupation": "ค้าขาย", "HighestEducation": "ต่ำกว่าปริญญาตรี", "ImageFileId": "5c593940fbcb5f1d88168283", "SelfIntroduceFileId": "5c5941a6fbcb5f1d8816f27c", "PartyLogo": "https://storage.googleapis.com/candidate-thumbs/party/45.png", "CandididatePhoto": "https://storage.googleapis.com/candidate-thumbs/images/95-2-15.jpg"}, {"Unnamed: 0": 1986, "CandidateId": "d49a5712-7839-45c7-bfdb-7c471f7c5565", "CandidateNo": 16, "FirstName": "ฮามีย๊ะ", "LastName": "ลือแม", "PartyName": "เพื่อชาติ", "PartyNumber": 149, "Title": "นาง", "Votable": true, "province_id": 95, "province_name": "ยะลา", "zone_number": 2, "PartyTerminated": false, "Age": 44, "Occupation": "ลูกจ้างเอกชน", "HighestEducation": "ปริญญาตรี", "ImageFileId": "5c594278fbcb5f1d8816fe34", "SelfIntroduceFileId": "5c594f0afbcb5f1d8817a444", "PartyLogo": "https://storage.googleapis.com/candidate-thumbs/party/149.png", "CandididatePhoto": "https://storage.googleapis.com/candidate-thumbs/images/95-2-16.jpg"}, {"Unnamed: 0": 1987, "CandidateId": "ebc34e5d-92ec-4ee1-818f-ab86e9ec697b", "CandidateNo": 17, "FirstName": "สาฮาด๊ะ", "LastName": "สาและ", "PartyName": "รักษ์ผืนป่าประเทศไทย", "PartyNumber": 133, "Title": "นางสาว", "Votable": true, "province_id": 95, "province_name": "ยะลา", "zone_number": 2, "PartyTerminated": false, "Age": 28, "Occupation": "ธุรกิจส่วนตัว", "HighestEducation": "ต่ำกว่าปริญญาตรี", "ImageFileId": "5c5944b5fbcb5f1d881719d9", "SelfIntroduceFileId": "5c594615fbcb5f1d88172cd9", "PartyLogo": "https://storage.googleapis.com/candidate-thumbs/party/133.png", "CandididatePhoto": "https://storage.googleapis.com/candidate-thumbs/images/95-2-17.jpg"}, {"Unnamed: 0": 1988, "CandidateId": "c335cebb-7e02-4d43-8bc3-59693f7c958b", "CandidateNo": 18, "FirstName": "อับดุลเลาะมะ", "LastName": "สาวา", "PartyName": "พลังไทยรักชาติ", "PartyNumber": 155, "Title": "นาย", "Votable": true, "province_id": 95, "province_name": "ยะลา", "zone_number": 2, "PartyTerminated": false, "Age": 56, "Occupation": "ค้าขาย", "HighestEducation": "ต่ำกว่าปริญญาตรี", "ImageFileId": "5c5947a9fbcb5f1d881746e9", "SelfIntroduceFileId": "5c594913fbcb5f1d881759a7", "PartyLogo": "https://storage.googleapis.com/candidate-thumbs/party/155.png", "CandididatePhoto": "https://storage.googleapis.com/candidate-thumbs/images/95-2-18.jpg"}, {"Unnamed: 0": 1989, "CandidateId": "03c9eea1-e698-4780-9d03-2c6a6abd43e8", "CandidateNo": 19, "FirstName": "มะสือดี", "LastName": "อาลีโตะมะ", "PartyName": "ถิ่นกาขาวชาววิไล", "PartyNumber": 129, "Title": "นาย", "Votable": true, "province_id": 95, "province_name": "ยะลา", "zone_number": 2, "PartyTerminated": false, "Age": 48, "Occupation": "ทำสวน", "HighestEducation": "ต่ำกว่าปริญญาตรี", "ImageFileId": "5c594b55fbcb5f1d8817778b", "SelfIntroduceFileId": "5c594c6ffbcb5f1d8817854d", "PartyLogo": "https://storage.googleapis.com/candidate-thumbs/party/129.png", "CandididatePhoto": "https://storage.googleapis.com/candidate-thumbs/images/95-2-19.jpg"}, {"Unnamed: 0": 1990, "CandidateId": "91dd3077-be9a-42bd-a64e-a17b036e96ff", "CandidateNo": 20, "FirstName": "นิรัน", "LastName": "ปานาวา", "PartyName": "พลังชาติไทย", "PartyNumber": 186, "Title": "นาย", "Votable": true, "province_id": 95, "province_name": "ยะลา", "zone_number": 2, "PartyTerminated": false, "Age": 42, "Occupation": "เกษตรกร", "HighestEducation": "ปริญญาตรี", "ImageFileId": "5c5a8123fbcb5f19bcaa6cae", "SelfIntroduceFileId": "5c5a83d2fbcb5f19bcaa86a2", "PartyLogo": "https://storage.googleapis.com/candidate-thumbs/party/186.png", "CandididatePhoto": "https://storage.googleapis.com/candidate-thumbs/images/95-2-20.jpg"}, {"Unnamed: 0": 1991, "CandidateId": "49c5ce7a-923f-4a0a-be20-3e9d065c9023", "CandidateNo": 21, "FirstName": "ฟารีซัน", "LastName": "ตาเยะ", "PartyName": "ครูไทยเพื่อประชาชน", "PartyNumber": 118, "Title": "นางสาว", "Votable": true, "province_id": 95, "province_name": "ยะลา", "zone_number": 2, "PartyTerminated": false, "Age": 26, "Occupation": "นักศึกษา", "HighestEducation": "ต่ำกว่าปริญญาตรี", "ImageFileId": "5c5bf656fbcb5f16fc67f95c", "SelfIntroduceFileId": "5c5bfc20fbcb5f16fc681309", "PartyLogo": "https://storage.googleapis.com/candidate-thumbs/party/118.png", "CandididatePhoto": "https://storage.googleapis.com/candidate-thumbs/images/95-2-21.jpg"}, {"Unnamed: 0": 1992, "CandidateId": "5a32bcaf-def3-4337-8b7a-a9a11add678d", "CandidateNo": 22, "FirstName": "ซำซูดิน", "LastName": "หามะ", "PartyName": "ประชาธิปไตยใหม่", "PartyNumber": 109, "Title": "นาย", "Votable": true, "province_id": 95, "province_name": "ยะลา", "zone_number": 2, "PartyTerminated": false, "Age": 46, "Occupation": "รับจ้าง", "HighestEducation": "ต่ำกว่าปริญญาตรี", "ImageFileId": "5c5bfc48fbcb5f16fc68136b", "SelfIntroduceFileId": "5c5bfdd8fbcb5f16fc6818e1", "PartyLogo": "https://storage.googleapis.com/candidate-thumbs/party/109.png", "CandididatePhoto": "https://storage.googleapis.com/candidate-thumbs/images/95-2-22.jpg"}, {"Unnamed: 0": 1993, "CandidateId": "b22705fb-9091-465d-88d1-eb6371f5addc", "CandidateNo": 23, "FirstName": "กูแอน", "LastName": "มาตานุกูล", "PartyName": "พลังปวงชนไทย", "PartyNumber": 184, "Title": "นาย", "Votable": true, "province_id": 95, "province_name": "ยะลา", "zone_number": 2, "PartyTerminated": false, "Age": 60, "Occupation": "ทำสวน", "HighestEducation": "ปริญญาตรี", "ImageFileId": "5c5bfe02fbcb5f16fc681a4c", "SelfIntroduceFileId": "5c5bffabfbcb5f16fc682118", "PartyLogo": "https://storage.googleapis.com/candidate-thumbs/party/184.png", "CandididatePhoto": "https://storage.googleapis.com/candidate-thumbs/images/95-2-23.jpg"}, {"Unnamed: 0": 1994, "CandidateId": "9a8418d0-451a-4c12-b7f7-1f49f0e40e73", "CandidateNo": 24, "FirstName": "อาฮามัด", "LastName": "วาเตะ", "PartyName": "เศรษฐกิจใหม่", "PartyNumber": 193, "Title": "นาย", "Votable": true, "province_id": 95, "province_name": "ยะลา", "zone_number": 2, "PartyTerminated": false, "Age": 50, "Occupation": "ข้าราชการการเมืองท้องถิ่น", "HighestEducation": "ปริญญาตรี", "ImageFileId": "5c5c007ffbcb5f16fc682558", "SelfIntroduceFileId": "5c5c023bfbcb5f16fc682903", "PartyLogo": "https://storage.googleapis.com/candidate-thumbs/party/193.png", "CandididatePhoto": "https://storage.googleapis.com/candidate-thumbs/images/95-2-24.jpg"}, {"Unnamed: 0": 1995, "CandidateId": "3bc46ddc-6c06-47cd-84a7-f357ae8039d1", "CandidateNo": 25, "FirstName": "อภินันท์", "LastName": "สะตือบา", "PartyName": "พลังสังคม", "PartyNumber": 198, "Title": "นาย", "Votable": true, "province_id": 95, "province_name": "ยะลา", "zone_number": 2, "PartyTerminated": false, "Age": 47, "Occupation": "ธุรกิจส่วนตัว", "HighestEducation": "ต่ำกว่าปริญญาตรี", "ImageFileId": "5c5cf112fbcb5f16fc68f3a1", "SelfIntroduceFileId": "5c5cf418fbcb5f16fc6908ec", "PartyLogo": "https://storage.googleapis.com/candidate-thumbs/party/198.png", "CandididatePhoto": "https://storage.googleapis.com/candidate-thumbs/images/95-2-25.jpg"}, {"Unnamed: 0": 1996, "CandidateId": "f47ceeac-dddc-44b2-ac88-12561477a1cd", "CandidateNo": 26, "FirstName": "การียา", "LastName": "ดอเลาะมิ", "PartyName": "พลังประชาธิปไตย", "PartyNumber": 153, "Title": "นาย", "Votable": false, "province_id": 95, "province_name": "ยะลา", "zone_number": 2, "PartyTerminated": false, "Age": 53, "Occupation": "รับจ้าง", "HighestEducation": "ต่ำกว่าปริญญาตรี", "ImageFileId": "5c5d010efbcb5f0fd8848bc2", "SelfIntroduceFileId": "5c5d0214fbcb5f0fd884937e", "PartyLogo": "https://storage.googleapis.com/candidate-thumbs/party/153.png", "CandididatePhoto": "https://storage.googleapis.com/candidate-thumbs/images/95-2-26.jpg"}, {"Unnamed: 0": 1997, "CandidateId": "21c2d24d-fb09-4880-9c89-762baa9840f4", "CandidateNo": 27, "FirstName": "อับดุลกอเดร์", "LastName": "มาซอรี", "PartyName": "พลเมืองไทย", "PartyNumber": 173, "Title": "นาย", "Votable": true, "province_id": 95, "province_name": "ยะลา", "zone_number": 2, "PartyTerminated": false, "Age": 59, "Occupation": "ค้าขาย", "HighestEducation": "ต่ำกว่าปริญญาตรี", "ImageFileId": "5c5d0427fbcb5f0fd884a510", "SelfIntroduceFileId": "5c5d03cffbcb5f0fd884a2f7", "PartyLogo": "https://storage.googleapis.com/candidate-thumbs/party/173.png", "CandididatePhoto": "https://storage.googleapis.com/candidate-thumbs/images/95-2-27.jpg"}, {"Unnamed: 0": 1998, "CandidateId": "783d6d07-aacb-4e3b-96cd-d4bbd159522a", "CandidateNo": 28, "FirstName": "สันติ", "LastName": "บุญยัง", "PartyName": "ประชาชนปฏิรูป", "PartyNumber": 176, "Title": "นาย", "Votable": true, "province_id": 95, "province_name": "ยะลา", "zone_number": 2, "PartyTerminated": false, "Age": 55, "Occupation": "ค้าขาย", "HighestEducation": "ปริญญาตรี", "ImageFileId": "5c5d16fafbcb5f0fd8850944", "SelfIntroduceFileId": "5c5d2269fbcb5f0fd88554ea", "PartyLogo": "https://storage.googleapis.com/candidate-thumbs/party/176.png", "CandididatePhoto": "https://storage.googleapis.com/candidate-thumbs/images/95-2-28.jpg"}, {"Unnamed: 0": 1999, "CandidateId": "899308fb-3646-4bdc-9e0e-37aaa6ecbb83", "CandidateNo": 29, "FirstName": "หะรง", "LastName": "สะกะแย", "PartyName": "ประชาธรรมไทย", "PartyNumber": 190, "Title": "นาย", "Votable": true, "province_id": 95, "province_name": "ยะลา", "zone_number": 2, "PartyTerminated": false, "Age": 61, "Occupation": "รับราชการครู", "HighestEducation": "ปริญญาตรี", "ImageFileId": "5c5d2465fbcb5f0fd8856039", "SelfIntroduceFileId": "5c5d2591fbcb5f0fd8856af3", "PartyLogo": "https://storage.googleapis.com/candidate-thumbs/party/190.png", "CandididatePhoto": "https://storage.googleapis.com/candidate-thumbs/images/95-2-29.jpg"}, {"Unnamed: 0": 2000, "CandidateId": "7c3033c5-bbac-45bf-b731-868f73b5ea27", "CandidateNo": 30, "FirstName": "เจ๊ะอุเซ็ง", "LastName": "ตาเหย็บ", "PartyName": "พลังไทสร้างชาติ", "PartyNumber": 200, "Title": "นาย", "Votable": true, "province_id": 95, "province_name": "ยะลา", "zone_number": 2, "PartyTerminated": false, "Age": 58, "Occupation": "ค้าขาย/เกษตรกร", "HighestEducation": "ต่ำกว่าปริญญาตรี", "ImageFileId": "5c5d2813fbcb5f0fd8857f89", "SelfIntroduceFileId": "5c5d2958fbcb5f0fd8858a42", "PartyLogo": "https://storage.googleapis.com/candidate-thumbs/party/200.png", "CandididatePhoto": "https://storage.googleapis.com/candidate-thumbs/images/95-2-30.jpg"}, {"Unnamed: 0": 2001, "CandidateId": "119d87a9-2464-4b51-851e-8c8271f30729", "CandidateNo": 31, "FirstName": "การอหม๊ะ", "LastName": "มะแซ", "PartyName": "มหาชน", "PartyNumber": 4, "Title": "นางสาว", "Votable": true, "province_id": 95, "province_name": "ยะลา", "zone_number": 2, "PartyTerminated": false, "Age": 26, "Occupation": "ธุรกิจส่วนตัว", "HighestEducation": "ต่ำกว่าปริญญาตรี", "ImageFileId": "5c5d2aa9fbcb5f0fd88594fe", "SelfIntroduceFileId": "5c5d2d32fbcb5f0fd885a90c", "PartyLogo": "https://storage.googleapis.com/candidate-thumbs/party/4.png", "CandididatePhoto": "https://storage.googleapis.com/candidate-thumbs/images/95-2-31.jpg"}, {"Unnamed: 0": 2002, "CandidateId": "1de75fdc-6f66-4989-8320-a4ef840a6ed1", "CandidateNo": 32, "FirstName": "จำรัส", "LastName": "ทองแก้ว", "PartyName": "แผ่นดินธรรม", "PartyNumber": 188, "Title": "นาย", "Votable": true, "province_id": 95, "province_name": "ยะลา", "zone_number": 2, "PartyTerminated": false, "Age": 66, "Occupation": "เกษตรกร", "HighestEducation": "ต่ำกว่าปริญญาตรี", "ImageFileId": "5c5d30bbfbcb5f0fd885c6c4", "SelfIntroduceFileId": "5c5d3317fbcb5f0fd885db61", "PartyLogo": "https://storage.googleapis.com/candidate-thumbs/party/188.png", "CandididatePhoto": "https://storage.googleapis.com/candidate-thumbs/images/95-2-32.jpg"}, {"Unnamed: 0": 2003, "CandidateId": "a663b856-caf4-41e2-8d18-43e84559a33f", "CandidateNo": 33, "FirstName": "ดุลรอแม", "LastName": "ดอเลาะบาโด", "PartyName": "ภูมิพลังเกษตรกรไทย", "PartyNumber": 197, "Title": "นาย", "Votable": true, "province_id": 95, "province_name": "ยะลา", "zone_number": 2, "PartyTerminated": false, "Age": 50, "Occupation": "ค้าขาย", "HighestEducation": "ต่ำกว่าปริญญาตรี", "ImageFileId": "5c5d4336fbcb5f0fd8866f57", "SelfIntroduceFileId": "5c5d4467fbcb5f0fd8867d9b", "PartyLogo": "https://storage.googleapis.com/candidate-thumbs/party/197.png", "CandididatePhoto": "https://storage.googleapis.com/candidate-thumbs/images/95-2-33.jpg"}, {"Unnamed: 0": 2004, "CandidateId": "39173695-eb8f-4360-84d7-aead57afd180", "CandidateNo": 34, "FirstName": "อับดุลรอนิง", "LastName": "โต๊ะโพ", "PartyName": "ไทรักธรรม", "PartyNumber": 144, "Title": "นาย", "Votable": true, "province_id": 95, "province_name": "ยะลา", "zone_number": 2, "PartyTerminated": false, "Age": 49, "Occupation": "ค้าขาย", "HighestEducation": "ปริญญาโท", "ImageFileId": "5c5d545dfbcb5f0fd8872df3", "SelfIntroduceFileId": "5c5d5597fbcb5f0fd88742ab", "PartyLogo": "https://storage.googleapis.com/candidate-thumbs/party/144.png", "CandididatePhoto": "https://storage.googleapis.com/candidate-thumbs/images/95-2-34.jpg"}]