[{"Unnamed: 0": 1934, "CandidateId": "9440ac49-9e13-433d-9261-ca23bf4e621f", "CandidateNo": 1, "FirstName": "มะดิง", "LastName": "เย็ง", "PartyName": "ชาติไทยพัฒนา", "PartyNumber": 55, "Title": "นาย", "Votable": true, "province_id": 95, "province_name": "ยะลา", "zone_number": 1, "PartyTerminated": false, "Age": 50, "Occupation": "ธุรกิจส่วนตัว", "HighestEducation": "ต่ำกว่าปริญญาตรี", "ImageFileId": "5c598e43fbcb5f1d88185f21", "SelfIntroduceFileId": "5c599362fbcb5f1d88186515", "PartyLogo": "https://storage.googleapis.com/candidate-thumbs/party/55.png", "CandididatePhoto": "https://storage.googleapis.com/candidate-thumbs/images/95-1-1.jpg"}, {"Unnamed: 0": 1935, "CandidateId": "61455c95-70e3-4762-825f-93fe83f790a8", "CandidateNo": 2, "FirstName": "สัญญา", "LastName": "สุวรรณโพธิ์", "PartyName": "ประชาชาติ", "PartyNumber": 187, "Title": "นาย", "Votable": true, "province_id": 95, "province_name": "ยะลา", "zone_number": 1, "PartyTerminated": false, "Age": 70, "Occupation": "นักการเมืองท้องถิ่น (รองนายกเทศมนตรีนครยะลา)", "HighestEducation": "ปริญญาโท", "ImageFileId": "5c599c89fbcb5f1d88186720", "SelfIntroduceFileId": "5c6271e0fbcb5f2ba43b94c6", "PartyLogo": "https://storage.googleapis.com/candidate-thumbs/party/187.png", "CandididatePhoto": "https://storage.googleapis.com/candidate-thumbs/images/95-1-2.jpg"}, {"Unnamed: 0": 1936, "CandidateId": "fdc5ade9-c826-428b-bea3-67d2788c7e25", "CandidateNo": 3, "FirstName": "สุไรดา", "LastName": "ยูโซะปลูกา", "PartyName": "ประชาภิวัฒน์", "PartyNumber": 172, "Title": "นางสาว", "Votable": true, "province_id": 95, "province_name": "ยะลา", "zone_number": 1, "PartyTerminated": false, "Age": 28, "Occupation": "ธุรกิจส่วนตัว", "HighestEducation": "ปริญญาตรี", "ImageFileId": "5c59a13cfbcb5f1d881869a8", "SelfIntroduceFileId": "5c59a584fbcb5f1d88186acf", "PartyLogo": "https://storage.googleapis.com/candidate-thumbs/party/172.png", "CandididatePhoto": "https://storage.googleapis.com/candidate-thumbs/images/95-1-3.jpg"}, {"Unnamed: 0": 1937, "CandidateId": "817fb861-e248-4594-ad3f-8d8a02324779", "CandidateNo": 4, "FirstName": "อาดิลัน", "LastName": "อาลีอิสเฮาะ", "PartyName": "พลังประชารัฐ", "PartyNumber": 192, "Title": "นาย", "Votable": true, "province_id": 95, "province_name": "ยะลา", "zone_number": 1, "PartyTerminated": false, "Age": 52, "Occupation": "ทนายความ", "HighestEducation": "ปริญญาตรี", "ImageFileId": "5c59a656fbcb5f1d88186ad9", "SelfIntroduceFileId": "5c59a8fefbcb5f1d88186bc0", "PartyLogo": "https://storage.googleapis.com/candidate-thumbs/party/192.png", "CandididatePhoto": "https://storage.googleapis.com/candidate-thumbs/images/95-1-4.jpg"}, {"Unnamed: 0": 1938, "CandidateId": "b3206ba8-4b07-4b2b-8c13-d5b8241a1d92", "CandidateNo": 5, "FirstName": "จิรายุ", "LastName": "เบ็ญจวงศ์", "PartyName": "อนาคตใหม่", "PartyNumber": 177, "Title": "นาย", "Votable": true, "province_id": 95, "province_name": "ยะลา", "zone_number": 1, "PartyTerminated": false, "Age": 40, "Occupation": "อาจารย์ประจำ", "HighestEducation": "ปริญญาโท", "ImageFileId": "5c59a9d4fbcb5f1d88186c4c", "SelfIntroduceFileId": "5c6298fdfbcb5f2ba43bf19c", "PartyLogo": "https://storage.googleapis.com/candidate-thumbs/party/177.png", "CandididatePhoto": "https://storage.googleapis.com/candidate-thumbs/images/95-1-5.jpg"}, {"Unnamed: 0": 1939, "CandidateId": "39793bd4-0d9e-4313-a279-eecfcaa3e31c", "CandidateNo": 6, "FirstName": "นุรดิน", "LastName": "อาสาบาโงย", "PartyName": "ภูมิใจไทย", "PartyNumber": 63, "Title": "นาย", "Votable": true, "province_id": 95, "province_name": "ยะลา", "zone_number": 1, "PartyTerminated": false, "Age": 33, "Occupation": "ผู้ฝึกสอนกีฬาฟุตบอล", "HighestEducation": "ปริญญาตรี", "ImageFileId": "5c59acb5fbcb5f1d88186d17", "SelfIntroduceFileId": "5c59af8efbcb5f1d88186dba", "PartyLogo": "https://storage.googleapis.com/candidate-thumbs/party/63.png", "CandididatePhoto": "https://storage.googleapis.com/candidate-thumbs/images/95-1-6.jpg"}, {"Unnamed: 0": 1940, "CandidateId": "a789fae5-4b1f-4ca1-abdf-8f43c1e3e086", "CandidateNo": 7, "FirstName": "บือราเฮง", "LastName": "หะยีหะมะ", "PartyName": "เพื่อธรรม", "PartyNumber": 98, "Title": "นาย", "Votable": true, "province_id": 95, "province_name": "ยะลา", "zone_number": 1, "PartyTerminated": false, "Age": 26, "Occupation": "ธุรกิจส่วนตัว", "HighestEducation": "ต่ำกว่าปริญญาตรี", "ImageFileId": "5c59b052fbcb5f1d88186e17", "SelfIntroduceFileId": "5c6426b7fbcb5f0fb8d98b35", "PartyLogo": "https://storage.googleapis.com/candidate-thumbs/party/98.png", "CandididatePhoto": "https://storage.googleapis.com/candidate-thumbs/images/95-1-7.jpg"}, {"Unnamed: 0": 1941, "CandidateId": "bfdacb2b-d9eb-433f-b81c-be174a67aa53", "CandidateNo": 8, "FirstName": "ภูริพงศ์", "LastName": "พงษ์สุวรรณศิริ", "PartyName": "ประชาธิปัตย์", "PartyNumber": 1, "Title": "นาย", "Votable": true, "province_id": 95, "province_name": "ยะลา", "zone_number": 1, "PartyTerminated": false, "Age": 38, "Occupation": "ข้าราชการการเมือง", "HighestEducation": "ปริญญาโท", "ImageFileId": "5c59b23cfbcb5f1d88186e64", "SelfIntroduceFileId": "5c59b4d7fbcb5f1d88186ed6", "PartyLogo": "https://storage.googleapis.com/candidate-thumbs/party/1.png", "CandididatePhoto": "https://storage.googleapis.com/candidate-thumbs/images/95-1-8.jpg"}, {"Unnamed: 0": 1942, "CandidateId": "7f86ac6b-e08d-4d5d-ae98-6720e95178a0", "CandidateNo": 9, "FirstName": "อดุลย์", "LastName": "สะอิ", "PartyName": "พลังท้องถิ่นไท", "PartyNumber": 124, "Title": "นาย", "Votable": true, "province_id": 95, "province_name": "ยะลา", "zone_number": 1, "PartyTerminated": false, "Age": 61, "Occupation": "ค้าขาย", "HighestEducation": "ปริญญาโท", "ImageFileId": "5c59b554fbcb5f1d88186f07", "SelfIntroduceFileId": "5c629964fbcb5f2ba43bf2c2", "PartyLogo": "https://storage.googleapis.com/candidate-thumbs/party/124.png", "CandididatePhoto": "https://storage.googleapis.com/candidate-thumbs/images/95-1-9.jpg"}, {"Unnamed: 0": 1943, "CandidateId": "41f9c254-6b48-4af3-b954-18d4cf81e747", "CandidateNo": 10, "FirstName": "ยูซุฟ", "LastName": "อับดุรรอฮีม", "PartyName": "ไทยรักษาชาติ", "PartyNumber": 77, "Title": "นาย", "Votable": true, "province_id": 95, "province_name": "ยะลา", "zone_number": 1, "PartyTerminated": true, "Age": 55, "Occupation": "รับจ้าง", "HighestEducation": "ปริญญาโท", "ImageFileId": "5c59b765fbcb5f1d88186f6b", "SelfIntroduceFileId": "5c59b976fbcb5f1d88186f9e", "PartyLogo": "https://storage.googleapis.com/candidate-thumbs/party/77.png", "CandididatePhoto": "https://storage.googleapis.com/candidate-thumbs/images/95-1-10.jpg"}, {"Unnamed: 0": 1944, "CandidateId": "cd89d795-c682-47d2-beaf-b9b89c69cc6d", "CandidateNo": 11, "FirstName": "มุกตาร์", "LastName": "จะปะกิยา", "PartyName": "เพื่อคนไทย", "PartyNumber": 183, "Title": "นาย", "Votable": true, "province_id": 95, "province_name": "ยะลา", "zone_number": 1, "PartyTerminated": false, "Age": 49, "Occupation": "ค้าขาย", "HighestEducation": "ปริญญาตรี", "ImageFileId": "5c5a4be9fbcb5f19bca90198", "SelfIntroduceFileId": "5c5a4f15fbcb5f19bca91bce", "PartyLogo": "https://storage.googleapis.com/candidate-thumbs/party/183.png", "CandididatePhoto": "https://storage.googleapis.com/candidate-thumbs/images/95-1-11.jpg"}, {"Unnamed: 0": 1945, "CandidateId": "4fae76f5-8d49-4296-b059-21e1a830d7a3", "CandidateNo": 12, "FirstName": "เชล", "LastName": "ติ้งคำ", "PartyName": "รวมพลังประชาชาติไทย", "PartyNumber": 181, "Title": "นาย", "Votable": true, "province_id": 95, "province_name": "ยะลา", "zone_number": 1, "PartyTerminated": false, "Age": 53, "Occupation": "ค้าขาย", "HighestEducation": "ต่ำกว่าปริญญาตรี", "ImageFileId": "5c5a4fc9fbcb5f19bca92434", "SelfIntroduceFileId": "5c5a523efbcb5f19bca939cf", "PartyLogo": "https://storage.googleapis.com/candidate-thumbs/party/181.png", "CandididatePhoto": "https://storage.googleapis.com/candidate-thumbs/images/95-1-12.jpg"}, {"Unnamed: 0": 1946, "CandidateId": "33492f9c-8767-4e46-b90e-b476af1e9eb1", "CandidateNo": 13, "FirstName": "วารินทร์", "LastName": "สุคนธชาติ", "PartyName": "สยามพัฒนา", "PartyNumber": 182, "Title": "นาย", "Votable": true, "province_id": 95, "province_name": "ยะลา", "zone_number": 1, "PartyTerminated": false, "Age": 67, "Occupation": "ลูกจ้างประจำ", "HighestEducation": "ปริญญาตรี", "ImageFileId": "5c5a5529fbcb5f19bca95530", "SelfIntroduceFileId": "5c5a5e01fbcb5f19bca99ea1", "PartyLogo": "https://storage.googleapis.com/candidate-thumbs/party/182.png", "CandididatePhoto": "https://storage.googleapis.com/candidate-thumbs/images/95-1-13.jpg"}, {"Unnamed: 0": 1947, "CandidateId": "5329c003-f026-4cf1-be3c-90cafb84be7d", "CandidateNo": 14, "FirstName": "ต่วนอิสเฮาะ", "LastName": "โต๊ะนิแต", "PartyName": "เสรีรวมไทย", "PartyNumber": 145, "Title": "นาย", "Votable": true, "province_id": 95, "province_name": "ยะลา", "zone_number": 1, "PartyTerminated": false, "Age": 54, "Occupation": "รับราชการตำรวจ", "HighestEducation": "ต่ำกว่าปริญญาตรี", "ImageFileId": "5c5a74bafbcb5f19bcaa1875", "SelfIntroduceFileId": "5c5a7680fbcb5f19bcaa23ef", "PartyLogo": "https://storage.googleapis.com/candidate-thumbs/party/145.png", "CandididatePhoto": "https://storage.googleapis.com/candidate-thumbs/images/95-1-14.jpg"}, {"Unnamed: 0": 1948, "CandidateId": "4065c969-61bd-4898-b2e2-903bf567e9da", "CandidateNo": 15, "FirstName": "ยูโซฟ", "LastName": "หะยีอาซา", "PartyName": "ชาติพัฒนา", "PartyNumber": 45, "Title": "นาย", "Votable": true, "province_id": 95, "province_name": "ยะลา", "zone_number": 1, "PartyTerminated": false, "Age": 60, "Occupation": "ข้าราชการครู", "HighestEducation": "ปริญญาโท", "ImageFileId": "5c5a7b8bfbcb5f19bcaa3ee5", "SelfIntroduceFileId": "5c5a7db7fbcb5f19bcaa4e53", "PartyLogo": "https://storage.googleapis.com/candidate-thumbs/party/45.png", "CandididatePhoto": "https://storage.googleapis.com/candidate-thumbs/images/95-1-15.jpg"}, {"Unnamed: 0": 1949, "CandidateId": "978c6a4f-8a26-48b1-a004-b852c28f2d4b", "CandidateNo": 16, "FirstName": "สุริยา", "LastName": "มะหะจิ", "PartyName": "เพื่อชาติ", "PartyNumber": 149, "Title": "นาย", "Votable": true, "province_id": 95, "province_name": "ยะลา", "zone_number": 1, "PartyTerminated": false, "Age": 36, "Occupation": "ธุรกิจส่วนตัว", "HighestEducation": "ปริญญาตรี", "ImageFileId": "5c5a7eaefbcb5f19bcaa5868", "SelfIntroduceFileId": "5c5a803efbcb5f19bcaa6684", "PartyLogo": "https://storage.googleapis.com/candidate-thumbs/party/149.png", "CandididatePhoto": "https://storage.googleapis.com/candidate-thumbs/images/95-1-16.jpg"}, {"Unnamed: 0": 1950, "CandidateId": "15ec261f-fc98-45d0-8452-d748686600c3", "CandidateNo": 17, "FirstName": "มายีด๊ะ", "LastName": "ยะลาแน", "PartyName": "รักษ์ผืนป่าประเทศไทย", "PartyNumber": 133, "Title": "นางสาว", "Votable": true, "province_id": 95, "province_name": "ยะลา", "zone_number": 1, "PartyTerminated": false, "Age": 42, "Occupation": "ธุรกิจส่วนตัว", "HighestEducation": "ต่ำกว่าปริญญาตรี", "ImageFileId": "5c5a8087fbcb5f19bcaa6854", "SelfIntroduceFileId": "5c5a8224fbcb5f19bcaa7655", "PartyLogo": "https://storage.googleapis.com/candidate-thumbs/party/133.png", "CandididatePhoto": "https://storage.googleapis.com/candidate-thumbs/images/95-1-17.jpg"}, {"Unnamed: 0": 1951, "CandidateId": "363c0347-c7c9-4bed-a438-a6a29cfd31d0", "CandidateNo": 18, "FirstName": "เดชศักดิ์", "LastName": "พิมเสนศรี", "PartyName": "ประชาชนปฏิรูป", "PartyNumber": 176, "Title": "นาย", "Votable": true, "province_id": 95, "province_name": "ยะลา", "zone_number": 1, "PartyTerminated": false, "Age": 47, "Occupation": "ทนายความ", "HighestEducation": "ปริญญาโท", "ImageFileId": "5c5a83c8fbcb5f19bcaa8649", "SelfIntroduceFileId": "5c5a8624fbcb5f19bcaa958c", "PartyLogo": "https://storage.googleapis.com/candidate-thumbs/party/176.png", "CandididatePhoto": "https://storage.googleapis.com/candidate-thumbs/images/95-1-18.jpg"}, {"Unnamed: 0": 1952, "CandidateId": "5218b450-1e2e-4217-abd3-06f6495560cd", "CandidateNo": 19, "FirstName": "สุรศักดิ์", "LastName": "ยูโซ๊ะ", "PartyName": "ถิ่นกาขาวชาววิไล", "PartyNumber": 129, "Title": "นาย", "Votable": true, "province_id": 95, "province_name": "ยะลา", "zone_number": 1, "PartyTerminated": false, "Age": 58, "Occupation": "ทำสวน", "HighestEducation": "ต่ำกว่าปริญญาตรี", "ImageFileId": "5c5a884bfbcb5f19bcaaa229", "SelfIntroduceFileId": "5c5a8a62fbcb5f19bcaab1dc", "PartyLogo": "https://storage.googleapis.com/candidate-thumbs/party/129.png", "CandididatePhoto": "https://storage.googleapis.com/candidate-thumbs/images/95-1-19.jpg"}, {"Unnamed: 0": 1953, "CandidateId": "6a801ce0-24fc-48a9-987a-7410342a67e7", "CandidateNo": 20, "FirstName": "ไลลา", "LastName": "สาและ", "PartyName": "พลังชาติไทย", "PartyNumber": 186, "Title": "นางสาว", "Votable": true, "province_id": 95, "province_name": "ยะลา", "zone_number": 1, "PartyTerminated": false, "Age": 49, "Occupation": "ลูกจ้าง", "HighestEducation": "ปริญญาตรี", "ImageFileId": "5c5a6567fbcb5f19bca9d827", "SelfIntroduceFileId": "5c5a6c46fbcb5f19bca9f9e2", "PartyLogo": "https://storage.googleapis.com/candidate-thumbs/party/186.png", "CandididatePhoto": "https://storage.googleapis.com/candidate-thumbs/images/95-1-20.jpg"}, {"Unnamed: 0": 1954, "CandidateId": "849ecbaf-995b-4318-8ace-8d9c102e49d7", "CandidateNo": 21, "FirstName": "อิสมาแอล", "LastName": "ยามา", "PartyName": "คลองไทย", "PartyNumber": 189, "Title": "นาย", "Votable": true, "province_id": 95, "province_name": "ยะลา", "zone_number": 1, "PartyTerminated": false, "Age": 26, "Occupation": "ธุรกิจส่วนตัว", "HighestEducation": "ต่ำกว่าปริญญาตรี", "ImageFileId": "5c613a33fbcb5f13a0b7d5d4", "SelfIntroduceFileId": "5c5a99fafbcb5f19bcab1ed6", "PartyLogo": "https://storage.googleapis.com/candidate-thumbs/party/189.png", "CandididatePhoto": "https://storage.googleapis.com/candidate-thumbs/images/95-1-21.jpg"}, {"Unnamed: 0": 1955, "CandidateId": "8295d609-3f45-4089-a8fb-7b5baefb6119", "CandidateNo": 22, "FirstName": "มะสือดี", "LastName": "สะแลแม", "PartyName": "เศรษฐกิจใหม่", "PartyNumber": 193, "Title": "นาย", "Votable": true, "province_id": 95, "province_name": "ยะลา", "zone_number": 1, "PartyTerminated": false, "Age": 52, "Occupation": "อาจารย์สอนศาสนา (โต๊ะครู)", "HighestEducation": "ต่ำกว่าปริญญาตรี", "ImageFileId": "5c5a9f25fbcb5f19bcab44ef", "SelfIntroduceFileId": "5c61892bfbcb5f13a0b80984", "PartyLogo": "https://storage.googleapis.com/candidate-thumbs/party/193.png", "CandididatePhoto": "https://storage.googleapis.com/candidate-thumbs/images/95-1-22.jpg"}, {"Unnamed: 0": 1956, "CandidateId": "de8dda6c-a761-4f45-8ad3-4586a8d690b8", "CandidateNo": 23, "FirstName": "พาฮีส๊ะ", "LastName": "ท้วมงาม", "PartyName": "ครูไทยเพื่อประชาชน", "PartyNumber": 118, "Title": "นาง", "Votable": true, "province_id": 95, "province_name": "ยะลา", "zone_number": 1, "PartyTerminated": false, "Age": 51, "Occupation": "จิตอาสา (ภาคประชาสังคม)", "HighestEducation": "ต่ำกว่าปริญญาตรี", "ImageFileId": "5c5baacbfbcb5f16fc65cc57", "SelfIntroduceFileId": "5c5bac98fbcb5f16fc65d89d", "PartyLogo": "https://storage.googleapis.com/candidate-thumbs/party/118.png", "CandididatePhoto": "https://storage.googleapis.com/candidate-thumbs/images/95-1-23.jpg"}, {"Unnamed: 0": 1957, "CandidateId": "e4804dc5-19f9-4305-ac20-eb7aa1d58ea5", "CandidateNo": 24, "FirstName": "สุวรรณ", "LastName": "ยิ่งเจริญสมสุข", "PartyName": "พลังปวงชนไทย", "PartyNumber": 184, "Title": "นาย", "Votable": true, "province_id": 95, "province_name": "ยะลา", "zone_number": 1, "PartyTerminated": false, "Age": 57, "Occupation": "รับจ้างทั่วไป", "HighestEducation": "ปริญญาตรี", "ImageFileId": "5c5bbbc5fbcb5f16fc66516a", "SelfIntroduceFileId": "5c5bbe24fbcb5f16fc665e27", "PartyLogo": "https://storage.googleapis.com/candidate-thumbs/party/184.png", "CandididatePhoto": "https://storage.googleapis.com/candidate-thumbs/images/95-1-24.jpg"}, {"Unnamed: 0": 1958, "CandidateId": "f75efbe2-07f8-4eca-9fc5-ef23c413925b", "CandidateNo": 25, "FirstName": "ซาลือมา", "LastName": "กาซอ", "PartyName": "ประชาธิปไตยใหม่", "PartyNumber": 109, "Title": "นางสาว", "Votable": true, "province_id": 95, "province_name": "ยะลา", "zone_number": 1, "PartyTerminated": false, "Age": 51, "Occupation": "ค้าขาย", "HighestEducation": "ต่ำกว่าปริญญาตรี", "ImageFileId": "5c5bc91afbcb5f16fc668b99", "SelfIntroduceFileId": "5c5bcaddfbcb5f16fc669992", "PartyLogo": "https://storage.googleapis.com/candidate-thumbs/party/109.png", "CandididatePhoto": "https://storage.googleapis.com/candidate-thumbs/images/95-1-25.jpg"}, {"Unnamed: 0": 1959, "CandidateId": "aed69ae6-5285-41bb-be11-7bc490fe903e", "CandidateNo": 26, "FirstName": "ซามีลา", "LastName": "บือราเฮง", "PartyName": "ภราดรภาพ", "PartyNumber": 154, "Title": "นางสาว", "Votable": true, "province_id": 95, "province_name": "ยะลา", "zone_number": 1, "PartyTerminated": false, "Age": 28, "Occupation": "สวัสดิการโรงเรียนรัฐบาล", "HighestEducation": "ปริญญาตรี", "ImageFileId": "5c5be8eafbcb5f16fc6785fb", "SelfIntroduceFileId": "5c5bead9fbcb5f16fc679896", "PartyLogo": "https://storage.googleapis.com/candidate-thumbs/party/154.png", "CandididatePhoto": "https://storage.googleapis.com/candidate-thumbs/images/95-1-26.jpg"}, {"Unnamed: 0": 1960, "CandidateId": "64a5ff0e-899e-4b6f-a7a0-450afb5f6564", "CandidateNo": 27, "FirstName": "พิษณุ", "LastName": "ก่อเกียรติยากุล", "PartyName": "พลังสหกรณ์", "PartyNumber": 122, "Title": "นาย", "Votable": true, "province_id": 95, "province_name": "ยะลา", "zone_number": 1, "PartyTerminated": false, "Age": 67, "Occupation": "ข้าราชการบำนาญ", "HighestEducation": "ปริญญาโท", "ImageFileId": "5c5bebe9fbcb5f16fc679fde", "SelfIntroduceFileId": "5c5bede3fbcb5f16fc67b413", "PartyLogo": "https://storage.googleapis.com/candidate-thumbs/party/122.png", "CandididatePhoto": "https://storage.googleapis.com/candidate-thumbs/images/95-1-27.jpg"}, {"Unnamed: 0": 1961, "CandidateId": "b16a25e0-b986-4098-8721-79038adba3f5", "CandidateNo": 28, "FirstName": "จุฑาภรณ์", "LastName": "เวชวัฒนาเศรษฐ", "PartyName": "กรีน", "PartyNumber": 206, "Title": "นางสาว", "Votable": true, "province_id": 95, "province_name": "ยะลา", "zone_number": 1, "PartyTerminated": false, "Age": 33, "Occupation": "เกษตรกร", "HighestEducation": "ต่ำกว่าปริญญาตรี", "ImageFileId": "5c5bee78fbcb5f16fc67b9c3", "SelfIntroduceFileId": "5c5bf083fbcb5f16fc67c9eb", "PartyLogo": "https://storage.googleapis.com/candidate-thumbs/party/206.png", "CandididatePhoto": "https://storage.googleapis.com/candidate-thumbs/images/95-1-28.jpg"}, {"Unnamed: 0": 1962, "CandidateId": "8e88b84a-df00-4c93-a866-37af7a73cd5e", "CandidateNo": 29, "FirstName": "อุสมาน", "LastName": "สะตือบา", "PartyName": "พลังสังคม", "PartyNumber": 198, "Title": "นาย", "Votable": true, "province_id": 95, "province_name": "ยะลา", "zone_number": 1, "PartyTerminated": false, "Age": 60, "Occupation": "ธุรกิจส่วนตัว", "HighestEducation": "ต่ำกว่าปริญญาตรี", "ImageFileId": "5c5cf591fbcb5f16fc69125c", "SelfIntroduceFileId": "5c5cf795fbcb5f0fd8843ec4", "PartyLogo": "https://storage.googleapis.com/candidate-thumbs/party/198.png", "CandididatePhoto": "https://storage.googleapis.com/candidate-thumbs/images/95-1-29.jpg"}, {"Unnamed: 0": 1963, "CandidateId": "29907081-3621-40f7-bc48-87d94cc7a17e", "CandidateNo": 30, "FirstName": "สถิตย์", "LastName": "ชูเมือง", "PartyName": "พลเมืองไทย", "PartyNumber": 173, "Title": "นาย", "Votable": true, "province_id": 95, "province_name": "ยะลา", "zone_number": 1, "PartyTerminated": false, "Age": 61, "Occupation": "ธุรกิจส่วนตัวและลูกจ้างประจำบำนาญ", "HighestEducation": "ต่ำกว่าปริญญาตรี", "ImageFileId": "5c5d0463fbcb5f0fd884a6c2", "SelfIntroduceFileId": "5c5d0656fbcb5f0fd884b80b", "PartyLogo": "https://storage.googleapis.com/candidate-thumbs/party/173.png", "CandididatePhoto": "https://storage.googleapis.com/candidate-thumbs/images/95-1-30.jpg"}, {"Unnamed: 0": 1964, "CandidateId": "5b5d7a51-67bd-4964-bd70-898501f9a90d", "CandidateNo": 31, "FirstName": "หัสดิน", "LastName": "ยะผา", "PartyName": "พลังไทยรักไทย", "PartyNumber": 185, "Title": "นาย", "Votable": true, "province_id": 95, "province_name": "ยะลา", "zone_number": 1, "PartyTerminated": false, "Age": 61, "Occupation": "ก่อสร้าง", "HighestEducation": "ต่ำกว่าปริญญาตรี", "ImageFileId": "5c5d234afbcb5f0fd8855a3b", "SelfIntroduceFileId": "5c5d24a9fbcb5f0fd8856211", "PartyLogo": "https://storage.googleapis.com/candidate-thumbs/party/185.png", "CandididatePhoto": "https://storage.googleapis.com/candidate-thumbs/images/95-1-31.jpg"}, {"Unnamed: 0": 1965, "CandidateId": "81c761b3-100f-490d-9955-5a27f2ba0092", "CandidateNo": 32, "FirstName": "อีสอ", "LastName": "สะแต", "PartyName": "พลังไทสร้างชาติ", "PartyNumber": 200, "Title": "นาย", "Votable": true, "province_id": 95, "province_name": "ยะลา", "zone_number": 1, "PartyTerminated": false, "Age": 65, "Occupation": "รับจ้างทั่วไป", "HighestEducation": "ต่ำกว่าปริญญาตรี", "ImageFileId": "5c5d2c9afbcb5f0fd885a2ed", "SelfIntroduceFileId": "5c5d2e37fbcb5f0fd885b429", "PartyLogo": "https://storage.googleapis.com/candidate-thumbs/party/200.png", "CandididatePhoto": "https://storage.googleapis.com/candidate-thumbs/images/95-1-32.jpg"}, {"Unnamed: 0": 1966, "CandidateId": "5ac8c643-b9a0-4907-a9bb-91f6cdb438af", "CandidateNo": 33, "FirstName": "มารีเย๊าะ", "LastName": "กะดะแซ", "PartyName": "ประชาธรรมไทย", "PartyNumber": 190, "Title": "นางสาว", "Votable": true, "province_id": 95, "province_name": "ยะลา", "zone_number": 1, "PartyTerminated": false, "Age": 31, "Occupation": "บุคลากรโรงเรียนศานติธรรม", "HighestEducation": "ปริญญาตรี", "ImageFileId": "5c5d32d9fbcb5f0fd885d9e4", "SelfIntroduceFileId": "5c5d342ffbcb5f0fd885e428", "PartyLogo": "https://storage.googleapis.com/candidate-thumbs/party/190.png", "CandididatePhoto": "https://storage.googleapis.com/candidate-thumbs/images/95-1-33.jpg"}, {"Unnamed: 0": 1967, "CandidateId": "7b97dc86-2b47-46f6-acbd-8afd8c58f8c2", "CandidateNo": 34, "FirstName": "สามารถ", "LastName": "ราแดง", "PartyName": "มหาชน", "PartyNumber": 4, "Title": "นาย", "Votable": true, "province_id": 95, "province_name": "ยะลา", "zone_number": 1, "PartyTerminated": false, "Age": 61, "Occupation": "ธุรกิจส่วนตัว", "HighestEducation": "ต่ำกว่าปริญญาตรี", "ImageFileId": "5c5d35c5fbcb5f0fd885f051", "SelfIntroduceFileId": "5c5d3753fbcb5f0fd885fcbc", "PartyLogo": "https://storage.googleapis.com/candidate-thumbs/party/4.png", "CandididatePhoto": "https://storage.googleapis.com/candidate-thumbs/images/95-1-34.jpg"}, {"Unnamed: 0": 1968, "CandidateId": "646d326d-4fbb-426b-81e3-d0e18c649d9f", "CandidateNo": 35, "FirstName": "ปรียา", "LastName": "ขุนปรง", "PartyName": "แผ่นดินธรรม", "PartyNumber": 188, "Title": "นาง", "Votable": true, "province_id": 95, "province_name": "ยะลา", "zone_number": 1, "PartyTerminated": false, "Age": 55, "Occupation": "ทำสวน", "HighestEducation": "ต่ำกว่าปริญญาตรี", "ImageFileId": "5c5d3b6cfbcb5f0fd8861e13", "SelfIntroduceFileId": "5c5d3d6ffbcb5f0fd8863172", "PartyLogo": "https://storage.googleapis.com/candidate-thumbs/party/188.png", "CandididatePhoto": "https://storage.googleapis.com/candidate-thumbs/images/95-1-35.jpg"}, {"Unnamed: 0": 1969, "CandidateId": "4ac4af2b-a63e-408d-a78a-a41e98a339ce", "CandidateNo": 36, "FirstName": "นิชุติมา", "LastName": "บัวเดช", "PartyName": "ทางเลือกใหม่", "PartyNumber": 170, "Title": "นางสาว", "Votable": true, "province_id": 95, "province_name": "ยะลา", "zone_number": 1, "PartyTerminated": false, "Age": 30, "Occupation": "รับจ้าง", "HighestEducation": "ปริญญาโท", "ImageFileId": "5c5d40befbcb5f0fd88657f0", "SelfIntroduceFileId": "5c5d427bfbcb5f0fd8866898", "PartyLogo": "https://storage.googleapis.com/candidate-thumbs/party/170.png", "CandididatePhoto": "https://storage.googleapis.com/candidate-thumbs/images/95-1-36.jpg"}, {"Unnamed: 0": 1970, "CandidateId": "cdeb3265-2227-4cab-b29f-c01c6a9e37e9", "CandidateNo": 37, "FirstName": "เจตนิพิฐ", "LastName": "สกุลทอง", "PartyName": "ไทรักธรรม", "PartyNumber": 144, "Title": "นาย", "Votable": true, "province_id": 95, "province_name": "ยะลา", "zone_number": 1, "PartyTerminated": false, "Age": 56, "Occupation": "ผู้จัดการ บริษัท จอย แอนด์ คอยน์", "HighestEducation": "ต่ำกว่าปริญญาตรี", "ImageFileId": "5c5d583afbcb5f0fd88763b5", "SelfIntroduceFileId": "5c5d5b7afbcb5f0fd887856c", "PartyLogo": "https://storage.googleapis.com/candidate-thumbs/party/144.png", "CandididatePhoto": "https://storage.googleapis.com/candidate-thumbs/images/95-1-37.jpg"}]