[{"Unnamed: 0": 2005, "CandidateId": "be63a988-6fd8-457f-b889-4786d295d126", "CandidateNo": 1, "FirstName": "มูหมัด", "LastName": "จารง", "PartyName": "เพื่อคนไทย", "PartyNumber": 183, "Title": "นาย", "Votable": true, "province_id": 95, "province_name": "ยะลา", "zone_number": 3, "PartyTerminated": false, "Age": 56, "Occupation": "ค้าขาย", "HighestEducation": "ต่ำกว่าปริญญาตรี", "ImageFileId": "5c58ef92fbcb5f1d881319a2", "SelfIntroduceFileId": "5c629efffbcb5f2ba43bfd12", "PartyLogo": "https://storage.googleapis.com/candidate-thumbs/party/183.png", "CandididatePhoto": "https://storage.googleapis.com/candidate-thumbs/images/95-3-1.jpg"}, {"Unnamed: 0": 2006, "CandidateId": "74207c44-3f0c-4426-9f1d-22539bb6ef5f", "CandidateNo": 2, "FirstName": "สอยูวัน", "LastName": "อาลีมามะ", "PartyName": "ภูมิใจไทย", "PartyNumber": 63, "Title": "นาย", "Votable": true, "province_id": 95, "province_name": "ยะลา", "zone_number": 3, "PartyTerminated": false, "Age": 39, "Occupation": "ธุรกิจส่วนตัว", "HighestEducation": "ปริญญาตรี", "ImageFileId": "5c58f814fbcb5f1d88136f4d", "SelfIntroduceFileId": "5c58ff9dfbcb5f1d8813bc03", "PartyLogo": "https://storage.googleapis.com/candidate-thumbs/party/63.png", "CandididatePhoto": "https://storage.googleapis.com/candidate-thumbs/images/95-3-2.jpg"}, {"Unnamed: 0": 2007, "CandidateId": "f7fa9561-e932-4e78-b579-0f0a1c31f513", "CandidateNo": 3, "FirstName": "หวังหะมะ", "LastName": "บือนา", "PartyName": "พลังประชารัฐ", "PartyNumber": 192, "Title": "นาย", "Votable": true, "province_id": 95, "province_name": "ยะลา", "zone_number": 3, "PartyTerminated": false, "Age": 66, "Occupation": "ข้าราชการบำนาญ (ครู)", "HighestEducation": "ปริญญาตรี", "ImageFileId": "5c59046efbcb5f1d8813f72a", "SelfIntroduceFileId": "5c590996fbcb5f1d881439c9", "PartyLogo": "https://storage.googleapis.com/candidate-thumbs/party/192.png", "CandididatePhoto": "https://storage.googleapis.com/candidate-thumbs/images/95-3-3.jpg"}, {"Unnamed: 0": 2008, "CandidateId": "d266939e-4cf5-44ec-9a4a-cd207d2aae5b", "CandidateNo": 4, "FirstName": "ซอลาฮุดดีน", "LastName": "ยาญา", "PartyName": "รวมพลังประชาชาติไทย", "PartyNumber": 181, "Title": "นาย", "Votable": true, "province_id": 95, "province_name": "ยะลา", "zone_number": 3, "PartyTerminated": false, "Age": 54, "Occupation": "เกษตรกร", "HighestEducation": "ต่ำกว่าปริญญาตรี", "ImageFileId": "5c590aedfbcb5f1d88144e5a", "SelfIntroduceFileId": "5c590f38fbcb5f1d88148bf8", "PartyLogo": "https://storage.googleapis.com/candidate-thumbs/party/181.png", "CandididatePhoto": "https://storage.googleapis.com/candidate-thumbs/images/95-3-4.jpg"}, {"Unnamed: 0": 2009, "CandidateId": "b656012e-6417-46fb-824a-4882be593c78", "CandidateNo": 5, "FirstName": "อับดุลตอเล็บ", "LastName": "มะแตหะ", "PartyName": "ประชาภิวัฒน์", "PartyNumber": 172, "Title": "นาย", "Votable": true, "province_id": 95, "province_name": "ยะลา", "zone_number": 3, "PartyTerminated": false, "Age": 29, "Occupation": "ธุรกิจส่วนตัว", "HighestEducation": "ต่ำกว่าปริญญาตรี", "ImageFileId": "5c5914cffbcb5f1d8814d9df", "SelfIntroduceFileId": "5c5925fefbcb5f1d8815709f", "PartyLogo": "https://storage.googleapis.com/candidate-thumbs/party/172.png", "CandididatePhoto": "https://storage.googleapis.com/candidate-thumbs/images/95-3-5.jpg"}, {"Unnamed: 0": 2010, "CandidateId": "5040be3d-b281-4b8d-93b7-fda215d0da25", "CandidateNo": 6, "FirstName": "ชาญชัย", "LastName": "บารูเลิศ", "PartyName": "ชาติไทยพัฒนา", "PartyNumber": 55, "Title": "นาย", "Votable": true, "province_id": 95, "province_name": "ยะลา", "zone_number": 3, "PartyTerminated": false, "Age": 55, "Occupation": "ธุรกิจส่วนตัว", "HighestEducation": "ต่ำกว่าปริญญาตรี", "ImageFileId": "5c592d58fbcb5f1d8815d8be", "SelfIntroduceFileId": "5c5933b8fbcb5f1d88163252", "PartyLogo": "https://storage.googleapis.com/candidate-thumbs/party/55.png", "CandididatePhoto": "https://storage.googleapis.com/candidate-thumbs/images/95-3-6.jpg"}, {"Unnamed: 0": 2011, "CandidateId": "d4c0f9f9-c85e-4473-8c98-7a31cf039227", "CandidateNo": 7, "FirstName": "ฮะหามะ", "LastName": "กามะ", "PartyName": "เสรีรวมไทย", "PartyNumber": 145, "Title": "นาย", "Votable": true, "province_id": 95, "province_name": "ยะลา", "zone_number": 3, "PartyTerminated": false, "Age": 62, "Occupation": "เกษตรกร", "HighestEducation": "ต่ำกว่าปริญญาตรี", "ImageFileId": "5c59351afbcb5f1d881643e3", "SelfIntroduceFileId": "5c593eb9fbcb5f1d8816c89f", "PartyLogo": "https://storage.googleapis.com/candidate-thumbs/party/145.png", "CandididatePhoto": "https://storage.googleapis.com/candidate-thumbs/images/95-3-7.jpg"}, {"Unnamed: 0": 2012, "CandidateId": "f81050b5-04f2-4499-9cac-e789a4bff9fc", "CandidateNo": 8, "FirstName": "มะรูดิน", "LastName": "กระโด", "PartyName": "เพื่อธรรม", "PartyNumber": 98, "Title": "นาย", "Votable": true, "province_id": 95, "province_name": "ยะลา", "zone_number": 3, "PartyTerminated": false, "Age": 55, "Occupation": "ธุรกิจส่วนตัว", "HighestEducation": "ปริญญาตรี", "ImageFileId": "5c5940d6fbcb5f1d8816e6ad", "SelfIntroduceFileId": "5c594999fbcb5f1d88176121", "PartyLogo": "https://storage.googleapis.com/candidate-thumbs/party/98.png", "CandididatePhoto": "https://storage.googleapis.com/candidate-thumbs/images/95-3-8.jpg"}, {"Unnamed: 0": 2013, "CandidateId": "ea274c8a-c972-4a3a-9f3f-c6219db2cb2a", "CandidateNo": 9, "FirstName": "อับดุลอายี", "LastName": "สาแม็ง", "PartyName": "ประชาชาติ", "PartyNumber": 187, "Title": "นาย", "Votable": true, "province_id": 95, "province_name": "ยะลา", "zone_number": 3, "PartyTerminated": false, "Age": 63, "Occupation": "สมาชิกวุฒิสภา", "HighestEducation": "ปริญญาโท", "ImageFileId": "5c594b2efbcb5f1d8817763a", "SelfIntroduceFileId": "5c5951adfbcb5f1d8817c79d", "PartyLogo": "https://storage.googleapis.com/candidate-thumbs/party/187.png", "CandididatePhoto": "https://storage.googleapis.com/candidate-thumbs/images/95-3-9.jpg"}, {"Unnamed: 0": 2014, "CandidateId": "9b89127e-d5b3-4d24-a539-3f6ad81a575d", "CandidateNo": 10, "FirstName": "สะตอพา", "LastName": "วาแมดีซา", "PartyName": "สยามพัฒนา", "PartyNumber": 182, "Title": "นาย", "Votable": true, "province_id": 95, "province_name": "ยะลา", "zone_number": 3, "PartyTerminated": false, "Age": 67, "Occupation": "ทำสวน", "HighestEducation": "ต่ำกว่าปริญญาตรี", "ImageFileId": "5c5a3ea3fbcb5f19bca89eb4", "SelfIntroduceFileId": "5c5a415cfbcb5f19bca8b0f9", "PartyLogo": "https://storage.googleapis.com/candidate-thumbs/party/182.png", "CandididatePhoto": "https://storage.googleapis.com/candidate-thumbs/images/95-3-10.jpg"}, {"Unnamed: 0": 2015, "CandidateId": "f0b89ca3-4cf8-4d8e-98ed-b67955074a22", "CandidateNo": 11, "FirstName": "ซูไฮมีย์", "LastName": "กามะ", "PartyName": "คลองไทย", "PartyNumber": 189, "Title": "นาย", "Votable": true, "province_id": 95, "province_name": "ยะลา", "zone_number": 3, "PartyTerminated": false, "Age": 32, "Occupation": "ธุรกิจส่วนตัว", "HighestEducation": "ต่ำกว่าปริญญาตรี", "ImageFileId": "5c5a42a5fbcb5f19bca8b92b", "SelfIntroduceFileId": "5c5a4786fbcb5f19bca8dc79", "PartyLogo": "https://storage.googleapis.com/candidate-thumbs/party/189.png", "CandididatePhoto": "https://storage.googleapis.com/candidate-thumbs/images/95-3-11.jpg"}, {"Unnamed: 0": 2016, "CandidateId": "c36a6a53-212a-4ef7-9346-8c68cff84773", "CandidateNo": 12, "FirstName": "ณรงค์", "LastName": "ดูดิง", "PartyName": "ประชาธิปัตย์", "PartyNumber": 1, "Title": "นาย", "Votable": true, "province_id": 95, "province_name": "ยะลา", "zone_number": 3, "PartyTerminated": false, "Age": 67, "Occupation": "ทนายความ", "HighestEducation": "ปริญญาตรี", "ImageFileId": "5c5a4af7fbcb5f19bca8f7a9", "SelfIntroduceFileId": "5c5a5384fbcb5f19bca946bd", "PartyLogo": "https://storage.googleapis.com/candidate-thumbs/party/1.png", "CandididatePhoto": "https://storage.googleapis.com/candidate-thumbs/images/95-3-12.jpg"}, {"Unnamed: 0": 2017, "CandidateId": "8cea8809-b0be-4245-9af1-ebfdcdf43b62", "CandidateNo": 13, "FirstName": "วรชัย", "LastName": "ชัยพิชญากุล", "PartyName": "ชาติพัฒนา", "PartyNumber": 45, "Title": "นาย", "Votable": true, "province_id": 95, "province_name": "ยะลา", "zone_number": 3, "PartyTerminated": false, "Age": 45, "Occupation": "ธุรกิจส่วนตัว", "HighestEducation": "ปริญญาตรี", "ImageFileId": "5c5a54d6fbcb5f19bca952bc", "SelfIntroduceFileId": "5c5a69eefbcb5f19bca9f389", "PartyLogo": "https://storage.googleapis.com/candidate-thumbs/party/45.png", "CandididatePhoto": "https://storage.googleapis.com/candidate-thumbs/images/95-3-13.jpg"}, {"Unnamed: 0": 2018, "CandidateId": "4c0dd66c-3e6b-4df4-9e7b-45e4175fa35c", "CandidateNo": 14, "FirstName": "แวหะมะ", "LastName": "แวและ", "PartyName": "ไทยรักษาชาติ", "PartyNumber": 77, "Title": "นาย", "Votable": true, "province_id": 95, "province_name": "ยะลา", "zone_number": 3, "PartyTerminated": true, "Age": 49, "Occupation": "ธุรกิจส่วนตัว", "HighestEducation": "ต่ำกว่าปริญญาตรี", "ImageFileId": "5c5a723bfbcb5f19bcaa0f3d", "SelfIntroduceFileId": "5c5d40b7fbcb5f0fd88657cc", "PartyLogo": "https://storage.googleapis.com/candidate-thumbs/party/77.png", "CandididatePhoto": "https://storage.googleapis.com/candidate-thumbs/images/95-3-14.jpg"}, {"Unnamed: 0": 2019, "CandidateId": "ea0b9adb-5c98-4df0-890a-9a51dc1aac2b", "CandidateNo": 15, "FirstName": "รอสนะ", "LastName": "เจะเละ", "PartyName": "รักษ์ผืนป่าประเทศไทย", "PartyNumber": 133, "Title": "นาง", "Votable": true, "province_id": 95, "province_name": "ยะลา", "zone_number": 3, "PartyTerminated": false, "Age": 46, "Occupation": "รับจ้างทั่วไป", "HighestEducation": "ต่ำกว่าปริญญาตรี", "ImageFileId": "5c5a7ffcfbcb5f19bcaa640b", "SelfIntroduceFileId": "5c5a85d1fbcb5f19bcaa9383", "PartyLogo": "https://storage.googleapis.com/candidate-thumbs/party/133.png", "CandididatePhoto": "https://storage.googleapis.com/candidate-thumbs/images/95-3-15.jpg"}, {"Unnamed: 0": 2020, "CandidateId": "9cb94819-32c6-4121-bfa1-9ae9f28cf9c0", "CandidateNo": 16, "FirstName": "อมีนา", "LastName": "หะยีสาเอะ", "PartyName": "เพื่อชาติ", "PartyNumber": 149, "Title": "นางสาว", "Votable": true, "province_id": 95, "province_name": "ยะลา", "zone_number": 3, "PartyTerminated": false, "Age": 29, "Occupation": "ผู้ช่วยผู้ใหญ่บ้านฝ่ายปกครอง", "HighestEducation": "ต่ำกว่าปริญญาตรี", "ImageFileId": "5c5a8862fbcb5f19bcaaa2ad", "SelfIntroduceFileId": "5c5d3a45fbcb5f0fd8861325", "PartyLogo": "https://storage.googleapis.com/candidate-thumbs/party/149.png", "CandididatePhoto": "https://storage.googleapis.com/candidate-thumbs/images/95-3-16.jpg"}, {"Unnamed: 0": 2021, "CandidateId": "2d12e4a4-4c35-48cd-8f96-91d2c68081ae", "CandidateNo": 17, "FirstName": "ณรงค์", "LastName": "อาแว", "PartyName": "อนาคตใหม่", "PartyNumber": 177, "Title": "นาย", "Votable": true, "province_id": 95, "province_name": "ยะลา", "zone_number": 3, "PartyTerminated": false, "Age": 45, "Occupation": "ทนายความ", "HighestEducation": "ปริญญาตรี", "ImageFileId": "5c5a9534fbcb5f19bcab0230", "SelfIntroduceFileId": "5c5a98f8fbcb5f19bcab168a", "PartyLogo": "https://storage.googleapis.com/candidate-thumbs/party/177.png", "CandididatePhoto": "https://storage.googleapis.com/candidate-thumbs/images/95-3-17.jpg"}, {"Unnamed: 0": 2022, "CandidateId": "afc2b0e2-d16a-45f5-a4df-5ff5214ff529", "CandidateNo": 18, "FirstName": "เสาวลักษณ์", "LastName": "สอนเวียง", "PartyName": "ประชาชนปฏิรูป", "PartyNumber": 176, "Title": "นางสาว", "Votable": true, "province_id": 95, "province_name": "ยะลา", "zone_number": 3, "PartyTerminated": false, "Age": 50, "Occupation": "เกษตรกร", "HighestEducation": "ต่ำกว่าปริญญาตรี", "ImageFileId": "5c5a9b6efbcb5f19bcab2a1f", "SelfIntroduceFileId": "5c5a9de6fbcb5f19bcab3b55", "PartyLogo": "https://storage.googleapis.com/candidate-thumbs/party/176.png", "CandididatePhoto": "https://storage.googleapis.com/candidate-thumbs/images/95-3-18.jpg"}, {"Unnamed: 0": 2023, "CandidateId": "08972180-62a1-4ff3-8722-11f599e48145", "CandidateNo": 19, "FirstName": "กูฮะหมิ", "LastName": "ดาจูดา", "PartyName": "พลังชาติไทย", "PartyNumber": 186, "Title": "นาย", "Votable": true, "province_id": 95, "province_name": "ยะลา", "zone_number": 3, "PartyTerminated": false, "Age": 39, "Occupation": "ธุรกิจส่วนตัว", "HighestEducation": "ปริญญาตรี", "ImageFileId": "5c5b8d09fbcb5f16fc6522f2", "SelfIntroduceFileId": "5c5b91edfbcb5f16fc6534fb", "PartyLogo": "https://storage.googleapis.com/candidate-thumbs/party/186.png", "CandididatePhoto": "https://storage.googleapis.com/candidate-thumbs/images/95-3-19.jpg"}, {"Unnamed: 0": 2024, "CandidateId": "f81bbe76-d396-4250-8c81-cc861025542b", "CandidateNo": 20, "FirstName": "เดชาวัต", "LastName": "จารุนภัทร์", "PartyName": "พลังท้องถิ่นไท", "PartyNumber": 124, "Title": "สิบตำรวจโท", "Votable": true, "province_id": 95, "province_name": "ยะลา", "zone_number": 3, "PartyTerminated": false, "Age": 68, "Occupation": "ข้าราชการตำรวจ", "HighestEducation": "ปริญญาตรี", "ImageFileId": "5c5b9828fbcb5f16fc6554d2", "SelfIntroduceFileId": "5c5ba056fbcb5f16fc6581cd", "PartyLogo": "https://storage.googleapis.com/candidate-thumbs/party/124.png", "CandididatePhoto": "https://storage.googleapis.com/candidate-thumbs/images/95-3-20.jpg"}, {"Unnamed: 0": 2025, "CandidateId": "75d1d9f1-29a5-4f16-9bd3-4cc322a97ed7", "CandidateNo": 21, "FirstName": "ภาณุพงศ์", "LastName": "สิบู", "PartyName": "ถิ่นกาขาวชาววิไล", "PartyNumber": 129, "Title": "นาย", "Votable": false, "province_id": 95, "province_name": "ยะลา", "zone_number": 3, "PartyTerminated": false, "Age": 52, "Occupation": "ทำสวน", "HighestEducation": "ต่ำกว่าปริญญาตรี", "ImageFileId": "5c5bad4dfbcb5f16fc65dd73", "SelfIntroduceFileId": "5c5bb104fbcb5f16fc660358", "PartyLogo": "https://storage.googleapis.com/candidate-thumbs/party/129.png", "CandididatePhoto": "https://storage.googleapis.com/candidate-thumbs/images/95-3-21.jpg"}, {"Unnamed: 0": 2026, "CandidateId": "f99a0b1c-f169-4cf0-99ca-f9642606c24b", "CandidateNo": 22, "FirstName": "รอซีม๊ะ", "LastName": "แอเดียว", "PartyName": "ครูไทยเพื่อประชาชน", "PartyNumber": 118, "Title": "นาง", "Votable": true, "province_id": 95, "province_name": "ยะลา", "zone_number": 3, "PartyTerminated": false, "Age": 50, "Occupation": "ธุรกิจส่วนตัว", "HighestEducation": "ปริญญาตรี", "ImageFileId": "5c5bb647fbcb5f16fc662b19", "SelfIntroduceFileId": "5c5d3278fbcb5f0fd885d777", "PartyLogo": "https://storage.googleapis.com/candidate-thumbs/party/118.png", "CandididatePhoto": "https://storage.googleapis.com/candidate-thumbs/images/95-3-22.jpg"}, {"Unnamed: 0": 2027, "CandidateId": "065992b3-f99e-47d9-aeda-f8e2594bc51f", "CandidateNo": 23, "FirstName": "อาแว", "LastName": "มามะแตหะ", "PartyName": "พลังปวงชนไทย", "PartyNumber": 184, "Title": "นาย", "Votable": true, "province_id": 95, "province_name": "ยะลา", "zone_number": 3, "PartyTerminated": false, "Age": 61, "Occupation": "สมาชิกสภาเกษตร", "HighestEducation": "ต่ำกว่าปริญญาตรี", "ImageFileId": "5c5bc6f9fbcb5f16fc6682a2", "SelfIntroduceFileId": "5c5bc91afbcb5f16fc668b9c", "PartyLogo": "https://storage.googleapis.com/candidate-thumbs/party/184.png", "CandididatePhoto": "https://storage.googleapis.com/candidate-thumbs/images/95-3-23.jpg"}, {"Unnamed: 0": 2028, "CandidateId": "322ede9a-0eff-4eca-9ec6-9b6d51223ab3", "CandidateNo": 24, "FirstName": "สาการียา", "LastName": "ดอเลาะ", "PartyName": "ประชาธิปไตยใหม่", "PartyNumber": 109, "Title": "นาย", "Votable": true, "province_id": 95, "province_name": "ยะลา", "zone_number": 3, "PartyTerminated": false, "Age": 48, "Occupation": "ค้าขาย", "HighestEducation": "ต่ำกว่าปริญญาตรี", "ImageFileId": "5c5bd049fbcb5f16fc66be43", "SelfIntroduceFileId": "5c5bd6b3fbcb5f16fc66ec19", "PartyLogo": "https://storage.googleapis.com/candidate-thumbs/party/109.png", "CandididatePhoto": "https://storage.googleapis.com/candidate-thumbs/images/95-3-24.jpg"}, {"Unnamed: 0": 2029, "CandidateId": "f8d2269f-0439-4e3a-b4c7-1e818dfc83a2", "CandidateNo": 25, "FirstName": "ต่วนอิสมาแอ", "LastName": "สาและ", "PartyName": "ภราดรภาพ", "PartyNumber": 154, "Title": "นาย", "Votable": true, "province_id": 95, "province_name": "ยะลา", "zone_number": 3, "PartyTerminated": false, "Age": 56, "Occupation": "ทำสวน", "HighestEducation": "ต่ำกว่าปริญญาตรี", "ImageFileId": "5c5be4d6fbcb5f16fc67611c", "SelfIntroduceFileId": "5c5d4a8ffbcb5f0fd886c246", "PartyLogo": "https://storage.googleapis.com/candidate-thumbs/party/154.png", "CandididatePhoto": "https://storage.googleapis.com/candidate-thumbs/images/95-3-25.jpg"}, {"Unnamed: 0": 2030, "CandidateId": "9eb1acee-52b0-4441-9e26-3de880fa0008", "CandidateNo": 26, "FirstName": "เจริญ", "LastName": "เวชวัฒนาเศรษฐ", "PartyName": "กรีน", "PartyNumber": 206, "Title": "นาย", "Votable": true, "province_id": 95, "province_name": "ยะลา", "zone_number": 3, "PartyTerminated": false, "Age": 64, "Occupation": "เกษตรกร", "HighestEducation": "ต่ำกว่าปริญญาตรี", "ImageFileId": "5c5cde0cfbcb5f16fc68905e", "SelfIntroduceFileId": "5c6139b3fbcb5f13a0b7d577", "PartyLogo": "https://storage.googleapis.com/candidate-thumbs/party/206.png", "CandididatePhoto": "https://storage.googleapis.com/candidate-thumbs/images/95-3-26.jpg"}, {"Unnamed: 0": 2031, "CandidateId": "e7705dab-5dde-4e60-b8cc-deacd9c87d0c", "CandidateNo": 27, "FirstName": "เมาลานา", "LastName": "บาฮะคีรี", "PartyName": "เศรษฐกิจใหม่", "PartyNumber": 193, "Title": "นาย", "Votable": true, "province_id": 95, "province_name": "ยะลา", "zone_number": 3, "PartyTerminated": false, "Age": 37, "Occupation": "สมาชิกองค์การบริหารส่วนตำบล", "HighestEducation": "ปริญญาตรี", "ImageFileId": "5c5ce6cffbcb5f16fc68b831", "SelfIntroduceFileId": "5c613e03fbcb5f13a0b7da5b", "PartyLogo": "https://storage.googleapis.com/candidate-thumbs/party/193.png", "CandididatePhoto": "https://storage.googleapis.com/candidate-thumbs/images/95-3-27.jpg"}, {"Unnamed: 0": 2032, "CandidateId": "3d7aaf53-b3c2-4f6f-bf31-a2cd40823ef0", "CandidateNo": 28, "FirstName": "อนุรักษ์", "LastName": "ฟูมณีโชติ", "PartyName": "พลังสังคม", "PartyNumber": 198, "Title": "นาย", "Votable": true, "province_id": 95, "province_name": "ยะลา", "zone_number": 3, "PartyTerminated": false, "Age": 62, "Occupation": "มัคคุเทศก์", "HighestEducation": "ต่ำกว่าปริญญาตรี", "ImageFileId": "5c5cf0dffbcb5f16fc68f20f", "SelfIntroduceFileId": "5c5d44f6fbcb5f0fd8868335", "PartyLogo": "https://storage.googleapis.com/candidate-thumbs/party/198.png", "CandididatePhoto": "https://storage.googleapis.com/candidate-thumbs/images/95-3-28.jpg"}, {"Unnamed: 0": 2033, "CandidateId": "14213fb1-2aca-4c66-a7fa-47aa59ea502e", "CandidateNo": 29, "FirstName": "พงษ์พันธ์", "LastName": "จันทร์เล็ก", "PartyName": "แผ่นดินธรรม", "PartyNumber": 188, "Title": "นาย", "Votable": true, "province_id": 95, "province_name": "ยะลา", "zone_number": 3, "PartyTerminated": false, "Age": 73, "Occupation": "ทำสวน", "HighestEducation": "ต่ำกว่าปริญญาตรี", "ImageFileId": "5c5d0afefbcb5f0fd884d558", "SelfIntroduceFileId": "5c5d4304fbcb5f0fd8866d8f", "PartyLogo": "https://storage.googleapis.com/candidate-thumbs/party/188.png", "CandididatePhoto": "https://storage.googleapis.com/candidate-thumbs/images/95-3-29.jpg"}, {"Unnamed: 0": 2034, "CandidateId": "781e5c96-7158-4c9b-be60-95f064991c75", "CandidateNo": 30, "FirstName": "ชัยยะ", "LastName": "ธนกุลกานต์", "PartyName": "พลังประชาธิปไตย", "PartyNumber": 153, "Title": "นาย", "Votable": true, "province_id": 95, "province_name": "ยะลา", "zone_number": 3, "PartyTerminated": false, "Age": 60, "Occupation": "ค้าขาย", "HighestEducation": "ต่ำกว่าปริญญาตรี", "ImageFileId": "5c5d1bd0fbcb5f0fd8852076", "SelfIntroduceFileId": "5c5d1fb4fbcb5f0fd8853da4", "PartyLogo": "https://storage.googleapis.com/candidate-thumbs/party/153.png", "CandididatePhoto": "https://storage.googleapis.com/candidate-thumbs/images/95-3-30.jpg"}, {"Unnamed: 0": 2035, "CandidateId": "0985567c-18ce-46c5-97b7-56991f5bb63e", "CandidateNo": 31, "FirstName": "กูดิง", "LastName": "ดอเลาะ", "PartyName": "ประชาธรรมไทย", "PartyNumber": 190, "Title": "นาย", "Votable": true, "province_id": 95, "province_name": "ยะลา", "zone_number": 3, "PartyTerminated": false, "Age": 42, "Occupation": "ธุรกิจส่วนตัว", "HighestEducation": "ต่ำกว่าปริญญาตรี", "ImageFileId": "5c5d242dfbcb5f0fd8855e39", "SelfIntroduceFileId": "5c5d2790fbcb5f0fd8857a4a", "PartyLogo": "https://storage.googleapis.com/candidate-thumbs/party/190.png", "CandididatePhoto": "https://storage.googleapis.com/candidate-thumbs/images/95-3-31.jpg"}, {"Unnamed: 0": 2036, "CandidateId": "34ca6565-7bf8-40e3-92d1-f06ab1662ddc", "CandidateNo": 32, "FirstName": "มาหามะ", "LastName": "โต๊ะมะ", "PartyName": "พลังไทยรักไทย", "PartyNumber": 185, "Title": "นาย", "Votable": true, "province_id": 95, "province_name": "ยะลา", "zone_number": 3, "PartyTerminated": false, "Age": 56, "Occupation": "กิจการส่วนตัว", "HighestEducation": "ต่ำกว่าปริญญาตรี", "ImageFileId": "5c5d2ab7fbcb5f0fd8859598", "SelfIntroduceFileId": "5c5d2e16fbcb5f0fd885b2fc", "PartyLogo": "https://storage.googleapis.com/candidate-thumbs/party/185.png", "CandididatePhoto": "https://storage.googleapis.com/candidate-thumbs/images/95-3-32.jpg"}, {"Unnamed: 0": 2037, "CandidateId": "6f52e371-f748-4ebc-9bd4-b8bfe8cab570", "CandidateNo": 33, "FirstName": "มะยากี", "LastName": "หะยีสาและ", "PartyName": "ภูมิพลังเกษตรกรไทย", "PartyNumber": 197, "Title": "นาย", "Votable": true, "province_id": 95, "province_name": "ยะลา", "zone_number": 3, "PartyTerminated": false, "Age": 44, "Occupation": "รับจ้าง", "HighestEducation": "ต่ำกว่าปริญญาตรี", "ImageFileId": "5c5d59e8fbcb5f0fd8877701", "SelfIntroduceFileId": "5c5d5cb0fbcb5f0fd8879184", "PartyLogo": "https://storage.googleapis.com/candidate-thumbs/party/197.png", "CandididatePhoto": "https://storage.googleapis.com/candidate-thumbs/images/95-3-33.jpg"}, {"Unnamed: 0": 2038, "CandidateId": "5d5e8b01-c2a8-46db-a3bb-e3f23411d515", "CandidateNo": 34, "FirstName": "ยามีหล๊ะ", "LastName": "สามะ", "PartyName": "ไทรักธรรม", "PartyNumber": 144, "Title": "นาง", "Votable": true, "province_id": 95, "province_name": "ยะลา", "zone_number": 3, "PartyTerminated": false, "Age": 48, "Occupation": "ค้าขาย", "HighestEducation": "ต่ำกว่าปริญญาตรี", "ImageFileId": "5c5d5f41fbcb5f0fd887a61e", "SelfIntroduceFileId": "5c5d6172fbcb5f0fd887b98d", "PartyLogo": "https://storage.googleapis.com/candidate-thumbs/party/144.png", "CandididatePhoto": "https://storage.googleapis.com/candidate-thumbs/images/95-3-34.jpg"}]