[{"Unnamed: 0": 6524, "CandidateId": "457f1724-4865-4fbd-b28c-7a427c6c7e5f", "CandidateNo": 1, "FirstName": "เกษม", "LastName": "มะรังษี", "PartyName": "ประชาชาติ", "PartyNumber": 187, "Title": "นาย", "Votable": false, "province_id": 45, "province_name": "ร้อยเอ็ด", "zone_number": 6, "PartyTerminated": false, "Age": 56, "Occupation": "เกษตรกร", "HighestEducation": "ปริญญาโท", "ImageFileId": "5c59102ffbcb5f1d88149c19", "SelfIntroduceFileId": "5c59421afbcb5f1d8816f888", "PartyLogo": "https://storage.googleapis.com/candidate-thumbs/party/187.png", "CandididatePhoto": "https://storage.googleapis.com/candidate-thumbs/images/45-6-1.jpg"}, {"Unnamed: 0": 6525, "CandidateId": "1b76edf1-7c1a-47a0-9d84-7c95bf836e04", "CandidateNo": 2, "FirstName": "อนิวรรตน์", "LastName": "วรเชษฐ์", "PartyName": "พลังประชารัฐ", "PartyNumber": 192, "Title": "นาย", "Votable": true, "province_id": 45, "province_name": "ร้อยเอ็ด", "zone_number": 6, "PartyTerminated": false, "Age": 43, "Occupation": "สมาชิกสภาองค์การบริหารส่วนจังหวัด", "HighestEducation": "ปริญญาตรี", "ImageFileId": "5c5911e2fbcb5f1d8814b382", "SelfIntroduceFileId": "5c5a1112fbcb5f149c6126e5", "PartyLogo": "https://storage.googleapis.com/candidate-thumbs/party/192.png", "CandididatePhoto": "https://storage.googleapis.com/candidate-thumbs/images/45-6-2.jpg"}, {"Unnamed: 0": 6526, "CandidateId": "9d8c96c6-9014-47f4-9790-2261dbaed720", "CandidateNo": 3, "FirstName": "ศุภวิทย์", "LastName": "สูติสงค์", "PartyName": "เสรีรวมไทย", "PartyNumber": 145, "Title": "พันตำรวจโท", "Votable": true, "province_id": 45, "province_name": "ร้อยเอ็ด", "zone_number": 6, "PartyTerminated": false, "Age": 72, "Occupation": "ข้าราชการตำรวจ", "HighestEducation": "ปริญญาโท", "ImageFileId": "5c59126efbcb5f1d8814bbb3", "SelfIntroduceFileId": "5c5a139efbcb5f149c612752", "PartyLogo": "https://storage.googleapis.com/candidate-thumbs/party/145.png", "CandididatePhoto": "https://storage.googleapis.com/candidate-thumbs/images/45-6-3.jpg"}, {"Unnamed: 0": 6527, "CandidateId": "8f423d65-fa7f-4d43-a39a-302139061ca3", "CandidateNo": 4, "FirstName": "ชำนาญ", "LastName": "โพธิคลัง", "PartyName": "อนาคตใหม่", "PartyNumber": 177, "Title": "นาย", "Votable": true, "province_id": 45, "province_name": "ร้อยเอ็ด", "zone_number": 6, "PartyTerminated": false, "Age": 66, "Occupation": "รับราชการครู", "HighestEducation": "ปริญญาโท", "ImageFileId": "5c5912effbcb5f1d8814c221", "SelfIntroduceFileId": "5c5a14ecfbcb5f149c6127ab", "PartyLogo": "https://storage.googleapis.com/candidate-thumbs/party/177.png", "CandididatePhoto": "https://storage.googleapis.com/candidate-thumbs/images/45-6-4.jpg"}, {"Unnamed: 0": 6528, "CandidateId": "ea9906a2-58c2-48ca-824b-36438bebcc71", "CandidateNo": 5, "FirstName": "สายันต์", "LastName": "พาลำโกน", "PartyName": "ชาติไทยพัฒนา", "PartyNumber": 55, "Title": "นาย", "Votable": true, "province_id": 45, "province_name": "ร้อยเอ็ด", "zone_number": 6, "PartyTerminated": false, "Age": 55, "Occupation": "สื่อมวลชน", "HighestEducation": "ปริญญาโท", "ImageFileId": "5c59137bfbcb5f1d8814c9c3", "SelfIntroduceFileId": "5c5af6c1fbcb5f19bcabc065", "PartyLogo": "https://storage.googleapis.com/candidate-thumbs/party/55.png", "CandididatePhoto": "https://storage.googleapis.com/candidate-thumbs/images/45-6-5.jpg"}, {"Unnamed: 0": 6529, "CandidateId": "8ebbbb06-e2dc-4573-bd35-80d408c4e506", "CandidateNo": 6, "FirstName": "ชยกร", "LastName": "วรรณวงษ์", "PartyName": "รวมพลังประชาชาติไทย", "PartyNumber": 181, "Title": "นาย", "Votable": true, "province_id": 45, "province_name": "ร้อยเอ็ด", "zone_number": 6, "PartyTerminated": false, "Age": 38, "Occupation": "กรรมการผู้จัดการบริษัท", "HighestEducation": "ปริญญาโท", "ImageFileId": "5c5913d3fbcb5f1d8814cd99", "SelfIntroduceFileId": "5c5af863fbcb5f19bcabc0cc", "PartyLogo": "https://storage.googleapis.com/candidate-thumbs/party/181.png", "CandididatePhoto": "https://storage.googleapis.com/candidate-thumbs/images/45-6-6.jpg"}, {"Unnamed: 0": 6530, "CandidateId": "4b432c58-128a-43c4-bb61-ffbdbf7a7422", "CandidateNo": 7, "FirstName": "กิตติ", "LastName": "สมทรัพย์", "PartyName": "เพื่อไทย", "PartyNumber": 34, "Title": "นาย", "Votable": true, "province_id": 45, "province_name": "ร้อยเอ็ด", "zone_number": 6, "PartyTerminated": false, "Age": 54, "Occupation": "ธุรกิจส่วนตัว", "HighestEducation": "ปริญญาโท", "ImageFileId": "5c591439fbcb5f1d8814d2d5", "SelfIntroduceFileId": "5c5af991fbcb5f19bcabc10c", "PartyLogo": "https://storage.googleapis.com/candidate-thumbs/party/34.png", "CandididatePhoto": "https://storage.googleapis.com/candidate-thumbs/images/45-6-7.jpg"}, {"Unnamed: 0": 6531, "CandidateId": "4461376e-fa11-4571-86f1-ad1ecc83aa98", "CandidateNo": 8, "FirstName": "กัญญาภรณ์", "LastName": "วงศ์โยธา", "PartyName": "ชาติพัฒนา", "PartyNumber": 45, "Title": "นางสาว", "Votable": true, "province_id": 45, "province_name": "ร้อยเอ็ด", "zone_number": 6, "PartyTerminated": false, "Age": 25, "Occupation": "นักศึกษา", "HighestEducation": "ปริญญาตรี", "ImageFileId": "5c5914b7fbcb5f1d8814d826", "SelfIntroduceFileId": "5c5afaedfbcb5f19bcabc17c", "PartyLogo": "https://storage.googleapis.com/candidate-thumbs/party/45.png", "CandididatePhoto": "https://storage.googleapis.com/candidate-thumbs/images/45-6-8.jpg"}, {"Unnamed: 0": 6532, "CandidateId": "adec2b8d-b8d9-4394-8aea-dfc2a1002f00", "CandidateNo": 9, "FirstName": "ไพโรจน์", "LastName": "สระคูพันธุ์", "PartyName": "สยามพัฒนา", "PartyNumber": 182, "Title": "นาย", "Votable": true, "province_id": 45, "province_name": "ร้อยเอ็ด", "zone_number": 6, "PartyTerminated": false, "Age": 61, "Occupation": "รับราชการ", "HighestEducation": "ปริญญาโท", "ImageFileId": "5c59152bfbcb5f1d8814dda0", "SelfIntroduceFileId": "5c5afdd1fbcb5f19bcabc1da", "PartyLogo": "https://storage.googleapis.com/candidate-thumbs/party/182.png", "CandididatePhoto": "https://storage.googleapis.com/candidate-thumbs/images/45-6-9.jpg"}, {"Unnamed: 0": 6533, "CandidateId": "e55de22f-ff6a-457c-9a62-39996457d302", "CandidateNo": 10, "FirstName": "คงฤทธิ์", "LastName": "วรรณโพธิ์", "PartyName": "เพื่อนไทย", "PartyNumber": 179, "Title": "ร้อยตำรวจเอก", "Votable": false, "province_id": 45, "province_name": "ร้อยเอ็ด", "zone_number": 6, "PartyTerminated": false, "Age": 60, "Occupation": "ทนายความ", "HighestEducation": "ปริญญาตรี", "ImageFileId": "5c591652fbcb5f1d8814ea84", "SelfIntroduceFileId": "5c5b003cfbcb5f19bcabc27f", "PartyLogo": "https://storage.googleapis.com/candidate-thumbs/party/179.png", "CandididatePhoto": "https://storage.googleapis.com/candidate-thumbs/images/45-6-10.jpg"}, {"Unnamed: 0": 6534, "CandidateId": "2460ffb0-ddc0-4133-a6dd-d22942d79466", "CandidateNo": 11, "FirstName": "วัชรินทร์", "LastName": "เขจรวงศ์", "PartyName": "ภราดรภาพ", "PartyNumber": 154, "Title": "นาย", "Votable": true, "province_id": 45, "province_name": "ร้อยเอ็ด", "zone_number": 6, "PartyTerminated": false, "Age": 59, "Occupation": "เกษตรอำเภอ", "HighestEducation": "ปริญญาตรี", "ImageFileId": "5c5916d6fbcb5f1d8814ef0f", "SelfIntroduceFileId": "5c5b019efbcb5f19bcabc2d4", "PartyLogo": "https://storage.googleapis.com/candidate-thumbs/party/154.png", "CandididatePhoto": "https://storage.googleapis.com/candidate-thumbs/images/45-6-11.jpg"}, {"Unnamed: 0": 6535, "CandidateId": "2268a6a0-d664-4620-8530-296e564c55bc", "CandidateNo": 12, "FirstName": "ยุทธพงษ์", "LastName": "ผลาผล", "PartyName": "พลังไทยรักไทย", "PartyNumber": 185, "Title": "นาย", "Votable": true, "province_id": 45, "province_name": "ร้อยเอ็ด", "zone_number": 6, "PartyTerminated": false, "Age": 61, "Occupation": "ข้าราชการครู", "HighestEducation": "ปริญญาตรี", "ImageFileId": "5c591783fbcb5f1d8814f2f5", "SelfIntroduceFileId": "5c5ba7c6fbcb5f16fc65b89a", "PartyLogo": "https://storage.googleapis.com/candidate-thumbs/party/185.png", "CandididatePhoto": "https://storage.googleapis.com/candidate-thumbs/images/45-6-12.jpg"}, {"Unnamed: 0": 6536, "CandidateId": "15e896a8-3e9f-4b54-ac1a-166c529985c4", "CandidateNo": 13, "FirstName": "บุญใจ", "LastName": "เพ็ญจันทร์", "PartyName": "พลังธรรมใหม่", "PartyNumber": 175, "Title": "นาง", "Votable": true, "province_id": 45, "province_name": "ร้อยเอ็ด", "zone_number": 6, "PartyTerminated": false, "Age": 55, "Occupation": "เกษตรกรรม", "HighestEducation": "ต่ำกว่าปริญญาตรี", "ImageFileId": "5c591812fbcb5f1d8814f7aa", "SelfIntroduceFileId": "5c5b62c9fbcb5f16fc650dc4", "PartyLogo": "https://storage.googleapis.com/candidate-thumbs/party/175.png", "CandididatePhoto": "https://storage.googleapis.com/candidate-thumbs/images/45-6-13.jpg"}, {"Unnamed: 0": 6537, "CandidateId": "eb72b621-4914-4386-ab83-8fe232ce4663", "CandidateNo": 14, "FirstName": "อุเรียน", "LastName": "ธุระพันธ์", "PartyName": "ประชาภิวัฒน์", "PartyNumber": 172, "Title": "นาย", "Votable": true, "province_id": 45, "province_name": "ร้อยเอ็ด", "zone_number": 6, "PartyTerminated": false, "Age": 62, "Occupation": "รับราชการครู", "HighestEducation": "ปริญญาตรี", "ImageFileId": "5c5918dcfbcb5f1d8814ffbb", "SelfIntroduceFileId": "5c5b6401fbcb5f16fc650e4b", "PartyLogo": "https://storage.googleapis.com/candidate-thumbs/party/172.png", "CandididatePhoto": "https://storage.googleapis.com/candidate-thumbs/images/45-6-14.jpg"}, {"Unnamed: 0": 6538, "CandidateId": "3da9f5be-91ed-4503-bbf6-8541f4870c66", "CandidateNo": 15, "FirstName": "ประจักษ์", "LastName": "มูลรัตน์", "PartyName": "ภูมิใจไทย", "PartyNumber": 63, "Title": "นาย", "Votable": true, "province_id": 45, "province_name": "ร้อยเอ็ด", "zone_number": 6, "PartyTerminated": false, "Age": 54, "Occupation": "สมาชิกสภาองค์การบริหารส่วนจังหวัดร้อยเอ็ด", "HighestEducation": "ปริญญาโท", "ImageFileId": "5c591979fbcb5f1d8815041e", "SelfIntroduceFileId": "5c5b654bfbcb5f16fc650ee0", "PartyLogo": "https://storage.googleapis.com/candidate-thumbs/party/63.png", "CandididatePhoto": "https://storage.googleapis.com/candidate-thumbs/images/45-6-15.jpg"}, {"Unnamed: 0": 6539, "CandidateId": "356bf716-4568-41fb-b296-bbd1ab41c9a2", "CandidateNo": 16, "FirstName": "วิเศษ", "LastName": "กรมขันธ์", "PartyName": "พลังท้องถิ่นไท", "PartyNumber": 124, "Title": "นาย", "Votable": true, "province_id": 45, "province_name": "ร้อยเอ็ด", "zone_number": 6, "PartyTerminated": false, "Age": 56, "Occupation": "ค้าขาย", "HighestEducation": "ปริญญาโท", "ImageFileId": "5c592498fbcb5f1d88155f9a", "SelfIntroduceFileId": "5c5b6744fbcb5f16fc650f86", "PartyLogo": "https://storage.googleapis.com/candidate-thumbs/party/124.png", "CandididatePhoto": "https://storage.googleapis.com/candidate-thumbs/images/45-6-16.jpg"}, {"Unnamed: 0": 6540, "CandidateId": "68da4465-0c24-4aa0-b2de-01ad5c79b27e", "CandidateNo": 17, "FirstName": "ณรงค์ฤทธิ์", "LastName": "ฉันวิจิตร", "PartyName": "รักษ์ผืนป่าประเทศไทย", "PartyNumber": 133, "Title": "นาย", "Votable": true, "province_id": 45, "province_name": "ร้อยเอ็ด", "zone_number": 6, "PartyTerminated": false, "Age": 33, "Occupation": "รับจ้างทั่วไป", "HighestEducation": "ต่ำกว่าปริญญาตรี", "ImageFileId": "5c59250cfbcb5f1d88156509", "SelfIntroduceFileId": "5c5b6984fbcb5f16fc650ff2", "PartyLogo": "https://storage.googleapis.com/candidate-thumbs/party/133.png", "CandididatePhoto": "https://storage.googleapis.com/candidate-thumbs/images/45-6-17.jpg"}, {"Unnamed: 0": 6541, "CandidateId": "c9ab92da-f1e9-49fd-b57a-938394ce2d36", "CandidateNo": 18, "FirstName": "อุดมการณ์", "LastName": "หลักคำ", "PartyName": "เพื่อชาติ", "PartyNumber": 149, "Title": "นาย", "Votable": false, "province_id": 45, "province_name": "ร้อยเอ็ด", "zone_number": 6, "PartyTerminated": false, "Age": 62, "Occupation": "รับราชการครู", "HighestEducation": "ปริญญาโท", "ImageFileId": "5c592598fbcb5f1d881569ca", "SelfIntroduceFileId": "5c5b6ac7fbcb5f16fc65103b", "PartyLogo": "https://storage.googleapis.com/candidate-thumbs/party/149.png", "CandididatePhoto": "https://storage.googleapis.com/candidate-thumbs/images/45-6-18.jpg"}, {"Unnamed: 0": 6542, "CandidateId": "8cf00b2e-04fa-47dd-b769-497bd70ef7cb", "CandidateNo": 19, "FirstName": "จันทรพร", "LastName": "ขันโมลี", "PartyName": "ประชาธิปัตย์", "PartyNumber": 1, "Title": "นางสาว", "Votable": true, "province_id": 45, "province_name": "ร้อยเอ็ด", "zone_number": 6, "PartyTerminated": false, "Age": 49, "Occupation": "อิสระ", "HighestEducation": "ปริญญาโท", "ImageFileId": "5c5925fbfbcb5f1d88157063", "SelfIntroduceFileId": "5c5b6beffbcb5f16fc65107d", "PartyLogo": "https://storage.googleapis.com/candidate-thumbs/party/1.png", "CandididatePhoto": "https://storage.googleapis.com/candidate-thumbs/images/45-6-19.jpg"}, {"Unnamed: 0": 6543, "CandidateId": "86cc5541-1f8e-4cfe-890f-1cf80f0b53d6", "CandidateNo": 20, "FirstName": "ทรงฤทธิ์", "LastName": "ศรีสารคาม", "PartyName": "ประชานิยม", "PartyNumber": 191, "Title": "นาย", "Votable": true, "province_id": 45, "province_name": "ร้อยเอ็ด", "zone_number": 6, "PartyTerminated": false, "Age": 51, "Occupation": "จิตอาสาวิทยากรอิสระ", "HighestEducation": "ปริญญาโท", "ImageFileId": "5c59265bfbcb5f1d8815771f", "SelfIntroduceFileId": "5c5b6fddfbcb5f16fc651145", "PartyLogo": "https://storage.googleapis.com/candidate-thumbs/party/191.png", "CandididatePhoto": "https://storage.googleapis.com/candidate-thumbs/images/45-6-20.jpg"}, {"Unnamed: 0": 6544, "CandidateId": "6bfc125b-6b62-41a9-ad1c-606d89e93d89", "CandidateNo": 21, "FirstName": "เจษฎา", "LastName": "แสนบุญมี", "PartyName": "พลังปวงชนไทย", "PartyNumber": 184, "Title": "นาย", "Votable": true, "province_id": 45, "province_name": "ร้อยเอ็ด", "zone_number": 6, "PartyTerminated": false, "Age": 46, "Occupation": "ทำนา", "HighestEducation": "ปริญญาตรี", "ImageFileId": "5c5926cdfbcb5f1d88157bf9", "SelfIntroduceFileId": "5c5b7214fbcb5f16fc65118b", "PartyLogo": "https://storage.googleapis.com/candidate-thumbs/party/184.png", "CandididatePhoto": "https://storage.googleapis.com/candidate-thumbs/images/45-6-21.jpg"}, {"Unnamed: 0": 6545, "CandidateId": "63521c59-8585-4a7e-8837-3f7c7d5fcc4f", "CandidateNo": 22, "FirstName": "บุญเทียน", "LastName": "ทำนา", "PartyName": "ไทยศรีวิไลย์", "PartyNumber": 180, "Title": "นาย", "Votable": true, "province_id": 45, "province_name": "ร้อยเอ็ด", "zone_number": 6, "PartyTerminated": false, "Age": 50, "Occupation": "ธุรกิจส่วนตัว", "HighestEducation": "ต่ำกว่าปริญญาตรี", "ImageFileId": "5c59275bfbcb5f1d8815822f", "SelfIntroduceFileId": "5c5b74d8fbcb5f16fc6511d8", "PartyLogo": "https://storage.googleapis.com/candidate-thumbs/party/180.png", "CandididatePhoto": "https://storage.googleapis.com/candidate-thumbs/images/45-6-22.jpg"}, {"Unnamed: 0": 6546, "CandidateId": "be57a212-07bb-4270-b398-3378eaa12532", "CandidateNo": 23, "FirstName": "เรืองยศ", "LastName": "พั่วพันศรี", "PartyName": "ประชากรไทย", "PartyNumber": 2, "Title": "นาย", "Votable": false, "province_id": 45, "province_name": "ร้อยเอ็ด", "zone_number": 6, "PartyTerminated": false, "Age": 65, "Occupation": "ข้าราชการครู", "HighestEducation": "ปริญญาตรี", "ImageFileId": "5c5927f5fbcb5f1d881586fb", "SelfIntroduceFileId": "5c5b7652fbcb5f16fc651216", "PartyLogo": "https://storage.googleapis.com/candidate-thumbs/party/2.png", "CandididatePhoto": "https://storage.googleapis.com/candidate-thumbs/images/45-6-23.jpg"}, {"Unnamed: 0": 6547, "CandidateId": "7bddaa91-37df-435b-b756-fc93e0c36875", "CandidateNo": 24, "FirstName": "กันต์", "LastName": "โชคกลางเดือน", "PartyName": "ประชาธรรมไทย", "PartyNumber": 190, "Title": "นาย", "Votable": true, "province_id": 45, "province_name": "ร้อยเอ็ด", "zone_number": 6, "PartyTerminated": false, "Age": 51, "Occupation": "รับราชการครู", "HighestEducation": "ปริญญาเอก", "ImageFileId": "5c5a8f37fbcb5f19bcaad702", "SelfIntroduceFileId": "5c5b943bfbcb5f16fc653f46", "PartyLogo": "https://storage.googleapis.com/candidate-thumbs/party/190.png", "CandididatePhoto": "https://storage.googleapis.com/candidate-thumbs/images/45-6-24.jpg"}, {"Unnamed: 0": 6548, "CandidateId": "5f275d54-099a-4aba-8204-ab47a41e4750", "CandidateNo": 25, "FirstName": "อธิคม", "LastName": "สามิบัติ", "PartyName": "กรีน", "PartyNumber": 206, "Title": "นาย", "Votable": true, "province_id": 45, "province_name": "ร้อยเอ็ด", "zone_number": 6, "PartyTerminated": false, "Age": 65, "Occupation": "ข้าราชการบำนาญ", "HighestEducation": "ปริญญาตรี", "ImageFileId": "5c5b8e8cfbcb5f16fc652656", "SelfIntroduceFileId": "5c5b9802fbcb5f16fc6553a0", "PartyLogo": "https://storage.googleapis.com/candidate-thumbs/party/206.png", "CandididatePhoto": "https://storage.googleapis.com/candidate-thumbs/images/45-6-25.jpg"}, {"Unnamed: 0": 6549, "CandidateId": "e0c92ec8-dc62-4941-b226-b12385cf9420", "CandidateNo": 26, "FirstName": "คมกฤษ", "LastName": "สุภักดี", "PartyName": "เศรษฐกิจใหม่", "PartyNumber": 193, "Title": "นาย", "Votable": true, "province_id": 45, "province_name": "ร้อยเอ็ด", "zone_number": 6, "PartyTerminated": false, "Age": 53, "Occupation": "สมาชิกสภา อบต.รอบเมือง", "HighestEducation": "ปริญญาตรี", "ImageFileId": "5c5b9b56fbcb5f16fc656644", "SelfIntroduceFileId": "5c5b9f05fbcb5f16fc6578d4", "PartyLogo": "https://storage.googleapis.com/candidate-thumbs/party/193.png", "CandididatePhoto": "https://storage.googleapis.com/candidate-thumbs/images/45-6-26.jpg"}, {"Unnamed: 0": 6550, "CandidateId": "4b17f22b-3cd1-4b3b-9808-4340e12b9daf", "CandidateNo": 27, "FirstName": "พงศ์พิพัฒน์", "LastName": "เพิ่มพูล", "PartyName": "ประชาชนปฏิรูป", "PartyNumber": 176, "Title": "นาย", "Votable": true, "province_id": 45, "province_name": "ร้อยเอ็ด", "zone_number": 6, "PartyTerminated": false, "Age": 41, "Occupation": "ธุรกิจส่วนตัว", "HighestEducation": "ปริญญาตรี", "ImageFileId": "5c5b9f93fbcb5f16fc657bef", "SelfIntroduceFileId": "5c5ba346fbcb5f16fc659951", "PartyLogo": "https://storage.googleapis.com/candidate-thumbs/party/176.png", "CandididatePhoto": "https://storage.googleapis.com/candidate-thumbs/images/45-6-27.jpg"}, {"Unnamed: 0": 6551, "CandidateId": "21266d06-1e08-4cdb-9963-d1cd2c87fb4d", "CandidateNo": 28, "FirstName": "วิชิตพงษ์", "LastName": "สีสมบา", "PartyName": "พลังชาติไทย", "PartyNumber": 186, "Title": "นาย", "Votable": true, "province_id": 45, "province_name": "ร้อยเอ็ด", "zone_number": 6, "PartyTerminated": false, "Age": 56, "Occupation": "ธุรกิจส่วนตัว", "HighestEducation": "ต่ำกว่าปริญญาตรี", "ImageFileId": "5c5bcbb6fbcb5f16fc669f49", "SelfIntroduceFileId": "5c5bcdb6fbcb5f16fc66aa82", "PartyLogo": "https://storage.googleapis.com/candidate-thumbs/party/186.png", "CandididatePhoto": "https://storage.googleapis.com/candidate-thumbs/images/45-6-28.jpg"}, {"Unnamed: 0": 6552, "CandidateId": "2b8f777b-2cd7-414a-814b-fc2950c0d0f0", "CandidateNo": 29, "FirstName": "กฤษดาคม", "LastName": "ดีพลงาม", "PartyName": "เพื่อแผ่นดิน", "PartyNumber": 41, "Title": "นาย", "Votable": true, "province_id": 45, "province_name": "ร้อยเอ็ด", "zone_number": 6, "PartyTerminated": false, "Age": 62, "Occupation": "ข้าราชการบำนาญ,ทนายความ", "HighestEducation": "ปริญญาโท", "ImageFileId": "5c5bce32fbcb5f16fc66af5e", "SelfIntroduceFileId": "5c5bcfb7fbcb5f16fc66b971", "PartyLogo": "https://storage.googleapis.com/candidate-thumbs/party/41.png", "CandididatePhoto": "https://storage.googleapis.com/candidate-thumbs/images/45-6-29.jpg"}, {"Unnamed: 0": 6553, "CandidateId": "b5626b81-77d1-484b-8243-37ac9967df52", "CandidateNo": 30, "FirstName": "สาคร", "LastName": "ประเทศไทย", "PartyName": "ครูไทยเพื่อประชาชน", "PartyNumber": 118, "Title": "นาง", "Votable": false, "province_id": 45, "province_name": "ร้อยเอ็ด", "zone_number": 6, "PartyTerminated": false, "Age": 53, "Occupation": "เกษตรกร", "HighestEducation": "ต่ำกว่าปริญญาตรี", "ImageFileId": "5c5bd01efbcb5f16fc66bcb1", "SelfIntroduceFileId": "5c5bd211fbcb5f16fc66cc9f", "PartyLogo": "https://storage.googleapis.com/candidate-thumbs/party/118.png", "CandididatePhoto": "https://storage.googleapis.com/candidate-thumbs/images/45-6-30.jpg"}, {"Unnamed: 0": 6554, "CandidateId": "4914b36a-a8da-47ac-8d2a-53da6ad1e405", "CandidateNo": 31, "FirstName": "สุภัทรชัย", "LastName": "แก้วคำ", "PartyName": "พลังไทสร้างชาติ", "PartyNumber": 200, "Title": "นาย", "Votable": true, "province_id": 45, "province_name": "ร้อยเอ็ด", "zone_number": 6, "PartyTerminated": false, "Age": 35, "Occupation": "วิศวกร เครื่องกล", "HighestEducation": "ปริญญาตรี", "ImageFileId": "5c5bd2b6fbcb5f16fc66d1b4", "SelfIntroduceFileId": "5c5bd758fbcb5f16fc66f1c7", "PartyLogo": "https://storage.googleapis.com/candidate-thumbs/party/200.png", "CandididatePhoto": "https://storage.googleapis.com/candidate-thumbs/images/45-6-31.jpg"}, {"Unnamed: 0": 6555, "CandidateId": "5a8604da-eae5-4519-b3a5-c4304646cb6c", "CandidateNo": 32, "FirstName": "ศิรินญา", "LastName": "คำอ่อนสา", "PartyName": "ทางเลือกใหม่", "PartyNumber": 170, "Title": "นาง", "Votable": true, "province_id": 45, "province_name": "ร้อยเอ็ด", "zone_number": 6, "PartyTerminated": false, "Age": 38, "Occupation": "เกษตรกร", "HighestEducation": "ปริญญาตรี", "ImageFileId": "5c5be47afbcb5f16fc675eff", "SelfIntroduceFileId": "5c5be6a2fbcb5f16fc677106", "PartyLogo": "https://storage.googleapis.com/candidate-thumbs/party/170.png", "CandididatePhoto": "https://storage.googleapis.com/candidate-thumbs/images/45-6-32.jpg"}, {"Unnamed: 0": 6556, "CandidateId": "a0fdba20-e336-487b-a92d-06878e328d8f", "CandidateNo": 33, "FirstName": "ดวงจันทร์", "LastName": "หลักด่าน", "PartyName": "แผ่นดินธรรม", "PartyNumber": 188, "Title": "นาง", "Votable": true, "province_id": 45, "province_name": "ร้อยเอ็ด", "zone_number": 6, "PartyTerminated": false, "Age": 58, "Occupation": "ผู้ประสานเครือข่ายผู้นำสตรีต้านเอดส์", "HighestEducation": "ต่ำกว่าปริญญาตรี", "ImageFileId": "5c5be870fbcb5f16fc6781ea", "SelfIntroduceFileId": "5c5beab3fbcb5f16fc679692", "PartyLogo": "https://storage.googleapis.com/candidate-thumbs/party/188.png", "CandididatePhoto": "https://storage.googleapis.com/candidate-thumbs/images/45-6-33.jpg"}, {"Unnamed: 0": 6557, "CandidateId": "fc2e0383-3360-49a3-8ba2-a12ffeed1692", "CandidateNo": 34, "FirstName": "มงคล", "LastName": "สงพระ", "PartyName": "พลังศรัทธา", "PartyNumber": 201, "Title": "นาย", "Votable": true, "province_id": 45, "province_name": "ร้อยเอ็ด", "zone_number": 6, "PartyTerminated": false, "Age": 48, "Occupation": "ค้าขาย", "HighestEducation": "ต่ำกว่าปริญญาตรี", "ImageFileId": "5c5bf001fbcb5f16fc67c6ad", "SelfIntroduceFileId": "5c5bf15efbcb5f16fc67d0dc", "PartyLogo": "https://storage.googleapis.com/candidate-thumbs/party/201.png", "CandididatePhoto": "https://storage.googleapis.com/candidate-thumbs/images/45-6-34.jpg"}, {"Unnamed: 0": 6558, "CandidateId": "fa4b96ad-0616-42f2-ae71-e1e944582b28", "CandidateNo": 35, "FirstName": "ชยพล", "LastName": "ญศมูลมณี", "PartyName": "ไทยรักษาชาติ", "PartyNumber": 77, "Title": "นาย", "Votable": true, "province_id": 45, "province_name": "ร้อยเอ็ด", "zone_number": 6, "PartyTerminated": true, "Age": 38, "Occupation": "ทนายความ", "HighestEducation": "ปริญญาตรี", "ImageFileId": "5c5d2141fbcb5f0fd8854a8a", "SelfIntroduceFileId": "5c5d22befbcb5f0fd88556fe", "PartyLogo": "https://storage.googleapis.com/candidate-thumbs/party/77.png", "CandididatePhoto": "https://storage.googleapis.com/candidate-thumbs/images/45-6-35.jpg"}, {"Unnamed: 0": 6559, "CandidateId": "f23aabbf-7e58-4f85-b8d8-9f0eabd01f3a", "CandidateNo": 36, "FirstName": "กัมปนาท", "LastName": "วินทะไชย", "PartyName": "ไทยธรรม", "PartyNumber": 178, "Title": "นาย", "Votable": true, "province_id": 45, "province_name": "ร้อยเอ็ด", "zone_number": 6, "PartyTerminated": false, "Age": 38, "Occupation": "รับจ้าง", "HighestEducation": "ต่ำกว่าปริญญาตรี", "ImageFileId": "5c5d2b7afbcb5f0fd8859ada", "SelfIntroduceFileId": "5c5d2d90fbcb5f0fd885abc9", "PartyLogo": "https://storage.googleapis.com/candidate-thumbs/party/178.png", "CandididatePhoto": "https://storage.googleapis.com/candidate-thumbs/images/45-6-36.jpg"}, {"Unnamed: 0": 6560, "CandidateId": "f40e307b-0d25-46f9-a206-846bc417e9f3", "CandidateNo": 37, "FirstName": "แสงจันทร์", "LastName": "สอนสระคู", "PartyName": "ภาคีเครือข่ายไทย", "PartyNumber": 211, "Title": "นาย", "Votable": true, "province_id": 45, "province_name": "ร้อยเอ็ด", "zone_number": 6, "PartyTerminated": false, "Age": 53, "Occupation": "รับจ้าง", "HighestEducation": "ต่ำกว่าปริญญาตรี", "ImageFileId": "5c5d333bfbcb5f0fd885dcdc", "SelfIntroduceFileId": "5c5d3696fbcb5f0fd885f673", "PartyLogo": "https://storage.googleapis.com/candidate-thumbs/party/211.png", "CandididatePhoto": "https://storage.googleapis.com/candidate-thumbs/images/45-6-37.jpg"}, {"Unnamed: 0": 6561, "CandidateId": "3bbead4c-3928-4bf2-9cea-8af3e7276bee", "CandidateNo": 38, "FirstName": "ธนเดช", "LastName": "รัตนภักดี", "PartyName": "พลังสังคม", "PartyNumber": 198, "Title": "นาย", "Votable": true, "province_id": 45, "province_name": "ร้อยเอ็ด", "zone_number": 6, "PartyTerminated": false, "Age": 40, "Occupation": "รับจ้าง", "HighestEducation": "ปริญญาตรี", "ImageFileId": "5c5d3c67fbcb5f0fd8862858", "SelfIntroduceFileId": "5c5d3db4fbcb5f0fd886363c", "PartyLogo": "https://storage.googleapis.com/candidate-thumbs/party/198.png", "CandididatePhoto": "https://storage.googleapis.com/candidate-thumbs/images/45-6-38.jpg"}, {"Unnamed: 0": 6562, "CandidateId": "962cd148-984c-44a9-8f7d-2d3a68fae4c4", "CandidateNo": 39, "FirstName": "มนัศรา", "LastName": "แสงแพง", "PartyName": "ผึ้งหลวง", "PartyNumber": 164, "Title": "นาง", "Votable": true, "province_id": 45, "province_name": "ร้อยเอ็ด", "zone_number": 6, "PartyTerminated": false, "Age": 47, "Occupation": "เกษตรกร", "HighestEducation": "ต่ำกว่าปริญญาตรี", "ImageFileId": "5c5d49d3fbcb5f0fd886b7d7", "SelfIntroduceFileId": "5c5d4b62fbcb5f0fd886cc02", "PartyLogo": "https://storage.googleapis.com/candidate-thumbs/party/164.png", "CandididatePhoto": "https://storage.googleapis.com/candidate-thumbs/images/45-6-39.jpg"}, {"Unnamed: 0": 6563, "CandidateId": "6f5bed63-67da-4dcc-b5b0-f34fd3181e0e", "CandidateNo": 40, "FirstName": "คำผล", "LastName": "แก้วภูงา", "PartyName": "เพื่อชีวิตใหม่", "PartyNumber": 157, "Title": "นาย", "Votable": true, "province_id": 45, "province_name": "ร้อยเอ็ด", "zone_number": 6, "PartyTerminated": false, "Age": 58, "Occupation": "ค้าขาย", "HighestEducation": "ต่ำกว่าปริญญาตรี", "ImageFileId": "5c5d4cd7fbcb5f0fd886dc06", "SelfIntroduceFileId": "5c5d4e61fbcb5f0fd886eb5b", "PartyLogo": "https://storage.googleapis.com/candidate-thumbs/party/157.png", "CandididatePhoto": "https://storage.googleapis.com/candidate-thumbs/images/45-6-40.jpg"}, {"Unnamed: 0": 6564, "CandidateId": "12df7903-34eb-40be-97f0-731c51289910", "CandidateNo": 41, "FirstName": "ลำไพ", "LastName": "อินธิแสง", "PartyName": "ไทรักธรรม", "PartyNumber": 144, "Title": "นางสาว", "Votable": true, "province_id": 45, "province_name": "ร้อยเอ็ด", "zone_number": 6, "PartyTerminated": false, "Age": 40, "Occupation": "ค้าขาย", "HighestEducation": "ปริญญาตรี", "ImageFileId": "5c5d5467fbcb5f0fd8872e1c", "SelfIntroduceFileId": "5c5d5589fbcb5f0fd88740cf", "PartyLogo": "https://storage.googleapis.com/candidate-thumbs/party/144.png", "CandididatePhoto": "https://storage.googleapis.com/candidate-thumbs/images/45-6-41.jpg"}]