[{"Unnamed: 0": 6490, "CandidateId": "1edd5f34-1b09-4c2e-8a52-c6b06a41d4c3", "CandidateNo": 1, "FirstName": "พงษ์ศักดิ์", "LastName": "วรรณวงษ์", "PartyName": "รวมพลังประชาชาติไทย", "PartyNumber": 181, "Title": "นาย", "Votable": true, "province_id": 45, "province_name": "ร้อยเอ็ด", "zone_number": 5, "PartyTerminated": false, "Age": 66, "Occupation": "ผู้อำนวยการสถานศึกษา", "HighestEducation": "ปริญญาตรี", "ImageFileId": "5c57ebddfbcb5f1eec0e7aa7", "SelfIntroduceFileId": "5c57f0ccfbcb5f1eec0ea98d", "PartyLogo": "https://storage.googleapis.com/candidate-thumbs/party/181.png", "CandididatePhoto": "https://storage.googleapis.com/candidate-thumbs/images/45-5-1.jpg"}, {"Unnamed: 0": 6491, "CandidateId": "b13f513f-78b2-4313-a7ab-078206ffaa8c", "CandidateNo": 2, "FirstName": "จิราพร", "LastName": "สินธุไพร", "PartyName": "เพื่อไทย", "PartyNumber": 34, "Title": "นางสาว", "Votable": true, "province_id": 45, "province_name": "ร้อยเอ็ด", "zone_number": 5, "PartyTerminated": false, "Age": 31, "Occupation": "นักวิชาการพาณิชย์ กรมเจรจาการค้าระหว่างประเทศ", "HighestEducation": "ปริญญาโท", "ImageFileId": "5c57eda4fbcb5f1eec0e8afa", "SelfIntroduceFileId": "5c57f49ffbcb5f1eec0ecf58", "PartyLogo": "https://storage.googleapis.com/candidate-thumbs/party/34.png", "CandididatePhoto": "https://storage.googleapis.com/candidate-thumbs/images/45-5-2.jpg"}, {"Unnamed: 0": 6492, "CandidateId": "7686868e-8494-4c65-9f34-3d7b60ab92e8", "CandidateNo": 3, "FirstName": "ชาติชาย", "LastName": "อัตภูมิ", "PartyName": "เพื่อชาติ", "PartyNumber": 149, "Title": "นาย", "Votable": true, "province_id": 45, "province_name": "ร้อยเอ็ด", "zone_number": 5, "PartyTerminated": false, "Age": 58, "Occupation": "ทนายความ", "HighestEducation": "ปริญญาตรี", "ImageFileId": "5c57ededfbcb5f1eec0e8d8d", "SelfIntroduceFileId": "5c57fb81fbcb5f1eec0f1bac", "PartyLogo": "https://storage.googleapis.com/candidate-thumbs/party/149.png", "CandididatePhoto": "https://storage.googleapis.com/candidate-thumbs/images/45-5-3.jpg"}, {"Unnamed: 0": 6493, "CandidateId": "8cb2d28e-28cb-4fe6-b3b9-d7ad9efa1f83", "CandidateNo": 4, "FirstName": "ดำรงฤทธิ์", "LastName": "คุณะ", "PartyName": "พลังธรรมใหม่", "PartyNumber": 175, "Title": "นาย", "Votable": true, "province_id": 45, "province_name": "ร้อยเอ็ด", "zone_number": 5, "PartyTerminated": false, "Age": 62, "Occupation": "ทนายความ", "HighestEducation": "ปริญญาตรี", "ImageFileId": "5c57feeafbcb5f1eec0f4f10", "SelfIntroduceFileId": "5c58ebf1fbcb5f1d8813013d", "PartyLogo": "https://storage.googleapis.com/candidate-thumbs/party/175.png", "CandididatePhoto": "https://storage.googleapis.com/candidate-thumbs/images/45-5-4.jpg"}, {"Unnamed: 0": 6494, "CandidateId": "5d542535-6983-45cf-95c3-8748be4b59d0", "CandidateNo": 5, "FirstName": "จิรายุ", "LastName": "มณีพันธ์", "PartyName": "ประชาธิปัตย์", "PartyNumber": 1, "Title": "นาย", "Votable": true, "province_id": 45, "province_name": "ร้อยเอ็ด", "zone_number": 5, "PartyTerminated": false, "Age": 51, "Occupation": "อาชีพอิสระ", "HighestEducation": "ต่ำกว่าปริญญาตรี", "ImageFileId": "5c580026fbcb5f1eec0f5de3", "SelfIntroduceFileId": "5c58ee33fbcb5f1d88130f78", "PartyLogo": "https://storage.googleapis.com/candidate-thumbs/party/1.png", "CandididatePhoto": "https://storage.googleapis.com/candidate-thumbs/images/45-5-5.jpg"}, {"Unnamed: 0": 6495, "CandidateId": "07313e3c-918a-4c1e-b2b9-2bcc0bff7112", "CandidateNo": 6, "FirstName": "ทวีวัชรวงศ์", "LastName": "นาเมืองรักษ์", "PartyName": "เศรษฐกิจใหม่", "PartyNumber": 193, "Title": "นาย", "Votable": true, "province_id": 45, "province_name": "ร้อยเอ็ด", "zone_number": 5, "PartyTerminated": false, "Age": 43, "Occupation": "ค้าขาย", "HighestEducation": "ปริญญาตรี", "ImageFileId": "5c5800b9fbcb5f1eec0f644f", "SelfIntroduceFileId": "5c58f03ffbcb5f1d8813214a", "PartyLogo": "https://storage.googleapis.com/candidate-thumbs/party/193.png", "CandididatePhoto": "https://storage.googleapis.com/candidate-thumbs/images/45-5-6.jpg"}, {"Unnamed: 0": 6496, "CandidateId": "cb2fce28-b531-4b16-b1e6-91f1d99f38dc", "CandidateNo": 7, "FirstName": "สมบัติ", "LastName": "ขันโมลี", "PartyName": "ภูมิใจไทย", "PartyNumber": 63, "Title": "นาย", "Votable": true, "province_id": 45, "province_name": "ร้อยเอ็ด", "zone_number": 5, "PartyTerminated": false, "Age": 56, "Occupation": "ทนายความ", "HighestEducation": "ปริญญาตรี", "ImageFileId": "5c580174fbcb5f1eec0f6ecc", "SelfIntroduceFileId": "5c58f125fbcb5f1d881329aa", "PartyLogo": "https://storage.googleapis.com/candidate-thumbs/party/63.png", "CandididatePhoto": "https://storage.googleapis.com/candidate-thumbs/images/45-5-7.jpg"}, {"Unnamed: 0": 6497, "CandidateId": "82525712-0ac5-4f45-b6b5-640fde31ef85", "CandidateNo": 8, "FirstName": "ประกาศิต", "LastName": "มีทอง", "PartyName": "ประชานิยม", "PartyNumber": 191, "Title": "ร้อยตำรวจเอก", "Votable": true, "province_id": 45, "province_name": "ร้อยเอ็ด", "zone_number": 5, "PartyTerminated": false, "Age": 60, "Occupation": "ข้าราชบำนาญ", "HighestEducation": "ปริญญาตรี", "ImageFileId": "5c5802e7fbcb5f1eec0f8696", "SelfIntroduceFileId": "5c58f337fbcb5f1d88133e06", "PartyLogo": "https://storage.googleapis.com/candidate-thumbs/party/191.png", "CandididatePhoto": "https://storage.googleapis.com/candidate-thumbs/images/45-5-8.jpg"}, {"Unnamed: 0": 6498, "CandidateId": "b27ef991-7619-4627-87e3-5f11c38287ef", "CandidateNo": 9, "FirstName": "สุริยา", "LastName": "เสาะสมบูรณ์", "PartyName": "ชาติไทยพัฒนา", "PartyNumber": 55, "Title": "นาย", "Votable": true, "province_id": 45, "province_name": "ร้อยเอ็ด", "zone_number": 5, "PartyTerminated": false, "Age": 41, "Occupation": "ทนายความ", "HighestEducation": "ปริญญาโท", "ImageFileId": "5c5803edfbcb5f1eec0f94af", "SelfIntroduceFileId": "5c58f952fbcb5f1d88137eb6", "PartyLogo": "https://storage.googleapis.com/candidate-thumbs/party/55.png", "CandididatePhoto": "https://storage.googleapis.com/candidate-thumbs/images/45-5-9.jpg"}, {"Unnamed: 0": 6499, "CandidateId": "1fd64a43-7418-438e-be0e-1034c0675186", "CandidateNo": 10, "FirstName": "ประจักษ์", "LastName": "ชุมพล", "PartyName": "ประชาภิวัฒน์", "PartyNumber": 172, "Title": "นาย", "Votable": true, "province_id": 45, "province_name": "ร้อยเอ็ด", "zone_number": 5, "PartyTerminated": false, "Age": 65, "Occupation": "ข้าราชการบำนาญ", "HighestEducation": "ปริญญาโท", "ImageFileId": "5c580441fbcb5f1eec0f99b0", "SelfIntroduceFileId": "5c58fc6dfbcb5f1d88139b30", "PartyLogo": "https://storage.googleapis.com/candidate-thumbs/party/172.png", "CandididatePhoto": "https://storage.googleapis.com/candidate-thumbs/images/45-5-10.jpg"}, {"Unnamed: 0": 6500, "CandidateId": "7431b076-9a7e-4daf-ae8b-8682b9865f0c", "CandidateNo": 11, "FirstName": "อุไร", "LastName": "ยาทุม", "PartyName": "เพื่อนไทย", "PartyNumber": 179, "Title": "นาย", "Votable": false, "province_id": 45, "province_name": "ร้อยเอ็ด", "zone_number": 5, "PartyTerminated": false, "Age": 61, "Occupation": "นักการเมืองท้องถิ่น", "HighestEducation": "ปริญญาตรี", "ImageFileId": "5c58051bfbcb5f1eec0fa725", "SelfIntroduceFileId": "5c58fea0fbcb5f1d8813b07e", "PartyLogo": "https://storage.googleapis.com/candidate-thumbs/party/179.png", "CandididatePhoto": "https://storage.googleapis.com/candidate-thumbs/images/45-5-11.jpg"}, {"Unnamed: 0": 6501, "CandidateId": "e97cd4ec-683a-4ca0-97c8-e98e0d80e634", "CandidateNo": 12, "FirstName": "เฉลิมศักดิ์", "LastName": "แสนปาง", "PartyName": "พลังประชารัฐ", "PartyNumber": 192, "Title": "นาย", "Votable": true, "province_id": 45, "province_name": "ร้อยเอ็ด", "zone_number": 5, "PartyTerminated": false, "Age": 54, "Occupation": "สมาชิก อบจ.", "HighestEducation": "ปริญญาตรี", "ImageFileId": "5c5805b9fbcb5f1eec0fafee", "SelfIntroduceFileId": "5c5900b5fbcb5f1d8813ccbc", "PartyLogo": "https://storage.googleapis.com/candidate-thumbs/party/192.png", "CandididatePhoto": "https://storage.googleapis.com/candidate-thumbs/images/45-5-12.jpg"}, {"Unnamed: 0": 6502, "CandidateId": "4f03d828-0c44-4d59-88ff-f15ea8522953", "CandidateNo": 13, "FirstName": "โกสินทร์", "LastName": "อินทร์ห้างหว้า", "PartyName": "พลังท้องถิ่นไท", "PartyNumber": 124, "Title": "นาย", "Votable": true, "province_id": 45, "province_name": "ร้อยเอ็ด", "zone_number": 5, "PartyTerminated": false, "Age": 50, "Occupation": "ธูุรกิจส่วนตัว", "HighestEducation": "ปริญญาโท", "ImageFileId": "5c5806c0fbcb5f1eec0fbc80", "SelfIntroduceFileId": "5c5902c7fbcb5f1d8813e5da", "PartyLogo": "https://storage.googleapis.com/candidate-thumbs/party/124.png", "CandididatePhoto": "https://storage.googleapis.com/candidate-thumbs/images/45-5-13.jpg"}, {"Unnamed: 0": 6503, "CandidateId": "a4fd6837-cdc8-4d41-8171-c0c7d0038796", "CandidateNo": 14, "FirstName": "ทินกร", "LastName": "ปิยะวงษ์ณรัตน์", "PartyName": "อนาคตใหม่", "PartyNumber": 177, "Title": "นาย", "Votable": true, "province_id": 45, "province_name": "ร้อยเอ็ด", "zone_number": 5, "PartyTerminated": false, "Age": 55, "Occupation": "วิศวกรไฟฟ้ากำลัง", "HighestEducation": "ปริญญาโท", "ImageFileId": "5c580736fbcb5f1eec0fc417", "SelfIntroduceFileId": "5c590681fbcb5f1d88141297", "PartyLogo": "https://storage.googleapis.com/candidate-thumbs/party/177.png", "CandididatePhoto": "https://storage.googleapis.com/candidate-thumbs/images/45-5-14.jpg"}, {"Unnamed: 0": 6504, "CandidateId": "228196cd-ede0-4b82-a59c-02297b8a51ac", "CandidateNo": 15, "FirstName": "ประจักร์", "LastName": "ธงศรี", "PartyName": "พลังไทยรักไทย", "PartyNumber": 185, "Title": "นาย", "Votable": true, "province_id": 45, "province_name": "ร้อยเอ็ด", "zone_number": 5, "PartyTerminated": false, "Age": 67, "Occupation": "ข้าราชการบำนาญ", "HighestEducation": "ปริญญาตรี", "ImageFileId": "5c5807b2fbcb5f1eec0fcb8a", "SelfIntroduceFileId": "5c5a8905fbcb5f19bcaaa76b", "PartyLogo": "https://storage.googleapis.com/candidate-thumbs/party/185.png", "CandididatePhoto": "https://storage.googleapis.com/candidate-thumbs/images/45-5-15.jpg"}, {"Unnamed: 0": 6505, "CandidateId": "71698321-0af0-414d-b965-7c0440f9bd63", "CandidateNo": 16, "FirstName": "นิศารัตน์", "LastName": "ควรสุทธิ", "PartyName": "ประชาชนปฏิรูป", "PartyNumber": 176, "Title": "นางสาว", "Votable": true, "province_id": 45, "province_name": "ร้อยเอ็ด", "zone_number": 5, "PartyTerminated": false, "Age": 30, "Occupation": "ธุรกิจส่วนตัว", "HighestEducation": "ปริญญาตรี", "ImageFileId": "5c580854fbcb5f1eec0fd376", "SelfIntroduceFileId": "5c590b80fbcb5f1d88145763", "PartyLogo": "https://storage.googleapis.com/candidate-thumbs/party/176.png", "CandididatePhoto": "https://storage.googleapis.com/candidate-thumbs/images/45-5-16.jpg"}, {"Unnamed: 0": 6506, "CandidateId": "f1879ae8-d7e2-4d08-98ec-363e627d2aa1", "CandidateNo": 17, "FirstName": "บุญร่วม", "LastName": "สร้อยศรี", "PartyName": "ชาติพัฒนา", "PartyNumber": 45, "Title": "นาย", "Votable": true, "province_id": 45, "province_name": "ร้อยเอ็ด", "zone_number": 5, "PartyTerminated": false, "Age": 54, "Occupation": "ทนายความ", "HighestEducation": "ปริญญาตรี", "ImageFileId": "5c5808dafbcb5f1eec0fda15", "SelfIntroduceFileId": "5c590cd1fbcb5f1d88146ac2", "PartyLogo": "https://storage.googleapis.com/candidate-thumbs/party/45.png", "CandididatePhoto": "https://storage.googleapis.com/candidate-thumbs/images/45-5-17.jpg"}, {"Unnamed: 0": 6507, "CandidateId": "96d6184d-df66-4b7b-a5d5-7e49fb574ca4", "CandidateNo": 18, "FirstName": "นริศรา", "LastName": "จันชารา", "PartyName": "เพื่อแผ่นดิน", "PartyNumber": 41, "Title": "นางสาว", "Votable": true, "province_id": 45, "province_name": "ร้อยเอ็ด", "zone_number": 5, "PartyTerminated": false, "Age": 56, "Occupation": "ตัวแทนประกันชีวิต", "HighestEducation": "ปริญญาตรี", "ImageFileId": "5c580955fbcb5f1eec0fde4d", "SelfIntroduceFileId": "5c590e11fbcb5f1d88147bf9", "PartyLogo": "https://storage.googleapis.com/candidate-thumbs/party/41.png", "CandididatePhoto": "https://storage.googleapis.com/candidate-thumbs/images/45-5-18.jpg"}, {"Unnamed: 0": 6508, "CandidateId": "e6755b81-3c6e-4f53-a03e-36e4024ef121", "CandidateNo": 19, "FirstName": "สุรเดช", "LastName": "มูลจันที", "PartyName": "ประชาธรรมไทย", "PartyNumber": 190, "Title": "นาย", "Votable": true, "province_id": 45, "province_name": "ร้อยเอ็ด", "zone_number": 5, "PartyTerminated": false, "Age": 60, "Occupation": "รับราชการครู", "HighestEducation": "ปริญญาเอก", "ImageFileId": "5c5911fffbcb5f1d8814b649", "SelfIntroduceFileId": "5c591516fbcb5f1d8814dc5c", "PartyLogo": "https://storage.googleapis.com/candidate-thumbs/party/190.png", "CandididatePhoto": "https://storage.googleapis.com/candidate-thumbs/images/45-5-19.jpg"}, {"Unnamed: 0": 6509, "CandidateId": "e06b1328-de4c-4406-be74-acce344312dc", "CandidateNo": 20, "FirstName": "เสาวลักษณ์", "LastName": "โพธิประสิทธิ์", "PartyName": "ไทยธรรม", "PartyNumber": 178, "Title": "นางสาว", "Votable": true, "province_id": 45, "province_name": "ร้อยเอ็ด", "zone_number": 5, "PartyTerminated": false, "Age": 39, "Occupation": "ธุรกิจส่วนตัว", "HighestEducation": "ปริญญาโท", "ImageFileId": "5c5915cefbcb5f1d8814e50e", "SelfIntroduceFileId": "5c591747fbcb5f1d8814f15f", "PartyLogo": "https://storage.googleapis.com/candidate-thumbs/party/178.png", "CandididatePhoto": "https://storage.googleapis.com/candidate-thumbs/images/45-5-20.jpg"}, {"Unnamed: 0": 6510, "CandidateId": "4f9a4694-f771-492c-9fcf-28ea19629e02", "CandidateNo": 21, "FirstName": "สัมพันธ์", "LastName": "บุตรพรม", "PartyName": "เสรีรวมไทย", "PartyNumber": 145, "Title": "ดาบตำรวจ", "Votable": true, "province_id": 45, "province_name": "ร้อยเอ็ด", "zone_number": 5, "PartyTerminated": false, "Age": 48, "Occupation": "ตำรวจ", "HighestEducation": "ปริญญาโท", "ImageFileId": "5c592f18fbcb5f1d8815f508", "SelfIntroduceFileId": "5c593083fbcb5f1d88160621", "PartyLogo": "https://storage.googleapis.com/candidate-thumbs/party/145.png", "CandididatePhoto": "https://storage.googleapis.com/candidate-thumbs/images/45-5-21.jpg"}, {"Unnamed: 0": 6511, "CandidateId": "3a4f9bbc-62ae-4954-975e-143b9683d1b8", "CandidateNo": 22, "FirstName": "ไพศาล", "LastName": "หาญชะนะ", "PartyName": "พลังศรัทธา", "PartyNumber": 201, "Title": "นาย", "Votable": true, "province_id": 45, "province_name": "ร้อยเอ็ด", "zone_number": 5, "PartyTerminated": false, "Age": 48, "Occupation": "ค้าขาย", "HighestEducation": "ต่ำกว่าปริญญาตรี", "ImageFileId": "5c5a65b7fbcb5f19bca9db5b", "SelfIntroduceFileId": "5c5a690cfbcb5f19bca9efdf", "PartyLogo": "https://storage.googleapis.com/candidate-thumbs/party/201.png", "CandididatePhoto": "https://storage.googleapis.com/candidate-thumbs/images/45-5-22.jpg"}, {"Unnamed: 0": 6512, "CandidateId": "b78c795d-63fb-40f7-96b2-ebeb2c050161", "CandidateNo": 23, "FirstName": "สุขสันต์", "LastName": "เปรี่ยมนอง", "PartyName": "ไทยศรีวิไลย์", "PartyNumber": 180, "Title": "นาย", "Votable": true, "province_id": 45, "province_name": "ร้อยเอ็ด", "zone_number": 5, "PartyTerminated": false, "Age": 33, "Occupation": "เจ้าของธุรกิจ", "HighestEducation": "ต่ำกว่าปริญญาตรี", "ImageFileId": "5c5a8795fbcb5f19bcaa9df3", "SelfIntroduceFileId": "5c5a882bfbcb5f19bcaaa1ac", "PartyLogo": "https://storage.googleapis.com/candidate-thumbs/party/180.png", "CandididatePhoto": "https://storage.googleapis.com/candidate-thumbs/images/45-5-23.jpg"}, {"Unnamed: 0": 6513, "CandidateId": "7fa023e9-b7cf-4aa9-9a0e-9af4b8b384e4", "CandidateNo": 24, "FirstName": "สุรพงค์", "LastName": "ชิงสอน", "PartyName": "ครูไทยเพื่อประชาชน", "PartyNumber": 118, "Title": "นาย", "Votable": true, "province_id": 45, "province_name": "ร้อยเอ็ด", "zone_number": 5, "PartyTerminated": false, "Age": 63, "Occupation": "รับจ้างก่อสร้าง", "HighestEducation": "ต่ำกว่าปริญญาตรี", "ImageFileId": "5c5bb612fbcb5f16fc662a16", "SelfIntroduceFileId": "5c5bb6c5fbcb5f16fc663051", "PartyLogo": "https://storage.googleapis.com/candidate-thumbs/party/118.png", "CandididatePhoto": "https://storage.googleapis.com/candidate-thumbs/images/45-5-24.jpg"}, {"Unnamed: 0": 6514, "CandidateId": "29b66cd3-72e3-45a2-a38e-1b279ef875d9", "CandidateNo": 25, "FirstName": "น้ำมนต์", "LastName": "ศิลาธุลี", "PartyName": "พลังไทสร้างชาติ", "PartyNumber": 200, "Title": "นาย", "Votable": true, "province_id": 45, "province_name": "ร้อยเอ็ด", "zone_number": 5, "PartyTerminated": false, "Age": 42, "Occupation": "เกษตรกร", "HighestEducation": "ปริญญาตรี", "ImageFileId": "5c5bb8bcfbcb5f16fc663eb2", "SelfIntroduceFileId": "5c5bb9c4fbcb5f16fc6645e8", "PartyLogo": "https://storage.googleapis.com/candidate-thumbs/party/200.png", "CandididatePhoto": "https://storage.googleapis.com/candidate-thumbs/images/45-5-25.jpg"}, {"Unnamed: 0": 6515, "CandidateId": "7441436b-0df5-41f6-9e98-f84aa0fc934a", "CandidateNo": 26, "FirstName": "ฐณณ", "LastName": "พิหูสูตร", "PartyName": "ทางเลือกใหม่", "PartyNumber": 170, "Title": "นาย", "Votable": true, "province_id": 45, "province_name": "ร้อยเอ็ด", "zone_number": 5, "PartyTerminated": false, "Age": 45, "Occupation": "เกษตรกร", "HighestEducation": "ต่ำกว่าปริญญาตรี", "ImageFileId": "5c5bc4bffbcb5f16fc667774", "SelfIntroduceFileId": "5c5bc572fbcb5f16fc667b31", "PartyLogo": "https://storage.googleapis.com/candidate-thumbs/party/170.png", "CandididatePhoto": "https://storage.googleapis.com/candidate-thumbs/images/45-5-26.jpg"}, {"Unnamed: 0": 6516, "CandidateId": "87b3c6fe-0b58-4faa-b577-9bd467d6184d", "CandidateNo": 27, "FirstName": "จิตราตรี", "LastName": "วรภาพ", "PartyName": "มหาชน", "PartyNumber": 4, "Title": "นาง", "Votable": false, "province_id": 45, "province_name": "ร้อยเอ็ด", "zone_number": 5, "PartyTerminated": false, "Age": 51, "Occupation": "เกษตรกร", "HighestEducation": "ต่ำกว่าปริญญาตรี", "ImageFileId": "5c5bcdf1fbcb5f16fc66ac79", "SelfIntroduceFileId": "5c5bcf4ffbcb5f16fc66b769", "PartyLogo": "https://storage.googleapis.com/candidate-thumbs/party/4.png", "CandididatePhoto": "https://storage.googleapis.com/candidate-thumbs/images/45-5-27.jpg"}, {"Unnamed: 0": 6517, "CandidateId": "65472d75-ab7a-4a21-89ba-0344bd9077d5", "CandidateNo": 28, "FirstName": "พรชัย", "LastName": "หะโท", "PartyName": "พลังครูไทย", "PartyNumber": 210, "Title": "นาย", "Votable": true, "province_id": 45, "province_name": "ร้อยเอ็ด", "zone_number": 5, "PartyTerminated": false, "Age": 60, "Occupation": "ข้าราชการบำนาญ", "HighestEducation": "ปริญญาโท", "ImageFileId": "5c5d2398fbcb5f0fd8855be2", "SelfIntroduceFileId": "5c5d25f5fbcb5f0fd8856d06", "PartyLogo": "https://storage.googleapis.com/candidate-thumbs/party/210.png", "CandididatePhoto": "https://storage.googleapis.com/candidate-thumbs/images/45-5-28.jpg"}, {"Unnamed: 0": 6518, "CandidateId": "608e5334-fb04-4d9f-9355-57da1c536695", "CandidateNo": 29, "FirstName": "สมพร", "LastName": "สังขทิพย์", "PartyName": "พลังสังคม", "PartyNumber": 198, "Title": "นาย", "Votable": true, "province_id": 45, "province_name": "ร้อยเอ็ด", "zone_number": 5, "PartyTerminated": false, "Age": 46, "Occupation": "วิศวกร", "HighestEducation": "ปริญญาตรี", "ImageFileId": "5c5d2ae7fbcb5f0fd8859727", "SelfIntroduceFileId": "5c5d2bbcfbcb5f0fd8859c74", "PartyLogo": "https://storage.googleapis.com/candidate-thumbs/party/198.png", "CandididatePhoto": "https://storage.googleapis.com/candidate-thumbs/images/45-5-29.jpg"}, {"Unnamed: 0": 6519, "CandidateId": "1d6bd53c-11e2-4e64-9f90-7b19ad6dde4c", "CandidateNo": 30, "FirstName": "สุดชา", "LastName": "คำตา", "PartyName": "รักษ์ผืนป่าประเทศไทย", "PartyNumber": 133, "Title": "นาย", "Votable": true, "province_id": 45, "province_name": "ร้อยเอ็ด", "zone_number": 5, "PartyTerminated": false, "Age": 58, "Occupation": "ร้บจ้างทั่วไป", "HighestEducation": "ต่ำกว่าปริญญาตรี", "ImageFileId": "5c5d2ee2fbcb5f0fd885b94c", "SelfIntroduceFileId": "5c5d2f9cfbcb5f0fd885bf96", "PartyLogo": "https://storage.googleapis.com/candidate-thumbs/party/133.png", "CandididatePhoto": "https://storage.googleapis.com/candidate-thumbs/images/45-5-30.jpg"}, {"Unnamed: 0": 6520, "CandidateId": "17057290-26c8-41ca-ac5b-4f2dcbc27aa6", "CandidateNo": 31, "FirstName": "สวัสดิ์", "LastName": "นาเหนือ", "PartyName": "พลังแรงงานไทย", "PartyNumber": 199, "Title": "นาย", "Votable": false, "province_id": 45, "province_name": "ร้อยเอ็ด", "zone_number": 5, "PartyTerminated": false, "Age": 72, "Occupation": "เกษตรกร", "HighestEducation": "ต่ำกว่าปริญญาตรี", "ImageFileId": "5c5d3261fbcb5f0fd885d697", "SelfIntroduceFileId": "5c5d333afbcb5f0fd885dccf", "PartyLogo": "https://storage.googleapis.com/candidate-thumbs/party/199.png", "CandididatePhoto": "https://storage.googleapis.com/candidate-thumbs/images/45-5-31.jpg"}, {"Unnamed: 0": 6521, "CandidateId": "a9cf76e5-aa43-4a48-8ca0-e28980d80d53", "CandidateNo": 32, "FirstName": "เนาวรัตน์", "LastName": "ภาคภูมิ", "PartyName": "ผึ้งหลวง", "PartyNumber": 164, "Title": "นาง", "Votable": true, "province_id": 45, "province_name": "ร้อยเอ็ด", "zone_number": 5, "PartyTerminated": false, "Age": 50, "Occupation": "เกษตรกร", "HighestEducation": "ปริญญาโท", "ImageFileId": "5c5d4376fbcb5f0fd8867232", "SelfIntroduceFileId": "5c5d45a9fbcb5f0fd8868aac", "PartyLogo": "https://storage.googleapis.com/candidate-thumbs/party/164.png", "CandididatePhoto": "https://storage.googleapis.com/candidate-thumbs/images/45-5-32.jpg"}, {"Unnamed: 0": 6522, "CandidateId": "140bdbfe-910f-4685-a86c-bd11c3bc1306", "CandidateNo": 33, "FirstName": "ธนัฏฐา", "LastName": "แก้วภูงา", "PartyName": "เพื่อชีวิตใหม่", "PartyNumber": 157, "Title": "นางสาว", "Votable": true, "province_id": 45, "province_name": "ร้อยเอ็ด", "zone_number": 5, "PartyTerminated": false, "Age": 25, "Occupation": "ค้าขาย", "HighestEducation": "ต่ำกว่าปริญญาตรี", "ImageFileId": "5c5d46affbcb5f0fd88693c1", "SelfIntroduceFileId": "5c5d478cfbcb5f0fd8869d83", "PartyLogo": "https://storage.googleapis.com/candidate-thumbs/party/157.png", "CandididatePhoto": "https://storage.googleapis.com/candidate-thumbs/images/45-5-33.jpg"}, {"Unnamed: 0": 6523, "CandidateId": "90d844b6-892d-481b-a651-b9349390b2dc", "CandidateNo": 34, "FirstName": "ณัฐพล", "LastName": "สุทธิสนธิ์", "PartyName": "พลังประชาธิปไตย", "PartyNumber": 153, "Title": "นาย", "Votable": true, "province_id": 45, "province_name": "ร้อยเอ็ด", "zone_number": 5, "PartyTerminated": false, "Age": 68, "Occupation": "ข้าราชการบำนาญ", "HighestEducation": "ปริญญาโท", "ImageFileId": "5c5d4a03fbcb5f0fd886bc3d", "SelfIntroduceFileId": "5c5d4ac1fbcb5f0fd886c51a", "PartyLogo": "https://storage.googleapis.com/candidate-thumbs/party/153.png", "CandididatePhoto": "https://storage.googleapis.com/candidate-thumbs/images/45-5-34.jpg"}]