[{"Unnamed: 0": 4838, "CandidateId": "ea812e54-4191-4c7e-87a3-137eb95978eb", "CandidateNo": 1, "FirstName": "โชคชัย", "LastName": "ธนกิจพานิช", "PartyName": "พลังท้องถิ่นไท", "PartyNumber": 124, "Title": "นาย", "Votable": true, "province_id": 70, "province_name": "ราชบุรี", "zone_number": 2, "PartyTerminated": false, "Age": 51, "Occupation": "ธุรกิจส่วนตัว/เกษตรกร", "HighestEducation": "ต่ำกว่าปริญญาตรี", "ImageFileId": "5c57c11dfbcb5f1eec0d6dfa", "SelfIntroduceFileId": "5c5bd899fbcb5f16fc66fdc6", "PartyLogo": "https://storage.googleapis.com/candidate-thumbs/party/124.png", "CandididatePhoto": "https://storage.googleapis.com/candidate-thumbs/images/70-2-1.jpg"}, {"Unnamed: 0": 4839, "CandidateId": "12064b8e-0019-42c1-974d-1743cb42e35b", "CandidateNo": 2, "FirstName": "สมชาย", "LastName": "สรสิทธิ์", "PartyName": "อนาคตใหม่", "PartyNumber": 177, "Title": "นาย", "Votable": true, "province_id": 70, "province_name": "ราชบุรี", "zone_number": 2, "PartyTerminated": false, "Age": 60, "Occupation": "นักการเมือง", "HighestEducation": "ต่ำกว่าปริญญาตรี", "ImageFileId": "5c57ce14fbcb5f1eec0dc6db", "SelfIntroduceFileId": "5c57ecfbfbcb5f1eec0e8353", "PartyLogo": "https://storage.googleapis.com/candidate-thumbs/party/177.png", "CandididatePhoto": "https://storage.googleapis.com/candidate-thumbs/images/70-2-2.jpg"}, {"Unnamed: 0": 4840, "CandidateId": "143f2878-b812-43d2-a382-4b85f51fe842", "CandidateNo": 3, "FirstName": "บุญชอบ", "LastName": "ปิ่นทอง", "PartyName": "เสรีรวมไทย", "PartyNumber": 145, "Title": "นาย", "Votable": true, "province_id": 70, "province_name": "ราชบุรี", "zone_number": 2, "PartyTerminated": false, "Age": 64, "Occupation": "ข้าราชการบำนาญ", "HighestEducation": "ปริญญาโท", "ImageFileId": "5c57d1a7fbcb5f1eec0dd33c", "SelfIntroduceFileId": "5c591aa0fbcb5f1d88150d7d", "PartyLogo": "https://storage.googleapis.com/candidate-thumbs/party/145.png", "CandididatePhoto": "https://storage.googleapis.com/candidate-thumbs/images/70-2-3.jpg"}, {"Unnamed: 0": 4841, "CandidateId": "9e64ee58-ff60-4a46-9ee3-f82f2e6c193c", "CandidateNo": 4, "FirstName": "พงษ์ศักดิ์", "LastName": "กิจประเสริฐ", "PartyName": "ภูมิใจไทย", "PartyNumber": 63, "Title": "นาย", "Votable": true, "province_id": 70, "province_name": "ราชบุรี", "zone_number": 2, "PartyTerminated": false, "Age": 60, "Occupation": "นักการเมือง", "HighestEducation": "ปริญญาโท", "ImageFileId": "5c57efcdfbcb5f1eec0e9fa4", "SelfIntroduceFileId": "5c592bc0fbcb5f1d8815c00f", "PartyLogo": "https://storage.googleapis.com/candidate-thumbs/party/63.png", "CandididatePhoto": "https://storage.googleapis.com/candidate-thumbs/images/70-2-4.jpg"}, {"Unnamed: 0": 4842, "CandidateId": "f9fadab4-cb4d-4654-8578-5ca28a78450a", "CandidateNo": 5, "FirstName": "ทองพูน", "LastName": "ช้างเพชร", "PartyName": "พลังธรรมใหม่", "PartyNumber": 175, "Title": "นาย", "Votable": true, "province_id": 70, "province_name": "ราชบุรี", "zone_number": 2, "PartyTerminated": false, "Age": 45, "Occupation": "ธุรกิจส่วนตัว", "HighestEducation": "ปริญญาโท", "ImageFileId": "5c5803a3fbcb5f1eec0f90c7", "SelfIntroduceFileId": "5c58ec57fbcb5f1d881303cc", "PartyLogo": "https://storage.googleapis.com/candidate-thumbs/party/175.png", "CandididatePhoto": "https://storage.googleapis.com/candidate-thumbs/images/70-2-5.jpg"}, {"Unnamed: 0": 4843, "CandidateId": "2d44b4bd-3f10-497d-b987-c168ded92467", "CandidateNo": 6, "FirstName": "พันธุ์ทิพา", "LastName": "ตั้งวิจิตรเจนการ", "PartyName": "รวมพลังประชาชาติไทย", "PartyNumber": 181, "Title": "นางสาว", "Votable": true, "province_id": 70, "province_name": "ราชบุรี", "zone_number": 2, "PartyTerminated": false, "Age": 46, "Occupation": "เกษตรกร", "HighestEducation": "ต่ำกว่าปริญญาตรี", "ImageFileId": "5c58027efbcb5f1eec0f81d9", "SelfIntroduceFileId": "5c5bd921fbcb5f16fc6701f3", "PartyLogo": "https://storage.googleapis.com/candidate-thumbs/party/181.png", "CandididatePhoto": "https://storage.googleapis.com/candidate-thumbs/images/70-2-6.jpg"}, {"Unnamed: 0": 4844, "CandidateId": "c97fa717-00dd-48e7-9c48-fd1a1ff42694", "CandidateNo": 7, "FirstName": "สันทัด", "LastName": "เจียมสกุล", "PartyName": "ประชาธิปัตย์", "PartyNumber": 1, "Title": "พันตำรวจโท", "Votable": true, "province_id": 70, "province_name": "ราชบุรี", "zone_number": 2, "PartyTerminated": false, "Age": 55, "Occupation": "รับราชการตำรวจ", "HighestEducation": "ปริญญาตรี", "ImageFileId": "5c58012dfbcb5f1eec0f6aa9", "SelfIntroduceFileId": "5c590d02fbcb5f1d88146dc2", "PartyLogo": "https://storage.googleapis.com/candidate-thumbs/party/1.png", "CandididatePhoto": "https://storage.googleapis.com/candidate-thumbs/images/70-2-7.jpg"}, {"Unnamed: 0": 4845, "CandidateId": "917a120a-fc92-4626-8971-c9264a78f5a9", "CandidateNo": 8, "FirstName": "วัลลภ", "LastName": "ผลบุณยรักษ์", "PartyName": "ประชานิยม", "PartyNumber": 191, "Title": "นาย", "Votable": true, "province_id": 70, "province_name": "ราชบุรี", "zone_number": 2, "PartyTerminated": false, "Age": 65, "Occupation": "ข้าราชการบำนาญ", "HighestEducation": "ต่ำกว่าปริญญาตรี", "ImageFileId": "5c58000bfbcb5f1eec0f5c2e", "SelfIntroduceFileId": "5c5914b7fbcb5f1d8814d83c", "PartyLogo": "https://storage.googleapis.com/candidate-thumbs/party/191.png", "CandididatePhoto": "https://storage.googleapis.com/candidate-thumbs/images/70-2-8.jpg"}, {"Unnamed: 0": 4846, "CandidateId": "b6360e02-69ad-421d-9e1d-39c407ad6ceb", "CandidateNo": 9, "FirstName": "เมธาวี", "LastName": "หงษ์มนัส", "PartyName": "ไทยรักษาชาติ", "PartyNumber": 77, "Title": "นางสาว", "Votable": true, "province_id": 70, "province_name": "ราชบุรี", "zone_number": 2, "PartyTerminated": true, "Age": 42, "Occupation": "แม่บ้าน", "HighestEducation": "ปริญญาตรี", "ImageFileId": "5c57feb8fbcb5f1eec0f4d85", "SelfIntroduceFileId": "5c592f91fbcb5f1d8815f8c0", "PartyLogo": "https://storage.googleapis.com/candidate-thumbs/party/77.png", "CandididatePhoto": "https://storage.googleapis.com/candidate-thumbs/images/70-2-9.jpg"}, {"Unnamed: 0": 4847, "CandidateId": "94aa1432-48c0-4bf4-bc41-76edca10f3c0", "CandidateNo": 10, "FirstName": "นิธิภัทร์", "LastName": "ชิณโชติวรสิทธิ์", "PartyName": "ชาติพัฒนา", "PartyNumber": 45, "Title": "นาย", "Votable": true, "province_id": 70, "province_name": "ราชบุรี", "zone_number": 2, "PartyTerminated": false, "Age": 38, "Occupation": "ธุรกิจส่วนตัว", "HighestEducation": "ปริญญาโท", "ImageFileId": "5c57fce0fbcb5f1eec0f30ec", "SelfIntroduceFileId": "5c590655fbcb5f1d88140f87", "PartyLogo": "https://storage.googleapis.com/candidate-thumbs/party/45.png", "CandididatePhoto": "https://storage.googleapis.com/candidate-thumbs/images/70-2-10.jpg"}, {"Unnamed: 0": 4848, "CandidateId": "eecd3cb9-a823-4305-a28e-dc0cd1ac753b", "CandidateNo": 11, "FirstName": "บุญยิ่ง", "LastName": "นิติกาญจนา", "PartyName": "พลังประชารัฐ", "PartyNumber": 192, "Title": "นาง", "Votable": true, "province_id": 70, "province_name": "ราชบุรี", "zone_number": 2, "PartyTerminated": false, "Age": 59, "Occupation": "ธุรกิจส่วนตัว", "HighestEducation": "ปริญญาตรี", "ImageFileId": "5c57fb00fbcb5f1eec0f14fd", "SelfIntroduceFileId": "5c58f71dfbcb5f1d881366a2", "PartyLogo": "https://storage.googleapis.com/candidate-thumbs/party/192.png", "CandididatePhoto": "https://storage.googleapis.com/candidate-thumbs/images/70-2-11.jpg"}, {"Unnamed: 0": 4849, "CandidateId": "e5790133-ab10-4df3-8c95-3b3ae45fd4c9", "CandidateNo": 12, "FirstName": "เรืองยศ", "LastName": "ตีวกุล", "PartyName": "รักษ์ผืนป่าประเทศไทย", "PartyNumber": 133, "Title": "นาย", "Votable": true, "province_id": 70, "province_name": "ราชบุรี", "zone_number": 2, "PartyTerminated": false, "Age": 65, "Occupation": "ข้าราชการบำนาญ", "HighestEducation": "ปริญญาโท", "ImageFileId": "5c57f933fbcb5f1eec0efce9", "SelfIntroduceFileId": "5c5903d7fbcb5f1d8813f152", "PartyLogo": "https://storage.googleapis.com/candidate-thumbs/party/133.png", "CandididatePhoto": "https://storage.googleapis.com/candidate-thumbs/images/70-2-12.jpg"}, {"Unnamed: 0": 4850, "CandidateId": "f9df5f46-130d-4988-81f0-6eb9bcbee808", "CandidateNo": 13, "FirstName": "มธุรส", "LastName": "จีระ", "PartyName": "ประชาภิวัฒน์", "PartyNumber": 172, "Title": "นาง", "Votable": true, "province_id": 70, "province_name": "ราชบุรี", "zone_number": 2, "PartyTerminated": false, "Age": 54, "Occupation": "ผู้บริหารการขายบริษัทไล้ กรุ้ป", "HighestEducation": "ต่ำกว่าปริญญาตรี", "ImageFileId": "5c57f551fbcb5f1eec0ed674", "SelfIntroduceFileId": "5c59247afbcb5f1d88155e89", "PartyLogo": "https://storage.googleapis.com/candidate-thumbs/party/172.png", "CandididatePhoto": "https://storage.googleapis.com/candidate-thumbs/images/70-2-13.jpg"}, {"Unnamed: 0": 4851, "CandidateId": "d9070f3f-3b39-4ef0-bae6-b9d62dd94a7e", "CandidateNo": 14, "FirstName": "ละเอียด", "LastName": "บุญเยาว์", "PartyName": "ครูไทยเพื่อประชาชน", "PartyNumber": 118, "Title": "นาย", "Votable": true, "province_id": 70, "province_name": "ราชบุรี", "zone_number": 2, "PartyTerminated": false, "Age": 58, "Occupation": "ธุรกิจส่วนตัว/เกษตรกรเลี้ยงวัว", "HighestEducation": "ต่ำกว่าปริญญาตรี", "ImageFileId": "5c57f6ebfbcb5f1eec0ee87a", "SelfIntroduceFileId": "5c58f2c4fbcb5f1d88133995", "PartyLogo": "https://storage.googleapis.com/candidate-thumbs/party/118.png", "CandididatePhoto": "https://storage.googleapis.com/candidate-thumbs/images/70-2-14.jpg"}, {"Unnamed: 0": 4852, "CandidateId": "041a2344-9638-487f-b883-44470b997086", "CandidateNo": 15, "FirstName": "ศศินันท์", "LastName": "รุ่งกิจเกียรติคุณ", "PartyName": "แผ่นดินธรรม", "PartyNumber": 188, "Title": "นางสาว", "Votable": true, "province_id": 70, "province_name": "ราชบุรี", "zone_number": 2, "PartyTerminated": false, "Age": 55, "Occupation": "แม่บ้าน", "HighestEducation": "ต่ำกว่าปริญญาตรี", "ImageFileId": "5c57f1e9fbcb5f1eec0eb28b", "SelfIntroduceFileId": "5c58fbe5fbcb5f1d8813974e", "PartyLogo": "https://storage.googleapis.com/candidate-thumbs/party/188.png", "CandididatePhoto": "https://storage.googleapis.com/candidate-thumbs/images/70-2-15.jpg"}, {"Unnamed: 0": 4853, "CandidateId": "01484dcc-69ec-4c92-8902-3b18fe1af333", "CandidateNo": 16, "FirstName": "วิเชียร", "LastName": "พันหล่อมโส", "PartyName": "ประชาชนปฏิรูป", "PartyNumber": 176, "Title": "นางสาว", "Votable": true, "province_id": 70, "province_name": "ราชบุรี", "zone_number": 2, "PartyTerminated": false, "Age": 53, "Occupation": "จิตอาสา", "HighestEducation": "ต่ำกว่าปริญญาตรี", "ImageFileId": "5c593c30fbcb5f1d8816a655", "SelfIntroduceFileId": "5c593fd2fbcb5f1d8816d53c", "PartyLogo": "https://storage.googleapis.com/candidate-thumbs/party/176.png", "CandididatePhoto": "https://storage.googleapis.com/candidate-thumbs/images/70-2-16.jpg"}, {"Unnamed: 0": 4854, "CandidateId": "d82c3852-3974-40ee-a70c-08e9a4f4c331", "CandidateNo": 17, "FirstName": "เกรียงไกร", "LastName": "ชีช่วง", "PartyName": "กรีน", "PartyNumber": 206, "Title": "นาย", "Votable": true, "province_id": 70, "province_name": "ราชบุรี", "zone_number": 2, "PartyTerminated": false, "Age": 41, "Occupation": "รับจ้าง", "HighestEducation": "ปริญญาตรี", "ImageFileId": "5c59383ffbcb5f1d88167348", "SelfIntroduceFileId": "5c59391ffbcb5f1d88167ff0", "PartyLogo": "https://storage.googleapis.com/candidate-thumbs/party/206.png", "CandididatePhoto": "https://storage.googleapis.com/candidate-thumbs/images/70-2-17.jpg"}, {"Unnamed: 0": 4855, "CandidateId": "b580eb50-f8ad-4934-ada0-e5af7160abdb", "CandidateNo": 18, "FirstName": "บุญดี", "LastName": "ทำสะอาด", "PartyName": "ไทยรุ่งเรือง", "PartyNumber": 194, "Title": "นาย", "Votable": true, "province_id": 70, "province_name": "ราชบุรี", "zone_number": 2, "PartyTerminated": false, "Age": 55, "Occupation": "เกษตรกร", "HighestEducation": "ต่ำกว่าปริญญาตรี", "ImageFileId": "5c5932b5fbcb5f1d881624c1", "SelfIntroduceFileId": "5c59348afbcb5f1d88163b97", "PartyLogo": "https://storage.googleapis.com/candidate-thumbs/party/194.png", "CandididatePhoto": "https://storage.googleapis.com/candidate-thumbs/images/70-2-18.jpg"}, {"Unnamed: 0": 4856, "CandidateId": "51443698-1c67-4995-815b-7296fbcfaa0b", "CandidateNo": 19, "FirstName": "เด่น", "LastName": "สุขอาษา", "PartyName": "ชาติไทยพัฒนา", "PartyNumber": 55, "Title": "นาย", "Votable": true, "province_id": 70, "province_name": "ราชบุรี", "zone_number": 2, "PartyTerminated": false, "Age": 51, "Occupation": "พัฒนาอสังหาริมทรัพย์", "HighestEducation": "ต่ำกว่าปริญญาตรี", "ImageFileId": "5c5955c7fbcb5f1d8817ef93", "SelfIntroduceFileId": "5c5bc6aafbcb5f16fc66814a", "PartyLogo": "https://storage.googleapis.com/candidate-thumbs/party/55.png", "CandididatePhoto": "https://storage.googleapis.com/candidate-thumbs/images/70-2-19.jpg"}, {"Unnamed: 0": 4857, "CandidateId": "bd8c3e1f-fb16-4752-9d21-5a8c29a170a7", "CandidateNo": 20, "FirstName": "เพียงพงศ์", "LastName": "ประเสริฐศักดิ์", "PartyName": "เพื่อชาติ", "PartyNumber": 149, "Title": "นาย", "Votable": true, "province_id": 70, "province_name": "ราชบุรี", "zone_number": 2, "PartyTerminated": false, "Age": 57, "Occupation": "รับราชการตำรวจ", "HighestEducation": "ต่ำกว่าปริญญาตรี", "ImageFileId": "5c5bb474fbcb5f16fc66212e", "SelfIntroduceFileId": "5c5bd77efbcb5f16fc66f3b9", "PartyLogo": "https://storage.googleapis.com/candidate-thumbs/party/149.png", "CandididatePhoto": "https://storage.googleapis.com/candidate-thumbs/images/70-2-20.jpg"}, {"Unnamed: 0": 4858, "CandidateId": "c030e816-1815-4ef4-b3e6-d65c4594e96e", "CandidateNo": 21, "FirstName": "สิทธิชัย", "LastName": "อรชร", "PartyName": "ถิ่นกาขาวชาววิไล", "PartyNumber": 129, "Title": "นาย", "Votable": true, "province_id": 70, "province_name": "ราชบุรี", "zone_number": 2, "PartyTerminated": false, "Age": 28, "Occupation": "ช่างรองเท้า", "HighestEducation": "ต่ำกว่าปริญญาตรี", "ImageFileId": "5c5bf54ffbcb5f16fc67f0d2", "SelfIntroduceFileId": "5c5bf640fbcb5f16fc67f882", "PartyLogo": "https://storage.googleapis.com/candidate-thumbs/party/129.png", "CandididatePhoto": "https://storage.googleapis.com/candidate-thumbs/images/70-2-21.jpg"}, {"Unnamed: 0": 4859, "CandidateId": "5e0cac85-8a57-41fd-8716-de3aa70f8907", "CandidateNo": 22, "FirstName": "พีรพัฒน์", "LastName": "คงเพ็ชร", "PartyName": "เศรษฐกิจใหม่", "PartyNumber": 193, "Title": "นาย", "Votable": true, "province_id": 70, "province_name": "ราชบุรี", "zone_number": 2, "PartyTerminated": false, "Age": 68, "Occupation": "นักแต่งเพลง", "HighestEducation": "ต่ำกว่าปริญญาตรี", "ImageFileId": "5c5ceb43fbcb5f16fc68d021", "SelfIntroduceFileId": "5c5ceda1fbcb5f16fc68de08", "PartyLogo": "https://storage.googleapis.com/candidate-thumbs/party/193.png", "CandididatePhoto": "https://storage.googleapis.com/candidate-thumbs/images/70-2-22.jpg"}, {"Unnamed: 0": 4860, "CandidateId": "8eb42ea7-87ae-460c-87c8-f0d623a7c03e", "CandidateNo": 23, "FirstName": "อภิเดช", "LastName": "ทุยประสิทธิ์", "PartyName": "พลังชาติไทย", "PartyNumber": 186, "Title": "นาย", "Votable": true, "province_id": 70, "province_name": "ราชบุรี", "zone_number": 2, "PartyTerminated": false, "Age": 53, "Occupation": "เกษตรกร", "HighestEducation": "ต่ำกว่าปริญญาตรี", "ImageFileId": "5c5cf5ccfbcb5f16fc69145c", "SelfIntroduceFileId": "5c5cfabbfbcb5f0fd884562d", "PartyLogo": "https://storage.googleapis.com/candidate-thumbs/party/186.png", "CandididatePhoto": "https://storage.googleapis.com/candidate-thumbs/images/70-2-23.jpg"}, {"Unnamed: 0": 4861, "CandidateId": "64969fcc-0b60-40ed-b6f1-9eaf7ee1926d", "CandidateNo": 24, "FirstName": "บุญธรรม", "LastName": "ทินรุ่ง", "PartyName": "มหาชน", "PartyNumber": 4, "Title": "นางสาว", "Votable": true, "province_id": 70, "province_name": "ราชบุรี", "zone_number": 2, "PartyTerminated": false, "Age": 43, "Occupation": "ค้าขาย", "HighestEducation": "ต่ำกว่าปริญญาตรี", "ImageFileId": "5c5cfedafbcb5f0fd8847866", "SelfIntroduceFileId": "5c5cfff7fbcb5f0fd88483d1", "PartyLogo": "https://storage.googleapis.com/candidate-thumbs/party/4.png", "CandididatePhoto": "https://storage.googleapis.com/candidate-thumbs/images/70-2-24.jpg"}, {"Unnamed: 0": 4862, "CandidateId": "aa29a4bc-026b-4acf-861a-aefd3121aaa0", "CandidateNo": 25, "FirstName": "สุธน", "LastName": "สามเสน", "PartyName": "พลังไทยรักชาติ", "PartyNumber": 155, "Title": "นาย", "Votable": true, "province_id": 70, "province_name": "ราชบุรี", "zone_number": 2, "PartyTerminated": false, "Age": 32, "Occupation": "รับจ้าง", "HighestEducation": "ต่ำกว่าปริญญาตรี", "ImageFileId": "5c5d2940fbcb5f0fd8858938", "SelfIntroduceFileId": "5c5d2a89fbcb5f0fd88592d9", "PartyLogo": "https://storage.googleapis.com/candidate-thumbs/party/155.png", "CandididatePhoto": "https://storage.googleapis.com/candidate-thumbs/images/70-2-25.jpg"}, {"Unnamed: 0": 4863, "CandidateId": "e6e06da4-28ed-4ac0-b849-81ab9f35fb21", "CandidateNo": 26, "FirstName": "ดาวรุ่ง", "LastName": "โตจิ๋ว", "PartyName": "ประชากรไทย", "PartyNumber": 2, "Title": "นางสาว", "Votable": true, "province_id": 70, "province_name": "ราชบุรี", "zone_number": 2, "PartyTerminated": false, "Age": 41, "Occupation": "เกษตรกร", "HighestEducation": "ต่ำกว่าปริญญาตรี", "ImageFileId": "5c5d36f4fbcb5f0fd885f924", "SelfIntroduceFileId": "5c5d37b0fbcb5f0fd885feaa", "PartyLogo": "https://storage.googleapis.com/candidate-thumbs/party/2.png", "CandididatePhoto": "https://storage.googleapis.com/candidate-thumbs/images/70-2-26.jpg"}, {"Unnamed: 0": 4864, "CandidateId": "77471110-fb23-475c-8ff2-881735fb73b2", "CandidateNo": 27, "FirstName": "บุญเสริม", "LastName": "หอมฟุ้ง", "PartyName": "ไทรักธรรม", "PartyNumber": 144, "Title": "นาย", "Votable": true, "province_id": 70, "province_name": "ราชบุรี", "zone_number": 2, "PartyTerminated": false, "Age": 42, "Occupation": "ธุรกิจส่วนตัว", "HighestEducation": "ปริญญาตรี", "ImageFileId": "5c5d442afbcb5f0fd8867a4b", "SelfIntroduceFileId": "5c5d4550fbcb5f0fd8868666", "PartyLogo": "https://storage.googleapis.com/candidate-thumbs/party/144.png", "CandididatePhoto": "https://storage.googleapis.com/candidate-thumbs/images/70-2-27.jpg"}]