[{"Unnamed: 0": 4894, "CandidateId": "d8088528-a3df-4bce-b147-b217560d4c18", "CandidateNo": 1, "FirstName": "อ้อย", "LastName": "เพชรสน", "PartyName": "เสรีรวมไทย", "PartyNumber": 145, "Title": "ร้อยตรี", "Votable": true, "province_id": 70, "province_name": "ราชบุรี", "zone_number": 4, "PartyTerminated": false, "Age": 70, "Occupation": "ธุรกิจส่วนตัว", "HighestEducation": "ปริญญาตรี", "ImageFileId": "5c5a8588fbcb5f19bcaa9200", "SelfIntroduceFileId": "5c5a3efcfbcb5f19bca8a193", "PartyLogo": "https://storage.googleapis.com/candidate-thumbs/party/145.png", "CandididatePhoto": "https://storage.googleapis.com/candidate-thumbs/images/70-4-1.jpg"}, {"Unnamed: 0": 4895, "CandidateId": "31bb55c3-87f9-4c25-ba73-489de3b2ae59", "CandidateNo": 2, "FirstName": "ภัคศุภางค์", "LastName": "เกียงวรางกูร", "PartyName": "อนาคตใหม่", "PartyNumber": 177, "Title": "นางสาว", "Votable": true, "province_id": 70, "province_name": "ราชบุรี", "zone_number": 4, "PartyTerminated": false, "Age": 27, "Occupation": "พนักงานเอกชน", "HighestEducation": "ปริญญาตรี", "ImageFileId": "5c57cfb4fbcb5f1eec0dcc26", "SelfIntroduceFileId": "5c5a4049fbcb5f19bca8a966", "PartyLogo": "https://storage.googleapis.com/candidate-thumbs/party/177.png", "CandididatePhoto": "https://storage.googleapis.com/candidate-thumbs/images/70-4-2.jpg"}, {"Unnamed: 0": 4896, "CandidateId": "7540243b-6e02-411a-a404-b02841fea17b", "CandidateNo": 3, "FirstName": "อัครเดช", "LastName": "วงษ์พิทักษ์โรจน์", "PartyName": "ประชาธิปัตย์", "PartyNumber": 1, "Title": "นาย", "Votable": true, "province_id": 70, "province_name": "ราชบุรี", "zone_number": 4, "PartyTerminated": false, "Age": 42, "Occupation": "ธุรกิจส่วนตัว", "HighestEducation": "ปริญญาโท", "ImageFileId": "5c58edb4fbcb5f1d88130c17", "SelfIntroduceFileId": "5c5a415bfbcb5f19bca8b0e6", "PartyLogo": "https://storage.googleapis.com/candidate-thumbs/party/1.png", "CandididatePhoto": "https://storage.googleapis.com/candidate-thumbs/images/70-4-3.jpg"}, {"Unnamed: 0": 4897, "CandidateId": "379e1d66-a2e3-4ee6-af48-42c99ff73628", "CandidateNo": 4, "FirstName": "วัฒนา", "LastName": "ร่มโพธิ์", "PartyName": "ประชาภิวัฒน์", "PartyNumber": 172, "Title": "นาย", "Votable": true, "province_id": 70, "province_name": "ราชบุรี", "zone_number": 4, "PartyTerminated": false, "Age": 63, "Occupation": "ข้าราชการบำนาญ", "HighestEducation": "ปริญญาโท", "ImageFileId": "5c5d2760fbcb5f0fd885788c", "SelfIntroduceFileId": "5c5a420bfbcb5f19bca8b65e", "PartyLogo": "https://storage.googleapis.com/candidate-thumbs/party/172.png", "CandididatePhoto": "https://storage.googleapis.com/candidate-thumbs/images/70-4-4.jpg"}, {"Unnamed: 0": 4898, "CandidateId": "394df722-f001-4dc9-a672-c9b31aba5f61", "CandidateNo": 5, "FirstName": "สุวัฒน์", "LastName": "อภิกันตสิริ", "PartyName": "ภูมิใจไทย", "PartyNumber": 63, "Title": "นาย", "Votable": true, "province_id": 70, "province_name": "ราชบุรี", "zone_number": 4, "PartyTerminated": false, "Age": 67, "Occupation": "ค้าขาย", "HighestEducation": "ปริญญาตรี", "ImageFileId": "5c58f374fbcb5f1d88134000", "SelfIntroduceFileId": "5c5a4374fbcb5f19bca8be16", "PartyLogo": "https://storage.googleapis.com/candidate-thumbs/party/63.png", "CandididatePhoto": "https://storage.googleapis.com/candidate-thumbs/images/70-4-5.jpg"}, {"Unnamed: 0": 4899, "CandidateId": "5ad79b50-9ac5-4e7c-b53f-258dfcec77b5", "CandidateNo": 6, "FirstName": "เสน่ห์", "LastName": "เกตุแก้ว", "PartyName": "ประชานิยม", "PartyNumber": 191, "Title": "ร.ต.อ.", "Votable": true, "province_id": 70, "province_name": "ราชบุรี", "zone_number": 4, "PartyTerminated": false, "Age": 60, "Occupation": "รับราชการตำรวจ", "HighestEducation": "ต่ำกว่าปริญญาตรี", "ImageFileId": "5c58f6a4fbcb5f1d88135ee4", "SelfIntroduceFileId": "5c5a44e7fbcb5f19bca8c71b", "PartyLogo": "https://storage.googleapis.com/candidate-thumbs/party/191.png", "CandididatePhoto": "https://storage.googleapis.com/candidate-thumbs/images/70-4-6.jpg"}, {"Unnamed: 0": 4900, "CandidateId": "4c4db488-28ae-4bc8-a37d-6ec31d230356", "CandidateNo": 7, "FirstName": "ภูเบศ", "LastName": "โสดสงค์", "PartyName": "ชาติไทยพัฒนา", "PartyNumber": 55, "Title": "นาย", "Votable": true, "province_id": 70, "province_name": "ราชบุรี", "zone_number": 4, "PartyTerminated": false, "Age": 57, "Occupation": "ธุรกิจส่วนตัว", "HighestEducation": "ต่ำกว่าปริญญาตรี", "ImageFileId": "5c58f71cfbcb5f1d88136691", "SelfIntroduceFileId": "5c5a459bfbcb5f19bca8cb2b", "PartyLogo": "https://storage.googleapis.com/candidate-thumbs/party/55.png", "CandididatePhoto": "https://storage.googleapis.com/candidate-thumbs/images/70-4-7.jpg"}, {"Unnamed: 0": 4901, "CandidateId": "839c9584-a1c8-4e27-9947-8541a6877f36", "CandidateNo": 8, "FirstName": "สุรพงษ์", "LastName": "เอี่ยมเอม", "PartyName": "ไทยรักษาชาติ", "PartyNumber": 77, "Title": "นาย", "Votable": true, "province_id": 70, "province_name": "ราชบุรี", "zone_number": 4, "PartyTerminated": true, "Age": 33, "Occupation": "ทนายความ", "HighestEducation": "ปริญญาตรี", "ImageFileId": "5c58f76efbcb5f1d8813690e", "SelfIntroduceFileId": "5c5a46d3fbcb5f19bca8d686", "PartyLogo": "https://storage.googleapis.com/candidate-thumbs/party/77.png", "CandididatePhoto": "https://storage.googleapis.com/candidate-thumbs/images/70-4-8.jpg"}, {"Unnamed: 0": 4902, "CandidateId": "797cdf88-71b7-4836-8e35-1ec37883d28f", "CandidateNo": 9, "FirstName": "พวน", "LastName": "อินทร์ชำนาญ", "PartyName": "พลังธรรมใหม่", "PartyNumber": 175, "Title": "ร.ต.", "Votable": true, "province_id": 70, "province_name": "ราชบุรี", "zone_number": 4, "PartyTerminated": false, "Age": 66, "Occupation": "รับราชการทหาร", "HighestEducation": "ต่ำกว่าปริญญาตรี", "ImageFileId": "5c5a7fa2fbcb5f19bcaa614e", "SelfIntroduceFileId": "5c5a492ffbcb5f19bca8e8a8", "PartyLogo": "https://storage.googleapis.com/candidate-thumbs/party/175.png", "CandididatePhoto": "https://storage.googleapis.com/candidate-thumbs/images/70-4-9.jpg"}, {"Unnamed: 0": 4903, "CandidateId": "4bc48dc5-57b7-4873-8958-d60594f22e2b", "CandidateNo": 10, "FirstName": "พรรษวุฒิ", "LastName": "ธาดาวิโรจน์", "PartyName": "ชาติพัฒนา", "PartyNumber": 45, "Title": "นาย", "Votable": true, "province_id": 70, "province_name": "ราชบุรี", "zone_number": 4, "PartyTerminated": false, "Age": 35, "Occupation": "ธุรกิจส่วนตัว", "HighestEducation": "ต่ำกว่าปริญญาตรี", "ImageFileId": "5c58f9a4fbcb5f1d881381ce", "SelfIntroduceFileId": "5c5a4b30fbcb5f19bca8f970", "PartyLogo": "https://storage.googleapis.com/candidate-thumbs/party/45.png", "CandididatePhoto": "https://storage.googleapis.com/candidate-thumbs/images/70-4-10.jpg"}, {"Unnamed: 0": 4904, "CandidateId": "02dbab04-59ac-48af-98df-18db642e65b8", "CandidateNo": 11, "FirstName": "ชะวรลัทธิ์", "LastName": "ชินธรรมมิตร", "PartyName": "พลังประชารัฐ", "PartyNumber": 192, "Title": "นางสาว", "Votable": true, "province_id": 70, "province_name": "ราชบุรี", "zone_number": 4, "PartyTerminated": false, "Age": 53, "Occupation": "รองนายกเทศมนตรีเมืองท่าผา", "HighestEducation": "ปริญญาโท", "ImageFileId": "5c590d71fbcb5f1d88147506", "SelfIntroduceFileId": "5c5a4ff7fbcb5f19bca9259f", "PartyLogo": "https://storage.googleapis.com/candidate-thumbs/party/192.png", "CandididatePhoto": "https://storage.googleapis.com/candidate-thumbs/images/70-4-11.jpg"}, {"Unnamed: 0": 4905, "CandidateId": "47295feb-4bdb-457c-a133-83481296fe0b", "CandidateNo": 12, "FirstName": "จันทราภรณ์", "LastName": "หาโอกาส", "PartyName": "พลังท้องถิ่นไท", "PartyNumber": 124, "Title": "นางสาว", "Votable": true, "province_id": 70, "province_name": "ราชบุรี", "zone_number": 4, "PartyTerminated": false, "Age": 38, "Occupation": "ธุรกิจส่วนตัว", "HighestEducation": "ปริญญาตรี", "ImageFileId": "5c590ec7fbcb5f1d881483c1", "SelfIntroduceFileId": "5c5a517efbcb5f19bca933ee", "PartyLogo": "https://storage.googleapis.com/candidate-thumbs/party/124.png", "CandididatePhoto": "https://storage.googleapis.com/candidate-thumbs/images/70-4-12.jpg"}, {"Unnamed: 0": 4906, "CandidateId": "e9e6eb44-e1a0-40bf-ad9b-9cdcfff6aadd", "CandidateNo": 13, "FirstName": "ศุภากร", "LastName": "บุญจันทร์", "PartyName": "รักษ์ผืนป่าประเทศไทย", "PartyNumber": 133, "Title": "นาย", "Votable": true, "province_id": 70, "province_name": "ราชบุรี", "zone_number": 4, "PartyTerminated": false, "Age": 64, "Occupation": "เป็นวิทยากรทั่วไป", "HighestEducation": "ต่ำกว่าปริญญาตรี", "ImageFileId": "5c590f66fbcb5f1d88148e85", "SelfIntroduceFileId": "5c5a52a3fbcb5f19bca93ce3", "PartyLogo": "https://storage.googleapis.com/candidate-thumbs/party/133.png", "CandididatePhoto": "https://storage.googleapis.com/candidate-thumbs/images/70-4-13.jpg"}, {"Unnamed: 0": 4907, "CandidateId": "629d7f21-5698-4d9d-8236-7228a47b7162", "CandidateNo": 14, "FirstName": "เสาวณีย์", "LastName": "นิ่มนุช", "PartyName": "พลังประชาธิปไตย", "PartyNumber": 153, "Title": "นางสาว", "Votable": true, "province_id": 70, "province_name": "ราชบุรี", "zone_number": 4, "PartyTerminated": false, "Age": 44, "Occupation": "รับจ้างทั่วไป", "HighestEducation": "ต่ำกว่าปริญญาตรี", "ImageFileId": "5c5cf678fbcb5f16fc69190d", "SelfIntroduceFileId": "5c5a5409fbcb5f19bca94b6a", "PartyLogo": "https://storage.googleapis.com/candidate-thumbs/party/153.png", "CandididatePhoto": "https://storage.googleapis.com/candidate-thumbs/images/70-4-14.jpg"}, {"Unnamed: 0": 4908, "CandidateId": "067148b2-e293-4289-91f0-d7fd2c388130", "CandidateNo": 15, "FirstName": "พิทยา", "LastName": "ไผ่กอ", "PartyName": "รวมพลังประชาชาติไทย", "PartyNumber": 181, "Title": "นาย", "Votable": true, "province_id": 70, "province_name": "ราชบุรี", "zone_number": 4, "PartyTerminated": false, "Age": 46, "Occupation": "รับจ้าง", "HighestEducation": "ต่ำกว่าปริญญาตรี", "ImageFileId": "5c591075fbcb5f1d8814a0d8", "SelfIntroduceFileId": "5c5a56e5fbcb5f19bca961a1", "PartyLogo": "https://storage.googleapis.com/candidate-thumbs/party/181.png", "CandididatePhoto": "https://storage.googleapis.com/candidate-thumbs/images/70-4-15.jpg"}, {"Unnamed: 0": 4909, "CandidateId": "d25b3ccd-9ba1-4db7-8e0a-48a77b501431", "CandidateNo": 16, "FirstName": "พุทธชาติ", "LastName": "มากลัด", "PartyName": "ไทยรุ่งเรือง", "PartyNumber": 194, "Title": "นาง", "Votable": true, "province_id": 70, "province_name": "ราชบุรี", "zone_number": 4, "PartyTerminated": false, "Age": 49, "Occupation": "เกษตรกร", "HighestEducation": "ต่ำกว่าปริญญาตรี", "ImageFileId": "5c591196fbcb5f1d8814b12a", "SelfIntroduceFileId": "5c5a5a5ffbcb5f19bca97d56", "PartyLogo": "https://storage.googleapis.com/candidate-thumbs/party/194.png", "CandididatePhoto": "https://storage.googleapis.com/candidate-thumbs/images/70-4-16.jpg"}, {"Unnamed: 0": 4910, "CandidateId": "7d3c5f73-f741-486c-8383-765ee4b1ba48", "CandidateNo": 17, "FirstName": "ธนิติ", "LastName": "สิริสิงห", "PartyName": "ประชาชนปฏิรูป", "PartyNumber": 176, "Title": "นาย", "Votable": true, "province_id": 70, "province_name": "ราชบุรี", "zone_number": 4, "PartyTerminated": false, "Age": 74, "Occupation": "พัฒนาอสังหาริมทรัพย์ และนักกฎหมาย", "HighestEducation": "ปริญญาตรี", "ImageFileId": "5c5911f0fbcb5f1d8814b4e8", "SelfIntroduceFileId": "5c5a5e55fbcb5f19bca9a21a", "PartyLogo": "https://storage.googleapis.com/candidate-thumbs/party/176.png", "CandididatePhoto": "https://storage.googleapis.com/candidate-thumbs/images/70-4-17.jpg"}, {"Unnamed: 0": 4911, "CandidateId": "b6e988b7-2213-4900-ad8a-6a5ebe68db7f", "CandidateNo": 18, "FirstName": "วันทนา", "LastName": "โอทอง", "PartyName": "เพื่อชาติ", "PartyNumber": 149, "Title": "นางสาว", "Votable": true, "province_id": 70, "province_name": "ราชบุรี", "zone_number": 4, "PartyTerminated": false, "Age": 57, "Occupation": "แม่บ้าน", "HighestEducation": "ต่ำกว่าปริญญาตรี", "ImageFileId": "5c591247fbcb5f1d8814b9a5", "SelfIntroduceFileId": "5c5a6233fbcb5f19bca9c068", "PartyLogo": "https://storage.googleapis.com/candidate-thumbs/party/149.png", "CandididatePhoto": "https://storage.googleapis.com/candidate-thumbs/images/70-4-18.jpg"}, {"Unnamed: 0": 4912, "CandidateId": "41d3101a-5eed-4f23-9ca3-9e33e4e951d9", "CandidateNo": 19, "FirstName": "สุบิน", "LastName": "ชัยศิลป์", "PartyName": "ครูไทยเพื่อประชาชน", "PartyNumber": 118, "Title": "นางสาว", "Votable": true, "province_id": 70, "province_name": "ราชบุรี", "zone_number": 4, "PartyTerminated": false, "Age": 62, "Occupation": "ข้าราชการบำนาญ", "HighestEducation": "ปริญญาตรี", "ImageFileId": "5c5ba5c4fbcb5f16fc65a822", "SelfIntroduceFileId": "5c5ba782fbcb5f16fc65b64f", "PartyLogo": "https://storage.googleapis.com/candidate-thumbs/party/118.png", "CandididatePhoto": "https://storage.googleapis.com/candidate-thumbs/images/70-4-19.jpg"}, {"Unnamed: 0": 4913, "CandidateId": "0893400c-225a-4eb9-af24-bbb47dc7f8ae", "CandidateNo": 20, "FirstName": "อภิชาญ", "LastName": "วัชรญาณวิสุทธิ์", "PartyName": "ถิ่นกาขาวชาววิไล", "PartyNumber": 129, "Title": "นาย", "Votable": true, "province_id": 70, "province_name": "ราชบุรี", "zone_number": 4, "PartyTerminated": false, "Age": 38, "Occupation": "รับจ้างทั่วไป", "HighestEducation": "ต่ำกว่าปริญญาตรี", "ImageFileId": "5c5bf3effbcb5f16fc67e842", "SelfIntroduceFileId": "5c5bf312fbcb5f16fc67e105", "PartyLogo": "https://storage.googleapis.com/candidate-thumbs/party/129.png", "CandididatePhoto": "https://storage.googleapis.com/candidate-thumbs/images/70-4-20.jpg"}, {"Unnamed: 0": 4914, "CandidateId": "e2ef1943-0ad7-4897-8500-887e7ad2d220", "CandidateNo": 21, "FirstName": "พยงค์", "LastName": "ทองปลาด", "PartyName": "เศรษฐกิจใหม่", "PartyNumber": 193, "Title": "นาย", "Votable": true, "province_id": 70, "province_name": "ราชบุรี", "zone_number": 4, "PartyTerminated": false, "Age": 68, "Occupation": "นักร้องเพลง", "HighestEducation": "ต่ำกว่าปริญญาตรี", "ImageFileId": "5c5cf1a4fbcb5f16fc68f7a0", "SelfIntroduceFileId": "5c5cf381fbcb5f16fc69047e", "PartyLogo": "https://storage.googleapis.com/candidate-thumbs/party/193.png", "CandididatePhoto": "https://storage.googleapis.com/candidate-thumbs/images/70-4-21.jpg"}, {"Unnamed: 0": 4915, "CandidateId": "54a44661-d5c8-4b2c-8abf-add67c4e7469", "CandidateNo": 22, "FirstName": "นันทิญา", "LastName": "นโมโชค", "PartyName": "มหาชน", "PartyNumber": 4, "Title": "นางสาว", "Votable": true, "province_id": 70, "province_name": "ราชบุรี", "zone_number": 4, "PartyTerminated": false, "Age": 49, "Occupation": "พนักงานบริษัท", "HighestEducation": "ปริญญาตรี", "ImageFileId": "5c5d0214fbcb5f0fd884935a", "SelfIntroduceFileId": "5c5d0419fbcb5f0fd884a496", "PartyLogo": "https://storage.googleapis.com/candidate-thumbs/party/4.png", "CandididatePhoto": "https://storage.googleapis.com/candidate-thumbs/images/70-4-22.jpg"}, {"Unnamed: 0": 4916, "CandidateId": "44f77d7f-d06b-4839-b31a-91faccf48c02", "CandidateNo": 23, "FirstName": "บุญชู", "LastName": "แก้วกระจ่าง", "PartyName": "พลังชาติไทย", "PartyNumber": 186, "Title": "นาย", "Votable": true, "province_id": 70, "province_name": "ราชบุรี", "zone_number": 4, "PartyTerminated": false, "Age": 69, "Occupation": "รับจ้าง", "HighestEducation": "ต่ำกว่าปริญญาตรี", "ImageFileId": "5c5d1b56fbcb5f0fd8851cf9", "SelfIntroduceFileId": "5c5d1cc0fbcb5f0fd8852625", "PartyLogo": "https://storage.googleapis.com/candidate-thumbs/party/186.png", "CandididatePhoto": "https://storage.googleapis.com/candidate-thumbs/images/70-4-23.jpg"}, {"Unnamed: 0": 4917, "CandidateId": "65b838aa-4ac4-44a3-9c56-4b5687f6216c", "CandidateNo": 24, "FirstName": "ธนภรณ์", "LastName": "จันทรักรังษี", "PartyName": "พลังสังคม", "PartyNumber": 198, "Title": "นาง", "Votable": true, "province_id": 70, "province_name": "ราชบุรี", "zone_number": 4, "PartyTerminated": false, "Age": 52, "Occupation": "ผู้ช่วยผู้ใหญ่บ้าน", "HighestEducation": "ต่ำกว่าปริญญาตรี", "ImageFileId": "5c5d22cefbcb5f0fd885579b", "SelfIntroduceFileId": "5c5d2588fbcb5f0fd8856a69", "PartyLogo": "https://storage.googleapis.com/candidate-thumbs/party/198.png", "CandididatePhoto": "https://storage.googleapis.com/candidate-thumbs/images/70-4-24.jpg"}, {"Unnamed: 0": 4918, "CandidateId": "01ccbbf8-9561-4d03-98b1-ffebf729a88d", "CandidateNo": 25, "FirstName": "ลัดดา", "LastName": "ไตรรัตน์รังษี", "PartyName": "ไทรักธรรม", "PartyNumber": 144, "Title": "นาง", "Votable": true, "province_id": 70, "province_name": "ราชบุรี", "zone_number": 4, "PartyTerminated": false, "Age": 71, "Occupation": "ธุรกิจส่วนตัว", "HighestEducation": "ต่ำกว่าปริญญาตรี", "ImageFileId": "5c5d4a17fbcb5f0fd886bd78", "SelfIntroduceFileId": "5c5d4c75fbcb5f0fd886d955", "PartyLogo": "https://storage.googleapis.com/candidate-thumbs/party/144.png", "CandididatePhoto": "https://storage.googleapis.com/candidate-thumbs/images/70-4-25.jpg"}]