[{"Unnamed: 0": 4813, "CandidateId": "6dc348ea-9608-46c3-8fcd-14e41478889a", "CandidateNo": 1, "FirstName": "รัฐภูมิ", "LastName": "โพธิ์ศรีดา", "PartyName": "ประชาภิวัฒน์", "PartyNumber": 172, "Title": "ร.ต.อ.", "Votable": true, "province_id": 70, "province_name": "ราชบุรี", "zone_number": 1, "PartyTerminated": false, "Age": 58, "Occupation": "ข้าราชการตำรวจ", "HighestEducation": "ปริญญาโท", "ImageFileId": "5c57a8e4fbcb5f1eec0ceeb5", "SelfIntroduceFileId": "5c57e1e7fbcb5f1eec0e290c", "PartyLogo": "https://storage.googleapis.com/candidate-thumbs/party/172.png", "CandididatePhoto": "https://storage.googleapis.com/candidate-thumbs/images/70-1-1.jpg"}, {"Unnamed: 0": 4814, "CandidateId": "3b5f825f-5657-4b33-b90e-9fdf44022879", "CandidateNo": 2, "FirstName": "ชญานี", "LastName": "เสือเดช", "PartyName": "เพื่อชาติ", "PartyNumber": 149, "Title": "นาง", "Votable": true, "province_id": 70, "province_name": "ราชบุรี", "zone_number": 1, "PartyTerminated": false, "Age": 41, "Occupation": "แม่บ้าน", "HighestEducation": "ต่ำกว่าปริญญาตรี", "ImageFileId": "5c57e7f8fbcb5f1eec0e5dd2", "SelfIntroduceFileId": "5c57e88ffbcb5f1eec0e62a6", "PartyLogo": "https://storage.googleapis.com/candidate-thumbs/party/149.png", "CandididatePhoto": "https://storage.googleapis.com/candidate-thumbs/images/70-1-2.jpg"}, {"Unnamed: 0": 4815, "CandidateId": "fd536f2b-219f-4009-bf35-9e3260058c4a", "CandidateNo": 3, "FirstName": "กัลยา", "LastName": "ศิริเนาวกุล", "PartyName": "ประชาธิปัตย์", "PartyNumber": 1, "Title": "นาง", "Votable": true, "province_id": 70, "province_name": "ราชบุรี", "zone_number": 1, "PartyTerminated": false, "Age": 54, "Occupation": "นักธุรกิจ", "HighestEducation": "ปริญญาโท", "ImageFileId": "5c57ec91fbcb5f1eec0e7f8a", "SelfIntroduceFileId": "5c57ed29fbcb5f1eec0e8779", "PartyLogo": "https://storage.googleapis.com/candidate-thumbs/party/1.png", "CandididatePhoto": "https://storage.googleapis.com/candidate-thumbs/images/70-1-3.jpg"}, {"Unnamed: 0": 4816, "CandidateId": "e557f0fb-6076-4339-82b5-d1215d84276d", "CandidateNo": 4, "FirstName": "วรเศรษฐ์", "LastName": "วสุวรเศรษฐ์", "PartyName": "รักษ์ผืนป่าประเทศไทย", "PartyNumber": 133, "Title": "พันโท", "Votable": true, "province_id": 70, "province_name": "ราชบุรี", "zone_number": 1, "PartyTerminated": false, "Age": 62, "Occupation": "ข้าราชการบำนาญ", "HighestEducation": "ปริญญาตรี", "ImageFileId": "5c57f0edfbcb5f1eec0eab00", "SelfIntroduceFileId": "5c57f196fbcb5f1eec0eb0b9", "PartyLogo": "https://storage.googleapis.com/candidate-thumbs/party/133.png", "CandididatePhoto": "https://storage.googleapis.com/candidate-thumbs/images/70-1-4.jpg"}, {"Unnamed: 0": 4817, "CandidateId": "0e102031-c047-4d12-b8c0-632c6756b3e6", "CandidateNo": 5, "FirstName": "ประวิทย์", "LastName": "ลิ้มเจริญ", "PartyName": "ไทยรักษาชาติ", "PartyNumber": 77, "Title": "นาย", "Votable": true, "province_id": 70, "province_name": "ราชบุรี", "zone_number": 1, "PartyTerminated": true, "Age": 59, "Occupation": "สื่อมวลชน", "HighestEducation": "ปริญญาโท", "ImageFileId": "5c57f2defbcb5f1eec0ebd45", "SelfIntroduceFileId": "5c58f206fbcb5f1d8813307d", "PartyLogo": "https://storage.googleapis.com/candidate-thumbs/party/77.png", "CandididatePhoto": "https://storage.googleapis.com/candidate-thumbs/images/70-1-5.jpg"}, {"Unnamed: 0": 4818, "CandidateId": "008f8d97-8a1c-447d-a966-e61329ce1710", "CandidateNo": 6, "FirstName": "วัณธ์เทวินทร", "LastName": "เศวตรฐนโภคิน", "PartyName": "เสรีรวมไทย", "PartyNumber": 145, "Title": "นาย", "Votable": true, "province_id": 70, "province_name": "ราชบุรี", "zone_number": 1, "PartyTerminated": false, "Age": 57, "Occupation": "รับราชการ", "HighestEducation": "ปริญญาตรี", "ImageFileId": "5c57f437fbcb5f1eec0ecb4c", "SelfIntroduceFileId": "5c58f4c1fbcb5f1d88134b13", "PartyLogo": "https://storage.googleapis.com/candidate-thumbs/party/145.png", "CandididatePhoto": "https://storage.googleapis.com/candidate-thumbs/images/70-1-6.jpg"}, {"Unnamed: 0": 4819, "CandidateId": "42b39d8b-4f4f-4da3-8371-914bcae7ced8", "CandidateNo": 7, "FirstName": "พนมกร", "LastName": "กิจโพธิญาณ", "PartyName": "ชาติพัฒนา", "PartyNumber": 45, "Title": "นาย", "Votable": true, "province_id": 70, "province_name": "ราชบุรี", "zone_number": 1, "PartyTerminated": false, "Age": 30, "Occupation": "ธุรกิจส่วนตัว", "HighestEducation": "ต่ำกว่าปริญญาตรี", "ImageFileId": "5c57fd05fbcb5f1eec0f336f", "SelfIntroduceFileId": "5c58f7b4fbcb5f1d88136c26", "PartyLogo": "https://storage.googleapis.com/candidate-thumbs/party/45.png", "CandididatePhoto": "https://storage.googleapis.com/candidate-thumbs/images/70-1-7.jpg"}, {"Unnamed: 0": 4820, "CandidateId": "7662bfe4-ff41-4fa4-b731-b232db8b96f9", "CandidateNo": 8, "FirstName": "เพียงเพ็ญ", "LastName": "ศักดิ์สมบูรณ์", "PartyName": "ภูมิใจไทย", "PartyNumber": 63, "Title": "นาง", "Votable": true, "province_id": 70, "province_name": "ราชบุรี", "zone_number": 1, "PartyTerminated": false, "Age": 56, "Occupation": "นักธุรกิจ", "HighestEducation": "ปริญญาโท", "ImageFileId": "5c57fd68fbcb5f1eec0f39ba", "SelfIntroduceFileId": "5c58f9defbcb5f1d881383fd", "PartyLogo": "https://storage.googleapis.com/candidate-thumbs/party/63.png", "CandididatePhoto": "https://storage.googleapis.com/candidate-thumbs/images/70-1-8.jpg"}, {"Unnamed: 0": 4821, "CandidateId": "79421405-2c43-488a-85c7-c406e3387a17", "CandidateNo": 9, "FirstName": "กุลวลี", "LastName": "นพอมรบดี", "PartyName": "พลังประชารัฐ", "PartyNumber": 192, "Title": "นางสาว", "Votable": true, "province_id": 70, "province_name": "ราชบุรี", "zone_number": 1, "PartyTerminated": false, "Age": 33, "Occupation": "ส.อบจ.ราชบุรี", "HighestEducation": "ปริญญาตรี", "ImageFileId": "5c57fd9efbcb5f1eec0f3d74", "SelfIntroduceFileId": "5c58ff2afbcb5f1d8813b6af", "PartyLogo": "https://storage.googleapis.com/candidate-thumbs/party/192.png", "CandididatePhoto": "https://storage.googleapis.com/candidate-thumbs/images/70-1-9.jpg"}, {"Unnamed: 0": 4822, "CandidateId": "c2e78450-764e-402f-aac1-aff0dc281921", "CandidateNo": 10, "FirstName": "กุลโรจน์", "LastName": "บุญเกิด", "PartyName": "ประชาชนปฏิรูป", "PartyNumber": 176, "Title": "นาย", "Votable": true, "province_id": 70, "province_name": "ราชบุรี", "zone_number": 1, "PartyTerminated": false, "Age": 62, "Occupation": "ุธุรกิจส่วนตัว", "HighestEducation": "ต่ำกว่าปริญญาตรี", "ImageFileId": "5c57fdd8fbcb5f1eec0f4076", "SelfIntroduceFileId": "5c590357fbcb5f1d8813ee3a", "PartyLogo": "https://storage.googleapis.com/candidate-thumbs/party/176.png", "CandididatePhoto": "https://storage.googleapis.com/candidate-thumbs/images/70-1-10.jpg"}, {"Unnamed: 0": 4823, "CandidateId": "a62241c5-2180-4831-86bc-71e3173c2b06", "CandidateNo": 11, "FirstName": "ยุทธพงศ์", "LastName": "พิณประภัศร์", "PartyName": "พลังธรรมใหม่", "PartyNumber": 175, "Title": "พ.อ.", "Votable": true, "province_id": 70, "province_name": "ราชบุรี", "zone_number": 1, "PartyTerminated": false, "Age": 68, "Occupation": "รับราชการ", "HighestEducation": "ปริญญาตรี", "ImageFileId": "5c57fe07fbcb5f1eec0f4279", "SelfIntroduceFileId": "5c59102efbcb5f1d88149c13", "PartyLogo": "https://storage.googleapis.com/candidate-thumbs/party/175.png", "CandididatePhoto": "https://storage.googleapis.com/candidate-thumbs/images/70-1-11.jpg"}, {"Unnamed: 0": 4824, "CandidateId": "0f92e91a-2a36-455b-bbbd-6ba80afd1336", "CandidateNo": 12, "FirstName": "สมพงค์", "LastName": "โซเซ็ง", "PartyName": "ประชานิยม", "PartyNumber": 191, "Title": "นาย", "Votable": true, "province_id": 70, "province_name": "ราชบุรี", "zone_number": 1, "PartyTerminated": false, "Age": 50, "Occupation": "เกษตรกร", "HighestEducation": "ปริญญาตรี", "ImageFileId": "5c57fe3dfbcb5f1eec0f45c9", "SelfIntroduceFileId": "5c591176fbcb5f1d8814af63", "PartyLogo": "https://storage.googleapis.com/candidate-thumbs/party/191.png", "CandididatePhoto": "https://storage.googleapis.com/candidate-thumbs/images/70-1-12.jpg"}, {"Unnamed: 0": 4825, "CandidateId": "cc420c2a-9cd3-4eed-bd04-a040a9ed3be2", "CandidateNo": 13, "FirstName": "วิรัตน์", "LastName": "เอกรุณ", "PartyName": "รวมพลังประชาชาติไทย", "PartyNumber": 181, "Title": "นาย", "Votable": true, "province_id": 70, "province_name": "ราชบุรี", "zone_number": 1, "PartyTerminated": false, "Age": 62, "Occupation": "ข้าราชบำนาญ", "HighestEducation": "ปริญญาโท", "ImageFileId": "5c57fe70fbcb5f1eec0f4787", "SelfIntroduceFileId": "5c5911fafbcb5f1d8814b59d", "PartyLogo": "https://storage.googleapis.com/candidate-thumbs/party/181.png", "CandididatePhoto": "https://storage.googleapis.com/candidate-thumbs/images/70-1-13.jpg"}, {"Unnamed: 0": 4826, "CandidateId": "eadbb031-8b04-4190-ac68-e528fc5bc5d3", "CandidateNo": 14, "FirstName": "ศรราม", "LastName": "พรหมากร", "PartyName": "อนาคตใหม่", "PartyNumber": 177, "Title": "นาย", "Votable": true, "province_id": 70, "province_name": "ราชบุรี", "zone_number": 1, "PartyTerminated": false, "Age": 25, "Occupation": "นักศึกษา", "HighestEducation": "ปริญญาตรี", "ImageFileId": "5c57fea3fbcb5f1eec0f4be0", "SelfIntroduceFileId": "5c5913c9fbcb5f1d8814ccb6", "PartyLogo": "https://storage.googleapis.com/candidate-thumbs/party/177.png", "CandididatePhoto": "https://storage.googleapis.com/candidate-thumbs/images/70-1-14.jpg"}, {"Unnamed: 0": 4827, "CandidateId": "3d19673a-1be6-4379-a272-b608c35d46a9", "CandidateNo": 15, "FirstName": "สม", "LastName": "อุตสาห์วัน", "PartyName": "พลังท้องถิ่นไท", "PartyNumber": 124, "Title": "นาย", "Votable": true, "province_id": 70, "province_name": "ราชบุรี", "zone_number": 1, "PartyTerminated": false, "Age": 58, "Occupation": "ธุรกิจส่วนตัว", "HighestEducation": "ต่ำกว่าปริญญาตรี", "ImageFileId": "5c57fedafbcb5f1eec0f4ec2", "SelfIntroduceFileId": "5c5918cdfbcb5f1d8814ff12", "PartyLogo": "https://storage.googleapis.com/candidate-thumbs/party/124.png", "CandididatePhoto": "https://storage.googleapis.com/candidate-thumbs/images/70-1-15.jpg"}, {"Unnamed: 0": 4828, "CandidateId": "599db744-926a-4eaf-a66c-18c36d71e223", "CandidateNo": 16, "FirstName": "โสภณ", "LastName": "ปภัสสรานนท์", "PartyName": "ไทยรุ่งเรือง", "PartyNumber": 194, "Title": "นาย", "Votable": true, "province_id": 70, "province_name": "ราชบุรี", "zone_number": 1, "PartyTerminated": false, "Age": 29, "Occupation": "ธุรกิจส่วนตัว", "HighestEducation": "ต่ำกว่าปริญญาตรี", "ImageFileId": "5c591c6efbcb5f1d8815195f", "SelfIntroduceFileId": "5c591ef5fbcb5f1d88152a9d", "PartyLogo": "https://storage.googleapis.com/candidate-thumbs/party/194.png", "CandididatePhoto": "https://storage.googleapis.com/candidate-thumbs/images/70-1-16.jpg"}, {"Unnamed: 0": 4829, "CandidateId": "6c2a4b1a-b4f2-4f50-bcaa-54b543f54596", "CandidateNo": 17, "FirstName": "วิเชียร", "LastName": "ชีนะ", "PartyName": "กรีน", "PartyNumber": 206, "Title": "นาย", "Votable": true, "province_id": 70, "province_name": "ราชบุรี", "zone_number": 1, "PartyTerminated": false, "Age": 62, "Occupation": "เกษตรกร", "HighestEducation": "ต่ำกว่าปริญญาตรี", "ImageFileId": "5c59287cfbcb5f1d88158c27", "SelfIntroduceFileId": "5c592d18fbcb5f1d8815d3ab", "PartyLogo": "https://storage.googleapis.com/candidate-thumbs/party/206.png", "CandididatePhoto": "https://storage.googleapis.com/candidate-thumbs/images/70-1-17.jpg"}, {"Unnamed: 0": 4830, "CandidateId": "f1419826-0aeb-446f-848e-b3e927794f3a", "CandidateNo": 18, "FirstName": "วราพงษ์", "LastName": "โพธิ์ทองคำ", "PartyName": "ชาติไทยพัฒนา", "PartyNumber": 55, "Title": "นาย", "Votable": true, "province_id": 70, "province_name": "ราชบุรี", "zone_number": 1, "PartyTerminated": false, "Age": 45, "Occupation": "พนักงานเอกชน", "HighestEducation": "ปริญญาตรี", "ImageFileId": "5c59491afbcb5f1d881759e2", "SelfIntroduceFileId": "5c5a65dafbcb5f19bca9dc59", "PartyLogo": "https://storage.googleapis.com/candidate-thumbs/party/55.png", "CandididatePhoto": "https://storage.googleapis.com/candidate-thumbs/images/70-1-18.jpg"}, {"Unnamed: 0": 4831, "CandidateId": "4e6c8724-608a-435e-8ecd-4e15c21aecd9", "CandidateNo": 19, "FirstName": "ธำรงค์", "LastName": "พานิชเจริญ", "PartyName": "ครูไทยเพื่อประชาชน", "PartyNumber": 118, "Title": "นาย", "Votable": true, "province_id": 70, "province_name": "ราชบุรี", "zone_number": 1, "PartyTerminated": false, "Age": 65, "Occupation": "ข้าราชการครู", "HighestEducation": "ปริญญาโท", "ImageFileId": "5c5bc7e6fbcb5f16fc6686f7", "SelfIntroduceFileId": "5c5bc939fbcb5f16fc668c54", "PartyLogo": "https://storage.googleapis.com/candidate-thumbs/party/118.png", "CandididatePhoto": "https://storage.googleapis.com/candidate-thumbs/images/70-1-19.jpg"}, {"Unnamed: 0": 4832, "CandidateId": "cceb916b-75fc-4431-9cbc-86576480eab6", "CandidateNo": 20, "FirstName": "กริษฐา", "LastName": "สุวรรณหงษ์", "PartyName": "ถิ่นกาขาวชาววิไล", "PartyNumber": 129, "Title": "นางสาว", "Votable": true, "province_id": 70, "province_name": "ราชบุรี", "zone_number": 1, "PartyTerminated": false, "Age": 39, "Occupation": "รับจ้างทั่วไป", "HighestEducation": "ต่ำกว่าปริญญาตรี", "ImageFileId": "5c5d34e3fbcb5f0fd885e91a", "SelfIntroduceFileId": "5c5d3d40fbcb5f0fd8862ef6", "PartyLogo": "https://storage.googleapis.com/candidate-thumbs/party/129.png", "CandididatePhoto": "https://storage.googleapis.com/candidate-thumbs/images/70-1-20.jpg"}, {"Unnamed: 0": 4833, "CandidateId": "075b09cc-ff98-4791-86fe-51def5019ce6", "CandidateNo": 21, "FirstName": "ชไมพร", "LastName": "พงษ์สุทัศน์", "PartyName": "พลังชาติไทย", "PartyNumber": 186, "Title": "นางสาว", "Votable": true, "province_id": 70, "province_name": "ราชบุรี", "zone_number": 1, "PartyTerminated": false, "Age": 61, "Occupation": "แม่บ้าน", "HighestEducation": "ต่ำกว่าปริญญาตรี", "ImageFileId": "5c5d3544fbcb5f0fd885ec89", "SelfIntroduceFileId": "5c5d3e1dfbcb5f0fd8863944", "PartyLogo": "https://storage.googleapis.com/candidate-thumbs/party/186.png", "CandididatePhoto": "https://storage.googleapis.com/candidate-thumbs/images/70-1-21.jpg"}, {"Unnamed: 0": 4834, "CandidateId": "b2e81965-269e-4783-8ec3-d91acabf954b", "CandidateNo": 22, "FirstName": "ประวิทย์", "LastName": "คงเพชร", "PartyName": "เศรษฐกิจใหม่", "PartyNumber": 193, "Title": "นาย", "Votable": true, "province_id": 70, "province_name": "ราชบุรี", "zone_number": 1, "PartyTerminated": false, "Age": 42, "Occupation": "รับจ้าง", "HighestEducation": "ต่ำกว่าปริญญาตรี", "ImageFileId": "5c5d35bafbcb5f0fd885f00a", "SelfIntroduceFileId": "5c5d3e8bfbcb5f0fd8863dab", "PartyLogo": "https://storage.googleapis.com/candidate-thumbs/party/193.png", "CandididatePhoto": "https://storage.googleapis.com/candidate-thumbs/images/70-1-22.jpg"}, {"Unnamed: 0": 4835, "CandidateId": "44957bec-b5d2-4038-a833-8b71d5e89cc7", "CandidateNo": 23, "FirstName": "เฉลียว", "LastName": "เพิ่มผล", "PartyName": "มหาชน", "PartyNumber": 4, "Title": "นาย", "Votable": true, "province_id": 70, "province_name": "ราชบุรี", "zone_number": 1, "PartyTerminated": false, "Age": 48, "Occupation": "ค้าขาย", "HighestEducation": "ต่ำกว่าปริญญาตรี", "ImageFileId": "5c5d3642fbcb5f0fd885f42a", "SelfIntroduceFileId": "5c5d3f31fbcb5f0fd8864425", "PartyLogo": "https://storage.googleapis.com/candidate-thumbs/party/4.png", "CandididatePhoto": "https://storage.googleapis.com/candidate-thumbs/images/70-1-23.jpg"}, {"Unnamed: 0": 4836, "CandidateId": "e625eebc-10a2-417f-a25b-a6483c29dadd", "CandidateNo": 24, "FirstName": "สุคุณวัต", "LastName": "ศรีอำไพวิวัฒน์", "PartyName": "แผ่นดินธรรม", "PartyNumber": 188, "Title": "นาย", "Votable": true, "province_id": 70, "province_name": "ราชบุรี", "zone_number": 1, "PartyTerminated": false, "Age": 28, "Occupation": "ธุรกิจส่วนตัว", "HighestEducation": "ปริญญาตรี", "ImageFileId": "5c5d39d4fbcb5f0fd8860f58", "SelfIntroduceFileId": "5c5d3fbcfbcb5f0fd8864a0a", "PartyLogo": "https://storage.googleapis.com/candidate-thumbs/party/188.png", "CandididatePhoto": "https://storage.googleapis.com/candidate-thumbs/images/70-1-24.jpg"}, {"Unnamed: 0": 4837, "CandidateId": "d29dd33a-f7a7-450e-9298-0c1ed35aefa5", "CandidateNo": 25, "FirstName": "ทรงเกียรติ", "LastName": "ไตรรัตน์รังษี", "PartyName": "ไทรักธรรม", "PartyNumber": 144, "Title": "นาย", "Votable": true, "province_id": 70, "province_name": "ราชบุรี", "zone_number": 1, "PartyTerminated": false, "Age": 38, "Occupation": "ธุรกิจส่วนตัว", "HighestEducation": "ปริญญาตรี", "ImageFileId": "5c5d4babfbcb5f0fd886d0eb", "SelfIntroduceFileId": "5c5d4d13fbcb5f0fd886de2d", "PartyLogo": "https://storage.googleapis.com/candidate-thumbs/party/144.png", "CandididatePhoto": "https://storage.googleapis.com/candidate-thumbs/images/70-1-25.jpg"}]