[{"Unnamed: 0": 3487, "CandidateId": "fefeed04-6eb5-47c5-9079-b9a96547425c", "CandidateNo": 1, "FirstName": "อัจฉรา", "LastName": "วรรณชาลี", "PartyName": "สังคมประชาธิปไตยไทย", "PartyNumber": 76, "Title": "นางสาว", "Votable": true, "province_id": 21, "province_name": "ระยอง", "zone_number": 4, "PartyTerminated": false, "Age": 35, "Occupation": "นักสหภาพแรงงาน", "HighestEducation": "ต่ำกว่าปริญญาตรี", "ImageFileId": "5c57cb1cfbcb5f1eec0dbd54", "SelfIntroduceFileId": "5c57cf7afbcb5f1eec0dcb9a", "PartyLogo": "https://storage.googleapis.com/candidate-thumbs/party/76.png", "CandididatePhoto": "https://storage.googleapis.com/candidate-thumbs/images/21-4-1.jpg"}, {"Unnamed: 0": 3488, "CandidateId": "aca1f3cd-3165-4b14-a8b7-e892b2b5cb36", "CandidateNo": 2, "FirstName": "มณฑล", "LastName": "โซ่เจริญธรรม", "PartyName": "รวมพลังประชาชาติไทย", "PartyNumber": 181, "Title": "นาย", "Votable": true, "province_id": 21, "province_name": "ระยอง", "zone_number": 4, "PartyTerminated": false, "Age": 60, "Occupation": "ครู-วิทยากร-รับจ้าง", "HighestEducation": "ปริญญาโท", "ImageFileId": "5c57cff4fbcb5f1eec0dccf1", "SelfIntroduceFileId": "5c57d307fbcb5f1eec0dd8f3", "PartyLogo": "https://storage.googleapis.com/candidate-thumbs/party/181.png", "CandididatePhoto": "https://storage.googleapis.com/candidate-thumbs/images/21-4-2.jpg"}, {"Unnamed: 0": 3489, "CandidateId": "6e47e111-ac04-4a39-815e-d44add095a84", "CandidateNo": 3, "FirstName": "อาทิตย์", "LastName": "เพ็ชรรัตน์", "PartyName": "ภูมิใจไทย", "PartyNumber": 63, "Title": "นาย", "Votable": true, "province_id": 21, "province_name": "ระยอง", "zone_number": 4, "PartyTerminated": false, "Age": 32, "Occupation": "ธุรกิจส่วนตัว", "HighestEducation": "ปริญญาเอก", "ImageFileId": "5c57f64cfbcb5f1eec0ee258", "SelfIntroduceFileId": "5c57fa09fbcb5f1eec0f0967", "PartyLogo": "https://storage.googleapis.com/candidate-thumbs/party/63.png", "CandididatePhoto": "https://storage.googleapis.com/candidate-thumbs/images/21-4-3.jpg"}, {"Unnamed: 0": 3490, "CandidateId": "00e2bad1-52b1-4998-be4a-08cc71430a8b", "CandidateNo": 4, "FirstName": "พัฒนพงศ์", "LastName": "หนูอุดม", "PartyName": "อนาคตใหม่", "PartyNumber": 177, "Title": "นาย", "Votable": true, "province_id": 21, "province_name": "ระยอง", "zone_number": 4, "PartyTerminated": false, "Age": 63, "Occupation": "ธุรกิจส่วนตัว", "HighestEducation": "ปริญญาโท", "ImageFileId": "5c57fa3ffbcb5f1eec0f0d19", "SelfIntroduceFileId": "5c57fb7ffbcb5f1eec0f1b64", "PartyLogo": "https://storage.googleapis.com/candidate-thumbs/party/177.png", "CandididatePhoto": "https://storage.googleapis.com/candidate-thumbs/images/21-4-4.jpg"}, {"Unnamed: 0": 3491, "CandidateId": "895af4b6-0410-4e11-9657-13d958df59c2", "CandidateNo": 5, "FirstName": "พีราวิชญ์", "LastName": "ธนสิทธิ์ภัทรภณ", "PartyName": "เสรีรวมไทย", "PartyNumber": 145, "Title": "นาย", "Votable": true, "province_id": 21, "province_name": "ระยอง", "zone_number": 4, "PartyTerminated": false, "Age": 52, "Occupation": "ค้าขาย", "HighestEducation": "ต่ำกว่าปริญญาตรี", "ImageFileId": "5c57fba9fbcb5f1eec0f1df7", "SelfIntroduceFileId": "5c57fd47fbcb5f1eec0f378b", "PartyLogo": "https://storage.googleapis.com/candidate-thumbs/party/145.png", "CandididatePhoto": "https://storage.googleapis.com/candidate-thumbs/images/21-4-5.jpg"}, {"Unnamed: 0": 3492, "CandidateId": "c6097e9e-8aec-4a91-b091-94362bec591e", "CandidateNo": 6, "FirstName": "อุทาน", "LastName": "มูลสาร", "PartyName": "เพื่อชาติ", "PartyNumber": 149, "Title": "นาย", "Votable": true, "province_id": 21, "province_name": "ระยอง", "zone_number": 4, "PartyTerminated": false, "Age": 47, "Occupation": "รับเหมางานติดตั้งระบบไฟฟ้า", "HighestEducation": "ต่ำกว่าปริญญาตรี", "ImageFileId": "5c57fd7afbcb5f1eec0f3b16", "SelfIntroduceFileId": "5c57ff28fbcb5f1eec0f5224", "PartyLogo": "https://storage.googleapis.com/candidate-thumbs/party/149.png", "CandididatePhoto": "https://storage.googleapis.com/candidate-thumbs/images/21-4-6.jpg"}, {"Unnamed: 0": 3493, "CandidateId": "c1b817c0-23fc-41ad-865b-c263f476845e", "CandidateNo": 7, "FirstName": "สมพงษ์", "LastName": "โสภณ", "PartyName": "พลังประชารัฐ", "PartyNumber": 192, "Title": "นาย", "Votable": true, "province_id": 21, "province_name": "ระยอง", "zone_number": 4, "PartyTerminated": false, "Age": 52, "Occupation": "รับเหมาก่อสร้าง", "HighestEducation": "ปริญญาโท", "ImageFileId": "5c57ff9ffbcb5f1eec0f56a6", "SelfIntroduceFileId": "5c580117fbcb5f1eec0f691a", "PartyLogo": "https://storage.googleapis.com/candidate-thumbs/party/192.png", "CandididatePhoto": "https://storage.googleapis.com/candidate-thumbs/images/21-4-7.jpg"}, {"Unnamed: 0": 3494, "CandidateId": "4956736b-ebd5-4fda-a9ad-68110216634a", "CandidateNo": 8, "FirstName": "กิตติ", "LastName": "เกียรติ์มนตรี", "PartyName": "ประชาธิปัตย์", "PartyNumber": 1, "Title": "นาย", "Votable": true, "province_id": 21, "province_name": "ระยอง", "zone_number": 4, "PartyTerminated": false, "Age": 47, "Occupation": "รองนายกองค์การบริหารส่วนจังหวัดระยอง", "HighestEducation": "ปริญญาโท", "ImageFileId": "5c58014cfbcb5f1eec0f6cf5", "SelfIntroduceFileId": "5c5802ccfbcb5f1eec0f8537", "PartyLogo": "https://storage.googleapis.com/candidate-thumbs/party/1.png", "CandididatePhoto": "https://storage.googleapis.com/candidate-thumbs/images/21-4-8.jpg"}, {"Unnamed: 0": 3495, "CandidateId": "06da7ff7-241e-401a-bc23-354277dbfad1", "CandidateNo": 9, "FirstName": "จงรักษ์", "LastName": "ทรงบัณดิษฐ", "PartyName": "พลังท้องถิ่นไท", "PartyNumber": 124, "Title": "นาย", "Votable": true, "province_id": 21, "province_name": "ระยอง", "zone_number": 4, "PartyTerminated": false, "Age": 39, "Occupation": "รับจ้าง", "HighestEducation": "ต่ำกว่าปริญญาตรี", "ImageFileId": "5c58ee53fbcb5f1d88131196", "SelfIntroduceFileId": "5c58efdefbcb5f1d88131d17", "PartyLogo": "https://storage.googleapis.com/candidate-thumbs/party/124.png", "CandididatePhoto": "https://storage.googleapis.com/candidate-thumbs/images/21-4-9.jpg"}, {"Unnamed: 0": 3496, "CandidateId": "a263cb01-785d-4a32-8a47-5d02d0ec88ab", "CandidateNo": 10, "FirstName": "สุรินทร์", "LastName": "เปาอินทร์", "PartyName": "เพื่อไทย", "PartyNumber": 34, "Title": "นาย", "Votable": true, "province_id": 21, "province_name": "ระยอง", "zone_number": 4, "PartyTerminated": false, "Age": 60, "Occupation": "สมาชิกองค์การบริหารส่วนจังหวัดระยอง", "HighestEducation": "ต่ำกว่าปริญญาตรี", "ImageFileId": "5c58f160fbcb5f1d88132bc7", "SelfIntroduceFileId": "5c58f38efbcb5f1d88134081", "PartyLogo": "https://storage.googleapis.com/candidate-thumbs/party/34.png", "CandididatePhoto": "https://storage.googleapis.com/candidate-thumbs/images/21-4-10.jpg"}, {"Unnamed: 0": 3497, "CandidateId": "5de8ace5-20f3-4f91-9c6a-e7bf2a2dcca0", "CandidateNo": 11, "FirstName": "จรูญ", "LastName": "ภาคมฤกษ์", "PartyName": "ไทยศรีวิไลย์", "PartyNumber": 180, "Title": "นาย", "Votable": true, "province_id": 21, "province_name": "ระยอง", "zone_number": 4, "PartyTerminated": false, "Age": 61, "Occupation": "ข้าราชการตำรวจ", "HighestEducation": "ต่ำกว่าปริญญาตรี", "ImageFileId": "5c58f3befbcb5f1d881342df", "SelfIntroduceFileId": "5c58f54bfbcb5f1d881350cc", "PartyLogo": "https://storage.googleapis.com/candidate-thumbs/party/180.png", "CandididatePhoto": "https://storage.googleapis.com/candidate-thumbs/images/21-4-11.jpg"}, {"Unnamed: 0": 3498, "CandidateId": "743095bc-2f97-47cd-b35a-462f319f9019", "CandidateNo": 12, "FirstName": "ดาวธง", "LastName": "เผือกพิพัฒน์", "PartyName": "ชาติไทยพัฒนา", "PartyNumber": 55, "Title": "นาย", "Votable": true, "province_id": 21, "province_name": "ระยอง", "zone_number": 4, "PartyTerminated": false, "Age": 66, "Occupation": "สื่อสารมวลชน", "HighestEducation": "ต่ำกว่าปริญญาตรี", "ImageFileId": "5c58f581fbcb5f1d88135354", "SelfIntroduceFileId": "5c58f699fbcb5f1d88135e11", "PartyLogo": "https://storage.googleapis.com/candidate-thumbs/party/55.png", "CandididatePhoto": "https://storage.googleapis.com/candidate-thumbs/images/21-4-12.jpg"}, {"Unnamed: 0": 3499, "CandidateId": "4d42494f-eecf-430c-8d04-d2753e9fde6a", "CandidateNo": 13, "FirstName": "รอฮีม", "LastName": "พัดเย็นใจ", "PartyName": "รักษ์ผืนป่าประเทศไทย", "PartyNumber": 133, "Title": "นาย", "Votable": true, "province_id": 21, "province_name": "ระยอง", "zone_number": 4, "PartyTerminated": false, "Age": 59, "Occupation": "ธุรกิจส่วนตัว", "HighestEducation": "ต่ำกว่าปริญญาตรี", "ImageFileId": "5c58f6d4fbcb5f1d88136245", "SelfIntroduceFileId": "5c58f7cdfbcb5f1d88136c91", "PartyLogo": "https://storage.googleapis.com/candidate-thumbs/party/133.png", "CandididatePhoto": "https://storage.googleapis.com/candidate-thumbs/images/21-4-13.jpg"}, {"Unnamed: 0": 3500, "CandidateId": "53e1545c-7f83-47c2-adae-ec90cfca9353", "CandidateNo": 14, "FirstName": "พิรานันท์", "LastName": "บุญธาราม", "PartyName": "เศรษฐกิจใหม่", "PartyNumber": 193, "Title": "นางสาว", "Votable": true, "province_id": 21, "province_name": "ระยอง", "zone_number": 4, "PartyTerminated": false, "Age": 54, "Occupation": "ธุรกิจส่วนตัว", "HighestEducation": "ต่ำกว่าปริญญาตรี", "ImageFileId": "5c58f808fbcb5f1d88136ecf", "SelfIntroduceFileId": "5c58f9dbfbcb5f1d881383cb", "PartyLogo": "https://storage.googleapis.com/candidate-thumbs/party/193.png", "CandididatePhoto": "https://storage.googleapis.com/candidate-thumbs/images/21-4-14.jpg"}, {"Unnamed: 0": 3501, "CandidateId": "f66afb24-f213-44ca-86ab-0033837331e8", "CandidateNo": 15, "FirstName": "ดำรงค์", "LastName": "ปฎิสังข์", "PartyName": "ประชาภิวัฒน์", "PartyNumber": 172, "Title": "นาย", "Votable": true, "province_id": 21, "province_name": "ระยอง", "zone_number": 4, "PartyTerminated": false, "Age": 48, "Occupation": "ธุรกิจส่วนตัว", "HighestEducation": "ต่ำกว่าปริญญาตรี", "ImageFileId": "5c59075efbcb5f1d8814200c", "SelfIntroduceFileId": "5c590863fbcb5f1d88142a67", "PartyLogo": "https://storage.googleapis.com/candidate-thumbs/party/172.png", "CandididatePhoto": "https://storage.googleapis.com/candidate-thumbs/images/21-4-15.jpg"}, {"Unnamed: 0": 3502, "CandidateId": "a9e94063-885a-4c0b-90d2-8158137a53d2", "CandidateNo": 16, "FirstName": "กิจดี", "LastName": "อริพ่าย", "PartyName": "ประชานิยม", "PartyNumber": 191, "Title": "นาย", "Votable": true, "province_id": 21, "province_name": "ระยอง", "zone_number": 4, "PartyTerminated": false, "Age": 56, "Occupation": "รับจ้าง", "HighestEducation": "ต่ำกว่าปริญญาตรี", "ImageFileId": "5c593c73fbcb5f1d8816a91c", "SelfIntroduceFileId": "5c5951b9fbcb5f1d8817c849", "PartyLogo": "https://storage.googleapis.com/candidate-thumbs/party/191.png", "CandididatePhoto": "https://storage.googleapis.com/candidate-thumbs/images/21-4-16.jpg"}, {"Unnamed: 0": 3503, "CandidateId": "f68db037-b701-4dfa-b182-1d474c690507", "CandidateNo": 17, "FirstName": "สุณี", "LastName": "ศรีวิจิตร์", "PartyName": "ประชาธิปไตยใหม่", "PartyNumber": 109, "Title": "นางสาว", "Votable": true, "province_id": 21, "province_name": "ระยอง", "zone_number": 4, "PartyTerminated": false, "Age": 53, "Occupation": "ประมงพื้นบ้าน", "HighestEducation": "ต่ำกว่าปริญญาตรี", "ImageFileId": "5c59409cfbcb5f1d8816e231", "SelfIntroduceFileId": "5c595225fbcb5f1d8817cc07", "PartyLogo": "https://storage.googleapis.com/candidate-thumbs/party/109.png", "CandididatePhoto": "https://storage.googleapis.com/candidate-thumbs/images/21-4-17.jpg"}, {"Unnamed: 0": 3504, "CandidateId": "18e44225-df69-4811-a9ba-2ccdeef3c154", "CandidateNo": 18, "FirstName": "ชีวภัทร", "LastName": "ภูษณะภัทระ", "PartyName": "พลังปวงชนไทย", "PartyNumber": 184, "Title": "นาย", "Votable": true, "province_id": 21, "province_name": "ระยอง", "zone_number": 4, "PartyTerminated": false, "Age": 51, "Occupation": "ธุรกิจส่วนตัว", "HighestEducation": "ต่ำกว่าปริญญาตรี", "ImageFileId": "5c5a4905fbcb5f19bca8e722", "SelfIntroduceFileId": "5c5a4aeffbcb5f19bca8f6c7", "PartyLogo": "https://storage.googleapis.com/candidate-thumbs/party/184.png", "CandididatePhoto": "https://storage.googleapis.com/candidate-thumbs/images/21-4-18.jpg"}, {"Unnamed: 0": 3505, "CandidateId": "f2100a75-b241-44bd-8893-74fe8f04a5de", "CandidateNo": 19, "FirstName": "ธรณ์พัฒน์", "LastName": "รัตนานุสรณ์", "PartyName": "พลเมืองไทย", "PartyNumber": 173, "Title": "นาย", "Votable": true, "province_id": 21, "province_name": "ระยอง", "zone_number": 4, "PartyTerminated": false, "Age": 65, "Occupation": "ข้าราชครู", "HighestEducation": "ปริญญาตรี", "ImageFileId": "5c5a6c39fbcb5f19bca9f9d8", "SelfIntroduceFileId": "5c5a6dc4fbcb5f19bca9ff94", "PartyLogo": "https://storage.googleapis.com/candidate-thumbs/party/173.png", "CandididatePhoto": "https://storage.googleapis.com/candidate-thumbs/images/21-4-19.jpg"}, {"Unnamed: 0": 3506, "CandidateId": "bf1d5505-aabf-4532-b343-0bd90a8be77b", "CandidateNo": 20, "FirstName": "สมเกียรติ", "LastName": "พุทธสุวรรณ์", "PartyName": "ประชาไทย", "PartyNumber": 205, "Title": "นาย", "Votable": true, "province_id": 21, "province_name": "ระยอง", "zone_number": 4, "PartyTerminated": false, "Age": 61, "Occupation": "รับราชการ", "HighestEducation": "ปริญญาโท", "ImageFileId": "5c5a95a8fbcb5f19bcab04fc", "SelfIntroduceFileId": "5c5a96d0fbcb5f19bcab0a79", "PartyLogo": "https://storage.googleapis.com/candidate-thumbs/party/205.png", "CandididatePhoto": "https://storage.googleapis.com/candidate-thumbs/images/21-4-20.jpg"}, {"Unnamed: 0": 3507, "CandidateId": "b44d64f7-41ee-4542-8fd4-17d0fed33d4d", "CandidateNo": 21, "FirstName": "วรพรรณ", "LastName": "ตั้งทวีสุโข", "PartyName": "ประชาชนปฏิรูป", "PartyNumber": 176, "Title": "นางสาว", "Votable": true, "province_id": 21, "province_name": "ระยอง", "zone_number": 4, "PartyTerminated": false, "Age": 57, "Occupation": "ค้าขาย", "HighestEducation": "ต่ำกว่าปริญญาตรี", "ImageFileId": "5c5a9bd8fbcb5f19bcab2c71", "SelfIntroduceFileId": "5c5a9cbafbcb5f19bcab3182", "PartyLogo": "https://storage.googleapis.com/candidate-thumbs/party/176.png", "CandididatePhoto": "https://storage.googleapis.com/candidate-thumbs/images/21-4-21.jpg"}, {"Unnamed: 0": 3508, "CandidateId": "456fbb80-f773-4091-a2d6-00e7ebf30441", "CandidateNo": 22, "FirstName": "พงษ์ฤทธิ์", "LastName": "สะเดาทอง", "PartyName": "ครูไทยเพื่อประชาชน", "PartyNumber": 118, "Title": "นาย", "Votable": true, "province_id": 21, "province_name": "ระยอง", "zone_number": 4, "PartyTerminated": false, "Age": 44, "Occupation": "พนักงานประจำโรงงาน", "HighestEducation": "ต่ำกว่าปริญญาตรี", "ImageFileId": "5c5ba13ffbcb5f16fc658ae2", "SelfIntroduceFileId": "5c5ba298fbcb5f16fc6594cf", "PartyLogo": "https://storage.googleapis.com/candidate-thumbs/party/118.png", "CandididatePhoto": "https://storage.googleapis.com/candidate-thumbs/images/21-4-22.jpg"}, {"Unnamed: 0": 3509, "CandidateId": "918a2cdb-ebfe-42f1-9499-8c141088a749", "CandidateNo": 23, "FirstName": "สุกรี", "LastName": "เจริญกิจ", "PartyName": "พลังชาติไทย", "PartyNumber": 186, "Title": "นาย", "Votable": true, "province_id": 21, "province_name": "ระยอง", "zone_number": 4, "PartyTerminated": false, "Age": 68, "Occupation": "ข้าราชการบำนาญ", "HighestEducation": "ต่ำกว่าปริญญาตรี", "ImageFileId": "5c5ce286fbcb5f16fc68a298", "SelfIntroduceFileId": "5c5ce775fbcb5f16fc68ba92", "PartyLogo": "https://storage.googleapis.com/candidate-thumbs/party/186.png", "CandididatePhoto": "https://storage.googleapis.com/candidate-thumbs/images/21-4-23.jpg"}, {"Unnamed: 0": 3510, "CandidateId": "42395474-d405-4796-b6ce-343f2f1fde7a", "CandidateNo": 24, "FirstName": "เสาวณีย์", "LastName": "พบขุนทด", "PartyName": "มหาชน", "PartyNumber": 4, "Title": "นาง", "Votable": true, "province_id": 21, "province_name": "ระยอง", "zone_number": 4, "PartyTerminated": false, "Age": 38, "Occupation": "พนักงานบริษัท", "HighestEducation": "ปริญญาตรี", "ImageFileId": "5c5d2317fbcb5f0fd885594c", "SelfIntroduceFileId": "5c5d28d1fbcb5f0fd88584f4", "PartyLogo": "https://storage.googleapis.com/candidate-thumbs/party/4.png", "CandididatePhoto": "https://storage.googleapis.com/candidate-thumbs/images/21-4-24.jpg"}, {"Unnamed: 0": 3511, "CandidateId": "bae84b7a-091f-4af8-b82a-9e0c74d4acf9", "CandidateNo": 25, "FirstName": "ภัทรานิษฐ์", "LastName": "เต็มสิริธนรัฐ", "PartyName": "ประชาธรรมไทย", "PartyNumber": 190, "Title": "นาง", "Votable": true, "province_id": 21, "province_name": "ระยอง", "zone_number": 4, "PartyTerminated": false, "Age": 46, "Occupation": "ธุรกิจส่วนตัว", "HighestEducation": "ต่ำกว่าปริญญาตรี", "ImageFileId": "5c5d23c2fbcb5f0fd8855c7f", "SelfIntroduceFileId": "5c5d2d22fbcb5f0fd885a84d", "PartyLogo": "https://storage.googleapis.com/candidate-thumbs/party/190.png", "CandididatePhoto": "https://storage.googleapis.com/candidate-thumbs/images/21-4-25.jpg"}, {"Unnamed: 0": 3512, "CandidateId": "e1a28122-163f-4220-b1dd-94d0e2c5557a", "CandidateNo": 26, "FirstName": "พรทิพย์", "LastName": "รักษากิจ", "PartyName": "ไทรักธรรม", "PartyNumber": 144, "Title": "นางสาว", "Votable": true, "province_id": 21, "province_name": "ระยอง", "zone_number": 4, "PartyTerminated": false, "Age": 50, "Occupation": "แม่บ้าน", "HighestEducation": "ต่ำกว่าปริญญาตรี", "ImageFileId": "5c5d4766fbcb5f0fd8869b0c", "SelfIntroduceFileId": "5c5d50fcfbcb5f0fd887064b", "PartyLogo": "https://storage.googleapis.com/candidate-thumbs/party/144.png", "CandididatePhoto": "https://storage.googleapis.com/candidate-thumbs/images/21-4-26.jpg"}, {"Unnamed: 0": 3513, "CandidateId": "9a8dc3fc-c9bc-4199-b63f-84f10c341c7f", "CandidateNo": 27, "FirstName": "กฤษณา", "LastName": "อุดมเจริญ", "PartyName": "มติประชา", "PartyNumber": 171, "Title": "นางสาว", "Votable": true, "province_id": 21, "province_name": "ระยอง", "zone_number": 4, "PartyTerminated": false, "Age": 47, "Occupation": "รับจ้าง", "HighestEducation": "ต่ำกว่าปริญญาตรี", "ImageFileId": "5c5d4fddfbcb5f0fd886fa9c", "SelfIntroduceFileId": "5c5d5150fbcb5f0fd8870963", "PartyLogo": "https://storage.googleapis.com/candidate-thumbs/party/171.png", "CandididatePhoto": "https://storage.googleapis.com/candidate-thumbs/images/21-4-27.jpg"}]