[{"Unnamed: 0": 109, "CandidateId": "427a53d1-6b38-47e9-861c-73cd4920b232", "CandidateNo": 1, "FirstName": "ปรมินทร์", "LastName": "จอมเทพมาลา", "PartyName": "กรีน", "PartyNumber": 206, "Title": "นาย", "Votable": true, "province_id": 85, "province_name": "ระนอง", "zone_number": 1, "PartyTerminated": false, "Age": 46, "Occupation": "เกษตรกร", "HighestEducation": "ต่ำกว่าปริญญาตรี", "ImageFileId": "5c5815a8fbcb5f1eec105deb", "SelfIntroduceFileId": "5c5d62e6fbcb5f0fd887c3c7", "PartyLogo": "https://storage.googleapis.com/candidate-thumbs/party/206.png", "CandididatePhoto": "https://storage.googleapis.com/candidate-thumbs/images/85-1-1.jpg"}, {"Unnamed: 0": 110, "CandidateId": "67661a28-90ac-4b7c-9ec6-79b345f83633", "CandidateNo": 2, "FirstName": "บุญยัง", "LastName": "คุ้มเพชร", "PartyName": "ชาติพัฒนา", "PartyNumber": 45, "Title": "นาย", "Votable": true, "province_id": 85, "province_name": "ระนอง", "zone_number": 1, "PartyTerminated": false, "Age": 51, "Occupation": "ทำสวน", "HighestEducation": "ต่ำกว่าปริญญาตรี", "ImageFileId": "5c5816b4fbcb5f1eec10661d", "SelfIntroduceFileId": "5c5d61b8fbcb5f0fd887bbf2", "PartyLogo": "https://storage.googleapis.com/candidate-thumbs/party/45.png", "CandididatePhoto": "https://storage.googleapis.com/candidate-thumbs/images/85-1-2.jpg"}, {"Unnamed: 0": 111, "CandidateId": "cd3c3d1c-4ea7-41d1-9f3b-345202380088", "CandidateNo": 3, "FirstName": "คงกฤษ", "LastName": "ฉัตรมาลีรัตน์", "PartyName": "ภูมิใจไทย", "PartyNumber": 63, "Title": "นาย", "Votable": true, "province_id": 85, "province_name": "ระนอง", "zone_number": 1, "PartyTerminated": false, "Age": 45, "Occupation": "นายกองค์การบริหารส่วนจังหวัดระนอง(นักการเมืองท้องถิ่น)", "HighestEducation": "ปริญญาโท", "ImageFileId": "5c5816effbcb5f1eec1067d9", "SelfIntroduceFileId": "5c58f9d4fbcb5f1d88138385", "PartyLogo": "https://storage.googleapis.com/candidate-thumbs/party/63.png", "CandididatePhoto": "https://storage.googleapis.com/candidate-thumbs/images/85-1-3.jpg"}, {"Unnamed: 0": 112, "CandidateId": "79734b4b-b09f-46fd-8702-34231b3dc919", "CandidateNo": 4, "FirstName": "ยืนยง", "LastName": "นุ่นลอย", "PartyName": "รักษ์ผืนป่าประเทศไทย", "PartyNumber": 133, "Title": "นาย", "Votable": true, "province_id": 85, "province_name": "ระนอง", "zone_number": 1, "PartyTerminated": false, "Age": 46, "Occupation": "เกษตรกร(วนเกษตร)", "HighestEducation": "ปริญญาตรี", "ImageFileId": "5c58172cfbcb5f1eec106a16", "SelfIntroduceFileId": "5c5a96c1fbcb5f19bcab09c1", "PartyLogo": "https://storage.googleapis.com/candidate-thumbs/party/133.png", "CandididatePhoto": "https://storage.googleapis.com/candidate-thumbs/images/85-1-4.jpg"}, {"Unnamed: 0": 113, "CandidateId": "c47e5fe1-ece2-4849-9515-609e6d7d6066", "CandidateNo": 5, "FirstName": "ประโมทย์", "LastName": "เทพนุรักษ์", "PartyName": "เสรีรวมไทย", "PartyNumber": 145, "Title": "นาย", "Votable": true, "province_id": 85, "province_name": "ระนอง", "zone_number": 1, "PartyTerminated": false, "Age": 58, "Occupation": "เกษตรกร(อาจารย์พิเศษ)", "HighestEducation": "ปริญญาโท", "ImageFileId": "5c58175ffbcb5f1eec106b90", "SelfIntroduceFileId": "5c5905edfbcb5f1d881409e4", "PartyLogo": "https://storage.googleapis.com/candidate-thumbs/party/145.png", "CandididatePhoto": "https://storage.googleapis.com/candidate-thumbs/images/85-1-5.jpg"}, {"Unnamed: 0": 114, "CandidateId": "7bbd637e-36e5-4889-8df4-8ec99ae04e70", "CandidateNo": 6, "FirstName": "สายัณห์", "LastName": "วรวิสุทธิ์", "PartyName": "อนาคตใหม่", "PartyNumber": 177, "Title": "นาย", "Votable": true, "province_id": 85, "province_name": "ระนอง", "zone_number": 1, "PartyTerminated": false, "Age": 46, "Occupation": "เกษตรกร,ธุรกิจส่วนตัว,ภาคประชาสังคม", "HighestEducation": "ปริญญาตรี", "ImageFileId": "5c581798fbcb5f1eec106d9b", "SelfIntroduceFileId": "5c5a8a0bfbcb5f19bcaaafcd", "PartyLogo": "https://storage.googleapis.com/candidate-thumbs/party/177.png", "CandididatePhoto": "https://storage.googleapis.com/candidate-thumbs/images/85-1-6.jpg"}, {"Unnamed: 0": 115, "CandidateId": "30d7dbb9-ebf4-4fb9-a9ae-8df1b21b1297", "CandidateNo": 7, "FirstName": "ชยพล", "LastName": "บัวดิษ", "PartyName": "ประชาชาติ", "PartyNumber": 187, "Title": "นาย", "Votable": true, "province_id": 85, "province_name": "ระนอง", "zone_number": 1, "PartyTerminated": false, "Age": 59, "Occupation": "รับราชการ ตำแหน่งรองผู้อำนวยการสำนักงานเขตพื้นที่การศึกษาประถมศึกษาระนอง", "HighestEducation": "ปริญญาเอก", "ImageFileId": "5c5817d0fbcb5f1eec107053", "SelfIntroduceFileId": "5c5a9082fbcb5f19bcaae164", "PartyLogo": "https://storage.googleapis.com/candidate-thumbs/party/187.png", "CandididatePhoto": "https://storage.googleapis.com/candidate-thumbs/images/85-1-7.jpg"}, {"Unnamed: 0": 116, "CandidateId": "35f6bd20-0eff-475f-861f-344ab5d5170b", "CandidateNo": 8, "FirstName": "เผด็จ", "LastName": "จันทร์บูรณะศิริ", "PartyName": "รวมพลังประชาชาติไทย", "PartyNumber": 181, "Title": "นาย", "Votable": true, "province_id": 85, "province_name": "ระนอง", "zone_number": 1, "PartyTerminated": false, "Age": 48, "Occupation": "ธุรกิจส่วนตัว", "HighestEducation": "ต่ำกว่าปริญญาตรี", "ImageFileId": "5c581803fbcb5f1eec1070f2", "SelfIntroduceFileId": "5c590dd8fbcb5f1d88147aa9", "PartyLogo": "https://storage.googleapis.com/candidate-thumbs/party/181.png", "CandididatePhoto": "https://storage.googleapis.com/candidate-thumbs/images/85-1-8.jpg"}, {"Unnamed: 0": 117, "CandidateId": "d433d5f9-c36b-4d8d-b7d6-c058f5fa6e5e", "CandidateNo": 9, "FirstName": "นิพนธ์", "LastName": "ช่วยบรรจง", "PartyName": "คลองไทย", "PartyNumber": 189, "Title": "นาย", "Votable": true, "province_id": 85, "province_name": "ระนอง", "zone_number": 1, "PartyTerminated": false, "Age": 53, "Occupation": "เกษตร(ประธานคณะทรัพยากรธรรมชาติ)", "HighestEducation": "ต่ำกว่าปริญญาตรี", "ImageFileId": "5c58183cfbcb5f1eec1071d0", "SelfIntroduceFileId": "5c5a9e17fbcb5f19bcab3c9e", "PartyLogo": "https://storage.googleapis.com/candidate-thumbs/party/189.png", "CandididatePhoto": "https://storage.googleapis.com/candidate-thumbs/images/85-1-9.jpg"}, {"Unnamed: 0": 118, "CandidateId": "dd5e62e1-81dc-4c27-b8ed-4974c07c004a", "CandidateNo": 10, "FirstName": "อาณัติ", "LastName": "เอี่ยวภู่", "PartyName": "พลังปวงชนไทย", "PartyNumber": 184, "Title": "นาย", "Votable": true, "province_id": 85, "province_name": "ระนอง", "zone_number": 1, "PartyTerminated": false, "Age": 40, "Occupation": "เจ้าหน้าที่ฝ่ายขาย บ.สยามมีฟแพ็คเกจจิ้ง", "HighestEducation": "ปริญญาตรี", "ImageFileId": "5c581b04fbcb5f1eec1082b5", "SelfIntroduceFileId": "5c592e0cfbcb5f1d8815e308", "PartyLogo": "https://storage.googleapis.com/candidate-thumbs/party/184.png", "CandididatePhoto": "https://storage.googleapis.com/candidate-thumbs/images/85-1-10.jpg"}, {"Unnamed: 0": 119, "CandidateId": "a476d84e-6435-47ed-a0eb-7861df67ec6e", "CandidateNo": 11, "FirstName": "รังสรรค์", "LastName": "ศิริรังษี", "PartyName": "ไทยรักษาชาติ", "PartyNumber": 77, "Title": "พลตรี", "Votable": true, "province_id": 85, "province_name": "ระนอง", "zone_number": 1, "PartyTerminated": true, "Age": 64, "Occupation": "รับราชการ", "HighestEducation": "ปริญญาตรี", "ImageFileId": "5c581bb3fbcb5f1eec10848d", "SelfIntroduceFileId": "5c5d0c91fbcb5f0fd884de3f", "PartyLogo": "https://storage.googleapis.com/candidate-thumbs/party/77.png", "CandididatePhoto": "https://storage.googleapis.com/candidate-thumbs/images/85-1-11.jpg"}, {"Unnamed: 0": 120, "CandidateId": "229f06fc-8479-438b-9387-20ba73cc5357", "CandidateNo": 12, "FirstName": "พงศกร", "LastName": "พรหมสุวรรณ", "PartyName": "พลังประชารัฐ", "PartyNumber": 192, "Title": "นาย", "Votable": true, "province_id": 85, "province_name": "ระนอง", "zone_number": 1, "PartyTerminated": false, "Age": 51, "Occupation": "ทนายความ", "HighestEducation": "ปริญญาโท", "ImageFileId": "5c581bf4fbcb5f1eec108539", "SelfIntroduceFileId": "5c5d0d4dfbcb5f0fd884e207", "PartyLogo": "https://storage.googleapis.com/candidate-thumbs/party/192.png", "CandididatePhoto": "https://storage.googleapis.com/candidate-thumbs/images/85-1-12.jpg"}, {"Unnamed: 0": 121, "CandidateId": "1d103cf6-0464-4ba7-8ef4-fb5661f02ae1", "CandidateNo": 13, "FirstName": "สุไหรหมาน", "LastName": "บรรจบ", "PartyName": "ประชาภิวัฒน์", "PartyNumber": 172, "Title": "นาย", "Votable": true, "province_id": 85, "province_name": "ระนอง", "zone_number": 1, "PartyTerminated": false, "Age": 53, "Occupation": "ธุรกิจส่วนตัว", "HighestEducation": "ต่ำกว่าปริญญาตรี", "ImageFileId": "5c581c47fbcb5f1eec1086cf", "SelfIntroduceFileId": "5c593553fbcb5f1d881646da", "PartyLogo": "https://storage.googleapis.com/candidate-thumbs/party/172.png", "CandididatePhoto": "https://storage.googleapis.com/candidate-thumbs/images/85-1-13.jpg"}, {"Unnamed: 0": 122, "CandidateId": "48ef1c46-c22c-423e-ab20-3bcb9a842492", "CandidateNo": 14, "FirstName": "วิรัช", "LastName": "ร่มเย็น", "PartyName": "ประชาธิปัตย์", "PartyNumber": 1, "Title": "นาย", "Votable": true, "province_id": 85, "province_name": "ระนอง", "zone_number": 1, "PartyTerminated": false, "Age": 63, "Occupation": "นักการเมือง", "HighestEducation": "ปริญญาตรี", "ImageFileId": "5c581c74fbcb5f1eec1087ad", "SelfIntroduceFileId": "5c593723fbcb5f1d88166069", "PartyLogo": "https://storage.googleapis.com/candidate-thumbs/party/1.png", "CandididatePhoto": "https://storage.googleapis.com/candidate-thumbs/images/85-1-14.jpg"}, {"Unnamed: 0": 123, "CandidateId": "5d3169e7-7647-49c2-a120-cd55a719cd3f", "CandidateNo": 15, "FirstName": "พิชิต", "LastName": "สุนทร", "PartyName": "เพื่อชาติ", "PartyNumber": 149, "Title": "พันตำรวจโท", "Votable": true, "province_id": 85, "province_name": "ระนอง", "zone_number": 1, "PartyTerminated": false, "Age": 60, "Occupation": "ข้าราชการตำรวจ", "HighestEducation": "ปริญญาตรี", "ImageFileId": "5c581ca8fbcb5f1eec1088d4", "SelfIntroduceFileId": "5c5938a2fbcb5f1d88167836", "PartyLogo": "https://storage.googleapis.com/candidate-thumbs/party/149.png", "CandididatePhoto": "https://storage.googleapis.com/candidate-thumbs/images/85-1-15.jpg"}, {"Unnamed: 0": 124, "CandidateId": "3450a81d-a8a4-43f6-a4a0-035dd7400125", "CandidateNo": 16, "FirstName": "คะนอง", "LastName": "เนาว์สุวรรณ", "PartyName": "ประชานิยม", "PartyNumber": 191, "Title": "พันตำรวจเอก", "Votable": true, "province_id": 85, "province_name": "ระนอง", "zone_number": 1, "PartyTerminated": false, "Age": 62, "Occupation": "ข้าราชการตำรวจ", "HighestEducation": "ปริญญาตรี", "ImageFileId": "5c581ce6fbcb5f1eec108a39", "SelfIntroduceFileId": "5c593a5bfbcb5f1d881690a1", "PartyLogo": "https://storage.googleapis.com/candidate-thumbs/party/191.png", "CandididatePhoto": "https://storage.googleapis.com/candidate-thumbs/images/85-1-16.jpg"}, {"Unnamed: 0": 125, "CandidateId": "5ac51f76-9a92-44a8-8322-9fa983d60e48", "CandidateNo": 17, "FirstName": "สราวุฒิ", "LastName": "แผ่นมณี", "PartyName": "พลังท้องถิ่นไท", "PartyNumber": 124, "Title": "นาย", "Votable": true, "province_id": 85, "province_name": "ระนอง", "zone_number": 1, "PartyTerminated": false, "Age": 39, "Occupation": "ธุรกิจส่วนตัว", "HighestEducation": "ต่ำกว่าปริญญาตรี", "ImageFileId": "5c581d99fbcb5f1eec108d01", "SelfIntroduceFileId": "5c593becfbcb5f1d8816a384", "PartyLogo": "https://storage.googleapis.com/candidate-thumbs/party/124.png", "CandididatePhoto": "https://storage.googleapis.com/candidate-thumbs/images/85-1-17.jpg"}, {"Unnamed: 0": 126, "CandidateId": "d8d7c7e3-dac6-413f-8b5b-b6576582684f", "CandidateNo": 18, "FirstName": "นาวิน", "LastName": "พยัฆยุทธิ์", "PartyName": "เศรษฐกิจใหม่", "PartyNumber": 193, "Title": "พันตำรวจโท", "Votable": true, "province_id": 85, "province_name": "ระนอง", "zone_number": 1, "PartyTerminated": false, "Age": 58, "Occupation": "รับราชการตำรวจ", "HighestEducation": "ปริญญาตรี", "ImageFileId": "5c581e5dfbcb5f1eec10909e", "SelfIntroduceFileId": "5c593dd8fbcb5f1d8816bce9", "PartyLogo": "https://storage.googleapis.com/candidate-thumbs/party/193.png", "CandididatePhoto": "https://storage.googleapis.com/candidate-thumbs/images/85-1-18.jpg"}, {"Unnamed: 0": 127, "CandidateId": "29726059-0f53-4e0b-b8ca-89a0f645d448", "CandidateNo": 19, "FirstName": "อรุณ", "LastName": "ศิริคณินทร์", "PartyName": "ชาติไทยพัฒนา", "PartyNumber": 55, "Title": "พันตำรวจโท", "Votable": true, "province_id": 85, "province_name": "ระนอง", "zone_number": 1, "PartyTerminated": false, "Age": 67, "Occupation": "ข้าราชการบำนาญ", "HighestEducation": "ปริญญาตรี", "ImageFileId": "5c581ec3fbcb5f1eec1092fc", "SelfIntroduceFileId": "5c593efdfbcb5f1d8816cd81", "PartyLogo": "https://storage.googleapis.com/candidate-thumbs/party/55.png", "CandididatePhoto": "https://storage.googleapis.com/candidate-thumbs/images/85-1-19.jpg"}, {"Unnamed: 0": 128, "CandidateId": "aaead810-3b96-45d0-86ce-27f0eb7c2a73", "CandidateNo": 20, "FirstName": "มอฮัมหมาด", "LastName": "มาโนต", "PartyName": "พลังธรรมใหม่", "PartyNumber": 175, "Title": "นาย", "Votable": true, "province_id": 85, "province_name": "ระนอง", "zone_number": 1, "PartyTerminated": false, "Age": 26, "Occupation": "รับจ้าง", "HighestEducation": "ต่ำกว่าปริญญาตรี", "ImageFileId": "5c581efbfbcb5f1eec109460", "SelfIntroduceFileId": "5c594039fbcb5f1d8816dc55", "PartyLogo": "https://storage.googleapis.com/candidate-thumbs/party/175.png", "CandididatePhoto": "https://storage.googleapis.com/candidate-thumbs/images/85-1-20.jpg"}, {"Unnamed: 0": 129, "CandidateId": "fcf022e7-23aa-4142-b6c3-e27605a49646", "CandidateNo": 21, "FirstName": "สุจินดา", "LastName": "ดิษขนาน", "PartyName": "ประชาชนปฏิรูป", "PartyNumber": 176, "Title": "นางสาว", "Votable": true, "province_id": 85, "province_name": "ระนอง", "zone_number": 1, "PartyTerminated": false, "Age": 48, "Occupation": "รับจ้าง", "HighestEducation": "ต่ำกว่าปริญญาตรี", "ImageFileId": "5c5b93affbcb5f16fc653cc1", "SelfIntroduceFileId": "5c5b95a1fbcb5f16fc6544ff", "PartyLogo": "https://storage.googleapis.com/candidate-thumbs/party/176.png", "CandididatePhoto": "https://storage.googleapis.com/candidate-thumbs/images/85-1-21.jpg"}, {"Unnamed: 0": 130, "CandidateId": "3084b3e9-fa76-4f8c-b0e3-120474bb0dba", "CandidateNo": 22, "FirstName": "อัมพร", "LastName": "น้ำจันทร์", "PartyName": "พลังไทสร้างชาติ", "PartyNumber": 200, "Title": "นาย", "Votable": true, "province_id": 85, "province_name": "ระนอง", "zone_number": 1, "PartyTerminated": false, "Age": 51, "Occupation": "เกษตกร", "HighestEducation": "ปริญญาตรี", "ImageFileId": "5c5bad98fbcb5f16fc65e059", "SelfIntroduceFileId": "5c5bb6c3fbcb5f16fc663035", "PartyLogo": "https://storage.googleapis.com/candidate-thumbs/party/200.png", "CandididatePhoto": "https://storage.googleapis.com/candidate-thumbs/images/85-1-22.jpg"}, {"Unnamed: 0": 131, "CandidateId": "b4c69b49-8c02-41f9-934f-51dfb87e1b9e", "CandidateNo": 23, "FirstName": "พิทยา", "LastName": "แท่นแก้ว", "PartyName": "พลังไทยรักชาติ", "PartyNumber": 155, "Title": "นาย", "Votable": true, "province_id": 85, "province_name": "ระนอง", "zone_number": 1, "PartyTerminated": false, "Age": 45, "Occupation": "ค้าขาย", "HighestEducation": "ต่ำกว่าปริญญาตรี", "ImageFileId": "5c5bd2bcfbcb5f16fc66d1ca", "SelfIntroduceFileId": "5c5bd455fbcb5f16fc66dd07", "PartyLogo": "https://storage.googleapis.com/candidate-thumbs/party/155.png", "CandididatePhoto": "https://storage.googleapis.com/candidate-thumbs/images/85-1-23.jpg"}, {"Unnamed: 0": 132, "CandidateId": "c95eae07-3cf5-4cc7-8066-dd762cb7a631", "CandidateNo": 24, "FirstName": "อนุวัฒน์", "LastName": "จันทรัตน์", "PartyName": "พลังไทยรักไทย", "PartyNumber": 185, "Title": "นาย", "Votable": true, "province_id": 85, "province_name": "ระนอง", "zone_number": 1, "PartyTerminated": false, "Age": 39, "Occupation": "ธุรกิจส่วนตัว", "HighestEducation": "ต่ำกว่าปริญญาตรี", "ImageFileId": "5c5bd6edfbcb5f16fc66ef32", "SelfIntroduceFileId": "5c5bd889fbcb5f16fc66fcea", "PartyLogo": "https://storage.googleapis.com/candidate-thumbs/party/185.png", "CandididatePhoto": "https://storage.googleapis.com/candidate-thumbs/images/85-1-24.jpg"}, {"Unnamed: 0": 133, "CandidateId": "2ecc04a0-d1a9-4ae7-9fbd-3120f85e9d00", "CandidateNo": 25, "FirstName": "วิไลลักษณ์", "LastName": "แฝงกระโทก", "PartyName": "ภาคีเครือข่ายไทย", "PartyNumber": 211, "Title": "นาง", "Votable": true, "province_id": 85, "province_name": "ระนอง", "zone_number": 1, "PartyTerminated": false, "Age": 58, "Occupation": "ธุรกิจส่วนตัว", "HighestEducation": "ต่ำกว่าปริญญาตรี", "ImageFileId": "5c5d2b8dfbcb5f0fd8859b7f", "SelfIntroduceFileId": "5c5d2e63fbcb5f0fd885b5b2", "PartyLogo": "https://storage.googleapis.com/candidate-thumbs/party/211.png", "CandididatePhoto": "https://storage.googleapis.com/candidate-thumbs/images/85-1-25.jpg"}, {"Unnamed: 0": 134, "CandidateId": "77723678-e155-4d21-8223-21b5dbe6c708", "CandidateNo": 26, "FirstName": "อัคคพร", "LastName": "เศษยา", "PartyName": "มหาชน", "PartyNumber": 4, "Title": "นาย", "Votable": true, "province_id": 85, "province_name": "ระนอง", "zone_number": 1, "PartyTerminated": false, "Age": 30, "Occupation": "วิศวกร", "HighestEducation": "ปริญญาตรี", "ImageFileId": "5c5d4bbafbcb5f0fd886d183", "SelfIntroduceFileId": "5c5d4ee7fbcb5f0fd886efdc", "PartyLogo": "https://storage.googleapis.com/candidate-thumbs/party/4.png", "CandididatePhoto": "https://storage.googleapis.com/candidate-thumbs/images/85-1-26.jpg"}, {"Unnamed: 0": 135, "CandidateId": "4475d512-2566-4b4d-aec1-becfd5685b6c", "CandidateNo": 27, "FirstName": "ดาลี่", "LastName": "นายาว", "PartyName": "ไทรักธรรม", "PartyNumber": 144, "Title": "นาย", "Votable": true, "province_id": 85, "province_name": "ระนอง", "zone_number": 1, "PartyTerminated": false, "Age": 59, "Occupation": "ทำสวน", "HighestEducation": "ต่ำกว่าปริญญาตรี", "ImageFileId": "5c5d4f6afbcb5f0fd886f59c", "SelfIntroduceFileId": "5c5d519ffbcb5f0fd8870c08", "PartyLogo": "https://storage.googleapis.com/candidate-thumbs/party/144.png", "CandididatePhoto": "https://storage.googleapis.com/candidate-thumbs/images/85-1-27.jpg"}, {"Unnamed: 0": 136, "CandidateId": "daca560f-4d29-483e-93f6-aeb660e51b0d", "CandidateNo": 28, "FirstName": "โกเมนทร์", "LastName": "เพชรภู่", "PartyName": "พลังชาติไทย", "PartyNumber": 186, "Title": "นาย", "Votable": true, "province_id": 85, "province_name": "ระนอง", "zone_number": 1, "PartyTerminated": false, "Age": 64, "Occupation": "วิสาหกิจชุมชนรีไซเคิ้ล", "HighestEducation": "ปริญญาโท", "ImageFileId": "5c5d60cefbcb5f0fd887b537", "SelfIntroduceFileId": "5c5d65c8fbcb5f0fd887d87a", "PartyLogo": "https://storage.googleapis.com/candidate-thumbs/party/186.png", "CandididatePhoto": "https://storage.googleapis.com/candidate-thumbs/images/85-1-28.jpg"}]