[{"Unnamed: 0": 6338, "CandidateId": "e9a29c55-dcb5-45aa-88e1-7229fc8ef2f9", "CandidateNo": 1, "FirstName": "อนุรักษ์", "LastName": "จุรีมาศ", "PartyName": "ชาติไทยพัฒนา", "PartyNumber": 55, "Title": "นาย", "Votable": true, "province_id": 45, "province_name": "ร้อยเอ็ด", "zone_number": 1, "PartyTerminated": false, "Age": 58, "Occupation": "นักการเมือง", "HighestEducation": "ปริญญาตรี", "ImageFileId": "5c5aa21dfbcb5f19bcab574a", "SelfIntroduceFileId": "5c58430efbcb5f1eec10d7fe", "PartyLogo": "https://storage.googleapis.com/candidate-thumbs/party/55.png", "CandididatePhoto": "https://storage.googleapis.com/candidate-thumbs/images/45-1-1.jpg"}, {"Unnamed: 0": 6339, "CandidateId": "6b0ff2e0-e501-495e-91ac-e9d65261f8d4", "CandidateNo": 2, "FirstName": "ถนอมรัฐ", "LastName": "ชลอเลิศ", "PartyName": "ประชาชนปฏิรูป", "PartyNumber": 176, "Title": "นาย", "Votable": true, "province_id": 45, "province_name": "ร้อยเอ็ด", "zone_number": 1, "PartyTerminated": false, "Age": 65, "Occupation": "ข้าราชการบำนาญ", "HighestEducation": "ปริญญาโท", "ImageFileId": "5c57e2dcfbcb5f1eec0e2fa0", "SelfIntroduceFileId": "5c584814fbcb5f1eec10d94e", "PartyLogo": "https://storage.googleapis.com/candidate-thumbs/party/176.png", "CandididatePhoto": "https://storage.googleapis.com/candidate-thumbs/images/45-1-2.jpg"}, {"Unnamed: 0": 6340, "CandidateId": "39509876-2da9-45ef-84cf-6071f4b28db0", "CandidateNo": 3, "FirstName": "สานิต", "LastName": "ว่องสัธนพงษ์", "PartyName": "พลังประชารัฐ", "PartyNumber": 192, "Title": "นาย", "Votable": true, "province_id": 45, "province_name": "ร้อยเอ็ด", "zone_number": 1, "PartyTerminated": false, "Age": 73, "Occupation": "นักการเมือง", "HighestEducation": "ปริญญาโท", "ImageFileId": "5c57e48cfbcb5f1eec0e3cb4", "SelfIntroduceFileId": "5c58502dfbcb5f1eec10dac1", "PartyLogo": "https://storage.googleapis.com/candidate-thumbs/party/192.png", "CandididatePhoto": "https://storage.googleapis.com/candidate-thumbs/images/45-1-3.jpg"}, {"Unnamed: 0": 6341, "CandidateId": "af830308-a0d0-4ec1-925d-1aa703c40917", "CandidateNo": 4, "FirstName": "ณรงค์", "LastName": "ประดับสุข", "PartyName": "ภูมิใจไทย", "PartyNumber": 63, "Title": "นาย", "Votable": true, "province_id": 45, "province_name": "ร้อยเอ็ด", "zone_number": 1, "PartyTerminated": false, "Age": 39, "Occupation": "ทนายความ", "HighestEducation": "ปริญญาโท", "ImageFileId": "5c57e63cfbcb5f1eec0e4be6", "SelfIntroduceFileId": "5c5852d9fbcb5f1eec10dba0", "PartyLogo": "https://storage.googleapis.com/candidate-thumbs/party/63.png", "CandididatePhoto": "https://storage.googleapis.com/candidate-thumbs/images/45-1-4.jpg"}, {"Unnamed: 0": 6342, "CandidateId": "f2178332-aaf0-4622-8431-c4f6ee3c2cf0", "CandidateNo": 5, "FirstName": "วิชาญ", "LastName": "บุตรสอน", "PartyName": "รักษ์ผืนป่าประเทศไทย", "PartyNumber": 133, "Title": "นาย", "Votable": true, "province_id": 45, "province_name": "ร้อยเอ็ด", "zone_number": 1, "PartyTerminated": false, "Age": 46, "Occupation": "รับจ้างทั่วไป", "HighestEducation": "ต่ำกว่าปริญญาตรี", "ImageFileId": "5c57e76dfbcb5f1eec0e57f2", "SelfIntroduceFileId": "5c585eb6fbcb5f1eec10dd81", "PartyLogo": "https://storage.googleapis.com/candidate-thumbs/party/133.png", "CandididatePhoto": "https://storage.googleapis.com/candidate-thumbs/images/45-1-5.jpg"}, {"Unnamed: 0": 6343, "CandidateId": "160999c8-a46c-4281-a31f-acfc4357d0f0", "CandidateNo": 6, "FirstName": "อุบล", "LastName": "แก้วประสาน", "PartyName": "ประชาชาติ", "PartyNumber": 187, "Title": "นาย", "Votable": true, "province_id": 45, "province_name": "ร้อยเอ็ด", "zone_number": 1, "PartyTerminated": false, "Age": 56, "Occupation": "เกษตรกร", "HighestEducation": "ต่ำกว่าปริญญาตรี", "ImageFileId": "5c57e889fbcb5f1eec0e6229", "SelfIntroduceFileId": "5c58666afbcb5f1eec10df66", "PartyLogo": "https://storage.googleapis.com/candidate-thumbs/party/187.png", "CandididatePhoto": "https://storage.googleapis.com/candidate-thumbs/images/45-1-6.jpg"}, {"Unnamed: 0": 6344, "CandidateId": "e589e5c8-a2b1-4e82-b956-60121a79183c", "CandidateNo": 7, "FirstName": "สายันต์", "LastName": "อินสอน", "PartyName": "เศรษฐกิจใหม่", "PartyNumber": 193, "Title": "นาย", "Votable": true, "province_id": 45, "province_name": "ร้อยเอ็ด", "zone_number": 1, "PartyTerminated": false, "Age": 60, "Occupation": "เกษตรกร", "HighestEducation": "ปริญญาตรี", "ImageFileId": "5c57e9c4fbcb5f1eec0e6a72", "SelfIntroduceFileId": "5c586b08fbcb5f1eec10dfda", "PartyLogo": "https://storage.googleapis.com/candidate-thumbs/party/193.png", "CandididatePhoto": "https://storage.googleapis.com/candidate-thumbs/images/45-1-7.jpg"}, {"Unnamed: 0": 6345, "CandidateId": "6790829c-01c6-4f11-a60b-7088e43b3f68", "CandidateNo": 8, "FirstName": "บรรจง", "LastName": "สาวิสิทธิ์", "PartyName": "พลังท้องถิ่นไท", "PartyNumber": 124, "Title": "นาย", "Votable": true, "province_id": 45, "province_name": "ร้อยเอ็ด", "zone_number": 1, "PartyTerminated": false, "Age": 54, "Occupation": "ผู้จัดการศูนย์ OTOP อบจ.ร้อยเอ็ด", "HighestEducation": "ปริญญาตรี", "ImageFileId": "5c57eba5fbcb5f1eec0e78b9", "SelfIntroduceFileId": "5c5871f3fbcb5f1eec10e058", "PartyLogo": "https://storage.googleapis.com/candidate-thumbs/party/124.png", "CandididatePhoto": "https://storage.googleapis.com/candidate-thumbs/images/45-1-8.jpg"}, {"Unnamed: 0": 6346, "CandidateId": "ae05ac1a-2dae-4d77-bcbd-d8bcedcdc597", "CandidateNo": 9, "FirstName": "เดชอนันต์", "LastName": "ญาตินิยม", "PartyName": "พลังธรรมใหม่", "PartyNumber": 175, "Title": "นาย", "Votable": true, "province_id": 45, "province_name": "ร้อยเอ็ด", "zone_number": 1, "PartyTerminated": false, "Age": 62, "Occupation": "ข้าราชการบำนาญ ทนายความ", "HighestEducation": "ปริญญาโท", "ImageFileId": "5c57ec81fbcb5f1eec0e7e93", "SelfIntroduceFileId": "5c58774bfbcb5f1eec10e0b5", "PartyLogo": "https://storage.googleapis.com/candidate-thumbs/party/175.png", "CandididatePhoto": "https://storage.googleapis.com/candidate-thumbs/images/45-1-9.jpg"}, {"Unnamed: 0": 6347, "CandidateId": "9fdf75b0-f5f0-4f1a-9313-9a7bfb177650", "CandidateNo": 10, "FirstName": "ภูธเนศ", "LastName": "โพธิประสิทธิ์", "PartyName": "ไทยธรรม", "PartyNumber": 178, "Title": "นาย", "Votable": true, "province_id": 45, "province_name": "ร้อยเอ็ด", "zone_number": 1, "PartyTerminated": false, "Age": 47, "Occupation": "ค้าขาย", "HighestEducation": "ต่ำกว่าปริญญาตรี", "ImageFileId": "5c57ee81fbcb5f1eec0e94fe", "SelfIntroduceFileId": "5c587e31fbcb5f29e843a1ba", "PartyLogo": "https://storage.googleapis.com/candidate-thumbs/party/178.png", "CandididatePhoto": "https://storage.googleapis.com/candidate-thumbs/images/45-1-10.jpg"}, {"Unnamed: 0": 6348, "CandidateId": "5678d576-0dfb-445b-b867-4f9cc2b31795", "CandidateNo": 11, "FirstName": "บุญยัง", "LastName": "ถินคำเชิด", "PartyName": "ประชาภิวัฒน์", "PartyNumber": 172, "Title": "นาย", "Votable": false, "province_id": 45, "province_name": "ร้อยเอ็ด", "zone_number": 1, "PartyTerminated": false, "Age": 62, "Occupation": "ผู้อำนวยการสถานศึกษา", "HighestEducation": "ปริญญาโท", "ImageFileId": "5c57ef73fbcb5f1eec0e9db6", "SelfIntroduceFileId": "5c588525fbcb5f29e843a225", "PartyLogo": "https://storage.googleapis.com/candidate-thumbs/party/172.png", "CandididatePhoto": "https://storage.googleapis.com/candidate-thumbs/images/45-1-11.jpg"}, {"Unnamed: 0": 6349, "CandidateId": "a4eb8271-dba0-4c3a-94f6-147f985c3310", "CandidateNo": 12, "FirstName": "จำลอง", "LastName": "การะดี", "PartyName": "เพื่อนไทย", "PartyNumber": 179, "Title": "นาย", "Votable": false, "province_id": 45, "province_name": "ร้อยเอ็ด", "zone_number": 1, "PartyTerminated": false, "Age": 67, "Occupation": "ข้าราชการบำนาญ", "HighestEducation": "ปริญญาโท", "ImageFileId": "5c57f0f5fbcb5f1eec0eab3a", "SelfIntroduceFileId": "5c588d57fbcb5f29e843a28b", "PartyLogo": "https://storage.googleapis.com/candidate-thumbs/party/179.png", "CandididatePhoto": "https://storage.googleapis.com/candidate-thumbs/images/45-1-12.jpg"}, {"Unnamed: 0": 6350, "CandidateId": "465294dc-2c3b-4929-870e-4ebf1e4ecd26", "CandidateNo": 13, "FirstName": "พงศกรณ์", "LastName": "ตั้งกิตติ์ตระกูล", "PartyName": "เสรีรวมไทย", "PartyNumber": 145, "Title": "นาย", "Votable": true, "province_id": 45, "province_name": "ร้อยเอ็ด", "zone_number": 1, "PartyTerminated": false, "Age": 43, "Occupation": "ทนายความ", "HighestEducation": "ปริญญาตรี", "ImageFileId": "5c57f252fbcb5f1eec0eb8d3", "SelfIntroduceFileId": "5c5894eefbcb5f29e843a337", "PartyLogo": "https://storage.googleapis.com/candidate-thumbs/party/145.png", "CandididatePhoto": "https://storage.googleapis.com/candidate-thumbs/images/45-1-13.jpg"}, {"Unnamed: 0": 6351, "CandidateId": "6b33c506-8e88-4d72-8660-e445a0028371", "CandidateNo": 14, "FirstName": "วราวงษ์", "LastName": "พันธุ์ศิลา", "PartyName": "เพื่อไทย", "PartyNumber": 34, "Title": "นาย", "Votable": true, "province_id": 45, "province_name": "ร้อยเอ็ด", "zone_number": 1, "PartyTerminated": false, "Age": 57, "Occupation": "ทนายความ นักกาเรมือง", "HighestEducation": "ปริญญาโท", "ImageFileId": "5c57f379fbcb5f1eec0ec34d", "SelfIntroduceFileId": "5c58f944fbcb5f1d88137d59", "PartyLogo": "https://storage.googleapis.com/candidate-thumbs/party/34.png", "CandididatePhoto": "https://storage.googleapis.com/candidate-thumbs/images/45-1-14.jpg"}, {"Unnamed: 0": 6352, "CandidateId": "04883f8d-42d4-46e5-b78b-217d8dec7e6c", "CandidateNo": 15, "FirstName": "ราชวัติ", "LastName": "อัคเสริญ", "PartyName": "ประชาไทย", "PartyNumber": 205, "Title": "พันโท", "Votable": false, "province_id": 45, "province_name": "ร้อยเอ็ด", "zone_number": 1, "PartyTerminated": false, "Age": 60, "Occupation": "รับราชการ", "HighestEducation": "ปริญญาตรี", "ImageFileId": "5c57f4f4fbcb5f1eec0ed22d", "SelfIntroduceFileId": "5c590585fbcb5f1d881404d2", "PartyLogo": "https://storage.googleapis.com/candidate-thumbs/party/205.png", "CandididatePhoto": "https://storage.googleapis.com/candidate-thumbs/images/45-1-15.jpg"}, {"Unnamed: 0": 6353, "CandidateId": "a881e54e-8ff7-4763-b33f-43d10c15e69c", "CandidateNo": 16, "FirstName": "จำรัส", "LastName": "สารจันทร์", "PartyName": "ประชานิยม", "PartyNumber": 191, "Title": "ร้อยตรี", "Votable": true, "province_id": 45, "province_name": "ร้อยเอ็ด", "zone_number": 1, "PartyTerminated": false, "Age": 58, "Occupation": "ข้าราชการบำนาญ", "HighestEducation": "ปริญญาตรี", "ImageFileId": "5c57f616fbcb5f1eec0ee06f", "SelfIntroduceFileId": "5c590c37fbcb5f1d8814631c", "PartyLogo": "https://storage.googleapis.com/candidate-thumbs/party/191.png", "CandididatePhoto": "https://storage.googleapis.com/candidate-thumbs/images/45-1-16.jpg"}, {"Unnamed: 0": 6354, "CandidateId": "af4186cb-7858-4334-8fc3-9966a2c9f78f", "CandidateNo": 17, "FirstName": "นภาพร", "LastName": "พวงช้อย", "PartyName": "ประชาธิปัตย์", "PartyNumber": 1, "Title": "นางสาว", "Votable": true, "province_id": 45, "province_name": "ร้อยเอ็ด", "zone_number": 1, "PartyTerminated": false, "Age": 61, "Occupation": "ทนายความ", "HighestEducation": "ปริญญาโท", "ImageFileId": "5c57f87cfbcb5f1eec0ef654", "SelfIntroduceFileId": "5c5913ebfbcb5f1d8814ce9f", "PartyLogo": "https://storage.googleapis.com/candidate-thumbs/party/1.png", "CandididatePhoto": "https://storage.googleapis.com/candidate-thumbs/images/45-1-17.jpg"}, {"Unnamed: 0": 6355, "CandidateId": "1845ae1a-4d4f-481c-8b18-47fb6dbd560c", "CandidateNo": 18, "FirstName": "ธนกฤต", "LastName": "ชาติอนุลักษณ์", "PartyName": "รวมพลังประชาชาติไทย", "PartyNumber": 181, "Title": "นาย", "Votable": true, "province_id": 45, "province_name": "ร้อยเอ็ด", "zone_number": 1, "PartyTerminated": false, "Age": 38, "Occupation": "นักธุรกิจ", "HighestEducation": "ปริญญาตรี", "ImageFileId": "5c57f9fefbcb5f1eec0f0878", "SelfIntroduceFileId": "5c592d01fbcb5f1d8815d23a", "PartyLogo": "https://storage.googleapis.com/candidate-thumbs/party/181.png", "CandididatePhoto": "https://storage.googleapis.com/candidate-thumbs/images/45-1-18.jpg"}, {"Unnamed: 0": 6356, "CandidateId": "d10c6eb7-bca0-4430-b598-0a63e1ba6d93", "CandidateNo": 19, "FirstName": "วีระศักดิ์", "LastName": "แสงสว่าง", "PartyName": "เพื่อชาติ", "PartyNumber": 149, "Title": "นาย", "Votable": true, "province_id": 45, "province_name": "ร้อยเอ็ด", "zone_number": 1, "PartyTerminated": false, "Age": 69, "Occupation": "ข้าราชการบำาญ", "HighestEducation": "ปริญญาตรี", "ImageFileId": "5c57fb15fbcb5f1eec0f1677", "SelfIntroduceFileId": "5c5930cdfbcb5f1d88160bb2", "PartyLogo": "https://storage.googleapis.com/candidate-thumbs/party/149.png", "CandididatePhoto": "https://storage.googleapis.com/candidate-thumbs/images/45-1-19.jpg"}, {"Unnamed: 0": 6357, "CandidateId": "bd070859-1b2a-458f-9f5d-4f14ce04d4ae", "CandidateNo": 20, "FirstName": "พิเชฐ", "LastName": "บุญชุม", "PartyName": "ประชาธรรมไทย", "PartyNumber": 190, "Title": "นาย", "Votable": true, "province_id": 45, "province_name": "ร้อยเอ็ด", "zone_number": 1, "PartyTerminated": false, "Age": 68, "Occupation": "ข้าราชการบำนาญ", "HighestEducation": "ปริญญาโท", "ImageFileId": "5c593bdafbcb5f1d8816a29b", "SelfIntroduceFileId": "5c59986cfbcb5f1d881865db", "PartyLogo": "https://storage.googleapis.com/candidate-thumbs/party/190.png", "CandididatePhoto": "https://storage.googleapis.com/candidate-thumbs/images/45-1-20.jpg"}, {"Unnamed: 0": 6358, "CandidateId": "e9f99a72-b370-4567-97bd-0df233b6ff46", "CandidateNo": 21, "FirstName": "พงศ์พันธุ์", "LastName": "ซาเหลา", "PartyName": "ชาติพัฒนา", "PartyNumber": 45, "Title": "นาย", "Votable": true, "province_id": 45, "province_name": "ร้อยเอ็ด", "zone_number": 1, "PartyTerminated": false, "Age": 34, "Occupation": "ทนายความ", "HighestEducation": "ปริญญาโท", "ImageFileId": "5c593d60fbcb5f1d8816b609", "SelfIntroduceFileId": "5c59a18cfbcb5f1d881869c1", "PartyLogo": "https://storage.googleapis.com/candidate-thumbs/party/45.png", "CandididatePhoto": "https://storage.googleapis.com/candidate-thumbs/images/45-1-21.jpg"}, {"Unnamed: 0": 6359, "CandidateId": "2ad8909a-627d-4ecc-86fc-dbba6f6edc1e", "CandidateNo": 22, "FirstName": "เอกภาพ", "LastName": "อุดมฤทธิ์", "PartyName": "รวมใจไทย", "PartyNumber": 174, "Title": "นาย", "Votable": true, "province_id": 45, "province_name": "ร้อยเอ็ด", "zone_number": 1, "PartyTerminated": false, "Age": 33, "Occupation": "ครูอัตราจ้าง", "HighestEducation": "ปริญญาโท", "ImageFileId": "5c593ea7fbcb5f1d8816c7da", "SelfIntroduceFileId": "5c59a84dfbcb5f1d88186b7c", "PartyLogo": "https://storage.googleapis.com/candidate-thumbs/party/174.png", "CandididatePhoto": "https://storage.googleapis.com/candidate-thumbs/images/45-1-22.jpg"}, {"Unnamed: 0": 6360, "CandidateId": "04666c27-39c9-4455-8b1a-151596d48728", "CandidateNo": 23, "FirstName": "อัมพร", "LastName": "พัสดร", "PartyName": "อนาคตใหม่", "PartyNumber": 177, "Title": "นาย", "Votable": true, "province_id": 45, "province_name": "ร้อยเอ็ด", "zone_number": 1, "PartyTerminated": false, "Age": 62, "Occupation": "ข้าราชการบำนาญ", "HighestEducation": "ปริญญาโท", "ImageFileId": "5c594037fbcb5f1d8816dc23", "SelfIntroduceFileId": "5c59bb36fbcb5f1d88186fe0", "PartyLogo": "https://storage.googleapis.com/candidate-thumbs/party/177.png", "CandididatePhoto": "https://storage.googleapis.com/candidate-thumbs/images/45-1-23.jpg"}, {"Unnamed: 0": 6361, "CandidateId": "7a190bc0-115b-42b1-a6e6-749559c9b7fe", "CandidateNo": 24, "FirstName": "เอมอร", "LastName": "พิมูลมี", "PartyName": "พลังชาติไทย", "PartyNumber": 186, "Title": "นางสาว", "Votable": true, "province_id": 45, "province_name": "ร้อยเอ็ด", "zone_number": 1, "PartyTerminated": false, "Age": 61, "Occupation": "ธุรกิจส่วนตัว", "HighestEducation": "ปริญญาโท", "ImageFileId": "5c59423ffbcb5f1d8816fa8b", "SelfIntroduceFileId": "5c59bf37fbcb5f1d8818704e", "PartyLogo": "https://storage.googleapis.com/candidate-thumbs/party/186.png", "CandididatePhoto": "https://storage.googleapis.com/candidate-thumbs/images/45-1-24.jpg"}, {"Unnamed: 0": 6362, "CandidateId": "a41780da-bcb4-41db-bcbd-d48835dbc37a", "CandidateNo": 25, "FirstName": "สงวน", "LastName": "ศรีขัดเค้า", "PartyName": "พลังแรงงานไทย", "PartyNumber": 199, "Title": "นาย", "Votable": false, "province_id": 45, "province_name": "ร้อยเอ็ด", "zone_number": 1, "PartyTerminated": false, "Age": 51, "Occupation": "ค้าขาย", "HighestEducation": "ปริญญาตรี", "ImageFileId": "5c594396fbcb5f1d88170ac0", "SelfIntroduceFileId": "5c59c67ffbcb5f1d8818707a", "PartyLogo": "https://storage.googleapis.com/candidate-thumbs/party/199.png", "CandididatePhoto": "https://storage.googleapis.com/candidate-thumbs/images/45-1-25.jpg"}, {"Unnamed: 0": 6363, "CandidateId": "51015b68-22a8-4eab-88b1-253d4b5dbfb0", "CandidateNo": 26, "FirstName": "เพ็ญนภา", "LastName": "ไกยราช", "PartyName": "ครูไทยเพื่อประชาชน", "PartyNumber": 118, "Title": "นาง", "Votable": false, "province_id": 45, "province_name": "ร้อยเอ็ด", "zone_number": 1, "PartyTerminated": false, "Age": 46, "Occupation": "ธุรกิจส่วนตัว", "HighestEducation": "ต่ำกว่าปริญญาตรี", "ImageFileId": "5c5bd7f1fbcb5f16fc66f822", "SelfIntroduceFileId": "5c5bdb90fbcb5f16fc671662", "PartyLogo": "https://storage.googleapis.com/candidate-thumbs/party/118.png", "CandididatePhoto": "https://storage.googleapis.com/candidate-thumbs/images/45-1-26.jpg"}, {"Unnamed: 0": 6364, "CandidateId": "63fe6543-9fda-4521-b929-80e8479f0011", "CandidateNo": 27, "FirstName": "กีรดิต", "LastName": "ผลาผล", "PartyName": "พลังรัก", "PartyNumber": 195, "Title": "นาย", "Votable": true, "province_id": 45, "province_name": "ร้อยเอ็ด", "zone_number": 1, "PartyTerminated": false, "Age": 37, "Occupation": "ธุรกิจส่วนตัว", "HighestEducation": "ปริญญาตรี", "ImageFileId": "5c64e724fbcb5f1b4c4c88eb", "SelfIntroduceFileId": "5c5be0f1fbcb5f16fc674376", "PartyLogo": "https://storage.googleapis.com/candidate-thumbs/party/195.png", "CandididatePhoto": "https://storage.googleapis.com/candidate-thumbs/images/45-1-27.jpg"}, {"Unnamed: 0": 6365, "CandidateId": "f46d7d9b-ca9d-481f-90bb-6773edb325bd", "CandidateNo": 28, "FirstName": "ธัญชนก", "LastName": "ฉวีนวน", "PartyName": "พลังไทสร้างชาติ", "PartyNumber": 200, "Title": "นาง", "Votable": true, "province_id": 45, "province_name": "ร้อยเอ็ด", "zone_number": 1, "PartyTerminated": false, "Age": 42, "Occupation": "ธุรกิจส่วนตัว", "HighestEducation": "ปริญญาตรี", "ImageFileId": "5c5be300fbcb5f16fc675472", "SelfIntroduceFileId": "5c5c50a5fbcb5f16fc6877a8", "PartyLogo": "https://storage.googleapis.com/candidate-thumbs/party/200.png", "CandididatePhoto": "https://storage.googleapis.com/candidate-thumbs/images/45-1-28.jpg"}, {"Unnamed: 0": 6366, "CandidateId": "a69d0434-af0b-4f39-b978-df1245a44ef8", "CandidateNo": 29, "FirstName": "สมหวัง", "LastName": "หมื่นแสน", "PartyName": "เพื่อแผ่นดิน", "PartyNumber": 41, "Title": "นาย", "Votable": true, "province_id": 45, "province_name": "ร้อยเอ็ด", "zone_number": 1, "PartyTerminated": false, "Age": 69, "Occupation": "ธุรกิจส่วนตัว", "HighestEducation": "ต่ำกว่าปริญญาตรี", "ImageFileId": "5c5be972fbcb5f16fc678c7a", "SelfIntroduceFileId": "5c5c5520fbcb5f16fc687a35", "PartyLogo": "https://storage.googleapis.com/candidate-thumbs/party/41.png", "CandididatePhoto": "https://storage.googleapis.com/candidate-thumbs/images/45-1-29.jpg"}, {"Unnamed: 0": 6367, "CandidateId": "ec87afbf-46ea-41ff-b2f5-6a7c544741f4", "CandidateNo": 30, "FirstName": "พรรณี", "LastName": "ยิมรัมย์", "PartyName": "มหาชน", "PartyNumber": 4, "Title": "นาง", "Votable": false, "province_id": 45, "province_name": "ร้อยเอ็ด", "zone_number": 1, "PartyTerminated": false, "Age": 46, "Occupation": "เกษตรกร", "HighestEducation": "ต่ำกว่าปริญญาตรี", "ImageFileId": "5c5bebb0fbcb5f16fc679e5e", "SelfIntroduceFileId": "5c5c5885fbcb5f16fc687aeb", "PartyLogo": "https://storage.googleapis.com/candidate-thumbs/party/4.png", "CandididatePhoto": "https://storage.googleapis.com/candidate-thumbs/images/45-1-30.jpg"}, {"Unnamed: 0": 6368, "CandidateId": "ebc8761d-35b9-4c9d-a3f0-b8c8a898a223", "CandidateNo": 31, "FirstName": "นิรันดร์", "LastName": "คลังบุญวาสน์", "PartyName": "แผ่นดินธรรม", "PartyNumber": 188, "Title": "นาย", "Votable": true, "province_id": 45, "province_name": "ร้อยเอ็ด", "zone_number": 1, "PartyTerminated": false, "Age": 66, "Occupation": "ข้าราชการบำนาญ", "HighestEducation": "ปริญญาตรี", "ImageFileId": "5c5bedd4fbcb5f16fc67b359", "SelfIntroduceFileId": "5c5c5ff9fbcb5f16fc687bf0", "PartyLogo": "https://storage.googleapis.com/candidate-thumbs/party/188.png", "CandididatePhoto": "https://storage.googleapis.com/candidate-thumbs/images/45-1-31.jpg"}, {"Unnamed: 0": 6369, "CandidateId": "9657a415-cdf8-43fe-b803-2741b3d9ec21", "CandidateNo": 32, "FirstName": "ณัฐวีร์", "LastName": "คำภักดี", "PartyName": "พลังไทยรักไทย", "PartyNumber": 185, "Title": "นาย", "Votable": true, "province_id": 45, "province_name": "ร้อยเอ็ด", "zone_number": 1, "PartyTerminated": false, "Age": 40, "Occupation": "เกษตรกร", "HighestEducation": "ปริญญาตรี", "ImageFileId": "5c5bf7c2fbcb5f16fc6800e9", "SelfIntroduceFileId": "5c5c60f4fbcb5f16fc687c62", "PartyLogo": "https://storage.googleapis.com/candidate-thumbs/party/185.png", "CandididatePhoto": "https://storage.googleapis.com/candidate-thumbs/images/45-1-32.jpg"}, {"Unnamed: 0": 6370, "CandidateId": "9e91ed2f-8bcb-47fc-a282-447b95d89d2f", "CandidateNo": 33, "FirstName": "โกวิท", "LastName": "อ่อนประทุม", "PartyName": "พลเมืองไทย", "PartyNumber": 173, "Title": "นาย", "Votable": true, "province_id": 45, "province_name": "ร้อยเอ็ด", "zone_number": 1, "PartyTerminated": false, "Age": 61, "Occupation": "ข้าราชการบำนาญ", "HighestEducation": "ปริญญาเอก", "ImageFileId": "5c5d3e22fbcb5f0fd88639e0", "SelfIntroduceFileId": "5c604617fbcb5f23c8b839df", "PartyLogo": "https://storage.googleapis.com/candidate-thumbs/party/173.png", "CandididatePhoto": "https://storage.googleapis.com/candidate-thumbs/images/45-1-33.jpg"}, {"Unnamed: 0": 6371, "CandidateId": "67ba2beb-42c0-4446-9613-13df053b0277", "CandidateNo": 34, "FirstName": "ฉันท์", "LastName": "จัตุพล", "PartyName": "พลังสังคม", "PartyNumber": 198, "Title": "นาย", "Votable": true, "province_id": 45, "province_name": "ร้อยเอ็ด", "zone_number": 1, "PartyTerminated": false, "Age": 67, "Occupation": "เกษตรกร", "HighestEducation": "ต่ำกว่าปริญญาตรี", "ImageFileId": "5c5d3feffbcb5f0fd8864d66", "SelfIntroduceFileId": "5c6048cafbcb5f23c8b83ce4", "PartyLogo": "https://storage.googleapis.com/candidate-thumbs/party/198.png", "CandididatePhoto": "https://storage.googleapis.com/candidate-thumbs/images/45-1-34.jpg"}, {"Unnamed: 0": 6372, "CandidateId": "82b8175e-db8a-45ab-84ae-7da2e47e1b6a", "CandidateNo": 35, "FirstName": "สุนิดษา", "LastName": "เวฎสุวัณ", "PartyName": "ภราดรภาพ", "PartyNumber": 154, "Title": "นางสาว", "Votable": true, "province_id": 45, "province_name": "ร้อยเอ็ด", "zone_number": 1, "PartyTerminated": false, "Age": 59, "Occupation": "ธุรกิจส่วนตัว", "HighestEducation": "ปริญญาตรี", "ImageFileId": "5c5d4187fbcb5f0fd88660a9", "SelfIntroduceFileId": "5c60517bfbcb5f23c8b8434f", "PartyLogo": "https://storage.googleapis.com/candidate-thumbs/party/154.png", "CandididatePhoto": "https://storage.googleapis.com/candidate-thumbs/images/45-1-35.jpg"}, {"Unnamed: 0": 6373, "CandidateId": "ccc28415-5400-4c17-8f65-842387be40a5", "CandidateNo": 36, "FirstName": "ประพันธ์", "LastName": "ธรรมขันธ์", "PartyName": "ไทยศรีวิไลย์", "PartyNumber": 180, "Title": "นาย", "Votable": true, "province_id": 45, "province_name": "ร้อยเอ็ด", "zone_number": 1, "PartyTerminated": false, "Age": 53, "Occupation": "ค้าขาย", "HighestEducation": "ต่ำกว่าปริญญาตรี", "ImageFileId": "5c5d439cfbcb5f0fd8867320", "SelfIntroduceFileId": "5c6053b8fbcb5f23c8b8452e", "PartyLogo": "https://storage.googleapis.com/candidate-thumbs/party/180.png", "CandididatePhoto": "https://storage.googleapis.com/candidate-thumbs/images/45-1-36.jpg"}, {"Unnamed: 0": 6374, "CandidateId": "8ce8843e-bc92-4d18-88da-30befa05545b", "CandidateNo": 37, "FirstName": "ชัยเกียรติ", "LastName": "มิตรสันเทียะ", "PartyName": "ผึ้งหลวง", "PartyNumber": 164, "Title": "นาย", "Votable": true, "province_id": 45, "province_name": "ร้อยเอ็ด", "zone_number": 1, "PartyTerminated": false, "Age": 29, "Occupation": "ลูกจ้างบริษัทเอกชน", "HighestEducation": "ปริญญาตรี", "ImageFileId": "5c5d450efbcb5f0fd88683ce", "SelfIntroduceFileId": "5c605910fbcb5f23c8b84931", "PartyLogo": "https://storage.googleapis.com/candidate-thumbs/party/164.png", "CandididatePhoto": "https://storage.googleapis.com/candidate-thumbs/images/45-1-37.jpg"}, {"Unnamed: 0": 6375, "CandidateId": "f53bcdd1-e586-4df4-a5c9-2192fed047c0", "CandidateNo": 38, "FirstName": "ณรงค์ศักดิ์", "LastName": "วิเศษบุญนนท์", "PartyName": "เพื่อชีวิตใหม่", "PartyNumber": 157, "Title": "นาย", "Votable": true, "province_id": 45, "province_name": "ร้อยเอ็ด", "zone_number": 1, "PartyTerminated": false, "Age": 44, "Occupation": "รับจ้างทั่วไป", "HighestEducation": "ปริญญาตรี", "ImageFileId": "5c5d4cdffbcb5f0fd886dc1b", "SelfIntroduceFileId": "5c605f6ffbcb5f23c8b84e90", "PartyLogo": "https://storage.googleapis.com/candidate-thumbs/party/157.png", "CandididatePhoto": "https://storage.googleapis.com/candidate-thumbs/images/45-1-38.jpg"}, {"Unnamed: 0": 6376, "CandidateId": "6b7b299e-10f7-4e2b-aa1c-b37acee18021", "CandidateNo": 39, "FirstName": "บวร", "LastName": "อัฒจักร", "PartyName": "ไทรักธรรม", "PartyNumber": 144, "Title": "ร้อยตรี", "Votable": true, "province_id": 45, "province_name": "ร้อยเอ็ด", "zone_number": 1, "PartyTerminated": false, "Age": 63, "Occupation": "ข้าราชการทหาร", "HighestEducation": "ต่ำกว่าปริญญาตรี", "ImageFileId": "5c5d4ff0fbcb5f0fd886fbb3", "SelfIntroduceFileId": "5c606623fbcb5f23c8b850fe", "PartyLogo": "https://storage.googleapis.com/candidate-thumbs/party/144.png", "CandididatePhoto": "https://storage.googleapis.com/candidate-thumbs/images/45-1-39.jpg"}]