[{"Unnamed: 0": 3610, "CandidateId": "34d30968-6956-4416-8a8d-3ade647aa547", "CandidateNo": 1, "FirstName": "วัฒนา", "LastName": "ธิกำพร", "PartyName": "เพื่อชาติ", "PartyNumber": 149, "Title": "ร้อยตรี", "Votable": true, "province_id": 16, "province_name": "ลพบุรี", "zone_number": 4, "PartyTerminated": false, "Age": 59, "Occupation": "ค้าขาย", "HighestEducation": "ปริญญาตรี", "ImageFileId": "5c57b107fbcb5f1eec0d063c", "SelfIntroduceFileId": "5c57b542fbcb5f1eec0d1a7b", "PartyLogo": "https://storage.googleapis.com/candidate-thumbs/party/149.png", "CandididatePhoto": "https://storage.googleapis.com/candidate-thumbs/images/16-4-1.jpg"}, {"Unnamed: 0": 3611, "CandidateId": "3a97cf6b-6ee0-4532-8527-8c50f7b17ef6", "CandidateNo": 2, "FirstName": "สมปอง", "LastName": "แดงประเสริฐ", "PartyName": "รักษ์ผืนป่าประเทศไทย", "PartyNumber": 133, "Title": "นาง", "Votable": true, "province_id": 16, "province_name": "ลพบุรี", "zone_number": 4, "PartyTerminated": false, "Age": 45, "Occupation": "เกษตรกร", "HighestEducation": "ต่ำกว่าปริญญาตรี", "ImageFileId": "5c57b15cfbcb5f1eec0d085d", "SelfIntroduceFileId": "5c5be67bfbcb5f16fc676f9c", "PartyLogo": "https://storage.googleapis.com/candidate-thumbs/party/133.png", "CandididatePhoto": "https://storage.googleapis.com/candidate-thumbs/images/16-4-2.jpg"}, {"Unnamed: 0": 3612, "CandidateId": "b0d353d3-08b3-490a-9690-f2e849717bd1", "CandidateNo": 3, "FirstName": "ธิติ", "LastName": "เรือนใหม่", "PartyName": "เสรีรวมไทย", "PartyNumber": 145, "Title": "นาย", "Votable": true, "province_id": 16, "province_name": "ลพบุรี", "zone_number": 4, "PartyTerminated": false, "Age": 51, "Occupation": "รับจ้าง", "HighestEducation": "ต่ำกว่าปริญญาตรี", "ImageFileId": "5c57b17efbcb5f1eec0d08fc", "SelfIntroduceFileId": "5c58ead7fbcb5f1d8812fc56", "PartyLogo": "https://storage.googleapis.com/candidate-thumbs/party/145.png", "CandididatePhoto": "https://storage.googleapis.com/candidate-thumbs/images/16-4-3.jpg"}, {"Unnamed: 0": 3613, "CandidateId": "509640e2-62e2-4334-bb3c-1e72f89f8b3e", "CandidateNo": 4, "FirstName": "สนั่น", "LastName": "พรหมสุข", "PartyName": "เพื่อไทย", "PartyNumber": 34, "Title": "นาย", "Votable": true, "province_id": 16, "province_name": "ลพบุรี", "zone_number": 4, "PartyTerminated": false, "Age": 46, "Occupation": "นักการเมือง", "HighestEducation": "ปริญญาโท", "ImageFileId": "5c57b8f5fbcb5f1eec0d302a", "SelfIntroduceFileId": "5c592ea4fbcb5f1d8815ed7d", "PartyLogo": "https://storage.googleapis.com/candidate-thumbs/party/34.png", "CandididatePhoto": "https://storage.googleapis.com/candidate-thumbs/images/16-4-4.jpg"}, {"Unnamed: 0": 3614, "CandidateId": "5c49b797-452c-4350-a86b-1f33bc50b13d", "CandidateNo": 5, "FirstName": "จงรวย", "LastName": "สมจิตรนา", "PartyName": "ประชาธิปัตย์", "PartyNumber": 1, "Title": "นาย", "Votable": true, "province_id": 16, "province_name": "ลพบุรี", "zone_number": 4, "PartyTerminated": false, "Age": 52, "Occupation": "ดารานักแสดงและศิลปินตลก", "HighestEducation": "ปริญญาโท", "ImageFileId": "5c57bab6fbcb5f1eec0d3d2e", "SelfIntroduceFileId": "5c592bf9fbcb5f1d8815c335", "PartyLogo": "https://storage.googleapis.com/candidate-thumbs/party/1.png", "CandididatePhoto": "https://storage.googleapis.com/candidate-thumbs/images/16-4-5.jpg"}, {"Unnamed: 0": 3615, "CandidateId": "8d004fcf-a74b-419b-8a2d-f8cb112e9ca5", "CandidateNo": 6, "FirstName": "สุรินทร์", "LastName": "เมืองช้าง", "PartyName": "เศรษฐกิจใหม่", "PartyNumber": 193, "Title": "นาย", "Votable": true, "province_id": 16, "province_name": "ลพบุรี", "zone_number": 4, "PartyTerminated": false, "Age": 41, "Occupation": "รับจ้าง", "HighestEducation": "ต่ำกว่าปริญญาตรี", "ImageFileId": "5c57bd8bfbcb5f1eec0d5293", "SelfIntroduceFileId": "5c592a49fbcb5f1d8815a588", "PartyLogo": "https://storage.googleapis.com/candidate-thumbs/party/193.png", "CandididatePhoto": "https://storage.googleapis.com/candidate-thumbs/images/16-4-6.jpg"}, {"Unnamed: 0": 3616, "CandidateId": "a125fa75-d3d6-4b9d-94de-7a7e1ebb396c", "CandidateNo": 7, "FirstName": "สุรสิทธิ์", "LastName": "หมั่นเพียร", "PartyName": "รวมพลังประชาชาติไทย", "PartyNumber": 181, "Title": "นาย", "Votable": true, "province_id": 16, "province_name": "ลพบุรี", "zone_number": 4, "PartyTerminated": false, "Age": 55, "Occupation": "เกษตรกร", "HighestEducation": "ปริญญาตรี", "ImageFileId": "5c57c0dcfbcb5f1eec0d6c2f", "SelfIntroduceFileId": NaN, "PartyLogo": "https://storage.googleapis.com/candidate-thumbs/party/181.png", "CandididatePhoto": "https://storage.googleapis.com/candidate-thumbs/images/16-4-7.jpg"}, {"Unnamed: 0": 3617, "CandidateId": "435548fa-3655-478c-9fcc-0c504144d4a0", "CandidateNo": 8, "FirstName": "สุรเชษฐ์", "LastName": "ชุ่มฤทธิ์", "PartyName": "พลังประชารัฐ", "PartyNumber": 192, "Title": "นาย", "Votable": true, "province_id": 16, "province_name": "ลพบุรี", "zone_number": 4, "PartyTerminated": false, "Age": 44, "Occupation": "ส่วนตัว", "HighestEducation": "ปริญญาตรี", "ImageFileId": "5c57c44cfbcb5f1eec0d8c35", "SelfIntroduceFileId": "5c592727fbcb5f1d88157fa6", "PartyLogo": "https://storage.googleapis.com/candidate-thumbs/party/192.png", "CandididatePhoto": "https://storage.googleapis.com/candidate-thumbs/images/16-4-8.jpg"}, {"Unnamed: 0": 3618, "CandidateId": "47f06a4f-5a1a-4114-b667-b915623e2a22", "CandidateNo": 9, "FirstName": "เกียรติ", "LastName": "เหลืองขจรวิทย์", "PartyName": "ภูมิใจไทย", "PartyNumber": 63, "Title": "นาย", "Votable": true, "province_id": 16, "province_name": "ลพบุรี", "zone_number": 4, "PartyTerminated": false, "Age": 62, "Occupation": "ธุรกิจส่วนตัว", "HighestEducation": "ปริญญาตรี", "ImageFileId": "5c57c7a1fbcb5f1eec0da99b", "SelfIntroduceFileId": "5c59258cfbcb5f1d881568ce", "PartyLogo": "https://storage.googleapis.com/candidate-thumbs/party/63.png", "CandididatePhoto": "https://storage.googleapis.com/candidate-thumbs/images/16-4-9.jpg"}, {"Unnamed: 0": 3619, "CandidateId": "0cea0c18-d359-4157-ac3e-11d213ff8cff", "CandidateNo": 10, "FirstName": "ธัญญพัทธ์", "LastName": "ลิมปินันทวัฒน์", "PartyName": "ชาติไทยพัฒนา", "PartyNumber": 55, "Title": "นาง", "Votable": true, "province_id": 16, "province_name": "ลพบุรี", "zone_number": 4, "PartyTerminated": false, "Age": 62, "Occupation": "ธุรกิจโรงอัดออ๊กซิเจนและผลผลิตทางการเกษตร", "HighestEducation": "ปริญญาโท", "ImageFileId": "5c57cad3fbcb5f1eec0dbb60", "SelfIntroduceFileId": "5c5d0d74fbcb5f0fd884e2b7", "PartyLogo": "https://storage.googleapis.com/candidate-thumbs/party/55.png", "CandididatePhoto": "https://storage.googleapis.com/candidate-thumbs/images/16-4-10.jpg"}, {"Unnamed: 0": 3620, "CandidateId": "77244c84-26dc-4178-b792-ad05b872573e", "CandidateNo": 11, "FirstName": "เพียงกมล", "LastName": "พงษ์ประติยานนท์", "PartyName": "อนาคตใหม่", "PartyNumber": 177, "Title": "นางสาว", "Votable": true, "province_id": 16, "province_name": "ลพบุรี", "zone_number": 4, "PartyTerminated": false, "Age": 56, "Occupation": "ธุรกิจส่วนตัว", "HighestEducation": "ปริญญาโท", "ImageFileId": "5c57cefcfbcb5f1eec0dc976", "SelfIntroduceFileId": "5c591ff5fbcb5f1d88153258", "PartyLogo": "https://storage.googleapis.com/candidate-thumbs/party/177.png", "CandididatePhoto": "https://storage.googleapis.com/candidate-thumbs/images/16-4-11.jpg"}, {"Unnamed: 0": 3621, "CandidateId": "10967c07-0d83-4ab5-8705-524e6899752a", "CandidateNo": 12, "FirstName": "ประสงค์", "LastName": "ก่ำวงษ์", "PartyName": "สยามพัฒนา", "PartyNumber": 182, "Title": "นาย", "Votable": true, "province_id": 16, "province_name": "ลพบุรี", "zone_number": 4, "PartyTerminated": false, "Age": 62, "Occupation": "ข้าราชการบำนาญ", "HighestEducation": "ต่ำกว่าปริญญาตรี", "ImageFileId": "5c57d330fbcb5f1eec0dd966", "SelfIntroduceFileId": "5c591e0afbcb5f1d8815247c", "PartyLogo": "https://storage.googleapis.com/candidate-thumbs/party/182.png", "CandididatePhoto": "https://storage.googleapis.com/candidate-thumbs/images/16-4-12.jpg"}, {"Unnamed: 0": 3622, "CandidateId": "26de91a1-4671-4791-91c1-38af2255b79f", "CandidateNo": 13, "FirstName": "บรรเทิง", "LastName": "ใจดีเย็น", "PartyName": "ประชานิยม", "PartyNumber": 191, "Title": "นาย", "Votable": true, "province_id": 16, "province_name": "ลพบุรี", "zone_number": 4, "PartyTerminated": false, "Age": 46, "Occupation": "เกษตรกรรม", "HighestEducation": "ต่ำกว่าปริญญาตรี", "ImageFileId": "5c57d65bfbcb5f1eec0de91a", "SelfIntroduceFileId": "5c591cecfbcb5f1d88151d0e", "PartyLogo": "https://storage.googleapis.com/candidate-thumbs/party/191.png", "CandididatePhoto": "https://storage.googleapis.com/candidate-thumbs/images/16-4-13.jpg"}, {"Unnamed: 0": 3623, "CandidateId": "a37bf7ea-54ac-427f-8b85-91cdabe3f936", "CandidateNo": 14, "FirstName": "ณรงค์", "LastName": "ปานสุวรรณ", "PartyName": "พลังท้องถิ่นไท", "PartyNumber": 124, "Title": "นาย", "Votable": true, "province_id": 16, "province_name": "ลพบุรี", "zone_number": 4, "PartyTerminated": false, "Age": 48, "Occupation": "ทนายความ", "HighestEducation": "ปริญญาโท", "ImageFileId": "5c58f0a9fbcb5f1d881324d7", "SelfIntroduceFileId": "5c591b34fbcb5f1d88151184", "PartyLogo": "https://storage.googleapis.com/candidate-thumbs/party/124.png", "CandididatePhoto": "https://storage.googleapis.com/candidate-thumbs/images/16-4-14.jpg"}, {"Unnamed: 0": 3624, "CandidateId": "acc1d573-2dc0-4352-ba44-d58e9779c0ae", "CandidateNo": 15, "FirstName": "ณรงค์", "LastName": "วิไล", "PartyName": "พลังธรรมใหม่", "PartyNumber": 175, "Title": "ร้อยตรี", "Votable": true, "province_id": 16, "province_name": "ลพบุรี", "zone_number": 4, "PartyTerminated": false, "Age": 60, "Occupation": "ข้าราชการบำนาญ", "HighestEducation": "ต่ำกว่าปริญญาตรี", "ImageFileId": "5c58f63afbcb5f1d88135a9d", "SelfIntroduceFileId": "5c5913d4fbcb5f1d8814cd9b", "PartyLogo": "https://storage.googleapis.com/candidate-thumbs/party/175.png", "CandididatePhoto": "https://storage.googleapis.com/candidate-thumbs/images/16-4-15.jpg"}, {"Unnamed: 0": 3625, "CandidateId": "86d0b6e0-5a38-4ce2-9548-940046e4e4b6", "CandidateNo": 16, "FirstName": "อัฐภิญญา", "LastName": "พุทธโกศัย", "PartyName": "เพื่อแผ่นดิน", "PartyNumber": 41, "Title": "นาง", "Votable": true, "province_id": 16, "province_name": "ลพบุรี", "zone_number": 4, "PartyTerminated": false, "Age": 53, "Occupation": "ธุรกิจส่วนตัว", "HighestEducation": "ต่ำกว่าปริญญาตรี", "ImageFileId": "5c58fcd0fbcb5f1d88139dc8", "SelfIntroduceFileId": "5c590ff0fbcb5f1d881497ed", "PartyLogo": "https://storage.googleapis.com/candidate-thumbs/party/41.png", "CandididatePhoto": "https://storage.googleapis.com/candidate-thumbs/images/16-4-16.jpg"}, {"Unnamed: 0": 3626, "CandidateId": "b5cf1869-bba3-44ad-90b9-b7b89ad98419", "CandidateNo": 17, "FirstName": "ทรงศักดิ์", "LastName": "สำลี", "PartyName": "ภราดรภาพ", "PartyNumber": 154, "Title": "นาย", "Votable": true, "province_id": 16, "province_name": "ลพบุรี", "zone_number": 4, "PartyTerminated": false, "Age": 33, "Occupation": "เกษตรกร", "HighestEducation": "ต่ำกว่าปริญญาตรี", "ImageFileId": "5c5907c7fbcb5f1d88142405", "SelfIntroduceFileId": "5c590dbcfbcb5f1d8814792e", "PartyLogo": "https://storage.googleapis.com/candidate-thumbs/party/154.png", "CandididatePhoto": "https://storage.googleapis.com/candidate-thumbs/images/16-4-17.jpg"}, {"Unnamed: 0": 3627, "CandidateId": "af231399-60ea-4082-9233-b2885a5ac44e", "CandidateNo": 18, "FirstName": "เทอดทัย", "LastName": "จอนลา", "PartyName": "เพื่อนไทย", "PartyNumber": 179, "Title": "นาย", "Votable": false, "province_id": 16, "province_name": "ลพบุรี", "zone_number": 4, "PartyTerminated": false, "Age": 52, "Occupation": "รับเหมาก่อสร้าง", "HighestEducation": "ต่ำกว่าปริญญาตรี", "ImageFileId": "5c5923ecfbcb5f1d8815588b", "SelfIntroduceFileId": "5c593498fbcb5f1d88163db3", "PartyLogo": "https://storage.googleapis.com/candidate-thumbs/party/179.png", "CandididatePhoto": "https://storage.googleapis.com/candidate-thumbs/images/16-4-18.jpg"}, {"Unnamed: 0": 3628, "CandidateId": "009c0577-22ed-4efe-8849-0e33f1c4d2cc", "CandidateNo": 19, "FirstName": "ทินกร", "LastName": "จันทร์ดี", "PartyName": "พลังประชาธิปไตย", "PartyNumber": 153, "Title": "นาย", "Votable": true, "province_id": 16, "province_name": "ลพบุรี", "zone_number": 4, "PartyTerminated": false, "Age": 59, "Occupation": "รับจ้างทั่วไป", "HighestEducation": "ต่ำกว่าปริญญาตรี", "ImageFileId": "5c5a6454fbcb5f19bca9d314", "SelfIntroduceFileId": "5c5a664efbcb5f19bca9e0c1", "PartyLogo": "https://storage.googleapis.com/candidate-thumbs/party/153.png", "CandididatePhoto": "https://storage.googleapis.com/candidate-thumbs/images/16-4-19.jpg"}, {"Unnamed: 0": 3629, "CandidateId": "63f02e13-52d6-4c9a-bd69-078f4194c9ee", "CandidateNo": 20, "FirstName": "กานต์", "LastName": "แจ้งนพรัตน์", "PartyName": "ประชาภิวัฒน์", "PartyNumber": 172, "Title": "นาย", "Votable": true, "province_id": 16, "province_name": "ลพบุรี", "zone_number": 4, "PartyTerminated": false, "Age": 36, "Occupation": "ธุรกิจส่วนตัว", "HighestEducation": "ต่ำกว่าปริญญาตรี", "ImageFileId": "5c5ba436fbcb5f16fc659f24", "SelfIntroduceFileId": "5c5d1275fbcb5f0fd884f8cf", "PartyLogo": "https://storage.googleapis.com/candidate-thumbs/party/172.png", "CandididatePhoto": "https://storage.googleapis.com/candidate-thumbs/images/16-4-20.jpg"}, {"Unnamed: 0": 3630, "CandidateId": "3955bc9c-9e40-44cf-86ad-98a241cca585", "CandidateNo": 21, "FirstName": "วสันต์", "LastName": "นาเจริญ", "PartyName": "ประชาธรรมไทย", "PartyNumber": 190, "Title": "นาย", "Votable": true, "province_id": 16, "province_name": "ลพบุรี", "zone_number": 4, "PartyTerminated": false, "Age": 58, "Occupation": "เกษตรกร", "HighestEducation": "ต่ำกว่าปริญญาตรี", "ImageFileId": "5c5bb060fbcb5f16fc65fbd0", "SelfIntroduceFileId": "5c5d1beffbcb5f0fd8852140", "PartyLogo": "https://storage.googleapis.com/candidate-thumbs/party/190.png", "CandididatePhoto": "https://storage.googleapis.com/candidate-thumbs/images/16-4-21.jpg"}, {"Unnamed: 0": 3631, "CandidateId": "0a25a476-122d-429b-95ac-93675a0070b6", "CandidateNo": 22, "FirstName": "บุหงา", "LastName": "สุวรรณอัมพร", "PartyName": "เครือข่ายชาวนาแห่งประเทศไทย", "PartyNumber": 22, "Title": "นาง", "Votable": true, "province_id": 16, "province_name": "ลพบุรี", "zone_number": 4, "PartyTerminated": false, "Age": 54, "Occupation": "เกษตรกร", "HighestEducation": "ต่ำกว่าปริญญาตรี", "ImageFileId": "5c5bbf2afbcb5f16fc66626d", "SelfIntroduceFileId": "5c5be0dbfbcb5f16fc67434d", "PartyLogo": "https://storage.googleapis.com/candidate-thumbs/party/22.png", "CandididatePhoto": "https://storage.googleapis.com/candidate-thumbs/images/16-4-22.jpg"}, {"Unnamed: 0": 3632, "CandidateId": "bba6ce08-d01c-4b24-a542-ff8dfa0cfb4d", "CandidateNo": 23, "FirstName": "สำราญ", "LastName": "กุมพล", "PartyName": "พลังไทสร้างชาติ", "PartyNumber": 200, "Title": "นาย", "Votable": true, "province_id": 16, "province_name": "ลพบุรี", "zone_number": 4, "PartyTerminated": false, "Age": 50, "Occupation": "เกษตรกร", "HighestEducation": "ต่ำกว่าปริญญาตรี", "ImageFileId": "5c5bdb8ffbcb5f16fc671654", "SelfIntroduceFileId": "5c5bdd5dfbcb5f16fc672533", "PartyLogo": "https://storage.googleapis.com/candidate-thumbs/party/200.png", "CandididatePhoto": "https://storage.googleapis.com/candidate-thumbs/images/16-4-23.jpg"}, {"Unnamed: 0": 3633, "CandidateId": "116faf9d-11b6-4f46-b675-7af47f1f7202", "CandidateNo": 24, "FirstName": "วีระ", "LastName": "ละออเอี่ยม", "PartyName": "พลังแผ่นดินทอง", "PartyNumber": 202, "Title": "ร้อยตรี", "Votable": true, "province_id": 16, "province_name": "ลพบุรี", "zone_number": 4, "PartyTerminated": false, "Age": 63, "Occupation": "ข้าราชการบำนาญ", "HighestEducation": "ต่ำกว่าปริญญาตรี", "ImageFileId": "5c5d27adfbcb5f0fd8857b79", "SelfIntroduceFileId": "5c5d2959fbcb5f0fd8858a53", "PartyLogo": "https://storage.googleapis.com/candidate-thumbs/party/202.png", "CandididatePhoto": "https://storage.googleapis.com/candidate-thumbs/images/16-4-24.jpg"}, {"Unnamed: 0": 3634, "CandidateId": "86dba01e-989a-4490-a262-751b7e52cb4b", "CandidateNo": 25, "FirstName": "ธงชัย", "LastName": "ภู่ขาว", "PartyName": "พลังชาติไทย", "PartyNumber": 186, "Title": "นาย", "Votable": true, "province_id": 16, "province_name": "ลพบุรี", "zone_number": 4, "PartyTerminated": false, "Age": 48, "Occupation": "รับจ้างทั่วไป", "HighestEducation": "ต่ำกว่าปริญญาตรี", "ImageFileId": "5c5d2a69fbcb5f0fd88591dc", "SelfIntroduceFileId": "5c5d2b89fbcb5f0fd8859b50", "PartyLogo": "https://storage.googleapis.com/candidate-thumbs/party/186.png", "CandididatePhoto": "https://storage.googleapis.com/candidate-thumbs/images/16-4-25.jpg"}, {"Unnamed: 0": 3635, "CandidateId": "cc147860-a80a-441e-b686-adaf0e3f785e", "CandidateNo": 26, "FirstName": "นพวรรณ", "LastName": "ยงยุทธิ์", "PartyName": "ภาคีเครือข่ายไทย", "PartyNumber": 211, "Title": "นางสาว", "Votable": true, "province_id": 16, "province_name": "ลพบุรี", "zone_number": 4, "PartyTerminated": false, "Age": 41, "Occupation": "ค้าขาย", "HighestEducation": "ต่ำกว่าปริญญาตรี", "ImageFileId": "5c5d577cfbcb5f0fd88759c1", "SelfIntroduceFileId": "5c5d5939fbcb5f0fd8876f6e", "PartyLogo": "https://storage.googleapis.com/candidate-thumbs/party/211.png", "CandididatePhoto": "https://storage.googleapis.com/candidate-thumbs/images/16-4-26.jpg"}, {"Unnamed: 0": 3636, "CandidateId": "6ab2915d-f53b-4ad3-b270-fd0490a3d00b", "CandidateNo": 27, "FirstName": "จำเนียร", "LastName": "ศักดิ์ไทยเจริญชัย", "PartyName": "ภูมิพลังเกษตรกรไทย", "PartyNumber": 197, "Title": "นาย", "Votable": true, "province_id": 16, "province_name": "ลพบุรี", "zone_number": 4, "PartyTerminated": false, "Age": 52, "Occupation": "เกษตรกรรม", "HighestEducation": "ต่ำกว่าปริญญาตรี", "ImageFileId": "5c5d5978fbcb5f0fd887737e", "SelfIntroduceFileId": "5c5d5bc8fbcb5f0fd887895d", "PartyLogo": "https://storage.googleapis.com/candidate-thumbs/party/197.png", "CandididatePhoto": "https://storage.googleapis.com/candidate-thumbs/images/16-4-27.jpg"}, {"Unnamed: 0": 3637, "CandidateId": "11cb79fa-6407-4a94-80b1-c5e100039ffe", "CandidateNo": 28, "FirstName": "ชูเกียรติ", "LastName": "เจริญศิลป์", "PartyName": "พลังปวงชนไทย", "PartyNumber": 184, "Title": "นาย", "Votable": true, "province_id": 16, "province_name": "ลพบุรี", "zone_number": 4, "PartyTerminated": false, "Age": 61, "Occupation": "ข้าราชการบำนาญ", "HighestEducation": "ปริญญาตรี", "ImageFileId": "5c5d5c94fbcb5f0fd8879075", "SelfIntroduceFileId": "5c5d5de5fbcb5f0fd8879be9", "PartyLogo": "https://storage.googleapis.com/candidate-thumbs/party/184.png", "CandididatePhoto": "https://storage.googleapis.com/candidate-thumbs/images/16-4-28.jpg"}, {"Unnamed: 0": 3638, "CandidateId": "7c16aa68-f1c5-4b88-a84a-403c421a9f49", "CandidateNo": 29, "FirstName": "กฤตภาส", "LastName": "พรหมอ่อน", "PartyName": "ไทรักธรรม", "PartyNumber": 144, "Title": "นาย", "Votable": true, "province_id": 16, "province_name": "ลพบุรี", "zone_number": 4, "PartyTerminated": false, "Age": 46, "Occupation": "นวดแผนไทย", "HighestEducation": "ต่ำกว่าปริญญาตรี", "ImageFileId": "5c5d5f9bfbcb5f0fd887a885", "SelfIntroduceFileId": "5c5d60a8fbcb5f0fd887b2cb", "PartyLogo": "https://storage.googleapis.com/candidate-thumbs/party/144.png", "CandididatePhoto": "https://storage.googleapis.com/candidate-thumbs/images/16-4-29.jpg"}, {"Unnamed: 0": 3639, "CandidateId": "89df6fcd-c013-4514-bbb4-c8100a55a590", "CandidateNo": 30, "FirstName": "ประสิทธิ์", "LastName": "บุตรศรี", "PartyName": "แทนคุณแผ่นดิน", "PartyNumber": 53, "Title": "นาย", "Votable": true, "province_id": 16, "province_name": "ลพบุรี", "zone_number": 4, "PartyTerminated": false, "Age": 57, "Occupation": "พนักงานบริษัท", "HighestEducation": "ต่ำกว่าปริญญาตรี", "ImageFileId": "5c5d5e95fbcb5f0fd887a027", "SelfIntroduceFileId": "5c5d5f62fbcb5f0fd887a69f", "PartyLogo": "https://storage.googleapis.com/candidate-thumbs/party/53.png", "CandididatePhoto": "https://storage.googleapis.com/candidate-thumbs/images/16-4-30.jpg"}]