[{"Unnamed: 0": 589, "CandidateId": "c0599670-4cd3-4d04-bbe6-7a2a70a9ec58", "CandidateNo": 1, "FirstName": "สงวน", "LastName": "วังธิยอง", "PartyName": "ภูมิใจไทย", "PartyNumber": 63, "Title": "นาย", "Votable": true, "province_id": 51, "province_name": "ลำพูน", "zone_number": 1, "PartyTerminated": false, "Age": 56, "Occupation": "ธุรกิจส่วนตัว", "HighestEducation": "ปริญญาโท", "ImageFileId": "5c57e45bfbcb5f1eec0e3b44", "SelfIntroduceFileId": "5c57e88cfbcb5f1eec0e6279", "PartyLogo": "https://storage.googleapis.com/candidate-thumbs/party/63.png", "CandididatePhoto": "https://storage.googleapis.com/candidate-thumbs/images/51-1-1.jpg"}, {"Unnamed: 0": 590, "CandidateId": "3347d0f7-9541-40c7-aec5-80a73ff76611", "CandidateNo": 2, "FirstName": "เสรี", "LastName": "น้อยโต", "PartyName": "ประชาภิวัฒน์", "PartyNumber": 172, "Title": "นาย", "Votable": true, "province_id": 51, "province_name": "ลำพูน", "zone_number": 1, "PartyTerminated": false, "Age": 65, "Occupation": "รับราชการตำรวจ", "HighestEducation": "ปริญญาตรี", "ImageFileId": "5c57eb34fbcb5f1eec0e745d", "SelfIntroduceFileId": "5c57edb4fbcb5f1eec0e8b9f", "PartyLogo": "https://storage.googleapis.com/candidate-thumbs/party/172.png", "CandididatePhoto": "https://storage.googleapis.com/candidate-thumbs/images/51-1-2.jpg"}, {"Unnamed: 0": 591, "CandidateId": "31885fbf-c6a8-4bd9-80c8-c5e356e3d220", "CandidateNo": 3, "FirstName": "วิทวิสิทธิ์", "LastName": "ปันสวนปลูก", "PartyName": "อนาคตใหม่", "PartyNumber": 177, "Title": "นาย", "Votable": true, "province_id": 51, "province_name": "ลำพูน", "zone_number": 1, "PartyTerminated": false, "Age": 41, "Occupation": "ธุรกิจส่วนตัว", "HighestEducation": "ปริญญาตรี", "ImageFileId": "5c57efabfbcb5f1eec0e9eb1", "SelfIntroduceFileId": "5c57f20ffbcb5f1eec0eb479", "PartyLogo": "https://storage.googleapis.com/candidate-thumbs/party/177.png", "CandididatePhoto": "https://storage.googleapis.com/candidate-thumbs/images/51-1-3.jpg"}, {"Unnamed: 0": 592, "CandidateId": "cd116102-7cf6-41a7-a1ab-22f0b1eed8ed", "CandidateNo": 4, "FirstName": "ณณรงค์", "LastName": "วงค์สถาน", "PartyName": "พลังท้องถิ่นไท", "PartyNumber": 124, "Title": "นาย", "Votable": true, "province_id": 51, "province_name": "ลำพูน", "zone_number": 1, "PartyTerminated": false, "Age": 58, "Occupation": "ค้าขาย", "HighestEducation": "ปริญญาโท", "ImageFileId": "5c57f260fbcb5f1eec0eb92b", "SelfIntroduceFileId": "5c57f49cfbcb5f1eec0ecf25", "PartyLogo": "https://storage.googleapis.com/candidate-thumbs/party/124.png", "CandididatePhoto": "https://storage.googleapis.com/candidate-thumbs/images/51-1-4.jpg"}, {"Unnamed: 0": 593, "CandidateId": "46d1794d-608b-45ae-a715-11d43cdaa145", "CandidateNo": 5, "FirstName": "โสภิศ", "LastName": "อินทสโร", "PartyName": "ชาติพัฒนา", "PartyNumber": 45, "Title": "นาง", "Votable": true, "province_id": 51, "province_name": "ลำพูน", "zone_number": 1, "PartyTerminated": false, "Age": 57, "Occupation": "ทนายความ", "HighestEducation": "ปริญญาโท", "ImageFileId": "5c57f681fbcb5f1eec0ee3f1", "SelfIntroduceFileId": "5c57fb50fbcb5f1eec0f186d", "PartyLogo": "https://storage.googleapis.com/candidate-thumbs/party/45.png", "CandididatePhoto": "https://storage.googleapis.com/candidate-thumbs/images/51-1-5.jpg"}, {"Unnamed: 0": 594, "CandidateId": "f126c5a6-6f19-4d13-986f-d122c88edf97", "CandidateNo": 6, "FirstName": "นเรศร์", "LastName": "แสงยาสมุทร", "PartyName": "ประชาชาติ", "PartyNumber": 187, "Title": "นาย", "Votable": true, "province_id": 51, "province_name": "ลำพูน", "zone_number": 1, "PartyTerminated": false, "Age": 56, "Occupation": "รับจ้าง", "HighestEducation": "ต่ำกว่าปริญญาตรี", "ImageFileId": "5c57fceffbcb5f1eec0f31c8", "SelfIntroduceFileId": "5c58001cfbcb5f1eec0f5cde", "PartyLogo": "https://storage.googleapis.com/candidate-thumbs/party/187.png", "CandididatePhoto": "https://storage.googleapis.com/candidate-thumbs/images/51-1-6.jpg"}, {"Unnamed: 0": 595, "CandidateId": "d6dc3fed-4265-4f3c-a598-6b129be880cf", "CandidateNo": 7, "FirstName": "สุวสันต์", "LastName": "จันทร์ตาธรรม", "PartyName": "เสรีรวมไทย", "PartyNumber": 145, "Title": "นาย", "Votable": true, "province_id": 51, "province_name": "ลำพูน", "zone_number": 1, "PartyTerminated": false, "Age": 43, "Occupation": "นักธุรกิจประกันวินาศภัย", "HighestEducation": "ปริญญาตรี", "ImageFileId": "5c580076fbcb5f1eec0f614c", "SelfIntroduceFileId": "5c580819fbcb5f1eec0fcf60", "PartyLogo": "https://storage.googleapis.com/candidate-thumbs/party/145.png", "CandididatePhoto": "https://storage.googleapis.com/candidate-thumbs/images/51-1-7.jpg"}, {"Unnamed: 0": 596, "CandidateId": "17a5ccf0-d49a-48e9-b750-cf883d85dcde", "CandidateNo": 8, "FirstName": "มงคล", "LastName": "ยองเพชร", "PartyName": "เพื่อแผ่นดิน", "PartyNumber": 41, "Title": "นาย", "Votable": true, "province_id": 51, "province_name": "ลำพูน", "zone_number": 1, "PartyTerminated": false, "Age": 57, "Occupation": "สื่อมวลชน", "HighestEducation": "ปริญญาโท", "ImageFileId": "5c58091dfbcb5f1eec0fdc62", "SelfIntroduceFileId": "5c580a14fbcb5f1eec0fe66e", "PartyLogo": "https://storage.googleapis.com/candidate-thumbs/party/41.png", "CandididatePhoto": "https://storage.googleapis.com/candidate-thumbs/images/51-1-8.jpg"}, {"Unnamed: 0": 597, "CandidateId": "016cef33-3f7e-479f-9c49-197a1011e506", "CandidateNo": 9, "FirstName": "ชุมพล", "LastName": "มโนพรม", "PartyName": "รักษ์ผืนป่าประเทศไทย", "PartyNumber": 133, "Title": "นาย", "Votable": true, "province_id": 51, "province_name": "ลำพูน", "zone_number": 1, "PartyTerminated": false, "Age": 58, "Occupation": "ลูกจ้างประจำ", "HighestEducation": "ปริญญาโท", "ImageFileId": "5c580a5afbcb5f1eec0fea55", "SelfIntroduceFileId": "5c580bfdfbcb5f1eec0ffdc5", "PartyLogo": "https://storage.googleapis.com/candidate-thumbs/party/133.png", "CandididatePhoto": "https://storage.googleapis.com/candidate-thumbs/images/51-1-9.jpg"}, {"Unnamed: 0": 598, "CandidateId": "1102bb31-7bc0-4a69-b33f-150e133b147d", "CandidateNo": 10, "FirstName": "สงวน", "LastName": "พงษ์มณี", "PartyName": "เพื่อไทย", "PartyNumber": 34, "Title": "นาย", "Votable": true, "province_id": 51, "province_name": "ลำพูน", "zone_number": 1, "PartyTerminated": false, "Age": 75, "Occupation": "เกษตรกร", "HighestEducation": "ปริญญาโท", "ImageFileId": "5c580c9ffbcb5f1eec100581", "SelfIntroduceFileId": "5c580e1dfbcb5f1eec10161e", "PartyLogo": "https://storage.googleapis.com/candidate-thumbs/party/34.png", "CandididatePhoto": "https://storage.googleapis.com/candidate-thumbs/images/51-1-10.jpg"}, {"Unnamed: 0": 599, "CandidateId": "b6413fec-c2d3-42f0-bfea-0fae685c622f", "CandidateNo": 11, "FirstName": "ธุดลกัญจ์", "LastName": "คุณชมภู", "PartyName": "รวมพลังประชาชาติไทย", "PartyNumber": 181, "Title": "นางสาว", "Votable": true, "province_id": 51, "province_name": "ลำพูน", "zone_number": 1, "PartyTerminated": false, "Age": 32, "Occupation": "ธุรกิจส่วนตัว", "HighestEducation": "ปริญญาตรี", "ImageFileId": "5c580e4efbcb5f1eec1018d6", "SelfIntroduceFileId": "5c580f00fbcb5f1eec10223e", "PartyLogo": "https://storage.googleapis.com/candidate-thumbs/party/181.png", "CandididatePhoto": "https://storage.googleapis.com/candidate-thumbs/images/51-1-11.jpg"}, {"Unnamed: 0": 600, "CandidateId": "219f3757-101e-4223-9121-fd3760bf92e8", "CandidateNo": 12, "FirstName": "นิติธร", "LastName": "บุตรดา", "PartyName": "เพื่อชาติ", "PartyNumber": 149, "Title": "นาย", "Votable": true, "province_id": 51, "province_name": "ลำพูน", "zone_number": 1, "PartyTerminated": false, "Age": 42, "Occupation": "ธุรกิจส่วนตัว", "HighestEducation": "ปริญญาโท", "ImageFileId": "5c581084fbcb5f1eec103307", "SelfIntroduceFileId": "5c581672fbcb5f1eec1063ec", "PartyLogo": "https://storage.googleapis.com/candidate-thumbs/party/149.png", "CandididatePhoto": "https://storage.googleapis.com/candidate-thumbs/images/51-1-12.jpg"}, {"Unnamed: 0": 601, "CandidateId": "2c503f2c-7f60-4062-bc26-538890b040d1", "CandidateNo": 13, "FirstName": "ขยัน", "LastName": "วิพรหมชัย", "PartyName": "ประชาธิปัตย์", "PartyNumber": 1, "Title": "นาย", "Votable": true, "province_id": 51, "province_name": "ลำพูน", "zone_number": 1, "PartyTerminated": false, "Age": 58, "Occupation": "รับราชการ (นายกเทศมนตรี)", "HighestEducation": "ปริญญาโท", "ImageFileId": "5c5816a4fbcb5f1eec1065b3", "SelfIntroduceFileId": "5c58182efbcb5f1eec1071a3", "PartyLogo": "https://storage.googleapis.com/candidate-thumbs/party/1.png", "CandididatePhoto": "https://storage.googleapis.com/candidate-thumbs/images/51-1-13.jpg"}, {"Unnamed: 0": 602, "CandidateId": "3a1267e7-21ca-400e-88ba-003a00bbdf2b", "CandidateNo": 14, "FirstName": "ชาติชาย", "LastName": "เมืองลือ", "PartyName": "พลังธรรมใหม่", "PartyNumber": 175, "Title": "นาย", "Votable": false, "province_id": 51, "province_name": "ลำพูน", "zone_number": 1, "PartyTerminated": false, "Age": 55, "Occupation": "ทนายความ", "HighestEducation": "ปริญญาโท", "ImageFileId": "5c58184ffbcb5f1eec1072d9", "SelfIntroduceFileId": "5c58194afbcb5f1eec1077ea", "PartyLogo": "https://storage.googleapis.com/candidate-thumbs/party/175.png", "CandididatePhoto": "https://storage.googleapis.com/candidate-thumbs/images/51-1-14.jpg"}, {"Unnamed: 0": 603, "CandidateId": "a1d97ecb-e40f-4902-a5cd-a18f599e89af", "CandidateNo": 15, "FirstName": "ธนกฤต", "LastName": "สายเครื่อง", "PartyName": "พลังปวงชนไทย", "PartyNumber": 184, "Title": "นาย", "Votable": true, "province_id": 51, "province_name": "ลำพูน", "zone_number": 1, "PartyTerminated": false, "Age": 32, "Occupation": "อาจารย์สอนระดับอาชีวศึกษา", "HighestEducation": "ปริญญาตรี", "ImageFileId": "5c58f05afbcb5f1d8813224d", "SelfIntroduceFileId": "5c58f2b2fbcb5f1d88133805", "PartyLogo": "https://storage.googleapis.com/candidate-thumbs/party/184.png", "CandididatePhoto": "https://storage.googleapis.com/candidate-thumbs/images/51-1-15.jpg"}, {"Unnamed: 0": 604, "CandidateId": "fbcdbf3d-4d8f-4ebb-8797-76450be27798", "CandidateNo": 16, "FirstName": "จินดาพล", "LastName": "คำวรรณพร", "PartyName": "เศรษฐกิจใหม่", "PartyNumber": 193, "Title": "จ่าสิบตำรวจ", "Votable": true, "province_id": 51, "province_name": "ลำพูน", "zone_number": 1, "PartyTerminated": false, "Age": 59, "Occupation": "รับราชการตำรวจ", "HighestEducation": "ปริญญาตรี", "ImageFileId": "5c58fe46fbcb5f1d8813ac43", "SelfIntroduceFileId": "5c590061fbcb5f1d8813c8b2", "PartyLogo": "https://storage.googleapis.com/candidate-thumbs/party/193.png", "CandididatePhoto": "https://storage.googleapis.com/candidate-thumbs/images/51-1-16.jpg"}, {"Unnamed: 0": 605, "CandidateId": "3e82bca4-d18f-41c3-9031-8e848f947ca1", "CandidateNo": 17, "FirstName": "ไชยยันต์", "LastName": "ชุ่มสวัสดิ์", "PartyName": "ชาติพันธุ์ไทย", "PartyNumber": 196, "Title": "นาย", "Votable": true, "province_id": 51, "province_name": "ลำพูน", "zone_number": 1, "PartyTerminated": false, "Age": 48, "Occupation": "ทนายความ", "HighestEducation": "ต่ำกว่าปริญญาตรี", "ImageFileId": "5c5a7ef2fbcb5f19bcaa5cc7", "SelfIntroduceFileId": "5c5a89fbfbcb5f19bcaaaef5", "PartyLogo": "https://storage.googleapis.com/candidate-thumbs/party/196.png", "CandididatePhoto": "https://storage.googleapis.com/candidate-thumbs/images/51-1-17.jpg"}, {"Unnamed: 0": 606, "CandidateId": "184b3adf-42e9-40da-b40f-4758b551e880", "CandidateNo": 18, "FirstName": "ทวีศักดิ์", "LastName": "คำเรือง", "PartyName": "ประชาชนปฏิรูป", "PartyNumber": 176, "Title": "นาย", "Votable": true, "province_id": 51, "province_name": "ลำพูน", "zone_number": 1, "PartyTerminated": false, "Age": 60, "Occupation": "ธุรกิจส่วนตัว", "HighestEducation": "ต่ำกว่าปริญญาตรี", "ImageFileId": "5c5aa381fbcb5f19bcab618c", "SelfIntroduceFileId": "5c5aa935fbcb5f19bcab7945", "PartyLogo": "https://storage.googleapis.com/candidate-thumbs/party/176.png", "CandididatePhoto": "https://storage.googleapis.com/candidate-thumbs/images/51-1-18.jpg"}, {"Unnamed: 0": 607, "CandidateId": "c495ad47-4eb0-4ce1-9994-3e0a70e17545", "CandidateNo": 19, "FirstName": "รังสรรค์", "LastName": "ปาลี", "PartyName": "ประชานิยม", "PartyNumber": 191, "Title": "นาย", "Votable": true, "province_id": 51, "province_name": "ลำพูน", "zone_number": 1, "PartyTerminated": false, "Age": 53, "Occupation": "เกษตรกร", "HighestEducation": "ปริญญาโท", "ImageFileId": "5c5bc783fbcb5f16fc668443", "SelfIntroduceFileId": "5c5bc98dfbcb5f16fc669075", "PartyLogo": "https://storage.googleapis.com/candidate-thumbs/party/191.png", "CandididatePhoto": "https://storage.googleapis.com/candidate-thumbs/images/51-1-19.jpg"}, {"Unnamed: 0": 608, "CandidateId": "ed137ba4-9c92-4963-a7ce-b668d626f69c", "CandidateNo": 20, "FirstName": "นพลกฤต", "LastName": "พรหมโชติกาญ", "PartyName": "เครือข่ายชาวนาแห่งประเทศไทย", "PartyNumber": 22, "Title": "นาย", "Votable": true, "province_id": 51, "province_name": "ลำพูน", "zone_number": 1, "PartyTerminated": false, "Age": 68, "Occupation": "เกษตรกร", "HighestEducation": "ต่ำกว่าปริญญาตรี", "ImageFileId": "5c5bc9c1fbcb5f16fc66915d", "SelfIntroduceFileId": "5c5bcdfdfbcb5f16fc66acc0", "PartyLogo": "https://storage.googleapis.com/candidate-thumbs/party/22.png", "CandididatePhoto": "https://storage.googleapis.com/candidate-thumbs/images/51-1-20.jpg"}, {"Unnamed: 0": 609, "CandidateId": "78770eaa-7119-4d4c-9832-72c39bf4ea74", "CandidateNo": 21, "FirstName": "จำนง", "LastName": "อุประโจง", "PartyName": "ครูไทยเพื่อประชาชน", "PartyNumber": 118, "Title": "นาย", "Votable": true, "province_id": 51, "province_name": "ลำพูน", "zone_number": 1, "PartyTerminated": false, "Age": 61, "Occupation": "ข้าราชการบำนาญ", "HighestEducation": "ปริญญาโท", "ImageFileId": "5c5bcf41fbcb5f16fc66b726", "SelfIntroduceFileId": "5c5bd14afbcb5f16fc66c584", "PartyLogo": "https://storage.googleapis.com/candidate-thumbs/party/118.png", "CandididatePhoto": "https://storage.googleapis.com/candidate-thumbs/images/51-1-21.jpg"}, {"Unnamed: 0": 610, "CandidateId": "0c274a50-e582-4470-ae66-2ccb1a798304", "CandidateNo": 22, "FirstName": "อนุวัติ", "LastName": "สิทธิสงคราม", "PartyName": "พลังชาติไทย", "PartyNumber": 186, "Title": "สิบตรี", "Votable": true, "province_id": 51, "province_name": "ลำพูน", "zone_number": 1, "PartyTerminated": false, "Age": 43, "Occupation": "ครูพี่เลี้ยงเด็กพิการ สังกัด สพป.ลพ.เขต1", "HighestEducation": "ต่ำกว่าปริญญาตรี", "ImageFileId": "5c5bd19efbcb5f16fc66c894", "SelfIntroduceFileId": "5c5bd3bffbcb5f16fc66d823", "PartyLogo": "https://storage.googleapis.com/candidate-thumbs/party/186.png", "CandididatePhoto": "https://storage.googleapis.com/candidate-thumbs/images/51-1-22.jpg"}, {"Unnamed: 0": 611, "CandidateId": "8f398d65-ed5f-4735-af4a-df1b78bde985", "CandidateNo": 23, "FirstName": "ถวิล", "LastName": "พรมเมืองยอง", "PartyName": "พลังประชารัฐ", "PartyNumber": 192, "Title": "นาย", "Votable": true, "province_id": 51, "province_name": "ลำพูน", "zone_number": 1, "PartyTerminated": false, "Age": 59, "Occupation": "รับราชการ ตำแหน่งกำนัน", "HighestEducation": "ต่ำกว่าปริญญาตรี", "ImageFileId": "5c5bd40dfbcb5f16fc66db53", "SelfIntroduceFileId": "5c5bd6dffbcb5f16fc66eeb8", "PartyLogo": "https://storage.googleapis.com/candidate-thumbs/party/192.png", "CandididatePhoto": "https://storage.googleapis.com/candidate-thumbs/images/51-1-23.jpg"}, {"Unnamed: 0": 612, "CandidateId": "7f7db0e9-2a4c-43e0-91cc-ec9be00dd922", "CandidateNo": 24, "FirstName": "ชัชวาลย์", "LastName": "ทิศสว่าง", "PartyName": "พลังไทยรักไทย", "PartyNumber": 185, "Title": "นาย", "Votable": true, "province_id": 51, "province_name": "ลำพูน", "zone_number": 1, "PartyTerminated": false, "Age": 52, "Occupation": "ค้าขาย", "HighestEducation": "ต่ำกว่าปริญญาตรี", "ImageFileId": "5c5bd729fbcb5f16fc66f073", "SelfIntroduceFileId": "5c5bd88efbcb5f16fc66fd1f", "PartyLogo": "https://storage.googleapis.com/candidate-thumbs/party/185.png", "CandididatePhoto": "https://storage.googleapis.com/candidate-thumbs/images/51-1-24.jpg"}, {"Unnamed: 0": 613, "CandidateId": "d30bc1de-c136-465d-844a-d3809d82d6c7", "CandidateNo": 25, "FirstName": "ลักษมี", "LastName": "แสงมีสี", "PartyName": "ไทยศรีวิไลย์", "PartyNumber": 180, "Title": "นางสาว", "Votable": true, "province_id": 51, "province_name": "ลำพูน", "zone_number": 1, "PartyTerminated": false, "Age": 28, "Occupation": "พนักงานบริษัท", "HighestEducation": "ต่ำกว่าปริญญาตรี", "ImageFileId": "5c5d142efbcb5f0fd884fede", "SelfIntroduceFileId": "5c5d26c5fbcb5f0fd88573ca", "PartyLogo": "https://storage.googleapis.com/candidate-thumbs/party/180.png", "CandididatePhoto": "https://storage.googleapis.com/candidate-thumbs/images/51-1-25.jpg"}, {"Unnamed: 0": 614, "CandidateId": "511c3c96-02ba-40a2-8d2b-47316e010d13", "CandidateNo": 26, "FirstName": "กรทักษ์", "LastName": "โพธิยอง", "PartyName": "แทนคุณแผ่นดิน", "PartyNumber": 53, "Title": "นาย", "Votable": true, "province_id": 51, "province_name": "ลำพูน", "zone_number": 1, "PartyTerminated": false, "Age": 35, "Occupation": "เกษตรกร/ค้าขาย", "HighestEducation": "ต่ำกว่าปริญญาตรี", "ImageFileId": "5c5d49a0fbcb5f0fd886b4e5", "SelfIntroduceFileId": "5c5d4daafbcb5f0fd886e327", "PartyLogo": "https://storage.googleapis.com/candidate-thumbs/party/53.png", "CandididatePhoto": "https://storage.googleapis.com/candidate-thumbs/images/51-1-26.jpg"}, {"Unnamed: 0": 615, "CandidateId": "b915821c-57a0-409b-ac8a-4edff99e3690", "CandidateNo": 27, "FirstName": "สำรวม", "LastName": "เหล่าพราหมณ์", "PartyName": "ไทรักธรรม", "PartyNumber": 144, "Title": "นาย", "Votable": true, "province_id": 51, "province_name": "ลำพูน", "zone_number": 1, "PartyTerminated": false, "Age": 65, "Occupation": "ธุรกิจส่วนตัว", "HighestEducation": "ต่ำกว่าปริญญาตรี", "ImageFileId": "5c5d50eefbcb5f0fd88705d8", "SelfIntroduceFileId": "5c5d5389fbcb5f0fd8872394", "PartyLogo": "https://storage.googleapis.com/candidate-thumbs/party/144.png", "CandididatePhoto": "https://storage.googleapis.com/candidate-thumbs/images/51-1-27.jpg"}, {"Unnamed: 0": 616, "CandidateId": "2c806997-890e-40dc-bac2-732b5324989a", "CandidateNo": 28, "FirstName": "วีนัส", "LastName": "ยศศิลป์ศักดิ์", "PartyName": "ประชาธรรมไทย", "PartyNumber": 190, "Title": "นาย", "Votable": true, "province_id": 51, "province_name": "ลำพูน", "zone_number": 1, "PartyTerminated": false, "Age": 52, "Occupation": "รับเหมาก่อสร้าง", "HighestEducation": "ต่ำกว่าปริญญาตรี", "ImageFileId": "5c5d66b7fbcb5f0fd887dc62", "SelfIntroduceFileId": "5c5d6885fbcb5f0fd887e526", "PartyLogo": "https://storage.googleapis.com/candidate-thumbs/party/190.png", "CandididatePhoto": "https://storage.googleapis.com/candidate-thumbs/images/51-1-28.jpg"}, {"Unnamed: 0": 617, "CandidateId": "aa8e18e2-6598-40d2-aa8d-26038db6a0e6", "CandidateNo": 29, "FirstName": "เอก", "LastName": "พรหมแสน", "PartyName": "ผึ้งหลวง", "PartyNumber": 164, "Title": "นาย", "Votable": true, "province_id": 51, "province_name": "ลำพูน", "zone_number": 1, "PartyTerminated": false, "Age": 55, "Occupation": "-", "HighestEducation": "ปริญญาตรี", "ImageFileId": "5c5d68b0fbcb5f0fd887e595", "SelfIntroduceFileId": "5c5d6acffbcb5f0fd887ef38", "PartyLogo": "https://storage.googleapis.com/candidate-thumbs/party/164.png", "CandididatePhoto": "https://storage.googleapis.com/candidate-thumbs/images/51-1-29.jpg"}]