[{"Unnamed: 0": 3728, "CandidateId": "f848842c-e87f-4124-a91e-6af23b76f420", "CandidateNo": 1, "FirstName": "สมบูรณ์", "LastName": "กล้าผจญ", "PartyName": "เสรีรวมไทย", "PartyNumber": 145, "Title": "ร้อยตำรวจโท", "Votable": true, "province_id": 52, "province_name": "ลำปาง", "zone_number": 4, "PartyTerminated": false, "Age": 61, "Occupation": "รับราชการตำรวจ", "HighestEducation": "ปริญญาตรี", "ImageFileId": "5c57c1b3fbcb5f1eec0d72f9", "SelfIntroduceFileId": "5c57cfe4fbcb5f1eec0dccaa", "PartyLogo": "https://storage.googleapis.com/candidate-thumbs/party/145.png", "CandididatePhoto": "https://storage.googleapis.com/candidate-thumbs/images/52-4-1.jpg"}, {"Unnamed: 0": 3729, "CandidateId": "fbfb1751-2587-47dd-8e04-b64a2740e528", "CandidateNo": 2, "FirstName": "พิมดารา", "LastName": "ศิริสลุง", "PartyName": "อนาคตใหม่", "PartyNumber": 177, "Title": "นางสาว", "Votable": true, "province_id": 52, "province_name": "ลำปาง", "zone_number": 4, "PartyTerminated": false, "Age": 32, "Occupation": "พนักงานบริษัท", "HighestEducation": "ปริญญาตรี", "ImageFileId": "5c57ee94fbcb5f1eec0e956f", "SelfIntroduceFileId": "5c57f133fbcb5f1eec0ead15", "PartyLogo": "https://storage.googleapis.com/candidate-thumbs/party/177.png", "CandididatePhoto": "https://storage.googleapis.com/candidate-thumbs/images/52-4-2.jpg"}, {"Unnamed: 0": 3730, "CandidateId": "70d9697f-f366-4bec-a874-b3e8402e7de7", "CandidateNo": 3, "FirstName": "สุนี", "LastName": "สมมี", "PartyName": "ภูมิใจไทย", "PartyNumber": 63, "Title": "นาง", "Votable": true, "province_id": 52, "province_name": "ลำปาง", "zone_number": 4, "PartyTerminated": false, "Age": 60, "Occupation": "นายกองค์การบริหารส่วนจังหวัด", "HighestEducation": "ปริญญาเอก", "ImageFileId": "5c57ef61fbcb5f1eec0e9d48", "SelfIntroduceFileId": "5c57fb42fbcb5f1eec0f1796", "PartyLogo": "https://storage.googleapis.com/candidate-thumbs/party/63.png", "CandididatePhoto": "https://storage.googleapis.com/candidate-thumbs/images/52-4-3.jpg"}, {"Unnamed: 0": 3731, "CandidateId": "51645ee8-bd8c-412d-8008-747975b265e6", "CandidateNo": 4, "FirstName": "อธิกัญญ์", "LastName": "ทิชัย", "PartyName": "ชาติไทยพัฒนา", "PartyNumber": 55, "Title": "นาง", "Votable": true, "province_id": 52, "province_name": "ลำปาง", "zone_number": 4, "PartyTerminated": false, "Age": 52, "Occupation": "นักการเมืองตำแหน่งผู้ช่วยบริหารท้องถิ่น", "HighestEducation": "ปริญญาตรี", "ImageFileId": "5c57f2ddfbcb5f1eec0ebd24", "SelfIntroduceFileId": "5c58e307fbcb5f1d8812dce6", "PartyLogo": "https://storage.googleapis.com/candidate-thumbs/party/55.png", "CandididatePhoto": "https://storage.googleapis.com/candidate-thumbs/images/52-4-4.jpg"}, {"Unnamed: 0": 3732, "CandidateId": "5cdad781-1c9a-490a-93a9-3cbfce74a362", "CandidateNo": 5, "FirstName": "วัฒนา", "LastName": "สิทธิวัง", "PartyName": "พลังประชารัฐ", "PartyNumber": 192, "Title": "นาย", "Votable": true, "province_id": 52, "province_name": "ลำปาง", "zone_number": 4, "PartyTerminated": false, "Age": 61, "Occupation": "เกษตรกร", "HighestEducation": "ต่ำกว่าปริญญาตรี", "ImageFileId": "5c57f6c9fbcb5f1eec0ee781", "SelfIntroduceFileId": "5c58e66efbcb5f1d8812e82d", "PartyLogo": "https://storage.googleapis.com/candidate-thumbs/party/192.png", "CandididatePhoto": "https://storage.googleapis.com/candidate-thumbs/images/52-4-5.jpg"}, {"Unnamed: 0": 3733, "CandidateId": "a671d36b-d05f-41d5-99bf-7412aaa41ea9", "CandidateNo": 6, "FirstName": "อำพร", "LastName": "โพธิ์ศรี", "PartyName": "เพื่อชาติ", "PartyNumber": 149, "Title": "นาง", "Votable": true, "province_id": 52, "province_name": "ลำปาง", "zone_number": 4, "PartyTerminated": false, "Age": 60, "Occupation": "ค้าขาย", "HighestEducation": "ต่ำกว่าปริญญาตรี", "ImageFileId": "5c57f970fbcb5f1eec0efed6", "SelfIntroduceFileId": "5c580628fbcb5f1eec0fb45e", "PartyLogo": "https://storage.googleapis.com/candidate-thumbs/party/149.png", "CandididatePhoto": "https://storage.googleapis.com/candidate-thumbs/images/52-4-6.jpg"}, {"Unnamed: 0": 3734, "CandidateId": "32aa242d-ed5a-4d63-9b21-1108de760f44", "CandidateNo": 7, "FirstName": "อิทธิรัตน์", "LastName": "จันทรสุรินทร์", "PartyName": "เพื่อไทย", "PartyNumber": 34, "Title": "นาย", "Votable": true, "province_id": 52, "province_name": "ลำปาง", "zone_number": 4, "PartyTerminated": false, "Age": 55, "Occupation": "นักการเมือง", "HighestEducation": "ปริญญาโท", "ImageFileId": "5c57f9c5fbcb5f1eec0f049b", "SelfIntroduceFileId": "5c58ea35fbcb5f1d8812f929", "PartyLogo": "https://storage.googleapis.com/candidate-thumbs/party/34.png", "CandididatePhoto": "https://storage.googleapis.com/candidate-thumbs/images/52-4-7.jpg"}, {"Unnamed: 0": 3735, "CandidateId": "ea81105a-7fd8-4853-9571-0d8063e1d081", "CandidateNo": 8, "FirstName": "พูลพิชิต", "LastName": "โฆษิตชูสวัสดิ์", "PartyName": "รวมพลังประชาชาติไทย", "PartyNumber": 181, "Title": "นาย", "Votable": true, "province_id": 52, "province_name": "ลำปาง", "zone_number": 4, "PartyTerminated": false, "Age": 53, "Occupation": "ค้าขาย", "HighestEducation": "ปริญญาตรี", "ImageFileId": "5c57fd11fbcb5f1eec0f3421", "SelfIntroduceFileId": "5c58ebf3fbcb5f1d8813014d", "PartyLogo": "https://storage.googleapis.com/candidate-thumbs/party/181.png", "CandididatePhoto": "https://storage.googleapis.com/candidate-thumbs/images/52-4-8.jpg"}, {"Unnamed: 0": 3736, "CandidateId": "5a351d55-318d-4daa-b0d5-72826d70dec5", "CandidateNo": 9, "FirstName": "บุญธรรม", "LastName": "เครือแจ้", "PartyName": "รักษ์ผืนป่าประเทศไทย", "PartyNumber": 133, "Title": "นาย", "Votable": true, "province_id": 52, "province_name": "ลำปาง", "zone_number": 4, "PartyTerminated": false, "Age": 66, "Occupation": "เกษตรกร", "HighestEducation": "ต่ำกว่าปริญญาตรี", "ImageFileId": "5c58045dfbcb5f1eec0f9c60", "SelfIntroduceFileId": "5c58ee3cfbcb5f1d8813100c", "PartyLogo": "https://storage.googleapis.com/candidate-thumbs/party/133.png", "CandididatePhoto": "https://storage.googleapis.com/candidate-thumbs/images/52-4-9.jpg"}, {"Unnamed: 0": 3737, "CandidateId": "731636ab-75af-4860-b9e0-034088c31c95", "CandidateNo": 10, "FirstName": "บุญธรรม", "LastName": "จันทะเหลา", "PartyName": "ประชาภิวัฒน์", "PartyNumber": 172, "Title": "นาง", "Votable": true, "province_id": 52, "province_name": "ลำปาง", "zone_number": 4, "PartyTerminated": false, "Age": 69, "Occupation": "นักการเมืองท้องถิ่น", "HighestEducation": "ปริญญาตรี", "ImageFileId": "5c58ef92fbcb5f1d881319a4", "SelfIntroduceFileId": "5c5901b1fbcb5f1d8813d83b", "PartyLogo": "https://storage.googleapis.com/candidate-thumbs/party/172.png", "CandididatePhoto": "https://storage.googleapis.com/candidate-thumbs/images/52-4-10.jpg"}, {"Unnamed: 0": 3738, "CandidateId": "efb3cffd-a56f-4e7d-b91e-b859a43f1277", "CandidateNo": 11, "FirstName": "ญาณวรุตม์", "LastName": "ธรรมชาติ", "PartyName": "ประชาธิปัตย์", "PartyNumber": 1, "Title": "นาย", "Votable": true, "province_id": 52, "province_name": "ลำปาง", "zone_number": 4, "PartyTerminated": false, "Age": 47, "Occupation": "รับจ้าง", "HighestEducation": "ปริญญาตรี", "ImageFileId": "5c590461fbcb5f1d8813f6da", "SelfIntroduceFileId": "5c59070ffbcb5f1d88141ba8", "PartyLogo": "https://storage.googleapis.com/candidate-thumbs/party/1.png", "CandididatePhoto": "https://storage.googleapis.com/candidate-thumbs/images/52-4-11.jpg"}, {"Unnamed: 0": 3739, "CandidateId": "16e742e8-66a1-4641-b77e-c0da43027f61", "CandidateNo": 12, "FirstName": "ณรงค์", "LastName": "อินต๊ะพันธ์", "PartyName": "พลังท้องถิ่นไท", "PartyNumber": 124, "Title": "นาย", "Votable": true, "province_id": 52, "province_name": "ลำปาง", "zone_number": 4, "PartyTerminated": false, "Age": 66, "Occupation": "นักการเมืองท้องถิ่น", "HighestEducation": "ปริญญาโท", "ImageFileId": "5c5cef9efbcb5f16fc68e97b", "SelfIntroduceFileId": "5c5909a2fbcb5f1d88143aa4", "PartyLogo": "https://storage.googleapis.com/candidate-thumbs/party/124.png", "CandididatePhoto": "https://storage.googleapis.com/candidate-thumbs/images/52-4-12.jpg"}, {"Unnamed: 0": 3740, "CandidateId": "ac8e9256-5fe0-4df7-bbb5-6a6796516b16", "CandidateNo": 13, "FirstName": "ภณเอก", "LastName": "วัฒนฤกษ์ปรีชา", "PartyName": "ภราดรภาพ", "PartyNumber": 154, "Title": "นาย", "Votable": true, "province_id": 52, "province_name": "ลำปาง", "zone_number": 4, "PartyTerminated": false, "Age": 49, "Occupation": "รับจ้าง", "HighestEducation": "ปริญญาตรี", "ImageFileId": "5c590828fbcb5f1d881428a7", "SelfIntroduceFileId": "5c590c91fbcb5f1d881466d7", "PartyLogo": "https://storage.googleapis.com/candidate-thumbs/party/154.png", "CandididatePhoto": "https://storage.googleapis.com/candidate-thumbs/images/52-4-13.jpg"}, {"Unnamed: 0": 3741, "CandidateId": "e19b8a1b-62e3-41a7-971b-575b53dac022", "CandidateNo": 14, "FirstName": "สุชาดา", "LastName": "หล้านามวงศ์", "PartyName": "ประชานิยม", "PartyNumber": 191, "Title": "นางสาว", "Votable": true, "province_id": 52, "province_name": "ลำปาง", "zone_number": 4, "PartyTerminated": false, "Age": 38, "Occupation": "ธุรกิจส่วนตัว", "HighestEducation": "ปริญญาโท", "ImageFileId": "5c5919f3fbcb5f1d881507c2", "SelfIntroduceFileId": "5c591b59fbcb5f1d88151274", "PartyLogo": "https://storage.googleapis.com/candidate-thumbs/party/191.png", "CandididatePhoto": "https://storage.googleapis.com/candidate-thumbs/images/52-4-14.jpg"}, {"Unnamed: 0": 3742, "CandidateId": "65132408-68ba-4648-a0f0-baa379ec3b65", "CandidateNo": 15, "FirstName": "นงคราญ", "LastName": "ทายงาม", "PartyName": "ประชาชนปฏิรูป", "PartyNumber": 176, "Title": "นาง", "Votable": true, "province_id": 52, "province_name": "ลำปาง", "zone_number": 4, "PartyTerminated": false, "Age": 45, "Occupation": "รับจ้าง", "HighestEducation": "ต่ำกว่าปริญญาตรี", "ImageFileId": "5c5a56bafbcb5f19bca96007", "SelfIntroduceFileId": "5c5a581dfbcb5f19bca96a55", "PartyLogo": "https://storage.googleapis.com/candidate-thumbs/party/176.png", "CandididatePhoto": "https://storage.googleapis.com/candidate-thumbs/images/52-4-15.jpg"}, {"Unnamed: 0": 3743, "CandidateId": "99e0eca1-9e87-42f7-85ea-b01ee35a6066", "CandidateNo": 16, "FirstName": "อชิระจิตรพงศ์", "LastName": "ผดุงวงศ์ษา", "PartyName": "ชาติพันธุ์ไทย", "PartyNumber": 196, "Title": "นาย", "Votable": true, "province_id": 52, "province_name": "ลำปาง", "zone_number": 4, "PartyTerminated": false, "Age": 38, "Occupation": "ค้าขาย", "HighestEducation": "ปริญญาโท", "ImageFileId": "5c5a87adfbcb5f19bcaa9e44", "SelfIntroduceFileId": "5c5a88e5fbcb5f19bcaaa5d0", "PartyLogo": "https://storage.googleapis.com/candidate-thumbs/party/196.png", "CandididatePhoto": "https://storage.googleapis.com/candidate-thumbs/images/52-4-16.jpg"}, {"Unnamed: 0": 3744, "CandidateId": "100964d0-81e1-4459-a3b1-8f883031e8a1", "CandidateNo": 17, "FirstName": "ณรงค์", "LastName": "จันทราช", "PartyName": "พลังชาติไทย", "PartyNumber": 186, "Title": "พันตำรวจเอก", "Votable": true, "province_id": 52, "province_name": "ลำปาง", "zone_number": 4, "PartyTerminated": false, "Age": 71, "Occupation": "ข้าราชการ", "HighestEducation": "ปริญญาตรี", "ImageFileId": "5c5ba7fefbcb5f16fc65b9df", "SelfIntroduceFileId": "5c5bb37afbcb5f16fc6618e5", "PartyLogo": "https://storage.googleapis.com/candidate-thumbs/party/186.png", "CandididatePhoto": "https://storage.googleapis.com/candidate-thumbs/images/52-4-17.jpg"}, {"Unnamed: 0": 3745, "CandidateId": "34f33ae2-4541-4ede-bad4-4823e9148088", "CandidateNo": 18, "FirstName": "สมพงค์", "LastName": "พวงพุ่ม", "PartyName": "ครูไทยเพื่อประชาชน", "PartyNumber": 118, "Title": "ร้อยตำรวจเอก", "Votable": true, "province_id": 52, "province_name": "ลำปาง", "zone_number": 4, "PartyTerminated": false, "Age": 62, "Occupation": "ข้าราชการ", "HighestEducation": "ปริญญาโท", "ImageFileId": "5c5bb050fbcb5f16fc65fb50", "SelfIntroduceFileId": "5c5bb3ccfbcb5f16fc661bb8", "PartyLogo": "https://storage.googleapis.com/candidate-thumbs/party/118.png", "CandididatePhoto": "https://storage.googleapis.com/candidate-thumbs/images/52-4-18.jpg"}, {"Unnamed: 0": 3746, "CandidateId": "6489b1cf-0287-471c-a7b9-316268fc8fef", "CandidateNo": 19, "FirstName": "ทองอยู่", "LastName": "นันตี", "PartyName": "เครือข่ายชาวนาแห่งประเทศไทย", "PartyNumber": 22, "Title": "นาย", "Votable": true, "province_id": 52, "province_name": "ลำปาง", "zone_number": 4, "PartyTerminated": false, "Age": 64, "Occupation": "เกษตรกร", "HighestEducation": "ต่ำกว่าปริญญาตรี", "ImageFileId": "5c5bc948fbcb5f16fc668d61", "SelfIntroduceFileId": "5c5bcd99fbcb5f16fc66a9fc", "PartyLogo": "https://storage.googleapis.com/candidate-thumbs/party/22.png", "CandididatePhoto": "https://storage.googleapis.com/candidate-thumbs/images/52-4-19.jpg"}, {"Unnamed: 0": 3747, "CandidateId": "9496b23a-d84c-4c12-a11c-3adfdeb906d6", "CandidateNo": 20, "FirstName": "สายใจ", "LastName": "อริยะดิบ", "PartyName": "ไทยรุ่งเรือง", "PartyNumber": 194, "Title": "นางสาว", "Votable": true, "province_id": 52, "province_name": "ลำปาง", "zone_number": 4, "PartyTerminated": false, "Age": 44, "Occupation": "ธุรกิจส่วนตัว", "HighestEducation": "ปริญญาตรี", "ImageFileId": "5c5bce41fbcb5f16fc66b050", "SelfIntroduceFileId": "5c5bda84fbcb5f16fc670c84", "PartyLogo": "https://storage.googleapis.com/candidate-thumbs/party/194.png", "CandididatePhoto": "https://storage.googleapis.com/candidate-thumbs/images/52-4-20.jpg"}, {"Unnamed: 0": 3748, "CandidateId": "6b8b0989-6358-43d7-9a7b-cb942a241da4", "CandidateNo": 21, "FirstName": "เวธกา", "LastName": "แสนประเสริฐ", "PartyName": "พลังปวงชนไทย", "PartyNumber": 184, "Title": "นางสาว", "Votable": true, "province_id": 52, "province_name": "ลำปาง", "zone_number": 4, "PartyTerminated": false, "Age": 38, "Occupation": "เกษตรกร", "HighestEducation": "ปริญญาตรี", "ImageFileId": "5c5be44afbcb5f16fc675db9", "SelfIntroduceFileId": "5c5be636fbcb5f16fc676c9d", "PartyLogo": "https://storage.googleapis.com/candidate-thumbs/party/184.png", "CandididatePhoto": "https://storage.googleapis.com/candidate-thumbs/images/52-4-21.jpg"}, {"Unnamed: 0": 3749, "CandidateId": "60c5789e-4692-4935-b10a-4a77c2d39064", "CandidateNo": 22, "FirstName": "สงกร", "LastName": "ศรีวิชัยลำพรรณ", "PartyName": "เพื่อแผ่นดิน", "PartyNumber": 41, "Title": "นาย", "Votable": true, "province_id": 52, "province_name": "ลำปาง", "zone_number": 4, "PartyTerminated": false, "Age": 43, "Occupation": "ค้าขาย", "HighestEducation": "ต่ำกว่าปริญญาตรี", "ImageFileId": "5c5bec53fbcb5f16fc67a46f", "SelfIntroduceFileId": "5c5bed20fbcb5f16fc67ade0", "PartyLogo": "https://storage.googleapis.com/candidate-thumbs/party/41.png", "CandididatePhoto": "https://storage.googleapis.com/candidate-thumbs/images/52-4-22.jpg"}, {"Unnamed: 0": 3750, "CandidateId": "9209e948-fa4b-48b0-b133-6468f84bd5f6", "CandidateNo": 23, "FirstName": "ภูมิภัทร", "LastName": "วงศ์เขื่อนแก้ว", "PartyName": "พลังไทยรักไทย", "PartyNumber": 185, "Title": "นาย", "Votable": true, "province_id": 52, "province_name": "ลำปาง", "zone_number": 4, "PartyTerminated": false, "Age": 51, "Occupation": "เกษตรกร", "HighestEducation": "ปริญญาตรี", "ImageFileId": "5c5d1d37fbcb5f0fd8852907", "SelfIntroduceFileId": "5c5d213dfbcb5f0fd8854a6f", "PartyLogo": "https://storage.googleapis.com/candidate-thumbs/party/185.png", "CandididatePhoto": "https://storage.googleapis.com/candidate-thumbs/images/52-4-23.jpg"}, {"Unnamed: 0": 3751, "CandidateId": "98a27199-a495-47c5-8f22-245b3e6e305e", "CandidateNo": 24, "FirstName": "สุพิชา", "LastName": "ชุ่มกา", "PartyName": "ประชาไทย", "PartyNumber": 205, "Title": "นาง", "Votable": true, "province_id": 52, "province_name": "ลำปาง", "zone_number": 4, "PartyTerminated": false, "Age": 60, "Occupation": "ค้าขาย", "HighestEducation": "ปริญญาตรี", "ImageFileId": "5c5d3f5ffbcb5f0fd88645c9", "SelfIntroduceFileId": "5c5d5292fbcb5f0fd8871512", "PartyLogo": "https://storage.googleapis.com/candidate-thumbs/party/205.png", "CandididatePhoto": "https://storage.googleapis.com/candidate-thumbs/images/52-4-24.jpg"}, {"Unnamed: 0": 3752, "CandidateId": "3c7ed39d-e039-4b7d-8f04-3d72a9760b79", "CandidateNo": 25, "FirstName": "ธีรยุทธ", "LastName": "ธรรมาวุฒิชัย", "PartyName": "เศรษฐกิจใหม่", "PartyNumber": 193, "Title": "นาย", "Votable": true, "province_id": 52, "province_name": "ลำปาง", "zone_number": 4, "PartyTerminated": false, "Age": 37, "Occupation": "ธุรกิจส่วนตัว", "HighestEducation": "ปริญญาตรี", "ImageFileId": "5c5d3ffbfbcb5f0fd8864e6a", "SelfIntroduceFileId": "5c5d59e6fbcb5f0fd88776f1", "PartyLogo": "https://storage.googleapis.com/candidate-thumbs/party/193.png", "CandididatePhoto": "https://storage.googleapis.com/candidate-thumbs/images/52-4-25.jpg"}, {"Unnamed: 0": 3753, "CandidateId": "a0dd4f80-5a6f-49b1-a507-82f8af4c5677", "CandidateNo": 26, "FirstName": "แสวงศิลป์", "LastName": "คำภีระ", "PartyName": "พลังประชาธิปไตย", "PartyNumber": 153, "Title": "นาย", "Votable": true, "province_id": 52, "province_name": "ลำปาง", "zone_number": 4, "PartyTerminated": false, "Age": 65, "Occupation": "ทนายความ", "HighestEducation": "ปริญญาตรี", "ImageFileId": "5c5d404afbcb5f0fd886515d", "SelfIntroduceFileId": "5c5d5b81fbcb5f0fd88785df", "PartyLogo": "https://storage.googleapis.com/candidate-thumbs/party/153.png", "CandididatePhoto": "https://storage.googleapis.com/candidate-thumbs/images/52-4-26.jpg"}, {"Unnamed: 0": 3754, "CandidateId": "9ce82e55-8cb7-4e3a-b0c7-909091e307db", "CandidateNo": 27, "FirstName": "สุดาพร", "LastName": "เครือสาร", "PartyName": "มหาชน", "PartyNumber": 4, "Title": "นาง", "Votable": true, "province_id": 52, "province_name": "ลำปาง", "zone_number": 4, "PartyTerminated": false, "Age": 59, "Occupation": "รับจ้าง", "HighestEducation": "ปริญญาตรี", "ImageFileId": "5c5d5c4ffbcb5f0fd8878d52", "SelfIntroduceFileId": "5c5d5cf6fbcb5f0fd88793c5", "PartyLogo": "https://storage.googleapis.com/candidate-thumbs/party/4.png", "CandididatePhoto": "https://storage.googleapis.com/candidate-thumbs/images/52-4-27.jpg"}, {"Unnamed: 0": 3755, "CandidateId": "2e866e37-4803-4448-a984-47ee3ad59df6", "CandidateNo": 28, "FirstName": "สุนันท์", "LastName": "ปัญจวิโรจน์", "PartyName": "แทนคุณแผ่นดิน", "PartyNumber": 53, "Title": "นาง", "Votable": true, "province_id": 52, "province_name": "ลำปาง", "zone_number": 4, "PartyTerminated": false, "Age": 46, "Occupation": "ทำธุรกิจส่วนตัว", "HighestEducation": "ต่ำกว่าปริญญาตรี", "ImageFileId": "5c5d5dbefbcb5f0fd8879b01", "SelfIntroduceFileId": "5c5d5e49fbcb5f0fd8879e54", "PartyLogo": "https://storage.googleapis.com/candidate-thumbs/party/53.png", "CandididatePhoto": "https://storage.googleapis.com/candidate-thumbs/images/52-4-28.jpg"}, {"Unnamed: 0": 3756, "CandidateId": "942c2058-d08a-4a71-ab3c-7e77f29e8624", "CandidateNo": 29, "FirstName": "ปณิชา", "LastName": "วุฒิพล", "PartyName": "ไทรักธรรม", "PartyNumber": 144, "Title": "นาง", "Votable": true, "province_id": 52, "province_name": "ลำปาง", "zone_number": 4, "PartyTerminated": false, "Age": 52, "Occupation": "ธุรกิจส่วนตัว", "HighestEducation": "ต่ำกว่าปริญญาตรี", "ImageFileId": "5c5d6045fbcb5f0fd887af9a", "SelfIntroduceFileId": "5c5d60c0fbcb5f0fd887b446", "PartyLogo": "https://storage.googleapis.com/candidate-thumbs/party/144.png", "CandididatePhoto": "https://storage.googleapis.com/candidate-thumbs/images/52-4-29.jpg"}]