[{"Unnamed: 0": 3577, "CandidateId": "c3d5f2db-c724-4ecd-b6d8-aaed987e5a25", "CandidateNo": 1, "FirstName": "พหล", "LastName": "วรปัญญา", "PartyName": "ภูมิใจไทย", "PartyNumber": 63, "Title": "นาย", "Votable": true, "province_id": 16, "province_name": "ลพบุรี", "zone_number": 3, "PartyTerminated": false, "Age": 53, "Occupation": "นักการเมือง", "HighestEducation": "ปริญญาโท", "ImageFileId": "5c5a3c04fbcb5f19bca89334", "SelfIntroduceFileId": "5c57ddbcfbcb5f1eec0e0eee", "PartyLogo": "https://storage.googleapis.com/candidate-thumbs/party/63.png", "CandididatePhoto": "https://storage.googleapis.com/candidate-thumbs/images/16-3-1.jpg"}, {"Unnamed: 0": 3578, "CandidateId": "ddc773d8-84c7-45dd-a1df-b9f6a9fd1eb7", "CandidateNo": 2, "FirstName": "อุบลศักดิ์", "LastName": "บัวหลวงงาม", "PartyName": "เพื่อไทย", "PartyNumber": 34, "Title": "นาย", "Votable": true, "province_id": 16, "province_name": "ลพบุรี", "zone_number": 3, "PartyTerminated": false, "Age": 69, "Occupation": "เกษตรกรรม", "HighestEducation": "ปริญญาโท", "ImageFileId": "5c5a83affbcb5f19bcaa8540", "SelfIntroduceFileId": "5c5ba7f2fbcb5f16fc65b970", "PartyLogo": "https://storage.googleapis.com/candidate-thumbs/party/34.png", "CandididatePhoto": "https://storage.googleapis.com/candidate-thumbs/images/16-3-2.jpg"}, {"Unnamed: 0": 3579, "CandidateId": "0e7dc51e-398f-4caa-8fbf-fe2a087c77bf", "CandidateNo": 3, "FirstName": "ณัฐ์ธิวรรณ", "LastName": "พันธุรัตน์", "PartyName": "สยามพัฒนา", "PartyNumber": 182, "Title": "นาง", "Votable": true, "province_id": 16, "province_name": "ลพบุรี", "zone_number": 3, "PartyTerminated": false, "Age": 54, "Occupation": "ข้าราชการครู", "HighestEducation": "ปริญญาเอก", "ImageFileId": "5c5a3cdefbcb5f19bca89688", "SelfIntroduceFileId": "5c590ae0fbcb5f1d88144db6", "PartyLogo": "https://storage.googleapis.com/candidate-thumbs/party/182.png", "CandididatePhoto": "https://storage.googleapis.com/candidate-thumbs/images/16-3-3.jpg"}, {"Unnamed: 0": 3580, "CandidateId": "c5edb80d-c4e2-43e3-847d-9c1c0293f598", "CandidateNo": 4, "FirstName": "สังวาลย์", "LastName": "คงรอด", "PartyName": "พลังปวงชนไทย", "PartyNumber": 184, "Title": "นาย", "Votable": true, "province_id": 16, "province_name": "ลพบุรี", "zone_number": 3, "PartyTerminated": false, "Age": 68, "Occupation": "ข้าราชการบำนาญ", "HighestEducation": "ปริญญาตรี", "ImageFileId": "5c5804dffbcb5f1eec0fa352", "SelfIntroduceFileId": "5c590b86fbcb5f1d8814581a", "PartyLogo": "https://storage.googleapis.com/candidate-thumbs/party/184.png", "CandididatePhoto": "https://storage.googleapis.com/candidate-thumbs/images/16-3-4.jpg"}, {"Unnamed: 0": 3581, "CandidateId": "12d2daba-9eed-4cf4-a0b9-f103695db25e", "CandidateNo": 5, "FirstName": "วีระยุทธิ์", "LastName": "คำโพธิ์", "PartyName": "ประชาธิปไตยใหม่", "PartyNumber": 109, "Title": "นาย", "Votable": true, "province_id": 16, "province_name": "ลพบุรี", "zone_number": 3, "PartyTerminated": false, "Age": 63, "Occupation": "ข้าราชการบำนาญ", "HighestEducation": "ปริญญาโท", "ImageFileId": "5c5a3d6efbcb5f19bca8995f", "SelfIntroduceFileId": "5c590bf7fbcb5f1d88145d8c", "PartyLogo": "https://storage.googleapis.com/candidate-thumbs/party/109.png", "CandididatePhoto": "https://storage.googleapis.com/candidate-thumbs/images/16-3-5.jpg"}, {"Unnamed: 0": 3582, "CandidateId": "3f31c63a-b1a7-45d8-ac6a-8dfeb77f6254", "CandidateNo": 6, "FirstName": "นงนุช", "LastName": "เพชรรุ่ง", "PartyName": "ประชาภิวัฒน์", "PartyNumber": 172, "Title": "นาวาอากาศโทหญิง", "Votable": true, "province_id": 16, "province_name": "ลพบุรี", "zone_number": 3, "PartyTerminated": false, "Age": 64, "Occupation": "ข้าราชการบำนาญ", "HighestEducation": "ปริญญาตรี", "ImageFileId": "5c5a3d99fbcb5f19bca89a2d", "SelfIntroduceFileId": "5c590e18fbcb5f1d88147c35", "PartyLogo": "https://storage.googleapis.com/candidate-thumbs/party/172.png", "CandididatePhoto": "https://storage.googleapis.com/candidate-thumbs/images/16-3-6.jpg"}, {"Unnamed: 0": 3583, "CandidateId": "b0b9574c-e87a-4fca-bc90-795ca20a26bc", "CandidateNo": 7, "FirstName": "สุรศักดิ์", "LastName": "ศรีแสงเอก", "PartyName": "พลังท้องถิ่นไท", "PartyNumber": 124, "Title": "นาย", "Votable": true, "province_id": 16, "province_name": "ลพบุรี", "zone_number": 3, "PartyTerminated": false, "Age": 67, "Occupation": "ทนายความ", "HighestEducation": "ปริญญาโท", "ImageFileId": "5c5a3db9fbcb5f19bca89acf", "SelfIntroduceFileId": "5c590eadfbcb5f1d88148281", "PartyLogo": "https://storage.googleapis.com/candidate-thumbs/party/124.png", "CandididatePhoto": "https://storage.googleapis.com/candidate-thumbs/images/16-3-7.jpg"}, {"Unnamed: 0": 3584, "CandidateId": "65c7e472-fb63-40a8-b615-6be1ce21957a", "CandidateNo": 8, "FirstName": "ณฐพงศ์", "LastName": "นรสิงห์", "PartyName": "อนาคตใหม่", "PartyNumber": 177, "Title": "นาย", "Votable": true, "province_id": 16, "province_name": "ลพบุรี", "zone_number": 3, "PartyTerminated": false, "Age": 50, "Occupation": "ธุรกิจส่วนตัว", "HighestEducation": "ปริญญาตรี", "ImageFileId": "5c5a3ddefbcb5f19bca89b55", "SelfIntroduceFileId": "5c590f78fbcb5f1d88148fde", "PartyLogo": "https://storage.googleapis.com/candidate-thumbs/party/177.png", "CandididatePhoto": "https://storage.googleapis.com/candidate-thumbs/images/16-3-8.jpg"}, {"Unnamed: 0": 3585, "CandidateId": "c6c324f3-7351-44c6-b81e-e35ce3818119", "CandidateNo": 9, "FirstName": "สายัณห์", "LastName": "จันทร์อุดม", "PartyName": "ชาติไทยพัฒนา", "PartyNumber": 55, "Title": "ว่าที่พันตรี", "Votable": true, "province_id": 16, "province_name": "ลพบุรี", "zone_number": 3, "PartyTerminated": false, "Age": 46, "Occupation": "อดีต สจ.", "HighestEducation": "ปริญญาตรี", "ImageFileId": "5c5a3dfdfbcb5f19bca89c0a", "SelfIntroduceFileId": "5c590fd8fbcb5f1d88149710", "PartyLogo": "https://storage.googleapis.com/candidate-thumbs/party/55.png", "CandididatePhoto": "https://storage.googleapis.com/candidate-thumbs/images/16-3-9.jpg"}, {"Unnamed: 0": 3586, "CandidateId": "0b3e0cec-a243-4e1a-9835-be80c3da9487", "CandidateNo": 10, "FirstName": "อานุภาพ", "LastName": "วงษ์ขำ", "PartyName": "รวมพลังประชาชาติไทย", "PartyNumber": 181, "Title": "นาย", "Votable": true, "province_id": 16, "province_name": "ลพบุรี", "zone_number": 3, "PartyTerminated": false, "Age": 30, "Occupation": "ธุรกิจสินค้า otop", "HighestEducation": "ปริญญาตรี", "ImageFileId": "5c5a3e19fbcb5f19bca89c8d", "SelfIntroduceFileId": "5c591055fbcb5f1d88149f0c", "PartyLogo": "https://storage.googleapis.com/candidate-thumbs/party/181.png", "CandididatePhoto": "https://storage.googleapis.com/candidate-thumbs/images/16-3-10.jpg"}, {"Unnamed: 0": 3587, "CandidateId": "0ca17db2-443e-4b95-8938-792246e2b027", "CandidateNo": 11, "FirstName": "ชัชวาล", "LastName": "ถึงนาค", "PartyName": "เสรีรวมไทย", "PartyNumber": 145, "Title": "นาย", "Votable": true, "province_id": 16, "province_name": "ลพบุรี", "zone_number": 3, "PartyTerminated": false, "Age": 53, "Occupation": "เกษตรกรรม", "HighestEducation": "ปริญญาตรี", "ImageFileId": "5c5a3e3afbcb5f19bca89ce2", "SelfIntroduceFileId": "5c5911d3fbcb5f1d8814b327", "PartyLogo": "https://storage.googleapis.com/candidate-thumbs/party/145.png", "CandididatePhoto": "https://storage.googleapis.com/candidate-thumbs/images/16-3-11.jpg"}, {"Unnamed: 0": 3588, "CandidateId": "9f57a807-cc20-49b4-bcee-a32c20173e96", "CandidateNo": 12, "FirstName": "อำนวย", "LastName": "คลังผา", "PartyName": "พลังประชารัฐ", "PartyNumber": 192, "Title": "นาย", "Votable": true, "province_id": 16, "province_name": "ลพบุรี", "zone_number": 3, "PartyTerminated": false, "Age": 73, "Occupation": "สส. เขต 3 ลพบุรี", "HighestEducation": "ปริญญาโท", "ImageFileId": "5c5a3eb0fbcb5f19bca89ec8", "SelfIntroduceFileId": "5c591256fbcb5f1d8814ba14", "PartyLogo": "https://storage.googleapis.com/candidate-thumbs/party/192.png", "CandididatePhoto": "https://storage.googleapis.com/candidate-thumbs/images/16-3-12.jpg"}, {"Unnamed: 0": 3589, "CandidateId": "4262b43e-db51-48b1-baf7-7255bfdbd983", "CandidateNo": 13, "FirstName": "พุทธ", "LastName": "หอมพิกุล", "PartyName": "ประชาธิปัตย์", "PartyNumber": 1, "Title": "นาย", "Votable": true, "province_id": 16, "province_name": "ลพบุรี", "zone_number": 3, "PartyTerminated": false, "Age": 43, "Occupation": "รับราชการ", "HighestEducation": "ปริญญาโท", "ImageFileId": "5c5a3f15fbcb5f19bca8a22c", "SelfIntroduceFileId": "5c5912d4fbcb5f1d8814c0f8", "PartyLogo": "https://storage.googleapis.com/candidate-thumbs/party/1.png", "CandididatePhoto": "https://storage.googleapis.com/candidate-thumbs/images/16-3-13.jpg"}, {"Unnamed: 0": 3590, "CandidateId": "0e4abacf-2cb7-44fa-8c06-497911fe3bdf", "CandidateNo": 14, "FirstName": "วิไลย์", "LastName": "ทัศนะ", "PartyName": "เศรษฐกิจใหม่", "PartyNumber": 193, "Title": "นาย", "Votable": false, "province_id": 16, "province_name": "ลพบุรี", "zone_number": 3, "PartyTerminated": false, "Age": 54, "Occupation": "เกษตรกร", "HighestEducation": "ต่ำกว่าปริญญาตรี", "ImageFileId": "5c581708fbcb5f1eec10688d", "SelfIntroduceFileId": "5c591327fbcb5f1d8814c643", "PartyLogo": "https://storage.googleapis.com/candidate-thumbs/party/193.png", "CandididatePhoto": "https://storage.googleapis.com/candidate-thumbs/images/16-3-14.jpg"}, {"Unnamed: 0": 3591, "CandidateId": "d17963d3-a6ea-4a89-91f8-c2717e053f93", "CandidateNo": 15, "FirstName": "ชูชัย", "LastName": "สุขสมบูรณ์วงษ์", "PartyName": "เพื่อชาติ", "PartyNumber": 149, "Title": "นาย", "Votable": true, "province_id": 16, "province_name": "ลพบุรี", "zone_number": 3, "PartyTerminated": false, "Age": 54, "Occupation": "พนักงานปศุสัตว์", "HighestEducation": "ปริญญาตรี", "ImageFileId": "5c581856fbcb5f1eec1072e8", "SelfIntroduceFileId": "5c5913b1fbcb5f1d8814cbe9", "PartyLogo": "https://storage.googleapis.com/candidate-thumbs/party/149.png", "CandididatePhoto": "https://storage.googleapis.com/candidate-thumbs/images/16-3-15.jpg"}, {"Unnamed: 0": 3592, "CandidateId": "66ecc580-512c-4386-ba91-95e06edb53a1", "CandidateNo": 16, "FirstName": "กชภูมิ", "LastName": "ศรีวารี", "PartyName": "ประชานิยม", "PartyNumber": 191, "Title": "นาย", "Votable": true, "province_id": 16, "province_name": "ลพบุรี", "zone_number": 3, "PartyTerminated": false, "Age": 49, "Occupation": "ผจก. หจก.", "HighestEducation": "ปริญญาเอก", "ImageFileId": "5c5a3fd3fbcb5f19bca8a6de", "SelfIntroduceFileId": "5c592b0afbcb5f1d8815b1ce", "PartyLogo": "https://storage.googleapis.com/candidate-thumbs/party/191.png", "CandididatePhoto": "https://storage.googleapis.com/candidate-thumbs/images/16-3-16.jpg"}, {"Unnamed: 0": 3593, "CandidateId": "df5f75ff-1ca9-4c26-9eb0-a06041c76385", "CandidateNo": 17, "FirstName": "ชัยรัตน์", "LastName": "พัดเงิน", "PartyName": "รักษ์ผืนป่าประเทศไทย", "PartyNumber": 133, "Title": "นาย", "Votable": true, "province_id": 16, "province_name": "ลพบุรี", "zone_number": 3, "PartyTerminated": false, "Age": 66, "Occupation": "พนักงานขับรถ", "HighestEducation": "ต่ำกว่าปริญญาตรี", "ImageFileId": "5c581bf7fbcb5f1eec10853e", "SelfIntroduceFileId": "5c593582fbcb5f1d881649b5", "PartyLogo": "https://storage.googleapis.com/candidate-thumbs/party/133.png", "CandididatePhoto": "https://storage.googleapis.com/candidate-thumbs/images/16-3-17.jpg"}, {"Unnamed: 0": 3594, "CandidateId": "04ad9f92-7daf-454a-ae97-41c02958d29a", "CandidateNo": 18, "FirstName": "สุรเดช", "LastName": "มิ่งตระกูล", "PartyName": "เพื่อนไทย", "PartyNumber": 179, "Title": "นาย", "Votable": false, "province_id": 16, "province_name": "ลพบุรี", "zone_number": 3, "PartyTerminated": false, "Age": 25, "Occupation": "ธุรกิจส่วนตัว", "HighestEducation": "ปริญญาตรี", "ImageFileId": "5c581d52fbcb5f1eec108c2f", "SelfIntroduceFileId": "5c59450dfbcb5f1d88171ebf", "PartyLogo": "https://storage.googleapis.com/candidate-thumbs/party/179.png", "CandididatePhoto": "https://storage.googleapis.com/candidate-thumbs/images/16-3-18.jpg"}, {"Unnamed: 0": 3595, "CandidateId": "3247356b-7fe9-4108-a00a-7459723da09f", "CandidateNo": 19, "FirstName": "ชูเกียรติ", "LastName": "พรหมเรนทร์", "PartyName": "พลังธรรมใหม่", "PartyNumber": 175, "Title": "นาย", "Votable": true, "province_id": 16, "province_name": "ลพบุรี", "zone_number": 3, "PartyTerminated": false, "Age": 66, "Occupation": "รับราชการ", "HighestEducation": "ต่ำกว่าปริญญาตรี", "ImageFileId": "5c593e27fbcb5f1d8816c1c3", "SelfIntroduceFileId": "5c5940dcfbcb5f1d8816e78d", "PartyLogo": "https://storage.googleapis.com/candidate-thumbs/party/175.png", "CandididatePhoto": "https://storage.googleapis.com/candidate-thumbs/images/16-3-19.jpg"}, {"Unnamed: 0": 3596, "CandidateId": "4f4f7adf-b240-4efb-b2b2-54c32729f389", "CandidateNo": 20, "FirstName": "วิชาญ", "LastName": "เพชรจำนงค์", "PartyName": "เพื่อแผ่นดิน", "PartyNumber": 41, "Title": "นาย", "Votable": false, "province_id": 16, "province_name": "ลพบุรี", "zone_number": 3, "PartyTerminated": false, "Age": 36, "Occupation": "ธุรกิจส่วนตัว", "HighestEducation": "ปริญญาตรี", "ImageFileId": "5c5947d8fbcb5f1d88174b0c", "SelfIntroduceFileId": "5c5a4e25fbcb5f19bca91287", "PartyLogo": "https://storage.googleapis.com/candidate-thumbs/party/41.png", "CandididatePhoto": "https://storage.googleapis.com/candidate-thumbs/images/16-3-20.jpg"}, {"Unnamed: 0": 3597, "CandidateId": "d0490def-f5f2-40d1-9821-e38a5d3a4a94", "CandidateNo": 21, "FirstName": "ทัศไนย", "LastName": "เม็ดฝ้าย", "PartyName": "ภราดรภาพ", "PartyNumber": 154, "Title": "นางสาว", "Votable": true, "province_id": 16, "province_name": "ลพบุรี", "zone_number": 3, "PartyTerminated": false, "Age": 55, "Occupation": "เกษตรกร", "HighestEducation": "ต่ำกว่าปริญญาตรี", "ImageFileId": "5c594ed2fbcb5f1d8817a24b", "SelfIntroduceFileId": "5c5a4e96fbcb5f19bca91733", "PartyLogo": "https://storage.googleapis.com/candidate-thumbs/party/154.png", "CandididatePhoto": "https://storage.googleapis.com/candidate-thumbs/images/16-3-21.jpg"}, {"Unnamed: 0": 3598, "CandidateId": "fecd0ba8-f773-4a03-beab-26c1e27399af", "CandidateNo": 22, "FirstName": "ประดิษฐ์", "LastName": "แซ่เอี๋ยว", "PartyName": "กลาง", "PartyNumber": 203, "Title": "นาย", "Votable": true, "province_id": 16, "province_name": "ลพบุรี", "zone_number": 3, "PartyTerminated": false, "Age": 45, "Occupation": "พนักงานบริษัท", "HighestEducation": "ปริญญาตรี", "ImageFileId": "5c5a3feffbcb5f19bca8a743", "SelfIntroduceFileId": "5c5a4ee7fbcb5f19bca91b22", "PartyLogo": "https://storage.googleapis.com/candidate-thumbs/party/203.png", "CandididatePhoto": "https://storage.googleapis.com/candidate-thumbs/images/16-3-22.jpg"}, {"Unnamed: 0": 3599, "CandidateId": "2b60419d-2a5f-4949-b9eb-8f83bbe6a812", "CandidateNo": 23, "FirstName": "มนู", "LastName": "สุขสม", "PartyName": "ประชาธรรมไทย", "PartyNumber": 190, "Title": "ร้อยเอก", "Votable": true, "province_id": 16, "province_name": "ลพบุรี", "zone_number": 3, "PartyTerminated": false, "Age": 65, "Occupation": "ข้าราชการบำนาญ", "HighestEducation": "ต่ำกว่าปริญญาตรี", "ImageFileId": "5c5a5c1bfbcb5f19bca98981", "SelfIntroduceFileId": "5c5a5d3cfbcb5f19bca99578", "PartyLogo": "https://storage.googleapis.com/candidate-thumbs/party/190.png", "CandididatePhoto": "https://storage.googleapis.com/candidate-thumbs/images/16-3-23.jpg"}, {"Unnamed: 0": 3600, "CandidateId": "5ed8f5e0-7b5a-40fc-8700-1dc39d71f072", "CandidateNo": 24, "FirstName": "เล็ก", "LastName": "พุกแก้ว", "PartyName": "พลังประชาธิปไตย", "PartyNumber": 153, "Title": "นาย", "Votable": true, "province_id": 16, "province_name": "ลพบุรี", "zone_number": 3, "PartyTerminated": false, "Age": 69, "Occupation": "ธุรกิจการเกษตร", "HighestEducation": "ต่ำกว่าปริญญาตรี", "ImageFileId": "5c5a5d99fbcb5f19bca99964", "SelfIntroduceFileId": "5c5a61e3fbcb5f19bca9bd48", "PartyLogo": "https://storage.googleapis.com/candidate-thumbs/party/153.png", "CandididatePhoto": "https://storage.googleapis.com/candidate-thumbs/images/16-3-24.jpg"}, {"Unnamed: 0": 3601, "CandidateId": "0e697450-a065-4903-8402-b3c2abe27e38", "CandidateNo": 25, "FirstName": "ชุติมันต์", "LastName": "ชูเมือง", "PartyName": "พลังไทสร้างชาติ", "PartyNumber": 200, "Title": "พันตรี", "Votable": true, "province_id": 16, "province_name": "ลพบุรี", "zone_number": 3, "PartyTerminated": false, "Age": 63, "Occupation": "ข้าราชการบำนาญ", "HighestEducation": "ปริญญาตรี", "ImageFileId": "5c5bcb81fbcb5f16fc669cc0", "SelfIntroduceFileId": "5c5bcdd0fbcb5f16fc66abfa", "PartyLogo": "https://storage.googleapis.com/candidate-thumbs/party/200.png", "CandididatePhoto": "https://storage.googleapis.com/candidate-thumbs/images/16-3-25.jpg"}, {"Unnamed: 0": 3602, "CandidateId": "f911450c-9a0f-4ff4-b387-9e97a9571560", "CandidateNo": 26, "FirstName": "ศุภกร", "LastName": "ปาณเดชอภิวัฒน์", "PartyName": "มหาชน", "PartyNumber": 4, "Title": "นาย", "Votable": true, "province_id": 16, "province_name": "ลพบุรี", "zone_number": 3, "PartyTerminated": false, "Age": 45, "Occupation": "ธุรกิจส่วนตัว", "HighestEducation": "ต่ำกว่าปริญญาตรี", "ImageFileId": "5c5bea02fbcb5f16fc6790c2", "SelfIntroduceFileId": "5c5bec89fbcb5f16fc67a68e", "PartyLogo": "https://storage.googleapis.com/candidate-thumbs/party/4.png", "CandididatePhoto": "https://storage.googleapis.com/candidate-thumbs/images/16-3-26.jpg"}, {"Unnamed: 0": 3603, "CandidateId": "b6e02be0-85c1-479a-aee2-8c0fbdcf821c", "CandidateNo": 27, "FirstName": "ฑิฆัมพร", "LastName": "ดำสง่า", "PartyName": "ประชาไทย", "PartyNumber": 205, "Title": "นาย", "Votable": true, "province_id": 16, "province_name": "ลพบุรี", "zone_number": 3, "PartyTerminated": false, "Age": 37, "Occupation": "ค้าขาย", "HighestEducation": "ต่ำกว่าปริญญาตรี", "ImageFileId": "5c5bf620fbcb5f16fc67f7c3", "SelfIntroduceFileId": "5c5bf6fafbcb5f16fc67fd6b", "PartyLogo": "https://storage.googleapis.com/candidate-thumbs/party/205.png", "CandididatePhoto": "https://storage.googleapis.com/candidate-thumbs/images/16-3-27.jpg"}, {"Unnamed: 0": 3604, "CandidateId": "a498be38-90f7-40c6-811f-f410eb2d1a01", "CandidateNo": 28, "FirstName": "บุญส่ง", "LastName": "ขาวดี", "PartyName": "เครือข่ายชาวนาแห่งประเทศไทย", "PartyNumber": 22, "Title": "นาง", "Votable": true, "province_id": 16, "province_name": "ลพบุรี", "zone_number": 3, "PartyTerminated": false, "Age": 66, "Occupation": "เกษตรกร", "HighestEducation": "ต่ำกว่าปริญญาตรี", "ImageFileId": "5c5bf7b7fbcb5f16fc6800a4", "SelfIntroduceFileId": "5c5bf89efbcb5f16fc6805eb", "PartyLogo": "https://storage.googleapis.com/candidate-thumbs/party/22.png", "CandididatePhoto": "https://storage.googleapis.com/candidate-thumbs/images/16-3-28.jpg"}, {"Unnamed: 0": 3605, "CandidateId": "79793608-9940-4b20-b7e5-412831676731", "CandidateNo": 29, "FirstName": "จำเนียร", "LastName": "เสริมสงค์", "PartyName": "พลังศรัทธา", "PartyNumber": 201, "Title": "นาย", "Votable": true, "province_id": 16, "province_name": "ลพบุรี", "zone_number": 3, "PartyTerminated": false, "Age": 49, "Occupation": "เกษตรกร", "HighestEducation": "ปริญญาตรี", "ImageFileId": "5c5d2fcffbcb5f0fd885c06d", "SelfIntroduceFileId": "5c5d3e34fbcb5f0fd8863ac0", "PartyLogo": "https://storage.googleapis.com/candidate-thumbs/party/201.png", "CandididatePhoto": "https://storage.googleapis.com/candidate-thumbs/images/16-3-29.jpg"}, {"Unnamed: 0": 3606, "CandidateId": "81ec8aca-feb1-486e-ad57-8324108d110e", "CandidateNo": 30, "FirstName": "จารุกิตติ์", "LastName": "คงสุวรรณ", "PartyName": "พลังแผ่นดินทอง", "PartyNumber": 202, "Title": "ร้อยเอก", "Votable": true, "province_id": 16, "province_name": "ลพบุรี", "zone_number": 3, "PartyTerminated": false, "Age": 61, "Occupation": "รับราชการ", "HighestEducation": "ปริญญาตรี", "ImageFileId": "5c5d3e80fbcb5f0fd8863d36", "SelfIntroduceFileId": "5c5d4decfbcb5f0fd886e4d1", "PartyLogo": "https://storage.googleapis.com/candidate-thumbs/party/202.png", "CandididatePhoto": "https://storage.googleapis.com/candidate-thumbs/images/16-3-30.jpg"}, {"Unnamed: 0": 3607, "CandidateId": "b205e30e-a81b-4428-ad77-671afa2fd1ad", "CandidateNo": 31, "FirstName": "ชินาวัฒน์", "LastName": "พระนารี", "PartyName": "พลังชาติไทย", "PartyNumber": 186, "Title": "นาย", "Votable": true, "province_id": 16, "province_name": "ลพบุรี", "zone_number": 3, "PartyTerminated": false, "Age": 41, "Occupation": "รับจ้างทั่วไป", "HighestEducation": "ปริญญาตรี", "ImageFileId": "5c5d4bb3fbcb5f0fd886d135", "SelfIntroduceFileId": "5c5d521cfbcb5f0fd8870fdf", "PartyLogo": "https://storage.googleapis.com/candidate-thumbs/party/186.png", "CandididatePhoto": "https://storage.googleapis.com/candidate-thumbs/images/16-3-31.jpg"}, {"Unnamed: 0": 3608, "CandidateId": "2ea28405-a67e-4903-892b-0288292a416f", "CandidateNo": 32, "FirstName": "สุทิน", "LastName": "ชุ่มจิตร์", "PartyName": "ภาคีเครือข่ายไทย", "PartyNumber": 211, "Title": "นาย", "Votable": true, "province_id": 16, "province_name": "ลพบุรี", "zone_number": 3, "PartyTerminated": false, "Age": 66, "Occupation": "ข้าราชการบำนาญ", "HighestEducation": "ปริญญาโท", "ImageFileId": "5c5d6279fbcb5f0fd887c014", "SelfIntroduceFileId": "5c5d64d9fbcb5f0fd887d078", "PartyLogo": "https://storage.googleapis.com/candidate-thumbs/party/211.png", "CandididatePhoto": "https://storage.googleapis.com/candidate-thumbs/images/16-3-32.jpg"}, {"Unnamed: 0": 3609, "CandidateId": "d602af2a-e306-45a6-aea4-592ac79a69bf", "CandidateNo": 33, "FirstName": "เอกชัย", "LastName": "กล้าหาญ", "PartyName": "ไทรักธรรม", "PartyNumber": 144, "Title": "นาย", "Votable": true, "province_id": 16, "province_name": "ลพบุรี", "zone_number": 3, "PartyTerminated": false, "Age": 53, "Occupation": "ธุรกิจส่วนตัว", "HighestEducation": "ต่ำกว่าปริญญาตรี", "ImageFileId": "5c5d5c91fbcb5f0fd8879058", "SelfIntroduceFileId": "5c5d5e7efbcb5f0fd8879f65", "PartyLogo": "https://storage.googleapis.com/candidate-thumbs/party/144.png", "CandididatePhoto": "https://storage.googleapis.com/candidate-thumbs/images/16-3-33.jpg"}]