[{"Unnamed: 0": 3640, "CandidateId": "dc9765f0-3328-40e5-ba2a-161578b295b2", "CandidateNo": 1, "FirstName": "ฑิพาฎีพ์", "LastName": "ปวีณาเสถียร", "PartyName": "อนาคตใหม่", "PartyNumber": 177, "Title": "นาง", "Votable": true, "province_id": 52, "province_name": "ลำปาง", "zone_number": 1, "PartyTerminated": false, "Age": 49, "Occupation": "ธุรกิจส่วนตัว", "HighestEducation": "ปริญญาโท", "ImageFileId": "5c57bc94fbcb5f1eec0d4bb1", "SelfIntroduceFileId": "5c57ce9efbcb5f1eec0dc873", "PartyLogo": "https://storage.googleapis.com/candidate-thumbs/party/177.png", "CandididatePhoto": "https://storage.googleapis.com/candidate-thumbs/images/52-1-1.jpg"}, {"Unnamed: 0": 3641, "CandidateId": "29ca7616-04bf-4c96-bf15-32f60f573ff9", "CandidateNo": 2, "FirstName": "ขนิษฐา", "LastName": "นิภาเกษม", "PartyName": "ประชาธิปัตย์", "PartyNumber": 1, "Title": "นาง", "Votable": true, "province_id": 52, "province_name": "ลำปาง", "zone_number": 1, "PartyTerminated": false, "Age": 57, "Occupation": "ผู้บริหารโรงเรียนแสนศรีพัฒนาวิชาชีพและภาษาลำปาง", "HighestEducation": "ปริญญาโท", "ImageFileId": "5c57d175fbcb5f1eec0dd2f7", "SelfIntroduceFileId": "5c57d8c8fbcb5f1eec0df3ec", "PartyLogo": "https://storage.googleapis.com/candidate-thumbs/party/1.png", "CandididatePhoto": "https://storage.googleapis.com/candidate-thumbs/images/52-1-2.jpg"}, {"Unnamed: 0": 3642, "CandidateId": "8991c206-2735-4311-baae-766afb0c9279", "CandidateNo": 3, "FirstName": "เอกสิทธิ์", "LastName": "มานะรุ่งโรจน์", "PartyName": "เพื่อแผ่นดิน", "PartyNumber": 41, "Title": "นาย", "Votable": true, "province_id": 52, "province_name": "ลำปาง", "zone_number": 1, "PartyTerminated": false, "Age": 48, "Occupation": "ทนายความ", "HighestEducation": "ปริญญาตรี", "ImageFileId": "5c57da8ffbcb5f1eec0dfc43", "SelfIntroduceFileId": "5c623fa1fbcb5f2ba43b470d", "PartyLogo": "https://storage.googleapis.com/candidate-thumbs/party/41.png", "CandididatePhoto": "https://storage.googleapis.com/candidate-thumbs/images/52-1-3.jpg"}, {"Unnamed: 0": 3643, "CandidateId": "414b44fb-7d04-499f-8471-85d6d8f565ab", "CandidateNo": 4, "FirstName": "ศิระภัทร์", "LastName": "คมสัน", "PartyName": "ชาติพัฒนา", "PartyNumber": 45, "Title": "นาย", "Votable": true, "province_id": 52, "province_name": "ลำปาง", "zone_number": 1, "PartyTerminated": false, "Age": 33, "Occupation": "ทนายความ", "HighestEducation": "ปริญญาตรี", "ImageFileId": "5c57e257fbcb5f1eec0e2bdc", "SelfIntroduceFileId": "5c57ed00fbcb5f1eec0e83ed", "PartyLogo": "https://storage.googleapis.com/candidate-thumbs/party/45.png", "CandididatePhoto": "https://storage.googleapis.com/candidate-thumbs/images/52-1-4.jpg"}, {"Unnamed: 0": 3644, "CandidateId": "d494b718-111f-41c8-aea6-89134139ea59", "CandidateNo": 5, "FirstName": "วิเชียร", "LastName": "ขลุ่ยทอง", "PartyName": "ประชาภิวัฒน์", "PartyNumber": 172, "Title": "นาย", "Votable": true, "province_id": 52, "province_name": "ลำปาง", "zone_number": 1, "PartyTerminated": false, "Age": 64, "Occupation": "พนักงานบำนาญ", "HighestEducation": "ปริญญาตรี", "ImageFileId": "5c57ee77fbcb5f1eec0e9490", "SelfIntroduceFileId": "5c57f2b7fbcb5f1eec0ebbb4", "PartyLogo": "https://storage.googleapis.com/candidate-thumbs/party/172.png", "CandididatePhoto": "https://storage.googleapis.com/candidate-thumbs/images/52-1-5.jpg"}, {"Unnamed: 0": 3645, "CandidateId": "ca811a84-ba4a-4b0c-a26e-fd65e6ad40b9", "CandidateNo": 6, "FirstName": "ชุมพล", "LastName": "ปวนชมภู", "PartyName": "รักษ์ผืนป่าประเทศไทย", "PartyNumber": 133, "Title": "นาย", "Votable": true, "province_id": 52, "province_name": "ลำปาง", "zone_number": 1, "PartyTerminated": false, "Age": 56, "Occupation": "เกษตรกร", "HighestEducation": "ปริญญาตรี", "ImageFileId": "5c57f406fbcb5f1eec0ec8db", "SelfIntroduceFileId": "5c57fc28fbcb5f1eec0f27c5", "PartyLogo": "https://storage.googleapis.com/candidate-thumbs/party/133.png", "CandididatePhoto": "https://storage.googleapis.com/candidate-thumbs/images/52-1-6.jpg"}, {"Unnamed: 0": 3646, "CandidateId": "68396f10-ab09-471e-a10c-4f3f0b7c4d72", "CandidateNo": 7, "FirstName": "จินณ์", "LastName": "ถาคำฟู", "PartyName": "พลังประชารัฐ", "PartyNumber": 192, "Title": "นาย", "Votable": true, "province_id": 52, "province_name": "ลำปาง", "zone_number": 1, "PartyTerminated": false, "Age": 66, "Occupation": "สมาชิกสภาองค์การบริหารส่วนจังหวัดลำปาง", "HighestEducation": "ปริญญาตรี", "ImageFileId": "5c57fcc4fbcb5f1eec0f2f5b", "SelfIntroduceFileId": "5c58046efbcb5f1eec0f9d1d", "PartyLogo": "https://storage.googleapis.com/candidate-thumbs/party/192.png", "CandididatePhoto": "https://storage.googleapis.com/candidate-thumbs/images/52-1-7.jpg"}, {"Unnamed: 0": 3647, "CandidateId": "5d272e8b-a65c-4c76-ad34-8d357ced16fd", "CandidateNo": 8, "FirstName": "อำพล", "LastName": "คำศรีวรรณ", "PartyName": "พลังท้องถิ่นไท", "PartyNumber": 124, "Title": "นาย", "Votable": true, "province_id": 52, "province_name": "ลำปาง", "zone_number": 1, "PartyTerminated": false, "Age": 62, "Occupation": "รับจ้างทั่วไป", "HighestEducation": "ปริญญาโท", "ImageFileId": "5c57fdbefbcb5f1eec0f3f1a", "SelfIntroduceFileId": "5c5806d0fbcb5f1eec0fbda9", "PartyLogo": "https://storage.googleapis.com/candidate-thumbs/party/124.png", "CandididatePhoto": "https://storage.googleapis.com/candidate-thumbs/images/52-1-8.jpg"}, {"Unnamed: 0": 3648, "CandidateId": "6e16da93-b8c3-4f5c-9a6c-991969bb4847", "CandidateNo": 9, "FirstName": "ธมลวรรณ", "LastName": "จินากุล", "PartyName": "เสรีรวมไทย", "PartyNumber": 145, "Title": "นาง", "Votable": true, "province_id": 52, "province_name": "ลำปาง", "zone_number": 1, "PartyTerminated": false, "Age": 62, "Occupation": "เจ้าของกิจการถ่ายเอกสาร", "HighestEducation": "ปริญญาตรี", "ImageFileId": "5c58e015fbcb5f1d8812d8f3", "SelfIntroduceFileId": "5c58e95dfbcb5f1d8812f542", "PartyLogo": "https://storage.googleapis.com/candidate-thumbs/party/145.png", "CandididatePhoto": "https://storage.googleapis.com/candidate-thumbs/images/52-1-9.jpg"}, {"Unnamed: 0": 3649, "CandidateId": "cec31a75-d5b2-4412-bf1e-b554b113c80a", "CandidateNo": 10, "FirstName": "กิตติกร", "LastName": "โล่ห์สุนทร", "PartyName": "เพื่อไทย", "PartyNumber": 34, "Title": "นาย", "Votable": true, "province_id": 52, "province_name": "ลำปาง", "zone_number": 1, "PartyTerminated": false, "Age": 50, "Occupation": "วิศวกร", "HighestEducation": "ปริญญาโท", "ImageFileId": "5c58ea82fbcb5f1d8812fae1", "SelfIntroduceFileId": "5c58ed23fbcb5f1d8813088c", "PartyLogo": "https://storage.googleapis.com/candidate-thumbs/party/34.png", "CandididatePhoto": "https://storage.googleapis.com/candidate-thumbs/images/52-1-10.jpg"}, {"Unnamed: 0": 3650, "CandidateId": "b3412a66-f61c-4746-8a5f-3a18951fc352", "CandidateNo": 11, "FirstName": "สุพรรณ์", "LastName": "อุดสมใจ", "PartyName": "เพื่อชาติ", "PartyNumber": 149, "Title": "นางสาว", "Votable": true, "province_id": 52, "province_name": "ลำปาง", "zone_number": 1, "PartyTerminated": false, "Age": 46, "Occupation": "ค้าขาย", "HighestEducation": "ปริญญาตรี", "ImageFileId": "5c58eeccfbcb5f1d8813138f", "SelfIntroduceFileId": "5c58f3bcfbcb5f1d881342bf", "PartyLogo": "https://storage.googleapis.com/candidate-thumbs/party/149.png", "CandididatePhoto": "https://storage.googleapis.com/candidate-thumbs/images/52-1-11.jpg"}, {"Unnamed: 0": 3651, "CandidateId": "ea8ee4c5-1891-4b2d-a47c-5588460d3c6e", "CandidateNo": 12, "FirstName": "นคร", "LastName": "โยธาวงศ์", "PartyName": "รวมพลังประชาชาติไทย", "PartyNumber": 181, "Title": "นาย", "Votable": true, "province_id": 52, "province_name": "ลำปาง", "zone_number": 1, "PartyTerminated": false, "Age": 56, "Occupation": "เจ้าของกิจการ", "HighestEducation": "ปริญญาโท", "ImageFileId": "5c59206bfbcb5f1d8815365e", "SelfIntroduceFileId": "5c5a625ffbcb5f19bca9c162", "PartyLogo": "https://storage.googleapis.com/candidate-thumbs/party/181.png", "CandididatePhoto": "https://storage.googleapis.com/candidate-thumbs/images/52-1-12.jpg"}, {"Unnamed: 0": 3652, "CandidateId": "0a4f912e-a0e7-4318-aa54-019dabeed92c", "CandidateNo": 13, "FirstName": "บริบูรณ์", "LastName": "บุญยู่ฮง", "PartyName": "ภูมิใจไทย", "PartyNumber": 63, "Title": "นาย", "Votable": true, "province_id": 52, "province_name": "ลำปาง", "zone_number": 1, "PartyTerminated": false, "Age": 51, "Occupation": "สมาชิกสภาเทศบาลนครลำปาง", "HighestEducation": "ปริญญาเอก", "ImageFileId": "5c58f8f9fbcb5f1d88137b2b", "SelfIntroduceFileId": "5c58fd5bfbcb5f1d8813a242", "PartyLogo": "https://storage.googleapis.com/candidate-thumbs/party/63.png", "CandididatePhoto": "https://storage.googleapis.com/candidate-thumbs/images/52-1-13.jpg"}, {"Unnamed: 0": 3653, "CandidateId": "c81bab2b-44f5-4217-9fc2-3d8125287a94", "CandidateNo": 14, "FirstName": "พลพงศ์", "LastName": "กำหนดศรี", "PartyName": "ภราดรภาพ", "PartyNumber": 154, "Title": "นาย", "Votable": true, "province_id": 52, "province_name": "ลำปาง", "zone_number": 1, "PartyTerminated": false, "Age": 53, "Occupation": "ธุรกิจส่วนตัว", "HighestEducation": "ต่ำกว่าปริญญาตรี", "ImageFileId": "5c58fe68fbcb5f1d8813ad20", "SelfIntroduceFileId": "5c5902ddfbcb5f1d8813e770", "PartyLogo": "https://storage.googleapis.com/candidate-thumbs/party/154.png", "CandididatePhoto": "https://storage.googleapis.com/candidate-thumbs/images/52-1-14.jpg"}, {"Unnamed: 0": 3654, "CandidateId": "8cddd5e4-8749-4005-96c2-ea8813699664", "CandidateNo": 15, "FirstName": "ชานนท", "LastName": "สิทธิไพศาล", "PartyName": "ชาติไทยพัฒนา", "PartyNumber": 55, "Title": "นาย", "Votable": true, "province_id": 52, "province_name": "ลำปาง", "zone_number": 1, "PartyTerminated": false, "Age": 63, "Occupation": "รับจ้าง", "HighestEducation": "ปริญญาโท", "ImageFileId": "5c59076cfbcb5f1d8814209a", "SelfIntroduceFileId": "5c590967fbcb5f1d881437bb", "PartyLogo": "https://storage.googleapis.com/candidate-thumbs/party/55.png", "CandididatePhoto": "https://storage.googleapis.com/candidate-thumbs/images/52-1-15.jpg"}, {"Unnamed: 0": 3655, "CandidateId": "87b01b53-92af-44ae-b6bc-1666759dadcc", "CandidateNo": 16, "FirstName": "เจนจิรา", "LastName": "คำป่าแลว", "PartyName": "ประชานิยม", "PartyNumber": 191, "Title": "นาง", "Votable": true, "province_id": 52, "province_name": "ลำปาง", "zone_number": 1, "PartyTerminated": false, "Age": 55, "Occupation": "ธุรกิจส่วนตัว", "HighestEducation": "ปริญญาตรี", "ImageFileId": "5c59347bfbcb5f1d88163a6d", "SelfIntroduceFileId": "5c593c6ffbcb5f1d8816a8d2", "PartyLogo": "https://storage.googleapis.com/candidate-thumbs/party/191.png", "CandididatePhoto": "https://storage.googleapis.com/candidate-thumbs/images/52-1-16.jpg"}, {"Unnamed: 0": 3656, "CandidateId": "696366a7-f903-4a3e-a7c6-53aa45337959", "CandidateNo": 17, "FirstName": "ศรัณย์", "LastName": "หมื่นสันธิ", "PartyName": "เศรษฐกิจใหม่", "PartyNumber": 193, "Title": "ร.ต.ท.", "Votable": true, "province_id": 52, "province_name": "ลำปาง", "zone_number": 1, "PartyTerminated": false, "Age": 63, "Occupation": "รับราชการตำรวจ", "HighestEducation": "ปริญญาตรี", "ImageFileId": "5c594f54fbcb5f1d8817a72b", "SelfIntroduceFileId": "5c59513cfbcb5f1d8817c2f7", "PartyLogo": "https://storage.googleapis.com/candidate-thumbs/party/193.png", "CandididatePhoto": "https://storage.googleapis.com/candidate-thumbs/images/52-1-17.jpg"}, {"Unnamed: 0": 3657, "CandidateId": "57469f5d-ae2a-4acf-80ba-39b96528f580", "CandidateNo": 18, "FirstName": "บัญชา", "LastName": "สิริธัญวลัย", "PartyName": "พลังไทยรักไทย", "PartyNumber": 185, "Title": "นาย", "Votable": true, "province_id": 52, "province_name": "ลำปาง", "zone_number": 1, "PartyTerminated": false, "Age": 49, "Occupation": "ค้าขาย(ธุรกิจส่วนตัว)", "HighestEducation": "ต่ำกว่าปริญญาตรี", "ImageFileId": "5c59531dfbcb5f1d8817d725", "SelfIntroduceFileId": "5c5957cdfbcb5f1d8817fe22", "PartyLogo": "https://storage.googleapis.com/candidate-thumbs/party/185.png", "CandididatePhoto": "https://storage.googleapis.com/candidate-thumbs/images/52-1-18.jpg"}, {"Unnamed: 0": 3658, "CandidateId": "61733d53-964e-4ab0-a9f1-0e5bb454640e", "CandidateNo": 19, "FirstName": "อาทิตย์", "LastName": "แก้วอุ่นเรือน", "PartyName": "ชาติพันธุ์ไทย", "PartyNumber": 196, "Title": "พ.ต.ท.", "Votable": true, "province_id": 52, "province_name": "ลำปาง", "zone_number": 1, "PartyTerminated": false, "Age": 52, "Occupation": "รับราชการตำรวจ", "HighestEducation": "ปริญญาโท", "ImageFileId": "5c5a8067fbcb5f19bcaa67b8", "SelfIntroduceFileId": "5c5a8565fbcb5f19bcaa9098", "PartyLogo": "https://storage.googleapis.com/candidate-thumbs/party/196.png", "CandididatePhoto": "https://storage.googleapis.com/candidate-thumbs/images/52-1-19.jpg"}, {"Unnamed: 0": 3659, "CandidateId": "da0e5a4f-11a4-4626-99e5-2017e013b194", "CandidateNo": 20, "FirstName": "วิรัตน์", "LastName": "จันทร์มล", "PartyName": "พลังชาติไทย", "PartyNumber": 186, "Title": "พ.อ.", "Votable": true, "province_id": 52, "province_name": "ลำปาง", "zone_number": 1, "PartyTerminated": false, "Age": 69, "Occupation": "รับราชการทหาร", "HighestEducation": "ปริญญาตรี", "ImageFileId": "5c5b9831fbcb5f16fc655505", "SelfIntroduceFileId": "5c5bca58fbcb5f16fc669623", "PartyLogo": "https://storage.googleapis.com/candidate-thumbs/party/186.png", "CandididatePhoto": "https://storage.googleapis.com/candidate-thumbs/images/52-1-20.jpg"}, {"Unnamed: 0": 3660, "CandidateId": "f35f9d07-2a00-4a83-870d-16e66816341d", "CandidateNo": 21, "FirstName": "เรืองฤทธิ์", "LastName": "แสนจิตร", "PartyName": "ไทยรักษาชาติ", "PartyNumber": 77, "Title": "นาย", "Votable": true, "province_id": 52, "province_name": "ลำปาง", "zone_number": 1, "PartyTerminated": true, "Age": 63, "Occupation": "เจ้าของโรงเรียนกวดวิชาเรืองฤทธิ์ฺ", "HighestEducation": "ปริญญาตรี", "ImageFileId": "5c5bcab0fbcb5f16fc66982b", "SelfIntroduceFileId": "5c5bce53fbcb5f16fc66b120", "PartyLogo": "https://storage.googleapis.com/candidate-thumbs/party/77.png", "CandididatePhoto": "https://storage.googleapis.com/candidate-thumbs/images/52-1-21.jpg"}, {"Unnamed: 0": 3661, "CandidateId": "d83bd900-c00f-44bb-a198-5f12a6cbbaa8", "CandidateNo": 22, "FirstName": "ธนชาติ", "LastName": "จินดานุรักษ์", "PartyName": "ประชาชนปฏิรูป", "PartyNumber": 176, "Title": "นาย", "Votable": true, "province_id": 52, "province_name": "ลำปาง", "zone_number": 1, "PartyTerminated": false, "Age": 45, "Occupation": "ทำธุรกิจส่วนตัว", "HighestEducation": "ต่ำกว่าปริญญาตรี", "ImageFileId": "5c5bcef1fbcb5f16fc66b431", "SelfIntroduceFileId": "5c5bd11efbcb5f16fc66c3f5", "PartyLogo": "https://storage.googleapis.com/candidate-thumbs/party/176.png", "CandididatePhoto": "https://storage.googleapis.com/candidate-thumbs/images/52-1-22.jpg"}, {"Unnamed: 0": 3662, "CandidateId": "aecf50c6-335d-4309-a00d-54804d971883", "CandidateNo": 23, "FirstName": "องอาจ", "LastName": "แก้วสกุล", "PartyName": "ครูไทยเพื่อประชาชน", "PartyNumber": 118, "Title": "นาย", "Votable": true, "province_id": 52, "province_name": "ลำปาง", "zone_number": 1, "PartyTerminated": false, "Age": 52, "Occupation": "พนักงานศาสนการด้านการศึกษาสำนักงานพระพุทธศาสนาลำปาง", "HighestEducation": "ปริญญาตรี", "ImageFileId": "5c5bd1f6fbcb5f16fc66cb8e", "SelfIntroduceFileId": "5c5bd4c6fbcb5f16fc66e01a", "PartyLogo": "https://storage.googleapis.com/candidate-thumbs/party/118.png", "CandididatePhoto": "https://storage.googleapis.com/candidate-thumbs/images/52-1-23.jpg"}, {"Unnamed: 0": 3663, "CandidateId": "2dd90af7-fdfe-4671-aca9-8d6ddfc929d4", "CandidateNo": 24, "FirstName": "เอกชัย", "LastName": "ใจคำท้าว", "PartyName": "พลังไทสร้างชาติ", "PartyNumber": 200, "Title": "ว่าที่ร้อยโท", "Votable": true, "province_id": 52, "province_name": "ลำปาง", "zone_number": 1, "PartyTerminated": false, "Age": 33, "Occupation": "ธุรกิจส่วนตัว", "HighestEducation": "ปริญญาตรี", "ImageFileId": "5c5bd54afbcb5f16fc66e26b", "SelfIntroduceFileId": "5c5bd697fbcb5f16fc66eb0b", "PartyLogo": "https://storage.googleapis.com/candidate-thumbs/party/200.png", "CandididatePhoto": "https://storage.googleapis.com/candidate-thumbs/images/52-1-24.jpg"}, {"Unnamed: 0": 3664, "CandidateId": "2799c13f-2505-48ce-bcc7-02e79d128a84", "CandidateNo": 25, "FirstName": "เจษฎา", "LastName": "ฟูกุล", "PartyName": "พลังปวงชนไทย", "PartyNumber": 184, "Title": "นาย", "Votable": true, "province_id": 52, "province_name": "ลำปาง", "zone_number": 1, "PartyTerminated": false, "Age": 47, "Occupation": "นักธุรกิจ", "HighestEducation": "ต่ำกว่าปริญญาตรี", "ImageFileId": "5c5bd70cfbcb5f16fc66efba", "SelfIntroduceFileId": "5c5bd922fbcb5f16fc6701f8", "PartyLogo": "https://storage.googleapis.com/candidate-thumbs/party/184.png", "CandididatePhoto": "https://storage.googleapis.com/candidate-thumbs/images/52-1-25.jpg"}, {"Unnamed: 0": 3665, "CandidateId": "54ae8396-71c0-43f0-94c5-6c4fbb2f5161", "CandidateNo": 26, "FirstName": "อภิชาติ", "LastName": "โชว์เจริญสุข", "PartyName": "พลเมืองไทย", "PartyNumber": 173, "Title": "นาย", "Votable": true, "province_id": 52, "province_name": "ลำปาง", "zone_number": 1, "PartyTerminated": false, "Age": 42, "Occupation": "ลูกจ้าง", "HighestEducation": "ปริญญาตรี", "ImageFileId": "5c5d417afbcb5f0fd8865ffd", "SelfIntroduceFileId": "5c5d54fbfbcb5f0fd88737dd", "PartyLogo": "https://storage.googleapis.com/candidate-thumbs/party/173.png", "CandididatePhoto": "https://storage.googleapis.com/candidate-thumbs/images/52-1-26.jpg"}, {"Unnamed: 0": 3666, "CandidateId": "3d7d3876-5106-43d6-9b6c-c6418d433d8c", "CandidateNo": 27, "FirstName": "ขจร", "LastName": "แก้วใจบุญ", "PartyName": "พลังประชาธิปไตย", "PartyNumber": 153, "Title": "นาย", "Votable": true, "province_id": 52, "province_name": "ลำปาง", "zone_number": 1, "PartyTerminated": false, "Age": 39, "Occupation": "พนักงานบริษัท", "HighestEducation": "ปริญญาตรี", "ImageFileId": "5c5d56e9fbcb5f0fd8875202", "SelfIntroduceFileId": "5c5d58c4fbcb5f0fd8876a06", "PartyLogo": "https://storage.googleapis.com/candidate-thumbs/party/153.png", "CandididatePhoto": "https://storage.googleapis.com/candidate-thumbs/images/52-1-27.jpg"}, {"Unnamed: 0": 3667, "CandidateId": "5f49523b-da2a-4c7a-8ee2-846ede9b130c", "CandidateNo": 28, "FirstName": "กัลยาณี", "LastName": "จันทมาลา", "PartyName": "มหาชน", "PartyNumber": 4, "Title": "นาง", "Votable": true, "province_id": 52, "province_name": "ลำปาง", "zone_number": 1, "PartyTerminated": false, "Age": 59, "Occupation": "รับจ้าง", "HighestEducation": "ต่ำกว่าปริญญาตรี", "ImageFileId": "5c5d5acffbcb5f0fd8877fa0", "SelfIntroduceFileId": "5c5d5c09fbcb5f0fd8878b96", "PartyLogo": "https://storage.googleapis.com/candidate-thumbs/party/4.png", "CandididatePhoto": "https://storage.googleapis.com/candidate-thumbs/images/52-1-28.jpg"}, {"Unnamed: 0": 3668, "CandidateId": "9bb8b4e2-4cda-4ba3-b54a-bd8c3cf09a22", "CandidateNo": 29, "FirstName": "นพรุจ", "LastName": "วิชัยขัทคะ", "PartyName": "แทนคุณแผ่นดิน", "PartyNumber": 53, "Title": "นาย", "Votable": true, "province_id": 52, "province_name": "ลำปาง", "zone_number": 1, "PartyTerminated": false, "Age": 39, "Occupation": "ธุรกิจส่วนตัว", "HighestEducation": "ปริญญาโท", "ImageFileId": "5c5d5dfefbcb5f0fd8879c93", "SelfIntroduceFileId": "5c5d5f91fbcb5f0fd887a83c", "PartyLogo": "https://storage.googleapis.com/candidate-thumbs/party/53.png", "CandididatePhoto": "https://storage.googleapis.com/candidate-thumbs/images/52-1-29.jpg"}, {"Unnamed: 0": 3669, "CandidateId": "39fd4915-4493-45f0-a2fe-7e7013ef66fe", "CandidateNo": 30, "FirstName": "องอาจ", "LastName": "สินอนันต์เศรษฐ์", "PartyName": "ไทรักธรรม", "PartyNumber": 144, "Title": "นาย", "Votable": true, "province_id": 52, "province_name": "ลำปาง", "zone_number": 1, "PartyTerminated": false, "Age": 51, "Occupation": "รับเหมาก่อสร้าง", "HighestEducation": "ต่ำกว่าปริญญาตรี", "ImageFileId": "5c5d600dfbcb5f0fd887acb4", "SelfIntroduceFileId": "5c5d611dfbcb5f0fd887b75e", "PartyLogo": "https://storage.googleapis.com/candidate-thumbs/party/144.png", "CandididatePhoto": "https://storage.googleapis.com/candidate-thumbs/images/52-1-30.jpg"}]