[{"Unnamed: 0": 8003, "CandidateId": "243fb1d1-ea45-48e0-921b-b9e8870e96ff", "CandidateNo": 1, "FirstName": "กัณญรัตน์", "LastName": "จันทร์ดวง", "PartyName": "ประชาชนปฏิรูป", "PartyNumber": 176, "Title": "นางสาว", "Votable": true, "province_id": 33, "province_name": "ศรีสะเกษ", "zone_number": 7, "PartyTerminated": false, "Age": 45, "Occupation": "ค้าขาย", "HighestEducation": "ต่ำกว่าปริญญาตรี", "ImageFileId": "5c5a7bbcfbcb5f19bcaa40f4", "SelfIntroduceFileId": "5c58ea32fbcb5f1d8812f8e3", "PartyLogo": "https://storage.googleapis.com/candidate-thumbs/party/176.png", "CandididatePhoto": "https://storage.googleapis.com/candidate-thumbs/images/33-7-1.jpg"}, {"Unnamed: 0": 8004, "CandidateId": "14a3f478-27e5-4066-9f30-760aa31b60cb", "CandidateNo": 2, "FirstName": "อาสพลธ์", "LastName": "สรรณ์ไตรภพ", "PartyName": "ภูมิใจไทย", "PartyNumber": 63, "Title": "นาย", "Votable": true, "province_id": 33, "province_name": "ศรีสะเกษ", "zone_number": 7, "PartyTerminated": false, "Age": 40, "Occupation": "ธุรกิจส่วนตัว", "HighestEducation": "ปริญญาโท", "ImageFileId": "5c5a7c91fbcb5f19bcaa46d6", "SelfIntroduceFileId": "5c58f1dffbcb5f1d88132f8e", "PartyLogo": "https://storage.googleapis.com/candidate-thumbs/party/63.png", "CandididatePhoto": "https://storage.googleapis.com/candidate-thumbs/images/33-7-2.jpg"}, {"Unnamed: 0": 8005, "CandidateId": "5b9be572-8cc7-4f02-8d6a-d8346b580a76", "CandidateNo": 3, "FirstName": "มานพ", "LastName": "จรัสดำรงนิตย์", "PartyName": "เพื่อไทย", "PartyNumber": 34, "Title": "นาย", "Votable": true, "province_id": 33, "province_name": "ศรีสะเกษ", "zone_number": 7, "PartyTerminated": false, "Age": 66, "Occupation": "นักการเมือง", "HighestEducation": "ปริญญาโท", "ImageFileId": "5c5a7d92fbcb5f19bcaa4d44", "SelfIntroduceFileId": "5c58f810fbcb5f1d88136f3d", "PartyLogo": "https://storage.googleapis.com/candidate-thumbs/party/34.png", "CandididatePhoto": "https://storage.googleapis.com/candidate-thumbs/images/33-7-3.jpg"}, {"Unnamed: 0": 8006, "CandidateId": "b1778edf-1a91-4ae5-91d2-eb62e9b51bf9", "CandidateNo": 4, "FirstName": "จตุรภัทร", "LastName": "ดีรัตน์", "PartyName": "อนาคตใหม่", "PartyNumber": 177, "Title": "นาย", "Votable": true, "province_id": 33, "province_name": "ศรีสะเกษ", "zone_number": 7, "PartyTerminated": false, "Age": 37, "Occupation": "นักธุรกิจ พนักงานบริษัทเอกชน", "HighestEducation": "ปริญญาโท", "ImageFileId": "5c5a7e59fbcb5f19bcaa5579", "SelfIntroduceFileId": "5c59001cfbcb5f1d8813c3a9", "PartyLogo": "https://storage.googleapis.com/candidate-thumbs/party/177.png", "CandididatePhoto": "https://storage.googleapis.com/candidate-thumbs/images/33-7-4.jpg"}, {"Unnamed: 0": 8007, "CandidateId": "5e2b88f5-6512-40c7-9c04-f3c57133802c", "CandidateNo": 5, "FirstName": "วรรณา", "LastName": "จันทร์หอม", "PartyName": "เสรีรวมไทย", "PartyNumber": 145, "Title": "นาย", "Votable": true, "province_id": 33, "province_name": "ศรีสะเกษ", "zone_number": 7, "PartyTerminated": false, "Age": 67, "Occupation": "เกษตรกร", "HighestEducation": "ต่ำกว่าปริญญาตรี", "ImageFileId": "5c5a7f1cfbcb5f19bcaa5dda", "SelfIntroduceFileId": "5c590533fbcb5f1d88140145", "PartyLogo": "https://storage.googleapis.com/candidate-thumbs/party/145.png", "CandididatePhoto": "https://storage.googleapis.com/candidate-thumbs/images/33-7-5.jpg"}, {"Unnamed: 0": 8008, "CandidateId": "d5e6de80-232a-4d8b-9dde-3243f5e42012", "CandidateNo": 6, "FirstName": "ชาญวุฒิ", "LastName": "อุทโท", "PartyName": "เพื่อนไทย", "PartyNumber": 179, "Title": "นาย", "Votable": false, "province_id": 33, "province_name": "ศรีสะเกษ", "zone_number": 7, "PartyTerminated": false, "Age": 47, "Occupation": "รับจ้างอิสระ", "HighestEducation": "ต่ำกว่าปริญญาตรี", "ImageFileId": "5c5a7fe3fbcb5f19bcaa639b", "SelfIntroduceFileId": "5c590b82fbcb5f1d88145794", "PartyLogo": "https://storage.googleapis.com/candidate-thumbs/party/179.png", "CandididatePhoto": "https://storage.googleapis.com/candidate-thumbs/images/33-7-6.jpg"}, {"Unnamed: 0": 8009, "CandidateId": "b2335f24-ef29-407f-bbe3-097d3d25bac5", "CandidateNo": 7, "FirstName": "กฤษณะ", "LastName": "บุญเพิ่ม", "PartyName": "ประชาชาติ", "PartyNumber": 187, "Title": "นาย", "Votable": true, "province_id": 33, "province_name": "ศรีสะเกษ", "zone_number": 7, "PartyTerminated": false, "Age": 56, "Occupation": "สมาชิกสภาองค์การบริหารส่วนตำบล", "HighestEducation": "ปริญญาตรี", "ImageFileId": "5c5a807efbcb5f19bcaa6807", "SelfIntroduceFileId": "5c591537fbcb5f1d8814de4d", "PartyLogo": "https://storage.googleapis.com/candidate-thumbs/party/187.png", "CandididatePhoto": "https://storage.googleapis.com/candidate-thumbs/images/33-7-7.jpg"}, {"Unnamed: 0": 8010, "CandidateId": "f2daecd0-d50b-41d5-800a-c7645758e23b", "CandidateNo": 8, "FirstName": "อ่อนจันทร์", "LastName": "ชิณศรี", "PartyName": "รวมพลังประชาชาติไทย", "PartyNumber": 181, "Title": "นาย", "Votable": true, "province_id": 33, "province_name": "ศรีสะเกษ", "zone_number": 7, "PartyTerminated": false, "Age": 54, "Occupation": "ครูโรงเรียนเอกชน", "HighestEducation": "ปริญญาตรี", "ImageFileId": "5c5a8108fbcb5f19bcaa6bf7", "SelfIntroduceFileId": "5c591919fbcb5f1d88150167", "PartyLogo": "https://storage.googleapis.com/candidate-thumbs/party/181.png", "CandididatePhoto": "https://storage.googleapis.com/candidate-thumbs/images/33-7-8.jpg"}, {"Unnamed: 0": 8011, "CandidateId": "ad61438a-d571-4e09-bdc4-81687bbadc76", "CandidateNo": 9, "FirstName": "พรทิพย์", "LastName": "พิกุลทองทรัพย์", "PartyName": "เพื่อชาติ", "PartyNumber": 149, "Title": "นางสาว", "Votable": true, "province_id": 33, "province_name": "ศรีสะเกษ", "zone_number": 7, "PartyTerminated": false, "Age": 42, "Occupation": "ค้าขาย", "HighestEducation": "ต่ำกว่าปริญญาตรี", "ImageFileId": "5c5a81befbcb5f19bcaa7180", "SelfIntroduceFileId": "5c59216bfbcb5f1d88153d8c", "PartyLogo": "https://storage.googleapis.com/candidate-thumbs/party/149.png", "CandididatePhoto": "https://storage.googleapis.com/candidate-thumbs/images/33-7-9.jpg"}, {"Unnamed: 0": 8012, "CandidateId": "a036c735-1397-410d-9562-3b9aee737aaa", "CandidateNo": 10, "FirstName": "สมเกียรติ", "LastName": "บัวเกษ", "PartyName": "เศรษฐกิจใหม่", "PartyNumber": 193, "Title": "นาย", "Votable": true, "province_id": 33, "province_name": "ศรีสะเกษ", "zone_number": 7, "PartyTerminated": false, "Age": 44, "Occupation": "ผู้รับเหมา", "HighestEducation": "ต่ำกว่าปริญญาตรี", "ImageFileId": "5c5a826afbcb5f19bcaa7938", "SelfIntroduceFileId": "5c592e49fbcb5f1d8815e5e7", "PartyLogo": "https://storage.googleapis.com/candidate-thumbs/party/193.png", "CandididatePhoto": "https://storage.googleapis.com/candidate-thumbs/images/33-7-10.jpg"}, {"Unnamed: 0": 8013, "CandidateId": "a5ac3ea4-e8c7-437a-9c5a-76d52622c6a5", "CandidateNo": 11, "FirstName": "เกียรติศักดิ์", "LastName": "ภักดีเดโชชัย", "PartyName": "ชาติไทยพัฒนา", "PartyNumber": 55, "Title": "นาย", "Votable": true, "province_id": 33, "province_name": "ศรีสะเกษ", "zone_number": 7, "PartyTerminated": false, "Age": 55, "Occupation": "ค้าขายพันธุ์สัตว์น้ำ", "HighestEducation": "ปริญญาตรี", "ImageFileId": "5c5a8313fbcb5f19bcaa7e36", "SelfIntroduceFileId": "5c5931effbcb5f1d88161986", "PartyLogo": "https://storage.googleapis.com/candidate-thumbs/party/55.png", "CandididatePhoto": "https://storage.googleapis.com/candidate-thumbs/images/33-7-11.jpg"}, {"Unnamed: 0": 8014, "CandidateId": "00ffa403-2815-4fa6-804f-d5c4dbb71664", "CandidateNo": 12, "FirstName": "นิมิตร", "LastName": "จินาวัลย์", "PartyName": "ประชาธิปัตย์", "PartyNumber": 1, "Title": "นาย", "Votable": true, "province_id": 33, "province_name": "ศรีสะเกษ", "zone_number": 7, "PartyTerminated": false, "Age": 72, "Occupation": "ที่ปรึกษาองค์กรศึกษาเรียนรู้วิสาหกิจชุมชนจังหวัดศรีสะเกษ", "HighestEducation": "ปริญญาตรี", "ImageFileId": "5c5a838cfbcb5f19bcaa8348", "SelfIntroduceFileId": "5c5939ddfbcb5f1d8816897d", "PartyLogo": "https://storage.googleapis.com/candidate-thumbs/party/1.png", "CandididatePhoto": "https://storage.googleapis.com/candidate-thumbs/images/33-7-12.jpg"}, {"Unnamed: 0": 8015, "CandidateId": "e4313c7c-55a1-4cdb-8ec8-7482bf8fe9f6", "CandidateNo": 13, "FirstName": "ทองสูรย์", "LastName": "เจตนา", "PartyName": "ประชาภิวัฒน์", "PartyNumber": 172, "Title": "นาย", "Votable": true, "province_id": 33, "province_name": "ศรีสะเกษ", "zone_number": 7, "PartyTerminated": false, "Age": 66, "Occupation": "ข้าราชการบำนาญ", "HighestEducation": "ปริญญาตรี", "ImageFileId": "5c5a8410fbcb5f19bcaa88b8", "SelfIntroduceFileId": "5c593e76fbcb5f1d8816c549", "PartyLogo": "https://storage.googleapis.com/candidate-thumbs/party/172.png", "CandididatePhoto": "https://storage.googleapis.com/candidate-thumbs/images/33-7-13.jpg"}, {"Unnamed: 0": 8016, "CandidateId": "dc0d6fdb-dfc7-4347-a1b3-9aeceb3cff61", "CandidateNo": 14, "FirstName": "ประกาศิต", "LastName": "สุพรหมธีรกูร", "PartyName": "พลังประชารัฐ", "PartyNumber": 192, "Title": "นาย", "Votable": true, "province_id": 33, "province_name": "ศรีสะเกษ", "zone_number": 7, "PartyTerminated": false, "Age": 56, "Occupation": "ทนายความ", "HighestEducation": "ปริญญาโท", "ImageFileId": "5c5a849bfbcb5f19bcaa8c2f", "SelfIntroduceFileId": "5c59466bfbcb5f1d88173351", "PartyLogo": "https://storage.googleapis.com/candidate-thumbs/party/192.png", "CandididatePhoto": "https://storage.googleapis.com/candidate-thumbs/images/33-7-14.jpg"}, {"Unnamed: 0": 8017, "CandidateId": "fff6ffdc-5740-4221-b52a-92d351479ec2", "CandidateNo": 15, "FirstName": "ฉัตรชัย", "LastName": "ศรีรอง", "PartyName": "ชาติพัฒนา", "PartyNumber": 45, "Title": "นาย", "Votable": true, "province_id": 33, "province_name": "ศรีสะเกษ", "zone_number": 7, "PartyTerminated": false, "Age": 66, "Occupation": "ค้าขาย", "HighestEducation": "ปริญญาตรี", "ImageFileId": "5c5a8513fbcb5f19bcaa8f4e", "SelfIntroduceFileId": "5c59498bfbcb5f1d88176091", "PartyLogo": "https://storage.googleapis.com/candidate-thumbs/party/45.png", "CandididatePhoto": "https://storage.googleapis.com/candidate-thumbs/images/33-7-15.jpg"}, {"Unnamed: 0": 8018, "CandidateId": "b8ce50eb-f4c0-47de-a787-a827a5514907", "CandidateNo": 16, "FirstName": "ทองใส", "LastName": "ลุนลา", "PartyName": "รักษ์ผืนป่าประเทศไทย", "PartyNumber": 133, "Title": "นาย", "Votable": true, "province_id": 33, "province_name": "ศรีสะเกษ", "zone_number": 7, "PartyTerminated": false, "Age": 73, "Occupation": "ประธานเกษตรกร", "HighestEducation": "ต่ำกว่าปริญญาตรี", "ImageFileId": "5c5a85dbfbcb5f19bcaa93c7", "SelfIntroduceFileId": "5c5950cafbcb5f1d8817baa8", "PartyLogo": "https://storage.googleapis.com/candidate-thumbs/party/133.png", "CandididatePhoto": "https://storage.googleapis.com/candidate-thumbs/images/33-7-16.jpg"}, {"Unnamed: 0": 8019, "CandidateId": "5fcabae5-7364-4cbf-a992-3669fa1fe173", "CandidateNo": 17, "FirstName": "วุฒิชาติ", "LastName": "บุญขันธ์", "PartyName": "ประชาธิปไตยใหม่", "PartyNumber": 109, "Title": "นาย", "Votable": true, "province_id": 33, "province_name": "ศรีสะเกษ", "zone_number": 7, "PartyTerminated": false, "Age": 56, "Occupation": "ครู", "HighestEducation": "ปริญญาตรี", "ImageFileId": "5c5a868efbcb5f19bcaa983f", "SelfIntroduceFileId": "5c5a3deafbcb5f19bca89b77", "PartyLogo": "https://storage.googleapis.com/candidate-thumbs/party/109.png", "CandididatePhoto": "https://storage.googleapis.com/candidate-thumbs/images/33-7-17.jpg"}, {"Unnamed: 0": 8020, "CandidateId": "21cf26d8-3679-4bd3-9f3d-3016d42b7c23", "CandidateNo": 18, "FirstName": "จิรเมศร์", "LastName": "รังสีจิรภัสร์", "PartyName": "ประชานิยม", "PartyNumber": 191, "Title": "นาย", "Votable": true, "province_id": 33, "province_name": "ศรีสะเกษ", "zone_number": 7, "PartyTerminated": false, "Age": 45, "Occupation": "ธุรกิจส่วนตัว", "HighestEducation": "ปริญญาโท", "ImageFileId": "5c5a877efbcb5f19bcaa9dbe", "SelfIntroduceFileId": "5c5a4b52fbcb5f19bca8fade", "PartyLogo": "https://storage.googleapis.com/candidate-thumbs/party/191.png", "CandididatePhoto": "https://storage.googleapis.com/candidate-thumbs/images/33-7-18.jpg"}, {"Unnamed: 0": 8021, "CandidateId": "5478b3c9-fe87-4ef1-9487-c196ee606ec2", "CandidateNo": 19, "FirstName": "ทองสุวัชร์", "LastName": "พงษ์วันกิตติคุณ", "PartyName": "ครูไทยเพื่อประชาชน", "PartyNumber": 118, "Title": "นาย", "Votable": true, "province_id": 33, "province_name": "ศรีสะเกษ", "zone_number": 7, "PartyTerminated": false, "Age": 47, "Occupation": "ประธานกลุ่มข้าวอินทรีย์บ้านตาจวน", "HighestEducation": "ต่ำกว่าปริญญาตรี", "ImageFileId": "5c5bab98fbcb5f16fc65d13b", "SelfIntroduceFileId": "5c5bad7bfbcb5f16fc65df95", "PartyLogo": "https://storage.googleapis.com/candidate-thumbs/party/118.png", "CandididatePhoto": "https://storage.googleapis.com/candidate-thumbs/images/33-7-19.jpg"}, {"Unnamed: 0": 8022, "CandidateId": "1a7393b5-e7a5-4c72-a486-98914aafd62f", "CandidateNo": 20, "FirstName": "วลีพร", "LastName": "ภักดิ์รัมย์", "PartyName": "แผ่นดินธรรม", "PartyNumber": 188, "Title": "นาง", "Votable": true, "province_id": 33, "province_name": "ศรีสะเกษ", "zone_number": 7, "PartyTerminated": false, "Age": 46, "Occupation": "ค้าขาย", "HighestEducation": "ต่ำกว่าปริญญาตรี", "ImageFileId": "5c5baddcfbcb5f16fc65e2cc", "SelfIntroduceFileId": "5c5bafa8fbcb5f16fc65f68d", "PartyLogo": "https://storage.googleapis.com/candidate-thumbs/party/188.png", "CandididatePhoto": "https://storage.googleapis.com/candidate-thumbs/images/33-7-20.jpg"}, {"Unnamed: 0": 8023, "CandidateId": "13bed9ee-d67e-4095-bcab-6f02613b74d4", "CandidateNo": 21, "FirstName": "วิไลวรรณ", "LastName": "ผงกุลา", "PartyName": "มหาชน", "PartyNumber": 4, "Title": "นาง", "Votable": true, "province_id": 33, "province_name": "ศรีสะเกษ", "zone_number": 7, "PartyTerminated": false, "Age": 49, "Occupation": "เกษตรกร", "HighestEducation": "ต่ำกว่าปริญญาตรี", "ImageFileId": "5c5bcc56fbcb5f16fc66a29b", "SelfIntroduceFileId": "5c5bcec9fbcb5f16fc66b38f", "PartyLogo": "https://storage.googleapis.com/candidate-thumbs/party/4.png", "CandididatePhoto": "https://storage.googleapis.com/candidate-thumbs/images/33-7-21.jpg"}, {"Unnamed: 0": 8024, "CandidateId": "78be5d48-1c16-4f7b-81cf-7a60c8a4c1c1", "CandidateNo": 22, "FirstName": "สุนันท์", "LastName": "สิมณี", "PartyName": "ไทยศรีวิไลย์", "PartyNumber": 180, "Title": "นาย", "Votable": true, "province_id": 33, "province_name": "ศรีสะเกษ", "zone_number": 7, "PartyTerminated": false, "Age": 34, "Occupation": "รับจ้างทั่วไป", "HighestEducation": "ต่ำกว่าปริญญาตรี", "ImageFileId": "5c5bee2bfbcb5f16fc67b704", "SelfIntroduceFileId": "5c5bf088fbcb5f16fc67ca35", "PartyLogo": "https://storage.googleapis.com/candidate-thumbs/party/180.png", "CandididatePhoto": "https://storage.googleapis.com/candidate-thumbs/images/33-7-22.jpg"}, {"Unnamed: 0": 8025, "CandidateId": "ae91b37f-fc05-4f7d-888a-f08a1830d016", "CandidateNo": 23, "FirstName": "เสนีย์", "LastName": "ธรรมนิยม", "PartyName": "พลังท้องถิ่นไท", "PartyNumber": 124, "Title": "พันตำรวจโท", "Votable": true, "province_id": 33, "province_name": "ศรีสะเกษ", "zone_number": 7, "PartyTerminated": false, "Age": 69, "Occupation": "นายกเทศมนตรีตำบล", "HighestEducation": "ปริญญาตรี", "ImageFileId": "5c5cda45fbcb5f16fc6886aa", "SelfIntroduceFileId": "5c5cdcd3fbcb5f16fc688c76", "PartyLogo": "https://storage.googleapis.com/candidate-thumbs/party/124.png", "CandididatePhoto": "https://storage.googleapis.com/candidate-thumbs/images/33-7-23.jpg"}, {"Unnamed: 0": 8026, "CandidateId": "d5e2b8f0-3543-45c8-a927-8baaf6bd068e", "CandidateNo": 24, "FirstName": "ระวี", "LastName": "สัมฤทธิ์", "PartyName": "พลังไทยรักไทย", "PartyNumber": 185, "Title": "นาย", "Votable": true, "province_id": 33, "province_name": "ศรีสะเกษ", "zone_number": 7, "PartyTerminated": false, "Age": 64, "Occupation": "ธุรกิจส่วนตัว", "HighestEducation": "ปริญญาตรี", "ImageFileId": "5c5cfd2bfbcb5f0fd8846968", "SelfIntroduceFileId": "5c5cff76fbcb5f0fd8847c68", "PartyLogo": "https://storage.googleapis.com/candidate-thumbs/party/185.png", "CandididatePhoto": "https://storage.googleapis.com/candidate-thumbs/images/33-7-24.jpg"}, {"Unnamed: 0": 8027, "CandidateId": "b0b0b6d9-4698-462a-80cc-3f9aff2062a7", "CandidateNo": 25, "FirstName": "สังวาลย์", "LastName": "จันทร์สมุทร์", "PartyName": "พลังสังคม", "PartyNumber": 198, "Title": "นาย", "Votable": true, "province_id": 33, "province_name": "ศรีสะเกษ", "zone_number": 7, "PartyTerminated": false, "Age": 64, "Occupation": "เกษตรกร", "HighestEducation": "ต่ำกว่าปริญญาตรี", "ImageFileId": "5c5d186dfbcb5f0fd8850f6a", "SelfIntroduceFileId": "5c5d1a01fbcb5f0fd8851609", "PartyLogo": "https://storage.googleapis.com/candidate-thumbs/party/198.png", "CandididatePhoto": "https://storage.googleapis.com/candidate-thumbs/images/33-7-25.jpg"}, {"Unnamed: 0": 8028, "CandidateId": "fd8a6b24-a5c7-42e3-937e-4956dcd31638", "CandidateNo": 26, "FirstName": "ประกอบ", "LastName": "ผักไหม", "PartyName": "เพื่อแผ่นดิน", "PartyNumber": 41, "Title": "นาย", "Votable": true, "province_id": 33, "province_name": "ศรีสะเกษ", "zone_number": 7, "PartyTerminated": false, "Age": 49, "Occupation": "เกษตรกร", "HighestEducation": "ต่ำกว่าปริญญาตรี", "ImageFileId": "5c5d23a7fbcb5f0fd8855c19", "SelfIntroduceFileId": "5c5d24c1fbcb5f0fd88563d3", "PartyLogo": "https://storage.googleapis.com/candidate-thumbs/party/41.png", "CandididatePhoto": "https://storage.googleapis.com/candidate-thumbs/images/33-7-26.jpg"}, {"Unnamed: 0": 8029, "CandidateId": "e7e2375e-7944-400d-875a-6caab41175d5", "CandidateNo": 27, "FirstName": "วิลัยกรณ์", "LastName": "จันทีระ", "PartyName": "พลังปวงชนไทย", "PartyNumber": 184, "Title": "นาย", "Votable": true, "province_id": 33, "province_name": "ศรีสะเกษ", "zone_number": 7, "PartyTerminated": false, "Age": 35, "Occupation": "ธุรกิจส่วนตัว", "HighestEducation": "ปริญญาตรี", "ImageFileId": "5c5d2e21fbcb5f0fd885b383", "SelfIntroduceFileId": "5c5d2f75fbcb5f0fd885be2a", "PartyLogo": "https://storage.googleapis.com/candidate-thumbs/party/184.png", "CandididatePhoto": "https://storage.googleapis.com/candidate-thumbs/images/33-7-27.jpg"}, {"Unnamed: 0": 8030, "CandidateId": "3de312d5-9de7-46bc-92c7-c8a8eb643d4e", "CandidateNo": 28, "FirstName": "อมรรัตน์", "LastName": "พลทา", "PartyName": "พลังศรัทธา", "PartyNumber": 201, "Title": "นางสาว", "Votable": true, "province_id": 33, "province_name": "ศรีสะเกษ", "zone_number": 7, "PartyTerminated": false, "Age": 45, "Occupation": "เกษตรกร", "HighestEducation": "ปริญญาตรี", "ImageFileId": "5c5d425afbcb5f0fd8866731", "SelfIntroduceFileId": "5c5d43fafbcb5f0fd886777b", "PartyLogo": "https://storage.googleapis.com/candidate-thumbs/party/201.png", "CandididatePhoto": "https://storage.googleapis.com/candidate-thumbs/images/33-7-28.jpg"}, {"Unnamed: 0": 8031, "CandidateId": "748181f3-8d3b-4d17-967e-df0be2bc0ce5", "CandidateNo": 29, "FirstName": "รุ่งทิพย์", "LastName": "พาวงษ์", "PartyName": "ไทรักธรรม", "PartyNumber": 144, "Title": "นาง", "Votable": true, "province_id": 33, "province_name": "ศรีสะเกษ", "zone_number": 7, "PartyTerminated": false, "Age": 36, "Occupation": "ค้าขาย", "HighestEducation": "ต่ำกว่าปริญญาตรี", "ImageFileId": "5c5d5510fbcb5f0fd887390d", "SelfIntroduceFileId": "5c5d568cfbcb5f0fd8874ea1", "PartyLogo": "https://storage.googleapis.com/candidate-thumbs/party/144.png", "CandididatePhoto": "https://storage.googleapis.com/candidate-thumbs/images/33-7-29.jpg"}]