[{"Unnamed: 0": 7905, "CandidateId": "5df7a502-abd7-43a5-aa81-12ec8beb3307", "CandidateNo": 1, "FirstName": "ภูมินทร์", "LastName": "ลีธีระประเสริฐ", "PartyName": "พลังประชารัฐ", "PartyNumber": 192, "Title": "นาย", "Votable": true, "province_id": 33, "province_name": "ศรีสะเกษ", "zone_number": 4, "PartyTerminated": false, "Age": 55, "Occupation": "นักการเมือง", "HighestEducation": "ปริญญาตรี", "ImageFileId": "5c5934c9fbcb5f1d88163fa2", "SelfIntroduceFileId": "5c5936d5fbcb5f1d88165ab6", "PartyLogo": "https://storage.googleapis.com/candidate-thumbs/party/192.png", "CandididatePhoto": "https://storage.googleapis.com/candidate-thumbs/images/33-4-1.jpg"}, {"Unnamed: 0": 7906, "CandidateId": "b0181348-00d4-4a8d-9a74-438aae9e9640", "CandidateNo": 2, "FirstName": "วัลลภ", "LastName": "วันทมาตย์", "PartyName": "อนาคตใหม่", "PartyNumber": 177, "Title": "นาย", "Votable": true, "province_id": 33, "province_name": "ศรีสะเกษ", "zone_number": 4, "PartyTerminated": false, "Age": 56, "Occupation": "ค้าขาย", "HighestEducation": "ปริญญาตรี", "ImageFileId": "5c592b83fbcb5f1d8815bc1b", "SelfIntroduceFileId": "5c592e8dfbcb5f1d8815ec11", "PartyLogo": "https://storage.googleapis.com/candidate-thumbs/party/177.png", "CandididatePhoto": "https://storage.googleapis.com/candidate-thumbs/images/33-4-2.jpg"}, {"Unnamed: 0": 7907, "CandidateId": "fc674203-6a4e-4b97-90a6-749448bb29d0", "CandidateNo": 3, "FirstName": "จาตุรงค์", "LastName": "เพ็งนรพัฒน์", "PartyName": "เพื่อไทย", "PartyNumber": 34, "Title": "นาย", "Votable": true, "province_id": 33, "province_name": "ศรีสะเกษ", "zone_number": 4, "PartyTerminated": false, "Age": 56, "Occupation": "ประกอบธุรกิจส่วนตัว", "HighestEducation": "ปริญญาเอก", "ImageFileId": "5c59139afbcb5f1d8814cb09", "SelfIntroduceFileId": "5c59187ffbcb5f1d8814fbf0", "PartyLogo": "https://storage.googleapis.com/candidate-thumbs/party/34.png", "CandididatePhoto": "https://storage.googleapis.com/candidate-thumbs/images/33-4-3.jpg"}, {"Unnamed: 0": 7908, "CandidateId": "5b945f51-2f39-49fd-ab6c-a9ea874802fe", "CandidateNo": 4, "FirstName": "พรปวีณ์", "LastName": "เจริญรัตนาสกุล", "PartyName": "ประชาชนปฏิรูป", "PartyNumber": 176, "Title": "นาง", "Votable": true, "province_id": 33, "province_name": "ศรีสะเกษ", "zone_number": 4, "PartyTerminated": false, "Age": 36, "Occupation": "ทนายความ", "HighestEducation": "ปริญญาตรี", "ImageFileId": "5c590d53fbcb5f1d881472ae", "SelfIntroduceFileId": "5c591032fbcb5f1d88149c53", "PartyLogo": "https://storage.googleapis.com/candidate-thumbs/party/176.png", "CandididatePhoto": "https://storage.googleapis.com/candidate-thumbs/images/33-4-4.jpg"}, {"Unnamed: 0": 7909, "CandidateId": "120b0ed0-6a15-468c-a771-044f5b922111", "CandidateNo": 5, "FirstName": "ฐิติพันธ์", "LastName": "ศิริรุ่งคณานันต์", "PartyName": "ประชาชาติ", "PartyNumber": 187, "Title": "นางสาว", "Votable": true, "province_id": 33, "province_name": "ศรีสะเกษ", "zone_number": 4, "PartyTerminated": false, "Age": 46, "Occupation": "เจ้าของร้านอาหาร", "HighestEducation": "ปริญญาตรี", "ImageFileId": "5c59080efbcb5f1d88142769", "SelfIntroduceFileId": "5c590a51fbcb5f1d8814456b", "PartyLogo": "https://storage.googleapis.com/candidate-thumbs/party/187.png", "CandididatePhoto": "https://storage.googleapis.com/candidate-thumbs/images/33-4-5.jpg"}, {"Unnamed: 0": 7910, "CandidateId": "7bc2f803-0d65-49fc-ae44-4ac80f250494", "CandidateNo": 6, "FirstName": "อุทัย", "LastName": "อุทธาธรณ์", "PartyName": "เพื่อชาติ", "PartyNumber": 149, "Title": "นาย", "Votable": true, "province_id": 33, "province_name": "ศรีสะเกษ", "zone_number": 4, "PartyTerminated": false, "Age": 58, "Occupation": "ข้าราชการบำนาญ", "HighestEducation": "ปริญญาตรี", "ImageFileId": "5c58ff20fbcb5f1d8813b606", "SelfIntroduceFileId": "5c590162fbcb5f1d8813d3a1", "PartyLogo": "https://storage.googleapis.com/candidate-thumbs/party/149.png", "CandididatePhoto": "https://storage.googleapis.com/candidate-thumbs/images/33-4-6.jpg"}, {"Unnamed: 0": 7911, "CandidateId": "ec52510f-1a4b-4622-ae6c-2f71ca756855", "CandidateNo": 7, "FirstName": "กิตติชัย", "LastName": "เหลาสิงห์", "PartyName": "ประชาภิวัฒน์", "PartyNumber": 172, "Title": "นาย", "Votable": true, "province_id": 33, "province_name": "ศรีสะเกษ", "zone_number": 4, "PartyTerminated": false, "Age": 48, "Occupation": "รับราชการ", "HighestEducation": "ปริญญาตรี", "ImageFileId": "5c58f8effbcb5f1d88137ad1", "SelfIntroduceFileId": "5c58fc27fbcb5f1d8813990d", "PartyLogo": "https://storage.googleapis.com/candidate-thumbs/party/172.png", "CandididatePhoto": "https://storage.googleapis.com/candidate-thumbs/images/33-4-7.jpg"}, {"Unnamed: 0": 7912, "CandidateId": "d2586cdc-d72d-48cb-bd75-b244b8c5a41d", "CandidateNo": 8, "FirstName": "กิติศักดิ์", "LastName": "พ้นภัย", "PartyName": "ประชาธิปัตย์", "PartyNumber": 1, "Title": "นาย", "Votable": true, "province_id": 33, "province_name": "ศรีสะเกษ", "zone_number": 4, "PartyTerminated": false, "Age": 45, "Occupation": "นักวิชาการอิสระ", "HighestEducation": "ปริญญาโท", "ImageFileId": "5c58f491fbcb5f1d88134965", "SelfIntroduceFileId": "5c58f5f6fbcb5f1d88135766", "PartyLogo": "https://storage.googleapis.com/candidate-thumbs/party/1.png", "CandididatePhoto": "https://storage.googleapis.com/candidate-thumbs/images/33-4-8.jpg"}, {"Unnamed: 0": 7913, "CandidateId": "5aba0f5b-a1f1-49f1-ad62-853f04f55d87", "CandidateNo": 9, "FirstName": "วรรณดี", "LastName": "วงษญาติ", "PartyName": "ชาติพัฒนา", "PartyNumber": 45, "Title": "นาย", "Votable": true, "province_id": 33, "province_name": "ศรีสะเกษ", "zone_number": 4, "PartyTerminated": false, "Age": 56, "Occupation": "สมาชิกองค์การบริหารส่วนจังหวัด", "HighestEducation": "ต่ำกว่าปริญญาตรี", "ImageFileId": "5c58eea7fbcb5f1d881312dc", "SelfIntroduceFileId": "5c58f149fbcb5f1d88132af8", "PartyLogo": "https://storage.googleapis.com/candidate-thumbs/party/45.png", "CandididatePhoto": "https://storage.googleapis.com/candidate-thumbs/images/33-4-9.jpg"}, {"Unnamed: 0": 7914, "CandidateId": "89ac7eae-18b6-4901-945f-5f46d6b46fbe", "CandidateNo": 10, "FirstName": "ภาคภูเบศ", "LastName": "พวงมาลี", "PartyName": "เพื่อนไทย", "PartyNumber": 179, "Title": "นาย", "Votable": false, "province_id": 33, "province_name": "ศรีสะเกษ", "zone_number": 4, "PartyTerminated": false, "Age": 55, "Occupation": "เกษตรกร", "HighestEducation": "ต่ำกว่าปริญญาตรี", "ImageFileId": "5c580728fbcb5f1eec0fc36d", "SelfIntroduceFileId": "5c58ecadfbcb5f1d8813060e", "PartyLogo": "https://storage.googleapis.com/candidate-thumbs/party/179.png", "CandididatePhoto": "https://storage.googleapis.com/candidate-thumbs/images/33-4-10.jpg"}, {"Unnamed: 0": 7915, "CandidateId": "3269bced-7415-4918-a6c5-2515bcb6a97a", "CandidateNo": 11, "FirstName": "พชรพล", "LastName": "ผิวผัน", "PartyName": "ชาติไทยพัฒนา", "PartyNumber": 55, "Title": "นาย", "Votable": true, "province_id": 33, "province_name": "ศรีสะเกษ", "zone_number": 4, "PartyTerminated": false, "Age": 41, "Occupation": "ธุรกิจส่วนตัว", "HighestEducation": "ปริญญาตรี", "ImageFileId": "5c580658fbcb5f1eec0fb724", "SelfIntroduceFileId": "5c5804d1fbcb5f1eec0fa238", "PartyLogo": "https://storage.googleapis.com/candidate-thumbs/party/55.png", "CandididatePhoto": "https://storage.googleapis.com/candidate-thumbs/images/33-4-11.jpg"}, {"Unnamed: 0": 7916, "CandidateId": "700d8978-1273-44ac-84ee-5eded03b7750", "CandidateNo": 12, "FirstName": "อนุบาล", "LastName": "ขันทอง", "PartyName": "เสรีรวมไทย", "PartyNumber": 145, "Title": "นาย", "Votable": true, "province_id": 33, "province_name": "ศรีสะเกษ", "zone_number": 4, "PartyTerminated": false, "Age": 63, "Occupation": "สมาชิกสภาองค์การบริหารส่วนตำบล", "HighestEducation": "ปริญญาตรี", "ImageFileId": "5c57f9acfbcb5f1eec0f028c", "SelfIntroduceFileId": "5c57fd0dfbcb5f1eec0f3406", "PartyLogo": "https://storage.googleapis.com/candidate-thumbs/party/145.png", "CandididatePhoto": "https://storage.googleapis.com/candidate-thumbs/images/33-4-12.jpg"}, {"Unnamed: 0": 7917, "CandidateId": "66561843-4e81-4155-b12c-d2f347ad414c", "CandidateNo": 13, "FirstName": "ยนต์", "LastName": "ศรีโพธิ์", "PartyName": "ประชานิยม", "PartyNumber": 191, "Title": "ร้อยตำรวจโท", "Votable": true, "province_id": 33, "province_name": "ศรีสะเกษ", "zone_number": 4, "PartyTerminated": false, "Age": 64, "Occupation": "ข้าราชการบำนาญ", "HighestEducation": "ต่ำกว่าปริญญาตรี", "ImageFileId": "5c57f253fbcb5f1eec0eb8d7", "SelfIntroduceFileId": "5c57f6f4fbcb5f1eec0ee8bf", "PartyLogo": "https://storage.googleapis.com/candidate-thumbs/party/191.png", "CandididatePhoto": "https://storage.googleapis.com/candidate-thumbs/images/33-4-13.jpg"}, {"Unnamed: 0": 7918, "CandidateId": "a6f716fc-a0cb-4139-ba79-221f6ce40b76", "CandidateNo": 14, "FirstName": "คำหม่อน", "LastName": "สายสุพรรณฐากุล", "PartyName": "เศรษฐกิจใหม่", "PartyNumber": 193, "Title": "นางสาว", "Votable": true, "province_id": 33, "province_name": "ศรีสะเกษ", "zone_number": 4, "PartyTerminated": false, "Age": 60, "Occupation": "เจ้าหน้าที่ของรัฐ", "HighestEducation": "ต่ำกว่าปริญญาตรี", "ImageFileId": "5c57eab3fbcb5f1eec0e718f", "SelfIntroduceFileId": "5c57efbdfbcb5f1eec0e9f5f", "PartyLogo": "https://storage.googleapis.com/candidate-thumbs/party/193.png", "CandididatePhoto": "https://storage.googleapis.com/candidate-thumbs/images/33-4-14.jpg"}, {"Unnamed: 0": 7919, "CandidateId": "ee2e2457-0c89-49f5-9bc9-8df837fd446e", "CandidateNo": 15, "FirstName": "วาสิทธิ์", "LastName": "พวงสวัสดิ์", "PartyName": "รวมพลังประชาชาติไทย", "PartyNumber": 181, "Title": "นาย", "Votable": true, "province_id": 33, "province_name": "ศรีสะเกษ", "zone_number": 4, "PartyTerminated": false, "Age": 67, "Occupation": "ข้าราชการบำนาญ", "HighestEducation": "ปริญญาโท", "ImageFileId": "5c57e06efbcb5f1eec0e1ff1", "SelfIntroduceFileId": "5c57e809fbcb5f1eec0e5e42", "PartyLogo": "https://storage.googleapis.com/candidate-thumbs/party/181.png", "CandididatePhoto": "https://storage.googleapis.com/candidate-thumbs/images/33-4-15.jpg"}, {"Unnamed: 0": 7920, "CandidateId": "ed0a4aa2-92a6-42af-a6cc-1ccd46dace17", "CandidateNo": 16, "FirstName": "ประกิจ", "LastName": "บุญเจริญ", "PartyName": "ประชาธิปไตยใหม่", "PartyNumber": 109, "Title": "นาย", "Votable": true, "province_id": 33, "province_name": "ศรีสะเกษ", "zone_number": 4, "PartyTerminated": false, "Age": 68, "Occupation": "ข้าราชการบำนาญ", "HighestEducation": "ปริญญาตรี", "ImageFileId": "5c57d86bfbcb5f1eec0df209", "SelfIntroduceFileId": "5c57dc74fbcb5f1eec0e067d", "PartyLogo": "https://storage.googleapis.com/candidate-thumbs/party/109.png", "CandididatePhoto": "https://storage.googleapis.com/candidate-thumbs/images/33-4-16.jpg"}, {"Unnamed: 0": 7921, "CandidateId": "e895122d-33a8-4805-ae69-5e61ecd03d78", "CandidateNo": 17, "FirstName": "อุดมสรรพ", "LastName": "วิเศษ", "PartyName": "พลังปวงชนไทย", "PartyNumber": 184, "Title": "นาย", "Votable": true, "province_id": 33, "province_name": "ศรีสะเกษ", "zone_number": 4, "PartyTerminated": false, "Age": 53, "Occupation": "ธุรกิจส่วนตัว", "HighestEducation": "ปริญญาโท", "ImageFileId": "5c57c787fbcb5f1eec0da8cb", "SelfIntroduceFileId": "5c57d136fbcb5f1eec0dd23a", "PartyLogo": "https://storage.googleapis.com/candidate-thumbs/party/184.png", "CandididatePhoto": "https://storage.googleapis.com/candidate-thumbs/images/33-4-17.jpg"}, {"Unnamed: 0": 7922, "CandidateId": "cce4734e-a144-4dd3-b91c-d812c6363b3c", "CandidateNo": 18, "FirstName": "ขจร", "LastName": "พยัคฆ์", "PartyName": "พลังท้องถิ่นไท", "PartyNumber": 124, "Title": "นาย", "Votable": true, "province_id": 33, "province_name": "ศรีสะเกษ", "zone_number": 4, "PartyTerminated": false, "Age": 49, "Occupation": "ทนายความ", "HighestEducation": "ปริญญาตรี", "ImageFileId": "5c594d58fbcb5f1d881791bf", "SelfIntroduceFileId": "5c59559ffbcb5f1d8817ee51", "PartyLogo": "https://storage.googleapis.com/candidate-thumbs/party/124.png", "CandididatePhoto": "https://storage.googleapis.com/candidate-thumbs/images/33-4-18.jpg"}, {"Unnamed: 0": 7923, "CandidateId": "8fdb5bd3-55cd-42bf-97d6-4e831d84afd4", "CandidateNo": 19, "FirstName": "ประมวล", "LastName": "แก้วสว่าง", "PartyName": "รักษ์ผืนป่าประเทศไทย", "PartyNumber": 133, "Title": "นาย", "Votable": true, "province_id": 33, "province_name": "ศรีสะเกษ", "zone_number": 4, "PartyTerminated": false, "Age": 58, "Occupation": "เกษตรกรรม", "HighestEducation": "ต่ำกว่าปริญญาตรี", "ImageFileId": "5c5945e6fbcb5f1d88172a18", "SelfIntroduceFileId": "5c59492dfbcb5f1d88175b3a", "PartyLogo": "https://storage.googleapis.com/candidate-thumbs/party/133.png", "CandididatePhoto": "https://storage.googleapis.com/candidate-thumbs/images/33-4-19.jpg"}, {"Unnamed: 0": 7924, "CandidateId": "4d29497a-0877-40c9-b3f2-ab4ae08b7823", "CandidateNo": 20, "FirstName": "นวล", "LastName": "ศรีผ่องใส", "PartyName": "รวมใจไทย", "PartyNumber": 174, "Title": "นางสาว", "Votable": true, "province_id": 33, "province_name": "ศรีสะเกษ", "zone_number": 4, "PartyTerminated": false, "Age": 52, "Occupation": "ค้าขาย", "HighestEducation": "ต่ำกว่าปริญญาตรี", "ImageFileId": "5c593c64fbcb5f1d8816a843", "SelfIntroduceFileId": "5c5941a6fbcb5f1d8816f28a", "PartyLogo": "https://storage.googleapis.com/candidate-thumbs/party/174.png", "CandididatePhoto": "https://storage.googleapis.com/candidate-thumbs/images/33-4-20.jpg"}, {"Unnamed: 0": 7925, "CandidateId": "0260e8d5-a11e-4e72-982b-573feaf74fe8", "CandidateNo": 21, "FirstName": "ศุภสิทธิ์", "LastName": "อินทชาติ", "PartyName": "พลังไทยรักชาติ", "PartyNumber": 155, "Title": "นาย", "Votable": true, "province_id": 33, "province_name": "ศรีสะเกษ", "zone_number": 4, "PartyTerminated": false, "Age": 38, "Occupation": "เกษตรกร", "HighestEducation": "ต่ำกว่าปริญญาตรี", "ImageFileId": "5c5939b0fbcb5f1d88168846", "SelfIntroduceFileId": "5c593ae5fbcb5f1d881698f7", "PartyLogo": "https://storage.googleapis.com/candidate-thumbs/party/155.png", "CandididatePhoto": "https://storage.googleapis.com/candidate-thumbs/images/33-4-21.jpg"}, {"Unnamed: 0": 7926, "CandidateId": "a4a20639-7137-43aa-a9ed-c2d73b273665", "CandidateNo": 22, "FirstName": "รชตกร", "LastName": "แสงรุ้ง", "PartyName": "ครูไทยเพื่อประชาชน", "PartyNumber": 118, "Title": "นาย", "Votable": true, "province_id": 33, "province_name": "ศรีสะเกษ", "zone_number": 4, "PartyTerminated": false, "Age": 59, "Occupation": "เกษตรกร", "HighestEducation": "ต่ำกว่าปริญญาตรี", "ImageFileId": "5c5ba51efbcb5f16fc65a3fe", "SelfIntroduceFileId": "5c5ba64bfbcb5f16fc65ac79", "PartyLogo": "https://storage.googleapis.com/candidate-thumbs/party/118.png", "CandididatePhoto": "https://storage.googleapis.com/candidate-thumbs/images/33-4-22.jpg"}, {"Unnamed: 0": 7927, "CandidateId": "17b65101-543d-40f1-a4c8-460fb3cc0aaf", "CandidateNo": 23, "FirstName": "ทรัพย์มงคล", "LastName": "ชนะสงคราม", "PartyName": "ทางเลือกใหม่", "PartyNumber": 170, "Title": "จ่าสิบเอก", "Votable": true, "province_id": 33, "province_name": "ศรีสะเกษ", "zone_number": 4, "PartyTerminated": false, "Age": 56, "Occupation": "ข้าราชการบำนาญ", "HighestEducation": "ปริญญาตรี", "ImageFileId": "5c5bbab4fbcb5f16fc664b60", "SelfIntroduceFileId": "5c5bbba0fbcb5f16fc66501c", "PartyLogo": "https://storage.googleapis.com/candidate-thumbs/party/170.png", "CandididatePhoto": "https://storage.googleapis.com/candidate-thumbs/images/33-4-23.jpg"}, {"Unnamed: 0": 7928, "CandidateId": "71c0c437-cc9c-4cf0-ba95-0adb907a8f87", "CandidateNo": 24, "FirstName": "ภิชญา", "LastName": "แสงนนท์", "PartyName": "แผ่นดินธรรม", "PartyNumber": 188, "Title": "นางสาว", "Votable": true, "province_id": 33, "province_name": "ศรีสะเกษ", "zone_number": 4, "PartyTerminated": false, "Age": 37, "Occupation": "ค้าขาย", "HighestEducation": "ต่ำกว่าปริญญาตรี", "ImageFileId": "5c5bbbc7fbcb5f16fc665179", "SelfIntroduceFileId": "5c5bc47efbcb5f16fc667633", "PartyLogo": "https://storage.googleapis.com/candidate-thumbs/party/188.png", "CandididatePhoto": "https://storage.googleapis.com/candidate-thumbs/images/33-4-24.jpg"}, {"Unnamed: 0": 7929, "CandidateId": "8c25d5a3-2cc2-4f17-9891-14e9ab6c06e3", "CandidateNo": 25, "FirstName": "เพ็ญ", "LastName": "สระทองทา", "PartyName": "มหาชน", "PartyNumber": 4, "Title": "นางสาว", "Votable": true, "province_id": 33, "province_name": "ศรีสะเกษ", "zone_number": 4, "PartyTerminated": false, "Age": 51, "Occupation": "เกษตรกร", "HighestEducation": "ต่ำกว่าปริญญาตรี", "ImageFileId": "5c5bc4c5fbcb5f16fc667784", "SelfIntroduceFileId": "5c5bc656fbcb5f16fc667f14", "PartyLogo": "https://storage.googleapis.com/candidate-thumbs/party/4.png", "CandididatePhoto": "https://storage.googleapis.com/candidate-thumbs/images/33-4-25.jpg"}, {"Unnamed: 0": 7930, "CandidateId": "c993cc38-67f4-449e-886c-75b775bf8f27", "CandidateNo": 26, "FirstName": "จันทรา", "LastName": "จิตรโสม", "PartyName": "พลังชาติไทย", "PartyNumber": 186, "Title": "นางสาว", "Votable": true, "province_id": 33, "province_name": "ศรีสะเกษ", "zone_number": 4, "PartyTerminated": false, "Age": 33, "Occupation": "เกษตรกร", "HighestEducation": "ต่ำกว่าปริญญาตรี", "ImageFileId": "5c5bca39fbcb5f16fc66951f", "SelfIntroduceFileId": "5c5bcb40fbcb5f16fc669b47", "PartyLogo": "https://storage.googleapis.com/candidate-thumbs/party/186.png", "CandididatePhoto": "https://storage.googleapis.com/candidate-thumbs/images/33-4-26.jpg"}, {"Unnamed: 0": 7931, "CandidateId": "d1b9a5b7-2b7f-4dc8-adeb-cfbb7dd1b0db", "CandidateNo": 27, "FirstName": "ธนเดช", "LastName": "พรหมประดิษฐ์", "PartyName": "ภูมิใจไทย", "PartyNumber": 63, "Title": "นาย", "Votable": true, "province_id": 33, "province_name": "ศรีสะเกษ", "zone_number": 4, "PartyTerminated": false, "Age": 55, "Occupation": "รับจ้าง", "HighestEducation": "ปริญญาตรี", "ImageFileId": "5c5bdd15fbcb5f16fc6722db", "SelfIntroduceFileId": "5c5be253fbcb5f16fc674e66", "PartyLogo": "https://storage.googleapis.com/candidate-thumbs/party/63.png", "CandididatePhoto": "https://storage.googleapis.com/candidate-thumbs/images/33-4-27.jpg"}, {"Unnamed: 0": 7932, "CandidateId": "8ba954c3-9b54-4033-a9f8-72c71d351228", "CandidateNo": 28, "FirstName": "โสภณ", "LastName": "เจริญศรี", "PartyName": "ไทยศรีวิไลย์", "PartyNumber": 180, "Title": "นาย", "Votable": true, "province_id": 33, "province_name": "ศรีสะเกษ", "zone_number": 4, "PartyTerminated": false, "Age": 66, "Occupation": "ข้าราชการบำนาญ", "HighestEducation": "ปริญญาตรี", "ImageFileId": "5c5be5f5fbcb5f16fc676a5f", "SelfIntroduceFileId": "5c5be934fbcb5f16fc678882", "PartyLogo": "https://storage.googleapis.com/candidate-thumbs/party/180.png", "CandididatePhoto": "https://storage.googleapis.com/candidate-thumbs/images/33-4-28.jpg"}, {"Unnamed: 0": 7933, "CandidateId": "763efce4-a728-4ad4-a62b-f9178416c347", "CandidateNo": 29, "FirstName": "สมศักดิ์", "LastName": "กุราช", "PartyName": "พลังไทสร้างชาติ", "PartyNumber": 200, "Title": "นาย", "Votable": true, "province_id": 33, "province_name": "ศรีสะเกษ", "zone_number": 4, "PartyTerminated": false, "Age": 46, "Occupation": "ธุรกิจส่วนตัว", "HighestEducation": "ต่ำกว่าปริญญาตรี", "ImageFileId": "5c5bec40fbcb5f16fc67a2c1", "SelfIntroduceFileId": "5c5bee0dfbcb5f16fc67b593", "PartyLogo": "https://storage.googleapis.com/candidate-thumbs/party/200.png", "CandididatePhoto": "https://storage.googleapis.com/candidate-thumbs/images/33-4-29.jpg"}, {"Unnamed: 0": 7934, "CandidateId": "297053c5-541f-4061-9f10-b21ce980d131", "CandidateNo": 30, "FirstName": "สำราญ", "LastName": "พลศรี", "PartyName": "สังคมประชาธิปไตยไทย", "PartyNumber": 76, "Title": "นาย", "Votable": true, "province_id": 33, "province_name": "ศรีสะเกษ", "zone_number": 4, "PartyTerminated": false, "Age": 69, "Occupation": "เกษตรกร", "HighestEducation": "ต่ำกว่าปริญญาตรี", "ImageFileId": "5c5d0741fbcb5f0fd884bff1", "SelfIntroduceFileId": "5c5d08b0fbcb5f0fd884c85a", "PartyLogo": "https://storage.googleapis.com/candidate-thumbs/party/76.png", "CandididatePhoto": "https://storage.googleapis.com/candidate-thumbs/images/33-4-30.jpg"}, {"Unnamed: 0": 7935, "CandidateId": "dd37014c-9ae3-4e91-8bec-6279b7282e13", "CandidateNo": 31, "FirstName": "แดงถิ่น", "LastName": "จิตธงไชย", "PartyName": "พลังไทยรักไทย", "PartyNumber": 185, "Title": "นาย", "Votable": true, "province_id": 33, "province_name": "ศรีสะเกษ", "zone_number": 4, "PartyTerminated": false, "Age": 61, "Occupation": "รับราชการตำรวจ", "HighestEducation": "ต่ำกว่าปริญญาตรี", "ImageFileId": "5c5d1ffcfbcb5f0fd8854073", "SelfIntroduceFileId": "5c5d2168fbcb5f0fd8854bcf", "PartyLogo": "https://storage.googleapis.com/candidate-thumbs/party/185.png", "CandididatePhoto": "https://storage.googleapis.com/candidate-thumbs/images/33-4-31.jpg"}, {"Unnamed: 0": 7936, "CandidateId": "ccd4e1aa-d054-4616-a43b-1085cacb92aa", "CandidateNo": 32, "FirstName": "สมเกียรติ", "LastName": "ส่งเสริม", "PartyName": "ประชาธรรมไทย", "PartyNumber": 190, "Title": "นาย", "Votable": true, "province_id": 33, "province_name": "ศรีสะเกษ", "zone_number": 4, "PartyTerminated": false, "Age": 57, "Occupation": "พนักงานธนาคาร", "HighestEducation": "ปริญญาตรี", "ImageFileId": "5c5d3c82fbcb5f0fd88628c1", "SelfIntroduceFileId": "5c5d3f18fbcb5f0fd886427a", "PartyLogo": "https://storage.googleapis.com/candidate-thumbs/party/190.png", "CandididatePhoto": "https://storage.googleapis.com/candidate-thumbs/images/33-4-32.jpg"}, {"Unnamed: 0": 7937, "CandidateId": "d0221fd3-ce59-4be3-a05a-8be81eeba35d", "CandidateNo": 33, "FirstName": "พัฒนภรณ์", "LastName": "เติมทรัพย์", "PartyName": "ภาคีเครือข่ายไทย", "PartyNumber": 211, "Title": "นางสาว", "Votable": true, "province_id": 33, "province_name": "ศรีสะเกษ", "zone_number": 4, "PartyTerminated": false, "Age": 44, "Occupation": "ธุรกิจส่วนตัว", "HighestEducation": "ปริญญาตรี", "ImageFileId": "5c5d41fcfbcb5f0fd88663fd", "SelfIntroduceFileId": "5c5d4532fbcb5f0fd8868575", "PartyLogo": "https://storage.googleapis.com/candidate-thumbs/party/211.png", "CandididatePhoto": "https://storage.googleapis.com/candidate-thumbs/images/33-4-33.jpg"}, {"Unnamed: 0": 7938, "CandidateId": "6997aec8-1d92-48d6-bf07-4a0ecb76147a", "CandidateNo": 34, "FirstName": "สมุทร", "LastName": "แสนโคตร", "PartyName": "กรีน", "PartyNumber": 206, "Title": "นาย", "Votable": true, "province_id": 33, "province_name": "ศรีสะเกษ", "zone_number": 4, "PartyTerminated": false, "Age": 46, "Occupation": "คนปลูกต้นไม้", "HighestEducation": "ต่ำกว่าปริญญาตรี", "ImageFileId": "5c5d47d7fbcb5f0fd8869fbb", "SelfIntroduceFileId": "5c5d491cfbcb5f0fd886afc8", "PartyLogo": "https://storage.googleapis.com/candidate-thumbs/party/206.png", "CandididatePhoto": "https://storage.googleapis.com/candidate-thumbs/images/33-4-34.jpg"}, {"Unnamed: 0": 7939, "CandidateId": "405ab6d5-fda2-4693-874b-7f24e2d8e30f", "CandidateNo": 35, "FirstName": "ศุภราภรณ์", "LastName": "พันงาม", "PartyName": "ไทรักธรรม", "PartyNumber": 144, "Title": "นางสาว", "Votable": true, "province_id": 33, "province_name": "ศรีสะเกษ", "zone_number": 4, "PartyTerminated": false, "Age": 32, "Occupation": "ธุรกิจส่วนตัว", "HighestEducation": "ปริญญาตรี", "ImageFileId": "5c5d5170fbcb5f0fd8870a80", "SelfIntroduceFileId": "5c5d523dfbcb5f0fd8871151", "PartyLogo": "https://storage.googleapis.com/candidate-thumbs/party/144.png", "CandididatePhoto": "https://storage.googleapis.com/candidate-thumbs/images/33-4-35.jpg"}]