[{"Unnamed: 0": 7803, "CandidateId": "fe26734c-e7c0-4004-8956-e0eecab5d325", "CandidateNo": 1, "FirstName": "ปราชญ์", "LastName": "ชาวสวน", "PartyName": "รวมพลังประชาชาติไทย", "PartyNumber": 181, "Title": "นาย", "Votable": true, "province_id": 33, "province_name": "ศรีสะเกษ", "zone_number": 1, "PartyTerminated": false, "Age": 69, "Occupation": "ข้าราชการบำนาญ", "HighestEducation": "ปริญญาโท", "ImageFileId": "5c5a5b20fbcb5f19bca983fb", "SelfIntroduceFileId": "5c57e2cdfbcb5f1eec0e2ee3", "PartyLogo": "https://storage.googleapis.com/candidate-thumbs/party/181.png", "CandididatePhoto": "https://storage.googleapis.com/candidate-thumbs/images/33-1-1.jpg"}, {"Unnamed: 0": 7804, "CandidateId": "d8929791-54ae-4f1c-bb77-0607f9e5b492", "CandidateNo": 2, "FirstName": "สมาน", "LastName": "อินทร์คำ", "PartyName": "เศรษฐกิจใหม่", "PartyNumber": 193, "Title": "นาย", "Votable": true, "province_id": 33, "province_name": "ศรีสะเกษ", "zone_number": 1, "PartyTerminated": false, "Age": 58, "Occupation": "ทำนา", "HighestEducation": "ต่ำกว่าปริญญาตรี", "ImageFileId": "5c57e562fbcb5f1eec0e4362", "SelfIntroduceFileId": "5c57f06efbcb5f1eec0ea593", "PartyLogo": "https://storage.googleapis.com/candidate-thumbs/party/193.png", "CandididatePhoto": "https://storage.googleapis.com/candidate-thumbs/images/33-1-2.jpg"}, {"Unnamed: 0": 7805, "CandidateId": "68f1a84d-8c90-4820-b675-8c5212b37d1d", "CandidateNo": 3, "FirstName": "สมบัติ", "LastName": "บุญหนัก", "PartyName": "รักษ์ผืนป่าประเทศไทย", "PartyNumber": 133, "Title": "นาย", "Votable": true, "province_id": 33, "province_name": "ศรีสะเกษ", "zone_number": 1, "PartyTerminated": false, "Age": 62, "Occupation": "เกษตรกร", "HighestEducation": "ต่ำกว่าปริญญาตรี", "ImageFileId": "5c5808e5fbcb5f1eec0fda47", "SelfIntroduceFileId": "5c580b4dfbcb5f1eec0ff5c4", "PartyLogo": "https://storage.googleapis.com/candidate-thumbs/party/133.png", "CandididatePhoto": "https://storage.googleapis.com/candidate-thumbs/images/33-1-3.jpg"}, {"Unnamed: 0": 7806, "CandidateId": "38034d76-1bb8-4b98-81f6-84e4d506b449", "CandidateNo": 4, "FirstName": "ธวัชชัย", "LastName": "เพ็งพา", "PartyName": "ประชาชนปฏิรูป", "PartyNumber": 176, "Title": "นาย", "Votable": true, "province_id": 33, "province_name": "ศรีสะเกษ", "zone_number": 1, "PartyTerminated": false, "Age": 41, "Occupation": "ทนายความ", "HighestEducation": "ปริญญาตรี", "ImageFileId": "5c591de8fbcb5f1d88152424", "SelfIntroduceFileId": "5c591eadfbcb5f1d881527e9", "PartyLogo": "https://storage.googleapis.com/candidate-thumbs/party/176.png", "CandididatePhoto": "https://storage.googleapis.com/candidate-thumbs/images/33-1-4.jpg"}, {"Unnamed: 0": 7807, "CandidateId": "fb781795-2139-464e-96b5-056d65692964", "CandidateNo": 5, "FirstName": "ธเนศ", "LastName": "เครือรัตน์", "PartyName": "เพื่อไทย", "PartyNumber": 34, "Title": "นาย", "Votable": true, "province_id": 33, "province_name": "ศรีสะเกษ", "zone_number": 1, "PartyTerminated": false, "Age": 54, "Occupation": "นักธุรกิจ", "HighestEducation": "ปริญญาโท", "ImageFileId": "5c591f1dfbcb5f1d88152bb2", "SelfIntroduceFileId": "5c592001fbcb5f1d8815332b", "PartyLogo": "https://storage.googleapis.com/candidate-thumbs/party/34.png", "CandididatePhoto": "https://storage.googleapis.com/candidate-thumbs/images/33-1-5.jpg"}, {"Unnamed: 0": 7808, "CandidateId": "20868a0a-72d6-4b2f-8c03-aef86de4a7ff", "CandidateNo": 6, "FirstName": "วิสิทธิ์", "LastName": "ใสกระจ่าง", "PartyName": "เพื่อชาติ", "PartyNumber": 149, "Title": "นาย", "Votable": true, "province_id": 33, "province_name": "ศรีสะเกษ", "zone_number": 1, "PartyTerminated": false, "Age": 58, "Occupation": "รับราชการการเมือง ตำแหน่งประจำสำนักเลขาธิการนายกรัฐมนตรี", "HighestEducation": "ปริญญาโท", "ImageFileId": "5c59204cfbcb5f1d8815356e", "SelfIntroduceFileId": "5c59214ffbcb5f1d88153cfe", "PartyLogo": "https://storage.googleapis.com/candidate-thumbs/party/149.png", "CandididatePhoto": "https://storage.googleapis.com/candidate-thumbs/images/33-1-6.jpg"}, {"Unnamed: 0": 7809, "CandidateId": "5c5f4644-61e1-4194-916e-cda7562ef589", "CandidateNo": 7, "FirstName": "ฐิตารีย์", "LastName": "ไตรสรณปัญญา", "PartyName": "ประชาธิปัตย์", "PartyNumber": 1, "Title": "นาง", "Votable": true, "province_id": 33, "province_name": "ศรีสะเกษ", "zone_number": 1, "PartyTerminated": false, "Age": 47, "Occupation": "พนักงานมหาวิทยาลัยราชภัฏศรีสะเกษ", "HighestEducation": "ปริญญาเอก", "ImageFileId": "5c592181fbcb5f1d88153e35", "SelfIntroduceFileId": "5c59221bfbcb5f1d8815461e", "PartyLogo": "https://storage.googleapis.com/candidate-thumbs/party/1.png", "CandididatePhoto": "https://storage.googleapis.com/candidate-thumbs/images/33-1-7.jpg"}, {"Unnamed: 0": 7810, "CandidateId": "d67e50bd-7436-4c2f-b2da-d9270f24f7dc", "CandidateNo": 8, "FirstName": "ปีนัง", "LastName": "สำเภา", "PartyName": "เพื่อนไทย", "PartyNumber": 179, "Title": "นาย", "Votable": false, "province_id": 33, "province_name": "ศรีสะเกษ", "zone_number": 1, "PartyTerminated": false, "Age": 56, "Occupation": "เกษตรกรรม", "HighestEducation": "ปริญญาตรี", "ImageFileId": "5c592276fbcb5f1d881549f4", "SelfIntroduceFileId": "5c5922f4fbcb5f1d88154f3b", "PartyLogo": "https://storage.googleapis.com/candidate-thumbs/party/179.png", "CandididatePhoto": "https://storage.googleapis.com/candidate-thumbs/images/33-1-8.jpg"}, {"Unnamed: 0": 7811, "CandidateId": "ab4e5938-0715-40b8-af48-14404ed22848", "CandidateNo": 9, "FirstName": "พิสมัย", "LastName": "พละศักดิ์", "PartyName": "เสรีรวมไทย", "PartyNumber": 145, "Title": "นาง", "Votable": true, "province_id": 33, "province_name": "ศรีสะเกษ", "zone_number": 1, "PartyTerminated": false, "Age": 50, "Occupation": "แม่บ้าน", "HighestEducation": "ต่ำกว่าปริญญาตรี", "ImageFileId": "5c59234efbcb5f1d881551ee", "SelfIntroduceFileId": "5c5923cdfbcb5f1d88155638", "PartyLogo": "https://storage.googleapis.com/candidate-thumbs/party/145.png", "CandididatePhoto": "https://storage.googleapis.com/candidate-thumbs/images/33-1-9.jpg"}, {"Unnamed: 0": 7812, "CandidateId": "f003cb1c-3829-47e8-9d17-57255e23a72f", "CandidateNo": 10, "FirstName": "กล่ำคาน", "LastName": "ปาทาน", "PartyName": "พลังประชารัฐ", "PartyNumber": 192, "Title": "นาย", "Votable": true, "province_id": 33, "province_name": "ศรีสะเกษ", "zone_number": 1, "PartyTerminated": false, "Age": 64, "Occupation": "ธุรกิจส่วนตัว", "HighestEducation": "ปริญญาโท", "ImageFileId": "5c592410fbcb5f1d88155af7", "SelfIntroduceFileId": "5c592498fbcb5f1d88155f96", "PartyLogo": "https://storage.googleapis.com/candidate-thumbs/party/192.png", "CandididatePhoto": "https://storage.googleapis.com/candidate-thumbs/images/33-1-10.jpg"}, {"Unnamed: 0": 7813, "CandidateId": "c03ac211-46bd-41f3-9228-dde5df77c9e0", "CandidateNo": 11, "FirstName": "สิริพงศ์", "LastName": "อังคสกุลเกียรติ", "PartyName": "ภูมิใจไทย", "PartyNumber": 63, "Title": "นาย", "Votable": true, "province_id": 33, "province_name": "ศรีสะเกษ", "zone_number": 1, "PartyTerminated": false, "Age": 42, "Occupation": "นักธุรกิจ", "HighestEducation": "ปริญญาเอก", "ImageFileId": "5c59252dfbcb5f1d881565d9", "SelfIntroduceFileId": "5c5925e1fbcb5f1d88156d6b", "PartyLogo": "https://storage.googleapis.com/candidate-thumbs/party/63.png", "CandididatePhoto": "https://storage.googleapis.com/candidate-thumbs/images/33-1-11.jpg"}, {"Unnamed: 0": 7814, "CandidateId": "3c8aa766-004f-4f57-94dd-9234b3cb971f", "CandidateNo": 12, "FirstName": "ก้าน", "LastName": "สามี", "PartyName": "ประชานิยม", "PartyNumber": 191, "Title": "นาย", "Votable": true, "province_id": 33, "province_name": "ศรีสะเกษ", "zone_number": 1, "PartyTerminated": false, "Age": 58, "Occupation": "ข้าราชการบำนาญ", "HighestEducation": "ปริญญาโท", "ImageFileId": "5c592620fbcb5f1d88157316", "SelfIntroduceFileId": "5c5926b8fbcb5f1d88157b39", "PartyLogo": "https://storage.googleapis.com/candidate-thumbs/party/191.png", "CandididatePhoto": "https://storage.googleapis.com/candidate-thumbs/images/33-1-12.jpg"}, {"Unnamed: 0": 7815, "CandidateId": "a172f6cc-3b5f-4a84-acc4-6e611b1f646f", "CandidateNo": 13, "FirstName": "สมจิตร์", "LastName": "เหลาสิงห์", "PartyName": "ประชาภิวัฒน์", "PartyNumber": 172, "Title": "นาง", "Votable": true, "province_id": 33, "province_name": "ศรีสะเกษ", "zone_number": 1, "PartyTerminated": false, "Age": 50, "Occupation": "รับราชการ", "HighestEducation": "ปริญญาตรี", "ImageFileId": "5c5926e4fbcb5f1d88157cca", "SelfIntroduceFileId": "5c59293efbcb5f1d881595de", "PartyLogo": "https://storage.googleapis.com/candidate-thumbs/party/172.png", "CandididatePhoto": "https://storage.googleapis.com/candidate-thumbs/images/33-1-13.jpg"}, {"Unnamed: 0": 7816, "CandidateId": "06cfcf7f-2a07-4abb-ad48-e1b3a471a70b", "CandidateNo": 14, "FirstName": "ย่ง", "LastName": "บุญเหลี่ยม", "PartyName": "ประชาชาติ", "PartyNumber": 187, "Title": "นาย", "Votable": true, "province_id": 33, "province_name": "ศรีสะเกษ", "zone_number": 1, "PartyTerminated": false, "Age": 69, "Occupation": "ทำนา", "HighestEducation": "ปริญญาตรี", "ImageFileId": "5c59298dfbcb5f1d8815995f", "SelfIntroduceFileId": NaN, "PartyLogo": "https://storage.googleapis.com/candidate-thumbs/party/187.png", "CandididatePhoto": "https://storage.googleapis.com/candidate-thumbs/images/33-1-14.jpg"}, {"Unnamed: 0": 7817, "CandidateId": "8e69e239-d3f1-4b6d-866d-54fb11fe299f", "CandidateNo": 15, "FirstName": "พรสิทธิ์", "LastName": "รักษาทรัพย์", "PartyName": "อนาคตใหม่", "PartyNumber": 177, "Title": "นาย", "Votable": true, "province_id": 33, "province_name": "ศรีสะเกษ", "zone_number": 1, "PartyTerminated": false, "Age": 25, "Occupation": "ประกอบธุรกิจส่วนตัว", "HighestEducation": "ปริญญาตรี", "ImageFileId": "5c592a4bfbcb5f1d8815a5b5", "SelfIntroduceFileId": "5c5a8ae4fbcb5f19bcaab836", "PartyLogo": "https://storage.googleapis.com/candidate-thumbs/party/177.png", "CandididatePhoto": "https://storage.googleapis.com/candidate-thumbs/images/33-1-15.jpg"}, {"Unnamed: 0": 7818, "CandidateId": "5613b121-76b1-43be-8837-db5842305777", "CandidateNo": 16, "FirstName": "สมพงษ์", "LastName": "กัญญาโพธิ์", "PartyName": "ชาติพัฒนา", "PartyNumber": 45, "Title": "นาย", "Votable": true, "province_id": 33, "province_name": "ศรีสะเกษ", "zone_number": 1, "PartyTerminated": false, "Age": 59, "Occupation": "ธุรกิจส่วนตัว", "HighestEducation": "ต่ำกว่าปริญญาตรี", "ImageFileId": "5c592b1dfbcb5f1d8815b3a0", "SelfIntroduceFileId": "5c592c1bfbcb5f1d8815c53b", "PartyLogo": "https://storage.googleapis.com/candidate-thumbs/party/45.png", "CandididatePhoto": "https://storage.googleapis.com/candidate-thumbs/images/33-1-16.jpg"}, {"Unnamed: 0": 7819, "CandidateId": "1e1d92d7-9637-4677-ae47-6b05c726d69e", "CandidateNo": 17, "FirstName": "ธีระยุทธ", "LastName": "ไทยธุระไพศาล", "PartyName": "พลังปวงชนไทย", "PartyNumber": 184, "Title": "นาย", "Votable": true, "province_id": 33, "province_name": "ศรีสะเกษ", "zone_number": 1, "PartyTerminated": false, "Age": 30, "Occupation": "ผู้บริหารบริษัทเอกชน", "HighestEducation": "ปริญญาตรี", "ImageFileId": "5c592c58fbcb5f1d8815c921", "SelfIntroduceFileId": "5c592cfdfbcb5f1d8815d1e5", "PartyLogo": "https://storage.googleapis.com/candidate-thumbs/party/184.png", "CandididatePhoto": "https://storage.googleapis.com/candidate-thumbs/images/33-1-17.jpg"}, {"Unnamed: 0": 7820, "CandidateId": "32b69be9-b28e-48e7-a923-303cc47603cb", "CandidateNo": 18, "FirstName": "ชคัตตรัย", "LastName": "ประเสริฐ", "PartyName": "ประชาธิปไตยใหม่", "PartyNumber": 109, "Title": "นาย", "Votable": true, "province_id": 33, "province_name": "ศรีสะเกษ", "zone_number": 1, "PartyTerminated": false, "Age": 62, "Occupation": "ทนายความ", "HighestEducation": "ปริญญาตรี", "ImageFileId": "5c592d6ffbcb5f1d8815dac5", "SelfIntroduceFileId": "5c592e01fbcb5f1d8815e2af", "PartyLogo": "https://storage.googleapis.com/candidate-thumbs/party/109.png", "CandididatePhoto": "https://storage.googleapis.com/candidate-thumbs/images/33-1-18.jpg"}, {"Unnamed: 0": 7821, "CandidateId": "31ece503-fe77-4521-b423-211def7c7c87", "CandidateNo": 19, "FirstName": "วีระชัย", "LastName": "จันทร์ดวงศรี", "PartyName": "พลังท้องถิ่นไท", "PartyNumber": 124, "Title": "นาย", "Votable": true, "province_id": 33, "province_name": "ศรีสะเกษ", "zone_number": 1, "PartyTerminated": false, "Age": 54, "Occupation": "เกษตรกรรม", "HighestEducation": "ปริญญาตรี", "ImageFileId": "5c592e56fbcb5f1d8815e6ef", "SelfIntroduceFileId": "5c592edafbcb5f1d8815f140", "PartyLogo": "https://storage.googleapis.com/candidate-thumbs/party/124.png", "CandididatePhoto": "https://storage.googleapis.com/candidate-thumbs/images/33-1-19.jpg"}, {"Unnamed: 0": 7822, "CandidateId": "2e82038b-d83b-4a4f-8ff6-25d2d54b5ddc", "CandidateNo": 20, "FirstName": "ธนินท์ธร", "LastName": "ศรีขาว", "PartyName": "ภราดรภาพ", "PartyNumber": 154, "Title": "นาย", "Votable": true, "province_id": 33, "province_name": "ศรีสะเกษ", "zone_number": 1, "PartyTerminated": false, "Age": 60, "Occupation": "รับราชการ", "HighestEducation": "ปริญญาโท", "ImageFileId": "5c592f64fbcb5f1d8815f7ed", "SelfIntroduceFileId": "5c592fdbfbcb5f1d8815fc32", "PartyLogo": "https://storage.googleapis.com/candidate-thumbs/party/154.png", "CandididatePhoto": "https://storage.googleapis.com/candidate-thumbs/images/33-1-20.jpg"}, {"Unnamed: 0": 7823, "CandidateId": "98fd9203-7320-4ba9-aed0-596073ef5840", "CandidateNo": 21, "FirstName": "จิทิพันธ์", "LastName": "คำศรี", "PartyName": "กลาง", "PartyNumber": 203, "Title": "นาย", "Votable": true, "province_id": 33, "province_name": "ศรีสะเกษ", "zone_number": 1, "PartyTerminated": false, "Age": 44, "Occupation": "เกษตรกร", "HighestEducation": "ต่ำกว่าปริญญาตรี", "ImageFileId": "5c59443bfbcb5f1d8817139e", "SelfIntroduceFileId": NaN, "PartyLogo": "https://storage.googleapis.com/candidate-thumbs/party/203.png", "CandididatePhoto": "https://storage.googleapis.com/candidate-thumbs/images/33-1-21.jpg"}, {"Unnamed: 0": 7824, "CandidateId": "e10a1c7c-9d27-4b3f-889b-df6d5e552f37", "CandidateNo": 22, "FirstName": "เทวฤทธิ์", "LastName": "เลื่อนฤทธิ์", "PartyName": "ครูไทยเพื่อประชาชน", "PartyNumber": 118, "Title": "นาย", "Votable": true, "province_id": 33, "province_name": "ศรีสะเกษ", "zone_number": 1, "PartyTerminated": false, "Age": 62, "Occupation": "ค้าขาย/นักการเมืองท้องถิ่น", "HighestEducation": "ต่ำกว่าปริญญาตรี", "ImageFileId": "5c5ba978fbcb5f16fc65c31b", "SelfIntroduceFileId": "5c5baa3bfbcb5f16fc65c7af", "PartyLogo": "https://storage.googleapis.com/candidate-thumbs/party/118.png", "CandididatePhoto": "https://storage.googleapis.com/candidate-thumbs/images/33-1-22.jpg"}, {"Unnamed: 0": 7825, "CandidateId": "d53ef475-1e61-46ff-8e72-cf114a5ad45b", "CandidateNo": 23, "FirstName": "สิริคมน์", "LastName": "หลอมทอง", "PartyName": "แผ่นดินธรรม", "PartyNumber": 188, "Title": "นาย", "Votable": true, "province_id": 33, "province_name": "ศรีสะเกษ", "zone_number": 1, "PartyTerminated": false, "Age": 43, "Occupation": "พนักงานบริษัท", "HighestEducation": "ปริญญาตรี", "ImageFileId": "5c5bd6e1fbcb5f16fc66eec7", "SelfIntroduceFileId": "5c5bd76ffbcb5f16fc66f2ff", "PartyLogo": "https://storage.googleapis.com/candidate-thumbs/party/188.png", "CandididatePhoto": "https://storage.googleapis.com/candidate-thumbs/images/33-1-23.jpg"}, {"Unnamed: 0": 7826, "CandidateId": "ee66cbe9-8cf4-4543-82fb-eec046c9a808", "CandidateNo": 24, "FirstName": "ปวรลักษณ์", "LastName": "ปริสัจจนันท์", "PartyName": "ทางเลือกใหม่", "PartyNumber": 170, "Title": "นางสาว", "Votable": true, "province_id": 33, "province_name": "ศรีสะเกษ", "zone_number": 1, "PartyTerminated": false, "Age": 41, "Occupation": "ธุรกิจส่วนตัว", "HighestEducation": "ปริญญาโท", "ImageFileId": "5c5bd7b3fbcb5f16fc66f672", "SelfIntroduceFileId": "5c5bd81bfbcb5f16fc66f979", "PartyLogo": "https://storage.googleapis.com/candidate-thumbs/party/170.png", "CandididatePhoto": "https://storage.googleapis.com/candidate-thumbs/images/33-1-24.jpg"}, {"Unnamed: 0": 7827, "CandidateId": "6f359ada-b996-420f-aa01-8fbb8ab78402", "CandidateNo": 25, "FirstName": "อิสระพงษ์", "LastName": "ทองพันชั่ง", "PartyName": "มหาชน", "PartyNumber": 4, "Title": "นาย", "Votable": true, "province_id": 33, "province_name": "ศรีสะเกษ", "zone_number": 1, "PartyTerminated": false, "Age": 31, "Occupation": "เกษตรกร", "HighestEducation": "ต่ำกว่าปริญญาตรี", "ImageFileId": "5c5bd84afbcb5f16fc66faf3", "SelfIntroduceFileId": "5c5bd8a9fbcb5f16fc66fe65", "PartyLogo": "https://storage.googleapis.com/candidate-thumbs/party/4.png", "CandididatePhoto": "https://storage.googleapis.com/candidate-thumbs/images/33-1-25.jpg"}, {"Unnamed: 0": 7828, "CandidateId": "fa398551-f852-4282-9cc6-1e5a07139ce7", "CandidateNo": 26, "FirstName": "มณี", "LastName": "จำปาเรือง", "PartyName": "ไทยศรีวิไลย์", "PartyNumber": 180, "Title": "นาง", "Votable": true, "province_id": 33, "province_name": "ศรีสะเกษ", "zone_number": 1, "PartyTerminated": false, "Age": 60, "Occupation": "ทำการเกษตร", "HighestEducation": "ต่ำกว่าปริญญาตรี", "ImageFileId": "5c5bf00dfbcb5f16fc67c712", "SelfIntroduceFileId": "5c5befdffbcb5f16fc67c528", "PartyLogo": "https://storage.googleapis.com/candidate-thumbs/party/180.png", "CandididatePhoto": "https://storage.googleapis.com/candidate-thumbs/images/33-1-26.jpg"}, {"Unnamed: 0": 7829, "CandidateId": "d5ad4ab8-03ab-4b3c-bc06-59c1aeafee7d", "CandidateNo": 27, "FirstName": "เนียม", "LastName": "ผลบุญ", "PartyName": "ประชาธรรมไทย", "PartyNumber": 190, "Title": "นาย", "Votable": true, "province_id": 33, "province_name": "ศรีสะเกษ", "zone_number": 1, "PartyTerminated": false, "Age": 59, "Occupation": "ค้าขาย", "HighestEducation": "ปริญญาตรี", "ImageFileId": "5c5d2b9dfbcb5f0fd8859bf6", "SelfIntroduceFileId": NaN, "PartyLogo": "https://storage.googleapis.com/candidate-thumbs/party/190.png", "CandididatePhoto": "https://storage.googleapis.com/candidate-thumbs/images/33-1-27.jpg"}, {"Unnamed: 0": 7830, "CandidateId": "d759a060-14da-4a5b-b469-2a560ec7cd66", "CandidateNo": 28, "FirstName": "วลีรัตน์", "LastName": "ดาสุเทพ", "PartyName": "พลังไทสร้างชาติ", "PartyNumber": 200, "Title": "นางสาว", "Votable": true, "province_id": 33, "province_name": "ศรีสะเกษ", "zone_number": 1, "PartyTerminated": false, "Age": 43, "Occupation": "ทนายความ", "HighestEducation": "ปริญญาตรี", "ImageFileId": "5c5d3855fbcb5f0fd8860452", "SelfIntroduceFileId": "5c5d38c1fbcb5f0fd8860870", "PartyLogo": "https://storage.googleapis.com/candidate-thumbs/party/200.png", "CandididatePhoto": "https://storage.googleapis.com/candidate-thumbs/images/33-1-28.jpg"}, {"Unnamed: 0": 7831, "CandidateId": "5f5cab66-d1d2-4312-b83a-9ce1f8305f3a", "CandidateNo": 29, "FirstName": "เฉลิม", "LastName": "จิรังดา", "PartyName": "ภาคีเครือข่ายไทย", "PartyNumber": 211, "Title": "นาย", "Votable": true, "province_id": 33, "province_name": "ศรีสะเกษ", "zone_number": 1, "PartyTerminated": false, "Age": 65, "Occupation": "รับจ้าง", "HighestEducation": "ต่ำกว่าปริญญาตรี", "ImageFileId": "5c5d38f4fbcb5f0fd88609bd", "SelfIntroduceFileId": "5c5d3956fbcb5f0fd8860bab", "PartyLogo": "https://storage.googleapis.com/candidate-thumbs/party/211.png", "CandididatePhoto": "https://storage.googleapis.com/candidate-thumbs/images/33-1-29.jpg"}, {"Unnamed: 0": 7832, "CandidateId": "5e50b289-7365-4749-88ad-e43b03402076", "CandidateNo": 30, "FirstName": "สุรมิตร", "LastName": "ศรีสุรักษ์", "PartyName": "กรีน", "PartyNumber": 206, "Title": "นาย", "Votable": true, "province_id": 33, "province_name": "ศรีสะเกษ", "zone_number": 1, "PartyTerminated": false, "Age": 38, "Occupation": "เกษตรกร", "HighestEducation": "ปริญญาตรี", "ImageFileId": "5c5d566bfbcb5f0fd8874d3f", "SelfIntroduceFileId": "5c5d56f2fbcb5f0fd887524c", "PartyLogo": "https://storage.googleapis.com/candidate-thumbs/party/206.png", "CandididatePhoto": "https://storage.googleapis.com/candidate-thumbs/images/33-1-30.jpg"}, {"Unnamed: 0": 7833, "CandidateId": "02539da8-ca27-482e-969f-40a4ebcdf65b", "CandidateNo": 31, "FirstName": "หอม", "LastName": "โภคพันธ์", "PartyName": "พลังศรัทธา", "PartyNumber": 201, "Title": "นาย", "Votable": true, "province_id": 33, "province_name": "ศรีสะเกษ", "zone_number": 1, "PartyTerminated": false, "Age": 43, "Occupation": "ค้าขาย", "HighestEducation": "ต่ำกว่าปริญญาตรี", "ImageFileId": "5c5d5775fbcb5f0fd887599e", "SelfIntroduceFileId": "5c5d580ffbcb5f0fd887616f", "PartyLogo": "https://storage.googleapis.com/candidate-thumbs/party/201.png", "CandididatePhoto": "https://storage.googleapis.com/candidate-thumbs/images/33-1-31.jpg"}, {"Unnamed: 0": 7834, "CandidateId": "72ef46cb-8ea7-47af-868b-3ac1fcc8af5a", "CandidateNo": 32, "FirstName": "ศรีสมุทร", "LastName": "เขมรทอง", "PartyName": "ไทรักธรรม", "PartyNumber": 144, "Title": "นาย", "Votable": true, "province_id": 33, "province_name": "ศรีสะเกษ", "zone_number": 1, "PartyTerminated": false, "Age": 63, "Occupation": "ค้าขาย", "HighestEducation": "ต่ำกว่าปริญญาตรี", "ImageFileId": "5c5d5874fbcb5f0fd887665d", "SelfIntroduceFileId": "5c5d58e4fbcb5f0fd8876c9b", "PartyLogo": "https://storage.googleapis.com/candidate-thumbs/party/144.png", "CandididatePhoto": "https://storage.googleapis.com/candidate-thumbs/images/33-1-32.jpg"}]