[{"Unnamed: 0": 3757, "CandidateId": "9ea7ac18-1e65-49dd-a695-f44e80ddc3cc", "CandidateNo": 1, "FirstName": "ขวัญชัย", "LastName": "เหลืองพิทักษ์", "PartyName": "รวมใจไทย", "PartyNumber": 174, "Title": "นาย", "Votable": true, "province_id": 72, "province_name": "สุพรรณบุรี", "zone_number": 1, "PartyTerminated": false, "Age": 41, "Occupation": "ธุรกิจทั่วไป", "HighestEducation": "ต่ำกว่าปริญญาตรี", "ImageFileId": "5c58f0f7fbcb5f1d8813290f", "SelfIntroduceFileId": "5c58eb9cfbcb5f1d8812ff8f", "PartyLogo": "https://storage.googleapis.com/candidate-thumbs/party/174.png", "CandididatePhoto": "https://storage.googleapis.com/candidate-thumbs/images/72-1-1.jpg"}, {"Unnamed: 0": 3758, "CandidateId": "fdb62bdc-2ca9-4106-ae37-756f097bd7fe", "CandidateNo": 2, "FirstName": "อิสระ", "LastName": "บุญญาอรุณเนตร", "PartyName": "ประชาธิปัตย์", "PartyNumber": 1, "Title": "นาย", "Votable": true, "province_id": 72, "province_name": "สุพรรณบุรี", "zone_number": 1, "PartyTerminated": false, "Age": 62, "Occupation": "ข้าราชการครู", "HighestEducation": "ปริญญาตรี", "ImageFileId": "5c58f2d6fbcb5f1d88133aa6", "SelfIntroduceFileId": "5c58f232fbcb5f1d881331de", "PartyLogo": "https://storage.googleapis.com/candidate-thumbs/party/1.png", "CandididatePhoto": "https://storage.googleapis.com/candidate-thumbs/images/72-1-2.jpg"}, {"Unnamed: 0": 3759, "CandidateId": "fa569e3e-4b1a-4d29-964e-43c86ed3f6ef", "CandidateNo": 3, "FirstName": "สุพจน์", "LastName": "ดอกลำเจียก", "PartyName": "พลังท้องถิ่นไท", "PartyNumber": 124, "Title": "ว่าที่ ร.ต.", "Votable": true, "province_id": 72, "province_name": "สุพรรณบุรี", "zone_number": 1, "PartyTerminated": false, "Age": 54, "Occupation": "เกษตรกร", "HighestEducation": "ปริญญาโท", "ImageFileId": "5c58f427fbcb5f1d88134631", "SelfIntroduceFileId": "5c58f5f8fbcb5f1d88135775", "PartyLogo": "https://storage.googleapis.com/candidate-thumbs/party/124.png", "CandididatePhoto": "https://storage.googleapis.com/candidate-thumbs/images/72-1-3.jpg"}, {"Unnamed: 0": 3760, "CandidateId": "361a3aed-cd7b-455f-a5e9-30a22e3fb33f", "CandidateNo": 4, "FirstName": "ไปรยา", "LastName": "สอิ้งทอง", "PartyName": "สยามพัฒนา", "PartyNumber": 182, "Title": "นางสาว", "Votable": true, "province_id": 72, "province_name": "สุพรรณบุรี", "zone_number": 1, "PartyTerminated": false, "Age": 25, "Occupation": "ธุรกิจส่วนตัว", "HighestEducation": "ปริญญาตรี", "ImageFileId": "5c58f79bfbcb5f1d88136add", "SelfIntroduceFileId": "5c5ba8dafbcb5f16fc65c03e", "PartyLogo": "https://storage.googleapis.com/candidate-thumbs/party/182.png", "CandididatePhoto": "https://storage.googleapis.com/candidate-thumbs/images/72-1-4.jpg"}, {"Unnamed: 0": 3761, "CandidateId": "43ca8d61-ef9d-47b7-bfaa-f804fa787992", "CandidateNo": 5, "FirstName": "ชลิต", "LastName": "จิตตนาคินทร์", "PartyName": "เสรีรวมไทย", "PartyNumber": 145, "Title": "ร.ต.", "Votable": true, "province_id": 72, "province_name": "สุพรรณบุรี", "zone_number": 1, "PartyTerminated": false, "Age": 58, "Occupation": "ข้าราชการบำนาญทหาร", "HighestEducation": "ต่ำกว่าปริญญาตรี", "ImageFileId": "5c58fd15fbcb5f1d8813a05c", "SelfIntroduceFileId": "5c58ff15fbcb5f1d8813b53c", "PartyLogo": "https://storage.googleapis.com/candidate-thumbs/party/145.png", "CandididatePhoto": "https://storage.googleapis.com/candidate-thumbs/images/72-1-5.jpg"}, {"Unnamed: 0": 3762, "CandidateId": "768b3464-a414-4807-b8f1-82337b1bc2bb", "CandidateNo": 6, "FirstName": "สรชัด", "LastName": "สุจิตต์", "PartyName": "ชาติไทยพัฒนา", "PartyNumber": 55, "Title": "นาย", "Votable": true, "province_id": 72, "province_name": "สุพรรณบุรี", "zone_number": 1, "PartyTerminated": false, "Age": 45, "Occupation": "ธุรกิจส่วนตัว", "HighestEducation": "ปริญญาโท", "ImageFileId": "5c59007ffbcb5f1d8813ca09", "SelfIntroduceFileId": "5c590347fbcb5f1d8813ed4e", "PartyLogo": "https://storage.googleapis.com/candidate-thumbs/party/55.png", "CandididatePhoto": "https://storage.googleapis.com/candidate-thumbs/images/72-1-6.jpg"}, {"Unnamed: 0": 3763, "CandidateId": "648581cf-17e3-4cb5-b3a0-194f82d4269f", "CandidateNo": 7, "FirstName": "อำพรรัตน์", "LastName": "สุนทรวิภาต", "PartyName": "ชาติพัฒนา", "PartyNumber": 45, "Title": "นาง", "Votable": true, "province_id": 72, "province_name": "สุพรรณบุรี", "zone_number": 1, "PartyTerminated": false, "Age": 37, "Occupation": "เกษตรกรรม", "HighestEducation": "ปริญญาตรี", "ImageFileId": "5c590ad8fbcb5f1d88144d6b", "SelfIntroduceFileId": "5c590b7dfbcb5f1d8814571d", "PartyLogo": "https://storage.googleapis.com/candidate-thumbs/party/45.png", "CandididatePhoto": "https://storage.googleapis.com/candidate-thumbs/images/72-1-7.jpg"}, {"Unnamed: 0": 3764, "CandidateId": "8f0a886c-1275-4ea9-b281-20fd2a1fe84f", "CandidateNo": 8, "FirstName": "อัศวรักษ์", "LastName": "ผดุงชีวิต", "PartyName": "อนาคตใหม่", "PartyNumber": 177, "Title": "นาย", "Votable": true, "province_id": 72, "province_name": "สุพรรณบุรี", "zone_number": 1, "PartyTerminated": false, "Age": 37, "Occupation": "ผู้บริหารองค์กร", "HighestEducation": "ปริญญาตรี", "ImageFileId": "5c5910a6fbcb5f1d8814a448", "SelfIntroduceFileId": "5c591315fbcb5f1d8814c4f8", "PartyLogo": "https://storage.googleapis.com/candidate-thumbs/party/177.png", "CandididatePhoto": "https://storage.googleapis.com/candidate-thumbs/images/72-1-8.jpg"}, {"Unnamed: 0": 3765, "CandidateId": "291b9aa0-480f-42d4-aef0-3cbb1fc190aa", "CandidateNo": 9, "FirstName": "ศุภกิจ", "LastName": "กลิ่นหอม", "PartyName": "พลังประชารัฐ", "PartyNumber": 192, "Title": "นาย", "Votable": true, "province_id": 72, "province_name": "สุพรรณบุรี", "zone_number": 1, "PartyTerminated": false, "Age": 65, "Occupation": "เกษตรกรรม", "HighestEducation": "ปริญญาตรี", "ImageFileId": "5c591484fbcb5f1d8814d5aa", "SelfIntroduceFileId": "5c5916c9fbcb5f1d8814ee3d", "PartyLogo": "https://storage.googleapis.com/candidate-thumbs/party/192.png", "CandididatePhoto": "https://storage.googleapis.com/candidate-thumbs/images/72-1-9.jpg"}, {"Unnamed: 0": 3766, "CandidateId": "2eddb8da-b73e-452b-b091-c9342e585828", "CandidateNo": 10, "FirstName": "สุวรรณ", "LastName": "โพธิ์สิงห์", "PartyName": "พลังธรรมใหม่", "PartyNumber": 175, "Title": "นาย", "Votable": true, "province_id": 72, "province_name": "สุพรรณบุรี", "zone_number": 1, "PartyTerminated": false, "Age": 68, "Occupation": "เกษตรกร", "HighestEducation": "ต่ำกว่าปริญญาตรี", "ImageFileId": "5c5917edfbcb5f1d8814f699", "SelfIntroduceFileId": "5c591d7ffbcb5f1d88152241", "PartyLogo": "https://storage.googleapis.com/candidate-thumbs/party/175.png", "CandididatePhoto": "https://storage.googleapis.com/candidate-thumbs/images/72-1-10.jpg"}, {"Unnamed: 0": 3767, "CandidateId": "22ad7e0f-3297-46da-9fd0-563973f8c910", "CandidateNo": 11, "FirstName": "ทวิชช์", "LastName": "ซังยืนยง", "PartyName": "ประชาภิวัฒน์", "PartyNumber": 172, "Title": "นาย", "Votable": true, "province_id": 72, "province_name": "สุพรรณบุรี", "zone_number": 1, "PartyTerminated": false, "Age": 58, "Occupation": "ทนายความ", "HighestEducation": "ปริญญาตรี", "ImageFileId": "5c59222ffbcb5f1d881547b8", "SelfIntroduceFileId": "5c5922d2fbcb5f1d88154d4d", "PartyLogo": "https://storage.googleapis.com/candidate-thumbs/party/172.png", "CandididatePhoto": "https://storage.googleapis.com/candidate-thumbs/images/72-1-11.jpg"}, {"Unnamed: 0": 3768, "CandidateId": "93d960ec-5048-4e64-9967-ea778c72aaf2", "CandidateNo": 12, "FirstName": "ชาญชัย", "LastName": "ประเสริฐสุวรรณ", "PartyName": "ไทยรักษาชาติ", "PartyNumber": 77, "Title": "นาย", "Votable": true, "province_id": 72, "province_name": "สุพรรณบุรี", "zone_number": 1, "PartyTerminated": true, "Age": 48, "Occupation": "ธุรกิจส่วนตัว", "HighestEducation": "ปริญญาโท", "ImageFileId": "5c592a16fbcb5f1d8815a012", "SelfIntroduceFileId": "5c5ba5e3fbcb5f16fc65a980", "PartyLogo": "https://storage.googleapis.com/candidate-thumbs/party/77.png", "CandididatePhoto": "https://storage.googleapis.com/candidate-thumbs/images/72-1-12.jpg"}, {"Unnamed: 0": 3769, "CandidateId": "f58916a9-38ea-4331-8bcc-00168d6a10be", "CandidateNo": 13, "FirstName": "รัตนา", "LastName": "สมบูรณ์วิทย์", "PartyName": "รวมพลังประชาชาติไทย", "PartyNumber": 181, "Title": "นาง", "Votable": true, "province_id": 72, "province_name": "สุพรรณบุรี", "zone_number": 1, "PartyTerminated": false, "Age": 66, "Occupation": "รับจ้าง", "HighestEducation": "ปริญญาตรี", "ImageFileId": "5c592ef3fbcb5f1d8815f2e9", "SelfIntroduceFileId": "5c592f5bfbcb5f1d8815f768", "PartyLogo": "https://storage.googleapis.com/candidate-thumbs/party/181.png", "CandididatePhoto": "https://storage.googleapis.com/candidate-thumbs/images/72-1-13.jpg"}, {"Unnamed: 0": 3770, "CandidateId": "cf16b154-b6a1-4b5d-a8f8-7a89bcdeb0b5", "CandidateNo": 14, "FirstName": "อดุลย์", "LastName": "ศรีดี", "PartyName": "ภูมิใจไทย", "PartyNumber": 63, "Title": "นาย", "Votable": true, "province_id": 72, "province_name": "สุพรรณบุรี", "zone_number": 1, "PartyTerminated": false, "Age": 48, "Occupation": "ลูกจ้างชั่วคราวเทษบาลตำบลตะค่า", "HighestEducation": "ต่ำกว่าปริญญาตรี", "ImageFileId": "5c592ffffbcb5f1d8815fe1a", "SelfIntroduceFileId": "5c59315ffbcb5f1d88161121", "PartyLogo": "https://storage.googleapis.com/candidate-thumbs/party/63.png", "CandididatePhoto": "https://storage.googleapis.com/candidate-thumbs/images/72-1-14.jpg"}, {"Unnamed: 0": 3771, "CandidateId": "d286578b-8b01-49b2-ae04-ec6dfcf1a430", "CandidateNo": 15, "FirstName": "สุเทพ", "LastName": "วังกรานต์", "PartyName": "เศรษฐกิจใหม่", "PartyNumber": 193, "Title": "นาย", "Votable": true, "province_id": 72, "province_name": "สุพรรณบุรี", "zone_number": 1, "PartyTerminated": false, "Age": 67, "Occupation": "ธุรกิจท่องเที่ยว", "HighestEducation": "ต่ำกว่าปริญญาตรี", "ImageFileId": "5c593343fbcb5f1d88162d6f", "SelfIntroduceFileId": "5c5bf7d3fbcb5f16fc68012f", "PartyLogo": "https://storage.googleapis.com/candidate-thumbs/party/193.png", "CandididatePhoto": "https://storage.googleapis.com/candidate-thumbs/images/72-1-15.jpg"}, {"Unnamed: 0": 3772, "CandidateId": "e842091b-0d97-473c-856c-6aefa9af98fc", "CandidateNo": 16, "FirstName": "ศักดิ์ชัย", "LastName": "เจริญวัย", "PartyName": "รักษ์ผืนป่าประเทศไทย", "PartyNumber": 133, "Title": "นาย", "Votable": true, "province_id": 72, "province_name": "สุพรรณบุรี", "zone_number": 1, "PartyTerminated": false, "Age": 52, "Occupation": "ค้าขาย", "HighestEducation": "ต่ำกว่าปริญญาตรี", "ImageFileId": "5c593815fbcb5f1d88167214", "SelfIntroduceFileId": "5c5938b0fbcb5f1d88167928", "PartyLogo": "https://storage.googleapis.com/candidate-thumbs/party/133.png", "CandididatePhoto": "https://storage.googleapis.com/candidate-thumbs/images/72-1-16.jpg"}, {"Unnamed: 0": 3773, "CandidateId": "130cbca5-80e6-45e9-ba5e-3bb81481b2ea", "CandidateNo": 17, "FirstName": "พัชรี", "LastName": "ปุ่นเจริญ", "PartyName": "ประชาชนปฏิรูป", "PartyNumber": 176, "Title": "นาง", "Votable": true, "province_id": 72, "province_name": "สุพรรณบุรี", "zone_number": 1, "PartyTerminated": false, "Age": 50, "Occupation": "ค้าขาย", "HighestEducation": "ต่ำกว่าปริญญาตรี", "ImageFileId": "5c590e1afbcb5f1d88147c3b", "SelfIntroduceFileId": "5c590fb3fbcb5f1d88149479", "PartyLogo": "https://storage.googleapis.com/candidate-thumbs/party/176.png", "CandididatePhoto": "https://storage.googleapis.com/candidate-thumbs/images/72-1-17.jpg"}, {"Unnamed: 0": 3774, "CandidateId": "351ef1c1-05f7-47f5-a65a-1d41a333d6d6", "CandidateNo": 18, "FirstName": "ณัณไพโรจณ์", "LastName": "พัวจันทร์ดี", "PartyName": "ประชาธิปไตยใหม่", "PartyNumber": 109, "Title": "จ่าสิบตำรวจ", "Votable": true, "province_id": 72, "province_name": "สุพรรณบุรี", "zone_number": 1, "PartyTerminated": false, "Age": 44, "Occupation": "อิสระ", "HighestEducation": "ต่ำกว่าปริญญาตรี", "ImageFileId": "5c5a80cbfbcb5f19bcaa6a7c", "SelfIntroduceFileId": "5c5a82b9fbcb5f19bcaa7bf8", "PartyLogo": "https://storage.googleapis.com/candidate-thumbs/party/109.png", "CandididatePhoto": "https://storage.googleapis.com/candidate-thumbs/images/72-1-18.jpg"}, {"Unnamed: 0": 3775, "CandidateId": "1560de7f-dc03-45ff-b02a-78b359cfef26", "CandidateNo": 19, "FirstName": "พรพิไล", "LastName": "บุตรดา", "PartyName": "เพื่อชาติ", "PartyNumber": 149, "Title": "นาง", "Votable": true, "province_id": 72, "province_name": "สุพรรณบุรี", "zone_number": 1, "PartyTerminated": false, "Age": 68, "Occupation": "ข้าราชการบำนาญ", "HighestEducation": "ปริญญาตรี", "ImageFileId": "5c5a7aa4fbcb5f19bcaa3a32", "SelfIntroduceFileId": "5c5a7c96fbcb5f19bcaa46ec", "PartyLogo": "https://storage.googleapis.com/candidate-thumbs/party/149.png", "CandididatePhoto": "https://storage.googleapis.com/candidate-thumbs/images/72-1-19.jpg"}, {"Unnamed: 0": 3776, "CandidateId": "345929f2-1710-461c-b78c-112b02c078ef", "CandidateNo": 20, "FirstName": "ปั้น", "LastName": "บุญศรี", "PartyName": "เครือข่ายชาวนาแห่งประเทศไทย", "PartyNumber": 22, "Title": "นาย", "Votable": true, "province_id": 72, "province_name": "สุพรรณบุรี", "zone_number": 1, "PartyTerminated": false, "Age": 54, "Occupation": "เกษตรกร", "HighestEducation": "ต่ำกว่าปริญญาตรี", "ImageFileId": "5c5bba45fbcb5f16fc6648de", "SelfIntroduceFileId": "5c5bbca4fbcb5f16fc6656aa", "PartyLogo": "https://storage.googleapis.com/candidate-thumbs/party/22.png", "CandididatePhoto": "https://storage.googleapis.com/candidate-thumbs/images/72-1-20.jpg"}, {"Unnamed: 0": 3777, "CandidateId": "1884e1f3-1fd1-49bc-823a-f7c555f5820b", "CandidateNo": 21, "FirstName": "เทพชัย", "LastName": "จันทร์เคน", "PartyName": "ครูไทยเพื่อประชาชน", "PartyNumber": 118, "Title": "นาย", "Votable": false, "province_id": 72, "province_name": "สุพรรณบุรี", "zone_number": 1, "PartyTerminated": false, "Age": 26, "Occupation": "รับจ้าง", "HighestEducation": "ต่ำกว่าปริญญาตรี", "ImageFileId": "5c5bdb02fbcb5f16fc6711dc", "SelfIntroduceFileId": "5c5be48ffbcb5f16fc675f43", "PartyLogo": "https://storage.googleapis.com/candidate-thumbs/party/118.png", "CandididatePhoto": "https://storage.googleapis.com/candidate-thumbs/images/72-1-21.jpg"}, {"Unnamed: 0": 3778, "CandidateId": "358042b6-9fbc-490f-9270-257c3ac2a999", "CandidateNo": 22, "FirstName": "ณัฐวรินทร", "LastName": "คิรินทร์ณิชกุล", "PartyName": "พลังชาติไทย", "PartyNumber": 186, "Title": "นางสาว", "Votable": false, "province_id": 72, "province_name": "สุพรรณบุรี", "zone_number": 1, "PartyTerminated": false, "Age": 41, "Occupation": "ธุรกิจส่วนตัว", "HighestEducation": "ปริญญาโท", "ImageFileId": "5c5bebdefbcb5f16fc679f86", "SelfIntroduceFileId": "5c5beecbfbcb5f16fc67bc06", "PartyLogo": "https://storage.googleapis.com/candidate-thumbs/party/186.png", "CandididatePhoto": "https://storage.googleapis.com/candidate-thumbs/images/72-1-22.jpg"}, {"Unnamed: 0": 3779, "CandidateId": "fe343438-fb81-4ffc-8395-83a6f39dd8f7", "CandidateNo": 23, "FirstName": "บุญเสริม", "LastName": "แผนสมบูรณ์", "PartyName": "พลังปวงชนไทย", "PartyNumber": 184, "Title": "นาย", "Votable": true, "province_id": 72, "province_name": "สุพรรณบุรี", "zone_number": 1, "PartyTerminated": false, "Age": 59, "Occupation": "ค้าขาย", "HighestEducation": "ต่ำกว่าปริญญาตรี", "ImageFileId": "5c5bf18cfbcb5f16fc67d296", "SelfIntroduceFileId": "5c5bf282fbcb5f16fc67dc07", "PartyLogo": "https://storage.googleapis.com/candidate-thumbs/party/184.png", "CandididatePhoto": "https://storage.googleapis.com/candidate-thumbs/images/72-1-23.jpg"}, {"Unnamed: 0": 3780, "CandidateId": "82e3a3bf-90d3-4774-9449-a3dec3087119", "CandidateNo": 24, "FirstName": "ฉลวย", "LastName": "เชิดฉันท์", "PartyName": "กรีน", "PartyNumber": 206, "Title": "นาง", "Votable": true, "province_id": 72, "province_name": "สุพรรณบุรี", "zone_number": 1, "PartyTerminated": false, "Age": 53, "Occupation": "เกษตรกร", "HighestEducation": "ต่ำกว่าปริญญาตรี", "ImageFileId": "5c5bf5a9fbcb5f16fc67f3aa", "SelfIntroduceFileId": "5c5bf6cbfbcb5f16fc67fc0e", "PartyLogo": "https://storage.googleapis.com/candidate-thumbs/party/206.png", "CandididatePhoto": "https://storage.googleapis.com/candidate-thumbs/images/72-1-24.jpg"}, {"Unnamed: 0": 3781, "CandidateId": "1e873ee9-c9e4-4ce6-af0d-0dfaa9293007", "CandidateNo": 25, "FirstName": "นงนุช", "LastName": "มะลิทอง", "PartyName": "ประชาธรรมไทย", "PartyNumber": 190, "Title": "นาง", "Votable": true, "province_id": 72, "province_name": "สุพรรณบุรี", "zone_number": 1, "PartyTerminated": false, "Age": 43, "Occupation": "ธุรกิจส่วนตัว", "HighestEducation": "ต่ำกว่าปริญญาตรี", "ImageFileId": "5c5d2f88fbcb5f0fd885bf12", "SelfIntroduceFileId": "5c5d3005fbcb5f0fd885c26d", "PartyLogo": "https://storage.googleapis.com/candidate-thumbs/party/190.png", "CandididatePhoto": "https://storage.googleapis.com/candidate-thumbs/images/72-1-25.jpg"}, {"Unnamed: 0": 3782, "CandidateId": "fccada12-47fc-4e15-a935-9646e7fe67b4", "CandidateNo": 26, "FirstName": "ปรางชิด", "LastName": "ไชนาท", "PartyName": "ประชาไทย", "PartyNumber": 205, "Title": "นางสาว", "Votable": true, "province_id": 72, "province_name": "สุพรรณบุรี", "zone_number": 1, "PartyTerminated": false, "Age": 51, "Occupation": "ที่ปรึกษาและเลขานุการ", "HighestEducation": "ปริญญาตรี", "ImageFileId": "5c5d3594fbcb5f0fd885eeaf", "SelfIntroduceFileId": "5c5d36c4fbcb5f0fd885f7ee", "PartyLogo": "https://storage.googleapis.com/candidate-thumbs/party/205.png", "CandididatePhoto": "https://storage.googleapis.com/candidate-thumbs/images/72-1-26.jpg"}, {"Unnamed: 0": 3783, "CandidateId": "53f361c9-e232-4fd1-b40e-5cedc37944b4", "CandidateNo": 27, "FirstName": "พรทิพย์", "LastName": "สามงามแสน", "PartyName": "ไทรักธรรม", "PartyNumber": 144, "Title": "นางสาว", "Votable": true, "province_id": 72, "province_name": "สุพรรณบุรี", "zone_number": 1, "PartyTerminated": false, "Age": 26, "Occupation": "เย็บผ้า", "HighestEducation": "ต่ำกว่าปริญญาตรี", "ImageFileId": "5c5d549cfbcb5f0fd8872fce", "SelfIntroduceFileId": "5c5d5c52fbcb5f0fd8878d95", "PartyLogo": "https://storage.googleapis.com/candidate-thumbs/party/144.png", "CandididatePhoto": "https://storage.googleapis.com/candidate-thumbs/images/72-1-27.jpg"}]