[{"Unnamed: 0": 5925, "CandidateId": "c7bc5183-c1be-4fb9-9cf4-bc9afb283c34", "CandidateNo": 1, "FirstName": "วิศรุจณ์", "LastName": "แท่นนาค", "PartyName": "ชาติพัฒนา", "PartyNumber": 45, "Title": "นาย", "Votable": true, "province_id": 84, "province_name": "สุราษฎร์ธานี", "zone_number": 2, "PartyTerminated": false, "Age": 48, "Occupation": "รับจ้าง", "HighestEducation": "ปริญญาตรี", "ImageFileId": "5c57f043fbcb5f1eec0ea461", "SelfIntroduceFileId": "5c57f42efbcb5f1eec0eca30", "PartyLogo": "https://storage.googleapis.com/candidate-thumbs/party/45.png", "CandididatePhoto": "https://storage.googleapis.com/candidate-thumbs/images/84-2-1.jpg"}, {"Unnamed: 0": 5926, "CandidateId": "53767198-754f-4962-8d84-bdf333ec7cdf", "CandidateNo": 2, "FirstName": "เจริญ", "LastName": "จันทรา", "PartyName": "ชาติไทยพัฒนา", "PartyNumber": 55, "Title": "นาย", "Votable": true, "province_id": 84, "province_name": "สุราษฎร์ธานี", "zone_number": 2, "PartyTerminated": false, "Age": 56, "Occupation": "ทำลาน", "HighestEducation": "ต่ำกว่าปริญญาตรี", "ImageFileId": "5c57f4f5fbcb5f1eec0ed257", "SelfIntroduceFileId": "5c580124fbcb5f1eec0f6a30", "PartyLogo": "https://storage.googleapis.com/candidate-thumbs/party/55.png", "CandididatePhoto": "https://storage.googleapis.com/candidate-thumbs/images/84-2-2.jpg"}, {"Unnamed: 0": 5927, "CandidateId": "53c0cb01-cb7c-4055-9792-d8664273912b", "CandidateNo": 3, "FirstName": "ชัยสันท์", "LastName": "หิรัญสาลี", "PartyName": "รักษ์ผืนป่าประเทศไทย", "PartyNumber": 133, "Title": "นาย", "Votable": true, "province_id": 84, "province_name": "สุราษฎร์ธานี", "zone_number": 2, "PartyTerminated": false, "Age": 60, "Occupation": "รับราชการ", "HighestEducation": "ปริญญาโท", "ImageFileId": "5c58020dfbcb5f1eec0f7a79", "SelfIntroduceFileId": "5c58025cfbcb5f1eec0f8029", "PartyLogo": "https://storage.googleapis.com/candidate-thumbs/party/133.png", "CandididatePhoto": "https://storage.googleapis.com/candidate-thumbs/images/84-2-3.jpg"}, {"Unnamed: 0": 5928, "CandidateId": "adf5c010-5697-4bbc-84d5-8cada3e0e77a", "CandidateNo": 4, "FirstName": "โกสินธุ์", "LastName": "เรืองศรี", "PartyName": "พลังธรรมใหม่", "PartyNumber": 175, "Title": "นาย", "Votable": true, "province_id": 84, "province_name": "สุราษฎร์ธานี", "zone_number": 2, "PartyTerminated": false, "Age": 57, "Occupation": "ทำสวน", "HighestEducation": "ต่ำกว่าปริญญาตรี", "ImageFileId": "5c580392fbcb5f1eec0f8f53", "SelfIntroduceFileId": "5c5803b4fbcb5f1eec0f91f6", "PartyLogo": "https://storage.googleapis.com/candidate-thumbs/party/175.png", "CandididatePhoto": "https://storage.googleapis.com/candidate-thumbs/images/84-2-4.jpg"}, {"Unnamed: 0": 5929, "CandidateId": "fb243546-46af-49fb-ac28-73dc53545075", "CandidateNo": 5, "FirstName": "ไชยวัฒน์", "LastName": "โต๊ะหลาง", "PartyName": "ประชาชาติ", "PartyNumber": 187, "Title": "นาย", "Votable": true, "province_id": 84, "province_name": "สุราษฎร์ธานี", "zone_number": 2, "PartyTerminated": false, "Age": 47, "Occupation": "ธุรกิจส่วนตัว", "HighestEducation": "ปริญญาตรี", "ImageFileId": "5c5803f2fbcb5f1eec0f94df", "SelfIntroduceFileId": "5c580445fbcb5f1eec0f9a23", "PartyLogo": "https://storage.googleapis.com/candidate-thumbs/party/187.png", "CandididatePhoto": "https://storage.googleapis.com/candidate-thumbs/images/84-2-5.jpg"}, {"Unnamed: 0": 5930, "CandidateId": "a2cae6dc-3052-40ac-9341-d711b057ec65", "CandidateNo": 6, "FirstName": "ณัฐดนัย", "LastName": "หิมทอง", "PartyName": "อนาคตใหม่", "PartyNumber": 177, "Title": "นาย", "Votable": true, "province_id": 84, "province_name": "สุราษฎร์ธานี", "zone_number": 2, "PartyTerminated": false, "Age": 48, "Occupation": "ผู้จัดการสหกรณ์เดินรถเกาะสมุย", "HighestEducation": "ปริญญาตรี", "ImageFileId": "5c5804f2fbcb5f1eec0fa44a", "SelfIntroduceFileId": "5c5805a0fbcb5f1eec0fadbd", "PartyLogo": "https://storage.googleapis.com/candidate-thumbs/party/177.png", "CandididatePhoto": "https://storage.googleapis.com/candidate-thumbs/images/84-2-6.jpg"}, {"Unnamed: 0": 5931, "CandidateId": "2c1f52dd-9d30-4155-bf57-ae33aac6e196", "CandidateNo": 7, "FirstName": "สง่า", "LastName": "พงศ์ฉบับนภา", "PartyName": "ไทยรักษาชาติ", "PartyNumber": 77, "Title": "นาย", "Votable": true, "province_id": 84, "province_name": "สุราษฎร์ธานี", "zone_number": 2, "PartyTerminated": true, "Age": 58, "Occupation": "กำนันตำบลมะเร็ต", "HighestEducation": "ปริญญาโท", "ImageFileId": "5c5a695afbcb5f19bca9f0f7", "SelfIntroduceFileId": "5c580b56fbcb5f1eec0ff650", "PartyLogo": "https://storage.googleapis.com/candidate-thumbs/party/77.png", "CandididatePhoto": "https://storage.googleapis.com/candidate-thumbs/images/84-2-7.jpg"}, {"Unnamed: 0": 5932, "CandidateId": "38f908b1-c4bb-475c-9a01-6f6853b44038", "CandidateNo": 8, "FirstName": "สุนทร", "LastName": "รังสิวรารักษ์", "PartyName": "ภูมิใจไทย", "PartyNumber": 63, "Title": "นาวาเอก", "Votable": true, "province_id": 84, "province_name": "สุราษฎร์ธานี", "zone_number": 2, "PartyTerminated": false, "Age": 64, "Occupation": "รับราชการ", "HighestEducation": "ปริญญาตรี", "ImageFileId": "5c5a6987fbcb5f19bca9f179", "SelfIntroduceFileId": "5c580cb8fbcb5f1eec100702", "PartyLogo": "https://storage.googleapis.com/candidate-thumbs/party/63.png", "CandididatePhoto": "https://storage.googleapis.com/candidate-thumbs/images/84-2-8.jpg"}, {"Unnamed: 0": 5933, "CandidateId": "fea0ca59-0cbe-489b-8876-972a16bd0ac7", "CandidateNo": 9, "FirstName": "ชยพล", "LastName": "วิชัยดิษฐ", "PartyName": "เพื่อชาติ", "PartyNumber": 149, "Title": "นาย", "Votable": true, "province_id": 84, "province_name": "สุราษฎร์ธานี", "zone_number": 2, "PartyTerminated": false, "Age": 53, "Occupation": "ธุรกิจส่วนตัว (ค้าขาย)", "HighestEducation": "ปริญญาโท", "ImageFileId": "5c580d03fbcb5f1eec100989", "SelfIntroduceFileId": "5c580d75fbcb5f1eec100ee6", "PartyLogo": "https://storage.googleapis.com/candidate-thumbs/party/149.png", "CandididatePhoto": "https://storage.googleapis.com/candidate-thumbs/images/84-2-9.jpg"}, {"Unnamed: 0": 5934, "CandidateId": "700f5bc2-31dc-42fa-802b-281ada28119c", "CandidateNo": 10, "FirstName": "ธีระยุทธ", "LastName": "เอี่ยมตระกูล", "PartyName": "พลังประชารัฐ", "PartyNumber": 192, "Title": "นาย", "Votable": true, "province_id": 84, "province_name": "สุราษฎร์ธานี", "zone_number": 2, "PartyTerminated": false, "Age": 64, "Occupation": "รับราชการ", "HighestEducation": "ปริญญาโท", "ImageFileId": "5c580dd0fbcb5f1eec10133c", "SelfIntroduceFileId": "5c580ec7fbcb5f1eec101ead", "PartyLogo": "https://storage.googleapis.com/candidate-thumbs/party/192.png", "CandididatePhoto": "https://storage.googleapis.com/candidate-thumbs/images/84-2-10.jpg"}, {"Unnamed: 0": 5935, "CandidateId": "63e062b8-d569-449a-8503-e219e8babe20", "CandidateNo": 11, "FirstName": "สิทธิชัย", "LastName": "สุวรรณดวง", "PartyName": "เพื่อธรรม", "PartyNumber": 98, "Title": "นาย", "Votable": true, "province_id": 84, "province_name": "สุราษฎร์ธานี", "zone_number": 2, "PartyTerminated": false, "Age": 63, "Occupation": "ทนายความ", "HighestEducation": "ปริญญาโท", "ImageFileId": "5c5a69d7fbcb5f19bca9f31c", "SelfIntroduceFileId": "5c580fa4fbcb5f1eec10295b", "PartyLogo": "https://storage.googleapis.com/candidate-thumbs/party/98.png", "CandididatePhoto": "https://storage.googleapis.com/candidate-thumbs/images/84-2-11.jpg"}, {"Unnamed: 0": 5936, "CandidateId": "84f50722-1677-4778-b52c-e000198a43a0", "CandidateNo": 12, "FirstName": "วิวรรธน์", "LastName": "นิลวัชรมณี", "PartyName": "ประชาธิปัตย์", "PartyNumber": 1, "Title": "นาย", "Votable": true, "province_id": 84, "province_name": "สุราษฎร์ธานี", "zone_number": 2, "PartyTerminated": false, "Age": 42, "Occupation": "ที่ปรึกษาบริษัทสมศักดิ์ นรา พาราวู้ด จำกัด", "HighestEducation": "ปริญญาโท", "ImageFileId": "5c580fd7fbcb5f1eec102bad", "SelfIntroduceFileId": "5c581056fbcb5f1eec103167", "PartyLogo": "https://storage.googleapis.com/candidate-thumbs/party/1.png", "CandididatePhoto": "https://storage.googleapis.com/candidate-thumbs/images/84-2-12.jpg"}, {"Unnamed: 0": 5937, "CandidateId": "2c219679-bef3-4e31-b324-1bc6f9f3b6db", "CandidateNo": 13, "FirstName": "ไทยรัฐ", "LastName": "ชูศักดิ์", "PartyName": "เพื่อแผ่นดิน", "PartyNumber": 41, "Title": "นาย", "Votable": true, "province_id": 84, "province_name": "สุราษฎร์ธานี", "zone_number": 2, "PartyTerminated": false, "Age": 26, "Occupation": "ทำสวน", "HighestEducation": "ปริญญาตรี", "ImageFileId": "5c581147fbcb5f1eec1038a0", "SelfIntroduceFileId": "5c581162fbcb5f1eec10397b", "PartyLogo": "https://storage.googleapis.com/candidate-thumbs/party/41.png", "CandididatePhoto": "https://storage.googleapis.com/candidate-thumbs/images/84-2-13.jpg"}, {"Unnamed: 0": 5938, "CandidateId": "dab13664-da55-4b16-8510-3ed7eeb74bd5", "CandidateNo": 14, "FirstName": "ยอดขวัญ", "LastName": "ชุมวระ", "PartyName": "รวมพลังประชาชาติไทย", "PartyNumber": 181, "Title": "นางสาว", "Votable": true, "province_id": 84, "province_name": "สุราษฎร์ธานี", "zone_number": 2, "PartyTerminated": false, "Age": 42, "Occupation": "ธุรกิจส่วนตัว", "HighestEducation": "ปริญญาโท", "ImageFileId": "5c5811ddfbcb5f1eec103e01", "SelfIntroduceFileId": "5c581203fbcb5f1eec103e94", "PartyLogo": "https://storage.googleapis.com/candidate-thumbs/party/181.png", "CandididatePhoto": "https://storage.googleapis.com/candidate-thumbs/images/84-2-14.jpg"}, {"Unnamed: 0": 5939, "CandidateId": "4f5befd1-0fa1-43e2-8847-bc9d2b2279c8", "CandidateNo": 15, "FirstName": "ดิเรก", "LastName": "ทองเกตุ", "PartyName": "เสรีรวมไทย", "PartyNumber": 145, "Title": "ร้อยตำรวจโท", "Votable": true, "province_id": 84, "province_name": "สุราษฎร์ธานี", "zone_number": 2, "PartyTerminated": false, "Age": 63, "Occupation": "รับราชการตำรวจ", "HighestEducation": "ต่ำกว่าปริญญาตรี", "ImageFileId": "5c58126bfbcb5f1eec1042ff", "SelfIntroduceFileId": "5c58128cfbcb5f1eec104444", "PartyLogo": "https://storage.googleapis.com/candidate-thumbs/party/145.png", "CandididatePhoto": "https://storage.googleapis.com/candidate-thumbs/images/84-2-15.jpg"}, {"Unnamed: 0": 5940, "CandidateId": "662abb8d-a604-45a8-a9fc-e529e8dcc273", "CandidateNo": 16, "FirstName": "ธรรมนอง", "LastName": "พรหมรักษ์", "PartyName": "ประชาภิวัฒน์", "PartyNumber": 172, "Title": "นาย", "Votable": true, "province_id": 84, "province_name": "สุราษฎร์ธานี", "zone_number": 2, "PartyTerminated": false, "Age": 43, "Occupation": "เกษตรกร", "HighestEducation": "ต่ำกว่าปริญญาตรี", "ImageFileId": "5c5812cbfbcb5f1eec104733", "SelfIntroduceFileId": "5c581336fbcb5f1eec104a21", "PartyLogo": "https://storage.googleapis.com/candidate-thumbs/party/172.png", "CandididatePhoto": "https://storage.googleapis.com/candidate-thumbs/images/84-2-16.jpg"}, {"Unnamed: 0": 5941, "CandidateId": "00637dd2-3615-44ca-8e94-d1e33237dde2", "CandidateNo": 17, "FirstName": "ศตาพร", "LastName": "พราหมณ์นาค", "PartyName": "คลองไทย", "PartyNumber": 189, "Title": "นาง", "Votable": true, "province_id": 84, "province_name": "สุราษฎร์ธานี", "zone_number": 2, "PartyTerminated": false, "Age": 56, "Occupation": "อสม.", "HighestEducation": "ต่ำกว่าปริญญาตรี", "ImageFileId": "5c58138afbcb5f1eec104d25", "SelfIntroduceFileId": "5c5813c5fbcb5f1eec104fee", "PartyLogo": "https://storage.googleapis.com/candidate-thumbs/party/189.png", "CandididatePhoto": "https://storage.googleapis.com/candidate-thumbs/images/84-2-17.jpg"}, {"Unnamed: 0": 5942, "CandidateId": "9e44c9c6-7d27-4484-94fe-46b46076684c", "CandidateNo": 18, "FirstName": "อมฤต", "LastName": "วิภาคหัตถกิจ", "PartyName": "เศรษฐกิจใหม่", "PartyNumber": 193, "Title": "นาย", "Votable": true, "province_id": 84, "province_name": "สุราษฎร์ธานี", "zone_number": 2, "PartyTerminated": false, "Age": 66, "Occupation": "ข้าราชการครู", "HighestEducation": "ต่ำกว่าปริญญาตรี", "ImageFileId": "5c5a6a1efbcb5f19bca9f428", "SelfIntroduceFileId": "5c5814a1fbcb5f1eec105597", "PartyLogo": "https://storage.googleapis.com/candidate-thumbs/party/193.png", "CandididatePhoto": "https://storage.googleapis.com/candidate-thumbs/images/84-2-18.jpg"}, {"Unnamed: 0": 5943, "CandidateId": "54517d8b-3573-4366-b7f2-a8ee84a67fee", "CandidateNo": 19, "FirstName": "ผานิตย์", "LastName": "ประชุมยุทธ", "PartyName": "ประชาชนปฏิรูป", "PartyNumber": 176, "Title": "นางสาว", "Votable": true, "province_id": 84, "province_name": "สุราษฎร์ธานี", "zone_number": 2, "PartyTerminated": false, "Age": 32, "Occupation": "เกษตรกร", "HighestEducation": "ต่ำกว่าปริญญาตรี", "ImageFileId": "5c5814c2fbcb5f1eec10567e", "SelfIntroduceFileId": "5c58192cfbcb5f1eec10774f", "PartyLogo": "https://storage.googleapis.com/candidate-thumbs/party/176.png", "CandididatePhoto": "https://storage.googleapis.com/candidate-thumbs/images/84-2-19.jpg"}, {"Unnamed: 0": 5944, "CandidateId": "ad91584b-c00e-411a-b869-ab2d6cad3fda", "CandidateNo": 20, "FirstName": "ประจักษ์", "LastName": "วิชัยดิษฐ", "PartyName": "ภราดรภาพ", "PartyNumber": 154, "Title": "นาย", "Votable": true, "province_id": 84, "province_name": "สุราษฎร์ธานี", "zone_number": 2, "PartyTerminated": false, "Age": 50, "Occupation": "รับจ้าง", "HighestEducation": "ต่ำกว่าปริญญาตรี", "ImageFileId": "5c5943ecfbcb5f1d88170f87", "SelfIntroduceFileId": "5c5944dbfbcb5f1d88171bfe", "PartyLogo": "https://storage.googleapis.com/candidate-thumbs/party/154.png", "CandididatePhoto": "https://storage.googleapis.com/candidate-thumbs/images/84-2-20.jpg"}, {"Unnamed: 0": 5945, "CandidateId": "a6dc9100-9145-4d67-bea4-61e728235980", "CandidateNo": 21, "FirstName": "ณัฐกรณ์", "LastName": "สังสัญไทย", "PartyName": "ประชากรไทย", "PartyNumber": 2, "Title": "นาย", "Votable": true, "province_id": 84, "province_name": "สุราษฎร์ธานี", "zone_number": 2, "PartyTerminated": false, "Age": 25, "Occupation": "ประมง", "HighestEducation": "ต่ำกว่าปริญญาตรี", "ImageFileId": "5c5a9a6efbcb5f19bcab2470", "SelfIntroduceFileId": "5c5a9b14fbcb5f19bcab27fd", "PartyLogo": "https://storage.googleapis.com/candidate-thumbs/party/2.png", "CandididatePhoto": "https://storage.googleapis.com/candidate-thumbs/images/84-2-21.jpg"}, {"Unnamed: 0": 5946, "CandidateId": "2cfd75ec-0200-4c93-8869-ce191d66b779", "CandidateNo": 22, "FirstName": "คฑาเทพ", "LastName": "ธรรมเสน", "PartyName": "ทางเลือกใหม่", "PartyNumber": 170, "Title": "นาย", "Votable": true, "province_id": 84, "province_name": "สุราษฎร์ธานี", "zone_number": 2, "PartyTerminated": false, "Age": 34, "Occupation": "พิธีกรบริษัท A4S", "HighestEducation": "ต่ำกว่าปริญญาตรี", "ImageFileId": "5c5bb3bdfbcb5f16fc661ab8", "SelfIntroduceFileId": "5c5bb560fbcb5f16fc662680", "PartyLogo": "https://storage.googleapis.com/candidate-thumbs/party/170.png", "CandididatePhoto": "https://storage.googleapis.com/candidate-thumbs/images/84-2-22.jpg"}, {"Unnamed: 0": 5947, "CandidateId": "66f55947-2d7c-4676-8d37-9a42f8bfd98a", "CandidateNo": 23, "FirstName": "สินสมุทร", "LastName": "สมัยพิทักษ์", "PartyName": "ครูไทยเพื่อประชาชน", "PartyNumber": 118, "Title": "นาย", "Votable": true, "province_id": 84, "province_name": "สุราษฎร์ธานี", "zone_number": 2, "PartyTerminated": false, "Age": 58, "Occupation": "รับจ้าง", "HighestEducation": "ต่ำกว่าปริญญาตรี", "ImageFileId": "5c5bb6dcfbcb5f16fc6630e7", "SelfIntroduceFileId": "5c5bba2bfbcb5f16fc664823", "PartyLogo": "https://storage.googleapis.com/candidate-thumbs/party/118.png", "CandididatePhoto": "https://storage.googleapis.com/candidate-thumbs/images/84-2-23.jpg"}, {"Unnamed: 0": 5948, "CandidateId": "bd464d47-6bb2-4eb9-9512-bed1a21a2253", "CandidateNo": 24, "FirstName": "ปรีชา", "LastName": "เพชรรัตน์", "PartyName": "พลังท้องถิ่นไท", "PartyNumber": 124, "Title": "นาย", "Votable": true, "province_id": 84, "province_name": "สุราษฎร์ธานี", "zone_number": 2, "PartyTerminated": false, "Age": 58, "Occupation": "สมาชิกสภาองค์การบริหารส่วนจังหวัดสุราษฎร์ธานี", "HighestEducation": "ปริญญาโท", "ImageFileId": "5c5bc410fbcb5f16fc66743f", "SelfIntroduceFileId": "5c5bc6f6fbcb5f16fc668216", "PartyLogo": "https://storage.googleapis.com/candidate-thumbs/party/124.png", "CandididatePhoto": "https://storage.googleapis.com/candidate-thumbs/images/84-2-24.jpg"}, {"Unnamed: 0": 5949, "CandidateId": "b401ca90-ca8a-4478-b701-5bcfdf063aa8", "CandidateNo": 25, "FirstName": "ศิรินภาพร", "LastName": "มีเดช", "PartyName": "พลังไทสร้างชาติ", "PartyNumber": 200, "Title": "ว่าที่ร้อยตรีหญิง", "Votable": true, "province_id": 84, "province_name": "สุราษฎร์ธานี", "zone_number": 2, "PartyTerminated": false, "Age": 33, "Occupation": "ธุรกิจส่วนตัว", "HighestEducation": "ต่ำกว่าปริญญาตรี", "ImageFileId": "5c5bca61fbcb5f16fc66966d", "SelfIntroduceFileId": "5c5bcce2fbcb5f16fc66a59d", "PartyLogo": "https://storage.googleapis.com/candidate-thumbs/party/200.png", "CandididatePhoto": "https://storage.googleapis.com/candidate-thumbs/images/84-2-25.jpg"}, {"Unnamed: 0": 5950, "CandidateId": "25112569-f14b-4b69-afd4-37992389b014", "CandidateNo": 26, "FirstName": "ภัทราคนิษฐ์", "LastName": "ศรีสมุย", "PartyName": "พลังไทยรักไทย", "PartyNumber": 185, "Title": "นางสาว", "Votable": true, "province_id": 84, "province_name": "สุราษฎร์ธานี", "zone_number": 2, "PartyTerminated": false, "Age": 59, "Occupation": "ทนายความ", "HighestEducation": "ปริญญาตรี", "ImageFileId": "5c5bdcf5fbcb5f16fc672206", "SelfIntroduceFileId": "5c5bde57fbcb5f16fc672ecc", "PartyLogo": "https://storage.googleapis.com/candidate-thumbs/party/185.png", "CandididatePhoto": "https://storage.googleapis.com/candidate-thumbs/images/84-2-26.jpg"}, {"Unnamed: 0": 5951, "CandidateId": "7ec4c016-d30f-4152-b2cf-30b48ce3551b", "CandidateNo": 27, "FirstName": "พิชามญช์", "LastName": "ฤทธิรณ", "PartyName": "ประชาธิปไตยใหม่", "PartyNumber": 109, "Title": "นางสาว", "Votable": true, "province_id": 84, "province_name": "สุราษฎร์ธานี", "zone_number": 2, "PartyTerminated": false, "Age": 26, "Occupation": "เกษตรกร", "HighestEducation": "ต่ำกว่าปริญญาตรี", "ImageFileId": "5c5bdf6bfbcb5f16fc673858", "SelfIntroduceFileId": "5c5be0a9fbcb5f16fc674170", "PartyLogo": "https://storage.googleapis.com/candidate-thumbs/party/109.png", "CandididatePhoto": "https://storage.googleapis.com/candidate-thumbs/images/84-2-27.jpg"}, {"Unnamed: 0": 5952, "CandidateId": "075c6ab7-683d-4db7-9e6a-f0ad9e594172", "CandidateNo": 28, "FirstName": "สง่า", "LastName": "พิณกาญจน์", "PartyName": "พลังประชาธิปไตย", "PartyNumber": 153, "Title": "นาย", "Votable": true, "province_id": 84, "province_name": "สุราษฎร์ธานี", "zone_number": 2, "PartyTerminated": false, "Age": 48, "Occupation": "ธุรกิจส่วนตัว", "HighestEducation": "ต่ำกว่าปริญญาตรี", "ImageFileId": "5c5d0064fbcb5f0fd8848758", "SelfIntroduceFileId": "5c5d0282fbcb5f0fd8849918", "PartyLogo": "https://storage.googleapis.com/candidate-thumbs/party/153.png", "CandididatePhoto": "https://storage.googleapis.com/candidate-thumbs/images/84-2-28.jpg"}, {"Unnamed: 0": 5953, "CandidateId": "bc980c0c-13b5-4802-8aa3-b96de1843a1b", "CandidateNo": 29, "FirstName": "ทิพวรรณ", "LastName": "สินกัน", "PartyName": "พลังชาติไทย", "PartyNumber": 186, "Title": "นาง", "Votable": true, "province_id": 84, "province_name": "สุราษฎร์ธานี", "zone_number": 2, "PartyTerminated": false, "Age": 50, "Occupation": "ธุรกิจส่วนตัว", "HighestEducation": "ต่ำกว่าปริญญาตรี", "ImageFileId": "5c5d037ffbcb5f0fd884a0f5", "SelfIntroduceFileId": "5c5d0528fbcb5f0fd884ade5", "PartyLogo": "https://storage.googleapis.com/candidate-thumbs/party/186.png", "CandididatePhoto": "https://storage.googleapis.com/candidate-thumbs/images/84-2-29.jpg"}, {"Unnamed: 0": 5954, "CandidateId": "5fb6c7dc-6065-4753-8e14-0db27844eb58", "CandidateNo": 30, "FirstName": "เสรี", "LastName": "ประสิทธิ์", "PartyName": "พลังสังคม", "PartyNumber": 198, "Title": "นาย", "Votable": true, "province_id": 84, "province_name": "สุราษฎร์ธานี", "zone_number": 2, "PartyTerminated": false, "Age": 69, "Occupation": "ข้าราชการบำนาญ", "HighestEducation": "ปริญญาตรี", "ImageFileId": "5c5d269afbcb5f0fd885722b", "SelfIntroduceFileId": "5c5d280bfbcb5f0fd8857f42", "PartyLogo": "https://storage.googleapis.com/candidate-thumbs/party/198.png", "CandididatePhoto": "https://storage.googleapis.com/candidate-thumbs/images/84-2-30.jpg"}, {"Unnamed: 0": 5955, "CandidateId": "95a3a841-7725-4508-9965-636077d0a1fb", "CandidateNo": 31, "FirstName": "เสรีพล", "LastName": "ศรีอภัย", "PartyName": "ความหวังใหม่", "PartyNumber": 13, "Title": "นาย", "Votable": true, "province_id": 84, "province_name": "สุราษฎร์ธานี", "zone_number": 2, "PartyTerminated": false, "Age": 31, "Occupation": "ทนายความ", "HighestEducation": "ต่ำกว่าปริญญาตรี", "ImageFileId": "5c5d28fbfbcb5f0fd8858684", "SelfIntroduceFileId": "5c63998dfbcb5f0fb8d92a7d", "PartyLogo": "https://storage.googleapis.com/candidate-thumbs/party/13.png", "CandididatePhoto": "https://storage.googleapis.com/candidate-thumbs/images/84-2-31.jpg"}, {"Unnamed: 0": 5956, "CandidateId": "cca80a37-3fb6-4f2d-85d5-b312f22ae4b1", "CandidateNo": 32, "FirstName": "ชัยพันโกฏิ", "LastName": "ผลผลา", "PartyName": "ถิ่นกาขาวชาววิไล", "PartyNumber": 129, "Title": "นาย", "Votable": true, "province_id": 84, "province_name": "สุราษฎร์ธานี", "zone_number": 2, "PartyTerminated": false, "Age": 63, "Occupation": "ข้าราชการครู", "HighestEducation": "ปริญญาโท", "ImageFileId": "5c5d2ae4fbcb5f0fd885971c", "SelfIntroduceFileId": "5c5d2c59fbcb5f0fd885a1e0", "PartyLogo": "https://storage.googleapis.com/candidate-thumbs/party/129.png", "CandididatePhoto": "https://storage.googleapis.com/candidate-thumbs/images/84-2-32.jpg"}, {"Unnamed: 0": 5957, "CandidateId": "ec848456-c9dd-4abb-b443-91534770ff94", "CandidateNo": 33, "FirstName": "นิยม", "LastName": "สว่างวงศ์", "PartyName": "ประชาธรรมไทย", "PartyNumber": 190, "Title": "นาย", "Votable": true, "province_id": 84, "province_name": "สุราษฎร์ธานี", "zone_number": 2, "PartyTerminated": false, "Age": 61, "Occupation": "ทำสวน", "HighestEducation": "ต่ำกว่าปริญญาตรี", "ImageFileId": "5c5d2d82fbcb5f0fd885ab6f", "SelfIntroduceFileId": "5c5d2f65fbcb5f0fd885bd92", "PartyLogo": "https://storage.googleapis.com/candidate-thumbs/party/190.png", "CandididatePhoto": "https://storage.googleapis.com/candidate-thumbs/images/84-2-33.jpg"}, {"Unnamed: 0": 5958, "CandidateId": "7d88040e-e4e9-48cf-9925-9607bbb595cf", "CandidateNo": 34, "FirstName": "นันทวิทย์", "LastName": "จักสาน", "PartyName": "กรีน", "PartyNumber": 206, "Title": "นาย", "Votable": true, "province_id": 84, "province_name": "สุราษฎร์ธานี", "zone_number": 2, "PartyTerminated": false, "Age": 42, "Occupation": "เกษตรกร", "HighestEducation": "ต่ำกว่าปริญญาตรี", "ImageFileId": "5c5d4260fbcb5f0fd8866754", "SelfIntroduceFileId": "5c639a10fbcb5f0fb8d92b6f", "PartyLogo": "https://storage.googleapis.com/candidate-thumbs/party/206.png", "CandididatePhoto": "https://storage.googleapis.com/candidate-thumbs/images/84-2-34.jpg"}, {"Unnamed: 0": 5959, "CandidateId": "ec8416b4-633a-40b7-895b-f5a06153a454", "CandidateNo": 35, "FirstName": "สุวรรณ", "LastName": "ร่าหมาน", "PartyName": "ไทรักธรรม", "PartyNumber": 144, "Title": "นาย", "Votable": true, "province_id": 84, "province_name": "สุราษฎร์ธานี", "zone_number": 2, "PartyTerminated": false, "Age": 56, "Occupation": "นักธุรกิจ", "HighestEducation": "ต่ำกว่าปริญญาตรี", "ImageFileId": "5c5d4e16fbcb5f0fd886e897", "SelfIntroduceFileId": "5c5d4f27fbcb5f0fd886f2ca", "PartyLogo": "https://storage.googleapis.com/candidate-thumbs/party/144.png", "CandididatePhoto": "https://storage.googleapis.com/candidate-thumbs/images/84-2-35.jpg"}]