[{"Unnamed: 0": 164, "CandidateId": "f5d9fa5c-c745-4e47-b5b0-f07e8e2e3f70", "CandidateNo": 1, "FirstName": "อนุรักษ์", "LastName": "พานิชพิบูลย์", "PartyName": "ภูมิใจไทย", "PartyNumber": 63, "Title": "นาย", "Votable": true, "province_id": 17, "province_name": "สิงห์บุรี", "zone_number": 1, "PartyTerminated": false, "Age": 57, "Occupation": "เกษตร ทำสวน เลี้ยงสัตว์", "HighestEducation": "ปริญญาตรี", "ImageFileId": "5c57f7cefbcb5f1eec0ef154", "SelfIntroduceFileId": "5c59661cfbcb5f1d88183340", "PartyLogo": "https://storage.googleapis.com/candidate-thumbs/party/63.png", "CandididatePhoto": "https://storage.googleapis.com/candidate-thumbs/images/17-1-1.jpg"}, {"Unnamed: 0": 165, "CandidateId": "93105fef-59fe-4e93-bd2b-ce350dc9b15e", "CandidateNo": 2, "FirstName": "วัชรินทร์", "LastName": "เรืองฤทธิ์กูล", "PartyName": "รวมพลังประชาชาติไทย", "PartyNumber": 181, "Title": "นาย", "Votable": true, "province_id": 17, "province_name": "สิงห์บุรี", "zone_number": 1, "PartyTerminated": false, "Age": 29, "Occupation": "เจ้าของกิจการ", "HighestEducation": "ปริญญาตรี", "ImageFileId": "5c57f81efbcb5f1eec0ef46e", "SelfIntroduceFileId": "5c5b9ffffbcb5f16fc657fd0", "PartyLogo": "https://storage.googleapis.com/candidate-thumbs/party/181.png", "CandididatePhoto": "https://storage.googleapis.com/candidate-thumbs/images/17-1-2.jpg"}, {"Unnamed: 0": 166, "CandidateId": "6e42129b-9c84-41de-bddc-27b9b4eee648", "CandidateNo": 3, "FirstName": "วรรณาต", "LastName": "ดอกไม้ทอง", "PartyName": "รักษ์ผืนป่าประเทศไทย", "PartyNumber": 133, "Title": "นาง", "Votable": true, "province_id": 17, "province_name": "สิงห์บุรี", "zone_number": 1, "PartyTerminated": false, "Age": 57, "Occupation": "ธุรกิจส่วนตัว (รับเหมาติดตั้งไฟฟ้าโรงงาน)", "HighestEducation": "ปริญญาตรี", "ImageFileId": "5c57f84dfbcb5f1eec0ef4ed", "SelfIntroduceFileId": "5c5ba706fbcb5f16fc65b187", "PartyLogo": "https://storage.googleapis.com/candidate-thumbs/party/133.png", "CandididatePhoto": "https://storage.googleapis.com/candidate-thumbs/images/17-1-3.jpg"}, {"Unnamed: 0": 167, "CandidateId": "6c149fa8-8d14-4619-91cd-74de4662863c", "CandidateNo": 4, "FirstName": "ชารินทร์", "LastName": "สิงห์ดี", "PartyName": "ชาติไทยพัฒนา", "PartyNumber": 55, "Title": "นาย", "Votable": true, "province_id": 17, "province_name": "สิงห์บุรี", "zone_number": 1, "PartyTerminated": false, "Age": 58, "Occupation": "เกษตรกร", "HighestEducation": "ปริญญาตรี", "ImageFileId": "5c57f88efbcb5f1eec0ef754", "SelfIntroduceFileId": "5c5ba780fbcb5f16fc65b637", "PartyLogo": "https://storage.googleapis.com/candidate-thumbs/party/55.png", "CandididatePhoto": "https://storage.googleapis.com/candidate-thumbs/images/17-1-4.jpg"}, {"Unnamed: 0": 168, "CandidateId": "c298d9dc-9494-4397-85ea-d763a8911664", "CandidateNo": 5, "FirstName": "สุรสาล", "LastName": "ผาสุข", "PartyName": "เพื่อไทย", "PartyNumber": 34, "Title": "นาย", "Votable": true, "province_id": 17, "province_name": "สิงห์บุรี", "zone_number": 1, "PartyTerminated": false, "Age": 69, "Occupation": "ข้าราชการบำนาญ", "HighestEducation": "ปริญญาเอก", "ImageFileId": "5c57f8c1fbcb5f1eec0ef943", "SelfIntroduceFileId": "5c5ba8adfbcb5f16fc65be66", "PartyLogo": "https://storage.googleapis.com/candidate-thumbs/party/34.png", "CandididatePhoto": "https://storage.googleapis.com/candidate-thumbs/images/17-1-5.jpg"}, {"Unnamed: 0": 169, "CandidateId": "cd7a4183-656d-4a5d-ac48-1211731cfd6f", "CandidateNo": 6, "FirstName": "วันเฉลิม", "LastName": "แสงสว่าง", "PartyName": "เสรีรวมไทย", "PartyNumber": 145, "Title": "นาย", "Votable": true, "province_id": 17, "province_name": "สิงห์บุรี", "zone_number": 1, "PartyTerminated": false, "Age": 70, "Occupation": "อาจารย์มหาวิทยาลัย", "HighestEducation": "ปริญญาเอก", "ImageFileId": "5c57f8edfbcb5f1eec0efac3", "SelfIntroduceFileId": "5c5e870bfbcb5f14489a7d9e", "PartyLogo": "https://storage.googleapis.com/candidate-thumbs/party/145.png", "CandididatePhoto": "https://storage.googleapis.com/candidate-thumbs/images/17-1-6.jpg"}, {"Unnamed: 0": 170, "CandidateId": "d9679dbb-4ac1-4ad7-8665-763d79f9dcf7", "CandidateNo": 7, "FirstName": "ธนกร", "LastName": "ยิ้มจู", "PartyName": "เพื่อนไทย", "PartyNumber": 179, "Title": "นาย", "Votable": false, "province_id": 17, "province_name": "สิงห์บุรี", "zone_number": 1, "PartyTerminated": false, "Age": 58, "Occupation": "รับจ้างทั่วไป", "HighestEducation": "ปริญญาตรี", "ImageFileId": "5c57f98afbcb5f1eec0effc5", "SelfIntroduceFileId": "5c5e87e5fbcb5f14489a7e9f", "PartyLogo": "https://storage.googleapis.com/candidate-thumbs/party/179.png", "CandididatePhoto": "https://storage.googleapis.com/candidate-thumbs/images/17-1-7.jpg"}, {"Unnamed: 0": 171, "CandidateId": "1abff3c1-873e-4b3f-b85c-1aa6f58113db", "CandidateNo": 8, "FirstName": "ธีรเศรษฐ", "LastName": "พัฒน์วราพงษ์", "PartyName": "อนาคตใหม่", "PartyNumber": 177, "Title": "นาย", "Votable": true, "province_id": 17, "province_name": "สิงห์บุรี", "zone_number": 1, "PartyTerminated": false, "Age": 36, "Occupation": "ข้าราชการ", "HighestEducation": "ปริญญาโท", "ImageFileId": "5c57f9d6fbcb5f1eec0f0693", "SelfIntroduceFileId": "5c5e88f6fbcb5f14489a7ff4", "PartyLogo": "https://storage.googleapis.com/candidate-thumbs/party/177.png", "CandididatePhoto": "https://storage.googleapis.com/candidate-thumbs/images/17-1-8.jpg"}, {"Unnamed: 0": 172, "CandidateId": "3d2acd68-5c66-4e23-854d-73a9ff295a6f", "CandidateNo": 9, "FirstName": "โชติวุฒิ", "LastName": "ธนาคมานุสรณ์", "PartyName": "พลังประชารัฐ", "PartyNumber": 192, "Title": "นาย", "Votable": true, "province_id": 17, "province_name": "สิงห์บุรี", "zone_number": 1, "PartyTerminated": false, "Age": 35, "Occupation": "ธุรกิจส่วนตัว", "HighestEducation": "ปริญญาตรี", "ImageFileId": "5c57fa26fbcb5f1eec0f0bc0", "SelfIntroduceFileId": "5c5e89ccfbcb5f14489a8189", "PartyLogo": "https://storage.googleapis.com/candidate-thumbs/party/192.png", "CandididatePhoto": "https://storage.googleapis.com/candidate-thumbs/images/17-1-9.jpg"}, {"Unnamed: 0": 173, "CandidateId": "8a1a3112-0e10-47b9-9fa9-0a5233637f4a", "CandidateNo": 10, "FirstName": "ภูวเดช", "LastName": "มังสาทอง", "PartyName": "เพื่อชาติ", "PartyNumber": 149, "Title": "นาย", "Votable": true, "province_id": 17, "province_name": "สิงห์บุรี", "zone_number": 1, "PartyTerminated": false, "Age": 49, "Occupation": "นายก อบต.", "HighestEducation": "ปริญญาโท", "ImageFileId": "5c57fa55fbcb5f1eec0f0db5", "SelfIntroduceFileId": "5c5e8632fbcb5f14489a7c0b", "PartyLogo": "https://storage.googleapis.com/candidate-thumbs/party/149.png", "CandididatePhoto": "https://storage.googleapis.com/candidate-thumbs/images/17-1-10.jpg"}, {"Unnamed: 0": 174, "CandidateId": "05b7e3de-02e9-4b19-b28c-6264f2de0276", "CandidateNo": 11, "FirstName": "สุเทพ", "LastName": "รุ่งโรจน์", "PartyName": "พลังท้องถิ่นไท", "PartyNumber": 124, "Title": "นาย", "Votable": true, "province_id": 17, "province_name": "สิงห์บุรี", "zone_number": 1, "PartyTerminated": false, "Age": 66, "Occupation": "ข้าราชการครูบำนาญ", "HighestEducation": "ปริญญาตรี", "ImageFileId": "5c580d31fbcb5f1eec100b3f", "SelfIntroduceFileId": "5c5e8593fbcb5f14489a7b33", "PartyLogo": "https://storage.googleapis.com/candidate-thumbs/party/124.png", "CandididatePhoto": "https://storage.googleapis.com/candidate-thumbs/images/17-1-11.jpg"}, {"Unnamed: 0": 175, "CandidateId": "8c728b46-f3ac-4830-b995-ed72544ee2c6", "CandidateNo": 12, "FirstName": "ศิวกรวิศิษฎ์", "LastName": "อ่วมป่วน", "PartyName": "ชาติพัฒนา", "PartyNumber": 45, "Title": "นาย", "Votable": true, "province_id": 17, "province_name": "สิงห์บุรี", "zone_number": 1, "PartyTerminated": false, "Age": 65, "Occupation": "เกษตรกร", "HighestEducation": "ต่ำกว่าปริญญาตรี", "ImageFileId": "5c580d8cfbcb5f1eec10110e", "SelfIntroduceFileId": "5c5e8b59fbcb5f14489a83e7", "PartyLogo": "https://storage.googleapis.com/candidate-thumbs/party/45.png", "CandididatePhoto": "https://storage.googleapis.com/candidate-thumbs/images/17-1-12.jpg"}, {"Unnamed: 0": 176, "CandidateId": "9eb7e8e4-416b-4934-bb0a-4171c80d3649", "CandidateNo": 13, "FirstName": "พนม", "LastName": "ดีสุข", "PartyName": "ประชาภิวัฒน์", "PartyNumber": 172, "Title": "นางสาว", "Votable": true, "province_id": 17, "province_name": "สิงห์บุรี", "zone_number": 1, "PartyTerminated": false, "Age": 54, "Occupation": "ค้าขาย", "HighestEducation": "ต่ำกว่าปริญญาตรี", "ImageFileId": "5c580dd4fbcb5f1eec101372", "SelfIntroduceFileId": "5c5e8c82fbcb5f14489a84bc", "PartyLogo": "https://storage.googleapis.com/candidate-thumbs/party/172.png", "CandididatePhoto": "https://storage.googleapis.com/candidate-thumbs/images/17-1-13.jpg"}, {"Unnamed: 0": 177, "CandidateId": "075451e6-9400-4efd-925d-085f4bb90aeb", "CandidateNo": 14, "FirstName": "ณัฐพิสิฐ", "LastName": "เจริญถิรวิสิฐ", "PartyName": "พลังปวงชนไทย", "PartyNumber": 184, "Title": "ว่าที่ร้อยเอก", "Votable": true, "province_id": 17, "province_name": "สิงห์บุรี", "zone_number": 1, "PartyTerminated": false, "Age": 51, "Occupation": "ธุรกิจส่วนตัว", "HighestEducation": "ปริญญาตรี", "ImageFileId": "5c580e10fbcb5f1eec1015b0", "SelfIntroduceFileId": "5c5e8d21fbcb5f14489a85bc", "PartyLogo": "https://storage.googleapis.com/candidate-thumbs/party/184.png", "CandididatePhoto": "https://storage.googleapis.com/candidate-thumbs/images/17-1-14.jpg"}, {"Unnamed: 0": 178, "CandidateId": "7a329966-f3f6-40e2-9f68-e64d91d1d7b9", "CandidateNo": 15, "FirstName": "สาโรจน์", "LastName": "พันธาสุ", "PartyName": "ประชาธิปัตย์", "PartyNumber": 1, "Title": "นาย", "Votable": true, "province_id": 17, "province_name": "สิงห์บุรี", "zone_number": 1, "PartyTerminated": false, "Age": 54, "Occupation": "ค้าขาย", "HighestEducation": "ปริญญาตรี", "ImageFileId": "5c580e3dfbcb5f1eec1017c8", "SelfIntroduceFileId": "5c5e8da8fbcb5f14489a8685", "PartyLogo": "https://storage.googleapis.com/candidate-thumbs/party/1.png", "CandididatePhoto": "https://storage.googleapis.com/candidate-thumbs/images/17-1-15.jpg"}, {"Unnamed: 0": 179, "CandidateId": "a65cca87-28d1-4322-9b91-2fa354c8d181", "CandidateNo": 16, "FirstName": "วีระ", "LastName": "วัฒนกุล", "PartyName": "ประชานิยม", "PartyNumber": 191, "Title": "นาย", "Votable": true, "province_id": 17, "province_name": "สิงห์บุรี", "zone_number": 1, "PartyTerminated": false, "Age": 81, "Occupation": "ข้าราชการบำนาญ", "HighestEducation": "ปริญญาตรี", "ImageFileId": "5c594198fbcb5f1d8816f1cc", "SelfIntroduceFileId": "5c5e8ed8fbcb5f14489a8830", "PartyLogo": "https://storage.googleapis.com/candidate-thumbs/party/191.png", "CandididatePhoto": "https://storage.googleapis.com/candidate-thumbs/images/17-1-16.jpg"}, {"Unnamed: 0": 180, "CandidateId": "04ecad8e-cdf2-46df-885a-a6dc39a9a24b", "CandidateNo": 17, "FirstName": "อรพินท์", "LastName": "สุดเอี่ยม", "PartyName": "ประชาชนปฏิรูป", "PartyNumber": 176, "Title": "นางสาว", "Votable": true, "province_id": 17, "province_name": "สิงห์บุรี", "zone_number": 1, "PartyTerminated": false, "Age": 41, "Occupation": "รับจ้าง", "HighestEducation": "ต่ำกว่าปริญญาตรี", "ImageFileId": "5c593831fbcb5f1d881672f9", "SelfIntroduceFileId": "5c5d6ae4fbcb5f0fd887efbf", "PartyLogo": "https://storage.googleapis.com/candidate-thumbs/party/176.png", "CandididatePhoto": "https://storage.googleapis.com/candidate-thumbs/images/17-1-17.jpg"}, {"Unnamed: 0": 181, "CandidateId": "e23b0332-c81e-4d05-bac2-8cea8290712e", "CandidateNo": 18, "FirstName": "ปทุมวดี", "LastName": "เรือนดาหลวง", "PartyName": "เศรษฐกิจใหม่", "PartyNumber": 193, "Title": "นางสาว", "Votable": true, "province_id": 17, "province_name": "สิงห์บุรี", "zone_number": 1, "PartyTerminated": false, "Age": 55, "Occupation": "ธุรกิจส่วนตัว", "HighestEducation": "ปริญญาโท", "ImageFileId": "5c5ab2a4fbcb5f19bcab92cf", "SelfIntroduceFileId": "5c5d43d5fbcb5f0fd8867565", "PartyLogo": "https://storage.googleapis.com/candidate-thumbs/party/193.png", "CandididatePhoto": "https://storage.googleapis.com/candidate-thumbs/images/17-1-18.jpg"}, {"Unnamed: 0": 182, "CandidateId": "3bdbd242-0add-493a-b5d1-4b880bf63f02", "CandidateNo": 19, "FirstName": "วิภาธรัศม์", "LastName": "สิริรัตนนุกูล", "PartyName": "ครูไทยเพื่อประชาชน", "PartyNumber": 118, "Title": "นางสาว", "Votable": true, "province_id": 17, "province_name": "สิงห์บุรี", "zone_number": 1, "PartyTerminated": false, "Age": 60, "Occupation": "ธุรกิจส่วนตัว", "HighestEducation": "ปริญญาตรี", "ImageFileId": "5c5bed0dfbcb5f16fc67ac81", "SelfIntroduceFileId": "5c5d687afbcb5f0fd887e4c6", "PartyLogo": "https://storage.googleapis.com/candidate-thumbs/party/118.png", "CandididatePhoto": "https://storage.googleapis.com/candidate-thumbs/images/17-1-19.jpg"}, {"Unnamed: 0": 183, "CandidateId": "91902a78-d58e-43f0-880b-06415de9f792", "CandidateNo": 20, "FirstName": "สุชินชยันต์", "LastName": "เพ็ชรนิล", "PartyName": "พลังชาติไทย", "PartyNumber": 186, "Title": "นาย", "Votable": true, "province_id": 17, "province_name": "สิงห์บุรี", "zone_number": 1, "PartyTerminated": false, "Age": 55, "Occupation": "อาจารย์", "HighestEducation": "ปริญญาเอก", "ImageFileId": "5c5bec9afbcb5f16fc67a714", "SelfIntroduceFileId": "5c5d644efbcb5f0fd887ccfa", "PartyLogo": "https://storage.googleapis.com/candidate-thumbs/party/186.png", "CandididatePhoto": "https://storage.googleapis.com/candidate-thumbs/images/17-1-20.jpg"}, {"Unnamed: 0": 184, "CandidateId": "560f60c1-715b-4c9f-99b7-28cdd1f61e02", "CandidateNo": 21, "FirstName": "ชาญ", "LastName": "น้ำใจสัตย์", "PartyName": "เครือข่ายชาวนาแห่งประเทศไทย", "PartyNumber": 22, "Title": "นาย", "Votable": true, "province_id": 17, "province_name": "สิงห์บุรี", "zone_number": 1, "PartyTerminated": false, "Age": 64, "Occupation": "เกษตรกร", "HighestEducation": "ปริญญาตรี", "ImageFileId": "5c5d022efbcb5f0fd8849607", "SelfIntroduceFileId": "5c5d61abfbcb5f0fd887bb3f", "PartyLogo": "https://storage.googleapis.com/candidate-thumbs/party/22.png", "CandididatePhoto": "https://storage.googleapis.com/candidate-thumbs/images/17-1-21.jpg"}, {"Unnamed: 0": 185, "CandidateId": "aa29129d-6b3e-4d4d-b675-1a448e6cfcdd", "CandidateNo": 22, "FirstName": "บุญฤทธิ์", "LastName": "กลิ่นพงศ์สาโรจน์", "PartyName": "พลังไทสร้างชาติ", "PartyNumber": 200, "Title": "นาย", "Votable": true, "province_id": 17, "province_name": "สิงห์บุรี", "zone_number": 1, "PartyTerminated": false, "Age": 50, "Occupation": "ธุรกิจส่วนตัว", "HighestEducation": "ต่ำกว่าปริญญาตรี", "ImageFileId": "5c5d0273fbcb5f0fd88497f7", "SelfIntroduceFileId": "5c5d5fd0fbcb5f0fd887aac2", "PartyLogo": "https://storage.googleapis.com/candidate-thumbs/party/200.png", "CandididatePhoto": "https://storage.googleapis.com/candidate-thumbs/images/17-1-22.jpg"}, {"Unnamed: 0": 186, "CandidateId": "701bf3ba-8175-450c-8f8c-ac73c25ad6a3", "CandidateNo": 23, "FirstName": "รัตนพร", "LastName": "เรื่องลือ", "PartyName": "ไทรักธรรม", "PartyNumber": 144, "Title": "นาย", "Votable": true, "province_id": 17, "province_name": "สิงห์บุรี", "zone_number": 1, "PartyTerminated": false, "Age": 25, "Occupation": "ค้าขาย", "HighestEducation": "ปริญญาตรี", "ImageFileId": "5c5d5893fbcb5f0fd887676c", "SelfIntroduceFileId": "5c5d5ec2fbcb5f0fd887a1e4", "PartyLogo": "https://storage.googleapis.com/candidate-thumbs/party/144.png", "CandididatePhoto": "https://storage.googleapis.com/candidate-thumbs/images/17-1-23.jpg"}]