[{"Unnamed: 0": 8167, "CandidateId": "01ae8aeb-22c7-480e-bcdc-dcd08c8cd2c1", "CandidateNo": 1, "FirstName": "พลอยรำไพ", "LastName": "แก้วแสงอ่อน", "PartyName": "เสรีรวมไทย", "PartyNumber": 145, "Title": "นางสาว", "Votable": true, "province_id": 90, "province_name": "สงขลา", "zone_number": 4, "PartyTerminated": false, "Age": 44, "Occupation": "พนักงานบริษัท นักวิชาการ", "HighestEducation": "ปริญญาเอก", "ImageFileId": "5c57b69ffbcb5f1eec0d2200", "SelfIntroduceFileId": "5c57ba1afbcb5f1eec0d3834", "PartyLogo": "https://storage.googleapis.com/candidate-thumbs/party/145.png", "CandididatePhoto": "https://storage.googleapis.com/candidate-thumbs/images/90-4-1.jpg"}, {"Unnamed: 0": 8168, "CandidateId": "32f48412-933e-485d-bb12-0bdb96938b58", "CandidateNo": 2, "FirstName": "กันตินันท์", "LastName": "วัชระวรพงศ์", "PartyName": "ชาติพัฒนา", "PartyNumber": 45, "Title": "นาย", "Votable": true, "province_id": 90, "province_name": "สงขลา", "zone_number": 4, "PartyTerminated": false, "Age": 63, "Occupation": "ครูชำนาญการพิเศษโรงเรียนบ้านจะทิ้งพระ อำเภอสทิงพระ จังหวัดสงขลา", "HighestEducation": "ปริญญาโท", "ImageFileId": "5c57c075fbcb5f1eec0d6921", "SelfIntroduceFileId": "5c57c62dfbcb5f1eec0d9df6", "PartyLogo": "https://storage.googleapis.com/candidate-thumbs/party/45.png", "CandididatePhoto": "https://storage.googleapis.com/candidate-thumbs/images/90-4-2.jpg"}, {"Unnamed: 0": 8169, "CandidateId": "b8985c2f-3660-4600-97dd-2939481dc976", "CandidateNo": 3, "FirstName": "สมศักดิ์", "LastName": "แสงประดับ", "PartyName": "ไทยรักษาชาติ", "PartyNumber": 77, "Title": "ดาบตำรวจ", "Votable": true, "province_id": 90, "province_name": "สงขลา", "zone_number": 4, "PartyTerminated": true, "Age": 53, "Occupation": "ข้าราชการตำรวจ", "HighestEducation": "ปริญญาโท", "ImageFileId": "5c57cc93fbcb5f1eec0dc115", "SelfIntroduceFileId": "5c57d046fbcb5f1eec0dce57", "PartyLogo": "https://storage.googleapis.com/candidate-thumbs/party/77.png", "CandididatePhoto": "https://storage.googleapis.com/candidate-thumbs/images/90-4-3.jpg"}, {"Unnamed: 0": 8170, "CandidateId": "7e364200-edd9-4d2e-b97a-13c9e65dbe9a", "CandidateNo": 4, "FirstName": "ชัยวุฒิ", "LastName": "ผ่องแผ้ว", "PartyName": "ประชาธิปัตย์", "PartyNumber": 1, "Title": "นาย", "Votable": true, "province_id": 90, "province_name": "สงขลา", "zone_number": 4, "PartyTerminated": false, "Age": 47, "Occupation": "นักการเมือง", "HighestEducation": "ปริญญาโท", "ImageFileId": "5c57d6f7fbcb5f1eec0debaf", "SelfIntroduceFileId": "5c57d8b0fbcb5f1eec0df341", "PartyLogo": "https://storage.googleapis.com/candidate-thumbs/party/1.png", "CandididatePhoto": "https://storage.googleapis.com/candidate-thumbs/images/90-4-4.jpg"}, {"Unnamed: 0": 8171, "CandidateId": "ee13c8a5-9350-4c21-aa86-737f6ceb87e0", "CandidateNo": 5, "FirstName": "จตุรเดช", "LastName": "พรหมจุติ", "PartyName": "รวมพลังประชาชาติไทย", "PartyNumber": 181, "Title": "นาย", "Votable": true, "province_id": 90, "province_name": "สงขลา", "zone_number": 4, "PartyTerminated": false, "Age": 36, "Occupation": "ครูลูกจ้างเอกชน", "HighestEducation": "ปริญญาตรี", "ImageFileId": "5c57e515fbcb5f1eec0e4082", "SelfIntroduceFileId": "5c57e67cfbcb5f1eec0e4ed2", "PartyLogo": "https://storage.googleapis.com/candidate-thumbs/party/181.png", "CandididatePhoto": "https://storage.googleapis.com/candidate-thumbs/images/90-4-5.jpg"}, {"Unnamed: 0": 8172, "CandidateId": "56d44d20-196e-4d1f-bea8-4af4294e0296", "CandidateNo": 6, "FirstName": "จรัญ", "LastName": "อรุณพันธุ์", "PartyName": "ชาติไทยพัฒนา", "PartyNumber": 55, "Title": "นาย", "Votable": true, "province_id": 90, "province_name": "สงขลา", "zone_number": 4, "PartyTerminated": false, "Age": 65, "Occupation": "พนักงานรัฐวิสาหกิจธนาคารเพื่อการเกษตรและสหกรณ์การเกษตร", "HighestEducation": "ปริญญาโท", "ImageFileId": "5c57eeb7fbcb5f1eec0e96c3", "SelfIntroduceFileId": "5c57f004fbcb5f1eec0ea27a", "PartyLogo": "https://storage.googleapis.com/candidate-thumbs/party/55.png", "CandididatePhoto": "https://storage.googleapis.com/candidate-thumbs/images/90-4-6.jpg"}, {"Unnamed: 0": 8173, "CandidateId": "d856c6ff-dc20-4b31-b415-d91c0f10ef2a", "CandidateNo": 7, "FirstName": "อรุณ", "LastName": "สวัสดี", "PartyName": "พลังประชารัฐ", "PartyNumber": 192, "Title": "ร้อยตำรวจเอก", "Votable": true, "province_id": 90, "province_name": "สงขลา", "zone_number": 4, "PartyTerminated": false, "Age": 57, "Occupation": "ธุรกิจค้าขาย", "HighestEducation": "ปริญญาตรี", "ImageFileId": "5c58ec01fbcb5f1d881301eb", "SelfIntroduceFileId": "5c58ee41fbcb5f1d8813109d", "PartyLogo": "https://storage.googleapis.com/candidate-thumbs/party/192.png", "CandididatePhoto": "https://storage.googleapis.com/candidate-thumbs/images/90-4-7.jpg"}, {"Unnamed: 0": 8174, "CandidateId": "ebd77e6e-7392-4300-9a3a-05688bfcb340", "CandidateNo": 8, "FirstName": "ปรียา", "LastName": "เกื้อสกุล", "PartyName": "คลองไทย", "PartyNumber": 189, "Title": "นาง", "Votable": true, "province_id": 90, "province_name": "สงขลา", "zone_number": 4, "PartyTerminated": false, "Age": 59, "Occupation": "ค้าขาย", "HighestEducation": "ต่ำกว่าปริญญาตรี", "ImageFileId": "5c58f9a2fbcb5f1d881381c9", "SelfIntroduceFileId": "5c58fb16fbcb5f1d88138e77", "PartyLogo": "https://storage.googleapis.com/candidate-thumbs/party/189.png", "CandididatePhoto": "https://storage.googleapis.com/candidate-thumbs/images/90-4-8.jpg"}, {"Unnamed: 0": 8175, "CandidateId": "8269aba5-969e-4112-9ceb-33fbebbd3969", "CandidateNo": 9, "FirstName": "กุลนิจ", "LastName": "กีรติดวงจันทร์", "PartyName": "เพื่อชาติ", "PartyNumber": 149, "Title": "นางสาว", "Votable": true, "province_id": 90, "province_name": "สงขลา", "zone_number": 4, "PartyTerminated": false, "Age": 56, "Occupation": "ผู้อำนวยการตัวแทนประกันชีวิต", "HighestEducation": "ปริญญาตรี", "ImageFileId": "5c58fde9fbcb5f1d8813a8a4", "SelfIntroduceFileId": "5c590068fbcb5f1d8813c965", "PartyLogo": "https://storage.googleapis.com/candidate-thumbs/party/149.png", "CandididatePhoto": "https://storage.googleapis.com/candidate-thumbs/images/90-4-9.jpg"}, {"Unnamed: 0": 8176, "CandidateId": "3653c97f-56b1-4b06-a368-3200686f3b79", "CandidateNo": 10, "FirstName": "นิคม", "LastName": "อยู่ทอง", "PartyName": "เพื่อธรรม", "PartyNumber": 98, "Title": "นาย", "Votable": true, "province_id": 90, "province_name": "สงขลา", "zone_number": 4, "PartyTerminated": false, "Age": 48, "Occupation": "เกษตรกร", "HighestEducation": "ต่ำกว่าปริญญาตรี", "ImageFileId": "5c5907affbcb5f1d88142313", "SelfIntroduceFileId": "5c590ad7fbcb5f1d88144d64", "PartyLogo": "https://storage.googleapis.com/candidate-thumbs/party/98.png", "CandididatePhoto": "https://storage.googleapis.com/candidate-thumbs/images/90-4-10.jpg"}, {"Unnamed: 0": 8177, "CandidateId": "305cdbd5-1cd4-4b5a-9b0b-7632fd09650b", "CandidateNo": 11, "FirstName": "ปรีชา", "LastName": "บำรุงผล", "PartyName": "ประชาชาติ", "PartyNumber": 187, "Title": "นาย", "Votable": true, "province_id": 90, "province_name": "สงขลา", "zone_number": 4, "PartyTerminated": false, "Age": 57, "Occupation": "ทนายความ", "HighestEducation": "ปริญญาตรี", "ImageFileId": "5c591040fbcb5f1d88149d02", "SelfIntroduceFileId": "5c5914cffbcb5f1d8814d9e6", "PartyLogo": "https://storage.googleapis.com/candidate-thumbs/party/187.png", "CandididatePhoto": "https://storage.googleapis.com/candidate-thumbs/images/90-4-11.jpg"}, {"Unnamed: 0": 8178, "CandidateId": "da25cab2-0e25-4dc3-a6c1-0dc2ad0bca54", "CandidateNo": 12, "FirstName": "ชุติกาญจน์", "LastName": "แขวงขาว", "PartyName": "ประชานิยม", "PartyNumber": 191, "Title": "นางสาว", "Votable": true, "province_id": 90, "province_name": "สงขลา", "zone_number": 4, "PartyTerminated": false, "Age": 35, "Occupation": "เกษตรกร", "HighestEducation": "ปริญญาตรี", "ImageFileId": "5c591965fbcb5f1d881503d9", "SelfIntroduceFileId": "5c591ac3fbcb5f1d88150eb2", "PartyLogo": "https://storage.googleapis.com/candidate-thumbs/party/191.png", "CandididatePhoto": "https://storage.googleapis.com/candidate-thumbs/images/90-4-12.jpg"}, {"Unnamed: 0": 8179, "CandidateId": "ec363817-5668-4b2e-ac77-10777df3d3cf", "CandidateNo": 13, "FirstName": "ณัฐวุฒิ", "LastName": "แสงศรีคำ", "PartyName": "ภูมิใจไทย", "PartyNumber": 63, "Title": "นาย", "Votable": true, "province_id": 90, "province_name": "สงขลา", "zone_number": 4, "PartyTerminated": false, "Age": 53, "Occupation": "นายกองค์การบริหารส่วนตำบลกระดังงา", "HighestEducation": "ปริญญาโท", "ImageFileId": "5c593131fbcb5f1d88160ed5", "SelfIntroduceFileId": "5c593486fbcb5f1d88163ae7", "PartyLogo": "https://storage.googleapis.com/candidate-thumbs/party/63.png", "CandididatePhoto": "https://storage.googleapis.com/candidate-thumbs/images/90-4-13.jpg"}, {"Unnamed: 0": 8180, "CandidateId": "185e986f-0ed7-47f5-a114-d3fa840f8ded", "CandidateNo": 14, "FirstName": "อมรเทพ", "LastName": "สังข์น้อย", "PartyName": "อนาคตใหม่", "PartyNumber": 177, "Title": "นาย", "Votable": true, "province_id": 90, "province_name": "สงขลา", "zone_number": 4, "PartyTerminated": false, "Age": 36, "Occupation": "ฟรีแลนซ์", "HighestEducation": "ปริญญาโท", "ImageFileId": "5c593690fbcb5f1d8816588a", "SelfIntroduceFileId": "5c5937dbfbcb5f1d88166dcd", "PartyLogo": "https://storage.googleapis.com/candidate-thumbs/party/177.png", "CandididatePhoto": "https://storage.googleapis.com/candidate-thumbs/images/90-4-14.jpg"}, {"Unnamed: 0": 8181, "CandidateId": "4bd24cb4-5edf-430b-b545-f589fb5c615f", "CandidateNo": 15, "FirstName": "เอื้อมพร", "LastName": "บุญมรกต", "PartyName": "ประชาภิวัฒน์", "PartyNumber": 172, "Title": "นาง", "Votable": true, "province_id": 90, "province_name": "สงขลา", "zone_number": 4, "PartyTerminated": false, "Age": 65, "Occupation": "ค้าขาย", "HighestEducation": "ต่ำกว่าปริญญาตรี", "ImageFileId": "5c5939c2fbcb5f1d881688c3", "SelfIntroduceFileId": "5c593aedfbcb5f1d88169935", "PartyLogo": "https://storage.googleapis.com/candidate-thumbs/party/172.png", "CandididatePhoto": "https://storage.googleapis.com/candidate-thumbs/images/90-4-15.jpg"}, {"Unnamed: 0": 8182, "CandidateId": "1c20344b-79b8-4515-801f-4e42dae51b85", "CandidateNo": 16, "FirstName": "จรัส", "LastName": "ขุนสวัสดิ์", "PartyName": "รักษ์ผืนป่าประเทศไทย", "PartyNumber": 133, "Title": "นาย", "Votable": true, "province_id": 90, "province_name": "สงขลา", "zone_number": 4, "PartyTerminated": false, "Age": 61, "Occupation": "ทนายความ", "HighestEducation": "ปริญญาตรี", "ImageFileId": "5c593d0ffbcb5f1d8816b106", "SelfIntroduceFileId": "5c5a5738fbcb5f19bca96443", "PartyLogo": "https://storage.googleapis.com/candidate-thumbs/party/133.png", "CandididatePhoto": "https://storage.googleapis.com/candidate-thumbs/images/90-4-16.jpg"}, {"Unnamed: 0": 8183, "CandidateId": "8f2f669c-f93c-421f-a921-e4c74ac47e03", "CandidateNo": 17, "FirstName": "จำรัส", "LastName": "วงศ์สวัสดิ์", "PartyName": "พลังท้องถิ่นไท", "PartyNumber": 124, "Title": "นาย", "Votable": true, "province_id": 90, "province_name": "สงขลา", "zone_number": 4, "PartyTerminated": false, "Age": 53, "Occupation": "พนักงานบริษัท", "HighestEducation": "ปริญญาตรี", "ImageFileId": "5c59405dfbcb5f1d8816de45", "SelfIntroduceFileId": "5c5a5539fbcb5f19bca955d3", "PartyLogo": "https://storage.googleapis.com/candidate-thumbs/party/124.png", "CandididatePhoto": "https://storage.googleapis.com/candidate-thumbs/images/90-4-17.jpg"}, {"Unnamed: 0": 8184, "CandidateId": "556455e0-f3b1-42ed-b637-9aa4ae7ecfc8", "CandidateNo": 18, "FirstName": "สมโชค", "LastName": "ภู่ภิรมย์", "PartyName": "ภราดรภาพ", "PartyNumber": 154, "Title": "พันเอก", "Votable": true, "province_id": 90, "province_name": "สงขลา", "zone_number": 4, "PartyTerminated": false, "Age": 65, "Occupation": "ข้าราชการทหารบก", "HighestEducation": "ปริญญาโท", "ImageFileId": "5c594456fbcb5f1d881714d9", "SelfIntroduceFileId": "5c5a5396fbcb5f19bca9476b", "PartyLogo": "https://storage.googleapis.com/candidate-thumbs/party/154.png", "CandididatePhoto": "https://storage.googleapis.com/candidate-thumbs/images/90-4-18.jpg"}, {"Unnamed: 0": 8185, "CandidateId": "9baf82d2-7f27-401d-b6d9-1a0620a42424", "CandidateNo": 19, "FirstName": "เกษม", "LastName": "ขวัญแก้ว", "PartyName": "เพื่อแผ่นดิน", "PartyNumber": 41, "Title": "นาย", "Votable": true, "province_id": 90, "province_name": "สงขลา", "zone_number": 4, "PartyTerminated": false, "Age": 61, "Occupation": "ธุรกิจส่วนตัว", "HighestEducation": "ปริญญาตรี", "ImageFileId": "5c595314fbcb5f1d8817d6d2", "SelfIntroduceFileId": "5c5a54acfbcb5f19bca95160", "PartyLogo": "https://storage.googleapis.com/candidate-thumbs/party/41.png", "CandididatePhoto": "https://storage.googleapis.com/candidate-thumbs/images/90-4-19.jpg"}, {"Unnamed: 0": 8186, "CandidateId": "9e1735b2-1065-47b2-8c64-de3bcd52b109", "CandidateNo": 20, "FirstName": "วิศิษฏ์", "LastName": "ธรรมโม", "PartyName": "เศรษฐกิจใหม่", "PartyNumber": 193, "Title": "นาย", "Votable": true, "province_id": 90, "province_name": "สงขลา", "zone_number": 4, "PartyTerminated": false, "Age": 61, "Occupation": "ทนายความ", "HighestEducation": "ปริญญาตรี", "ImageFileId": "5c5a5086fbcb5f19bca92c32", "SelfIntroduceFileId": "5c5a5192fbcb5f19bca934c0", "PartyLogo": "https://storage.googleapis.com/candidate-thumbs/party/193.png", "CandididatePhoto": "https://storage.googleapis.com/candidate-thumbs/images/90-4-20.jpg"}, {"Unnamed: 0": 8187, "CandidateId": "607b0531-78dd-4fdd-bc97-a4c49a374b69", "CandidateNo": 21, "FirstName": "พิเชษฐ", "LastName": "แก้วจังหวัด", "PartyName": "ไทยศรีวิไลย์", "PartyNumber": 180, "Title": "นาย", "Votable": true, "province_id": 90, "province_name": "สงขลา", "zone_number": 4, "PartyTerminated": false, "Age": 47, "Occupation": "รับจ้างทั่วไป", "HighestEducation": "ต่ำกว่าปริญญาตรี", "ImageFileId": "5c5a654dfbcb5f19bca9d7ae", "SelfIntroduceFileId": "5c5a6911fbcb5f19bca9f00a", "PartyLogo": "https://storage.googleapis.com/candidate-thumbs/party/180.png", "CandididatePhoto": "https://storage.googleapis.com/candidate-thumbs/images/90-4-21.jpg"}, {"Unnamed: 0": 8188, "CandidateId": "788a6223-73a5-490a-a894-e9cb16513640", "CandidateNo": 22, "FirstName": "นรุตม์ชัย", "LastName": "สอนคง", "PartyName": "แผ่นดินธรรม", "PartyNumber": 188, "Title": "นาย", "Votable": true, "province_id": 90, "province_name": "สงขลา", "zone_number": 4, "PartyTerminated": false, "Age": 29, "Occupation": "ครูโรงเรียนเอกชน", "HighestEducation": "ปริญญาโท", "ImageFileId": "5c5a90cffbcb5f19bcaae4b0", "SelfIntroduceFileId": "5c5a91acfbcb5f19bcaaeb64", "PartyLogo": "https://storage.googleapis.com/candidate-thumbs/party/188.png", "CandididatePhoto": "https://storage.googleapis.com/candidate-thumbs/images/90-4-22.jpg"}, {"Unnamed: 0": 8189, "CandidateId": "329a3e5e-c3b5-4d2d-954d-2f8517556235", "CandidateNo": 23, "FirstName": "สุบัน", "LastName": "สุวรรณรัตน์", "PartyName": "พลังปวงชนไทย", "PartyNumber": 184, "Title": "นาย", "Votable": true, "province_id": 90, "province_name": "สงขลา", "zone_number": 4, "PartyTerminated": false, "Age": 64, "Occupation": "เกษตรกร", "HighestEducation": "ปริญญาตรี", "ImageFileId": "5c5b9efafbcb5f16fc6578a5", "SelfIntroduceFileId": "5c5ba0ccfbcb5f16fc658789", "PartyLogo": "https://storage.googleapis.com/candidate-thumbs/party/184.png", "CandididatePhoto": "https://storage.googleapis.com/candidate-thumbs/images/90-4-23.jpg"}, {"Unnamed: 0": 8190, "CandidateId": "68fcf9ae-3b4f-49c9-9425-282143187b94", "CandidateNo": 24, "FirstName": "อนันต์", "LastName": "พรหมยา", "PartyName": "ครูไทยเพื่อประชาชน", "PartyNumber": 118, "Title": "นาย", "Votable": true, "province_id": 90, "province_name": "สงขลา", "zone_number": 4, "PartyTerminated": false, "Age": 62, "Occupation": "ทนายความ", "HighestEducation": "ปริญญาตรี", "ImageFileId": "5c5ba660fbcb5f16fc65ad32", "SelfIntroduceFileId": "5c5ba825fbcb5f16fc65bb58", "PartyLogo": "https://storage.googleapis.com/candidate-thumbs/party/118.png", "CandididatePhoto": "https://storage.googleapis.com/candidate-thumbs/images/90-4-24.jpg"}, {"Unnamed: 0": 8191, "CandidateId": "3339af2f-11ab-4d59-9bbc-a479b610adac", "CandidateNo": 25, "FirstName": "บุญโชค", "LastName": "ธนเวชโสภณ", "PartyName": "พลเมืองไทย", "PartyNumber": 173, "Title": "นาย", "Votable": true, "province_id": 90, "province_name": "สงขลา", "zone_number": 4, "PartyTerminated": false, "Age": 63, "Occupation": "ข้าราชการบำนาญ", "HighestEducation": "ปริญญาตรี", "ImageFileId": "5c5bc638fbcb5f16fc667e3d", "SelfIntroduceFileId": "5c5bc7bcfbcb5f16fc6685c9", "PartyLogo": "https://storage.googleapis.com/candidate-thumbs/party/173.png", "CandididatePhoto": "https://storage.googleapis.com/candidate-thumbs/images/90-4-25.jpg"}, {"Unnamed: 0": 8192, "CandidateId": "fdc36ac4-1033-4e9b-bfdd-6c096114abe4", "CandidateNo": 26, "FirstName": "คณิต", "LastName": "เสียงดัง", "PartyName": "พลังไทสร้างชาติ", "PartyNumber": 200, "Title": "นาย", "Votable": true, "province_id": 90, "province_name": "สงขลา", "zone_number": 4, "PartyTerminated": false, "Age": 46, "Occupation": "เกษตรกร", "HighestEducation": "ต่ำกว่าปริญญาตรี", "ImageFileId": "5c5bce87fbcb5f16fc66b210", "SelfIntroduceFileId": "5c5bcaf6fbcb5f16fc669a29", "PartyLogo": "https://storage.googleapis.com/candidate-thumbs/party/200.png", "CandididatePhoto": "https://storage.googleapis.com/candidate-thumbs/images/90-4-26.jpg"}, {"Unnamed: 0": 8193, "CandidateId": "66aa815f-08e5-4854-98f3-fc02addfb881", "CandidateNo": 27, "FirstName": "วิโรจน์", "LastName": "นิลสุพรรณ", "PartyName": "ทางเลือกใหม่", "PartyNumber": 170, "Title": "นาย", "Votable": true, "province_id": 90, "province_name": "สงขลา", "zone_number": 4, "PartyTerminated": false, "Age": 52, "Occupation": "รองนายกองค์การบริหารส่วนตำบล", "HighestEducation": "ปริญญาตรี", "ImageFileId": "5c5bcfa4fbcb5f16fc66b8d4", "SelfIntroduceFileId": "5c5bd157fbcb5f16fc66c63c", "PartyLogo": "https://storage.googleapis.com/candidate-thumbs/party/170.png", "CandididatePhoto": "https://storage.googleapis.com/candidate-thumbs/images/90-4-27.jpg"}, {"Unnamed: 0": 8194, "CandidateId": "43a9d661-7029-4f0d-944f-0922647becb8", "CandidateNo": 28, "FirstName": "ธนงค์", "LastName": "ไสยสิทธิ์", "PartyName": "พลังชาติไทย", "PartyNumber": 186, "Title": "นาย", "Votable": true, "province_id": 90, "province_name": "สงขลา", "zone_number": 4, "PartyTerminated": false, "Age": 46, "Occupation": "ค้าขาย", "HighestEducation": "ต่ำกว่าปริญญาตรี", "ImageFileId": "5c5be0b7fbcb5f16fc6741ed", "SelfIntroduceFileId": "5c5be26dfbcb5f16fc674f5a", "PartyLogo": "https://storage.googleapis.com/candidate-thumbs/party/186.png", "CandididatePhoto": "https://storage.googleapis.com/candidate-thumbs/images/90-4-28.jpg"}, {"Unnamed: 0": 8195, "CandidateId": "3da013dc-8b5f-47d2-ab91-56dc06fe21e2", "CandidateNo": 29, "FirstName": "พงศ์ศักดิ์", "LastName": "สุวรรณรัตน์", "PartyName": "ถิ่นกาขาวชาววิไล", "PartyNumber": 129, "Title": "นาย", "Votable": true, "province_id": 90, "province_name": "สงขลา", "zone_number": 4, "PartyTerminated": false, "Age": 50, "Occupation": "ค้าขาย", "HighestEducation": "ต่ำกว่าปริญญาตรี", "ImageFileId": "5c5bfa18fbcb5f16fc680bcd", "SelfIntroduceFileId": "5c5cfe7efbcb5f0fd8847450", "PartyLogo": "https://storage.googleapis.com/candidate-thumbs/party/129.png", "CandididatePhoto": "https://storage.googleapis.com/candidate-thumbs/images/90-4-29.jpg"}, {"Unnamed: 0": 8196, "CandidateId": "5c495d1d-b8c8-4ef2-b27d-a168ee874a14", "CandidateNo": 30, "FirstName": "ตรีทกานต์", "LastName": "พิจิตบรรจง", "PartyName": "พลังสังคม", "PartyNumber": 198, "Title": "นาง", "Votable": true, "province_id": 90, "province_name": "สงขลา", "zone_number": 4, "PartyTerminated": false, "Age": 62, "Occupation": "รับราชการ นักวิชาการสาธารณสุข", "HighestEducation": "ปริญญาตรี", "ImageFileId": "5c5cff13fbcb5f0fd8847928", "SelfIntroduceFileId": "5c5d010cfbcb5f0fd8848ba4", "PartyLogo": "https://storage.googleapis.com/candidate-thumbs/party/198.png", "CandididatePhoto": "https://storage.googleapis.com/candidate-thumbs/images/90-4-30.jpg"}, {"Unnamed: 0": 8197, "CandidateId": "cb9f458b-8e95-421f-8b4e-3fcb9ddc313e", "CandidateNo": 31, "FirstName": "ฐกรท์", "LastName": "เปรมเอกภัทร์", "PartyName": "ประชาธรรมไทย", "PartyNumber": 190, "Title": "นาย", "Votable": true, "province_id": 90, "province_name": "สงขลา", "zone_number": 4, "PartyTerminated": false, "Age": 48, "Occupation": "อาจารย์สอนการลงทุนในตลาดทุน", "HighestEducation": "ปริญญาตรี", "ImageFileId": "5c5d0d63fbcb5f0fd884e23b", "SelfIntroduceFileId": "5c5d14d1fbcb5f0fd8850132", "PartyLogo": "https://storage.googleapis.com/candidate-thumbs/party/190.png", "CandididatePhoto": "https://storage.googleapis.com/candidate-thumbs/images/90-4-31.jpg"}, {"Unnamed: 0": 8198, "CandidateId": "79635312-c7e8-449a-ae1c-9c9a05d0ce86", "CandidateNo": 32, "FirstName": "สุพัตรา", "LastName": "ขำสาสดี", "PartyName": "มหาชน", "PartyNumber": 4, "Title": "นางสาว", "Votable": true, "province_id": 90, "province_name": "สงขลา", "zone_number": 4, "PartyTerminated": false, "Age": 25, "Occupation": "รับจ้างทั่วไป", "HighestEducation": "ต่ำกว่าปริญญาตรี", "ImageFileId": "5c5d36c7fbcb5f0fd885f803", "SelfIntroduceFileId": "5c5d37b7fbcb5f0fd885ff06", "PartyLogo": "https://storage.googleapis.com/candidate-thumbs/party/4.png", "CandididatePhoto": "https://storage.googleapis.com/candidate-thumbs/images/90-4-32.jpg"}, {"Unnamed: 0": 8199, "CandidateId": "fb3175d0-54f0-4dee-80f0-49d268977649", "CandidateNo": 33, "FirstName": "อาภรณ์", "LastName": "ทองเมือง", "PartyName": "ภาคีเครือข่ายไทย", "PartyNumber": 211, "Title": "นาย", "Votable": true, "province_id": 90, "province_name": "สงขลา", "zone_number": 4, "PartyTerminated": false, "Age": 55, "Occupation": "ธุรกิจส่วนตัว", "HighestEducation": "ปริญญาตรี", "ImageFileId": "5c5d3ea7fbcb5f0fd8863eed", "SelfIntroduceFileId": "5c5d41d1fbcb5f0fd8866246", "PartyLogo": "https://storage.googleapis.com/candidate-thumbs/party/211.png", "CandididatePhoto": "https://storage.googleapis.com/candidate-thumbs/images/90-4-33.jpg"}, {"Unnamed: 0": 8200, "CandidateId": "473b6b7f-2de8-4503-9d33-cce788ea1fd9", "CandidateNo": 34, "FirstName": "สนั่นศักดิ์", "LastName": "ยุทธการ", "PartyName": "ผึ้งหลวง", "PartyNumber": 164, "Title": "นาย", "Votable": true, "province_id": 90, "province_name": "สงขลา", "zone_number": 4, "PartyTerminated": false, "Age": 63, "Occupation": "ธุรกิจส่วนตัว", "HighestEducation": "ปริญญาตรี", "ImageFileId": "5c5d4460fbcb5f0fd8867d7a", "SelfIntroduceFileId": "5c5e6d20fbcb5f14489a5e42", "PartyLogo": "https://storage.googleapis.com/candidate-thumbs/party/164.png", "CandididatePhoto": "https://storage.googleapis.com/candidate-thumbs/images/90-4-34.jpg"}, {"Unnamed: 0": 8201, "CandidateId": "529f9d0d-0cf7-4924-b243-68d7f80ab50c", "CandidateNo": 35, "FirstName": "ชวภณ", "LastName": "ดำรงสันหนู", "PartyName": "แทนคุณแผ่นดิน", "PartyNumber": 53, "Title": "นาย", "Votable": true, "province_id": 90, "province_name": "สงขลา", "zone_number": 4, "PartyTerminated": false, "Age": 56, "Occupation": "ธุรกิจส่วนตัว", "HighestEducation": "ปริญญาตรี", "ImageFileId": "5c5e7147fbcb5f14489a6448", "SelfIntroduceFileId": "5c5e8026fbcb5f14489a7696", "PartyLogo": "https://storage.googleapis.com/candidate-thumbs/party/53.png", "CandididatePhoto": "https://storage.googleapis.com/candidate-thumbs/images/90-4-35.jpg"}, {"Unnamed: 0": 8202, "CandidateId": "53da333e-aacb-4b7a-b115-7c58ba5abfd9", "CandidateNo": 36, "FirstName": "ดวงฤทัย", "LastName": "ชัยแก้ว", "PartyName": "ภูมิพลังเกษตรกรไทย", "PartyNumber": 197, "Title": "นางสาว", "Votable": true, "province_id": 90, "province_name": "สงขลา", "zone_number": 4, "PartyTerminated": false, "Age": 40, "Occupation": "ผู้จัดการบริษัทเจนนาลีประกันชีวิต", "HighestEducation": "ปริญญาตรี", "ImageFileId": "5c5e87b5fbcb5f14489a7e2d", "SelfIntroduceFileId": "5c5e89b9fbcb5f14489a8175", "PartyLogo": "https://storage.googleapis.com/candidate-thumbs/party/197.png", "CandididatePhoto": "https://storage.googleapis.com/candidate-thumbs/images/90-4-36.jpg"}, {"Unnamed: 0": 8203, "CandidateId": "3b34fc26-5dfd-4960-b9d2-dd37e1e4d974", "CandidateNo": 37, "FirstName": "เทียนชัย", "LastName": "พรหมเวช", "PartyName": "ไทรักธรรม", "PartyNumber": 144, "Title": "นาย", "Votable": true, "province_id": 90, "province_name": "สงขลา", "zone_number": 4, "PartyTerminated": false, "Age": 47, "Occupation": "รับจ้างทั่วไป", "HighestEducation": "ต่ำกว่าปริญญาตรี", "ImageFileId": "5c5e8ab3fbcb5f14489a822f", "SelfIntroduceFileId": "5c5e8d4ffbcb5f14489a8618", "PartyLogo": "https://storage.googleapis.com/candidate-thumbs/party/144.png", "CandididatePhoto": "https://storage.googleapis.com/candidate-thumbs/images/90-4-37.jpg"}, {"Unnamed: 0": 8204, "CandidateId": "1782b2ce-202f-4625-80aa-28976d2d425b", "CandidateNo": 38, "FirstName": "กฤตชัย", "LastName": "เกตุเหมือน", "PartyName": "พลังไทยรักไทย", "PartyNumber": 185, "Title": "นาย", "Votable": true, "province_id": 90, "province_name": "สงขลา", "zone_number": 4, "PartyTerminated": false, "Age": 52, "Occupation": "ทนายความ", "HighestEducation": "ปริญญาตรี", "ImageFileId": "5c5e8dcefbcb5f14489a8704", "SelfIntroduceFileId": "5c5e94c9fbcb5f14489a8fc2", "PartyLogo": "https://storage.googleapis.com/candidate-thumbs/party/185.png", "CandididatePhoto": "https://storage.googleapis.com/candidate-thumbs/images/90-4-38.jpg"}]