[{"Unnamed: 0": 2242, "CandidateId": "368285ee-2a51-4aa8-8792-68417bf477ea", "CandidateNo": 1, "FirstName": "เลื่อน", "LastName": "อินทร์ทิพย์", "PartyName": "รักษ์ผืนป่าประเทศไทย", "PartyNumber": 133, "Title": "นาย", "Votable": true, "province_id": 27, "province_name": "สระแก้ว", "zone_number": 2, "PartyTerminated": false, "Age": 76, "Occupation": "เกษตรกรทำไร่", "HighestEducation": "ต่ำกว่าปริญญาตรี", "ImageFileId": "5c57cf5ffbcb5f1eec0dcaf6", "SelfIntroduceFileId": "5c57e232fbcb5f1eec0e2b09", "PartyLogo": "https://storage.googleapis.com/candidate-thumbs/party/133.png", "CandididatePhoto": "https://storage.googleapis.com/candidate-thumbs/images/27-2-1.jpg"}, {"Unnamed: 0": 2243, "CandidateId": "6174c04b-a80d-4b76-8b5a-69e889d38a7b", "CandidateNo": 2, "FirstName": "วรเชษฐ์", "LastName": "สิทธิจันทร์", "PartyName": "รวมพลังประชาชาติไทย", "PartyNumber": 181, "Title": "นาย", "Votable": true, "province_id": 27, "province_name": "สระแก้ว", "zone_number": 2, "PartyTerminated": false, "Age": 62, "Occupation": "ธุรกิจอิสระ", "HighestEducation": "ต่ำกว่าปริญญาตรี", "ImageFileId": "5c57cea8fbcb5f1eec0dc8ee", "SelfIntroduceFileId": "5c57ed05fbcb5f1eec0e8476", "PartyLogo": "https://storage.googleapis.com/candidate-thumbs/party/181.png", "CandididatePhoto": "https://storage.googleapis.com/candidate-thumbs/images/27-2-2.jpg"}, {"Unnamed: 0": 2244, "CandidateId": "cb885b00-0cf6-4f08-91e4-8ec577e66aed", "CandidateNo": 3, "FirstName": "ไสว", "LastName": "แก้วภักดี", "PartyName": "ประชาชนปฏิรูป", "PartyNumber": 176, "Title": "นาย", "Votable": true, "province_id": 27, "province_name": "สระแก้ว", "zone_number": 2, "PartyTerminated": false, "Age": 66, "Occupation": "เกษตรกร", "HighestEducation": "ปริญญาตรี", "ImageFileId": "5c57d015fbcb5f1eec0dcd3a", "SelfIntroduceFileId": "5c57f4ddfbcb5f1eec0ed140", "PartyLogo": "https://storage.googleapis.com/candidate-thumbs/party/176.png", "CandididatePhoto": "https://storage.googleapis.com/candidate-thumbs/images/27-2-3.jpg"}, {"Unnamed: 0": 2245, "CandidateId": "c4f3b13d-2004-440c-a2a8-985de42d2921", "CandidateNo": 4, "FirstName": "อัคลีมา", "LastName": "คลังเพชร", "PartyName": "เสรีรวมไทย", "PartyNumber": 145, "Title": "นางสาว", "Votable": true, "province_id": 27, "province_name": "สระแก้ว", "zone_number": 2, "PartyTerminated": false, "Age": 50, "Occupation": "ธุรกิจส่วนตัว", "HighestEducation": "ปริญญาตรี", "ImageFileId": "5c57ed8afbcb5f1eec0e8a68", "SelfIntroduceFileId": "5c57f271fbcb5f1eec0eb9aa", "PartyLogo": "https://storage.googleapis.com/candidate-thumbs/party/145.png", "CandididatePhoto": "https://storage.googleapis.com/candidate-thumbs/images/27-2-4.jpg"}, {"Unnamed: 0": 2246, "CandidateId": "15d6234f-bb64-4224-8f0b-9ac20043ea7e", "CandidateNo": 5, "FirstName": "พายัพ", "LastName": "ทองชื่น", "PartyName": "เพื่อไทย", "PartyNumber": 34, "Title": "พ.ต.อ.", "Votable": true, "province_id": 27, "province_name": "สระแก้ว", "zone_number": 2, "PartyTerminated": false, "Age": 68, "Occupation": "ข้าราชการบำนาญ", "HighestEducation": "ปริญญาโท", "ImageFileId": "5c57f558fbcb5f1eec0ed72a", "SelfIntroduceFileId": "5c57fe8cfbcb5f1eec0f4994", "PartyLogo": "https://storage.googleapis.com/candidate-thumbs/party/34.png", "CandididatePhoto": "https://storage.googleapis.com/candidate-thumbs/images/27-2-5.jpg"}, {"Unnamed: 0": 2247, "CandidateId": "01a96e20-fdc3-4098-8e3f-f948030f5a82", "CandidateNo": 6, "FirstName": "ยุทธชัย", "LastName": "รำไพวรรณ์", "PartyName": "อนาคตใหม่", "PartyNumber": 177, "Title": "นาย", "Votable": true, "province_id": 27, "province_name": "สระแก้ว", "zone_number": 2, "PartyTerminated": false, "Age": 46, "Occupation": "ุธุรกิจส่วนตัว", "HighestEducation": "ปริญญาโท", "ImageFileId": "5c57ff62fbcb5f1eec0f53ce", "SelfIntroduceFileId": "5c5800d3fbcb5f1eec0f65ad", "PartyLogo": "https://storage.googleapis.com/candidate-thumbs/party/177.png", "CandididatePhoto": "https://storage.googleapis.com/candidate-thumbs/images/27-2-6.jpg"}, {"Unnamed: 0": 2248, "CandidateId": "8388d69b-4e3c-452e-a694-779d0b3e8dac", "CandidateNo": 7, "FirstName": "ชวลิต", "LastName": "สาลีติ๊ด", "PartyName": "ประชาธิปัตย์", "PartyNumber": 1, "Title": "พลเอก", "Votable": true, "province_id": 27, "province_name": "สระแก้ว", "zone_number": 2, "PartyTerminated": false, "Age": 60, "Occupation": "ข้าราชการบำนาญ", "HighestEducation": "ปริญญาตรี", "ImageFileId": "5c580145fbcb5f1eec0f6c7a", "SelfIntroduceFileId": "5c5802f9fbcb5f1eec0f8842", "PartyLogo": "https://storage.googleapis.com/candidate-thumbs/party/1.png", "CandididatePhoto": "https://storage.googleapis.com/candidate-thumbs/images/27-2-7.jpg"}, {"Unnamed: 0": 2249, "CandidateId": "2cbedca8-8e35-4c79-bdc0-54194d0bfceb", "CandidateNo": 8, "FirstName": "สมบูรณ์", "LastName": "ถายะเดช", "PartyName": "ประชาธิปไตยใหม่", "PartyNumber": 109, "Title": "นาย", "Votable": true, "province_id": 27, "province_name": "สระแก้ว", "zone_number": 2, "PartyTerminated": false, "Age": 68, "Occupation": "รับราชการครู", "HighestEducation": "ปริญญาตรี", "ImageFileId": "5c5803d1fbcb5f1eec0f9398", "SelfIntroduceFileId": "5c580510fbcb5f1eec0fa604", "PartyLogo": "https://storage.googleapis.com/candidate-thumbs/party/109.png", "CandididatePhoto": "https://storage.googleapis.com/candidate-thumbs/images/27-2-8.jpg"}, {"Unnamed: 0": 2250, "CandidateId": "5bf989f0-355e-4009-9fd6-9670e198248b", "CandidateNo": 9, "FirstName": "ธัญยรัตน์", "LastName": "ไทชญานุวัฒน์", "PartyName": "เพื่อชาติ", "PartyNumber": 149, "Title": "นางสาว", "Votable": true, "province_id": 27, "province_name": "สระแก้ว", "zone_number": 2, "PartyTerminated": false, "Age": 53, "Occupation": "เกษตรกร", "HighestEducation": "ต่ำกว่าปริญญาตรี", "ImageFileId": "5c58056bfbcb5f1eec0fac78", "SelfIntroduceFileId": "5c580711fbcb5f1eec0fc228", "PartyLogo": "https://storage.googleapis.com/candidate-thumbs/party/149.png", "CandididatePhoto": "https://storage.googleapis.com/candidate-thumbs/images/27-2-9.jpg"}, {"Unnamed: 0": 2251, "CandidateId": "3fbcf2a2-e3d5-487c-89fc-47a08d8f0420", "CandidateNo": 10, "FirstName": "ตรีนุช", "LastName": "เทียนทอง", "PartyName": "พลังประชารัฐ", "PartyNumber": 192, "Title": "นางสาว", "Votable": true, "province_id": 27, "province_name": "สระแก้ว", "zone_number": 2, "PartyTerminated": false, "Age": 46, "Occupation": "นักการเมือง", "HighestEducation": "ปริญญาโท", "ImageFileId": "5c5807c7fbcb5f1eec0fcc88", "SelfIntroduceFileId": "5c58092bfbcb5f1eec0fdce1", "PartyLogo": "https://storage.googleapis.com/candidate-thumbs/party/192.png", "CandididatePhoto": "https://storage.googleapis.com/candidate-thumbs/images/27-2-10.jpg"}, {"Unnamed: 0": 2252, "CandidateId": "4c4038a0-aabd-4125-adff-04206eb9f592", "CandidateNo": 11, "FirstName": "พรผกาจิตร์", "LastName": "เพิ่มพิมพา", "PartyName": "พลังท้องถิ่นไท", "PartyNumber": 124, "Title": "นาง", "Votable": true, "province_id": 27, "province_name": "สระแก้ว", "zone_number": 2, "PartyTerminated": false, "Age": 54, "Occupation": "ธุรกิจส่วนตัว", "HighestEducation": "ต่ำกว่าปริญญาตรี", "ImageFileId": "5c58096efbcb5f1eec0fdeb3", "SelfIntroduceFileId": "5c580f71fbcb5f1eec10266d", "PartyLogo": "https://storage.googleapis.com/candidate-thumbs/party/124.png", "CandididatePhoto": "https://storage.googleapis.com/candidate-thumbs/images/27-2-11.jpg"}, {"Unnamed: 0": 2253, "CandidateId": "f94748e0-c690-496d-9a52-7050d087b3d4", "CandidateNo": 12, "FirstName": "ณฤดี", "LastName": "ภัคพีรพงษ์", "PartyName": "เพื่อนไทย", "PartyNumber": 179, "Title": "นางสาว", "Votable": false, "province_id": 27, "province_name": "สระแก้ว", "zone_number": 2, "PartyTerminated": false, "Age": 43, "Occupation": "รับจ้างเหมาไปรษณีย์", "HighestEducation": "ต่ำกว่าปริญญาตรี", "ImageFileId": "5c580feffbcb5f1eec102ccd", "SelfIntroduceFileId": "5c58e77dfbcb5f1d8812ec3a", "PartyLogo": "https://storage.googleapis.com/candidate-thumbs/party/179.png", "CandididatePhoto": "https://storage.googleapis.com/candidate-thumbs/images/27-2-12.jpg"}, {"Unnamed: 0": 2254, "CandidateId": "21cb04a8-0af8-4828-a2e9-717e747101d0", "CandidateNo": 13, "FirstName": "ศรราม", "LastName": "ศรีคำ", "PartyName": "ไทยศรีวิไลย์", "PartyNumber": 180, "Title": "นาย", "Votable": true, "province_id": 27, "province_name": "สระแก้ว", "zone_number": 2, "PartyTerminated": false, "Age": 25, "Occupation": "ลูกจ้าง", "HighestEducation": "ต่ำกว่าปริญญาตรี", "ImageFileId": "5c581046fbcb5f1eec1030cb", "SelfIntroduceFileId": "5c58ea35fbcb5f1d8812f92b", "PartyLogo": "https://storage.googleapis.com/candidate-thumbs/party/180.png", "CandididatePhoto": "https://storage.googleapis.com/candidate-thumbs/images/27-2-13.jpg"}, {"Unnamed: 0": 2255, "CandidateId": "09ef80ce-c7b7-4188-8888-12767346b7bc", "CandidateNo": 14, "FirstName": "ฐาปกรณ์", "LastName": "โนนศรีโคตร", "PartyName": "เศรษฐกิจใหม่", "PartyNumber": 193, "Title": "นาย", "Votable": true, "province_id": 27, "province_name": "สระแก้ว", "zone_number": 2, "PartyTerminated": false, "Age": 51, "Occupation": "เกษตรกรรม", "HighestEducation": "ต่ำกว่าปริญญาตรี", "ImageFileId": "5c581092fbcb5f1eec103340", "SelfIntroduceFileId": "5c58ed41fbcb5f1d88130959", "PartyLogo": "https://storage.googleapis.com/candidate-thumbs/party/193.png", "CandididatePhoto": "https://storage.googleapis.com/candidate-thumbs/images/27-2-14.jpg"}, {"Unnamed: 0": 2256, "CandidateId": "ab5ef235-8ae7-4dd6-bbe2-ca46aea02185", "CandidateNo": 15, "FirstName": "ศิริวรรณ", "LastName": "บุญทัด", "PartyName": "ภูมิใจไทย", "PartyNumber": 63, "Title": "นางสาว", "Votable": true, "province_id": 27, "province_name": "สระแก้ว", "zone_number": 2, "PartyTerminated": false, "Age": 29, "Occupation": "ุธุรกิจส่วนตัว", "HighestEducation": "ปริญญาโท", "ImageFileId": "5c5810d8fbcb5f1eec103604", "SelfIntroduceFileId": "5c58f278fbcb5f1d8813364f", "PartyLogo": "https://storage.googleapis.com/candidate-thumbs/party/63.png", "CandididatePhoto": "https://storage.googleapis.com/candidate-thumbs/images/27-2-15.jpg"}, {"Unnamed: 0": 2257, "CandidateId": "70528fe1-9a8a-428a-bc44-fe6e2a4de528", "CandidateNo": 16, "FirstName": "อัญชัญ", "LastName": "บุศย์น้ำเพ็ชร", "PartyName": "เพื่อแผ่นดิน", "PartyNumber": 41, "Title": "นางสาว", "Votable": true, "province_id": 27, "province_name": "สระแก้ว", "zone_number": 2, "PartyTerminated": false, "Age": 50, "Occupation": "ทำธุรกิจส่วนตัว (ค้าขาย)", "HighestEducation": "ต่ำกว่าปริญญาตรี", "ImageFileId": "5c581129fbcb5f1eec103825", "SelfIntroduceFileId": "5c58f3f5fbcb5f1d881344d6", "PartyLogo": "https://storage.googleapis.com/candidate-thumbs/party/41.png", "CandididatePhoto": "https://storage.googleapis.com/candidate-thumbs/images/27-2-16.jpg"}, {"Unnamed: 0": 2258, "CandidateId": "0d34ad27-01c5-4a5b-93be-2964c31fb9a4", "CandidateNo": 17, "FirstName": "วัลลภ", "LastName": "เอราวรรณ์", "PartyName": "กรีน", "PartyNumber": 206, "Title": "นาย", "Votable": true, "province_id": 27, "province_name": "สระแก้ว", "zone_number": 2, "PartyTerminated": false, "Age": 76, "Occupation": "เกษตรกรปลูกสวนป่า", "HighestEducation": "ต่ำกว่าปริญญาตรี", "ImageFileId": "5c594729fbcb5f1d88173e86", "SelfIntroduceFileId": "5c594892fbcb5f1d881751f6", "PartyLogo": "https://storage.googleapis.com/candidate-thumbs/party/206.png", "CandididatePhoto": "https://storage.googleapis.com/candidate-thumbs/images/27-2-17.jpg"}, {"Unnamed: 0": 2259, "CandidateId": "07e9082d-1a5b-4dee-a4cd-cbf3b7d77556", "CandidateNo": 18, "FirstName": "วิภาพร", "LastName": "อุทก", "PartyName": "ประชาธรรมไทย", "PartyNumber": 190, "Title": "นางสาว", "Votable": true, "province_id": 27, "province_name": "สระแก้ว", "zone_number": 2, "PartyTerminated": false, "Age": 33, "Occupation": "ธุรกิจส่วนตัว", "HighestEducation": "ปริญญาตรี", "ImageFileId": "5c5a4e57fbcb5f19bca914ca", "SelfIntroduceFileId": "5c5a5174fbcb5f19bca93305", "PartyLogo": "https://storage.googleapis.com/candidate-thumbs/party/190.png", "CandididatePhoto": "https://storage.googleapis.com/candidate-thumbs/images/27-2-18.jpg"}, {"Unnamed: 0": 2260, "CandidateId": "8efd3f06-3db3-42b7-b19c-9973412e4138", "CandidateNo": 19, "FirstName": "สมพร", "LastName": "นิลสนธิ", "PartyName": "พลังปวงชนไทย", "PartyNumber": 184, "Title": "นาย", "Votable": true, "province_id": 27, "province_name": "สระแก้ว", "zone_number": 2, "PartyTerminated": false, "Age": 58, "Occupation": "ทำไร่", "HighestEducation": "ต่ำกว่าปริญญาตรี", "ImageFileId": "5c5a5ac9fbcb5f19bca97fe7", "SelfIntroduceFileId": "5c5a5d8bfbcb5f19bca998b5", "PartyLogo": "https://storage.googleapis.com/candidate-thumbs/party/184.png", "CandididatePhoto": "https://storage.googleapis.com/candidate-thumbs/images/27-2-19.jpg"}, {"Unnamed: 0": 2261, "CandidateId": "b9cbe5c9-96bc-49f9-b75a-4a8f2e31fe91", "CandidateNo": 20, "FirstName": "จุฑาภัทร์", "LastName": "ทวีชาติ", "PartyName": "ประชาภิวัฒน์", "PartyNumber": 172, "Title": "นางสาว", "Votable": true, "province_id": 27, "province_name": "สระแก้ว", "zone_number": 2, "PartyTerminated": false, "Age": 61, "Occupation": "ค้าขาย", "HighestEducation": "ต่ำกว่าปริญญาตรี", "ImageFileId": "5c5bebb1fbcb5f16fc679e68", "SelfIntroduceFileId": "5c5bedc2fbcb5f16fc67b278", "PartyLogo": "https://storage.googleapis.com/candidate-thumbs/party/172.png", "CandididatePhoto": "https://storage.googleapis.com/candidate-thumbs/images/27-2-20.jpg"}, {"Unnamed: 0": 2262, "CandidateId": "9a28862f-7a22-4724-a7fc-baa2ae0ed3bd", "CandidateNo": 21, "FirstName": "ณรงค์", "LastName": "ผ่องศรีนวล", "PartyName": "ครูไทยเพื่อประชาชน", "PartyNumber": 118, "Title": "นาย", "Votable": true, "province_id": 27, "province_name": "สระแก้ว", "zone_number": 2, "PartyTerminated": false, "Age": 73, "Occupation": "ข้าราชการบำนาญ", "HighestEducation": "ต่ำกว่าปริญญาตรี", "ImageFileId": "5c5bee16fbcb5f16fc67b62d", "SelfIntroduceFileId": "5c5bf0c8fbcb5f16fc67cb31", "PartyLogo": "https://storage.googleapis.com/candidate-thumbs/party/118.png", "CandididatePhoto": "https://storage.googleapis.com/candidate-thumbs/images/27-2-21.jpg"}, {"Unnamed: 0": 2263, "CandidateId": "9005ba44-52b0-48ae-b66f-2c6ea8d83eab", "CandidateNo": 22, "FirstName": "วรพล", "LastName": "อินทรกำแหง", "PartyName": "พลังชาติไทย", "PartyNumber": 186, "Title": "นาย", "Votable": false, "province_id": 27, "province_name": "สระแก้ว", "zone_number": 2, "PartyTerminated": false, "Age": 42, "Occupation": "อบต.", "HighestEducation": "ต่ำกว่าปริญญาตรี", "ImageFileId": "5c5bf3defbcb5f16fc67e772", "SelfIntroduceFileId": "5c5bf5e0fbcb5f16fc67f57b", "PartyLogo": "https://storage.googleapis.com/candidate-thumbs/party/186.png", "CandididatePhoto": "https://storage.googleapis.com/candidate-thumbs/images/27-2-22.jpg"}, {"Unnamed: 0": 2264, "CandidateId": "00e9a3b8-e4ce-4e26-bac7-83ada71cc185", "CandidateNo": 23, "FirstName": "อุ่น", "LastName": "บุตรศรี", "PartyName": "ไทรักธรรม", "PartyNumber": 144, "Title": "นาย", "Votable": true, "province_id": 27, "province_name": "สระแก้ว", "zone_number": 2, "PartyTerminated": false, "Age": 69, "Occupation": "รับจ้างทั่วไป", "HighestEducation": "ต่ำกว่าปริญญาตรี", "ImageFileId": "5c5d4c4bfbcb5f0fd886d6ce", "SelfIntroduceFileId": "5c5d4e06fbcb5f0fd886e6fc", "PartyLogo": "https://storage.googleapis.com/candidate-thumbs/party/144.png", "CandididatePhoto": "https://storage.googleapis.com/candidate-thumbs/images/27-2-23.jpg"}]