[{"Unnamed: 0": 6658, "CandidateId": "2a831ea2-ab74-498e-9c97-4667371cf098", "CandidateNo": 1, "FirstName": "ชัยวิทย์", "LastName": "พิศาลรวิพงษ์", "PartyName": "เพื่อชาติ", "PartyNumber": 149, "Title": "นาย", "Votable": true, "province_id": 11, "province_name": "สมุทรปราการ", "zone_number": 3, "PartyTerminated": false, "Age": 54, "Occupation": "กรรมการผู้จัดการ บริษัท พิศาลรวิพงษ์ จำกัด", "HighestEducation": "ปริญญาโท", "ImageFileId": "5c5a7898fbcb5f19bcaa2fe8", "SelfIntroduceFileId": "5c591794fbcb5f1d8814f344", "PartyLogo": "https://storage.googleapis.com/candidate-thumbs/party/149.png", "CandididatePhoto": "https://storage.googleapis.com/candidate-thumbs/images/11-3-1.jpg"}, {"Unnamed: 0": 6659, "CandidateId": "55dbb381-8f6d-4391-88ef-d356a195371a", "CandidateNo": 2, "FirstName": "อนุช", "LastName": "เหล่าศรี", "PartyName": "พลังประชาธิปไตย", "PartyNumber": 153, "Title": "พันตำรวจเอก", "Votable": true, "province_id": 11, "province_name": "สมุทรปราการ", "zone_number": 3, "PartyTerminated": false, "Age": 60, "Occupation": "รับราชการตำรวจ", "HighestEducation": "ปริญญาโท", "ImageFileId": "5c57dc8afbcb5f1eec0e070c", "SelfIntroduceFileId": "5c591cf1fbcb5f1d88151d3f", "PartyLogo": "https://storage.googleapis.com/candidate-thumbs/party/153.png", "CandididatePhoto": "https://storage.googleapis.com/candidate-thumbs/images/11-3-2.jpg"}, {"Unnamed: 0": 6660, "CandidateId": "67e265e0-8064-480f-b956-e13b25cae391", "CandidateNo": 3, "FirstName": "ชินโชติ", "LastName": "แสงสังข์", "PartyName": "ภูมิใจไทย", "PartyNumber": 63, "Title": "นาย", "Votable": true, "province_id": 11, "province_name": "สมุทรปราการ", "zone_number": 3, "PartyTerminated": false, "Age": 57, "Occupation": "ประธานสภาแรงงานแห่งประเทศไทย", "HighestEducation": "ปริญญาโท", "ImageFileId": "5c57e32ffbcb5f1eec0e32e1", "SelfIntroduceFileId": "5c592858fbcb5f1d88158a7e", "PartyLogo": "https://storage.googleapis.com/candidate-thumbs/party/63.png", "CandididatePhoto": "https://storage.googleapis.com/candidate-thumbs/images/11-3-3.jpg"}, {"Unnamed: 0": 6661, "CandidateId": "877a8343-8b88-4fed-9cf8-55a32dc85cca", "CandidateNo": 4, "FirstName": "หนึ่งสตรี", "LastName": "ตุ่ยไชย", "PartyName": "อนาคตใหม่", "PartyNumber": 177, "Title": "นางสาว", "Votable": true, "province_id": 11, "province_name": "สมุทรปราการ", "zone_number": 3, "PartyTerminated": false, "Age": 29, "Occupation": "อิสระ", "HighestEducation": "ปริญญาตรี", "ImageFileId": "5c57e6defbcb5f1eec0e50c5", "SelfIntroduceFileId": "5c592c5cfbcb5f1d8815c9a6", "PartyLogo": "https://storage.googleapis.com/candidate-thumbs/party/177.png", "CandididatePhoto": "https://storage.googleapis.com/candidate-thumbs/images/11-3-4.jpg"}, {"Unnamed: 0": 6662, "CandidateId": "68fb8f89-451c-4873-9e0c-2c64a25f6548", "CandidateNo": 5, "FirstName": "ศุภธิดา", "LastName": "วิเศษชาติ", "PartyName": "ประชาภิวัฒน์", "PartyNumber": 172, "Title": "นาง", "Votable": true, "province_id": 11, "province_name": "สมุทรปราการ", "zone_number": 3, "PartyTerminated": false, "Age": 40, "Occupation": "อิสระ", "HighestEducation": "ปริญญาตรี", "ImageFileId": "5c57eeb6fbcb5f1eec0e96bc", "SelfIntroduceFileId": "5c592e17fbcb5f1d8815e395", "PartyLogo": "https://storage.googleapis.com/candidate-thumbs/party/172.png", "CandididatePhoto": "https://storage.googleapis.com/candidate-thumbs/images/11-3-5.jpg"}, {"Unnamed: 0": 6663, "CandidateId": "f2ec4abb-427a-4e3c-bea9-58fc87b644ec", "CandidateNo": 6, "FirstName": "ณัฐพงษ์", "LastName": "รอบคอบ", "PartyName": "พลังท้องถิ่นไท", "PartyNumber": 124, "Title": "นาย", "Votable": true, "province_id": 11, "province_name": "สมุทรปราการ", "zone_number": 3, "PartyTerminated": false, "Age": 34, "Occupation": "อาจารย์พิเศษ มหาวิทยาลัยรังสิต และวิทยากร", "HighestEducation": "ปริญญาโท", "ImageFileId": "5c57f66dfbcb5f1eec0ee35a", "SelfIntroduceFileId": "5c59329cfbcb5f1d881622a4", "PartyLogo": "https://storage.googleapis.com/candidate-thumbs/party/124.png", "CandididatePhoto": "https://storage.googleapis.com/candidate-thumbs/images/11-3-6.jpg"}, {"Unnamed: 0": 6664, "CandidateId": "0110d444-4b70-49a6-a06c-e27354abcf24", "CandidateNo": 7, "FirstName": "พศร", "LastName": "ตรุวิทยาคม", "PartyName": "พลังปวงชนไทย", "PartyNumber": 184, "Title": "นาย", "Votable": true, "province_id": 11, "province_name": "สมุทรปราการ", "zone_number": 3, "PartyTerminated": false, "Age": 52, "Occupation": "ธุรกิจส่วนตัว", "HighestEducation": "ต่ำกว่าปริญญาตรี", "ImageFileId": "5c57fb72fbcb5f1eec0f1a12", "SelfIntroduceFileId": "5c5934d0fbcb5f1d88164029", "PartyLogo": "https://storage.googleapis.com/candidate-thumbs/party/184.png", "CandididatePhoto": "https://storage.googleapis.com/candidate-thumbs/images/11-3-7.jpg"}, {"Unnamed: 0": 6665, "CandidateId": "5e7903bf-466b-4f34-85c1-a365d5b49f19", "CandidateNo": 8, "FirstName": "สาริกา", "LastName": "ไชยแก้ว", "PartyName": "รวมพลังประชาชาติไทย", "PartyNumber": 181, "Title": "นางสาว", "Votable": false, "province_id": 11, "province_name": "สมุทรปราการ", "zone_number": 3, "PartyTerminated": false, "Age": 40, "Occupation": "รับจ้างบริษัทเอกชน", "HighestEducation": "ปริญญาโท", "ImageFileId": "5c57fd73fbcb5f1eec0f3acd", "SelfIntroduceFileId": "5c59372dfbcb5f1d8816612f", "PartyLogo": "https://storage.googleapis.com/candidate-thumbs/party/181.png", "CandididatePhoto": "https://storage.googleapis.com/candidate-thumbs/images/11-3-8.jpg"}, {"Unnamed: 0": 6666, "CandidateId": "f3d80d7d-43e4-4c60-b89b-f38256bfc7cf", "CandidateNo": 9, "FirstName": "สรชา", "LastName": "วีรชาติวัฒนา", "PartyName": "ประชาธิปัตย์", "PartyNumber": 1, "Title": "นางสาว", "Votable": true, "province_id": 11, "province_name": "สมุทรปราการ", "zone_number": 3, "PartyTerminated": false, "Age": 49, "Occupation": "รับจ้าง", "HighestEducation": "ปริญญาโท", "ImageFileId": "5c58f328fbcb5f1d88133ce4", "SelfIntroduceFileId": "5c593925fbcb5f1d881680cf", "PartyLogo": "https://storage.googleapis.com/candidate-thumbs/party/1.png", "CandididatePhoto": "https://storage.googleapis.com/candidate-thumbs/images/11-3-9.jpg"}, {"Unnamed: 0": 6667, "CandidateId": "e1069c37-e5a4-4e37-9452-9ea369f35351", "CandidateNo": 10, "FirstName": "สุชาติ", "LastName": "มธุรส", "PartyName": "ประชานิยม", "PartyNumber": 191, "Title": "นาย", "Votable": true, "province_id": 11, "province_name": "สมุทรปราการ", "zone_number": 3, "PartyTerminated": false, "Age": 67, "Occupation": "ธุรกิจส่วนตัว", "HighestEducation": "ต่ำกว่าปริญญาตรี", "ImageFileId": "5c58f600fbcb5f1d88135794", "SelfIntroduceFileId": "5c593bfbfbcb5f1d8816a48f", "PartyLogo": "https://storage.googleapis.com/candidate-thumbs/party/191.png", "CandididatePhoto": "https://storage.googleapis.com/candidate-thumbs/images/11-3-10.jpg"}, {"Unnamed: 0": 6668, "CandidateId": "715b36c7-7191-4747-baeb-2f134fba266f", "CandidateNo": 11, "FirstName": "เดชา", "LastName": "กำไรศิลป์", "PartyName": "พลังธรรมใหม่", "PartyNumber": 175, "Title": "นาย", "Votable": true, "province_id": 11, "province_name": "สมุทรปราการ", "zone_number": 3, "PartyTerminated": false, "Age": 52, "Occupation": "รับจ้างทั่วไป", "HighestEducation": "ต่ำกว่าปริญญาตรี", "ImageFileId": "5c58facbfbcb5f1d88138b72", "SelfIntroduceFileId": "5c593d67fbcb5f1d8816b6a1", "PartyLogo": "https://storage.googleapis.com/candidate-thumbs/party/175.png", "CandididatePhoto": "https://storage.googleapis.com/candidate-thumbs/images/11-3-11.jpg"}, {"Unnamed: 0": 6669, "CandidateId": "688453fa-15e9-4f5b-be5f-05d22576e78e", "CandidateNo": 12, "FirstName": "ภริม", "LastName": "พูลเจริญ", "PartyName": "พลังประชารัฐ", "PartyNumber": 192, "Title": "นางสาว", "Votable": true, "province_id": 11, "province_name": "สมุทรปราการ", "zone_number": 3, "PartyTerminated": false, "Age": 34, "Occupation": "นักการเมืองท้องถิ่น", "HighestEducation": "ปริญญาตรี", "ImageFileId": "5c58fc8ffbcb5f1d88139bb6", "SelfIntroduceFileId": "5c593e93fbcb5f1d8816c702", "PartyLogo": "https://storage.googleapis.com/candidate-thumbs/party/192.png", "CandididatePhoto": "https://storage.googleapis.com/candidate-thumbs/images/11-3-12.jpg"}, {"Unnamed: 0": 6670, "CandidateId": "69855eb2-7764-4cf9-a3fb-f2180096748e", "CandidateNo": 13, "FirstName": "ประเสริฐ", "LastName": "ชัยกิจเด่นนภาลัย", "PartyName": "เพื่อไทย", "PartyNumber": 34, "Title": "นาย", "Votable": true, "province_id": 11, "province_name": "สมุทรปราการ", "zone_number": 3, "PartyTerminated": false, "Age": 61, "Occupation": "นักการเมือง", "HighestEducation": "ปริญญาเอก", "ImageFileId": "5c58fda5fbcb5f1d8813a4fd", "SelfIntroduceFileId": "5c596312fbcb5f1d88182acd", "PartyLogo": "https://storage.googleapis.com/candidate-thumbs/party/34.png", "CandididatePhoto": "https://storage.googleapis.com/candidate-thumbs/images/11-3-13.jpg"}, {"Unnamed: 0": 6671, "CandidateId": "0b71387a-f55a-4208-b752-6e9799314147", "CandidateNo": 14, "FirstName": "สมพงษ์", "LastName": "สนธิภักดี", "PartyName": "เสรีรวมไทย", "PartyNumber": 145, "Title": "นาย", "Votable": true, "province_id": 11, "province_name": "สมุทรปราการ", "zone_number": 3, "PartyTerminated": false, "Age": 55, "Occupation": "ธุรกิจส่วนตัว", "HighestEducation": "ปริญญาตรี", "ImageFileId": "5c5902d1fbcb5f1d8813e666", "SelfIntroduceFileId": "5c594104fbcb5f1d8816eb29", "PartyLogo": "https://storage.googleapis.com/candidate-thumbs/party/145.png", "CandididatePhoto": "https://storage.googleapis.com/candidate-thumbs/images/11-3-14.jpg"}, {"Unnamed: 0": 6672, "CandidateId": "6f4efa6d-3e31-4956-aa4e-633e5d449438", "CandidateNo": 15, "FirstName": "ชัยณรงค์", "LastName": "ชยานุคุณลิขิต", "PartyName": "ชาติไทยพัฒนา", "PartyNumber": 55, "Title": "นาย", "Votable": true, "province_id": 11, "province_name": "สมุทรปราการ", "zone_number": 3, "PartyTerminated": false, "Age": 52, "Occupation": "อิสระ", "HighestEducation": "ปริญญาตรี", "ImageFileId": "5c5905c1fbcb5f1d881407d6", "SelfIntroduceFileId": "5c59432efbcb5f1d88170719", "PartyLogo": "https://storage.googleapis.com/candidate-thumbs/party/55.png", "CandididatePhoto": "https://storage.googleapis.com/candidate-thumbs/images/11-3-15.jpg"}, {"Unnamed: 0": 6673, "CandidateId": "05a8e80e-3b97-446f-bea4-924914996662", "CandidateNo": 16, "FirstName": "เพ็ญพิมล", "LastName": "สิทธิชโลธร", "PartyName": "ประชาธิปไตยใหม่", "PartyNumber": 109, "Title": "นาง", "Votable": true, "province_id": 11, "province_name": "สมุทรปราการ", "zone_number": 3, "PartyTerminated": false, "Age": 52, "Occupation": "ค้าขาย", "HighestEducation": "ปริญญาตรี", "ImageFileId": "5c5908c8fbcb5f1d8814300a", "SelfIntroduceFileId": "5c5945c6fbcb5f1d8817287e", "PartyLogo": "https://storage.googleapis.com/candidate-thumbs/party/109.png", "CandididatePhoto": "https://storage.googleapis.com/candidate-thumbs/images/11-3-16.jpg"}, {"Unnamed: 0": 6674, "CandidateId": "636ec5cb-279c-4a56-b5a9-a1084f614810", "CandidateNo": 17, "FirstName": "สนอง", "LastName": "พานทอง", "PartyName": "รักษ์ผืนป่าประเทศไทย", "PartyNumber": 133, "Title": "นาย", "Votable": true, "province_id": 11, "province_name": "สมุทรปราการ", "zone_number": 3, "PartyTerminated": false, "Age": 64, "Occupation": "คณะกรรมการชุมชนเทศบาลบางเมือง", "HighestEducation": "ต่ำกว่าปริญญาตรี", "ImageFileId": "5c594619fbcb5f1d88172d13", "SelfIntroduceFileId": "5c5947b1fbcb5f1d8817478e", "PartyLogo": "https://storage.googleapis.com/candidate-thumbs/party/133.png", "CandididatePhoto": "https://storage.googleapis.com/candidate-thumbs/images/11-3-17.jpg"}, {"Unnamed: 0": 6675, "CandidateId": "44e82bca-997b-4ff7-854c-a4ae44294fb9", "CandidateNo": 18, "FirstName": "มานพ", "LastName": "ศรีระพันธ์", "PartyName": "ทางเลือกใหม่", "PartyNumber": 170, "Title": "นาย", "Votable": true, "province_id": 11, "province_name": "สมุทรปราการ", "zone_number": 3, "PartyTerminated": false, "Age": 57, "Occupation": "อาจารย์แนะแนว มหาวิทยาลัยกรุงเทพธนบุรี", "HighestEducation": "ปริญญาตรี", "ImageFileId": "5c59481afbcb5f1d88174d90", "SelfIntroduceFileId": "5c594a2ffbcb5f1d8817684e", "PartyLogo": "https://storage.googleapis.com/candidate-thumbs/party/170.png", "CandididatePhoto": "https://storage.googleapis.com/candidate-thumbs/images/11-3-18.jpg"}, {"Unnamed: 0": 6676, "CandidateId": "c76e34fa-4892-47b1-b4e2-1e0d5aa34631", "CandidateNo": 19, "FirstName": "รัฐธรรมนูญ", "LastName": "กองเกิด", "PartyName": "เพื่อแผ่นดิน", "PartyNumber": 41, "Title": "นาย", "Votable": true, "province_id": 11, "province_name": "สมุทรปราการ", "zone_number": 3, "PartyTerminated": false, "Age": 49, "Occupation": "รับจ้าง", "HighestEducation": "ต่ำกว่าปริญญาตรี", "ImageFileId": "5c5a88c7fbcb5f19bcaaa544", "SelfIntroduceFileId": "5c5a8b34fbcb5f19bcaabab2", "PartyLogo": "https://storage.googleapis.com/candidate-thumbs/party/41.png", "CandididatePhoto": "https://storage.googleapis.com/candidate-thumbs/images/11-3-19.jpg"}, {"Unnamed: 0": 6677, "CandidateId": "7b1a517c-2547-49e0-b237-95e2c36afdbd", "CandidateNo": 20, "FirstName": "ถนอมทรัพย์", "LastName": "สุขศรี", "PartyName": "ครูไทยเพื่อประชาชน", "PartyNumber": 118, "Title": "นาย", "Votable": true, "province_id": 11, "province_name": "สมุทรปราการ", "zone_number": 3, "PartyTerminated": false, "Age": 46, "Occupation": "เปิดอู่ซ่อมรถยนต์", "HighestEducation": "ต่ำกว่าปริญญาตรี", "ImageFileId": "5c5bb081fbcb5f16fc65fcb8", "SelfIntroduceFileId": "5c5bb02cfbcb5f16fc65fa24", "PartyLogo": "https://storage.googleapis.com/candidate-thumbs/party/118.png", "CandididatePhoto": "https://storage.googleapis.com/candidate-thumbs/images/11-3-20.jpg"}, {"Unnamed: 0": 6678, "CandidateId": "740032ab-5497-4b45-ad8c-f114aebb4b66", "CandidateNo": 21, "FirstName": "นัฏทีธร", "LastName": "จักรแก้ว", "PartyName": "พลังชาติไทย", "PartyNumber": 186, "Title": "นาย", "Votable": true, "province_id": 11, "province_name": "สมุทรปราการ", "zone_number": 3, "PartyTerminated": false, "Age": 60, "Occupation": "ทนายความ", "HighestEducation": "ปริญญาโท", "ImageFileId": "5c5bb670fbcb5f16fc662bfe", "SelfIntroduceFileId": "5c5bbb2bfbcb5f16fc664db7", "PartyLogo": "https://storage.googleapis.com/candidate-thumbs/party/186.png", "CandididatePhoto": "https://storage.googleapis.com/candidate-thumbs/images/11-3-21.jpg"}, {"Unnamed: 0": 6679, "CandidateId": "b768402a-2028-4e5c-b108-317f19b8b8f5", "CandidateNo": 22, "FirstName": "เบญจรักษ์", "LastName": "เรืองรักษา", "PartyName": "พลังไทสร้างชาติ", "PartyNumber": 200, "Title": "นางสาว", "Votable": true, "province_id": 11, "province_name": "สมุทรปราการ", "zone_number": 3, "PartyTerminated": false, "Age": 27, "Occupation": "พนักงานบริษัท", "HighestEducation": "ปริญญาตรี", "ImageFileId": "5c5bf07efbcb5f16fc67c9b4", "SelfIntroduceFileId": "5c5bf416fbcb5f16fc67e8e0", "PartyLogo": "https://storage.googleapis.com/candidate-thumbs/party/200.png", "CandididatePhoto": "https://storage.googleapis.com/candidate-thumbs/images/11-3-22.jpg"}, {"Unnamed: 0": 6680, "CandidateId": "d1ee6a88-ba16-4fe7-9983-dd0eda66670a", "CandidateNo": 23, "FirstName": "ศิรประภา", "LastName": "เหล็กเพชร", "PartyName": "ภาคีเครือข่ายไทย", "PartyNumber": 211, "Title": "นาง", "Votable": true, "province_id": 11, "province_name": "สมุทรปราการ", "zone_number": 3, "PartyTerminated": false, "Age": 33, "Occupation": "แม่บ้าน", "HighestEducation": "ต่ำกว่าปริญญาตรี", "ImageFileId": "5c5d08bbfbcb5f0fd884c88d", "SelfIntroduceFileId": "5c5d0ba5fbcb5f0fd884d8cf", "PartyLogo": "https://storage.googleapis.com/candidate-thumbs/party/211.png", "CandididatePhoto": "https://storage.googleapis.com/candidate-thumbs/images/11-3-23.jpg"}, {"Unnamed: 0": 6681, "CandidateId": "ff4792e8-0e4b-45bc-957b-7f17b7837a08", "CandidateNo": 24, "FirstName": "มงคล", "LastName": "ไขแสง", "PartyName": "ไทยศรีวิไลย์", "PartyNumber": 180, "Title": "นาย", "Votable": true, "province_id": 11, "province_name": "สมุทรปราการ", "zone_number": 3, "PartyTerminated": false, "Age": 35, "Occupation": "พนักงานบริษัทเอกชน", "HighestEducation": "ต่ำกว่าปริญญาตรี", "ImageFileId": "5c5d0fbafbcb5f0fd884f164", "SelfIntroduceFileId": "5c5d160ffbcb5f0fd8850608", "PartyLogo": "https://storage.googleapis.com/candidate-thumbs/party/180.png", "CandididatePhoto": "https://storage.googleapis.com/candidate-thumbs/images/11-3-24.jpg"}, {"Unnamed: 0": 6682, "CandidateId": "fc7a3b2b-6ce9-4a90-a51e-e8a4ad19f9c0", "CandidateNo": 25, "FirstName": "วิเศษ", "LastName": "พิมพา", "PartyName": "เศรษฐกิจใหม่", "PartyNumber": 193, "Title": "นาย", "Votable": true, "province_id": 11, "province_name": "สมุทรปราการ", "zone_number": 3, "PartyTerminated": false, "Age": 49, "Occupation": "รับจ้าง", "HighestEducation": "ต่ำกว่าปริญญาตรี", "ImageFileId": "5c5d2a88fbcb5f0fd88592d0", "SelfIntroduceFileId": "5c5d2f9ffbcb5f0fd885bfb4", "PartyLogo": "https://storage.googleapis.com/candidate-thumbs/party/193.png", "CandididatePhoto": "https://storage.googleapis.com/candidate-thumbs/images/11-3-25.jpg"}, {"Unnamed: 0": 6683, "CandidateId": "5fb96792-90e1-46d5-9fca-db58be5013f8", "CandidateNo": 26, "FirstName": "กรธวัช", "LastName": "พรมกุล", "PartyName": "ไทรักธรรม", "PartyNumber": 144, "Title": "นาย", "Votable": true, "province_id": 11, "province_name": "สมุทรปราการ", "zone_number": 3, "PartyTerminated": false, "Age": 59, "Occupation": "รับจ้าง", "HighestEducation": "ต่ำกว่าปริญญาตรี", "ImageFileId": "5c5d42d0fbcb5f0fd8866bb9", "SelfIntroduceFileId": "5c5d4b4cfbcb5f0fd886ca71", "PartyLogo": "https://storage.googleapis.com/candidate-thumbs/party/144.png", "CandididatePhoto": "https://storage.googleapis.com/candidate-thumbs/images/11-3-26.jpg"}, {"Unnamed: 0": 6684, "CandidateId": "1cae792e-4b26-486b-829b-f5c7ec852aae", "CandidateNo": 27, "FirstName": "อนุพล", "LastName": "อินทรภูมิ", "PartyName": "มหาชน", "PartyNumber": 4, "Title": "นาย", "Votable": true, "province_id": 11, "province_name": "สมุทรปราการ", "zone_number": 3, "PartyTerminated": false, "Age": 34, "Occupation": "รับจ้าง", "HighestEducation": "ต่ำกว่าปริญญาตรี", "ImageFileId": "5c5d475afbcb5f0fd8869a75", "SelfIntroduceFileId": "5c5d4e1cfbcb5f0fd886e8dd", "PartyLogo": "https://storage.googleapis.com/candidate-thumbs/party/4.png", "CandididatePhoto": "https://storage.googleapis.com/candidate-thumbs/images/11-3-27.jpg"}]