[{"Unnamed: 0": 8235, "CandidateId": "aff77184-62a7-43c3-8a25-b935c80bb4f9", "CandidateNo": 1, "FirstName": "บัณฑิต", "LastName": "หวันหีม", "PartyName": "ประชาชาติ", "PartyNumber": 187, "Title": "นาย", "Votable": true, "province_id": 90, "province_name": "สงขลา", "zone_number": 6, "PartyTerminated": false, "Age": 52, "Occupation": "สมาชิกสภาเทศบาล", "HighestEducation": "ต่ำกว่าปริญญาตรี", "ImageFileId": "5c57c1fdfbcb5f1eec0d7521", "SelfIntroduceFileId": "5c57ccb8fbcb5f1eec0dc21d", "PartyLogo": "https://storage.googleapis.com/candidate-thumbs/party/187.png", "CandididatePhoto": "https://storage.googleapis.com/candidate-thumbs/images/90-6-1.jpg"}, {"Unnamed: 0": 8236, "CandidateId": "be8f3de3-ebd2-46ed-8077-317bf41b55a6", "CandidateNo": 2, "FirstName": "อรรถชาญ", "LastName": "เชาวน์วานิชย์", "PartyName": "ไทยรักษาชาติ", "PartyNumber": 77, "Title": "นาย", "Votable": true, "province_id": 90, "province_name": "สงขลา", "zone_number": 6, "PartyTerminated": true, "Age": 59, "Occupation": "นักธุรกิจ", "HighestEducation": "ปริญญาโท", "ImageFileId": "5c57da5dfbcb5f1eec0dfb1e", "SelfIntroduceFileId": "5c57e12cfbcb5f1eec0e2501", "PartyLogo": "https://storage.googleapis.com/candidate-thumbs/party/77.png", "CandididatePhoto": "https://storage.googleapis.com/candidate-thumbs/images/90-6-2.jpg"}, {"Unnamed: 0": 8237, "CandidateId": "bc15b91f-1d3d-4cf0-b8d1-1824445d6336", "CandidateNo": 3, "FirstName": "ประวิทย์", "LastName": "ทองประสม", "PartyName": "รวมพลังประชาชาติไทย", "PartyNumber": 181, "Title": "นาย", "Votable": true, "province_id": 90, "province_name": "สงขลา", "zone_number": 6, "PartyTerminated": false, "Age": 57, "Occupation": "ทำสวน", "HighestEducation": "ต่ำกว่าปริญญาตรี", "ImageFileId": "5c57e15afbcb5f1eec0e2593", "SelfIntroduceFileId": "5c57e3ddfbcb5f1eec0e381d", "PartyLogo": "https://storage.googleapis.com/candidate-thumbs/party/181.png", "CandididatePhoto": "https://storage.googleapis.com/candidate-thumbs/images/90-6-3.jpg"}, {"Unnamed: 0": 8238, "CandidateId": "710d3963-1e9d-43f6-afa6-ea89f01b88f7", "CandidateNo": 4, "FirstName": "สัมพันธ์", "LastName": "ละอองจิตต์", "PartyName": "อนาคตใหม่", "PartyNumber": 177, "Title": "นาย", "Votable": true, "province_id": 90, "province_name": "สงขลา", "zone_number": 6, "PartyTerminated": false, "Age": 60, "Occupation": "เกษตรกรสวนยางพารา", "HighestEducation": "ปริญญาตรี", "ImageFileId": "5c57ea42fbcb5f1eec0e6edd", "SelfIntroduceFileId": "5c57ecbffbcb5f1eec0e80e1", "PartyLogo": "https://storage.googleapis.com/candidate-thumbs/party/177.png", "CandididatePhoto": "https://storage.googleapis.com/candidate-thumbs/images/90-6-4.jpg"}, {"Unnamed: 0": 8239, "CandidateId": "2b17431d-344b-45c0-a219-ae9d389fcc3f", "CandidateNo": 5, "FirstName": "อุทัย", "LastName": "ขันสิน", "PartyName": "คลองไทย", "PartyNumber": 189, "Title": "นาย", "Votable": true, "province_id": 90, "province_name": "สงขลา", "zone_number": 6, "PartyTerminated": false, "Age": 64, "Occupation": "รับจ้าง", "HighestEducation": "ต่ำกว่าปริญญาตรี", "ImageFileId": "5c57f440fbcb5f1eec0ecbce", "SelfIntroduceFileId": "5c57f695fbcb5f1eec0ee4aa", "PartyLogo": "https://storage.googleapis.com/candidate-thumbs/party/189.png", "CandididatePhoto": "https://storage.googleapis.com/candidate-thumbs/images/90-6-5.jpg"}, {"Unnamed: 0": 8240, "CandidateId": "fff4074a-2d62-498d-936f-5ca248e56251", "CandidateNo": 6, "FirstName": "จรัญ", "LastName": "อาษาพันธ์", "PartyName": "เสรีรวมไทย", "PartyNumber": 145, "Title": "นาย", "Votable": true, "province_id": 90, "province_name": "สงขลา", "zone_number": 6, "PartyTerminated": false, "Age": 64, "Occupation": "พนักงานรัฐวิสาหกิจ", "HighestEducation": "ปริญญาโท", "ImageFileId": "5c57fd17fbcb5f1eec0f349e", "SelfIntroduceFileId": "5c57fea9fbcb5f1eec0f4c19", "PartyLogo": "https://storage.googleapis.com/candidate-thumbs/party/145.png", "CandididatePhoto": "https://storage.googleapis.com/candidate-thumbs/images/90-6-6.jpg"}, {"Unnamed: 0": 8241, "CandidateId": "a24fd462-cb6f-4073-9055-1e0963e58f18", "CandidateNo": 7, "FirstName": "จะเด็ด", "LastName": "เหมโกทวีทรัพย์", "PartyName": "เพื่อธรรม", "PartyNumber": 98, "Title": "นาย", "Votable": true, "province_id": 90, "province_name": "สงขลา", "zone_number": 6, "PartyTerminated": false, "Age": 56, "Occupation": "ผู้จัดการธนาคาร", "HighestEducation": "ปริญญาตรี", "ImageFileId": "5c58ef3cfbcb5f1d88131799", "SelfIntroduceFileId": "5c58f047fbcb5f1d881321d8", "PartyLogo": "https://storage.googleapis.com/candidate-thumbs/party/98.png", "CandididatePhoto": "https://storage.googleapis.com/candidate-thumbs/images/90-6-7.jpg"}, {"Unnamed: 0": 8242, "CandidateId": "b37c1182-3c28-4be1-8f65-3e2d69f2ade2", "CandidateNo": 8, "FirstName": "นาบุญ", "LastName": "นาวาบุญนิยม", "PartyName": "พลังธรรมใหม่", "PartyNumber": 175, "Title": "นาย", "Votable": true, "province_id": 90, "province_name": "สงขลา", "zone_number": 6, "PartyTerminated": false, "Age": 69, "Occupation": "เกษตรกร", "HighestEducation": "ปริญญาตรี", "ImageFileId": "5c58f609fbcb5f1d881357e2", "SelfIntroduceFileId": "5c58f698fbcb5f1d88135dfe", "PartyLogo": "https://storage.googleapis.com/candidate-thumbs/party/175.png", "CandididatePhoto": "https://storage.googleapis.com/candidate-thumbs/images/90-6-8.jpg"}, {"Unnamed: 0": 8243, "CandidateId": "bd1987eb-c70b-48d2-a83c-64717691a048", "CandidateNo": 9, "FirstName": "ถาวร", "LastName": "เสนเนียม", "PartyName": "ประชาธิปัตย์", "PartyNumber": 1, "Title": "นาย", "Votable": true, "province_id": 90, "province_name": "สงขลา", "zone_number": 6, "PartyTerminated": false, "Age": 71, "Occupation": "ทนายความและนักธุรกิจ", "HighestEducation": "ปริญญาโท", "ImageFileId": "5c58fb23fbcb5f1d88138ef2", "SelfIntroduceFileId": "5c58fbb3fbcb5f1d881394a9", "PartyLogo": "https://storage.googleapis.com/candidate-thumbs/party/1.png", "CandididatePhoto": "https://storage.googleapis.com/candidate-thumbs/images/90-6-9.jpg"}, {"Unnamed: 0": 8244, "CandidateId": "26310cf5-14cf-4b56-a164-bc689d8d4acc", "CandidateNo": 10, "FirstName": "เฉลิม", "LastName": "เหล่าสุวรรณ", "PartyName": "ชาติไทยพัฒนา", "PartyNumber": 55, "Title": "นาย", "Votable": true, "province_id": 90, "province_name": "สงขลา", "zone_number": 6, "PartyTerminated": false, "Age": 66, "Occupation": "ทำสวน/ธุรกิจส่วนตัว", "HighestEducation": "ต่ำกว่าปริญญาตรี", "ImageFileId": "5c5900fbfbcb5f1d8813cffa", "SelfIntroduceFileId": "5c59057ffbcb5f1d88140425", "PartyLogo": "https://storage.googleapis.com/candidate-thumbs/party/55.png", "CandididatePhoto": "https://storage.googleapis.com/candidate-thumbs/images/90-6-10.jpg"}, {"Unnamed: 0": 8245, "CandidateId": "7c116a10-f4cb-414a-a4f8-c8a23a670177", "CandidateNo": 11, "FirstName": "กมลชนก", "LastName": "จันทร์แดง", "PartyName": "ประชาภิวัฒน์", "PartyNumber": 172, "Title": "นางสาว", "Votable": true, "province_id": 90, "province_name": "สงขลา", "zone_number": 6, "PartyTerminated": false, "Age": 46, "Occupation": "ทำสวน", "HighestEducation": "ต่ำกว่าปริญญาตรี", "ImageFileId": "5c594e30fbcb5f1d88179ae1", "SelfIntroduceFileId": "5c595287fbcb5f1d8817d07e", "PartyLogo": "https://storage.googleapis.com/candidate-thumbs/party/172.png", "CandididatePhoto": "https://storage.googleapis.com/candidate-thumbs/images/90-6-11.jpg"}, {"Unnamed: 0": 8246, "CandidateId": "69b920b4-db25-489c-86d2-6db9c2f2a5ad", "CandidateNo": 12, "FirstName": "จำลอง", "LastName": "แก้วทอง", "PartyName": "แผ่นดินธรรม", "PartyNumber": 188, "Title": "นาย", "Votable": true, "province_id": 90, "province_name": "สงขลา", "zone_number": 6, "PartyTerminated": false, "Age": 63, "Occupation": "-", "HighestEducation": "ต่ำกว่าปริญญาตรี", "ImageFileId": "5c5a3decfbcb5f19bca89b85", "SelfIntroduceFileId": "5c5a401efbcb5f19bca8a8df", "PartyLogo": "https://storage.googleapis.com/candidate-thumbs/party/188.png", "CandididatePhoto": "https://storage.googleapis.com/candidate-thumbs/images/90-6-12.jpg"}, {"Unnamed: 0": 8247, "CandidateId": "448486ae-c072-4cab-8b33-a4ef802a0f5f", "CandidateNo": 13, "FirstName": "อุไร", "LastName": "โชติรุ่งโรจน์", "PartyName": "ภูมิใจไทย", "PartyNumber": 63, "Title": "นาง", "Votable": true, "province_id": 90, "province_name": "สงขลา", "zone_number": 6, "PartyTerminated": false, "Age": 49, "Occupation": "ค้าขาย,ทำสวน", "HighestEducation": "ต่ำกว่าปริญญาตรี", "ImageFileId": "5c5a4087fbcb5f19bca8aa37", "SelfIntroduceFileId": "5c5a4390fbcb5f19bca8be67", "PartyLogo": "https://storage.googleapis.com/candidate-thumbs/party/63.png", "CandididatePhoto": "https://storage.googleapis.com/candidate-thumbs/images/90-6-13.jpg"}, {"Unnamed: 0": 8248, "CandidateId": "042e67e3-92d5-4856-bc6d-5c0cd5352bdb", "CandidateNo": 14, "FirstName": "กัญฐณณัฐ", "LastName": "ศักดิ์สุวรรณ", "PartyName": "ประชานิยม", "PartyNumber": 191, "Title": "นางสาว", "Votable": true, "province_id": 90, "province_name": "สงขลา", "zone_number": 6, "PartyTerminated": false, "Age": 38, "Occupation": "พนักงานบริษัท", "HighestEducation": "ต่ำกว่าปริญญาตรี", "ImageFileId": "5c5a4420fbcb5f19bca8c1f5", "SelfIntroduceFileId": "5c5a46edfbcb5f19bca8d7db", "PartyLogo": "https://storage.googleapis.com/candidate-thumbs/party/191.png", "CandididatePhoto": "https://storage.googleapis.com/candidate-thumbs/images/90-6-14.jpg"}, {"Unnamed: 0": 8249, "CandidateId": "90e242b0-da9a-494d-af14-3c82d4c63e96", "CandidateNo": 15, "FirstName": "สมปอง", "LastName": "บริสุทธิ์", "PartyName": "พลังประชารัฐ", "PartyNumber": 192, "Title": "นาย", "Votable": true, "province_id": 90, "province_name": "สงขลา", "zone_number": 6, "PartyTerminated": false, "Age": 55, "Occupation": "เกษตรกร", "HighestEducation": "ปริญญาโท", "ImageFileId": "5c5a47acfbcb5f19bca8dd67", "SelfIntroduceFileId": "5c5a49c6fbcb5f19bca8ecf0", "PartyLogo": "https://storage.googleapis.com/candidate-thumbs/party/192.png", "CandididatePhoto": "https://storage.googleapis.com/candidate-thumbs/images/90-6-15.jpg"}, {"Unnamed: 0": 8250, "CandidateId": "55dae809-64e3-4edf-b52d-1875289bf509", "CandidateNo": 16, "FirstName": "พรศิริ", "LastName": "แก้วมณี", "PartyName": "ถิ่นกาขาวชาววิไล", "PartyNumber": 129, "Title": "นางสาว", "Votable": true, "province_id": 90, "province_name": "สงขลา", "zone_number": 6, "PartyTerminated": false, "Age": 44, "Occupation": "อิสระ", "HighestEducation": "ต่ำกว่าปริญญาตรี", "ImageFileId": "5c5a4a3dfbcb5f19bca8efe4", "SelfIntroduceFileId": "5c5a4ac2fbcb5f19bca8f52a", "PartyLogo": "https://storage.googleapis.com/candidate-thumbs/party/129.png", "CandididatePhoto": "https://storage.googleapis.com/candidate-thumbs/images/90-6-16.jpg"}, {"Unnamed: 0": 8251, "CandidateId": "182c8a09-2538-4eae-bf04-346c0603e2d1", "CandidateNo": 17, "FirstName": "อัครเดช", "LastName": "เหมโซ๊ะ", "PartyName": "ชาติพัฒนา", "PartyNumber": 45, "Title": "นาย", "Votable": true, "province_id": 90, "province_name": "สงขลา", "zone_number": 6, "PartyTerminated": false, "Age": 45, "Occupation": "พนักงานการรถไฟ", "HighestEducation": "ปริญญาตรี", "ImageFileId": "5c5a4b59fbcb5f19bca8fbc9", "SelfIntroduceFileId": "5c5a4c90fbcb5f19bca9061e", "PartyLogo": "https://storage.googleapis.com/candidate-thumbs/party/45.png", "CandididatePhoto": "https://storage.googleapis.com/candidate-thumbs/images/90-6-17.jpg"}, {"Unnamed: 0": 8252, "CandidateId": "89598a97-64a7-4ce0-ad52-3477b8b27040", "CandidateNo": 18, "FirstName": "สมศักดิ์", "LastName": "ฉิมดำ", "PartyName": "เพื่อชาติ", "PartyNumber": 149, "Title": "นาย", "Votable": true, "province_id": 90, "province_name": "สงขลา", "zone_number": 6, "PartyTerminated": false, "Age": 57, "Occupation": "รับจ้าง", "HighestEducation": "ต่ำกว่าปริญญาตรี", "ImageFileId": "5c5a4ceefbcb5f19bca908df", "SelfIntroduceFileId": "5c5a4e9bfbcb5f19bca917a1", "PartyLogo": "https://storage.googleapis.com/candidate-thumbs/party/149.png", "CandididatePhoto": "https://storage.googleapis.com/candidate-thumbs/images/90-6-18.jpg"}, {"Unnamed: 0": 8253, "CandidateId": "f10f118f-b732-4dc5-9af9-26732775cdaf", "CandidateNo": 19, "FirstName": "บรรเจิด", "LastName": "จันทร์ประสพโชค", "PartyName": "รักษ์ผืนป่าประเทศไทย", "PartyNumber": 133, "Title": "นาย", "Votable": true, "province_id": 90, "province_name": "สงขลา", "zone_number": 6, "PartyTerminated": false, "Age": 51, "Occupation": "ทนายความ", "HighestEducation": "ปริญญาตรี", "ImageFileId": "5c5a4eeafbcb5f19bca91b30", "SelfIntroduceFileId": "5c5a4fcbfbcb5f19bca92447", "PartyLogo": "https://storage.googleapis.com/candidate-thumbs/party/133.png", "CandididatePhoto": "https://storage.googleapis.com/candidate-thumbs/images/90-6-19.jpg"}, {"Unnamed: 0": 8254, "CandidateId": "a2a2621e-9601-4b6f-bac3-ea3f95e18e77", "CandidateNo": 20, "FirstName": "กนกพร", "LastName": "ชนะพล", "PartyName": "เพื่อแผ่นดิน", "PartyNumber": 41, "Title": "นางสาว", "Votable": true, "province_id": 90, "province_name": "สงขลา", "zone_number": 6, "PartyTerminated": false, "Age": 59, "Occupation": "แม่บ้าน", "HighestEducation": "ต่ำกว่าปริญญาตรี", "ImageFileId": "5c5a509cfbcb5f19bca92ced", "SelfIntroduceFileId": "5c5a51d0fbcb5f19bca936e2", "PartyLogo": "https://storage.googleapis.com/candidate-thumbs/party/41.png", "CandididatePhoto": "https://storage.googleapis.com/candidate-thumbs/images/90-6-20.jpg"}, {"Unnamed: 0": 8255, "CandidateId": "8fb62088-a918-47ec-b53d-690e3be8562b", "CandidateNo": 21, "FirstName": "จรัญ", "LastName": "โปดำ", "PartyName": "พลังท้องถิ่นไท", "PartyNumber": 124, "Title": "นาย", "Votable": true, "province_id": 90, "province_name": "สงขลา", "zone_number": 6, "PartyTerminated": false, "Age": 45, "Occupation": "ธุรกิจส่วนตัว", "HighestEducation": "ปริญญาตรี", "ImageFileId": "5c5a6289fbcb5f19bca9c285", "SelfIntroduceFileId": "5c5a63e9fbcb5f19bca9cf90", "PartyLogo": "https://storage.googleapis.com/candidate-thumbs/party/124.png", "CandididatePhoto": "https://storage.googleapis.com/candidate-thumbs/images/90-6-21.jpg"}, {"Unnamed: 0": 8256, "CandidateId": "5c22320f-825f-40ae-954b-e37f4f6e9002", "CandidateNo": 22, "FirstName": "สุรเชษฐ์", "LastName": "ไมตรีกุล", "PartyName": "ไทยศรีวิไลย์", "PartyNumber": 180, "Title": "นาย", "Votable": true, "province_id": 90, "province_name": "สงขลา", "zone_number": 6, "PartyTerminated": false, "Age": 36, "Occupation": "อิสระ", "HighestEducation": "ต่ำกว่าปริญญาตรี", "ImageFileId": "5c5a71e0fbcb5f19bcaa0c57", "SelfIntroduceFileId": "5c5a7273fbcb5f19bcaa0faa", "PartyLogo": "https://storage.googleapis.com/candidate-thumbs/party/180.png", "CandididatePhoto": "https://storage.googleapis.com/candidate-thumbs/images/90-6-22.jpg"}, {"Unnamed: 0": 8257, "CandidateId": "29959999-0180-48e3-ab5f-e99557c6ec97", "CandidateNo": 23, "FirstName": "ประสิทธิ์", "LastName": "ทองไสย", "PartyName": "เศรษฐกิจใหม่", "PartyNumber": 193, "Title": "เรืออากาศตรี", "Votable": true, "province_id": 90, "province_name": "สงขลา", "zone_number": 6, "PartyTerminated": false, "Age": 63, "Occupation": "ข้าราชการบำนาญ", "HighestEducation": "ปริญญาตรี", "ImageFileId": "5c5a79eafbcb5f19bcaa362e", "SelfIntroduceFileId": "5c5a7c20fbcb5f19bcaa4314", "PartyLogo": "https://storage.googleapis.com/candidate-thumbs/party/193.png", "CandididatePhoto": "https://storage.googleapis.com/candidate-thumbs/images/90-6-23.jpg"}, {"Unnamed: 0": 8258, "CandidateId": "30f09eb7-bd6d-408f-ae00-180d2b2970b7", "CandidateNo": 24, "FirstName": "พงศ์พันธ์", "LastName": "พันธ์มโน", "PartyName": "ครูไทยเพื่อประชาชน", "PartyNumber": 118, "Title": "นาย", "Votable": true, "province_id": 90, "province_name": "สงขลา", "zone_number": 6, "PartyTerminated": false, "Age": 45, "Occupation": "ทำสวนยางพารา", "HighestEducation": "ต่ำกว่าปริญญาตรี", "ImageFileId": "5c5b9b20fbcb5f16fc656472", "SelfIntroduceFileId": "5c5b9bc9fbcb5f16fc65677f", "PartyLogo": "https://storage.googleapis.com/candidate-thumbs/party/118.png", "CandididatePhoto": "https://storage.googleapis.com/candidate-thumbs/images/90-6-24.jpg"}, {"Unnamed: 0": 8259, "CandidateId": "a981d736-1afa-42ad-a0c3-ea74643979fc", "CandidateNo": 25, "FirstName": "เกษม", "LastName": "หลงเจะ", "PartyName": "พลังไทสร้างชาติ", "PartyNumber": 200, "Title": "นาย", "Votable": true, "province_id": 90, "province_name": "สงขลา", "zone_number": 6, "PartyTerminated": false, "Age": 58, "Occupation": "ธุรกิจส่วนตัว", "HighestEducation": "ต่ำกว่าปริญญาตรี", "ImageFileId": "5c5bafc2fbcb5f16fc65f70f", "SelfIntroduceFileId": "5c5bb063fbcb5f16fc65fbe2", "PartyLogo": "https://storage.googleapis.com/candidate-thumbs/party/200.png", "CandididatePhoto": "https://storage.googleapis.com/candidate-thumbs/images/90-6-25.jpg"}, {"Unnamed: 0": 8260, "CandidateId": "1bdce1f0-80df-469f-916e-eafa28e15cce", "CandidateNo": 26, "FirstName": "วิชิตชัย", "LastName": "สาดล", "PartyName": "ประชากรไทย", "PartyNumber": 2, "Title": "นาย", "Votable": true, "province_id": 90, "province_name": "สงขลา", "zone_number": 6, "PartyTerminated": false, "Age": 28, "Occupation": "นักศึกษา", "HighestEducation": "ต่ำกว่าปริญญาตรี", "ImageFileId": "5c5bb631fbcb5f16fc662ac1", "SelfIntroduceFileId": "5c5bb76cfbcb5f16fc6635e6", "PartyLogo": "https://storage.googleapis.com/candidate-thumbs/party/2.png", "CandididatePhoto": "https://storage.googleapis.com/candidate-thumbs/images/90-6-26.jpg"}, {"Unnamed: 0": 8261, "CandidateId": "9cefff15-5282-49bf-8a63-ac7bd2619782", "CandidateNo": 27, "FirstName": "มาโนชญ์", "LastName": "มโนวงศ์สกุล", "PartyName": "ประชาธรรมไทย", "PartyNumber": 190, "Title": "นาย", "Votable": true, "province_id": 90, "province_name": "สงขลา", "zone_number": 6, "PartyTerminated": false, "Age": 53, "Occupation": "รับจ้าง", "HighestEducation": "ต่ำกว่าปริญญาตรี", "ImageFileId": "5c5cf2c4fbcb5f16fc69004f", "SelfIntroduceFileId": "5c5cf5e8fbcb5f16fc691548", "PartyLogo": "https://storage.googleapis.com/candidate-thumbs/party/190.png", "CandididatePhoto": "https://storage.googleapis.com/candidate-thumbs/images/90-6-27.jpg"}, {"Unnamed: 0": 8262, "CandidateId": "3774e7b4-ec69-4eeb-903c-21f439ec2818", "CandidateNo": 28, "FirstName": "อารยา", "LastName": "จันทวัลย์", "PartyName": "ความหวังใหม่", "PartyNumber": 13, "Title": "นางสาว", "Votable": true, "province_id": 90, "province_name": "สงขลา", "zone_number": 6, "PartyTerminated": false, "Age": 29, "Occupation": "ธุรกิจส่วนตัว", "HighestEducation": "ปริญญาตรี", "ImageFileId": "5c5cfa04fbcb5f0fd8844f2f", "SelfIntroduceFileId": "5c5cfbeafbcb5f0fd8845fa9", "PartyLogo": "https://storage.googleapis.com/candidate-thumbs/party/13.png", "CandididatePhoto": "https://storage.googleapis.com/candidate-thumbs/images/90-6-28.jpg"}, {"Unnamed: 0": 8263, "CandidateId": "af7171b7-56bb-4d7f-a04a-af987310dd24", "CandidateNo": 29, "FirstName": "กอเดช", "LastName": "ยอดดำ", "PartyName": "ภาคีเครือข่ายไทย", "PartyNumber": 211, "Title": "นาย", "Votable": true, "province_id": 90, "province_name": "สงขลา", "zone_number": 6, "PartyTerminated": false, "Age": 57, "Occupation": "รับราชการบำนาญ", "HighestEducation": "ต่ำกว่าปริญญาตรี", "ImageFileId": "5c5d31d2fbcb5f0fd885d214", "SelfIntroduceFileId": "5c5d33e0fbcb5f0fd885e1fa", "PartyLogo": "https://storage.googleapis.com/candidate-thumbs/party/211.png", "CandididatePhoto": "https://storage.googleapis.com/candidate-thumbs/images/90-6-29.jpg"}, {"Unnamed: 0": 8264, "CandidateId": "a045a5f8-f0e0-46a4-ae3f-5f7696c1adea", "CandidateNo": 30, "FirstName": "น้อม", "LastName": "เครือสุวรรณ", "PartyName": "พลังไทยรักไทย", "PartyNumber": 185, "Title": "นาย", "Votable": true, "province_id": 90, "province_name": "สงขลา", "zone_number": 6, "PartyTerminated": false, "Age": 59, "Occupation": "ทำสวน", "HighestEducation": "ต่ำกว่าปริญญาตรี", "ImageFileId": "5c5d3a40fbcb5f0fd8861300", "SelfIntroduceFileId": "5c5d3aacfbcb5f0fd886164f", "PartyLogo": "https://storage.googleapis.com/candidate-thumbs/party/185.png", "CandididatePhoto": "https://storage.googleapis.com/candidate-thumbs/images/90-6-30.jpg"}, {"Unnamed: 0": 8265, "CandidateId": "7c39cfdd-1c22-4837-8648-cedf0b88f573", "CandidateNo": 31, "FirstName": "บุญเอก", "LastName": "มุณีแนม", "PartyName": "พลังปวงชนไทย", "PartyNumber": 184, "Title": "นาย", "Votable": true, "province_id": 90, "province_name": "สงขลา", "zone_number": 6, "PartyTerminated": false, "Age": 61, "Occupation": "ธุรกิจส่วนตัว", "HighestEducation": "ต่ำกว่าปริญญาตรี", "ImageFileId": "5c5d3f4afbcb5f0fd88644d9", "SelfIntroduceFileId": "5c5d3faffbcb5f0fd886491e", "PartyLogo": "https://storage.googleapis.com/candidate-thumbs/party/184.png", "CandididatePhoto": "https://storage.googleapis.com/candidate-thumbs/images/90-6-31.jpg"}, {"Unnamed: 0": 8266, "CandidateId": "48c1364b-fbd0-4c2f-94d7-b582512ce473", "CandidateNo": 32, "FirstName": "โกลัญญา", "LastName": "นันทรัตน์", "PartyName": "เพื่อชีวิตใหม่", "PartyNumber": 157, "Title": "นางสาว", "Votable": true, "province_id": 90, "province_name": "สงขลา", "zone_number": 6, "PartyTerminated": false, "Age": 39, "Occupation": "ธุรกิจส่วนตัว", "HighestEducation": "ต่ำกว่าปริญญาตรี", "ImageFileId": "5c5d43ebfbcb5f0fd88676e2", "SelfIntroduceFileId": "5c5d4456fbcb5f0fd8867d43", "PartyLogo": "https://storage.googleapis.com/candidate-thumbs/party/157.png", "CandididatePhoto": "https://storage.googleapis.com/candidate-thumbs/images/90-6-32.jpg"}, {"Unnamed: 0": 8267, "CandidateId": "521357ee-8627-43dc-9aab-6b1bc57e3f4c", "CandidateNo": 33, "FirstName": "ธัชพล", "LastName": "หวังเบ็ญหมูด", "PartyName": "ไทรักธรรม", "PartyNumber": 144, "Title": "นาย", "Votable": false, "province_id": 90, "province_name": "สงขลา", "zone_number": 6, "PartyTerminated": false, "Age": 49, "Occupation": "ธุรกิจส่วนตัว", "HighestEducation": "ต่ำกว่าปริญญาตรี", "ImageFileId": "5c5d499cfbcb5f0fd886b4be", "SelfIntroduceFileId": "5c5d4a6afbcb5f0fd886c124", "PartyLogo": "https://storage.googleapis.com/candidate-thumbs/party/144.png", "CandididatePhoto": "https://storage.googleapis.com/candidate-thumbs/images/90-6-33.jpg"}]