[{"Unnamed: 0": 5892, "CandidateId": "7bbf5a37-b238-4b53-9e02-fd8ebc996d5a", "CandidateNo": 1, "FirstName": "สมบูรณ์", "LastName": "ทองพัฒน์", "PartyName": "ภูมิใจไทย", "PartyNumber": 63, "Title": "นาย", "Votable": true, "province_id": 84, "province_name": "สุราษฎร์ธานี", "zone_number": 1, "PartyTerminated": false, "Age": 51, "Occupation": "ทนายความ", "HighestEducation": "ปริญญาโท", "ImageFileId": "5c581146fbcb5f1eec10389c", "SelfIntroduceFileId": "5c5ce554fbcb5f16fc68aeee", "PartyLogo": "https://storage.googleapis.com/candidate-thumbs/party/63.png", "CandididatePhoto": "https://storage.googleapis.com/candidate-thumbs/images/84-1-1.jpg"}, {"Unnamed: 0": 5893, "CandidateId": "4a69439c-ab1f-4a6f-92f4-fa1744013d9d", "CandidateNo": 2, "FirstName": "วิมลทิพย์", "LastName": "สังข์นคร", "PartyName": "รักษ์ผืนป่าประเทศไทย", "PartyNumber": 133, "Title": "นาง", "Votable": true, "province_id": 84, "province_name": "สุราษฎร์ธานี", "zone_number": 1, "PartyTerminated": false, "Age": 62, "Occupation": "ธุรกิจส่วนตัว", "HighestEducation": "ปริญญาตรี", "ImageFileId": "5c57f2f5fbcb5f1eec0ebe49", "SelfIntroduceFileId": "5c57d86ffbcb5f1eec0df21a", "PartyLogo": "https://storage.googleapis.com/candidate-thumbs/party/133.png", "CandididatePhoto": "https://storage.googleapis.com/candidate-thumbs/images/84-1-2.jpg"}, {"Unnamed: 0": 5894, "CandidateId": "a176b9b9-9488-464e-ab35-cf70162db82a", "CandidateNo": 3, "FirstName": "สุมาตร", "LastName": "อินทรมณี", "PartyName": "เสรีรวมไทย", "PartyNumber": 145, "Title": "นาย", "Votable": true, "province_id": 84, "province_name": "สุราษฎร์ธานี", "zone_number": 1, "PartyTerminated": false, "Age": 47, "Occupation": "เกษตรกร", "HighestEducation": "ปริญญาตรี", "ImageFileId": "5c58128dfbcb5f1eec10444c", "SelfIntroduceFileId": "5c5d03defbcb5f0fd884a372", "PartyLogo": "https://storage.googleapis.com/candidate-thumbs/party/145.png", "CandididatePhoto": "https://storage.googleapis.com/candidate-thumbs/images/84-1-3.jpg"}, {"Unnamed: 0": 5895, "CandidateId": "3222f6f4-67b8-4201-b9e5-34c116026c42", "CandidateNo": 4, "FirstName": "ตฤณ", "LastName": "ล่อใจ", "PartyName": "ประชาชาติ", "PartyNumber": 187, "Title": "นางสาว", "Votable": true, "province_id": 84, "province_name": "สุราษฎร์ธานี", "zone_number": 1, "PartyTerminated": false, "Age": 37, "Occupation": "ธุรกิจส่วนตัว", "HighestEducation": "ต่ำกว่าปริญญาตรี", "ImageFileId": "5c581720fbcb5f1eec1069cb", "SelfIntroduceFileId": "5c593b23fbcb5f1d88169c1b", "PartyLogo": "https://storage.googleapis.com/candidate-thumbs/party/187.png", "CandididatePhoto": "https://storage.googleapis.com/candidate-thumbs/images/84-1-4.jpg"}, {"Unnamed: 0": 5896, "CandidateId": "a6e26408-f4b2-45a9-b126-085b46722f62", "CandidateNo": 5, "FirstName": "ณัฐทิตา", "LastName": "ทองช่วย", "PartyName": "เพื่อธรรม", "PartyNumber": 98, "Title": "นาง", "Votable": true, "province_id": 84, "province_name": "สุราษฎร์ธานี", "zone_number": 1, "PartyTerminated": false, "Age": 48, "Occupation": "รับจ้าง", "HighestEducation": "ปริญญาโท", "ImageFileId": "5c593bb4fbcb5f1d8816a1bc", "SelfIntroduceFileId": "5c593dd9fbcb5f1d8816bcf1", "PartyLogo": "https://storage.googleapis.com/candidate-thumbs/party/98.png", "CandididatePhoto": "https://storage.googleapis.com/candidate-thumbs/images/84-1-5.jpg"}, {"Unnamed: 0": 5897, "CandidateId": "68f7072a-35fe-4d01-b81c-110d75b9f066", "CandidateNo": 6, "FirstName": "ธีรพงศ์ศักดิ์", "LastName": "เมืองราม", "PartyName": "อนาคตใหม่", "PartyNumber": 177, "Title": "นาย", "Votable": true, "province_id": 84, "province_name": "สุราษฎร์ธานี", "zone_number": 1, "PartyTerminated": false, "Age": 48, "Occupation": "ทนายความ", "HighestEducation": "ปริญญาตรี", "ImageFileId": "5c593e1dfbcb5f1d8816c193", "SelfIntroduceFileId": "5c593ffffbcb5f1d8816d833", "PartyLogo": "https://storage.googleapis.com/candidate-thumbs/party/177.png", "CandididatePhoto": "https://storage.googleapis.com/candidate-thumbs/images/84-1-6.jpg"}, {"Unnamed: 0": 5898, "CandidateId": "0b30cfc3-2816-47f1-847d-ec96176b3380", "CandidateNo": 7, "FirstName": "ภานุ", "LastName": "ศรีบุศยกาญจน์", "PartyName": "ประชาธิปัตย์", "PartyNumber": 1, "Title": "นาย", "Votable": true, "province_id": 84, "province_name": "สุราษฎร์ธานี", "zone_number": 1, "PartyTerminated": false, "Age": 53, "Occupation": "รองนายกเทศมนตรีเทศบาลนครสุราษฎร์ธานี", "HighestEducation": "ปริญญาโท", "ImageFileId": "5c594046fbcb5f1d8816dd7e", "SelfIntroduceFileId": "5c594230fbcb5f1d8816f99b", "PartyLogo": "https://storage.googleapis.com/candidate-thumbs/party/1.png", "CandididatePhoto": "https://storage.googleapis.com/candidate-thumbs/images/84-1-7.jpg"}, {"Unnamed: 0": 5899, "CandidateId": "295ab1de-4943-4f36-bc9d-7565cad6f338", "CandidateNo": 8, "FirstName": "ปรียาวรรณ", "LastName": "คงบุญมี", "PartyName": "พลังท้องถิ่นไท", "PartyNumber": 124, "Title": "นางสาว", "Votable": true, "province_id": 84, "province_name": "สุราษฎร์ธานี", "zone_number": 1, "PartyTerminated": false, "Age": 35, "Occupation": "ธุรกิจส่วนตัว", "HighestEducation": "ต่ำกว่าปริญญาตรี", "ImageFileId": "5c5942bffbcb5f1d88170177", "SelfIntroduceFileId": "5c59438bfbcb5f1d88170a95", "PartyLogo": "https://storage.googleapis.com/candidate-thumbs/party/124.png", "CandididatePhoto": "https://storage.googleapis.com/candidate-thumbs/images/84-1-8.jpg"}, {"Unnamed: 0": 5900, "CandidateId": "400fc9a0-c43a-457c-8f5a-5c8f3d732c82", "CandidateNo": 9, "FirstName": "ธานี", "LastName": "เทือกสุบรรณ", "PartyName": "รวมพลังประชาชาติไทย", "PartyNumber": 181, "Title": "นาย", "Votable": true, "province_id": 84, "province_name": "สุราษฎร์ธานี", "zone_number": 1, "PartyTerminated": false, "Age": 62, "Occupation": "เกษตรกร", "HighestEducation": "ปริญญาโท", "ImageFileId": "5c594408fbcb5f1d881710fe", "SelfIntroduceFileId": "5c594497fbcb5f1d88171874", "PartyLogo": "https://storage.googleapis.com/candidate-thumbs/party/181.png", "CandididatePhoto": "https://storage.googleapis.com/candidate-thumbs/images/84-1-9.jpg"}, {"Unnamed: 0": 5901, "CandidateId": "c0e5f61e-7ac5-45b8-a17e-619a4b1388e0", "CandidateNo": 10, "FirstName": "สมคิด", "LastName": "กษมาพันธุ์", "PartyName": "ชาติไทยพัฒนา", "PartyNumber": 55, "Title": "นาย", "Votable": true, "province_id": 84, "province_name": "สุราษฎร์ธานี", "zone_number": 1, "PartyTerminated": false, "Age": 63, "Occupation": "รับราชการ", "HighestEducation": "ปริญญาโท", "ImageFileId": "5c59451bfbcb5f1d88171f43", "SelfIntroduceFileId": "5c594659fbcb5f1d88173298", "PartyLogo": "https://storage.googleapis.com/candidate-thumbs/party/55.png", "CandididatePhoto": "https://storage.googleapis.com/candidate-thumbs/images/84-1-10.jpg"}, {"Unnamed: 0": 5902, "CandidateId": "f6db5470-124f-4ed2-80bb-2c02d204eed7", "CandidateNo": 11, "FirstName": "ขนิษฐา", "LastName": "รัฐกาญจน์", "PartyName": "ไทยรักษาชาติ", "PartyNumber": 77, "Title": "นาง", "Votable": true, "province_id": 84, "province_name": "สุราษฎร์ธานี", "zone_number": 1, "PartyTerminated": true, "Age": 66, "Occupation": "ทนายความ", "HighestEducation": "ปริญญาโท", "ImageFileId": "5c5946b7fbcb5f1d88173861", "SelfIntroduceFileId": "5c594789fbcb5f1d8817454d", "PartyLogo": "https://storage.googleapis.com/candidate-thumbs/party/77.png", "CandididatePhoto": "https://storage.googleapis.com/candidate-thumbs/images/84-1-11.jpg"}, {"Unnamed: 0": 5903, "CandidateId": "7fb37b5d-6c76-48ba-aeab-b281b438ab3b", "CandidateNo": 12, "FirstName": "ภูษณิศา", "LastName": "อาจสามารถ", "PartyName": "ชาติพัฒนา", "PartyNumber": 45, "Title": "นาง", "Votable": true, "province_id": 84, "province_name": "สุราษฎร์ธานี", "zone_number": 1, "PartyTerminated": false, "Age": 47, "Occupation": "อาชีพอิสระ", "HighestEducation": "ปริญญาตรี", "ImageFileId": "5c5947dffbcb5f1d88174b46", "SelfIntroduceFileId": "5c594898fbcb5f1d8817524e", "PartyLogo": "https://storage.googleapis.com/candidate-thumbs/party/45.png", "CandididatePhoto": "https://storage.googleapis.com/candidate-thumbs/images/84-1-12.jpg"}, {"Unnamed: 0": 5904, "CandidateId": "60c3e3d8-06eb-4f91-8b1a-816b82d109bc", "CandidateNo": 13, "FirstName": "จุไรรัตน์", "LastName": "ศรลัมพ์", "PartyName": "ประชาภิวัฒน์", "PartyNumber": 172, "Title": "นาง", "Votable": true, "province_id": 84, "province_name": "สุราษฎร์ธานี", "zone_number": 1, "PartyTerminated": false, "Age": 68, "Occupation": "เกษตรกร", "HighestEducation": "ต่ำกว่าปริญญาตรี", "ImageFileId": "5c594902fbcb5f1d881758ce", "SelfIntroduceFileId": "5c5949b6fbcb5f1d88176371", "PartyLogo": "https://storage.googleapis.com/candidate-thumbs/party/172.png", "CandididatePhoto": "https://storage.googleapis.com/candidate-thumbs/images/84-1-13.jpg"}, {"Unnamed: 0": 5905, "CandidateId": "64ed009b-dc7d-4111-b300-cd3d010d796e", "CandidateNo": 14, "FirstName": "จิรวรรณ", "LastName": "สารสิทธิ์", "PartyName": "พลังประชารัฐ", "PartyNumber": 192, "Title": "นาง", "Votable": true, "province_id": 84, "province_name": "สุราษฎร์ธานี", "zone_number": 1, "PartyTerminated": false, "Age": 64, "Occupation": "รองประธานสภาเทศบาลตำบลท่าฉาง", "HighestEducation": "ปริญญาโท", "ImageFileId": "5c594a17fbcb5f1d8817674f", "SelfIntroduceFileId": "5c594aa4fbcb5f1d88176efe", "PartyLogo": "https://storage.googleapis.com/candidate-thumbs/party/192.png", "CandididatePhoto": "https://storage.googleapis.com/candidate-thumbs/images/84-1-14.jpg"}, {"Unnamed: 0": 5906, "CandidateId": "284ed7d8-d7a9-402a-bdea-33c27e6f82d1", "CandidateNo": 15, "FirstName": "วรกัญญา", "LastName": "แก้วอินทร์", "PartyName": "เศรษฐกิจใหม่", "PartyNumber": 193, "Title": "นางสาว", "Votable": true, "province_id": 84, "province_name": "สุราษฎร์ธานี", "zone_number": 1, "PartyTerminated": false, "Age": 60, "Occupation": "ธุรกิจส่วนตัว", "HighestEducation": "ปริญญาโท", "ImageFileId": "5c594b14fbcb5f1d8817753d", "SelfIntroduceFileId": "5c594beefbcb5f1d88177de9", "PartyLogo": "https://storage.googleapis.com/candidate-thumbs/party/193.png", "CandididatePhoto": "https://storage.googleapis.com/candidate-thumbs/images/84-1-15.jpg"}, {"Unnamed: 0": 5907, "CandidateId": "96e5ef38-1e41-4f61-8134-2f6eaf85f2c0", "CandidateNo": 16, "FirstName": "ธนากร", "LastName": "เม่งควน", "PartyName": "พลังปวงชนไทย", "PartyNumber": 184, "Title": "นาย", "Votable": true, "province_id": 84, "province_name": "สุราษฎร์ธานี", "zone_number": 1, "PartyTerminated": false, "Age": 39, "Occupation": "ธุรกิจส่วนตัว", "HighestEducation": "ปริญญาตรี", "ImageFileId": "5c594c5cfbcb5f1d88178478", "SelfIntroduceFileId": "5c594cf7fbcb5f1d88178c1a", "PartyLogo": "https://storage.googleapis.com/candidate-thumbs/party/184.png", "CandididatePhoto": "https://storage.googleapis.com/candidate-thumbs/images/84-1-16.jpg"}, {"Unnamed: 0": 5908, "CandidateId": "63c672ee-538e-4e29-a61b-496542e61a93", "CandidateNo": 17, "FirstName": "พิสิษฐ์", "LastName": "ตันณภพภูวนนท์", "PartyName": "คลองไทย", "PartyNumber": 189, "Title": "นาย", "Votable": true, "province_id": 84, "province_name": "สุราษฎร์ธานี", "zone_number": 1, "PartyTerminated": false, "Age": 50, "Occupation": "ผู้รับเหมางานก่อสร้าง", "HighestEducation": "ปริญญาเอก", "ImageFileId": "5c594d6cfbcb5f1d88179228", "SelfIntroduceFileId": "5c594e4cfbcb5f1d88179bd3", "PartyLogo": "https://storage.googleapis.com/candidate-thumbs/party/189.png", "CandididatePhoto": "https://storage.googleapis.com/candidate-thumbs/images/84-1-17.jpg"}, {"Unnamed: 0": 5909, "CandidateId": "5acbcc6a-6a4d-4946-92d9-dab2bd4b0927", "CandidateNo": 18, "FirstName": "พิชญาภร", "LastName": "แซ่ลิ้ม", "PartyName": "เพื่อแผ่นดิน", "PartyNumber": 41, "Title": "นางสาว", "Votable": false, "province_id": 84, "province_name": "สุราษฎร์ธานี", "zone_number": 1, "PartyTerminated": false, "Age": 43, "Occupation": "ทำสวน", "HighestEducation": "ต่ำกว่าปริญญาตรี", "ImageFileId": "5c59500ffbcb5f1d8817aee7", "SelfIntroduceFileId": "5c594fbcfbcb5f1d8817abed", "PartyLogo": "https://storage.googleapis.com/candidate-thumbs/party/41.png", "CandididatePhoto": "https://storage.googleapis.com/candidate-thumbs/images/84-1-18.jpg"}, {"Unnamed: 0": 5910, "CandidateId": "87970409-8ef3-4587-beed-60bb3bebdfc8", "CandidateNo": 19, "FirstName": "พศิณ", "LastName": "เจือจันทร์พิพัฒน์", "PartyName": "เพื่อชาติ", "PartyNumber": 149, "Title": "นาย", "Votable": true, "province_id": 84, "province_name": "สุราษฎร์ธานี", "zone_number": 1, "PartyTerminated": false, "Age": 35, "Occupation": "นักธุรกิจอสังหาริมทรัพย์", "HighestEducation": "ปริญญาตรี", "ImageFileId": "5c5950abfbcb5f1d8817b7e8", "SelfIntroduceFileId": "5c595173fbcb5f1d8817c5fc", "PartyLogo": "https://storage.googleapis.com/candidate-thumbs/party/149.png", "CandididatePhoto": "https://storage.googleapis.com/candidate-thumbs/images/84-1-19.jpg"}, {"Unnamed: 0": 5911, "CandidateId": "6361b2a5-8d94-46d9-92c9-b39c0dd358ae", "CandidateNo": 20, "FirstName": "มานิตย์", "LastName": "ลิ้มสุวรรณ", "PartyName": "ภราดรภาพ", "PartyNumber": 154, "Title": "นาย", "Votable": true, "province_id": 84, "province_name": "สุราษฎร์ธานี", "zone_number": 1, "PartyTerminated": false, "Age": 66, "Occupation": "รับจ้าง", "HighestEducation": "ต่ำกว่าปริญญาตรี", "ImageFileId": "5c5951d2fbcb5f1d8817c9c6", "SelfIntroduceFileId": "5c5953b7fbcb5f1d8817da2f", "PartyLogo": "https://storage.googleapis.com/candidate-thumbs/party/154.png", "CandididatePhoto": "https://storage.googleapis.com/candidate-thumbs/images/84-1-20.jpg"}, {"Unnamed: 0": 5912, "CandidateId": "fd4d8072-fdd0-4ab8-9eaf-ad3fbe3c7ed5", "CandidateNo": 21, "FirstName": "เจริญ", "LastName": "ดำศิริ", "PartyName": "ไทยศรีวิไลย์", "PartyNumber": 180, "Title": "นาย", "Votable": true, "province_id": 84, "province_name": "สุราษฎร์ธานี", "zone_number": 1, "PartyTerminated": false, "Age": 64, "Occupation": "เกษตรกร ค้าขาย", "HighestEducation": "ต่ำกว่าปริญญาตรี", "ImageFileId": "5c595938fbcb5f1d881806bf", "SelfIntroduceFileId": "5c595a72fbcb5f1d88180ed3", "PartyLogo": "https://storage.googleapis.com/candidate-thumbs/party/180.png", "CandididatePhoto": "https://storage.googleapis.com/candidate-thumbs/images/84-1-21.jpg"}, {"Unnamed: 0": 5913, "CandidateId": "73d3153f-59fa-4fb4-8d62-bd518571832b", "CandidateNo": 22, "FirstName": "กฤษฎา", "LastName": "รุจิชญานันท์", "PartyName": "ประชากรไทย", "PartyNumber": 2, "Title": "นาย", "Votable": true, "province_id": 84, "province_name": "สุราษฎร์ธานี", "zone_number": 1, "PartyTerminated": false, "Age": 27, "Occupation": "อาชีพส่วนตัว", "HighestEducation": "ปริญญาตรี", "ImageFileId": "5c5a9628fbcb5f19bcab07d6", "SelfIntroduceFileId": "5c5a9a3efbcb5f19bcab2263", "PartyLogo": "https://storage.googleapis.com/candidate-thumbs/party/2.png", "CandididatePhoto": "https://storage.googleapis.com/candidate-thumbs/images/84-1-22.jpg"}, {"Unnamed: 0": 5914, "CandidateId": "1dc46170-c545-4a4f-aeb7-337225d96756", "CandidateNo": 23, "FirstName": "พลอยณิศา", "LastName": "ชูศรี", "PartyName": "ทางเลือกใหม่", "PartyNumber": 170, "Title": "นาง", "Votable": true, "province_id": 84, "province_name": "สุราษฎร์ธานี", "zone_number": 1, "PartyTerminated": false, "Age": 52, "Occupation": "ธุรกิจส่วนตัว", "HighestEducation": "ต่ำกว่าปริญญาตรี", "ImageFileId": "5c5b9f30fbcb5f16fc6579c7", "SelfIntroduceFileId": "5c5ba225fbcb5f16fc659066", "PartyLogo": "https://storage.googleapis.com/candidate-thumbs/party/170.png", "CandididatePhoto": "https://storage.googleapis.com/candidate-thumbs/images/84-1-23.jpg"}, {"Unnamed: 0": 5915, "CandidateId": "aef8c6fc-858c-4f2b-8da2-735e67ca5a33", "CandidateNo": 24, "FirstName": "สิริชัย", "LastName": "วงศ์พัฒนกิจ", "PartyName": "ครูไทยเพื่อประชาชน", "PartyNumber": 118, "Title": "นาย", "Votable": true, "province_id": 84, "province_name": "สุราษฎร์ธานี", "zone_number": 1, "PartyTerminated": false, "Age": 66, "Occupation": "ธุรกิจส่วนตัว", "HighestEducation": "ปริญญาตรี", "ImageFileId": "5c5ba81bfbcb5f16fc65bb2d", "SelfIntroduceFileId": "5c5bd75dfbcb5f16fc66f210", "PartyLogo": "https://storage.googleapis.com/candidate-thumbs/party/118.png", "CandididatePhoto": "https://storage.googleapis.com/candidate-thumbs/images/84-1-24.jpg"}, {"Unnamed: 0": 5916, "CandidateId": "88340c20-0b9e-40d5-9a44-97d85c3292e7", "CandidateNo": 25, "FirstName": "ธนพรรณ", "LastName": "ณ นคร", "PartyName": "พลังชาติไทย", "PartyNumber": 186, "Title": "นางสาว", "Votable": true, "province_id": 84, "province_name": "สุราษฎร์ธานี", "zone_number": 1, "PartyTerminated": false, "Age": 54, "Occupation": "ผู้บริหารบริษัทประกันชีวิต(บริษัทไทยประกันชีวิต จำกัด) (มหาชน)", "HighestEducation": "ปริญญาตรี", "ImageFileId": "5c5bed0cfbcb5f16fc67ac75", "SelfIntroduceFileId": "5c5bee19fbcb5f16fc67b650", "PartyLogo": "https://storage.googleapis.com/candidate-thumbs/party/186.png", "CandididatePhoto": "https://storage.googleapis.com/candidate-thumbs/images/84-1-25.jpg"}, {"Unnamed: 0": 5917, "CandidateId": "a72f4dda-4dbc-4bbf-8eb1-727a7b83b975", "CandidateNo": 26, "FirstName": "อาคม", "LastName": "ดวงมณี", "PartyName": "ประชาธิปไตยใหม่", "PartyNumber": 109, "Title": "นาย", "Votable": true, "province_id": 84, "province_name": "สุราษฎร์ธานี", "zone_number": 1, "PartyTerminated": false, "Age": 53, "Occupation": "เกษตรกร", "HighestEducation": "ต่ำกว่าปริญญาตรี", "ImageFileId": "5c5bee9bfbcb5f16fc67ba49", "SelfIntroduceFileId": "5c5bef17fbcb5f16fc67beb7", "PartyLogo": "https://storage.googleapis.com/candidate-thumbs/party/109.png", "CandididatePhoto": "https://storage.googleapis.com/candidate-thumbs/images/84-1-26.jpg"}, {"Unnamed: 0": 5918, "CandidateId": "cccd7eba-d2b9-46b1-9399-1dc8a1536ee1", "CandidateNo": 27, "FirstName": "วัชรพงศ์", "LastName": "ฉิมแก้ว", "PartyName": "ประชาธรรมไทย", "PartyNumber": 190, "Title": "ว่าที่ ร.ต.", "Votable": true, "province_id": 84, "province_name": "สุราษฎร์ธานี", "zone_number": 1, "PartyTerminated": false, "Age": 41, "Occupation": "ธุรกิจส่วนตัว", "HighestEducation": "ปริญญาโท", "ImageFileId": "5c5cf26bfbcb5f16fc68fe91", "SelfIntroduceFileId": "5c5cf41ffbcb5f16fc690918", "PartyLogo": "https://storage.googleapis.com/candidate-thumbs/party/190.png", "CandididatePhoto": "https://storage.googleapis.com/candidate-thumbs/images/84-1-27.jpg"}, {"Unnamed: 0": 5919, "CandidateId": "a56ddda7-547d-4b0d-9371-548395bd6dd8", "CandidateNo": 28, "FirstName": "ททัษชดา", "LastName": "เศวตเวช", "PartyName": "พลังประชาธิปไตย", "PartyNumber": 153, "Title": "นางสาว", "Votable": true, "province_id": 84, "province_name": "สุราษฎร์ธานี", "zone_number": 1, "PartyTerminated": false, "Age": 51, "Occupation": "ธุรกิจส่วนตัว", "HighestEducation": "ต่ำกว่าปริญญาตรี", "ImageFileId": "5c5cfbeafbcb5f0fd8845fad", "SelfIntroduceFileId": "5c5cfb7cfbcb5f0fd8845cd7", "PartyLogo": "https://storage.googleapis.com/candidate-thumbs/party/153.png", "CandididatePhoto": "https://storage.googleapis.com/candidate-thumbs/images/84-1-28.jpg"}, {"Unnamed: 0": 5920, "CandidateId": "83b65f9a-558a-4ad9-94e4-6054d10ccfa0", "CandidateNo": 29, "FirstName": "วีระ", "LastName": "นาคพิน", "PartyName": "พลังสังคม", "PartyNumber": 198, "Title": "นาย", "Votable": false, "province_id": 84, "province_name": "สุราษฎร์ธานี", "zone_number": 1, "PartyTerminated": false, "Age": 69, "Occupation": "รับราชการ", "HighestEducation": "ต่ำกว่าปริญญาตรี", "ImageFileId": "5c5d2599fbcb5f0fd8856b0a", "SelfIntroduceFileId": "5c5d26aefbcb5f0fd88572ed", "PartyLogo": "https://storage.googleapis.com/candidate-thumbs/party/198.png", "CandididatePhoto": "https://storage.googleapis.com/candidate-thumbs/images/84-1-29.jpg"}, {"Unnamed: 0": 5921, "CandidateId": "d33aba6d-c363-4f4a-ab87-91531ec8f2b0", "CandidateNo": 30, "FirstName": "รัตน์ศรี", "LastName": "วิเชียร", "PartyName": "กรีน", "PartyNumber": 206, "Title": "นาง", "Votable": true, "province_id": 84, "province_name": "สุราษฎร์ธานี", "zone_number": 1, "PartyTerminated": false, "Age": 59, "Occupation": "เกษตรกร", "HighestEducation": "ต่ำกว่าปริญญาตรี", "ImageFileId": "5c5d2f82fbcb5f0fd885bef5", "SelfIntroduceFileId": "5c5d31b1fbcb5f0fd885d0ff", "PartyLogo": "https://storage.googleapis.com/candidate-thumbs/party/206.png", "CandididatePhoto": "https://storage.googleapis.com/candidate-thumbs/images/84-1-30.jpg"}, {"Unnamed: 0": 5922, "CandidateId": "446f2637-a43d-4e84-97d9-c7b5a82e8a96", "CandidateNo": 31, "FirstName": "จักรตรี", "LastName": "ประดิษฐ์", "PartyName": "พลังไทสร้างชาติ", "PartyNumber": 200, "Title": "นาย", "Votable": true, "province_id": 84, "province_name": "สุราษฎร์ธานี", "zone_number": 1, "PartyTerminated": false, "Age": 46, "Occupation": "ธุรกิจส่วนตัว", "HighestEducation": "ปริญญาตรี", "ImageFileId": "5c5d34e8fbcb5f0fd885e961", "SelfIntroduceFileId": "5c5d35ccfbcb5f0fd885f091", "PartyLogo": "https://storage.googleapis.com/candidate-thumbs/party/200.png", "CandididatePhoto": "https://storage.googleapis.com/candidate-thumbs/images/84-1-31.jpg"}, {"Unnamed: 0": 5923, "CandidateId": "1903f6d0-f04e-4ae8-bfbc-e0351c6cf05a", "CandidateNo": 32, "FirstName": "สมศักดิ์", "LastName": "ศรีธรรม", "PartyName": "พลังไทยรักไทย", "PartyNumber": 185, "Title": "นาย", "Votable": true, "province_id": 84, "province_name": "สุราษฎร์ธานี", "zone_number": 1, "PartyTerminated": false, "Age": 52, "Occupation": "เกษตรกร", "HighestEducation": "ปริญญาตรี", "ImageFileId": "5c5d3f60fbcb5f0fd88645d8", "SelfIntroduceFileId": "5c5d4111fbcb5f0fd8865b4a", "PartyLogo": "https://storage.googleapis.com/candidate-thumbs/party/185.png", "CandididatePhoto": "https://storage.googleapis.com/candidate-thumbs/images/84-1-32.jpg"}, {"Unnamed: 0": 5924, "CandidateId": "f112f892-791b-4649-9fd9-c27018ec2bf0", "CandidateNo": 33, "FirstName": "มนัส", "LastName": "สังข์คร", "PartyName": "ไทรักธรรม", "PartyNumber": 144, "Title": "นาย", "Votable": true, "province_id": 84, "province_name": "สุราษฎร์ธานี", "zone_number": 1, "PartyTerminated": false, "Age": 57, "Occupation": "ข้าราชการ", "HighestEducation": "ปริญญาโท", "ImageFileId": "5c5d5240fbcb5f0fd887117d", "SelfIntroduceFileId": "5c5d53fefbcb5f0fd887297a", "PartyLogo": "https://storage.googleapis.com/candidate-thumbs/party/144.png", "CandididatePhoto": "https://storage.googleapis.com/candidate-thumbs/images/84-1-33.jpg"}]