[{"Unnamed: 0": 5820, "CandidateId": "0579c712-24c4-4955-885c-58679db03b1d", "CandidateNo": 1, "FirstName": "บุญรักษา", "LastName": "พรมวัง", "PartyName": "ประชาธิปัตย์", "PartyNumber": 1, "Title": "นาย", "Votable": true, "province_id": 47, "province_name": "สกลนคร", "zone_number": 5, "PartyTerminated": false, "Age": 30, "Occupation": "นักวิชาการการศึกษา", "HighestEducation": "ปริญญาตรี", "ImageFileId": "5c57de69fbcb5f1eec0e1550", "SelfIntroduceFileId": "5c57e303fbcb5f1eec0e31a1", "PartyLogo": "https://storage.googleapis.com/candidate-thumbs/party/1.png", "CandididatePhoto": "https://storage.googleapis.com/candidate-thumbs/images/47-5-1.jpg"}, {"Unnamed: 0": 5821, "CandidateId": "60b50463-4479-4b42-a7e6-157dfb012480", "CandidateNo": 2, "FirstName": "นิเวช", "LastName": "แก้วฝ่าย", "PartyName": "รวมพลังประชาชาติไทย", "PartyNumber": 181, "Title": "นาย", "Votable": true, "province_id": 47, "province_name": "สกลนคร", "zone_number": 5, "PartyTerminated": false, "Age": 60, "Occupation": "ข้าราชการบำนาญครู", "HighestEducation": "ปริญญาตรี", "ImageFileId": "5c57f4d6fbcb5f1eec0ed10d", "SelfIntroduceFileId": "5c57f73dfbcb5f1eec0eeb22", "PartyLogo": "https://storage.googleapis.com/candidate-thumbs/party/181.png", "CandididatePhoto": "https://storage.googleapis.com/candidate-thumbs/images/47-5-2.jpg"}, {"Unnamed: 0": 5822, "CandidateId": "dd43bf75-8d4c-42e1-885b-125cd9993bdf", "CandidateNo": 3, "FirstName": "รังสฤษฎ์", "LastName": "ดาวจันทึก", "PartyName": "ชาติพัฒนา", "PartyNumber": 45, "Title": "นาย", "Votable": true, "province_id": 47, "province_name": "สกลนคร", "zone_number": 5, "PartyTerminated": false, "Age": 62, "Occupation": "รับราชการ", "HighestEducation": "ปริญญาโท", "ImageFileId": "5c580138fbcb5f1eec0f6bb8", "SelfIntroduceFileId": "5c59051efbcb5f1d881400e6", "PartyLogo": "https://storage.googleapis.com/candidate-thumbs/party/45.png", "CandididatePhoto": "https://storage.googleapis.com/candidate-thumbs/images/47-5-3.jpg"}, {"Unnamed: 0": 5823, "CandidateId": "85a21b9a-a7d1-41d8-bc3e-03b54a1df31f", "CandidateNo": 4, "FirstName": "วรวุฒิ", "LastName": "คอมแพงจันทร์", "PartyName": "ภูมิใจไทย", "PartyNumber": 63, "Title": "นาย", "Votable": true, "province_id": 47, "province_name": "สกลนคร", "zone_number": 5, "PartyTerminated": false, "Age": 63, "Occupation": "สมาชิกสภาองค์การบริหารส่วนจังหวัดสกลนคร", "HighestEducation": "ปริญญาตรี", "ImageFileId": "5c5804a9fbcb5f1eec0fa017", "SelfIntroduceFileId": "5c590bfcfbcb5f1d88145dd6", "PartyLogo": "https://storage.googleapis.com/candidate-thumbs/party/63.png", "CandididatePhoto": "https://storage.googleapis.com/candidate-thumbs/images/47-5-4.jpg"}, {"Unnamed: 0": 5824, "CandidateId": "2b6bb413-a584-4819-bb43-bcf792429f76", "CandidateNo": 5, "FirstName": "สกุณา", "LastName": "สาระนันท์", "PartyName": "เพื่อไทย", "PartyNumber": 34, "Title": "นางสาว", "Votable": true, "province_id": 47, "province_name": "สกลนคร", "zone_number": 5, "PartyTerminated": false, "Age": 50, "Occupation": "ประกอบธุรกิจส่วนตัว", "HighestEducation": "ปริญญาโท", "ImageFileId": "5c580738fbcb5f1eec0fc422", "SelfIntroduceFileId": "5c5914d4fbcb5f1d8814da36", "PartyLogo": "https://storage.googleapis.com/candidate-thumbs/party/34.png", "CandididatePhoto": "https://storage.googleapis.com/candidate-thumbs/images/47-5-5.jpg"}, {"Unnamed: 0": 5825, "CandidateId": "a705b09a-dba4-4a67-aa60-401c474bbd1f", "CandidateNo": 6, "FirstName": "ณิชย์ฐกานต์", "LastName": "อินรีย์", "PartyName": "ประชานิยม", "PartyNumber": 191, "Title": "นาง", "Votable": true, "province_id": 47, "province_name": "สกลนคร", "zone_number": 5, "PartyTerminated": false, "Age": 44, "Occupation": "ผู้ช่วยผู้ใหญ่บ้าน", "HighestEducation": "ต่ำกว่าปริญญาตรี", "ImageFileId": "5c580a05fbcb5f1eec0fe570", "SelfIntroduceFileId": "5c5924ccfbcb5f1d881561c9", "PartyLogo": "https://storage.googleapis.com/candidate-thumbs/party/191.png", "CandididatePhoto": "https://storage.googleapis.com/candidate-thumbs/images/47-5-6.jpg"}, {"Unnamed: 0": 5826, "CandidateId": "d851ee4c-3097-4a0b-ba6f-ea834a4230b5", "CandidateNo": 7, "FirstName": "สายพันธุ์", "LastName": "ตงบุญไชย", "PartyName": "ประชาชนปฏิรูป", "PartyNumber": 176, "Title": "นาย", "Votable": true, "province_id": 47, "province_name": "สกลนคร", "zone_number": 5, "PartyTerminated": false, "Age": 49, "Occupation": "ทำการเกษตร", "HighestEducation": "ต่ำกว่าปริญญาตรี", "ImageFileId": "5c580f8afbcb5f1eec102804", "SelfIntroduceFileId": "5c5940befbcb5f1d8816e50b", "PartyLogo": "https://storage.googleapis.com/candidate-thumbs/party/176.png", "CandididatePhoto": "https://storage.googleapis.com/candidate-thumbs/images/47-5-7.jpg"}, {"Unnamed: 0": 5827, "CandidateId": "b3c2cf06-0f8c-4a9c-9e1b-77f2832ef741", "CandidateNo": 8, "FirstName": "อภิชิต", "LastName": "ถาบุตร", "PartyName": "อนาคตใหม่", "PartyNumber": 177, "Title": "นาย", "Votable": true, "province_id": 47, "province_name": "สกลนคร", "zone_number": 5, "PartyTerminated": false, "Age": 42, "Occupation": "นักการเมือง", "HighestEducation": "ปริญญาโท", "ImageFileId": "5c580fe0fbcb5f1eec102c1e", "SelfIntroduceFileId": "5c595a82fbcb5f1d88180fe9", "PartyLogo": "https://storage.googleapis.com/candidate-thumbs/party/177.png", "CandididatePhoto": "https://storage.googleapis.com/candidate-thumbs/images/47-5-8.jpg"}, {"Unnamed: 0": 5828, "CandidateId": "8bfbbf05-2208-4013-99ad-f95880afa0b8", "CandidateNo": 9, "FirstName": "ประหยัด", "LastName": "ธานะราช", "PartyName": "เพื่อคนไทย", "PartyNumber": 183, "Title": "นาย", "Votable": true, "province_id": 47, "province_name": "สกลนคร", "zone_number": 5, "PartyTerminated": false, "Age": 59, "Occupation": "ธุรกิจส่วนตัว", "HighestEducation": "ปริญญาตรี", "ImageFileId": "5c581209fbcb5f1eec103eef", "SelfIntroduceFileId": "5c5961b3fbcb5f1d8818264c", "PartyLogo": "https://storage.googleapis.com/candidate-thumbs/party/183.png", "CandididatePhoto": "https://storage.googleapis.com/candidate-thumbs/images/47-5-9.jpg"}, {"Unnamed: 0": 5829, "CandidateId": "15af621a-3c55-4c62-a9b5-b15fd1aa5326", "CandidateNo": 10, "FirstName": "สมาน", "LastName": "สุขสุนันท์", "PartyName": "เสรีรวมไทย", "PartyNumber": 145, "Title": "นาย", "Votable": true, "province_id": 47, "province_name": "สกลนคร", "zone_number": 5, "PartyTerminated": false, "Age": 58, "Occupation": "ค้าขาย", "HighestEducation": "ปริญญาตรี", "ImageFileId": "5c5813adfbcb5f1eec104ee3", "SelfIntroduceFileId": "5c596844fbcb5f1d8818372a", "PartyLogo": "https://storage.googleapis.com/candidate-thumbs/party/145.png", "CandididatePhoto": "https://storage.googleapis.com/candidate-thumbs/images/47-5-10.jpg"}, {"Unnamed: 0": 5830, "CandidateId": "cf0a27c2-6bd7-4570-9465-fa46b1319413", "CandidateNo": 11, "FirstName": "บุญมี", "LastName": "ป้อพระลัพ", "PartyName": "พลเมืองไทย", "PartyNumber": 173, "Title": "นาย", "Votable": true, "province_id": 47, "province_name": "สกลนคร", "zone_number": 5, "PartyTerminated": false, "Age": 56, "Occupation": "ทำนา", "HighestEducation": "ต่ำกว่าปริญญาตรี", "ImageFileId": "5c5813fbfbcb5f1eec1051ab", "SelfIntroduceFileId": "5c5a5d15fbcb5f19bca9945a", "PartyLogo": "https://storage.googleapis.com/candidate-thumbs/party/173.png", "CandididatePhoto": "https://storage.googleapis.com/candidate-thumbs/images/47-5-11.jpg"}, {"Unnamed: 0": 5831, "CandidateId": "72be7b06-ad9e-4969-ab58-8ce7cb037924", "CandidateNo": 12, "FirstName": "ขจรศักดิ์", "LastName": "เบ็ญชัย", "PartyName": "เพื่อชาติ", "PartyNumber": 149, "Title": "นาย", "Votable": true, "province_id": 47, "province_name": "สกลนคร", "zone_number": 5, "PartyTerminated": false, "Age": 43, "Occupation": "นักการเมืองท้องถิ่น(สมาชิกองค์การบริหารส่วนจังหวัดสกลนคร)", "HighestEducation": "ปริญญาตรี", "ImageFileId": "5c5815d3fbcb5f1eec105f28", "SelfIntroduceFileId": "5c5a7133fbcb5f19bcaa08fd", "PartyLogo": "https://storage.googleapis.com/candidate-thumbs/party/149.png", "CandididatePhoto": "https://storage.googleapis.com/candidate-thumbs/images/47-5-12.jpg"}, {"Unnamed: 0": 5832, "CandidateId": "b5414687-442b-4365-85e5-fcd82813d336", "CandidateNo": 13, "FirstName": "เชี่ยวชาญ", "LastName": "แก้วคำภา", "PartyName": "ประชาธิปไตยใหม่", "PartyNumber": 109, "Title": "นาย", "Votable": true, "province_id": 47, "province_name": "สกลนคร", "zone_number": 5, "PartyTerminated": false, "Age": 57, "Occupation": "ธุรกิจส่วนตัว", "HighestEducation": "ต่ำกว่าปริญญาตรี", "ImageFileId": "5c581728fbcb5f1eec106a12", "SelfIntroduceFileId": "5c5a819afbcb5f19bcaa706b", "PartyLogo": "https://storage.googleapis.com/candidate-thumbs/party/109.png", "CandididatePhoto": "https://storage.googleapis.com/candidate-thumbs/images/47-5-13.jpg"}, {"Unnamed: 0": 5833, "CandidateId": "d7f8c354-5350-4e80-8719-5ec05622c0e6", "CandidateNo": 14, "FirstName": "สมศักดิ์", "LastName": "สุขประเสริฐ", "PartyName": "พลังประชารัฐ", "PartyNumber": 192, "Title": "นาย", "Votable": true, "province_id": 47, "province_name": "สกลนคร", "zone_number": 5, "PartyTerminated": false, "Age": 62, "Occupation": "รับราชการ", "HighestEducation": "ปริญญาโท", "ImageFileId": "5c581a7ffbcb5f1eec107fdd", "SelfIntroduceFileId": "5c5a92b6fbcb5f19bcaaf28f", "PartyLogo": "https://storage.googleapis.com/candidate-thumbs/party/192.png", "CandididatePhoto": "https://storage.googleapis.com/candidate-thumbs/images/47-5-14.jpg"}, {"Unnamed: 0": 5834, "CandidateId": "c06f1f66-a0a5-4693-9366-e04b315df313", "CandidateNo": 15, "FirstName": "ณัฐสรวง", "LastName": "โพธิสุรินทร์", "PartyName": "พลังธรรมใหม่", "PartyNumber": 175, "Title": "นาง", "Votable": true, "province_id": 47, "province_name": "สกลนคร", "zone_number": 5, "PartyTerminated": false, "Age": 68, "Occupation": "ข้าราชการบำนาญ ชำนาญการพิเศษ", "HighestEducation": "ต่ำกว่าปริญญาตรี", "ImageFileId": "5c581b1cfbcb5f1eec1082f3", "SelfIntroduceFileId": "5c5aa295fbcb5f19bcab5bf4", "PartyLogo": "https://storage.googleapis.com/candidate-thumbs/party/175.png", "CandididatePhoto": "https://storage.googleapis.com/candidate-thumbs/images/47-5-15.jpg"}, {"Unnamed: 0": 5835, "CandidateId": "ad98b9d8-6a60-4045-b364-4749b3110d89", "CandidateNo": 16, "FirstName": "สิริพงษ์", "LastName": "เศษสุวรรณ", "PartyName": "รักษ์ผืนป่าประเทศไทย", "PartyNumber": 133, "Title": "นาย", "Votable": false, "province_id": 47, "province_name": "สกลนคร", "zone_number": 5, "PartyTerminated": false, "Age": 54, "Occupation": "ตัวแทนประกันชีวิตไทยประกันชีวิต", "HighestEducation": "ต่ำกว่าปริญญาตรี", "ImageFileId": "5c581e08fbcb5f1eec108ecb", "SelfIntroduceFileId": "5c5ab865fbcb5f19bcab97c6", "PartyLogo": "https://storage.googleapis.com/candidate-thumbs/party/133.png", "CandididatePhoto": "https://storage.googleapis.com/candidate-thumbs/images/47-5-16.jpg"}, {"Unnamed: 0": 5836, "CandidateId": "a4a24727-77ee-454f-b024-beb90685ffb2", "CandidateNo": 17, "FirstName": "สุรพล", "LastName": "สารสังข์", "PartyName": "ประชาภิวัฒน์", "PartyNumber": 172, "Title": "นาย", "Votable": true, "province_id": 47, "province_name": "สกลนคร", "zone_number": 5, "PartyTerminated": false, "Age": 53, "Occupation": "เกษตรกร", "HighestEducation": "ต่ำกว่าปริญญาตรี", "ImageFileId": "5c581ea9fbcb5f1eec109239", "SelfIntroduceFileId": "5c5abdb4fbcb5f19bcaba098", "PartyLogo": "https://storage.googleapis.com/candidate-thumbs/party/172.png", "CandididatePhoto": "https://storage.googleapis.com/candidate-thumbs/images/47-5-17.jpg"}, {"Unnamed: 0": 5837, "CandidateId": "359de89e-758a-4ef8-916b-8e47f02ffc54", "CandidateNo": 18, "FirstName": "กิติชัย", "LastName": "สัตตราช", "PartyName": "พลังท้องถิ่นไท", "PartyNumber": 124, "Title": "นาย", "Votable": true, "province_id": 47, "province_name": "สกลนคร", "zone_number": 5, "PartyTerminated": false, "Age": 35, "Occupation": "ทนายความ", "HighestEducation": "ปริญญาตรี", "ImageFileId": "5c582012fbcb5f1eec109a01", "SelfIntroduceFileId": "5c5ac37bfbcb5f19bcaba50d", "PartyLogo": "https://storage.googleapis.com/candidate-thumbs/party/124.png", "CandididatePhoto": "https://storage.googleapis.com/candidate-thumbs/images/47-5-18.jpg"}, {"Unnamed: 0": 5838, "CandidateId": "a6d34f43-7e76-4be2-88b2-591d7130ee7d", "CandidateNo": 19, "FirstName": "พรรณี", "LastName": "แสนสา", "PartyName": "ประชาธรรมไทย", "PartyNumber": 190, "Title": "นาง", "Votable": true, "province_id": 47, "province_name": "สกลนคร", "zone_number": 5, "PartyTerminated": false, "Age": 64, "Occupation": "ข้าราชการบำนาญ", "HighestEducation": "ปริญญาโท", "ImageFileId": "5c58f6cdfbcb5f1d88136211", "SelfIntroduceFileId": "5c5ba097fbcb5f16fc6583ae", "PartyLogo": "https://storage.googleapis.com/candidate-thumbs/party/190.png", "CandididatePhoto": "https://storage.googleapis.com/candidate-thumbs/images/47-5-19.jpg"}, {"Unnamed: 0": 5839, "CandidateId": "9dfa05cc-6dbc-4db5-aebc-67744b59c36c", "CandidateNo": 20, "FirstName": "วัชรินทร์", "LastName": "ศรีถาพร", "PartyName": "สยามพัฒนา", "PartyNumber": 182, "Title": "นาย", "Votable": true, "province_id": 47, "province_name": "สกลนคร", "zone_number": 5, "PartyTerminated": false, "Age": 61, "Occupation": "ทนายความ", "HighestEducation": "ปริญญาตรี", "ImageFileId": "5c58f96ffbcb5f1d88138073", "SelfIntroduceFileId": "5c5bad20fbcb5f16fc65dbf9", "PartyLogo": "https://storage.googleapis.com/candidate-thumbs/party/182.png", "CandididatePhoto": "https://storage.googleapis.com/candidate-thumbs/images/47-5-20.jpg"}, {"Unnamed: 0": 5840, "CandidateId": "6d7f3df5-f393-443f-9911-0455e11c0831", "CandidateNo": 21, "FirstName": "ธนบูรณ์", "LastName": "รัตนโกสุม", "PartyName": "ครูไทยเพื่อประชาชน", "PartyNumber": 118, "Title": "นาย", "Votable": true, "province_id": 47, "province_name": "สกลนคร", "zone_number": 5, "PartyTerminated": false, "Age": 40, "Occupation": "ครูโรงเรียนเอกชนเทคโนโลยีวานรนิวาส", "HighestEducation": "ปริญญาตรี", "ImageFileId": "5c5aaeeffbcb5f19bcab8997", "SelfIntroduceFileId": "5c5bb0dafbcb5f16fc6600db", "PartyLogo": "https://storage.googleapis.com/candidate-thumbs/party/118.png", "CandididatePhoto": "https://storage.googleapis.com/candidate-thumbs/images/47-5-21.jpg"}, {"Unnamed: 0": 5841, "CandidateId": "b46016ca-b059-4eb6-84f4-9d9934abd045", "CandidateNo": 22, "FirstName": "ศิลณุลักษณ์", "LastName": "ปิ่นใจ", "PartyName": "พลังสังคม", "PartyNumber": 198, "Title": "นาย", "Votable": true, "province_id": 47, "province_name": "สกลนคร", "zone_number": 5, "PartyTerminated": false, "Age": 43, "Occupation": "ทำการเกษตร", "HighestEducation": "ต่ำกว่าปริญญาตรี", "ImageFileId": "5c5ab1ddfbcb5f19bcab9164", "SelfIntroduceFileId": "5c5d1f13fbcb5f0fd885382c", "PartyLogo": "https://storage.googleapis.com/candidate-thumbs/party/198.png", "CandididatePhoto": "https://storage.googleapis.com/candidate-thumbs/images/47-5-22.jpg"}, {"Unnamed: 0": 5842, "CandidateId": "6e194828-ef96-44e4-9d60-8f320a8e26f2", "CandidateNo": 23, "FirstName": "สว่าง", "LastName": "แก้วอินทร์ตา", "PartyName": "พลังชาติไทย", "PartyNumber": 186, "Title": "นาย", "Votable": true, "province_id": 47, "province_name": "สกลนคร", "zone_number": 5, "PartyTerminated": false, "Age": 68, "Occupation": "-", "HighestEducation": "ต่ำกว่าปริญญาตรี", "ImageFileId": "5c5becd4fbcb5f16fc67a81f", "SelfIntroduceFileId": "5c5bf343fbcb5f16fc67e2fc", "PartyLogo": "https://storage.googleapis.com/candidate-thumbs/party/186.png", "CandididatePhoto": "https://storage.googleapis.com/candidate-thumbs/images/47-5-23.jpg"}, {"Unnamed: 0": 5843, "CandidateId": "27c5cb64-36ad-4079-b778-faa5b7e932d2", "CandidateNo": 24, "FirstName": "วสันต์", "LastName": "จันทร์โอ", "PartyName": "ภูมิพลังเกษตรกรไทย", "PartyNumber": 197, "Title": "นาย", "Votable": true, "province_id": 47, "province_name": "สกลนคร", "zone_number": 5, "PartyTerminated": false, "Age": 66, "Occupation": "เกษตรกร", "HighestEducation": "ต่ำกว่าปริญญาตรี", "ImageFileId": "5c5bfe8dfbcb5f16fc681e16", "SelfIntroduceFileId": "5c5c004afbcb5f16fc682466", "PartyLogo": "https://storage.googleapis.com/candidate-thumbs/party/197.png", "CandididatePhoto": "https://storage.googleapis.com/candidate-thumbs/images/47-5-24.jpg"}, {"Unnamed: 0": 5844, "CandidateId": "1abfd8ee-0cc4-4de0-9476-e0b2ec0cca4a", "CandidateNo": 25, "FirstName": "ธนศักดิ์", "LastName": "ถึงแสง", "PartyName": "พลังปวงชนไทย", "PartyNumber": 184, "Title": "นาย", "Votable": false, "province_id": 47, "province_name": "สกลนคร", "zone_number": 5, "PartyTerminated": false, "Age": 47, "Occupation": "เกษตรกร", "HighestEducation": "ปริญญาตรี", "ImageFileId": "5c5c08b7fbcb5f16fc683583", "SelfIntroduceFileId": "5c5c0956fbcb5f16fc6836f0", "PartyLogo": "https://storage.googleapis.com/candidate-thumbs/party/184.png", "CandididatePhoto": "https://storage.googleapis.com/candidate-thumbs/images/47-5-25.jpg"}, {"Unnamed: 0": 5845, "CandidateId": "3ad16c81-b458-478f-8408-a352874a31dd", "CandidateNo": 26, "FirstName": "จิณภัทตา", "LastName": "สุวรรณรงค์", "PartyName": "พลังไทยรักไทย", "PartyNumber": 185, "Title": "นาง", "Votable": true, "province_id": 47, "province_name": "สกลนคร", "zone_number": 5, "PartyTerminated": false, "Age": 57, "Occupation": "ค้าขาย", "HighestEducation": "ต่ำกว่าปริญญาตรี", "ImageFileId": "5c5c0bfbfbcb5f16fc683cda", "SelfIntroduceFileId": "5c5c0c84fbcb5f16fc683e49", "PartyLogo": "https://storage.googleapis.com/candidate-thumbs/party/185.png", "CandididatePhoto": "https://storage.googleapis.com/candidate-thumbs/images/47-5-26.jpg"}, {"Unnamed: 0": 5846, "CandidateId": "3afaefba-afe5-4cb5-9bcf-51fdcc10c42a", "CandidateNo": 27, "FirstName": "สงวน", "LastName": "อุปัน", "PartyName": "กรีน", "PartyNumber": 206, "Title": "นาย", "Votable": true, "province_id": 47, "province_name": "สกลนคร", "zone_number": 5, "PartyTerminated": false, "Age": 54, "Occupation": "เกษตรกรรม", "HighestEducation": "ต่ำกว่าปริญญาตรี", "ImageFileId": "5c5d24d0fbcb5f0fd88564f4", "SelfIntroduceFileId": "5c5d2802fbcb5f0fd8857ed0", "PartyLogo": "https://storage.googleapis.com/candidate-thumbs/party/206.png", "CandididatePhoto": "https://storage.googleapis.com/candidate-thumbs/images/47-5-27.jpg"}, {"Unnamed: 0": 5847, "CandidateId": "2eaec6a5-8212-41a8-930d-18e3e9a29db0", "CandidateNo": 28, "FirstName": "ศักดิ์ชัย", "LastName": "โสบุญ", "PartyName": "ชาติไทยพัฒนา", "PartyNumber": 55, "Title": "นาย", "Votable": true, "province_id": 47, "province_name": "สกลนคร", "zone_number": 5, "PartyTerminated": false, "Age": 56, "Occupation": "รับจ้างทั่วไป", "HighestEducation": "ปริญญาตรี", "ImageFileId": "5c5d2fb7fbcb5f0fd885c026", "SelfIntroduceFileId": "5c5d3200fbcb5f0fd885d36e", "PartyLogo": "https://storage.googleapis.com/candidate-thumbs/party/55.png", "CandididatePhoto": "https://storage.googleapis.com/candidate-thumbs/images/47-5-28.jpg"}, {"Unnamed: 0": 5848, "CandidateId": "61f4e244-8888-46c2-8dfc-89874f8073ca", "CandidateNo": 29, "FirstName": "สิงห์โต", "LastName": "ฮกทวายทา", "PartyName": "ไทยรักษาชาติ", "PartyNumber": 77, "Title": "นาย", "Votable": true, "province_id": 47, "province_name": "สกลนคร", "zone_number": 5, "PartyTerminated": true, "Age": 42, "Occupation": "ผู้รับเหมาก่อสร้าง", "HighestEducation": "ปริญญาตรี", "ImageFileId": "5c5d3969fbcb5f0fd8860c29", "SelfIntroduceFileId": "5c5d3bf3fbcb5f0fd8862437", "PartyLogo": "https://storage.googleapis.com/candidate-thumbs/party/77.png", "CandididatePhoto": "https://storage.googleapis.com/candidate-thumbs/images/47-5-29.jpg"}, {"Unnamed: 0": 5849, "CandidateId": "d4f5a8dc-e646-4670-9485-580f367cf2b2", "CandidateNo": 30, "FirstName": "อุลัยพร", "LastName": "ไตรวงค์ย้อย", "PartyName": "เศรษฐกิจใหม่", "PartyNumber": 193, "Title": "นางสาว", "Votable": true, "province_id": 47, "province_name": "สกลนคร", "zone_number": 5, "PartyTerminated": false, "Age": 44, "Occupation": "ประกอบธุรกิจส่วนตัว", "HighestEducation": "ปริญญาตรี", "ImageFileId": "5c5d4ec5fbcb5f0fd886ee6d", "SelfIntroduceFileId": "5c5d4f98fbcb5f0fd886f692", "PartyLogo": "https://storage.googleapis.com/candidate-thumbs/party/193.png", "CandididatePhoto": "https://storage.googleapis.com/candidate-thumbs/images/47-5-30.jpg"}, {"Unnamed: 0": 5850, "CandidateId": "72b96b99-9282-4d75-8078-be8e1871440c", "CandidateNo": 31, "FirstName": "เกรียงไกร", "LastName": "กองศรีหา", "PartyName": "ประชาไทย", "PartyNumber": 205, "Title": "นาย", "Votable": true, "province_id": 47, "province_name": "สกลนคร", "zone_number": 5, "PartyTerminated": false, "Age": 51, "Occupation": "สมาชิกสภาองค์การบริหารส่วนจังหวัดสกลนคร", "HighestEducation": "ต่ำกว่าปริญญาตรี", "ImageFileId": "5c5d6115fbcb5f0fd887b705", "SelfIntroduceFileId": "5c5d5ff2fbcb5f0fd887abf4", "PartyLogo": "https://storage.googleapis.com/candidate-thumbs/party/205.png", "CandididatePhoto": "https://storage.googleapis.com/candidate-thumbs/images/47-5-31.jpg"}, {"Unnamed: 0": 5851, "CandidateId": "e161ba97-ef34-4b8d-a604-e597eea9e30d", "CandidateNo": 32, "FirstName": "โสภา", "LastName": "หาญจำปา", "PartyName": "ไทรักธรรม", "PartyNumber": 144, "Title": "นาง", "Votable": true, "province_id": 47, "province_name": "สกลนคร", "zone_number": 5, "PartyTerminated": false, "Age": 49, "Occupation": "ธุรกิจส่วนตัว", "HighestEducation": "ต่ำกว่าปริญญาตรี", "ImageFileId": "5c5d72dffbcb5f0fd888104d", "SelfIntroduceFileId": "5c5d744ffbcb5f0fd88813af", "PartyLogo": "https://storage.googleapis.com/candidate-thumbs/party/144.png", "CandididatePhoto": "https://storage.googleapis.com/candidate-thumbs/images/47-5-32.jpg"}, {"Unnamed: 0": 5852, "CandidateId": "b5165b1a-c175-42f0-913c-973b3b9b3441", "CandidateNo": 33, "FirstName": "ธีระยุทธ", "LastName": "เวยสาร", "PartyName": "รักท้องถิ่นไทย", "PartyNumber": 162, "Title": "นาย", "Votable": true, "province_id": 47, "province_name": "สกลนคร", "zone_number": 5, "PartyTerminated": false, "Age": 44, "Occupation": "รับราชการ", "HighestEducation": "ปริญญาตรี", "ImageFileId": "5c5d6d4bfbcb5f0fd887fb59", "SelfIntroduceFileId": "5c5d6f42fbcb5f0fd88803b0", "PartyLogo": "https://storage.googleapis.com/candidate-thumbs/party/162.png", "CandididatePhoto": "https://storage.googleapis.com/candidate-thumbs/images/47-5-33.jpg"}]