[{"Unnamed: 0": 5997, "CandidateId": "60b8171c-04ae-4252-a1bc-c330e0c8df5f", "CandidateNo": 1, "FirstName": "สำเริง", "LastName": "ขาวบ้านนา", "PartyName": "พลังธรรมใหม่", "PartyNumber": 175, "Title": "นาย", "Votable": true, "province_id": 84, "province_name": "สุราษฎร์ธานี", "zone_number": 4, "PartyTerminated": false, "Age": 59, "Occupation": "ทำการเกษตร", "HighestEducation": "ต่ำกว่าปริญญาตรี", "ImageFileId": "5c5834c3fbcb5f1eec10d02d", "SelfIntroduceFileId": "5c591fabfbcb5f1d88153033", "PartyLogo": "https://storage.googleapis.com/candidate-thumbs/party/175.png", "CandididatePhoto": "https://storage.googleapis.com/candidate-thumbs/images/84-4-1.jpg"}, {"Unnamed: 0": 5998, "CandidateId": "3f50a31a-892c-4645-852a-0b5a171d422c", "CandidateNo": 2, "FirstName": "สมพล", "LastName": "สิงหพล", "PartyName": "อนาคตใหม่", "PartyNumber": 177, "Title": "นาย", "Votable": true, "province_id": 84, "province_name": "สุราษฎร์ธานี", "zone_number": 4, "PartyTerminated": false, "Age": 49, "Occupation": "รับราชการ", "HighestEducation": "ปริญญาโท", "ImageFileId": "5c58353cfbcb5f1eec10d059", "SelfIntroduceFileId": "5c5924e8fbcb5f1d881563a0", "PartyLogo": "https://storage.googleapis.com/candidate-thumbs/party/177.png", "CandididatePhoto": "https://storage.googleapis.com/candidate-thumbs/images/84-4-2.jpg"}, {"Unnamed: 0": 5999, "CandidateId": "86bef525-4775-4ed8-9487-4de7e8af1a54", "CandidateNo": 3, "FirstName": "เชน", "LastName": "เทือกสุบรรณ", "PartyName": "รวมพลังประชาชาติไทย", "PartyNumber": 181, "Title": "นาย", "Votable": true, "province_id": 84, "province_name": "สุราษฎร์ธานี", "zone_number": 4, "PartyTerminated": false, "Age": 65, "Occupation": "นักการเมือง", "HighestEducation": "ปริญญาโท", "ImageFileId": "5c5835abfbcb5f1eec10d10f", "SelfIntroduceFileId": "5c59261ffbcb5f1d88157306", "PartyLogo": "https://storage.googleapis.com/candidate-thumbs/party/181.png", "CandididatePhoto": "https://storage.googleapis.com/candidate-thumbs/images/84-4-3.jpg"}, {"Unnamed: 0": 6000, "CandidateId": "5be81da7-45fa-4713-90e7-e10d8446dc04", "CandidateNo": 4, "FirstName": "พรหมพชร", "LastName": "นาเมือง", "PartyName": "เพื่อธรรม", "PartyNumber": 98, "Title": "นาย", "Votable": true, "province_id": 84, "province_name": "สุราษฎร์ธานี", "zone_number": 4, "PartyTerminated": false, "Age": 54, "Occupation": "นักการเมืองท้องถิ่น", "HighestEducation": "ปริญญาโท", "ImageFileId": "5c583676fbcb5f1eec10d1ad", "SelfIntroduceFileId": "5c592a92fbcb5f1d8815a97b", "PartyLogo": "https://storage.googleapis.com/candidate-thumbs/party/98.png", "CandididatePhoto": "https://storage.googleapis.com/candidate-thumbs/images/84-4-4.jpg"}, {"Unnamed: 0": 6001, "CandidateId": "7b5080aa-4575-4279-874d-2d33e469ac85", "CandidateNo": 5, "FirstName": "ชัยชนะ", "LastName": "จิตราภิรมย์ สงฤทธิ์", "PartyName": "เพื่อชาติ", "PartyNumber": 149, "Title": "นาย", "Votable": false, "province_id": 84, "province_name": "สุราษฎร์ธานี", "zone_number": 4, "PartyTerminated": false, "Age": 52, "Occupation": "ทำสวน", "HighestEducation": "ปริญญาตรี", "ImageFileId": "5c5836c2fbcb5f1eec10d1d9", "SelfIntroduceFileId": "5c592bc1fbcb5f1d8815c01c", "PartyLogo": "https://storage.googleapis.com/candidate-thumbs/party/149.png", "CandididatePhoto": "https://storage.googleapis.com/candidate-thumbs/images/84-4-5.jpg"}, {"Unnamed: 0": 6002, "CandidateId": "0dd0cc03-afa1-4fdb-8aed-87956c1be50b", "CandidateNo": 6, "FirstName": "อมรศักดิ์", "LastName": "จิวสืบพงษ์", "PartyName": "ประชาภิวัฒน์", "PartyNumber": 172, "Title": "นาย", "Votable": true, "province_id": 84, "province_name": "สุราษฎร์ธานี", "zone_number": 4, "PartyTerminated": false, "Age": 63, "Occupation": "พนักงานรัฐวิสาหกิจ", "HighestEducation": "ปริญญาตรี", "ImageFileId": "5c583777fbcb5f1eec10d282", "SelfIntroduceFileId": "5c592cecfbcb5f1d8815d0d0", "PartyLogo": "https://storage.googleapis.com/candidate-thumbs/party/172.png", "CandididatePhoto": "https://storage.googleapis.com/candidate-thumbs/images/84-4-6.jpg"}, {"Unnamed: 0": 6003, "CandidateId": "1d244dab-d6e6-402d-b8d7-69e63d519152", "CandidateNo": 7, "FirstName": "ประกิจ", "LastName": "เพชรรัตน์", "PartyName": "ไทยรักษาชาติ", "PartyNumber": 77, "Title": "นาย", "Votable": true, "province_id": 84, "province_name": "สุราษฎร์ธานี", "zone_number": 4, "PartyTerminated": true, "Age": 57, "Occupation": "ทนายความ", "HighestEducation": "ปริญญาโท", "ImageFileId": "5c5837fcfbcb5f1eec10d303", "SelfIntroduceFileId": "5c592da7fbcb5f1d8815dec4", "PartyLogo": "https://storage.googleapis.com/candidate-thumbs/party/77.png", "CandididatePhoto": "https://storage.googleapis.com/candidate-thumbs/images/84-4-7.jpg"}, {"Unnamed: 0": 6004, "CandidateId": "b9090456-cb3e-4efd-9c8c-afab7eb803d1", "CandidateNo": 8, "FirstName": "นพพล", "LastName": "รักณรงค์", "PartyName": "ชาติไทยพัฒนา", "PartyNumber": 55, "Title": "นาย", "Votable": true, "province_id": 84, "province_name": "สุราษฎร์ธานี", "zone_number": 4, "PartyTerminated": false, "Age": 55, "Occupation": "เจ้าของธุรกิจ", "HighestEducation": "ปริญญาตรี", "ImageFileId": "5c583893fbcb5f1eec10d332", "SelfIntroduceFileId": "5c592e5ffbcb5f1d8815e74a", "PartyLogo": "https://storage.googleapis.com/candidate-thumbs/party/55.png", "CandididatePhoto": "https://storage.googleapis.com/candidate-thumbs/images/84-4-8.jpg"}, {"Unnamed: 0": 6005, "CandidateId": "ee26582e-e32f-4d04-953b-648ab3de985c", "CandidateNo": 9, "FirstName": "จารุวิทย์", "LastName": "นิลประดิษฐ", "PartyName": "ประชาชาติ", "PartyNumber": 187, "Title": "นาย", "Votable": true, "province_id": 84, "province_name": "สุราษฎร์ธานี", "zone_number": 4, "PartyTerminated": false, "Age": 54, "Occupation": "ทำสวน  ,ธุรกิจส่วนตัว", "HighestEducation": "ต่ำกว่าปริญญาตรี", "ImageFileId": "5c583940fbcb5f1eec10d39e", "SelfIntroduceFileId": "5c592f34fbcb5f1d8815f5d7", "PartyLogo": "https://storage.googleapis.com/candidate-thumbs/party/187.png", "CandididatePhoto": "https://storage.googleapis.com/candidate-thumbs/images/84-4-9.jpg"}, {"Unnamed: 0": 6006, "CandidateId": "c10b5952-a358-43a9-a038-78b87c391bcc", "CandidateNo": 10, "FirstName": "นพพร", "LastName": "บุญทิพย์", "PartyName": "พลังท้องถิ่นไท", "PartyNumber": 124, "Title": "จ่าเอก", "Votable": true, "province_id": 84, "province_name": "สุราษฎร์ธานี", "zone_number": 4, "PartyTerminated": false, "Age": 52, "Occupation": "ธุรกิจส่วนตัว", "HighestEducation": "ปริญญาตรี", "ImageFileId": "5c5839b3fbcb5f1eec10d3dc", "SelfIntroduceFileId": "5c592fdcfbcb5f1d8815fc51", "PartyLogo": "https://storage.googleapis.com/candidate-thumbs/party/124.png", "CandididatePhoto": "https://storage.googleapis.com/candidate-thumbs/images/84-4-10.jpg"}, {"Unnamed: 0": 6007, "CandidateId": "850e58a8-ddf7-4b66-bf6e-b19fae9f4e3e", "CandidateNo": 11, "FirstName": "ราษฎร์พิชิต", "LastName": "นาคประดิษฐ์", "PartyName": "เศรษฐกิจใหม่", "PartyNumber": 193, "Title": "นาย", "Votable": true, "province_id": 84, "province_name": "สุราษฎร์ธานี", "zone_number": 4, "PartyTerminated": false, "Age": 48, "Occupation": "ทนายความ", "HighestEducation": "ปริญญาตรี", "ImageFileId": "5c583a19fbcb5f1eec10d417", "SelfIntroduceFileId": "5c593128fbcb5f1d88160ead", "PartyLogo": "https://storage.googleapis.com/candidate-thumbs/party/193.png", "CandididatePhoto": "https://storage.googleapis.com/candidate-thumbs/images/84-4-11.jpg"}, {"Unnamed: 0": 6008, "CandidateId": "79d5995f-8449-49f0-bf17-80b225aec117", "CandidateNo": 12, "FirstName": "สมชาติ", "LastName": "ประดิษฐพร", "PartyName": "ประชาธิปัตย์", "PartyNumber": 1, "Title": "นาย", "Votable": true, "province_id": 84, "province_name": "สุราษฎร์ธานี", "zone_number": 4, "PartyTerminated": false, "Age": 53, "Occupation": "ทำธุรกิจส่วนตัว", "HighestEducation": "ปริญญาตรี", "ImageFileId": "5c583a79fbcb5f1eec10d487", "SelfIntroduceFileId": "5c5931dbfbcb5f1d88161736", "PartyLogo": "https://storage.googleapis.com/candidate-thumbs/party/1.png", "CandididatePhoto": "https://storage.googleapis.com/candidate-thumbs/images/84-4-12.jpg"}, {"Unnamed: 0": 6009, "CandidateId": "2d97a004-3f98-4159-ab1f-f470f4c12b7b", "CandidateNo": 13, "FirstName": "รัชดาภรณ์", "LastName": "สงพัฒน์แก้ว", "PartyName": "พลังประชารัฐ", "PartyNumber": 192, "Title": "นางสาว", "Votable": true, "province_id": 84, "province_name": "สุราษฎร์ธานี", "zone_number": 4, "PartyTerminated": false, "Age": 40, "Occupation": "เกษตรกร,นักการเมือง", "HighestEducation": "ปริญญาโท", "ImageFileId": "5c583aeffbcb5f1eec10d4cf", "SelfIntroduceFileId": "5c59327bfbcb5f1d881620d5", "PartyLogo": "https://storage.googleapis.com/candidate-thumbs/party/192.png", "CandididatePhoto": "https://storage.googleapis.com/candidate-thumbs/images/84-4-13.jpg"}, {"Unnamed: 0": 6010, "CandidateId": "316e624a-a5b4-4ceb-900f-c9b41cf13541", "CandidateNo": 14, "FirstName": "ประเทือง", "LastName": "เกื้อด้วง", "PartyName": "ชาติพัฒนา", "PartyNumber": 45, "Title": "นาย", "Votable": true, "province_id": 84, "province_name": "สุราษฎร์ธานี", "zone_number": 4, "PartyTerminated": false, "Age": 60, "Occupation": "ข้าราชการบำนาญ", "HighestEducation": "ปริญญาโท", "ImageFileId": "5c583b79fbcb5f1eec10d580", "SelfIntroduceFileId": "5c5942fcfbcb5f1d8817047d", "PartyLogo": "https://storage.googleapis.com/candidate-thumbs/party/45.png", "CandididatePhoto": "https://storage.googleapis.com/candidate-thumbs/images/84-4-14.jpg"}, {"Unnamed: 0": 6011, "CandidateId": "fcc835fb-c90c-40f4-bc7d-0f000feb6fb2", "CandidateNo": 15, "FirstName": "สุชาติ", "LastName": "ทิพย์บุญทอง", "PartyName": "รักษ์ผืนป่าประเทศไทย", "PartyNumber": 133, "Title": "จ่าสิบตำรวจ", "Votable": true, "province_id": 84, "province_name": "สุราษฎร์ธานี", "zone_number": 4, "PartyTerminated": false, "Age": 63, "Occupation": "เกษตรกร", "HighestEducation": "ต่ำกว่าปริญญาตรี", "ImageFileId": "5c583c0efbcb5f1eec10d5a9", "SelfIntroduceFileId": "5c594beefbcb5f1d88177deb", "PartyLogo": "https://storage.googleapis.com/candidate-thumbs/party/133.png", "CandididatePhoto": "https://storage.googleapis.com/candidate-thumbs/images/84-4-15.jpg"}, {"Unnamed: 0": 6012, "CandidateId": "d61862ac-7c93-4487-8709-3dd9544373b0", "CandidateNo": 16, "FirstName": "สมชาย", "LastName": "ไชยยศ", "PartyName": "ภูมิใจไทย", "PartyNumber": 63, "Title": "นาย", "Votable": true, "province_id": 84, "province_name": "สุราษฎร์ธานี", "zone_number": 4, "PartyTerminated": false, "Age": 59, "Occupation": "รองนายก อ.บ.ต บ้านธรรมเนียบ", "HighestEducation": "ปริญญาตรี", "ImageFileId": "5c583df9fbcb5f1eec10d679", "SelfIntroduceFileId": "5c5a7e64fbcb5f19bcaa55f4", "PartyLogo": "https://storage.googleapis.com/candidate-thumbs/party/63.png", "CandididatePhoto": "https://storage.googleapis.com/candidate-thumbs/images/84-4-16.jpg"}, {"Unnamed: 0": 6013, "CandidateId": "e289f288-cc11-4394-b7a0-a56df1b98309", "CandidateNo": 17, "FirstName": "ชาคฤช", "LastName": "ศรีภิรมย์มิตร", "PartyName": "เสรีรวมไทย", "PartyNumber": 145, "Title": "นาย", "Votable": true, "province_id": 84, "province_name": "สุราษฎร์ธานี", "zone_number": 4, "PartyTerminated": false, "Age": 56, "Occupation": "ผู้ใหญ่บ้าน", "HighestEducation": "ต่ำกว่าปริญญาตรี", "ImageFileId": "5c583cd5fbcb5f1eec10d5f7", "SelfIntroduceFileId": "5c5b8532fbcb5f16fc6514f7", "PartyLogo": "https://storage.googleapis.com/candidate-thumbs/party/145.png", "CandididatePhoto": "https://storage.googleapis.com/candidate-thumbs/images/84-4-17.jpg"}, {"Unnamed: 0": 6014, "CandidateId": "0df1ffa1-137c-4c12-bd43-8569c9365ce4", "CandidateNo": 18, "FirstName": "อรณิการ์", "LastName": "มัชฌิม", "PartyName": "เพื่อแผ่นดิน", "PartyNumber": 41, "Title": "นางสาว", "Votable": true, "province_id": 84, "province_name": "สุราษฎร์ธานี", "zone_number": 4, "PartyTerminated": false, "Age": 28, "Occupation": "ทำสวน", "HighestEducation": "ปริญญาตรี", "ImageFileId": "5c583d3cfbcb5f1eec10d640", "SelfIntroduceFileId": "5c5956dbfbcb5f1d8817f916", "PartyLogo": "https://storage.googleapis.com/candidate-thumbs/party/41.png", "CandididatePhoto": "https://storage.googleapis.com/candidate-thumbs/images/84-4-18.jpg"}, {"Unnamed: 0": 6015, "CandidateId": "943b7d9d-8451-4d1b-8bc4-ba8a114600c7", "CandidateNo": 19, "FirstName": "อุดม", "LastName": "สำราญสุข", "PartyName": "คลองไทย", "PartyNumber": 189, "Title": "นาย", "Votable": true, "province_id": 84, "province_name": "สุราษฎร์ธานี", "zone_number": 4, "PartyTerminated": false, "Age": 53, "Occupation": "อ.ส.ม", "HighestEducation": "ต่ำกว่าปริญญาตรี", "ImageFileId": "5c59391cfbcb5f1d88167f67", "SelfIntroduceFileId": "5c5952fafbcb5f1d8817d664", "PartyLogo": "https://storage.googleapis.com/candidate-thumbs/party/189.png", "CandididatePhoto": "https://storage.googleapis.com/candidate-thumbs/images/84-4-19.jpg"}, {"Unnamed: 0": 6016, "CandidateId": "05751490-3508-490b-91c6-14a83fc072f2", "CandidateNo": 20, "FirstName": "พิเชษฐ", "LastName": "กุศลชู", "PartyName": "ภราดรภาพ", "PartyNumber": 154, "Title": "นาย", "Votable": true, "province_id": 84, "province_name": "สุราษฎร์ธานี", "zone_number": 4, "PartyTerminated": false, "Age": 49, "Occupation": "ธุรกิจส่วนตัว", "HighestEducation": "ต่ำกว่าปริญญาตรี", "ImageFileId": "5c593a19fbcb5f1d88168cbf", "SelfIntroduceFileId": "5c5b7f4dfbcb5f16fc651297", "PartyLogo": "https://storage.googleapis.com/candidate-thumbs/party/154.png", "CandididatePhoto": "https://storage.googleapis.com/candidate-thumbs/images/84-4-20.jpg"}, {"Unnamed: 0": 6017, "CandidateId": "73563895-d4dc-47a0-94de-d1d07c65a046", "CandidateNo": 21, "FirstName": "กมล", "LastName": "ชาสวัสดิ์", "PartyName": "ครูไทยเพื่อประชาชน", "PartyNumber": 118, "Title": "นาย", "Votable": true, "province_id": 84, "province_name": "สุราษฎร์ธานี", "zone_number": 4, "PartyTerminated": false, "Age": 52, "Occupation": "ค้าขาย", "HighestEducation": "ปริญญาตรี", "ImageFileId": "5c5b9c41fbcb5f16fc656a0b", "SelfIntroduceFileId": "5c5b9e26fbcb5f16fc65722f", "PartyLogo": "https://storage.googleapis.com/candidate-thumbs/party/118.png", "CandididatePhoto": "https://storage.googleapis.com/candidate-thumbs/images/84-4-21.jpg"}, {"Unnamed: 0": 6018, "CandidateId": "d70d74b5-9d21-49f4-a67a-904e39bc1d8d", "CandidateNo": 22, "FirstName": "ไพโรจน์", "LastName": "ฤกษ์ดี", "PartyName": "พลังไทสร้างชาติ", "PartyNumber": 200, "Title": "นาย", "Votable": true, "province_id": 84, "province_name": "สุราษฎร์ธานี", "zone_number": 4, "PartyTerminated": false, "Age": 39, "Occupation": "ทนายความ", "HighestEducation": "ปริญญาตรี", "ImageFileId": "5c5ba9aafbcb5f16fc65c4c2", "SelfIntroduceFileId": "5c5bb4a4fbcb5f16fc66226b", "PartyLogo": "https://storage.googleapis.com/candidate-thumbs/party/200.png", "CandididatePhoto": "https://storage.googleapis.com/candidate-thumbs/images/84-4-22.jpg"}, {"Unnamed: 0": 6019, "CandidateId": "5cad4ca3-5b4d-417a-bc22-f61ea26ab0f0", "CandidateNo": 23, "FirstName": "เดโช", "LastName": "พรหมชิต", "PartyName": "พลังสังคม", "PartyNumber": 198, "Title": "นาย", "Votable": true, "province_id": 84, "province_name": "สุราษฎร์ธานี", "zone_number": 4, "PartyTerminated": false, "Age": 47, "Occupation": "ธุรกิจส่วนตัว", "HighestEducation": "ต่ำกว่าปริญญาตรี", "ImageFileId": "5c5bc644fbcb5f16fc667e56", "SelfIntroduceFileId": "5c5bca31fbcb5f16fc6694c8", "PartyLogo": "https://storage.googleapis.com/candidate-thumbs/party/198.png", "CandididatePhoto": "https://storage.googleapis.com/candidate-thumbs/images/84-4-23.jpg"}, {"Unnamed: 0": 6020, "CandidateId": "2b486065-de35-47fb-b7f0-4959fc652be1", "CandidateNo": 24, "FirstName": "ธนพล", "LastName": "สามงามแก้ว", "PartyName": "ประชาธิปไตยใหม่", "PartyNumber": 109, "Title": "นาย", "Votable": false, "province_id": 84, "province_name": "สุราษฎร์ธานี", "zone_number": 4, "PartyTerminated": false, "Age": 37, "Occupation": "เกษตรกร", "HighestEducation": "ต่ำกว่าปริญญาตรี", "ImageFileId": "5c5bdf93fbcb5f16fc673961", "SelfIntroduceFileId": "5c5be107fbcb5f16fc674416", "PartyLogo": "https://storage.googleapis.com/candidate-thumbs/party/109.png", "CandididatePhoto": "https://storage.googleapis.com/candidate-thumbs/images/84-4-24.jpg"}, {"Unnamed: 0": 6021, "CandidateId": "d8cb3d89-8cce-454d-8304-4caefcf15244", "CandidateNo": 25, "FirstName": "สิทธิพร", "LastName": "รุ่งรังศรี", "PartyName": "พลังไทยรักไทย", "PartyNumber": 185, "Title": "นาย", "Votable": true, "province_id": 84, "province_name": "สุราษฎร์ธานี", "zone_number": 4, "PartyTerminated": false, "Age": 54, "Occupation": "รับจ้างทั่วไป", "HighestEducation": "ต่ำกว่าปริญญาตรี", "ImageFileId": "5c5bf821fbcb5f16fc680321", "SelfIntroduceFileId": "5c5bfa23fbcb5f16fc680bf2", "PartyLogo": "https://storage.googleapis.com/candidate-thumbs/party/185.png", "CandididatePhoto": "https://storage.googleapis.com/candidate-thumbs/images/84-4-25.jpg"}, {"Unnamed: 0": 6022, "CandidateId": "13d08762-fbfd-46a5-a079-eb841021486d", "CandidateNo": 26, "FirstName": "ปิยะนุช", "LastName": "วงศ์ประไพ", "PartyName": "พลังประชาธิปไตย", "PartyNumber": 153, "Title": "นางสาว", "Votable": true, "province_id": 84, "province_name": "สุราษฎร์ธานี", "zone_number": 4, "PartyTerminated": false, "Age": 41, "Occupation": "ธุรกิจส่วนตัว", "HighestEducation": "ปริญญาตรี", "ImageFileId": "5c5d071efbcb5f0fd884bf15", "SelfIntroduceFileId": "5c5d086cfbcb5f0fd884c660", "PartyLogo": "https://storage.googleapis.com/candidate-thumbs/party/153.png", "CandididatePhoto": "https://storage.googleapis.com/candidate-thumbs/images/84-4-26.jpg"}, {"Unnamed: 0": 6023, "CandidateId": "71f1a721-02f7-4f99-b304-4910243aa7fc", "CandidateNo": 27, "FirstName": "สิทธิชัย", "LastName": "ขาวนิ่ม", "PartyName": "พลังชาติไทย", "PartyNumber": 186, "Title": "นาย", "Votable": true, "province_id": 84, "province_name": "สุราษฎร์ธานี", "zone_number": 4, "PartyTerminated": false, "Age": 31, "Occupation": "ทำสวน", "HighestEducation": "ปริญญาตรี", "ImageFileId": "5c5d0998fbcb5f0fd884cceb", "SelfIntroduceFileId": "5c5d0bc2fbcb5f0fd884d975", "PartyLogo": "https://storage.googleapis.com/candidate-thumbs/party/186.png", "CandididatePhoto": "https://storage.googleapis.com/candidate-thumbs/images/84-4-27.jpg"}, {"Unnamed: 0": 6024, "CandidateId": "6df48579-1a4f-4f72-aad4-b720b0c963c8", "CandidateNo": 28, "FirstName": "ณรงค์ชัย", "LastName": "ทองตำลึง", "PartyName": "ประชากรไทย", "PartyNumber": 2, "Title": "นาย", "Votable": true, "province_id": 84, "province_name": "สุราษฎร์ธานี", "zone_number": 4, "PartyTerminated": false, "Age": 63, "Occupation": "ทำสวน", "HighestEducation": "ปริญญาโท", "ImageFileId": "5c5d114cfbcb5f0fd884f614", "SelfIntroduceFileId": "5c5d1362fbcb5f0fd884fcab", "PartyLogo": "https://storage.googleapis.com/candidate-thumbs/party/2.png", "CandididatePhoto": "https://storage.googleapis.com/candidate-thumbs/images/84-4-28.jpg"}, {"Unnamed: 0": 6025, "CandidateId": "697e1afb-350d-4831-85fa-affb299395bf", "CandidateNo": 29, "FirstName": "ธรรศ", "LastName": "ทองคง", "PartyName": "ความหวังใหม่", "PartyNumber": 13, "Title": "นาย", "Votable": true, "province_id": 84, "province_name": "สุราษฎร์ธานี", "zone_number": 4, "PartyTerminated": false, "Age": 57, "Occupation": "ทนายความ", "HighestEducation": "ปริญญาโท", "ImageFileId": "5c5d3da7fbcb5f0fd886350a", "SelfIntroduceFileId": "5c5d3fc2fbcb5f0fd8864a66", "PartyLogo": "https://storage.googleapis.com/candidate-thumbs/party/13.png", "CandididatePhoto": "https://storage.googleapis.com/candidate-thumbs/images/84-4-29.jpg"}, {"Unnamed: 0": 6026, "CandidateId": "a8f5fd9a-626a-44ce-9fda-b72094cbd4f3", "CandidateNo": 30, "FirstName": "ณรงค์ฤทธิ์", "LastName": "ราชฉวาง", "PartyName": "แผ่นดินธรรม", "PartyNumber": 188, "Title": "นาย", "Votable": true, "province_id": 84, "province_name": "สุราษฎร์ธานี", "zone_number": 4, "PartyTerminated": false, "Age": 55, "Occupation": "เกษตรกร", "HighestEducation": "ต่ำกว่าปริญญาตรี", "ImageFileId": "5c5d4082fbcb5f0fd8865508", "SelfIntroduceFileId": "5c5d4358fbcb5f0fd88670ce", "PartyLogo": "https://storage.googleapis.com/candidate-thumbs/party/188.png", "CandididatePhoto": "https://storage.googleapis.com/candidate-thumbs/images/84-4-30.jpg"}, {"Unnamed: 0": 6027, "CandidateId": "06995fb7-ef6d-46af-aef2-74607b695a39", "CandidateNo": 31, "FirstName": "เกรียงไกร", "LastName": "นาควงศ์", "PartyName": "ประชาธรรมไทย", "PartyNumber": 190, "Title": "นาย", "Votable": true, "province_id": 84, "province_name": "สุราษฎร์ธานี", "zone_number": 4, "PartyTerminated": false, "Age": 54, "Occupation": "ธุรกิจส่วนตัว", "HighestEducation": "ต่ำกว่าปริญญาตรี", "ImageFileId": "5c5d444cfbcb5f0fd8867ce2", "SelfIntroduceFileId": "5c5d46c1fbcb5f0fd8869432", "PartyLogo": "https://storage.googleapis.com/candidate-thumbs/party/190.png", "CandididatePhoto": "https://storage.googleapis.com/candidate-thumbs/images/84-4-31.jpg"}, {"Unnamed: 0": 6028, "CandidateId": "6e50722b-555c-49dd-93a1-21d18719a931", "CandidateNo": 32, "FirstName": "วิทยา", "LastName": "แท่นรัตน์", "PartyName": "กรีน", "PartyNumber": 206, "Title": "นาย", "Votable": true, "province_id": 84, "province_name": "สุราษฎร์ธานี", "zone_number": 4, "PartyTerminated": false, "Age": 48, "Occupation": "เกษตรกร", "HighestEducation": "ต่ำกว่าปริญญาตรี", "ImageFileId": "5c5d47a2fbcb5f0fd8869e46", "SelfIntroduceFileId": "5c5d497efbcb5f0fd886b219", "PartyLogo": "https://storage.googleapis.com/candidate-thumbs/party/206.png", "CandididatePhoto": "https://storage.googleapis.com/candidate-thumbs/images/84-4-32.jpg"}, {"Unnamed: 0": 6029, "CandidateId": "082c35b6-ae54-42dd-9ce8-16acc4013c13", "CandidateNo": 33, "FirstName": "ชำนาญ", "LastName": "ส่งเสียง", "PartyName": "ไทรักธรรม", "PartyNumber": 144, "Title": "นาย", "Votable": true, "province_id": 84, "province_name": "สุราษฎร์ธานี", "zone_number": 4, "PartyTerminated": false, "Age": 54, "Occupation": "ธุรกิจส่วนตัว", "HighestEducation": "ต่ำกว่าปริญญาตรี", "ImageFileId": "5c5d53e6fbcb5f0fd8872858", "SelfIntroduceFileId": "5c5d589dfbcb5f0fd8876804", "PartyLogo": "https://storage.googleapis.com/candidate-thumbs/party/144.png", "CandididatePhoto": "https://storage.googleapis.com/candidate-thumbs/images/84-4-33.jpg"}]