[{"Unnamed: 0": 649, "CandidateId": "a4d185fa-50cd-4c87-b495-cb6bd18b1d1a", "CandidateNo": 1, "FirstName": "อิสมาแอล", "LastName": "ขุนดำ", "PartyName": "อนาคตใหม่", "PartyNumber": 177, "Title": "นาย", "Votable": true, "province_id": 91, "province_name": "สตูล", "zone_number": 1, "PartyTerminated": false, "Age": 55, "Occupation": "เกษตรกร", "HighestEducation": "ปริญญาตรี", "ImageFileId": "5c57adb8fbcb5f1eec0cf9cd", "SelfIntroduceFileId": "5c58ed54fbcb5f1d881309d9", "PartyLogo": "https://storage.googleapis.com/candidate-thumbs/party/177.png", "CandididatePhoto": "https://storage.googleapis.com/candidate-thumbs/images/91-1-1.jpg"}, {"Unnamed: 0": 650, "CandidateId": "a95522a2-8a9f-4c99-9812-51d9b7aad07c", "CandidateNo": 2, "FirstName": "ณรงค์", "LastName": "องสารา", "PartyName": "พลังปวงชนไทย", "PartyNumber": 184, "Title": "นาย", "Votable": true, "province_id": 91, "province_name": "สตูล", "zone_number": 1, "PartyTerminated": false, "Age": 42, "Occupation": "ฝ่ายขายและการตลาด", "HighestEducation": "ปริญญาตรี", "ImageFileId": "5c57c403fbcb5f1eec0d895e", "SelfIntroduceFileId": "5c58f621fbcb5f1d88135939", "PartyLogo": "https://storage.googleapis.com/candidate-thumbs/party/184.png", "CandididatePhoto": "https://storage.googleapis.com/candidate-thumbs/images/91-1-2.jpg"}, {"Unnamed: 0": 651, "CandidateId": "900a5c27-334c-40f3-ab00-231e8deb0dbd", "CandidateNo": 3, "FirstName": "นิพนธ์", "LastName": "มรรคาเขต", "PartyName": "ชาติไทยพัฒนา", "PartyNumber": 55, "Title": "นาย", "Votable": true, "province_id": 91, "province_name": "สตูล", "zone_number": 1, "PartyTerminated": false, "Age": 66, "Occupation": "ข้าราชการบำนาญ", "HighestEducation": "ปริญญาโท", "ImageFileId": "5c57c842fbcb5f1eec0daee5", "SelfIntroduceFileId": "5c58fb6ffbcb5f1d881391a3", "PartyLogo": "https://storage.googleapis.com/candidate-thumbs/party/55.png", "CandididatePhoto": "https://storage.googleapis.com/candidate-thumbs/images/91-1-3.jpg"}, {"Unnamed: 0": 652, "CandidateId": "efce664e-32a1-4a8e-b271-a7261aca0e93", "CandidateNo": 4, "FirstName": "อิบรอเหม", "LastName": "อาดำ", "PartyName": "ประชาธิปัตย์", "PartyNumber": 1, "Title": "นาย", "Votable": true, "province_id": 91, "province_name": "สตูล", "zone_number": 1, "PartyTerminated": false, "Age": 62, "Occupation": "เกษตรกร", "HighestEducation": "ปริญญาตรี", "ImageFileId": "5c57ccc7fbcb5f1eec0dc239", "SelfIntroduceFileId": "5c5902b5fbcb5f1d8813e4ec", "PartyLogo": "https://storage.googleapis.com/candidate-thumbs/party/1.png", "CandididatePhoto": "https://storage.googleapis.com/candidate-thumbs/images/91-1-4.jpg"}, {"Unnamed: 0": 653, "CandidateId": "6daafd89-a36d-4d39-a6e0-be5ab65e60de", "CandidateNo": 5, "FirstName": "สุริยา", "LastName": "บาราสัน", "PartyName": "พลังประชารัฐ", "PartyNumber": 192, "Title": "พันตำรวจโท", "Votable": true, "province_id": 91, "province_name": "สตูล", "zone_number": 1, "PartyTerminated": false, "Age": 61, "Occupation": "ข้าราชการบำนาญ", "HighestEducation": "ปริญญาตรี", "ImageFileId": "5c57cd4cfbcb5f1eec0dc40f", "SelfIntroduceFileId": "5c59157efbcb5f1d8814e379", "PartyLogo": "https://storage.googleapis.com/candidate-thumbs/party/192.png", "CandididatePhoto": "https://storage.googleapis.com/candidate-thumbs/images/91-1-5.jpg"}, {"Unnamed: 0": 654, "CandidateId": "df47c723-6abe-4604-ad93-8b5f6a3dbc2e", "CandidateNo": 6, "FirstName": "พิบูลย์", "LastName": "รัชกิจประการ", "PartyName": "ภูมิใจไทย", "PartyNumber": 63, "Title": "นาย", "Votable": true, "province_id": 91, "province_name": "สตูล", "zone_number": 1, "PartyTerminated": false, "Age": 57, "Occupation": "นักธุรกิจด้านการเกษตร", "HighestEducation": "ปริญญาตรี", "ImageFileId": "5c57ce2bfbcb5f1eec0dc705", "SelfIntroduceFileId": "5c5919f0fbcb5f1d881507ac", "PartyLogo": "https://storage.googleapis.com/candidate-thumbs/party/63.png", "CandididatePhoto": "https://storage.googleapis.com/candidate-thumbs/images/91-1-6.jpg"}, {"Unnamed: 0": 655, "CandidateId": "e36e1840-65d8-45f5-8b6e-b15bc9062179", "CandidateNo": 7, "FirstName": "สมหมาย", "LastName": "ตุกังหัน", "PartyName": "พลังท้องถิ่นไท", "PartyNumber": 124, "Title": "นาย", "Votable": true, "province_id": 91, "province_name": "สตูล", "zone_number": 1, "PartyTerminated": false, "Age": 51, "Occupation": "สมาชิกสภาองค์การบริหารส่วนจังหวัดสตูล", "HighestEducation": "ต่ำกว่าปริญญาตรี", "ImageFileId": "5c57ceaefbcb5f1eec0dc900", "SelfIntroduceFileId": "5c5929ddfbcb5f1d88159d4e", "PartyLogo": "https://storage.googleapis.com/candidate-thumbs/party/124.png", "CandididatePhoto": "https://storage.googleapis.com/candidate-thumbs/images/91-1-7.jpg"}, {"Unnamed: 0": 656, "CandidateId": "344daa44-e145-4b43-a538-80633bf7b2c9", "CandidateNo": 8, "FirstName": "ชาตรี", "LastName": "เบญจไพบูลย์", "PartyName": "รวมพลังประชาชาติไทย", "PartyNumber": 181, "Title": "นาย", "Votable": true, "province_id": 91, "province_name": "สตูล", "zone_number": 1, "PartyTerminated": false, "Age": 55, "Occupation": "ทนายความ", "HighestEducation": "ปริญญาตรี", "ImageFileId": "5c57cf40fbcb5f1eec0dca10", "SelfIntroduceFileId": "5c5939ecfbcb5f1d88168a71", "PartyLogo": "https://storage.googleapis.com/candidate-thumbs/party/181.png", "CandididatePhoto": "https://storage.googleapis.com/candidate-thumbs/images/91-1-8.jpg"}, {"Unnamed: 0": 657, "CandidateId": "8181da8c-93d5-475e-bd3d-914e0e37896e", "CandidateNo": 9, "FirstName": "อสิ", "LastName": "มะหะมัดยังกี", "PartyName": "ไทยรักษาชาติ", "PartyNumber": 77, "Title": "นาย", "Votable": true, "province_id": 91, "province_name": "สตูล", "zone_number": 1, "PartyTerminated": true, "Age": 60, "Occupation": "ประกอบวิชาชีพเวชกรรม", "HighestEducation": "ปริญญาตรี", "ImageFileId": "5c57d089fbcb5f1eec0dcf57", "SelfIntroduceFileId": "5c59424efbcb5f1d8816fb1d", "PartyLogo": "https://storage.googleapis.com/candidate-thumbs/party/77.png", "CandididatePhoto": "https://storage.googleapis.com/candidate-thumbs/images/91-1-9.jpg"}, {"Unnamed: 0": 658, "CandidateId": "a663c8e9-8266-4c01-af1e-675ef43d1a32", "CandidateNo": 10, "FirstName": "ยงยุทธ", "LastName": "ประสมศรี", "PartyName": "เพื่อชาติ", "PartyNumber": 149, "Title": "นาย", "Votable": true, "province_id": 91, "province_name": "สตูล", "zone_number": 1, "PartyTerminated": false, "Age": 51, "Occupation": "ทนายความ", "HighestEducation": "ปริญญาตรี", "ImageFileId": "5c57d0e5fbcb5f1eec0dd097", "SelfIntroduceFileId": "5c594c57fbcb5f1d881783fd", "PartyLogo": "https://storage.googleapis.com/candidate-thumbs/party/149.png", "CandididatePhoto": "https://storage.googleapis.com/candidate-thumbs/images/91-1-10.jpg"}, {"Unnamed: 0": 659, "CandidateId": "4ae29a0b-911a-49cb-8c77-4c00a7b3b00d", "CandidateNo": 11, "FirstName": "รอสี", "LastName": "ใบกาเด็ม", "PartyName": "ประชาชาติ", "PartyNumber": 187, "Title": "นาย", "Votable": true, "province_id": 91, "province_name": "สตูล", "zone_number": 1, "PartyTerminated": false, "Age": 47, "Occupation": "นักการเมืองท้องถิ่น", "HighestEducation": "ปริญญาโท", "ImageFileId": "5c57d142fbcb5f1eec0dd27a", "SelfIntroduceFileId": "5c5950b3fbcb5f1d8817b86f", "PartyLogo": "https://storage.googleapis.com/candidate-thumbs/party/187.png", "CandididatePhoto": "https://storage.googleapis.com/candidate-thumbs/images/91-1-11.jpg"}, {"Unnamed: 0": 660, "CandidateId": "ee1e119f-94db-4e6c-ace8-06484cdb7c6a", "CandidateNo": 12, "FirstName": "วิภัชภณ", "LastName": "สุธากุล", "PartyName": "เสรีรวมไทย", "PartyNumber": 145, "Title": "นาย", "Votable": true, "province_id": 91, "province_name": "สตูล", "zone_number": 1, "PartyTerminated": false, "Age": 58, "Occupation": "ข้าราชการ", "HighestEducation": "ปริญญาโท", "ImageFileId": "5c57d1befbcb5f1eec0dd3c0", "SelfIntroduceFileId": "5c5a4662fbcb5f19bca8d272", "PartyLogo": "https://storage.googleapis.com/candidate-thumbs/party/145.png", "CandididatePhoto": "https://storage.googleapis.com/candidate-thumbs/images/91-1-12.jpg"}, {"Unnamed: 0": 661, "CandidateId": "5241c3d6-e3de-4e96-9d41-cc49e675f693", "CandidateNo": 13, "FirstName": "ภณิชชา", "LastName": "จิรบวรภัทร", "PartyName": "เพื่อแผ่นดิน", "PartyNumber": 41, "Title": "ว่าที่ร้อยตรีหญิง", "Votable": true, "province_id": 91, "province_name": "สตูล", "zone_number": 1, "PartyTerminated": false, "Age": 37, "Occupation": "จำหน่ายสลากกินแบ่งรัฐบาล", "HighestEducation": "ปริญญาตรี", "ImageFileId": "5c57d240fbcb5f1eec0dd517", "SelfIntroduceFileId": "5c5d4aabfbcb5f0fd886c37f", "PartyLogo": "https://storage.googleapis.com/candidate-thumbs/party/41.png", "CandididatePhoto": "https://storage.googleapis.com/candidate-thumbs/images/91-1-13.jpg"}, {"Unnamed: 0": 662, "CandidateId": "89f4162c-5146-417b-9427-56ef40627df2", "CandidateNo": 14, "FirstName": "สมทรง", "LastName": "ปานช่วย", "PartyName": "พลังไทยรักไทย", "PartyNumber": 185, "Title": "นาง", "Votable": true, "province_id": 91, "province_name": "สตูล", "zone_number": 1, "PartyTerminated": false, "Age": 49, "Occupation": "ทำสวน", "HighestEducation": "ต่ำกว่าปริญญาตรี", "ImageFileId": "5c57d5cafbcb5f1eec0de691", "SelfIntroduceFileId": "5c5a606bfbcb5f19bca9b459", "PartyLogo": "https://storage.googleapis.com/candidate-thumbs/party/185.png", "CandididatePhoto": "https://storage.googleapis.com/candidate-thumbs/images/91-1-14.jpg"}, {"Unnamed: 0": 663, "CandidateId": "ef3e3e3a-1850-4d5f-834c-2d6e44912486", "CandidateNo": 15, "FirstName": "เสส", "LastName": "มรรคาเขต", "PartyName": "เพื่อธรรม", "PartyNumber": 98, "Title": "นาย", "Votable": true, "province_id": 91, "province_name": "สตูล", "zone_number": 1, "PartyTerminated": false, "Age": 75, "Occupation": "เกษตรกรรม", "HighestEducation": "ต่ำกว่าปริญญาตรี", "ImageFileId": "5c57d86bfbcb5f1eec0df205", "SelfIntroduceFileId": "5c5a6691fbcb5f19bca9e347", "PartyLogo": "https://storage.googleapis.com/candidate-thumbs/party/98.png", "CandididatePhoto": "https://storage.googleapis.com/candidate-thumbs/images/91-1-15.jpg"}, {"Unnamed: 0": 664, "CandidateId": "79b5c844-26cc-4468-aff2-3cee993f42e0", "CandidateNo": 16, "FirstName": "หวันอาบีดีน", "LastName": "ปะดุกา", "PartyName": "ประชาภิวัฒน์", "PartyNumber": 172, "Title": "นาย", "Votable": true, "province_id": 91, "province_name": "สตูล", "zone_number": 1, "PartyTerminated": false, "Age": 52, "Occupation": "ทำสวน", "HighestEducation": "ต่ำกว่าปริญญาตรี", "ImageFileId": "5c57ec8afbcb5f1eec0e7eec", "SelfIntroduceFileId": "5c5a8360fbcb5f19bcaa813d", "PartyLogo": "https://storage.googleapis.com/candidate-thumbs/party/172.png", "CandididatePhoto": "https://storage.googleapis.com/candidate-thumbs/images/91-1-16.jpg"}, {"Unnamed: 0": 665, "CandidateId": "08c7332a-24a9-4522-9744-6efa7dcc94d8", "CandidateNo": 17, "FirstName": "อัษฎางค์", "LastName": "ดวงเอี่ยม", "PartyName": "ประชาชนปฏิรูป", "PartyNumber": 176, "Title": "นาย", "Votable": true, "province_id": 91, "province_name": "สตูล", "zone_number": 1, "PartyTerminated": false, "Age": 34, "Occupation": "พนักงานบริษัท", "HighestEducation": "ปริญญาตรี", "ImageFileId": "5c59140cfbcb5f1d8814d0bf", "SelfIntroduceFileId": "5c5a88a1fbcb5f19bcaaa452", "PartyLogo": "https://storage.googleapis.com/candidate-thumbs/party/176.png", "CandididatePhoto": "https://storage.googleapis.com/candidate-thumbs/images/91-1-17.jpg"}, {"Unnamed: 0": 666, "CandidateId": "02015ac5-9b35-4a46-9cb8-1666afff784c", "CandidateNo": 18, "FirstName": "เทพชัย", "LastName": "มิตรเปรียญ", "PartyName": "รักษ์ผืนป่าประเทศไทย", "PartyNumber": 133, "Title": "ร.ต.อ.", "Votable": true, "province_id": 91, "province_name": "สตูล", "zone_number": 1, "PartyTerminated": false, "Age": 60, "Occupation": "รับราชการตำรวจ", "HighestEducation": "ต่ำกว่าปริญญาตรี", "ImageFileId": "5c5936bcfbcb5f1d881659cf", "SelfIntroduceFileId": "5c5a9dbcfbcb5f19bcab39a4", "PartyLogo": "https://storage.googleapis.com/candidate-thumbs/party/133.png", "CandididatePhoto": "https://storage.googleapis.com/candidate-thumbs/images/91-1-18.jpg"}, {"Unnamed: 0": 667, "CandidateId": "e92df521-e430-437a-93fd-1328fecb9799", "CandidateNo": 19, "FirstName": "อะลี", "LastName": "หมาดสุวรรณ", "PartyName": "เศรษฐกิจใหม่", "PartyNumber": 193, "Title": "นาย", "Votable": true, "province_id": 91, "province_name": "สตูล", "zone_number": 1, "PartyTerminated": false, "Age": 34, "Occupation": "ค้าขาย", "HighestEducation": "ปริญญาตรี", "ImageFileId": "5c5a7ec5fbcb5f19bcaa5aca", "SelfIntroduceFileId": "5c5a9e57fbcb5f19bcab3f46", "PartyLogo": "https://storage.googleapis.com/candidate-thumbs/party/193.png", "CandididatePhoto": "https://storage.googleapis.com/candidate-thumbs/images/91-1-19.jpg"}, {"Unnamed: 0": 668, "CandidateId": "171eb9a7-27e3-4d3f-a1e1-5e0de081a033", "CandidateNo": 20, "FirstName": "ศราวุฒิ", "LastName": "ศรเดช", "PartyName": "คลองไทย", "PartyNumber": 189, "Title": "นาย", "Votable": true, "province_id": 91, "province_name": "สตูล", "zone_number": 1, "PartyTerminated": false, "Age": 63, "Occupation": "ข้าราชการบำนาญ", "HighestEducation": "ปริญญาโท", "ImageFileId": "5c5a964afbcb5f19bcab0862", "SelfIntroduceFileId": "5c5aa1a0fbcb5f19bcab538b", "PartyLogo": "https://storage.googleapis.com/candidate-thumbs/party/189.png", "CandididatePhoto": "https://storage.googleapis.com/candidate-thumbs/images/91-1-20.jpg"}, {"Unnamed: 0": 669, "CandidateId": "0e26d89c-8159-48a8-b148-d5eed509594e", "CandidateNo": 21, "FirstName": "นลินนาถ", "LastName": "นพสุวรรณ", "PartyName": "ครูไทยเพื่อประชาชน", "PartyNumber": 118, "Title": "นาง", "Votable": true, "province_id": 91, "province_name": "สตูล", "zone_number": 1, "PartyTerminated": false, "Age": 55, "Occupation": "ค้าขาย", "HighestEducation": "ปริญญาตรี", "ImageFileId": "5c5ba2eefbcb5f16fc6596a4", "SelfIntroduceFileId": "5c5ba998fbcb5f16fc65c3c6", "PartyLogo": "https://storage.googleapis.com/candidate-thumbs/party/118.png", "CandididatePhoto": "https://storage.googleapis.com/candidate-thumbs/images/91-1-21.jpg"}, {"Unnamed: 0": 670, "CandidateId": "daa1dc14-05b5-4b46-b450-7a4dc639c024", "CandidateNo": 22, "FirstName": "สมมาศ", "LastName": "ประสิทธิ์นุ้ย", "PartyName": "ประชานิยม", "PartyNumber": 191, "Title": "ร้อยตำรวจตรี", "Votable": true, "province_id": 91, "province_name": "สตูล", "zone_number": 1, "PartyTerminated": false, "Age": 60, "Occupation": "เกษตรกรรม", "HighestEducation": "ต่ำกว่าปริญญาตรี", "ImageFileId": "5c5bcfe7fbcb5f16fc66babb", "SelfIntroduceFileId": "5c5be269fbcb5f16fc674f21", "PartyLogo": "https://storage.googleapis.com/candidate-thumbs/party/191.png", "CandididatePhoto": "https://storage.googleapis.com/candidate-thumbs/images/91-1-22.jpg"}, {"Unnamed: 0": 671, "CandidateId": "99e42a2c-9abd-454e-ba30-78ee27c50aff", "CandidateNo": 23, "FirstName": "วิธวัฒน์", "LastName": "เจ๊ะสัน", "PartyName": "พลังประชาธิปไตย", "PartyNumber": 153, "Title": "นาย", "Votable": true, "province_id": 91, "province_name": "สตูล", "zone_number": 1, "PartyTerminated": false, "Age": 56, "Occupation": "ธุรกิจส่วนตัว", "HighestEducation": "ปริญญาตรี", "ImageFileId": "5c5bd4d1fbcb5f16fc66e08e", "SelfIntroduceFileId": "5c5be41dfbcb5f16fc675ca4", "PartyLogo": "https://storage.googleapis.com/candidate-thumbs/party/153.png", "CandididatePhoto": "https://storage.googleapis.com/candidate-thumbs/images/91-1-23.jpg"}, {"Unnamed: 0": 672, "CandidateId": "92ea5c03-3564-411d-8de4-53d4945dbd8a", "CandidateNo": 24, "FirstName": "ปิยะนุช", "LastName": "คงแดง", "PartyName": "พลังชาติไทย", "PartyNumber": 186, "Title": "ว่าที่ร้อยตรีหญิง", "Votable": true, "province_id": 91, "province_name": "สตูล", "zone_number": 1, "PartyTerminated": false, "Age": 26, "Occupation": "พนักงานโรงแรม", "HighestEducation": "ปริญญาตรี", "ImageFileId": "5c5bd520fbcb5f16fc66e1c5", "SelfIntroduceFileId": "5c5bea21fbcb5f16fc679165", "PartyLogo": "https://storage.googleapis.com/candidate-thumbs/party/186.png", "CandididatePhoto": "https://storage.googleapis.com/candidate-thumbs/images/91-1-24.jpg"}, {"Unnamed: 0": 673, "CandidateId": "fb730ee1-bcc6-4791-85d1-d2b62cd477af", "CandidateNo": 25, "FirstName": "อัยรีน", "LastName": "เส็นติหย๊ะ", "PartyName": "ประชาธรรมไทย", "PartyNumber": 190, "Title": "นาง", "Votable": true, "province_id": 91, "province_name": "สตูล", "zone_number": 1, "PartyTerminated": false, "Age": 42, "Occupation": "ผู้จัดการซิงเกอร์สาขาหาดใหญ่ สาขาย่อยสตูล", "HighestEducation": "ต่ำกว่าปริญญาตรี", "ImageFileId": "5c5cfa9bfbcb5f0fd8845486", "SelfIntroduceFileId": "5c5d3c34fbcb5f0fd88626ea", "PartyLogo": "https://storage.googleapis.com/candidate-thumbs/party/190.png", "CandididatePhoto": "https://storage.googleapis.com/candidate-thumbs/images/91-1-25.jpg"}, {"Unnamed: 0": 674, "CandidateId": "b4a3b4c8-0166-4bdb-8805-070299a43df8", "CandidateNo": 26, "FirstName": "อาหมาด", "LastName": "ปะดุกา", "PartyName": "ถิ่นกาขาวชาววิไล", "PartyNumber": 129, "Title": "นาย", "Votable": true, "province_id": 91, "province_name": "สตูล", "zone_number": 1, "PartyTerminated": false, "Age": 64, "Occupation": "รับจ้างทั่วไป", "HighestEducation": "ต่ำกว่าปริญญาตรี", "ImageFileId": "5c5cfb1dfbcb5f0fd88458dd", "SelfIntroduceFileId": "5c5d3fb4fbcb5f0fd886499a", "PartyLogo": "https://storage.googleapis.com/candidate-thumbs/party/129.png", "CandididatePhoto": "https://storage.googleapis.com/candidate-thumbs/images/91-1-26.jpg"}, {"Unnamed: 0": 675, "CandidateId": "382a7942-6f26-439b-8902-37406f932791", "CandidateNo": 27, "FirstName": "สนิท", "LastName": "จันทร์โสด", "PartyName": "พลเมืองไทย", "PartyNumber": 173, "Title": "นาย", "Votable": true, "province_id": 91, "province_name": "สตูล", "zone_number": 1, "PartyTerminated": false, "Age": 57, "Occupation": "เกษตรกรรม ทำสวน", "HighestEducation": "ต่ำกว่าปริญญาตรี", "ImageFileId": "5c5d23b7fbcb5f0fd8855c55", "SelfIntroduceFileId": "5c5d409afbcb5f0fd886571d", "PartyLogo": "https://storage.googleapis.com/candidate-thumbs/party/173.png", "CandididatePhoto": "https://storage.googleapis.com/candidate-thumbs/images/91-1-27.jpg"}, {"Unnamed: 0": 676, "CandidateId": "90facb81-b822-40ad-b168-7bad50a11ee1", "CandidateNo": 28, "FirstName": "อมัด", "LastName": "อุสมัน", "PartyName": "มหาชน", "PartyNumber": 4, "Title": "นาย", "Votable": true, "province_id": 91, "province_name": "สตูล", "zone_number": 1, "PartyTerminated": false, "Age": 52, "Occupation": "เกษตรกรรม ค้าขาย", "HighestEducation": "ต่ำกว่าปริญญาตรี", "ImageFileId": "5c5d3ec9fbcb5f0fd8864029", "SelfIntroduceFileId": "5c5d434cfbcb5f0fd8867066", "PartyLogo": "https://storage.googleapis.com/candidate-thumbs/party/4.png", "CandididatePhoto": "https://storage.googleapis.com/candidate-thumbs/images/91-1-28.jpg"}, {"Unnamed: 0": 677, "CandidateId": "63ca20e9-3414-44bb-9f63-8f722a532be5", "CandidateNo": 29, "FirstName": "สมควร", "LastName": "อบทอง", "PartyName": "ไทรักธรรม", "PartyNumber": 144, "Title": "นาย", "Votable": true, "province_id": 91, "province_name": "สตูล", "zone_number": 1, "PartyTerminated": false, "Age": 38, "Occupation": "รับจ้าง", "HighestEducation": "ต่ำกว่าปริญญาตรี", "ImageFileId": "5c5d5390fbcb5f0fd887241b", "SelfIntroduceFileId": "5c5d55e4fbcb5f0fd8874704", "PartyLogo": "https://storage.googleapis.com/candidate-thumbs/party/144.png", "CandididatePhoto": "https://storage.googleapis.com/candidate-thumbs/images/91-1-29.jpg"}]