[{"Unnamed: 0": 5720, "CandidateId": "7f6aaeba-28a1-407f-8d25-cc1f0e188d1e", "CandidateNo": 1, "FirstName": "นิจตะยา", "LastName": "คงชุ่มชื่น", "PartyName": "เสรีรวมไทย", "PartyNumber": 145, "Title": "นางสาว", "Votable": true, "province_id": 47, "province_name": "สกลนคร", "zone_number": 2, "PartyTerminated": false, "Age": 50, "Occupation": "ค้าขาย", "HighestEducation": "ต่ำกว่าปริญญาตรี", "ImageFileId": "5c57ead3fbcb5f1eec0e7233", "SelfIntroduceFileId": "5c59125bfbcb5f1d8814ba55", "PartyLogo": "https://storage.googleapis.com/candidate-thumbs/party/145.png", "CandididatePhoto": "https://storage.googleapis.com/candidate-thumbs/images/47-2-1.jpg"}, {"Unnamed: 0": 5721, "CandidateId": "07802574-e96f-481f-93a0-2810f15752a7", "CandidateNo": 2, "FirstName": "ธัญญ์ลภัสส์", "LastName": "โสรินทร์", "PartyName": "รวมพลังประชาชาติไทย", "PartyNumber": 181, "Title": "นางสาว", "Votable": true, "province_id": 47, "province_name": "สกลนคร", "zone_number": 2, "PartyTerminated": false, "Age": 33, "Occupation": "ค้าขาย", "HighestEducation": "ปริญญาโท", "ImageFileId": "5c57fe06fbcb5f1eec0f4273", "SelfIntroduceFileId": "5c5bba5afbcb5f16fc66493b", "PartyLogo": "https://storage.googleapis.com/candidate-thumbs/party/181.png", "CandididatePhoto": "https://storage.googleapis.com/candidate-thumbs/images/47-2-2.jpg"}, {"Unnamed: 0": 5722, "CandidateId": "ea77d44d-00c2-41af-8aa0-2ec666a9d7eb", "CandidateNo": 3, "FirstName": "อนุชิตชัย", "LastName": "ชมภูราช", "PartyName": "ประชาธิปัตย์", "PartyNumber": 1, "Title": "นาย", "Votable": true, "province_id": 47, "province_name": "สกลนคร", "zone_number": 2, "PartyTerminated": false, "Age": 46, "Occupation": "สมาชิกสภาเทศบาลสกลนคร", "HighestEducation": "ปริญญาตรี", "ImageFileId": "5c58006ffbcb5f1eec0f60fe", "SelfIntroduceFileId": "5c592ddefbcb5f1d8815e161", "PartyLogo": "https://storage.googleapis.com/candidate-thumbs/party/1.png", "CandididatePhoto": "https://storage.googleapis.com/candidate-thumbs/images/47-2-3.jpg"}, {"Unnamed: 0": 5723, "CandidateId": "e00321b4-4c0e-4269-a714-6def28d49327", "CandidateNo": 4, "FirstName": "ชาญชัย", "LastName": "งอยผาลา", "PartyName": "พลังประชารัฐ", "PartyNumber": 192, "Title": "นาย", "Votable": true, "province_id": 47, "province_name": "สกลนคร", "zone_number": 2, "PartyTerminated": false, "Age": 70, "Occupation": "สมาชิกองค์การบริหารส่วนจังหวัดสกลนคร", "HighestEducation": "ปริญญาตรี", "ImageFileId": "5c580348fbcb5f1eec0f8bec", "SelfIntroduceFileId": "5c593a11fbcb5f1d88168c33", "PartyLogo": "https://storage.googleapis.com/candidate-thumbs/party/192.png", "CandididatePhoto": "https://storage.googleapis.com/candidate-thumbs/images/47-2-4.jpg"}, {"Unnamed: 0": 5724, "CandidateId": "120347b9-fccc-4782-9b85-692ee398fbcc", "CandidateNo": 5, "FirstName": "ชลิดา", "LastName": "วัฒนะ", "PartyName": "พลังปวงชนไทย", "PartyNumber": 184, "Title": "นาง", "Votable": true, "province_id": 47, "province_name": "สกลนคร", "zone_number": 2, "PartyTerminated": false, "Age": 36, "Occupation": "แม่บ้าน", "HighestEducation": "ต่ำกว่าปริญญาตรี", "ImageFileId": "5c580561fbcb5f1eec0fac2f", "SelfIntroduceFileId": "5c5940cbfbcb5f1d8816e5e7", "PartyLogo": "https://storage.googleapis.com/candidate-thumbs/party/184.png", "CandididatePhoto": "https://storage.googleapis.com/candidate-thumbs/images/47-2-5.jpg"}, {"Unnamed: 0": 5725, "CandidateId": "7ab2dcd7-4a0f-4c52-a9ed-e99f83b35c35", "CandidateNo": 6, "FirstName": "วิลเลี่ยม", "LastName": "พรหมภักดี", "PartyName": "ชาติพัฒนา", "PartyNumber": 45, "Title": "นาย", "Votable": true, "province_id": 47, "province_name": "สกลนคร", "zone_number": 2, "PartyTerminated": false, "Age": 59, "Occupation": "อดีตสมาชิกองค์การบริหารส่วนจังหวัดสกลนคร", "HighestEducation": "ปริญญาตรี", "ImageFileId": "5c5806a0fbcb5f1eec0fbad0", "SelfIntroduceFileId": "5c594c8dfbcb5f1d881786e1", "PartyLogo": "https://storage.googleapis.com/candidate-thumbs/party/45.png", "CandididatePhoto": "https://storage.googleapis.com/candidate-thumbs/images/47-2-6.jpg"}, {"Unnamed: 0": 5726, "CandidateId": "f950e03a-9fec-4383-ad35-58d93d1ee983", "CandidateNo": 7, "FirstName": "ชาตรี", "LastName": "หล้าพรหม", "PartyName": "ประชาชาติ", "PartyNumber": 187, "Title": "นาย", "Votable": true, "province_id": 47, "province_name": "สกลนคร", "zone_number": 2, "PartyTerminated": false, "Age": 47, "Occupation": "ที่ปรึกษานายก อบต เชียงสือ", "HighestEducation": "ต่ำกว่าปริญญาตรี", "ImageFileId": "5c5807e7fbcb5f1eec0fcdc4", "SelfIntroduceFileId": "5c5a9c77fbcb5f19bcab307d", "PartyLogo": "https://storage.googleapis.com/candidate-thumbs/party/187.png", "CandididatePhoto": "https://storage.googleapis.com/candidate-thumbs/images/47-2-7.jpg"}, {"Unnamed: 0": 5727, "CandidateId": "8951e997-20ae-477b-852f-84989a15d294", "CandidateNo": 8, "FirstName": "ฉลาด", "LastName": "ขันธุลา", "PartyName": "พลังท้องถิ่นไท", "PartyNumber": 124, "Title": "นาย", "Votable": true, "province_id": 47, "province_name": "สกลนคร", "zone_number": 2, "PartyTerminated": false, "Age": 54, "Occupation": "รับจ้างทั่วไป", "HighestEducation": "ปริญญาโท", "ImageFileId": "5c580ad4fbcb5f1eec0fefda", "SelfIntroduceFileId": "5c5a3b32fbcb5f19bca88ebb", "PartyLogo": "https://storage.googleapis.com/candidate-thumbs/party/124.png", "CandididatePhoto": "https://storage.googleapis.com/candidate-thumbs/images/47-2-8.jpg"}, {"Unnamed: 0": 5728, "CandidateId": "4c7c3501-035c-40ae-9cbd-654cf4ccc0b1", "CandidateNo": 9, "FirstName": "หมื่นศักดิ์", "LastName": "อินธิแสง", "PartyName": "พลเมืองไทย", "PartyNumber": 173, "Title": "นาย", "Votable": true, "province_id": 47, "province_name": "สกลนคร", "zone_number": 2, "PartyTerminated": false, "Age": 63, "Occupation": "ข้าราชการบำนาญ", "HighestEducation": "ปริญญาโท", "ImageFileId": "5c580d32fbcb5f1eec100b4a", "SelfIntroduceFileId": "5c5a447ffbcb5f19bca8c48c", "PartyLogo": "https://storage.googleapis.com/candidate-thumbs/party/173.png", "CandididatePhoto": "https://storage.googleapis.com/candidate-thumbs/images/47-2-9.jpg"}, {"Unnamed: 0": 5729, "CandidateId": "a5c78fd9-c729-4218-af85-bd950257f177", "CandidateNo": 10, "FirstName": "เขมจิรา", "LastName": "ชุมปัญญา", "PartyName": "เพื่อคนไทย", "PartyNumber": 183, "Title": "นางสาว", "Votable": true, "province_id": 47, "province_name": "สกลนคร", "zone_number": 2, "PartyTerminated": false, "Age": 47, "Occupation": "ธุรกิจส่วนตัว", "HighestEducation": "ปริญญาตรี", "ImageFileId": "5c580e3afbcb5f1eec10179e", "SelfIntroduceFileId": "5c5bab9afbcb5f16fc65d14b", "PartyLogo": "https://storage.googleapis.com/candidate-thumbs/party/183.png", "CandididatePhoto": "https://storage.googleapis.com/candidate-thumbs/images/47-2-10.jpg"}, {"Unnamed: 0": 5730, "CandidateId": "7b5417df-c11e-45fc-82e5-b5455bb44102", "CandidateNo": 11, "FirstName": "ภูเบศวร์", "LastName": "เห็นหลอด", "PartyName": "อนาคตใหม่", "PartyNumber": 177, "Title": "นาย", "Votable": true, "province_id": 47, "province_name": "สกลนคร", "zone_number": 2, "PartyTerminated": false, "Age": 30, "Occupation": "ธุรกิจส่วน", "HighestEducation": "ปริญญาตรี", "ImageFileId": "5c580fc1fbcb5f1eec102a64", "SelfIntroduceFileId": "5c5a5cd1fbcb5f19bca99012", "PartyLogo": "https://storage.googleapis.com/candidate-thumbs/party/177.png", "CandididatePhoto": "https://storage.googleapis.com/candidate-thumbs/images/47-2-11.jpg"}, {"Unnamed: 0": 5731, "CandidateId": "1e1f0298-ddf5-4b29-b2b5-4fa9ddbfecb6", "CandidateNo": 12, "FirstName": "สุนทรี", "LastName": "สุวรรณเรืองฉาย", "PartyName": "ประชานิยม", "PartyNumber": 191, "Title": "นางสาว", "Votable": true, "province_id": 47, "province_name": "สกลนคร", "zone_number": 2, "PartyTerminated": false, "Age": 44, "Occupation": "รับเหมาก่อสร้าง", "HighestEducation": "ต่ำกว่าปริญญาตรี", "ImageFileId": "5c581100fbcb5f1eec10370d", "SelfIntroduceFileId": "5c5a9e36fbcb5f19bcab3e2c", "PartyLogo": "https://storage.googleapis.com/candidate-thumbs/party/191.png", "CandididatePhoto": "https://storage.googleapis.com/candidate-thumbs/images/47-2-12.jpg"}, {"Unnamed: 0": 5732, "CandidateId": "f1b86cae-9c44-437e-884e-cb13adbd0dea", "CandidateNo": 13, "FirstName": "ศักดิ์ชัย", "LastName": "ฤทธิ์จันดี", "PartyName": "ประชาชนปฏิรูป", "PartyNumber": 176, "Title": "นาย", "Votable": true, "province_id": 47, "province_name": "สกลนคร", "zone_number": 2, "PartyTerminated": false, "Age": 56, "Occupation": "ค้าขาย", "HighestEducation": "ต่ำกว่าปริญญาตรี", "ImageFileId": "5c58131ffbcb5f1eec1048ef", "SelfIntroduceFileId": "5c5a65edfbcb5f19bca9dd4b", "PartyLogo": "https://storage.googleapis.com/candidate-thumbs/party/176.png", "CandididatePhoto": "https://storage.googleapis.com/candidate-thumbs/images/47-2-13.jpg"}, {"Unnamed: 0": 5733, "CandidateId": "03df3113-fd9d-4282-bfa6-b25f48f8f142", "CandidateNo": 14, "FirstName": "ดำเกิง", "LastName": "วงศ์กาฬสินธุ์", "PartyName": "ภูมิใจไทย", "PartyNumber": 63, "Title": "นาย", "Votable": true, "province_id": 47, "province_name": "สกลนคร", "zone_number": 2, "PartyTerminated": false, "Age": 70, "Occupation": "ข้าราชการบำนาญ", "HighestEducation": "ปริญญาโท", "ImageFileId": "5c58148afbcb5f1eec105501", "SelfIntroduceFileId": "5c5a71f6fbcb5f19bcaa0d5b", "PartyLogo": "https://storage.googleapis.com/candidate-thumbs/party/63.png", "CandididatePhoto": "https://storage.googleapis.com/candidate-thumbs/images/47-2-14.jpg"}, {"Unnamed: 0": 5734, "CandidateId": "03f974af-fbe4-444a-8df1-6dcbddedbc27", "CandidateNo": 15, "FirstName": "ธีรพงค์", "LastName": "พรมภา", "PartyName": "พลังธรรมใหม่", "PartyNumber": 175, "Title": "นาย", "Votable": true, "province_id": 47, "province_name": "สกลนคร", "zone_number": 2, "PartyTerminated": false, "Age": 54, "Occupation": "เกษตรกร", "HighestEducation": "ปริญญาตรี", "ImageFileId": "5c5817a8fbcb5f1eec106eb3", "SelfIntroduceFileId": "5c5a7564fbcb5f19bcaa1b71", "PartyLogo": "https://storage.googleapis.com/candidate-thumbs/party/175.png", "CandididatePhoto": "https://storage.googleapis.com/candidate-thumbs/images/47-2-15.jpg"}, {"Unnamed: 0": 5735, "CandidateId": "663884c1-2aaa-4610-b50f-515f7a6fa96c", "CandidateNo": 16, "FirstName": "พิรุณรักษ์", "LastName": "เริ่มรักษ์", "PartyName": "รักษ์ผืนป่าประเทศไทย", "PartyNumber": 133, "Title": "นาง", "Votable": true, "province_id": 47, "province_name": "สกลนคร", "zone_number": 2, "PartyTerminated": false, "Age": 61, "Occupation": "ข้าราชการบำนาญ", "HighestEducation": "ปริญญาตรี", "ImageFileId": "5c5818e6fbcb5f1eec107678", "SelfIntroduceFileId": "5c5a7c51fbcb5f19bcaa4424", "PartyLogo": "https://storage.googleapis.com/candidate-thumbs/party/133.png", "CandididatePhoto": "https://storage.googleapis.com/candidate-thumbs/images/47-2-16.jpg"}, {"Unnamed: 0": 5736, "CandidateId": "8579f15b-d717-49c9-a9a8-4114156a032a", "CandidateNo": 17, "FirstName": "นิยม", "LastName": "เวชกามา", "PartyName": "เพื่อไทย", "PartyNumber": 34, "Title": "นาย", "Votable": true, "province_id": 47, "province_name": "สกลนคร", "zone_number": 2, "PartyTerminated": false, "Age": 67, "Occupation": "นักการเมือง", "HighestEducation": "ปริญญาเอก", "ImageFileId": "5c581a33fbcb5f1eec107d42", "SelfIntroduceFileId": "5c5be927fbcb5f16fc6787b0", "PartyLogo": "https://storage.googleapis.com/candidate-thumbs/party/34.png", "CandididatePhoto": "https://storage.googleapis.com/candidate-thumbs/images/47-2-17.jpg"}, {"Unnamed: 0": 5737, "CandidateId": "1f6fb43d-1ea9-43e6-ab68-c89ce0bade9f", "CandidateNo": 18, "FirstName": "เฉลิมชัย", "LastName": "อุฬารกุล", "PartyName": "เพื่อชาติ", "PartyNumber": 149, "Title": "นาย", "Votable": true, "province_id": 47, "province_name": "สกลนคร", "zone_number": 2, "PartyTerminated": false, "Age": 64, "Occupation": "อิสระ", "HighestEducation": "ปริญญาโท", "ImageFileId": "5c581babfbcb5f1eec108489", "SelfIntroduceFileId": "5c5ba227fbcb5f16fc659072", "PartyLogo": "https://storage.googleapis.com/candidate-thumbs/party/149.png", "CandididatePhoto": "https://storage.googleapis.com/candidate-thumbs/images/47-2-18.jpg"}, {"Unnamed: 0": 5738, "CandidateId": "78edb49c-90e9-4eb5-bda2-96fe5785b836", "CandidateNo": 19, "FirstName": "ชวลิต", "LastName": "สอนระวัตร์", "PartyName": "ประชาธิปไตยใหม่", "PartyNumber": 109, "Title": "นาย", "Votable": true, "province_id": 47, "province_name": "สกลนคร", "zone_number": 2, "PartyTerminated": false, "Age": 57, "Occupation": "เกษตรกร", "HighestEducation": "ต่ำกว่าปริญญาตรี", "ImageFileId": "5c581c95fbcb5f1eec108842", "SelfIntroduceFileId": "5c5a833cfbcb5f19bcaa7f24", "PartyLogo": "https://storage.googleapis.com/candidate-thumbs/party/109.png", "CandididatePhoto": "https://storage.googleapis.com/candidate-thumbs/images/47-2-19.jpg"}, {"Unnamed: 0": 5739, "CandidateId": "f5c53d36-1c73-4b62-ad0d-474ceb10b75e", "CandidateNo": 20, "FirstName": "กอบชัย", "LastName": "กลางสวัสดิ์", "PartyName": "เพื่อแผ่นดิน", "PartyNumber": 41, "Title": "นาย", "Votable": true, "province_id": 47, "province_name": "สกลนคร", "zone_number": 2, "PartyTerminated": false, "Age": 62, "Occupation": "ข้าราชการครู", "HighestEducation": "ปริญญาโท", "ImageFileId": "5c581ddffbcb5f1eec108e7c", "SelfIntroduceFileId": "5c5a8a9afbcb5f19bcaab431", "PartyLogo": "https://storage.googleapis.com/candidate-thumbs/party/41.png", "CandididatePhoto": "https://storage.googleapis.com/candidate-thumbs/images/47-2-20.jpg"}, {"Unnamed: 0": 5740, "CandidateId": "f2634001-5043-414a-9f19-f6d3beb98266", "CandidateNo": 21, "FirstName": "ณัฐธนชัย", "LastName": "นาวารี", "PartyName": "ประชาภิวัฒน์", "PartyNumber": 172, "Title": "นาย", "Votable": true, "province_id": 47, "province_name": "สกลนคร", "zone_number": 2, "PartyTerminated": false, "Age": 55, "Occupation": "วิทยากรทั่วไป", "HighestEducation": "ต่ำกว่าปริญญาตรี", "ImageFileId": "5c581edcfbcb5f1eec109341", "SelfIntroduceFileId": "5c5c0600fbcb5f16fc683121", "PartyLogo": "https://storage.googleapis.com/candidate-thumbs/party/172.png", "CandididatePhoto": "https://storage.googleapis.com/candidate-thumbs/images/47-2-21.jpg"}, {"Unnamed: 0": 5741, "CandidateId": "7d52fa5c-963e-49b4-bee4-3e6cd9ce5f74", "CandidateNo": 22, "FirstName": "ต่อพงษ์", "LastName": "โกมินทรชาติ", "PartyName": "สยามพัฒนา", "PartyNumber": 182, "Title": "นาย", "Votable": true, "province_id": 47, "province_name": "สกลนคร", "zone_number": 2, "PartyTerminated": false, "Age": 45, "Occupation": "สมาชิกสภาองค์การบริหารส่วนจังหวัดสกลนคร", "HighestEducation": "ปริญญาโท", "ImageFileId": "5c58ef76fbcb5f1d881318ec", "SelfIntroduceFileId": "5c590d59fbcb5f1d8814733b", "PartyLogo": "https://storage.googleapis.com/candidate-thumbs/party/182.png", "CandididatePhoto": "https://storage.googleapis.com/candidate-thumbs/images/47-2-22.jpg"}, {"Unnamed: 0": 5742, "CandidateId": "b410ea0c-861d-489e-ba7b-5ab4892b4799", "CandidateNo": 23, "FirstName": "เกษตร", "LastName": "งอยแพง", "PartyName": "ชาติไทยพัฒนา", "PartyNumber": 55, "Title": "นาย", "Votable": true, "province_id": 47, "province_name": "สกลนคร", "zone_number": 2, "PartyTerminated": false, "Age": 61, "Occupation": "ข้าราชการบำนาญ", "HighestEducation": "ปริญญาเอก", "ImageFileId": "5c594d65fbcb5f1d88179219", "SelfIntroduceFileId": "5c5ba6eafbcb5f16fc65b08f", "PartyLogo": "https://storage.googleapis.com/candidate-thumbs/party/55.png", "CandididatePhoto": "https://storage.googleapis.com/candidate-thumbs/images/47-2-23.jpg"}, {"Unnamed: 0": 5743, "CandidateId": "e636b064-6b43-4e3c-81be-d3ee24b6e60a", "CandidateNo": 24, "FirstName": "สวาด", "LastName": "เกตมาศ", "PartyName": "พลังชาติไทย", "PartyNumber": 186, "Title": "นาย", "Votable": true, "province_id": 47, "province_name": "สกลนคร", "zone_number": 2, "PartyTerminated": false, "Age": 61, "Occupation": "เกษตรกร", "HighestEducation": "ต่ำกว่าปริญญาตรี", "ImageFileId": "5c5a4646fbcb5f19bca8d144", "SelfIntroduceFileId": "5c5ab10dfbcb5f19bcab8dd5", "PartyLogo": "https://storage.googleapis.com/candidate-thumbs/party/186.png", "CandididatePhoto": "https://storage.googleapis.com/candidate-thumbs/images/47-2-24.jpg"}, {"Unnamed: 0": 5744, "CandidateId": "b3b1f929-cae4-45f0-ad0d-b46994e51625", "CandidateNo": 25, "FirstName": "ธนาวุธ", "LastName": "แฮนเกตุ", "PartyName": "ครูไทยเพื่อประชาชน", "PartyNumber": 118, "Title": "นาย", "Votable": true, "province_id": 47, "province_name": "สกลนคร", "zone_number": 2, "PartyTerminated": false, "Age": 34, "Occupation": "ทนายความ", "HighestEducation": "ปริญญาโท", "ImageFileId": "5c5ab929fbcb5f19bcab999f", "SelfIntroduceFileId": "5c5b88c2fbcb5f16fc651865", "PartyLogo": "https://storage.googleapis.com/candidate-thumbs/party/118.png", "CandididatePhoto": "https://storage.googleapis.com/candidate-thumbs/images/47-2-25.jpg"}, {"Unnamed: 0": 5745, "CandidateId": "07ae0eb3-d8e0-4ed4-8385-f3af90a82cec", "CandidateNo": 26, "FirstName": "วันชัย", "LastName": "พิชัยคำ", "PartyName": "ประชาธรรมไทย", "PartyNumber": 190, "Title": "นาย", "Votable": true, "province_id": 47, "province_name": "สกลนคร", "zone_number": 2, "PartyTerminated": false, "Age": 62, "Occupation": "ข้าราชการครูบำนาญ", "HighestEducation": "ปริญญาโท", "ImageFileId": "5c5ab1a6fbcb5f19bcab910a", "SelfIntroduceFileId": "5c5b8ccefbcb5f16fc652109", "PartyLogo": "https://storage.googleapis.com/candidate-thumbs/party/190.png", "CandididatePhoto": "https://storage.googleapis.com/candidate-thumbs/images/47-2-26.jpg"}, {"Unnamed: 0": 5746, "CandidateId": "9757a68c-ccea-4c07-b34e-31d6de92e0c5", "CandidateNo": 27, "FirstName": "วารุฒ", "LastName": "ผากงคำ", "PartyName": "พลังไทยรักไทย", "PartyNumber": 185, "Title": "นาย", "Votable": true, "province_id": 47, "province_name": "สกลนคร", "zone_number": 2, "PartyTerminated": false, "Age": 27, "Occupation": "เกษตรกรรม", "HighestEducation": "ต่ำกว่าปริญญาตรี", "ImageFileId": "5c5abb03fbcb5f19bcab9d2f", "SelfIntroduceFileId": "5c5b8fe7fbcb5f16fc652aae", "PartyLogo": "https://storage.googleapis.com/candidate-thumbs/party/185.png", "CandididatePhoto": "https://storage.googleapis.com/candidate-thumbs/images/47-2-27.jpg"}, {"Unnamed: 0": 5747, "CandidateId": "34c7b42f-1f55-4deb-8c32-5d0c4bd21df8", "CandidateNo": 28, "FirstName": "เนตรนอง", "LastName": "ก่ำศรี", "PartyName": "พลังสังคม", "PartyNumber": 198, "Title": "นาย", "Votable": true, "province_id": 47, "province_name": "สกลนคร", "zone_number": 2, "PartyTerminated": false, "Age": 45, "Occupation": "ธุรกิจส่วนตัว", "HighestEducation": "ต่ำกว่าปริญญาตรี", "ImageFileId": "5c5abb7dfbcb5f19bcab9da5", "SelfIntroduceFileId": "5c5bacb0fbcb5f16fc65d936", "PartyLogo": "https://storage.googleapis.com/candidate-thumbs/party/198.png", "CandididatePhoto": "https://storage.googleapis.com/candidate-thumbs/images/47-2-28.jpg"}, {"Unnamed: 0": 5748, "CandidateId": "9419b0d5-e6b6-4446-8721-7672884eb8f1", "CandidateNo": 29, "FirstName": "เสงี่ยม", "LastName": "สุดไชยา", "PartyName": "สามัญชน", "PartyNumber": 209, "Title": "นาย", "Votable": true, "province_id": 47, "province_name": "สกลนคร", "zone_number": 2, "PartyTerminated": false, "Age": 72, "Occupation": "ทำนา", "HighestEducation": "ต่ำกว่าปริญญาตรี", "ImageFileId": "5c5c03a4fbcb5f16fc682cd0", "SelfIntroduceFileId": "5c5c0a61fbcb5f16fc683926", "PartyLogo": "https://storage.googleapis.com/candidate-thumbs/party/209.png", "CandididatePhoto": "https://storage.googleapis.com/candidate-thumbs/images/47-2-29.jpg"}, {"Unnamed: 0": 5749, "CandidateId": "be0e1980-af4f-421a-83c1-bc9abeecdee7", "CandidateNo": 30, "FirstName": "สมหมาย", "LastName": "วงมะแสน", "PartyName": "เศรษฐกิจใหม่", "PartyNumber": 193, "Title": "นาย", "Votable": true, "province_id": 47, "province_name": "สกลนคร", "zone_number": 2, "PartyTerminated": false, "Age": 54, "Occupation": "ทนายความ", "HighestEducation": "ปริญญาตรี", "ImageFileId": "5c5ce8d3fbcb5f16fc68c1c6", "SelfIntroduceFileId": "5c5cf18afbcb5f16fc68f617", "PartyLogo": "https://storage.googleapis.com/candidate-thumbs/party/193.png", "CandididatePhoto": "https://storage.googleapis.com/candidate-thumbs/images/47-2-30.jpg"}, {"Unnamed: 0": 5750, "CandidateId": "90baddad-9f41-407f-a228-e8c618034e07", "CandidateNo": 31, "FirstName": "แก้วมณี", "LastName": "วงศ์อินอยู่", "PartyName": "กรีน", "PartyNumber": 206, "Title": "นางสาว", "Votable": true, "province_id": 47, "province_name": "สกลนคร", "zone_number": 2, "PartyTerminated": false, "Age": 33, "Occupation": "เกษตรกรรม", "HighestEducation": "ปริญญาตรี", "ImageFileId": "5c5d0c9dfbcb5f0fd884de71", "SelfIntroduceFileId": "5c5d0f62fbcb5f0fd884ef8f", "PartyLogo": "https://storage.googleapis.com/candidate-thumbs/party/206.png", "CandididatePhoto": "https://storage.googleapis.com/candidate-thumbs/images/47-2-31.jpg"}, {"Unnamed: 0": 5751, "CandidateId": "eca5c8ec-2aaf-48af-bbd9-e48925757d5c", "CandidateNo": 32, "FirstName": "อภิวัฒน์", "LastName": "มีชัย", "PartyName": "ไทยรักษาชาติ", "PartyNumber": 77, "Title": "นาย", "Votable": true, "province_id": 47, "province_name": "สกลนคร", "zone_number": 2, "PartyTerminated": true, "Age": 58, "Occupation": "พนักงานองค์กรของรัฐ", "HighestEducation": "ปริญญาตรี", "ImageFileId": "5c5d5229fbcb5f0fd887102c", "SelfIntroduceFileId": "5c5d52f4fbcb5f0fd88719a4", "PartyLogo": "https://storage.googleapis.com/candidate-thumbs/party/77.png", "CandididatePhoto": "https://storage.googleapis.com/candidate-thumbs/images/47-2-32.jpg"}, {"Unnamed: 0": 5752, "CandidateId": "eacc94d5-43b1-4d45-b3ac-5f5f12c827ed", "CandidateNo": 33, "FirstName": "นิวัติ", "LastName": "ไพไหล", "PartyName": "พลังศรัทธา", "PartyNumber": 201, "Title": "นาง", "Votable": true, "province_id": 47, "province_name": "สกลนคร", "zone_number": 2, "PartyTerminated": false, "Age": 46, "Occupation": "เกษตรกร", "HighestEducation": "ต่ำกว่าปริญญาตรี", "ImageFileId": "5c5d53cafbcb5f0fd887272c", "SelfIntroduceFileId": "5c5d58ccfbcb5f0fd8876a88", "PartyLogo": "https://storage.googleapis.com/candidate-thumbs/party/201.png", "CandididatePhoto": "https://storage.googleapis.com/candidate-thumbs/images/47-2-33.jpg"}, {"Unnamed: 0": 5753, "CandidateId": "d8a73794-7496-4557-ae22-6da1079488b7", "CandidateNo": 34, "FirstName": "พิพัฒน์", "LastName": "วุฒิพงศ์ภัคภิญญา", "PartyName": "ไทรักธรรม", "PartyNumber": 144, "Title": "นาย", "Votable": true, "province_id": 47, "province_name": "สกลนคร", "zone_number": 2, "PartyTerminated": false, "Age": 41, "Occupation": "ธุรกิจส่วนตัว", "HighestEducation": "ปริญญาโท", "ImageFileId": "5c5d6990fbcb5f0fd887e9f7", "SelfIntroduceFileId": "5c5d6b05fbcb5f0fd887f136", "PartyLogo": "https://storage.googleapis.com/candidate-thumbs/party/144.png", "CandididatePhoto": "https://storage.googleapis.com/candidate-thumbs/images/47-2-34.jpg"}]