[{"Unnamed: 0": 5754, "CandidateId": "e98c0dae-9d50-4926-999d-8afcd42721ea", "CandidateNo": 1, "FirstName": "เลิศอุดม", "LastName": "นาคโคตรคำ", "PartyName": "อนาคตใหม่", "PartyNumber": 177, "Title": "นาย", "Votable": true, "province_id": 47, "province_name": "สกลนคร", "zone_number": 3, "PartyTerminated": false, "Age": 50, "Occupation": "นักการเมือง", "HighestEducation": "ปริญญาตรี", "ImageFileId": "5c5cee2bfbcb5f16fc68e174", "SelfIntroduceFileId": "5c58eb91fbcb5f1d8812ff66", "PartyLogo": "https://storage.googleapis.com/candidate-thumbs/party/177.png", "CandididatePhoto": "https://storage.googleapis.com/candidate-thumbs/images/47-3-1.jpg"}, {"Unnamed: 0": 5755, "CandidateId": "750b2cc5-2efe-4ac8-92e3-a4061f4ae266", "CandidateNo": 2, "FirstName": "วีรศักดิ์", "LastName": "พรหมภักดี", "PartyName": "ชาติพัฒนา", "PartyNumber": 45, "Title": "นาย", "Votable": true, "province_id": 47, "province_name": "สกลนคร", "zone_number": 3, "PartyTerminated": false, "Age": 45, "Occupation": "นักการเมือง", "HighestEducation": "ปริญญาโท", "ImageFileId": "5c57fc63fbcb5f1eec0f2a35", "SelfIntroduceFileId": "5c58f256fbcb5f1d88133493", "PartyLogo": "https://storage.googleapis.com/candidate-thumbs/party/45.png", "CandididatePhoto": "https://storage.googleapis.com/candidate-thumbs/images/47-3-2.jpg"}, {"Unnamed: 0": 5756, "CandidateId": "af836f58-f2be-47f3-99ed-d434015823ba", "CandidateNo": 3, "FirstName": "วิชิต", "LastName": "โคตรแก้ว", "PartyName": "พลเมืองไทย", "PartyNumber": 173, "Title": "นาย", "Votable": true, "province_id": 47, "province_name": "สกลนคร", "zone_number": 3, "PartyTerminated": false, "Age": 62, "Occupation": "ข้าราชการบำนาญ", "HighestEducation": "ปริญญาตรี", "ImageFileId": "5c580310fbcb5f1eec0f8a3b", "SelfIntroduceFileId": "5c58f4dffbcb5f1d88134c69", "PartyLogo": "https://storage.googleapis.com/candidate-thumbs/party/173.png", "CandididatePhoto": "https://storage.googleapis.com/candidate-thumbs/images/47-3-3.jpg"}, {"Unnamed: 0": 5757, "CandidateId": "cf2e7fd4-e2f0-4258-94f1-b4f50c32edad", "CandidateNo": 4, "FirstName": "ชัยยุทธ", "LastName": "วัยเหนิดลื้อ", "PartyName": "เพื่อคนไทย", "PartyNumber": 183, "Title": "นาย", "Votable": true, "province_id": 47, "province_name": "สกลนคร", "zone_number": 3, "PartyTerminated": false, "Age": 61, "Occupation": "รับราชการ", "HighestEducation": "ปริญญาตรี", "ImageFileId": "5c580767fbcb5f1eec0fc6bc", "SelfIntroduceFileId": "5c58f6acfbcb5f1d88135f6e", "PartyLogo": "https://storage.googleapis.com/candidate-thumbs/party/183.png", "CandididatePhoto": "https://storage.googleapis.com/candidate-thumbs/images/47-3-4.jpg"}, {"Unnamed: 0": 5758, "CandidateId": "52466660-78b5-4ae0-ad23-db2ce191b956", "CandidateNo": 5, "FirstName": "สุรศักดิ์ ", "LastName": "เดชโฮม", "PartyName": "ประชาธิปัตย์", "PartyNumber": 1, "Title": "นาย", "Votable": true, "province_id": 47, "province_name": "สกลนคร", "zone_number": 3, "PartyTerminated": false, "Age": 55, "Occupation": "เกษตร", "HighestEducation": "ต่ำกว่าปริญญาตรี", "ImageFileId": "5c5809f2fbcb5f1eec0fe4f3", "SelfIntroduceFileId": "5c58f804fbcb5f1d88136e72", "PartyLogo": "https://storage.googleapis.com/candidate-thumbs/party/1.png", "CandididatePhoto": "https://storage.googleapis.com/candidate-thumbs/images/47-3-5.jpg"}, {"Unnamed: 0": 5759, "CandidateId": "8821ecdc-1ae4-4fdc-a38d-7f8e813019ae", "CandidateNo": 6, "FirstName": "อนันท์", "LastName": "เอกวงษา", "PartyName": "ประชานิยม", "PartyNumber": 191, "Title": "นาย", "Votable": true, "province_id": 47, "province_name": "สกลนคร", "zone_number": 3, "PartyTerminated": false, "Age": 67, "Occupation": "ธุรกิจส่วนตัว", "HighestEducation": "ต่ำกว่าปริญญาตรี", "ImageFileId": "5c580d51fbcb5f1eec100c76", "SelfIntroduceFileId": "5c58f9c2fbcb5f1d8813828a", "PartyLogo": "https://storage.googleapis.com/candidate-thumbs/party/191.png", "CandididatePhoto": "https://storage.googleapis.com/candidate-thumbs/images/47-3-6.jpg"}, {"Unnamed: 0": 5760, "CandidateId": "2e0e10e3-2354-4728-b13e-e1723cac0ec0", "CandidateNo": 7, "FirstName": "ณรงค์ศักดิ์", "LastName": "ปวงสุข", "PartyName": "เพื่อแผ่นดิน", "PartyNumber": 41, "Title": "นาย", "Votable": true, "province_id": 47, "province_name": "สกลนคร", "zone_number": 3, "PartyTerminated": false, "Age": 60, "Occupation": "ข้าราชการบำนาญ", "HighestEducation": "ปริญญาตรี", "ImageFileId": "5c580f33fbcb5f1eec102492", "SelfIntroduceFileId": "5c5d7122fbcb5f0fd8880c35", "PartyLogo": "https://storage.googleapis.com/candidate-thumbs/party/41.png", "CandididatePhoto": "https://storage.googleapis.com/candidate-thumbs/images/47-3-7.jpg"}, {"Unnamed: 0": 5761, "CandidateId": "6f6d9267-6915-40a3-a3c6-95a921dc99f5", "CandidateNo": 8, "FirstName": "จรูญ", "LastName": "เหล่าหว้าน", "PartyName": "ประชาชนปฏิรูป", "PartyNumber": 176, "Title": "นาย", "Votable": true, "province_id": 47, "province_name": "สกลนคร", "zone_number": 3, "PartyTerminated": false, "Age": 54, "Occupation": "ธุรกิจส่วนตัว", "HighestEducation": "ต่ำกว่าปริญญาตรี", "ImageFileId": "5c581133fbcb5f1eec10384a", "SelfIntroduceFileId": "5c58fcc0fbcb5f1d88139da0", "PartyLogo": "https://storage.googleapis.com/candidate-thumbs/party/176.png", "CandididatePhoto": "https://storage.googleapis.com/candidate-thumbs/images/47-3-8.jpg"}, {"Unnamed: 0": 5762, "CandidateId": "59199009-f0f0-487d-9e3c-574a8b2c3d56", "CandidateNo": 9, "FirstName": "สมพงษ์", "LastName": "อาจไพรินทร์", "PartyName": "พลังประชารัฐ", "PartyNumber": 192, "Title": "นาย", "Votable": true, "province_id": 47, "province_name": "สกลนคร", "zone_number": 3, "PartyTerminated": false, "Age": 62, "Occupation": "ทนายความ", "HighestEducation": "ปริญญาตรี", "ImageFileId": "5c581396fbcb5f1eec104de2", "SelfIntroduceFileId": "5c58fdf2fbcb5f1d8813a92a", "PartyLogo": "https://storage.googleapis.com/candidate-thumbs/party/192.png", "CandididatePhoto": "https://storage.googleapis.com/candidate-thumbs/images/47-3-9.jpg"}, {"Unnamed: 0": 5763, "CandidateId": "1104dddf-c593-4e11-9b4a-d8493daa208c", "CandidateNo": 10, "FirstName": "พัฒนา", "LastName": "สัพโส", "PartyName": "เพื่อไทย", "PartyNumber": 34, "Title": "นาย", "Votable": true, "province_id": 47, "province_name": "สกลนคร", "zone_number": 3, "PartyTerminated": false, "Age": 49, "Occupation": "ธุรกิจส่วนตัว", "HighestEducation": "ปริญญาโท", "ImageFileId": "5c581719fbcb5f1eec10693e", "SelfIntroduceFileId": "5c58fff8fbcb5f1d8813c19a", "PartyLogo": "https://storage.googleapis.com/candidate-thumbs/party/34.png", "CandididatePhoto": "https://storage.googleapis.com/candidate-thumbs/images/47-3-10.jpg"}, {"Unnamed: 0": 5764, "CandidateId": "c3292495-eeb9-4f05-97a1-3c284f31c8bb", "CandidateNo": 11, "FirstName": "รสสุคนธ์", "LastName": "บุญรักษา", "PartyName": "ประชาธิปไตยใหม่", "PartyNumber": 109, "Title": "นาง", "Votable": true, "province_id": 47, "province_name": "สกลนคร", "zone_number": 3, "PartyTerminated": false, "Age": 58, "Occupation": "ข้าราชการบำนาญ", "HighestEducation": "ต่ำกว่าปริญญาตรี", "ImageFileId": "5c581a93fbcb5f1eec108048", "SelfIntroduceFileId": "5c590191fbcb5f1d8813d5eb", "PartyLogo": "https://storage.googleapis.com/candidate-thumbs/party/109.png", "CandididatePhoto": "https://storage.googleapis.com/candidate-thumbs/images/47-3-11.jpg"}, {"Unnamed: 0": 5765, "CandidateId": "0889e804-93c9-4e57-bea5-c22bccf0d5ef", "CandidateNo": 12, "FirstName": "สุชาญ", "LastName": "สิทธิราช", "PartyName": "เพื่อชาติ", "PartyNumber": 149, "Title": "นาย", "Votable": true, "province_id": 47, "province_name": "สกลนคร", "zone_number": 3, "PartyTerminated": false, "Age": 46, "Occupation": "เกษตร", "HighestEducation": "ต่ำกว่าปริญญาตรี", "ImageFileId": "5c581c5cfbcb5f1eec1086ed", "SelfIntroduceFileId": "5c5902e6fbcb5f1d8813e7dc", "PartyLogo": "https://storage.googleapis.com/candidate-thumbs/party/149.png", "CandididatePhoto": "https://storage.googleapis.com/candidate-thumbs/images/47-3-12.jpg"}, {"Unnamed: 0": 5766, "CandidateId": "ddd80631-8da3-4572-9a18-2ebf7774f5da", "CandidateNo": 13, "FirstName": "วาสนา", "LastName": "ทะจรสมบัติ", "PartyName": "พลังท้องถิ่นไท", "PartyNumber": 124, "Title": "นางสาว", "Votable": true, "province_id": 47, "province_name": "สกลนคร", "zone_number": 3, "PartyTerminated": false, "Age": 49, "Occupation": "นักการเมืองท้องถิ่น", "HighestEducation": "ปริญญาโท", "ImageFileId": "5c5820fcfbcb5f1eec109d9b", "SelfIntroduceFileId": "5c590513fbcb5f1d8813ff8c", "PartyLogo": "https://storage.googleapis.com/candidate-thumbs/party/124.png", "CandididatePhoto": "https://storage.googleapis.com/candidate-thumbs/images/47-3-13.jpg"}, {"Unnamed: 0": 5767, "CandidateId": "626c696e-f845-45b8-9d43-a46c4d666c75", "CandidateNo": 14, "FirstName": "ธนบูลย์", "LastName": "พันทา", "PartyName": "ประชาชาติ", "PartyNumber": 187, "Title": "นาย", "Votable": true, "province_id": 47, "province_name": "สกลนคร", "zone_number": 3, "PartyTerminated": false, "Age": 39, "Occupation": "ธุรกิจส่วนตัว", "HighestEducation": "ปริญญาโท", "ImageFileId": "5c582316fbcb5f1eec10a6d5", "SelfIntroduceFileId": "5c590705fbcb5f1d88141afe", "PartyLogo": "https://storage.googleapis.com/candidate-thumbs/party/187.png", "CandididatePhoto": "https://storage.googleapis.com/candidate-thumbs/images/47-3-14.jpg"}, {"Unnamed: 0": 5768, "CandidateId": "91fad789-abc6-4948-8752-6f3acd0b9d3e", "CandidateNo": 15, "FirstName": "พูลถนอม", "LastName": "ปัตฆาต", "PartyName": "ภูมิใจไทย", "PartyNumber": 63, "Title": "นาย", "Votable": true, "province_id": 47, "province_name": "สกลนคร", "zone_number": 3, "PartyTerminated": false, "Age": 55, "Occupation": "นักการเมืองท้องถิ่น", "HighestEducation": "ปริญญาตรี", "ImageFileId": "5c5826dafbcb5f1eec10b304", "SelfIntroduceFileId": "5c5908e2fbcb5f1d881431a4", "PartyLogo": "https://storage.googleapis.com/candidate-thumbs/party/63.png", "CandididatePhoto": "https://storage.googleapis.com/candidate-thumbs/images/47-3-15.jpg"}, {"Unnamed: 0": 5769, "CandidateId": "2ee5edd8-a5a5-48c9-b291-40ea2cfb8d1f", "CandidateNo": 16, "FirstName": "สุทัศน์", "LastName": "ชัยวิเศษ", "PartyName": "ประชาภิวัฒน์", "PartyNumber": 172, "Title": "นาย", "Votable": true, "province_id": 47, "province_name": "สกลนคร", "zone_number": 3, "PartyTerminated": false, "Age": 47, "Occupation": "ครูโรงเรียนพระปริยัติธรรม ", "HighestEducation": "ปริญญาตรี", "ImageFileId": "5c582972fbcb5f1eec10bbb5", "SelfIntroduceFileId": "5c590cebfbcb5f1d88146b7c", "PartyLogo": "https://storage.googleapis.com/candidate-thumbs/party/172.png", "CandididatePhoto": "https://storage.googleapis.com/candidate-thumbs/images/47-3-16.jpg"}, {"Unnamed: 0": 5770, "CandidateId": "274001b0-0c27-4472-9487-05cba7fcfee4", "CandidateNo": 17, "FirstName": "จำรัส", "LastName": "บุษบงค์", "PartyName": "เพื่อนไทย", "PartyNumber": 179, "Title": "นาย", "Votable": false, "province_id": 47, "province_name": "สกลนคร", "zone_number": 3, "PartyTerminated": false, "Age": 40, "Occupation": "ครูสอนพละศึกษา", "HighestEducation": "ต่ำกว่าปริญญาตรี", "ImageFileId": "5c582b9efbcb5f1eec10c228", "SelfIntroduceFileId": "5c5d7d57fbcb5f0fd88824ac", "PartyLogo": "https://storage.googleapis.com/candidate-thumbs/party/179.png", "CandididatePhoto": "https://storage.googleapis.com/candidate-thumbs/images/47-3-17.jpg"}, {"Unnamed: 0": 5771, "CandidateId": "36cc2bb7-0def-46ac-81c5-38db9b3cfb35", "CandidateNo": 18, "FirstName": "มิตรชัย", "LastName": "เวยสาร", "PartyName": "พลังธรรมใหม่", "PartyNumber": 175, "Title": "นาย", "Votable": true, "province_id": 47, "province_name": "สกลนคร", "zone_number": 3, "PartyTerminated": false, "Age": 55, "Occupation": "รับราชการ", "HighestEducation": "ปริญญาตรี", "ImageFileId": "5c582e18fbcb5f1eec10c624", "SelfIntroduceFileId": "5c59125ffbcb5f1d8814bab5", "PartyLogo": "https://storage.googleapis.com/candidate-thumbs/party/175.png", "CandididatePhoto": "https://storage.googleapis.com/candidate-thumbs/images/47-3-18.jpg"}, {"Unnamed: 0": 5772, "CandidateId": "f8b2ba26-183a-49e6-b216-ad02d59f546c", "CandidateNo": 19, "FirstName": "ชยพล", "LastName": "กาญบุตร", "PartyName": "พลังปวงชนไทย", "PartyNumber": 184, "Title": "นาย", "Votable": true, "province_id": 47, "province_name": "สกลนคร", "zone_number": 3, "PartyTerminated": false, "Age": 53, "Occupation": "กำนัน", "HighestEducation": "ต่ำกว่าปริญญาตรี", "ImageFileId": "5c583103fbcb5f1eec10cc8d", "SelfIntroduceFileId": "5c59353bfbcb5f1d881645c1", "PartyLogo": "https://storage.googleapis.com/candidate-thumbs/party/184.png", "CandididatePhoto": "https://storage.googleapis.com/candidate-thumbs/images/47-3-19.jpg"}, {"Unnamed: 0": 5773, "CandidateId": "1466eb53-bd39-423b-916d-ef310df144d1", "CandidateNo": 20, "FirstName": "จักรพงษ์", "LastName": "สุวรรณชัยรบ", "PartyName": "เสรีรวมไทย", "PartyNumber": 145, "Title": "นาย", "Votable": true, "province_id": 47, "province_name": "สกลนคร", "zone_number": 3, "PartyTerminated": false, "Age": 62, "Occupation": "รับราชการ", "HighestEducation": "ปริญญาตรี", "ImageFileId": "5c583396fbcb5f1eec10cfaa", "SelfIntroduceFileId": "5c592a27fbcb5f1d8815a27f", "PartyLogo": "https://storage.googleapis.com/candidate-thumbs/party/145.png", "CandididatePhoto": "https://storage.googleapis.com/candidate-thumbs/images/47-3-20.jpg"}, {"Unnamed: 0": 5774, "CandidateId": "7686bd30-17e5-42e0-affb-8ed75644af79", "CandidateNo": 21, "FirstName": "วิจิตร", "LastName": "สัพโส", "PartyName": "รวมพลังประชาชาติไทย", "PartyNumber": 181, "Title": "นาย", "Votable": true, "province_id": 47, "province_name": "สกลนคร", "zone_number": 3, "PartyTerminated": false, "Age": 60, "Occupation": "รับราชการครู", "HighestEducation": "ปริญญาเอก", "ImageFileId": "5c583600fbcb5f1eec10d125", "SelfIntroduceFileId": "5c592c20fbcb5f1d8815c5d6", "PartyLogo": "https://storage.googleapis.com/candidate-thumbs/party/181.png", "CandididatePhoto": "https://storage.googleapis.com/candidate-thumbs/images/47-3-21.jpg"}, {"Unnamed: 0": 5775, "CandidateId": "427cc2a2-fd59-4a05-b0aa-9d0d3bb38782", "CandidateNo": 22, "FirstName": "สุรนัย", "LastName": "เหมะธุลิน", "PartyName": "ชาติไทยพัฒนา", "PartyNumber": 55, "Title": "นาย", "Votable": true, "province_id": 47, "province_name": "สกลนคร", "zone_number": 3, "PartyTerminated": false, "Age": 65, "Occupation": "ข้าราชการบำนาญ", "HighestEducation": "ปริญญาโท", "ImageFileId": "5c583898fbcb5f1eec10d336", "SelfIntroduceFileId": "5c59301ffbcb5f1d88160019", "PartyLogo": "https://storage.googleapis.com/candidate-thumbs/party/55.png", "CandididatePhoto": "https://storage.googleapis.com/candidate-thumbs/images/47-3-22.jpg"}, {"Unnamed: 0": 5776, "CandidateId": "2323a662-2de0-47ab-b780-824210780388", "CandidateNo": 23, "FirstName": "พักรบ", "LastName": "หาญสุโพธิ์", "PartyName": "ประชาธรรมไทย", "PartyNumber": 190, "Title": "นาย", "Votable": true, "province_id": 47, "province_name": "สกลนคร", "zone_number": 3, "PartyTerminated": false, "Age": 62, "Occupation": "ข้าราชการบำนาญ", "HighestEducation": "ปริญญาโท", "ImageFileId": "5c59307ffbcb5f1d881605a0", "SelfIntroduceFileId": "5c5932e5fbcb5f1d881627c3", "PartyLogo": "https://storage.googleapis.com/candidate-thumbs/party/190.png", "CandididatePhoto": "https://storage.googleapis.com/candidate-thumbs/images/47-3-23.jpg"}, {"Unnamed: 0": 5777, "CandidateId": "2d89951c-1762-4bb3-b39f-73a910cd9e97", "CandidateNo": 24, "FirstName": "ศุภพงศ์", "LastName": "แสงงาม", "PartyName": "พลังไทยรักไทย", "PartyNumber": 185, "Title": "นาย", "Votable": true, "province_id": 47, "province_name": "สกลนคร", "zone_number": 3, "PartyTerminated": false, "Age": 62, "Occupation": "เกษตร", "HighestEducation": "ต่ำกว่าปริญญาตรี", "ImageFileId": "5c5947f1fbcb5f1d88174c00", "SelfIntroduceFileId": "5c594a21fbcb5f1d88176791", "PartyLogo": "https://storage.googleapis.com/candidate-thumbs/party/185.png", "CandididatePhoto": "https://storage.googleapis.com/candidate-thumbs/images/47-3-24.jpg"}, {"Unnamed: 0": 5778, "CandidateId": "1d1fef60-d213-4cf6-ba8d-c20800062a2c", "CandidateNo": 25, "FirstName": "อัสราพร", "LastName": "วันดี", "PartyName": "ครูไทยเพื่อประชาชน", "PartyNumber": 118, "Title": "นางสาว", "Votable": true, "province_id": 47, "province_name": "สกลนคร", "zone_number": 3, "PartyTerminated": false, "Age": 61, "Occupation": "รับราชการ", "HighestEducation": "ปริญญาเอก", "ImageFileId": "5c5a4cf7fbcb5f19bca9092b", "SelfIntroduceFileId": "5c5a4eaefbcb5f19bca9184e", "PartyLogo": "https://storage.googleapis.com/candidate-thumbs/party/118.png", "CandididatePhoto": "https://storage.googleapis.com/candidate-thumbs/images/47-3-25.jpg"}, {"Unnamed: 0": 5779, "CandidateId": "b48e2332-3dfc-4ecc-a470-d05b1d8d2af2", "CandidateNo": 26, "FirstName": "เกศินี", "LastName": "ศรีสำราญ", "PartyName": "เศรษฐกิจใหม่", "PartyNumber": 193, "Title": "นางสาว", "Votable": true, "province_id": 47, "province_name": "สกลนคร", "zone_number": 3, "PartyTerminated": false, "Age": 56, "Occupation": "ค้าขาย", "HighestEducation": "ต่ำกว่าปริญญาตรี", "ImageFileId": "5c5a9c71fbcb5f19bcab3018", "SelfIntroduceFileId": "5c5d860afbcb5f0fd8883125", "PartyLogo": "https://storage.googleapis.com/candidate-thumbs/party/193.png", "CandididatePhoto": "https://storage.googleapis.com/candidate-thumbs/images/47-3-26.jpg"}, {"Unnamed: 0": 5780, "CandidateId": "f0cf7df0-189f-47fc-9a7e-3a2ebe048167", "CandidateNo": 27, "FirstName": "ศรีประไพ", "LastName": "แสงศรีลา", "PartyName": "พลังสังคม", "PartyNumber": 198, "Title": "นางสาว", "Votable": true, "province_id": 47, "province_name": "สกลนคร", "zone_number": 3, "PartyTerminated": false, "Age": 45, "Occupation": "ธุรกิจส่วนตัว", "HighestEducation": "ต่ำกว่าปริญญาตรี", "ImageFileId": "5c5aa2d2fbcb5f19bcab5ec3", "SelfIntroduceFileId": "5c5aa422fbcb5f19bcab656a", "PartyLogo": "https://storage.googleapis.com/candidate-thumbs/party/198.png", "CandididatePhoto": "https://storage.googleapis.com/candidate-thumbs/images/47-3-27.jpg"}, {"Unnamed: 0": 5781, "CandidateId": "7aba2bad-6ed1-4b01-ba95-f8934def74f8", "CandidateNo": 28, "FirstName": "สุวัฒน์", "LastName": "มีบุตร", "PartyName": "พลังชาติไทย", "PartyNumber": 186, "Title": "นาย", "Votable": true, "province_id": 47, "province_name": "สกลนคร", "zone_number": 3, "PartyTerminated": false, "Age": 46, "Occupation": "รับจ้างทั่วไป", "HighestEducation": "ปริญญาตรี", "ImageFileId": "5c5be5fbfbcb5f16fc676a88", "SelfIntroduceFileId": "5c5be775fbcb5f16fc677a33", "PartyLogo": "https://storage.googleapis.com/candidate-thumbs/party/186.png", "CandididatePhoto": "https://storage.googleapis.com/candidate-thumbs/images/47-3-28.jpg"}, {"Unnamed: 0": 5782, "CandidateId": "401a0485-a8da-4f76-9107-385683262345", "CandidateNo": 29, "FirstName": "ชนก", "LastName": "นาคนิยม", "PartyName": "รักษ์ผืนป่าประเทศไทย", "PartyNumber": 133, "Title": "นาย", "Votable": true, "province_id": 47, "province_name": "สกลนคร", "zone_number": 3, "PartyTerminated": false, "Age": 60, "Occupation": "ข้าราชการบำนาญ", "HighestEducation": "ปริญญาตรี", "ImageFileId": "5c5be7b4fbcb5f16fc677ced", "SelfIntroduceFileId": "5c5be935fbcb5f16fc678892", "PartyLogo": "https://storage.googleapis.com/candidate-thumbs/party/133.png", "CandididatePhoto": "https://storage.googleapis.com/candidate-thumbs/images/47-3-29.jpg"}, {"Unnamed: 0": 5783, "CandidateId": "0217e8b4-d9eb-4602-a4e8-ffb6fe66198b", "CandidateNo": 30, "FirstName": "มุฑิตา", "LastName": "กุณวงษ์", "PartyName": "กรีน", "PartyNumber": 206, "Title": "นางสาว", "Votable": true, "province_id": 47, "province_name": "สกลนคร", "zone_number": 3, "PartyTerminated": false, "Age": 25, "Occupation": "ธุรกิจส่วนตัว", "HighestEducation": "ปริญญาตรี", "ImageFileId": "5c5d0c42fbcb5f0fd884dc91", "SelfIntroduceFileId": "5c5d1b9ffbcb5f0fd8851e4c", "PartyLogo": "https://storage.googleapis.com/candidate-thumbs/party/206.png", "CandididatePhoto": "https://storage.googleapis.com/candidate-thumbs/images/47-3-30.jpg"}, {"Unnamed: 0": 5784, "CandidateId": "226a12b2-f280-4dad-b4e8-f336b3cf6d66", "CandidateNo": 31, "FirstName": "พรทิพย์", "LastName": "ดอกไม้", "PartyName": "ภาคีเครือข่ายไทย", "PartyNumber": 211, "Title": "นาง", "Votable": true, "province_id": 47, "province_name": "สกลนคร", "zone_number": 3, "PartyTerminated": false, "Age": 54, "Occupation": "รับจ้างทั่วไป", "HighestEducation": "ต่ำกว่าปริญญาตรี", "ImageFileId": "5c5d561cfbcb5f0fd8874a3b", "SelfIntroduceFileId": "5c5d5869fbcb5f0fd88765be", "PartyLogo": "https://storage.googleapis.com/candidate-thumbs/party/211.png", "CandididatePhoto": "https://storage.googleapis.com/candidate-thumbs/images/47-3-31.jpg"}, {"Unnamed: 0": 5785, "CandidateId": "85ccb7ad-738f-4d71-a1eb-0454ccc104db", "CandidateNo": 32, "FirstName": "สุชาต", "LastName": "แสนไชย", "PartyName": "พลังไทยรักชาติ", "PartyNumber": 155, "Title": "นาย", "Votable": true, "province_id": 47, "province_name": "สกลนคร", "zone_number": 3, "PartyTerminated": false, "Age": 58, "Occupation": "รับราชการทหาร", "HighestEducation": "ปริญญาตรี", "ImageFileId": "5c5d5903fbcb5f0fd8876d96", "SelfIntroduceFileId": "5c5d5a5bfbcb5f0fd8877c00", "PartyLogo": "https://storage.googleapis.com/candidate-thumbs/party/155.png", "CandididatePhoto": "https://storage.googleapis.com/candidate-thumbs/images/47-3-32.jpg"}, {"Unnamed: 0": 5786, "CandidateId": "1511c948-b847-42a2-9935-0ba3ac4663f1", "CandidateNo": 33, "FirstName": "สุพรรณ", "LastName": "แสนทวีสัตย์", "PartyName": "พลังศรัทธา", "PartyNumber": 201, "Title": "นาย", "Votable": false, "province_id": 47, "province_name": "สกลนคร", "zone_number": 3, "PartyTerminated": false, "Age": 64, "Occupation": "ข้าราชการบำนาญครู", "HighestEducation": "ปริญญาตรี", "ImageFileId": "5c5d5adbfbcb5f0fd8878011", "SelfIntroduceFileId": "5c5d5e4cfbcb5f0fd8879e6d", "PartyLogo": "https://storage.googleapis.com/candidate-thumbs/party/201.png", "CandididatePhoto": "https://storage.googleapis.com/candidate-thumbs/images/47-3-33.jpg"}, {"Unnamed: 0": 5787, "CandidateId": "b9869e25-4efa-430a-babe-914aa8c7aa93", "CandidateNo": 34, "FirstName": "ริวัน", "LastName": "โสภาจร", "PartyName": "ไทรักธรรม", "PartyNumber": 144, "Title": "นาง", "Votable": true, "province_id": 47, "province_name": "สกลนคร", "zone_number": 3, "PartyTerminated": false, "Age": 53, "Occupation": "ธุรกิจส่วนตัว", "HighestEducation": "ต่ำกว่าปริญญาตรี", "ImageFileId": "5c5d6c49fbcb5f0fd887f858", "SelfIntroduceFileId": "5c5d6d9afbcb5f0fd887fc85", "PartyLogo": "https://storage.googleapis.com/candidate-thumbs/party/144.png", "CandididatePhoto": "https://storage.googleapis.com/candidate-thumbs/images/47-3-34.jpg"}]