[{"Unnamed: 0": 678, "CandidateId": "c7b630fe-d5cc-438a-93b3-0cc953a306cc", "CandidateNo": 1, "FirstName": "ฟารูก", "LastName": "พีรูซอะลี", "PartyName": "เพื่อชาติ", "PartyNumber": 149, "Title": "นาย", "Votable": true, "province_id": 91, "province_name": "สตูล", "zone_number": 2, "PartyTerminated": false, "Age": 33, "Occupation": "นักธุรกิจ", "HighestEducation": "ปริญญาตรี", "ImageFileId": "5c57d980fbcb5f1eec0df7de", "SelfIntroduceFileId": "5c58effffbcb5f1d88131e36", "PartyLogo": "https://storage.googleapis.com/candidate-thumbs/party/149.png", "CandididatePhoto": "https://storage.googleapis.com/candidate-thumbs/images/91-2-1.jpg"}, {"Unnamed: 0": 679, "CandidateId": "0649f334-6154-4dce-bdd1-0b0f7ae53e24", "CandidateNo": 2, "FirstName": "สุทัศน์", "LastName": "เอี้ยวเหล็ก", "PartyName": "ชาติพัฒนา", "PartyNumber": 45, "Title": "นาย", "Votable": true, "province_id": 91, "province_name": "สตูล", "zone_number": 2, "PartyTerminated": false, "Age": 58, "Occupation": "ทำงานส่วนตัว", "HighestEducation": "ต่ำกว่าปริญญาตรี", "ImageFileId": "5c57db5ffbcb5f1eec0e0055", "SelfIntroduceFileId": "5c58f734fbcb5f1d8813678e", "PartyLogo": "https://storage.googleapis.com/candidate-thumbs/party/45.png", "CandididatePhoto": "https://storage.googleapis.com/candidate-thumbs/images/91-2-2.jpg"}, {"Unnamed: 0": 680, "CandidateId": "91d58d2b-0d86-499b-961e-04ac5c4b996c", "CandidateNo": 3, "FirstName": "วรศิษฎ์", "LastName": "เลียงประสิทธิ์", "PartyName": "ภูมิใจไทย", "PartyNumber": 63, "Title": "นาย", "Votable": true, "province_id": 91, "province_name": "สตูล", "zone_number": 2, "PartyTerminated": false, "Age": 30, "Occupation": "ธุรกิจส่วนตัว", "HighestEducation": "ปริญญาโท", "ImageFileId": "5c57dbd3fbcb5f1eec0e02b7", "SelfIntroduceFileId": "5c58fa68fbcb5f1d881387d6", "PartyLogo": "https://storage.googleapis.com/candidate-thumbs/party/63.png", "CandididatePhoto": "https://storage.googleapis.com/candidate-thumbs/images/91-2-3.jpg"}, {"Unnamed: 0": 681, "CandidateId": "226361ce-baf4-448c-93a4-8cedeaea67f7", "CandidateNo": 4, "FirstName": "ไพศาล", "LastName": "หลีเส็น", "PartyName": "ไทยรักษาชาติ", "PartyNumber": 77, "Title": "นาย", "Votable": true, "province_id": 91, "province_name": "สตูล", "zone_number": 2, "PartyTerminated": true, "Age": 61, "Occupation": "ค้าขาย", "HighestEducation": "ปริญญาตรี", "ImageFileId": "5c57dc22fbcb5f1eec0e0544", "SelfIntroduceFileId": "5c5904e3fbcb5f1d8813fb81", "PartyLogo": "https://storage.googleapis.com/candidate-thumbs/party/77.png", "CandididatePhoto": "https://storage.googleapis.com/candidate-thumbs/images/91-2-4.jpg"}, {"Unnamed: 0": 682, "CandidateId": "3433d856-5512-43e8-a0ee-0d10e7ddf5a1", "CandidateNo": 5, "FirstName": "จรัล", "LastName": "สุวรรณรัตน์", "PartyName": "ชาติไทยพัฒนา", "PartyNumber": 55, "Title": "นาย", "Votable": true, "province_id": 91, "province_name": "สตูล", "zone_number": 2, "PartyTerminated": false, "Age": 60, "Occupation": "ข้าราชการบำนาญ", "HighestEducation": "ปริญญาตรี", "ImageFileId": "5c57dd86fbcb5f1eec0e0d95", "SelfIntroduceFileId": "5c5908c8fbcb5f1d8814300f", "PartyLogo": "https://storage.googleapis.com/candidate-thumbs/party/55.png", "CandididatePhoto": "https://storage.googleapis.com/candidate-thumbs/images/91-2-5.jpg"}, {"Unnamed: 0": 683, "CandidateId": "f165e946-ba07-4023-a605-dd57e3d28fd6", "CandidateNo": 6, "FirstName": "สวาท", "LastName": "บินรินทร์", "PartyName": "อนาคตใหม่", "PartyNumber": 177, "Title": "นาย", "Votable": true, "province_id": 91, "province_name": "สตูล", "zone_number": 2, "PartyTerminated": false, "Age": 58, "Occupation": "ที่ปรึกษาบริษัทเลิศสามารถโยธาจำกัด", "HighestEducation": "ปริญญาตรี", "ImageFileId": "5c57e152fbcb5f1eec0e2566", "SelfIntroduceFileId": "5c591200fbcb5f1d8814b657", "PartyLogo": "https://storage.googleapis.com/candidate-thumbs/party/177.png", "CandididatePhoto": "https://storage.googleapis.com/candidate-thumbs/images/91-2-6.jpg"}, {"Unnamed: 0": 684, "CandidateId": "34885b5e-44e1-41ae-8e77-bc130df16f92", "CandidateNo": 7, "FirstName": "สมศักดิ์", "LastName": "ปะลาวัน", "PartyName": "พลังปวงชนไทย", "PartyNumber": 184, "Title": "นาย", "Votable": true, "province_id": 91, "province_name": "สตูล", "zone_number": 2, "PartyTerminated": false, "Age": 55, "Occupation": "ประธานเครือข่าย 5 จังหวัดชายแดนภาคใต้ ด้านการเกษตร", "HighestEducation": "ต่ำกว่าปริญญาตรี", "ImageFileId": "5c57e1b3fbcb5f1eec0e27fe", "SelfIntroduceFileId": "5c5919e8fbcb5f1d88150745", "PartyLogo": "https://storage.googleapis.com/candidate-thumbs/party/184.png", "CandididatePhoto": "https://storage.googleapis.com/candidate-thumbs/images/91-2-7.jpg"}, {"Unnamed: 0": 685, "CandidateId": "66142e35-f9dc-4d45-bd3c-d0009acacd09", "CandidateNo": 8, "FirstName": "ถนอม", "LastName": "โส๊ะตรี", "PartyName": "พลังท้องถิ่นไท", "PartyNumber": 124, "Title": "นาย", "Votable": true, "province_id": 91, "province_name": "สตูล", "zone_number": 2, "PartyTerminated": false, "Age": 64, "Occupation": "ค้าขาย", "HighestEducation": "ต่ำกว่าปริญญาตรี", "ImageFileId": "5c57e5ecfbcb5f1eec0e46df", "SelfIntroduceFileId": "5c59288efbcb5f1d88158cac", "PartyLogo": "https://storage.googleapis.com/candidate-thumbs/party/124.png", "CandididatePhoto": "https://storage.googleapis.com/candidate-thumbs/images/91-2-8.jpg"}, {"Unnamed: 0": 686, "CandidateId": "d4b3e10d-b668-4cff-92c8-aa12e5b139bc", "CandidateNo": 9, "FirstName": "ยากาศ", "LastName": "บิลหมัด", "PartyName": "เพื่อธรรม", "PartyNumber": 98, "Title": "นาย", "Votable": true, "province_id": 91, "province_name": "สตูล", "zone_number": 2, "PartyTerminated": false, "Age": 48, "Occupation": "เกษตรกร", "HighestEducation": "ต่ำกว่าปริญญาตรี", "ImageFileId": "5c57e631fbcb5f1eec0e4b88", "SelfIntroduceFileId": "5c5949cffbcb5f1d8817657f", "PartyLogo": "https://storage.googleapis.com/candidate-thumbs/party/98.png", "CandididatePhoto": "https://storage.googleapis.com/candidate-thumbs/images/91-2-9.jpg"}, {"Unnamed: 0": 687, "CandidateId": "13f67389-ca94-4229-b580-d8005a8b2b5a", "CandidateNo": 10, "FirstName": "อดิศักดิ์", "LastName": "รุ่งเรือง", "PartyName": "พลังประชารัฐ", "PartyNumber": 192, "Title": "นาย", "Votable": true, "province_id": 91, "province_name": "สตูล", "zone_number": 2, "PartyTerminated": false, "Age": 54, "Occupation": "เกษตรกร", "HighestEducation": "ปริญญาโท", "ImageFileId": "5c57e675fbcb5f1eec0e4e5b", "SelfIntroduceFileId": "5c594e6afbcb5f1d88179d2e", "PartyLogo": "https://storage.googleapis.com/candidate-thumbs/party/192.png", "CandididatePhoto": "https://storage.googleapis.com/candidate-thumbs/images/91-2-10.jpg"}, {"Unnamed: 0": 688, "CandidateId": "e9c0a178-169b-404e-82bb-509869e4114a", "CandidateNo": 11, "FirstName": "ศิริเพ็ญ", "LastName": "ฮะอุรา", "PartyName": "เสรีรวมไทย", "PartyNumber": 145, "Title": "นาง", "Votable": true, "province_id": 91, "province_name": "สตูล", "zone_number": 2, "PartyTerminated": false, "Age": 47, "Occupation": "นักการเมืองท้องถิ่น", "HighestEducation": "ต่ำกว่าปริญญาตรี", "ImageFileId": "5c57e6b9fbcb5f1eec0e4ff3", "SelfIntroduceFileId": "5c5a40bafbcb5f19bca8ab9f", "PartyLogo": "https://storage.googleapis.com/candidate-thumbs/party/145.png", "CandididatePhoto": "https://storage.googleapis.com/candidate-thumbs/images/91-2-11.jpg"}, {"Unnamed: 0": 689, "CandidateId": "4f396cac-8ebb-4a04-a941-3f6390a444c9", "CandidateNo": 12, "FirstName": "ฮอชาลี", "LastName": "ม่าเหร็ม", "PartyName": "ประชาธิปัตย์", "PartyNumber": 1, "Title": "นาย", "Votable": true, "province_id": 91, "province_name": "สตูล", "zone_number": 2, "PartyTerminated": false, "Age": 55, "Occupation": "นักการเมือง", "HighestEducation": "ปริญญาโท", "ImageFileId": "5c57e6f3fbcb5f1eec0e5153", "SelfIntroduceFileId": "5c5a49e9fbcb5f19bca8ee4f", "PartyLogo": "https://storage.googleapis.com/candidate-thumbs/party/1.png", "CandididatePhoto": "https://storage.googleapis.com/candidate-thumbs/images/91-2-12.jpg"}, {"Unnamed: 0": 690, "CandidateId": "0d0f5e80-a79d-4c34-b8bf-5fca1ecfac6a", "CandidateNo": 13, "FirstName": "อานันทธ์สิทธิบูลย์", "LastName": "หยังสู", "PartyName": "รวมพลังประชาชาติไทย", "PartyNumber": 181, "Title": "นาย", "Votable": true, "province_id": 91, "province_name": "สตูล", "zone_number": 2, "PartyTerminated": false, "Age": 46, "Occupation": "กิจการส่วนตัว", "HighestEducation": "ปริญญาตรี", "ImageFileId": "5c57e86ffbcb5f1eec0e5fd2", "SelfIntroduceFileId": "5c5a5054fbcb5f19bca92985", "PartyLogo": "https://storage.googleapis.com/candidate-thumbs/party/181.png", "CandididatePhoto": "https://storage.googleapis.com/candidate-thumbs/images/91-2-13.jpg"}, {"Unnamed: 0": 691, "CandidateId": "f6a5c6d3-34e5-4b08-8f6c-fc0a77290f8e", "CandidateNo": 14, "FirstName": "วัฒนา", "LastName": "เสียงดัง", "PartyName": "เพื่อแผ่นดิน", "PartyNumber": 41, "Title": "นาย", "Votable": true, "province_id": 91, "province_name": "สตูล", "zone_number": 2, "PartyTerminated": false, "Age": 57, "Occupation": "ผู้ตรวจสอบสหกรณ์กองทุนสวนยางนิคมพัฒนาจำกัด", "HighestEducation": "ปริญญาตรี", "ImageFileId": "5c57ec0bfbcb5f1eec0e7b83", "SelfIntroduceFileId": "5c5a55aefbcb5f19bca959be", "PartyLogo": "https://storage.googleapis.com/candidate-thumbs/party/41.png", "CandididatePhoto": "https://storage.googleapis.com/candidate-thumbs/images/91-2-14.jpg"}, {"Unnamed: 0": 692, "CandidateId": "55ba7807-5aec-44ce-a550-5fa97c5cb016", "CandidateNo": 15, "FirstName": "เกียรติศักดิ์", "LastName": "ศรีจุ้ย", "PartyName": "ประชานิยม", "PartyNumber": 191, "Title": "นาย", "Votable": true, "province_id": 91, "province_name": "สตูล", "zone_number": 2, "PartyTerminated": false, "Age": 28, "Occupation": "ทำสวน", "HighestEducation": "ต่ำกว่าปริญญาตรี", "ImageFileId": "5c57ec49fbcb5f1eec0e7d4a", "SelfIntroduceFileId": "5c5a6013fbcb5f19bca9b1c1", "PartyLogo": "https://storage.googleapis.com/candidate-thumbs/party/191.png", "CandididatePhoto": "https://storage.googleapis.com/candidate-thumbs/images/91-2-15.jpg"}, {"Unnamed: 0": 693, "CandidateId": "ec5922dd-531c-4e44-a8d2-5f6504133d82", "CandidateNo": 16, "FirstName": "พิภพ", "LastName": "แก้วมณีโปรด", "PartyName": "พลังไทยรักไทย", "PartyNumber": 185, "Title": "ร้อยตำรวจเอก", "Votable": true, "province_id": 91, "province_name": "สตูล", "zone_number": 2, "PartyTerminated": false, "Age": 58, "Occupation": "รับราชการตำรวจ", "HighestEducation": "ต่ำกว่าปริญญาตรี", "ImageFileId": "5c57f11cfbcb5f1eec0eac63", "SelfIntroduceFileId": "5c5a7db3fbcb5f19bcaa4e25", "PartyLogo": "https://storage.googleapis.com/candidate-thumbs/party/185.png", "CandididatePhoto": "https://storage.googleapis.com/candidate-thumbs/images/91-2-16.jpg"}, {"Unnamed: 0": 694, "CandidateId": "289f2bd6-6c92-468a-beb4-cd7dc9f50e76", "CandidateNo": 17, "FirstName": "บุญโชค", "LastName": "คงชู", "PartyName": "ประชาภิวัฒน์", "PartyNumber": 172, "Title": "นาย", "Votable": true, "province_id": 91, "province_name": "สตูล", "zone_number": 2, "PartyTerminated": false, "Age": 29, "Occupation": "พนักงานรักษาความปลอดภัย", "HighestEducation": "ต่ำกว่าปริญญาตรี", "ImageFileId": "5c57f15afbcb5f1eec0eae30", "SelfIntroduceFileId": "5c5a8348fbcb5f19bcaa8075", "PartyLogo": "https://storage.googleapis.com/candidate-thumbs/party/172.png", "CandididatePhoto": "https://storage.googleapis.com/candidate-thumbs/images/91-2-17.jpg"}, {"Unnamed: 0": 695, "CandidateId": "d7f0e9e8-7022-4040-a91c-688a8126593e", "CandidateNo": 18, "FirstName": "สมพร", "LastName": "เหมรา", "PartyName": "ประชาชาติ", "PartyNumber": 187, "Title": "นาย", "Votable": true, "province_id": 91, "province_name": "สตูล", "zone_number": 2, "PartyTerminated": false, "Age": 47, "Occupation": "พนักงานราชการ", "HighestEducation": "ปริญญาโท", "ImageFileId": "5c580b7cfbcb5f1eec0ff88a", "SelfIntroduceFileId": "5c59457efbcb5f1d88172295", "PartyLogo": "https://storage.googleapis.com/candidate-thumbs/party/187.png", "CandididatePhoto": "https://storage.googleapis.com/candidate-thumbs/images/91-2-18.jpg"}, {"Unnamed: 0": 696, "CandidateId": "7f4e0753-dcf7-4720-9a7b-4fee0e26fef0", "CandidateNo": 19, "FirstName": "ประสิทธิ์", "LastName": "คงอาสา", "PartyName": "รักษ์ผืนป่าประเทศไทย", "PartyNumber": 133, "Title": "นาย", "Votable": true, "province_id": 91, "province_name": "สตูล", "zone_number": 2, "PartyTerminated": false, "Age": 55, "Occupation": "ธุรกิจส่วนตัว", "HighestEducation": "ต่ำกว่าปริญญาตรี", "ImageFileId": "5c593361fbcb5f1d88162fb5", "SelfIntroduceFileId": "5c59392bfbcb5f1d88168147", "PartyLogo": "https://storage.googleapis.com/candidate-thumbs/party/133.png", "CandididatePhoto": "https://storage.googleapis.com/candidate-thumbs/images/91-2-19.jpg"}, {"Unnamed: 0": 697, "CandidateId": "5dad80ee-2c31-43ba-9296-3327455bf543", "CandidateNo": 20, "FirstName": "ลุกมาน", "LastName": "เหล็มสีฟุต", "PartyName": "ประชากรไทย", "PartyNumber": 2, "Title": "นาย", "Votable": true, "province_id": 91, "province_name": "สตูล", "zone_number": 2, "PartyTerminated": false, "Age": 40, "Occupation": "ธุรกิจส่วนตัว ค้าขาย", "HighestEducation": "ต่ำกว่าปริญญาตรี", "ImageFileId": "5c5a6a30fbcb5f19bca9f43b", "SelfIntroduceFileId": "5c5a7b84fbcb5f19bcaa3e8d", "PartyLogo": "https://storage.googleapis.com/candidate-thumbs/party/2.png", "CandididatePhoto": "https://storage.googleapis.com/candidate-thumbs/images/91-2-20.jpg"}, {"Unnamed: 0": 698, "CandidateId": "3b551296-677a-490c-af83-3865a6a4e255", "CandidateNo": 21, "FirstName": "พีระ", "LastName": "ปากบารา", "PartyName": "เศรษฐกิจใหม่", "PartyNumber": 193, "Title": "นาย", "Votable": true, "province_id": 91, "province_name": "สตูล", "zone_number": 2, "PartyTerminated": false, "Age": 65, "Occupation": "ค้าขาย", "HighestEducation": "ต่ำกว่าปริญญาตรี", "ImageFileId": "5c5a7643fbcb5f19bcaa2261", "SelfIntroduceFileId": "5c5a77befbcb5f19bcaa2b47", "PartyLogo": "https://storage.googleapis.com/candidate-thumbs/party/193.png", "CandididatePhoto": "https://storage.googleapis.com/candidate-thumbs/images/91-2-21.jpg"}, {"Unnamed: 0": 699, "CandidateId": "ed73e70d-0e32-4d3a-9391-cfc2f0c2e62d", "CandidateNo": 22, "FirstName": "นิรุตต์", "LastName": "กูลหลัง", "PartyName": "คลองไทย", "PartyNumber": 189, "Title": "นาย", "Votable": true, "province_id": 91, "province_name": "สตูล", "zone_number": 2, "PartyTerminated": false, "Age": 59, "Occupation": "ธุรกิจส่วนตัว", "HighestEducation": "ต่ำกว่าปริญญาตรี", "ImageFileId": "5c5a885bfbcb5f19bcaaa288", "SelfIntroduceFileId": "5c5a8a29fbcb5f19bcaab05d", "PartyLogo": "https://storage.googleapis.com/candidate-thumbs/party/189.png", "CandididatePhoto": "https://storage.googleapis.com/candidate-thumbs/images/91-2-22.jpg"}, {"Unnamed: 0": 700, "CandidateId": "79e7a0f5-cc3b-4c95-bd15-aa61b205a971", "CandidateNo": 23, "FirstName": "นิรัณน์", "LastName": "แอโส๊ะ", "PartyName": "ครูไทยเพื่อประชาชน", "PartyNumber": 118, "Title": "นาย", "Votable": true, "province_id": 91, "province_name": "สตูล", "zone_number": 2, "PartyTerminated": false, "Age": 45, "Occupation": "ค้าขาย", "HighestEducation": "ต่ำกว่าปริญญาตรี", "ImageFileId": "5c5bacecfbcb5f16fc65dad0", "SelfIntroduceFileId": "5c5bae6ffbcb5f16fc65e9b6", "PartyLogo": "https://storage.googleapis.com/candidate-thumbs/party/118.png", "CandididatePhoto": "https://storage.googleapis.com/candidate-thumbs/images/91-2-23.jpg"}, {"Unnamed: 0": 701, "CandidateId": "dd911205-da9b-42de-8740-b6a331f540fd", "CandidateNo": 24, "FirstName": "สิรินลักษณ์รายา", "LastName": "คณานุรักษ์", "PartyName": "ประชาชนปฏิรูป", "PartyNumber": 176, "Title": "นาง", "Votable": true, "province_id": 91, "province_name": "สตูล", "zone_number": 2, "PartyTerminated": false, "Age": 62, "Occupation": "พนักงานบริษัท", "HighestEducation": "ปริญญาตรี", "ImageFileId": "5c5baea1fbcb5f16fc65eb2d", "SelfIntroduceFileId": "5c5bb1d8fbcb5f16fc6609eb", "PartyLogo": "https://storage.googleapis.com/candidate-thumbs/party/176.png", "CandididatePhoto": "https://storage.googleapis.com/candidate-thumbs/images/91-2-24.jpg"}, {"Unnamed: 0": 702, "CandidateId": "eb4e3084-3a50-48fb-a11d-5062f3efe143", "CandidateNo": 25, "FirstName": "ปิยะดา", "LastName": "ทองนอก", "PartyName": "พลังชาติไทย", "PartyNumber": 186, "Title": "นางสาว", "Votable": true, "province_id": 91, "province_name": "สตูล", "zone_number": 2, "PartyTerminated": false, "Age": 26, "Occupation": "ธุรกิจส่วนตัว", "HighestEducation": "ปริญญาตรี", "ImageFileId": "5c5bb897fbcb5f16fc663d74", "SelfIntroduceFileId": "5c5d3470fbcb5f0fd885e5e6", "PartyLogo": "https://storage.googleapis.com/candidate-thumbs/party/186.png", "CandididatePhoto": "https://storage.googleapis.com/candidate-thumbs/images/91-2-25.jpg"}, {"Unnamed: 0": 703, "CandidateId": "9798df55-60a1-49e2-8fa9-b8f6ab9266d4", "CandidateNo": 26, "FirstName": "กอเด็ด", "LastName": "รอโซยล๊ะ", "PartyName": "ถิ่นกาขาวชาววิไล", "PartyNumber": 129, "Title": "นาย", "Votable": true, "province_id": 91, "province_name": "สตูล", "zone_number": 2, "PartyTerminated": false, "Age": 50, "Occupation": "รับจ้าง", "HighestEducation": "ต่ำกว่าปริญญาตรี", "ImageFileId": "5c5bf05bfbcb5f16fc67c90c", "SelfIntroduceFileId": "5c5bf22efbcb5f16fc67d984", "PartyLogo": "https://storage.googleapis.com/candidate-thumbs/party/129.png", "CandididatePhoto": "https://storage.googleapis.com/candidate-thumbs/images/91-2-26.jpg"}, {"Unnamed: 0": 704, "CandidateId": "f93bcb20-acf5-45e5-b137-9e53c52f94ac", "CandidateNo": 27, "FirstName": "อภิสิทธิ์", "LastName": "พิทักษ์วาที", "PartyName": "พลังประชาธิปไตย", "PartyNumber": 153, "Title": "ร้อยตำรวจตรี", "Votable": true, "province_id": 91, "province_name": "สตูล", "zone_number": 2, "PartyTerminated": false, "Age": 59, "Occupation": "ข้าราชการ (บำนาญ)", "HighestEducation": "ต่ำกว่าปริญญาตรี", "ImageFileId": "5c5bf825fbcb5f16fc68032f", "SelfIntroduceFileId": "5c5c0029fbcb5f16fc6822e8", "PartyLogo": "https://storage.googleapis.com/candidate-thumbs/party/153.png", "CandididatePhoto": "https://storage.googleapis.com/candidate-thumbs/images/91-2-27.jpg"}, {"Unnamed: 0": 705, "CandidateId": "e9b94b03-40a1-4747-8d9c-d8cc0b181d5a", "CandidateNo": 28, "FirstName": "ม่าหมัด", "LastName": "เมืองเล่ง", "PartyName": "พลังสังคม", "PartyNumber": 198, "Title": "นาย", "Votable": true, "province_id": 91, "province_name": "สตูล", "zone_number": 2, "PartyTerminated": false, "Age": 49, "Occupation": "ทำสวน", "HighestEducation": "ต่ำกว่าปริญญาตรี", "ImageFileId": "5c5cf3cdfbcb5f16fc6906bd", "SelfIntroduceFileId": "5c5cf6e4fbcb5f0fd8843a93", "PartyLogo": "https://storage.googleapis.com/candidate-thumbs/party/198.png", "CandididatePhoto": "https://storage.googleapis.com/candidate-thumbs/images/91-2-28.jpg"}, {"Unnamed: 0": 706, "CandidateId": "19ba5aa5-9a0a-47e5-bda4-d40f2ecbf9b6", "CandidateNo": 29, "FirstName": "นิคม", "LastName": "แก้วทอง", "PartyName": "พลเมืองไทย", "PartyNumber": 173, "Title": "นาย", "Votable": true, "province_id": 91, "province_name": "สตูล", "zone_number": 2, "PartyTerminated": false, "Age": 35, "Occupation": "ทนายความ", "HighestEducation": "ปริญญาตรี", "ImageFileId": "5c5d2364fbcb5f0fd8855a79", "SelfIntroduceFileId": "5c5d24d9fbcb5f0fd885652d", "PartyLogo": "https://storage.googleapis.com/candidate-thumbs/party/173.png", "CandididatePhoto": "https://storage.googleapis.com/candidate-thumbs/images/91-2-29.jpg"}, {"Unnamed: 0": 707, "CandidateId": "e77e1377-1638-476b-a591-a8af1238985f", "CandidateNo": 30, "FirstName": "สุกัญญา", "LastName": "อาดำ", "PartyName": "ไทรักธรรม", "PartyNumber": 144, "Title": "นาง", "Votable": true, "province_id": 91, "province_name": "สตูล", "zone_number": 2, "PartyTerminated": false, "Age": 44, "Occupation": "ค่าขาย", "HighestEducation": "ต่ำกว่าปริญญาตรี", "ImageFileId": "5c5d6641fbcb5f0fd887daff", "SelfIntroduceFileId": "5c5d682dfbcb5f0fd887e349", "PartyLogo": "https://storage.googleapis.com/candidate-thumbs/party/144.png", "CandididatePhoto": "https://storage.googleapis.com/candidate-thumbs/images/91-2-30.jpg"}, {"Unnamed: 0": 708, "CandidateId": "7ec203a6-058c-490c-9e4a-59e6ac8008a5", "CandidateNo": 31, "FirstName": "รจนา", "LastName": "วรรณคีรี", "PartyName": "ภาคีเครือข่ายไทย", "PartyNumber": 211, "Title": "นางสาว", "Votable": true, "province_id": 91, "province_name": "สตูล", "zone_number": 2, "PartyTerminated": false, "Age": 40, "Occupation": "เกษตรกร", "HighestEducation": "ปริญญาตรี", "ImageFileId": "5c5d6975fbcb5f0fd887e904", "SelfIntroduceFileId": "5c5d6accfbcb5f0fd887ef13", "PartyLogo": "https://storage.googleapis.com/candidate-thumbs/party/211.png", "CandididatePhoto": "https://storage.googleapis.com/candidate-thumbs/images/91-2-31.jpg"}]