[{"Unnamed: 0": 3811, "CandidateId": "78029d99-b315-458f-bcde-3cc889d144c6", "CandidateNo": 1, "FirstName": "มณฑล", "LastName": "มีอนันต์", "PartyName": "ประชาธิปัตย์", "PartyNumber": 1, "Title": "พล.ต.ต.", "Votable": true, "province_id": 72, "province_name": "สุพรรณบุรี", "zone_number": 3, "PartyTerminated": false, "Age": 67, "Occupation": "ข้าราชการตำรวจ", "HighestEducation": "ปริญญาโท", "ImageFileId": "5c57aa2efbcb5f1eec0cf128", "SelfIntroduceFileId": "5c5932f4fbcb5f1d88162894", "PartyLogo": "https://storage.googleapis.com/candidate-thumbs/party/1.png", "CandididatePhoto": "https://storage.googleapis.com/candidate-thumbs/images/72-3-1.jpg"}, {"Unnamed: 0": 3812, "CandidateId": "559214fc-f1fd-4c80-b35f-17b5b5b20593", "CandidateNo": 2, "FirstName": "สมควร", "LastName": "เณรจาที", "PartyName": "รวมพลังประชาชาติไทย", "PartyNumber": 181, "Title": "นาย", "Votable": true, "province_id": 72, "province_name": "สุพรรณบุรี", "zone_number": 3, "PartyTerminated": false, "Age": 68, "Occupation": "ข้าราชการครู", "HighestEducation": "ปริญญาโท", "ImageFileId": "5c57bde2fbcb5f1eec0d5519", "SelfIntroduceFileId": "5c592eaefbcb5f1d8815ee30", "PartyLogo": "https://storage.googleapis.com/candidate-thumbs/party/181.png", "CandididatePhoto": "https://storage.googleapis.com/candidate-thumbs/images/72-3-2.jpg"}, {"Unnamed: 0": 3813, "CandidateId": "1bcf158a-764d-4086-be0e-f219bb4114a4", "CandidateNo": 3, "FirstName": "จองชัย", "LastName": "เที่ยงธรรม", "PartyName": "ภูมิใจไทย", "PartyNumber": 63, "Title": "นาย", "Votable": true, "province_id": 72, "province_name": "สุพรรณบุรี", "zone_number": 3, "PartyTerminated": false, "Age": 75, "Occupation": "ธุรกิจส่วนตัว", "HighestEducation": "ปริญญาตรี", "ImageFileId": "5c57c2ecfbcb5f1eec0d7d7c", "SelfIntroduceFileId": "5c592a68fbcb5f1d8815a743", "PartyLogo": "https://storage.googleapis.com/candidate-thumbs/party/63.png", "CandididatePhoto": "https://storage.googleapis.com/candidate-thumbs/images/72-3-3.jpg"}, {"Unnamed: 0": 3814, "CandidateId": "48b9140f-754e-4dde-813f-89c057e6b529", "CandidateNo": 4, "FirstName": "อำนาจ", "LastName": "ศรีสุราษฎร์", "PartyName": "รักษ์ผืนป่าประเทศไทย", "PartyNumber": 133, "Title": "นาย", "Votable": true, "province_id": 72, "province_name": "สุพรรณบุรี", "zone_number": 3, "PartyTerminated": false, "Age": 66, "Occupation": "ไม่ได้ประกอบอาชีพ", "HighestEducation": "ต่ำกว่าปริญญาตรี", "ImageFileId": "5c57cec5fbcb5f1eec0dc915", "SelfIntroduceFileId": "5c59260efbcb5f1d88157197", "PartyLogo": "https://storage.googleapis.com/candidate-thumbs/party/133.png", "CandididatePhoto": "https://storage.googleapis.com/candidate-thumbs/images/72-3-4.jpg"}, {"Unnamed: 0": 3815, "CandidateId": "4d05fe81-3c1f-46e1-98af-9758c31a870d", "CandidateNo": 5, "FirstName": "ยุทธนา", "LastName": "ลับบัวงาม", "PartyName": "พลังประชารัฐ", "PartyNumber": 192, "Title": "นาย", "Votable": true, "province_id": 72, "province_name": "สุพรรณบุรี", "zone_number": 3, "PartyTerminated": false, "Age": 63, "Occupation": "นักการเมือง", "HighestEducation": "ปริญญาโท", "ImageFileId": "5c57cfe6fbcb5f1eec0dccbc", "SelfIntroduceFileId": "5c591386fbcb5f1d8814ca2b", "PartyLogo": "https://storage.googleapis.com/candidate-thumbs/party/192.png", "CandididatePhoto": "https://storage.googleapis.com/candidate-thumbs/images/72-3-5.jpg"}, {"Unnamed: 0": 3816, "CandidateId": "ac3aa3b1-c1f4-48e5-8a5f-e390d3af5620", "CandidateNo": 6, "FirstName": "ธนพิสิฐ", "LastName": "ว่องจิรารัศมิ์", "PartyName": "รวมใจไทย", "PartyNumber": 174, "Title": "นาย", "Votable": true, "province_id": 72, "province_name": "สุพรรณบุรี", "zone_number": 3, "PartyTerminated": false, "Age": 39, "Occupation": "รับจ้างอิสระ", "HighestEducation": "ปริญญาตรี", "ImageFileId": "5c57d262fbcb5f1eec0dd5a0", "SelfIntroduceFileId": "5c590fc1fbcb5f1d8814954d", "PartyLogo": "https://storage.googleapis.com/candidate-thumbs/party/174.png", "CandididatePhoto": "https://storage.googleapis.com/candidate-thumbs/images/72-3-6.jpg"}, {"Unnamed: 0": 3817, "CandidateId": "2fbe2b12-ff8c-40df-879e-63caf123064c", "CandidateNo": 7, "FirstName": "ทวีศักดิ์", "LastName": "ฐานบัญชา", "PartyName": "อนาคตใหม่", "PartyNumber": 177, "Title": "นาย", "Votable": true, "province_id": 72, "province_name": "สุพรรณบุรี", "zone_number": 3, "PartyTerminated": false, "Age": 51, "Occupation": "ที่ปรึกษากฏหมายและธุรกิจ", "HighestEducation": "ปริญญาโท", "ImageFileId": "5c57d3a6fbcb5f1eec0ddad1", "SelfIntroduceFileId": "5c590941fbcb5f1d8814367b", "PartyLogo": "https://storage.googleapis.com/candidate-thumbs/party/177.png", "CandididatePhoto": "https://storage.googleapis.com/candidate-thumbs/images/72-3-7.jpg"}, {"Unnamed: 0": 3818, "CandidateId": "8e837154-b085-4226-a3c8-6d73023b58de", "CandidateNo": 8, "FirstName": "อติโรจน์", "LastName": "สุขสวัสดิ์", "PartyName": "ประชาภิวัฒน์", "PartyNumber": 172, "Title": "นาย", "Votable": true, "province_id": 72, "province_name": "สุพรรณบุรี", "zone_number": 3, "PartyTerminated": false, "Age": 50, "Occupation": "ธุรกิจส่วนตัว", "HighestEducation": "ปริญญาตรี", "ImageFileId": "5c57d4b6fbcb5f1eec0de272", "SelfIntroduceFileId": "5c58f8acfbcb5f1d881376ef", "PartyLogo": "https://storage.googleapis.com/candidate-thumbs/party/172.png", "CandididatePhoto": "https://storage.googleapis.com/candidate-thumbs/images/72-3-8.jpg"}, {"Unnamed: 0": 3819, "CandidateId": "20b5f94d-ec6e-4fbd-9d1c-5e82b0da027d", "CandidateNo": 9, "FirstName": "ณมนต์", "LastName": "เรืองสวัสดิ์", "PartyName": "พลังธรรมใหม่", "PartyNumber": 175, "Title": "นาย", "Votable": true, "province_id": 72, "province_name": "สุพรรณบุรี", "zone_number": 3, "PartyTerminated": false, "Age": 34, "Occupation": "เกษตรกร", "HighestEducation": "ต่ำกว่าปริญญาตรี", "ImageFileId": "5c57d618fbcb5f1eec0de76e", "SelfIntroduceFileId": "5c58ee36fbcb5f1d88130f90", "PartyLogo": "https://storage.googleapis.com/candidate-thumbs/party/175.png", "CandididatePhoto": "https://storage.googleapis.com/candidate-thumbs/images/72-3-9.jpg"}, {"Unnamed: 0": 3820, "CandidateId": "263329cd-afa6-42dd-80c1-0e385f539880", "CandidateNo": 10, "FirstName": "สีหราช", "LastName": "อยู่สุวรรณ", "PartyName": "เสรีรวมไทย", "PartyNumber": 145, "Title": "พ.ต.ท.", "Votable": true, "province_id": 72, "province_name": "สุพรรณบุรี", "zone_number": 3, "PartyTerminated": false, "Age": 60, "Occupation": "ข้าราชการตำรวจ", "HighestEducation": "ปริญญาตรี", "ImageFileId": "5c57daaafbcb5f1eec0dfce8", "SelfIntroduceFileId": "5c58ea89fbcb5f1d8812faec", "PartyLogo": "https://storage.googleapis.com/candidate-thumbs/party/145.png", "CandididatePhoto": "https://storage.googleapis.com/candidate-thumbs/images/72-3-10.jpg"}, {"Unnamed: 0": 3821, "CandidateId": "b353d539-267e-4a66-9631-26632a3ee4d0", "CandidateNo": 11, "FirstName": "ประภัตร", "LastName": "โพธสุธน", "PartyName": "ชาติไทยพัฒนา", "PartyNumber": 55, "Title": "นาย", "Votable": true, "province_id": 72, "province_name": "สุพรรณบุรี", "zone_number": 3, "PartyTerminated": false, "Age": 69, "Occupation": "นักการเมือง", "HighestEducation": "ปริญญาโท", "ImageFileId": "5c57dc58fbcb5f1eec0e060d", "SelfIntroduceFileId": "5c581302fbcb5f1eec104845", "PartyLogo": "https://storage.googleapis.com/candidate-thumbs/party/55.png", "CandididatePhoto": "https://storage.googleapis.com/candidate-thumbs/images/72-3-11.jpg"}, {"Unnamed: 0": 3822, "CandidateId": "1e5e5dd7-b82b-4e49-b856-32a83cd1e86f", "CandidateNo": 12, "FirstName": "เทียนชัย", "LastName": "ปิ่นวิเศษ", "PartyName": "ไทยรักษาชาติ", "PartyNumber": 77, "Title": "นาย", "Votable": true, "province_id": 72, "province_name": "สุพรรณบุรี", "zone_number": 3, "PartyTerminated": true, "Age": 69, "Occupation": "เกษตรกร", "HighestEducation": "ปริญญาตรี", "ImageFileId": "5c57e7b3fbcb5f1eec0e5b2d", "SelfIntroduceFileId": "5c580ed4fbcb5f1eec101f27", "PartyLogo": "https://storage.googleapis.com/candidate-thumbs/party/77.png", "CandididatePhoto": "https://storage.googleapis.com/candidate-thumbs/images/72-3-12.jpg"}, {"Unnamed: 0": 3823, "CandidateId": "3350ee95-37ff-4660-b7ef-f4883c976b2e", "CandidateNo": 13, "FirstName": "นพรัตน์", "LastName": "แจ่มจำรัส", "PartyName": "ชาติพัฒนา", "PartyNumber": 45, "Title": "นางสาว", "Votable": true, "province_id": 72, "province_name": "สุพรรณบุรี", "zone_number": 3, "PartyTerminated": false, "Age": 40, "Occupation": "เกษตรกรรม", "HighestEducation": "ต่ำกว่าปริญญาตรี", "ImageFileId": "5c57eb38fbcb5f1eec0e7466", "SelfIntroduceFileId": "5c57fce3fbcb5f1eec0f311b", "PartyLogo": "https://storage.googleapis.com/candidate-thumbs/party/45.png", "CandididatePhoto": "https://storage.googleapis.com/candidate-thumbs/images/72-3-13.jpg"}, {"Unnamed: 0": 3824, "CandidateId": "c34819a5-ac7d-4ef2-afb4-0468c96f4034", "CandidateNo": 14, "FirstName": "กำจัด", "LastName": "ใจดี", "PartyName": "เศรษฐกิจใหม่", "PartyNumber": 193, "Title": "นาย", "Votable": true, "province_id": 72, "province_name": "สุพรรณบุรี", "zone_number": 3, "PartyTerminated": false, "Age": 62, "Occupation": "รับราชการครู", "HighestEducation": "ปริญญาตรี", "ImageFileId": "5c57ec28fbcb5f1eec0e7c4c", "SelfIntroduceFileId": "5c5bf6f7fbcb5f16fc67fd4b", "PartyLogo": "https://storage.googleapis.com/candidate-thumbs/party/193.png", "CandididatePhoto": "https://storage.googleapis.com/candidate-thumbs/images/72-3-14.jpg"}, {"Unnamed: 0": 3825, "CandidateId": "f9a50af4-4495-43da-84ed-ee871c7a9e1f", "CandidateNo": 15, "FirstName": "สุนิสา", "LastName": "หาญกล้า", "PartyName": "เพื่อชาติ", "PartyNumber": 149, "Title": "นางสาว", "Votable": true, "province_id": 72, "province_name": "สุพรรณบุรี", "zone_number": 3, "PartyTerminated": false, "Age": 29, "Occupation": "รับจ้างทั่วไป", "HighestEducation": "ปริญญาตรี", "ImageFileId": "5c5934d3fbcb5f1d88164061", "SelfIntroduceFileId": "5c5938d1fbcb5f1d88167bb8", "PartyLogo": "https://storage.googleapis.com/candidate-thumbs/party/149.png", "CandididatePhoto": "https://storage.googleapis.com/candidate-thumbs/images/72-3-15.jpg"}, {"Unnamed: 0": 3826, "CandidateId": "4cf80892-1a24-4558-912a-01adaa633c3a", "CandidateNo": 16, "FirstName": "ธนารัตน์", "LastName": "โพธิ์บุรีพานิช", "PartyName": "ประชาธิปไตยใหม่", "PartyNumber": 109, "Title": "นางสาว", "Votable": true, "province_id": 72, "province_name": "สุพรรณบุรี", "zone_number": 3, "PartyTerminated": false, "Age": 49, "Occupation": "รับจ้าง", "HighestEducation": "ปริญญาตรี", "ImageFileId": "5c593a19fbcb5f1d88168cbb", "SelfIntroduceFileId": "5c594011fbcb5f1d8816da6a", "PartyLogo": "https://storage.googleapis.com/candidate-thumbs/party/109.png", "CandididatePhoto": "https://storage.googleapis.com/candidate-thumbs/images/72-3-16.jpg"}, {"Unnamed: 0": 3827, "CandidateId": "3226b2fc-5528-4e14-ae65-96f3019ab108", "CandidateNo": 17, "FirstName": "ประเทือง", "LastName": "จินดาวงษ์", "PartyName": "พลังท้องถิ่นไท", "PartyNumber": 124, "Title": "นาย", "Votable": true, "province_id": 72, "province_name": "สุพรรณบุรี", "zone_number": 3, "PartyTerminated": false, "Age": 66, "Occupation": "ข้าราชการบำนาญ", "HighestEducation": "ปริญญาตรี", "ImageFileId": "5c594190fbcb5f1d8816f110", "SelfIntroduceFileId": "5c59460cfbcb5f1d88172c87", "PartyLogo": "https://storage.googleapis.com/candidate-thumbs/party/124.png", "CandididatePhoto": "https://storage.googleapis.com/candidate-thumbs/images/72-3-17.jpg"}, {"Unnamed: 0": 3828, "CandidateId": "aad3d18d-6c91-4054-a481-7961aacf1abb", "CandidateNo": 18, "FirstName": "บำรุง", "LastName": "อภิเดช", "PartyName": "เพื่อนไทย", "PartyNumber": 179, "Title": "นาย", "Votable": false, "province_id": 72, "province_name": "สุพรรณบุรี", "zone_number": 3, "PartyTerminated": false, "Age": 53, "Occupation": "ธุรกิจซ่อมรถมอเตอไซค์", "HighestEducation": "ต่ำกว่าปริญญาตรี", "ImageFileId": "5c59496bfbcb5f1d88175f9a", "SelfIntroduceFileId": "5c594e62fbcb5f1d88179cbd", "PartyLogo": "https://storage.googleapis.com/candidate-thumbs/party/179.png", "CandididatePhoto": "https://storage.googleapis.com/candidate-thumbs/images/72-3-18.jpg"}, {"Unnamed: 0": 3829, "CandidateId": "f29b67b0-1988-444c-a8b4-a3b67d14dc63", "CandidateNo": 19, "FirstName": "ภูวดิษฐ์", "LastName": "นรการ", "PartyName": "พลังปวงชนไทย", "PartyNumber": 184, "Title": "จ.ส.อ.", "Votable": false, "province_id": 72, "province_name": "สุพรรณบุรี", "zone_number": 3, "PartyTerminated": false, "Age": 55, "Occupation": "ข้าราชการบำนาญ", "HighestEducation": "ปริญญาโท", "ImageFileId": "5c5a48f7fbcb5f19bca8e6ba", "SelfIntroduceFileId": "5c5a4f28fbcb5f19bca91c85", "PartyLogo": "https://storage.googleapis.com/candidate-thumbs/party/184.png", "CandididatePhoto": "https://storage.googleapis.com/candidate-thumbs/images/72-3-19.jpg"}, {"Unnamed: 0": 3830, "CandidateId": "48f1eabf-b317-4f71-9eee-8fdc0c5de7f0", "CandidateNo": 20, "FirstName": "ธัญวิสิฏฐ์", "LastName": "ทับทิมทอง", "PartyName": "ประชาชนปฏิรูป", "PartyNumber": 176, "Title": "นาย", "Votable": true, "province_id": 72, "province_name": "สุพรรณบุรี", "zone_number": 3, "PartyTerminated": false, "Age": 57, "Occupation": "ค้าขาย", "HighestEducation": "ต่ำกว่าปริญญาตรี", "ImageFileId": "5c5a7ce4fbcb5f19bcaa487a", "SelfIntroduceFileId": "5c5a934dfbcb5f19bcaaf813", "PartyLogo": "https://storage.googleapis.com/candidate-thumbs/party/176.png", "CandididatePhoto": "https://storage.googleapis.com/candidate-thumbs/images/72-3-20.jpg"}, {"Unnamed: 0": 3831, "CandidateId": "1eb39c97-ec85-4ec4-b54b-260b1eeb0112", "CandidateNo": 21, "FirstName": "ณรงค์", "LastName": "ไทยศรี", "PartyName": "พลังไทยรักชาติ", "PartyNumber": 155, "Title": "นาย", "Votable": true, "province_id": 72, "province_name": "สุพรรณบุรี", "zone_number": 3, "PartyTerminated": false, "Age": 59, "Occupation": "ขับรถรับจ้าง", "HighestEducation": "ต่ำกว่าปริญญาตรี", "ImageFileId": "5c5aac4cfbcb5f19bcab80df", "SelfIntroduceFileId": "5c5b9b3efbcb5f16fc656523", "PartyLogo": "https://storage.googleapis.com/candidate-thumbs/party/155.png", "CandididatePhoto": "https://storage.googleapis.com/candidate-thumbs/images/72-3-21.jpg"}, {"Unnamed: 0": 3832, "CandidateId": "726f012a-172f-4c00-a1f0-07a5c40fdaa4", "CandidateNo": 22, "FirstName": "บุญมา", "LastName": "ปิ่นกระจัน", "PartyName": "พลังชาติไทย", "PartyNumber": 186, "Title": "นาย", "Votable": true, "province_id": 72, "province_name": "สุพรรณบุรี", "zone_number": 3, "PartyTerminated": false, "Age": 63, "Occupation": "เกษตรกร", "HighestEducation": "ต่ำกว่าปริญญาตรี", "ImageFileId": "5c5bb5f0fbcb5f16fc6629b9", "SelfIntroduceFileId": "5c5bbb18fbcb5f16fc664d3b", "PartyLogo": "https://storage.googleapis.com/candidate-thumbs/party/186.png", "CandididatePhoto": "https://storage.googleapis.com/candidate-thumbs/images/72-3-22.jpg"}, {"Unnamed: 0": 3833, "CandidateId": "567a23e1-5fd4-47d3-a92a-3022b9bc56b2", "CandidateNo": 23, "FirstName": "เนติ", "LastName": "สกุลพราหมณ์", "PartyName": "เครือข่ายชาวนาแห่งประเทศไทย", "PartyNumber": 22, "Title": "นาย", "Votable": true, "province_id": 72, "province_name": "สุพรรณบุรี", "zone_number": 3, "PartyTerminated": false, "Age": 61, "Occupation": "เกษตรกร", "HighestEducation": "ต่ำกว่าปริญญาตรี", "ImageFileId": "5c5bbfb6fbcb5f16fc6664b1", "SelfIntroduceFileId": "5c5bd48dfbcb5f16fc66de67", "PartyLogo": "https://storage.googleapis.com/candidate-thumbs/party/22.png", "CandididatePhoto": "https://storage.googleapis.com/candidate-thumbs/images/72-3-23.jpg"}, {"Unnamed: 0": 3834, "CandidateId": "cb80ea47-23e8-4a49-ad7c-a4d5911bacae", "CandidateNo": 24, "FirstName": "ชวัลภ์", "LastName": "พันธุ์จบสิงห์", "PartyName": "ครูไทยเพื่อประชาชน", "PartyNumber": 118, "Title": "นาย", "Votable": true, "province_id": 72, "province_name": "สุพรรณบุรี", "zone_number": 3, "PartyTerminated": false, "Age": 63, "Occupation": "ที่ปรึกษา", "HighestEducation": "ปริญญาโท", "ImageFileId": "5c5bc3e2fbcb5f16fc66733c", "SelfIntroduceFileId": "5c5bd787fbcb5f16fc66f527", "PartyLogo": "https://storage.googleapis.com/candidate-thumbs/party/118.png", "CandididatePhoto": "https://storage.googleapis.com/candidate-thumbs/images/72-3-24.jpg"}, {"Unnamed: 0": 3835, "CandidateId": "23c925c7-b53d-448a-93b6-dae99d6b1a46", "CandidateNo": 25, "FirstName": "สมาน", "LastName": "วงษ์กัณหา", "PartyName": "กรีน", "PartyNumber": 206, "Title": "นาย", "Votable": true, "province_id": 72, "province_name": "สุพรรณบุรี", "zone_number": 3, "PartyTerminated": false, "Age": 44, "Occupation": "เกษตรกร", "HighestEducation": "ปริญญาตรี", "ImageFileId": "5c5bf298fbcb5f16fc67dd0b", "SelfIntroduceFileId": "5c5bf274fbcb5f16fc67dbca", "PartyLogo": "https://storage.googleapis.com/candidate-thumbs/party/206.png", "CandididatePhoto": "https://storage.googleapis.com/candidate-thumbs/images/72-3-25.jpg"}, {"Unnamed: 0": 3836, "CandidateId": "dbd44c0f-f846-40f6-a514-893dca09408d", "CandidateNo": 26, "FirstName": "ยงยุทธ", "LastName": "พรรณกลิ่น", "PartyName": "แผ่นดินธรรม", "PartyNumber": 188, "Title": "นาย", "Votable": true, "province_id": 72, "province_name": "สุพรรณบุรี", "zone_number": 3, "PartyTerminated": false, "Age": 65, "Occupation": "รับราชการ", "HighestEducation": "ปริญญาตรี", "ImageFileId": "5c5cfae7fbcb5f0fd88457ae", "SelfIntroduceFileId": "5c5d069ffbcb5f0fd884baef", "PartyLogo": "https://storage.googleapis.com/candidate-thumbs/party/188.png", "CandididatePhoto": "https://storage.googleapis.com/candidate-thumbs/images/72-3-26.jpg"}, {"Unnamed: 0": 3837, "CandidateId": "763ef4c7-6270-45af-bd48-98e62207bcd6", "CandidateNo": 27, "FirstName": "สวรส", "LastName": "สว่างศรี", "PartyName": "ประชาธรรมไทย", "PartyNumber": 190, "Title": "นางสาว", "Votable": true, "province_id": 72, "province_name": "สุพรรณบุรี", "zone_number": 3, "PartyTerminated": false, "Age": 31, "Occupation": "ธุรกิจส่วนตัว", "HighestEducation": "ปริญญาตรี", "ImageFileId": "5c5d2320fbcb5f0fd8855965", "SelfIntroduceFileId": "5c5d2bccfbcb5f0fd8859d4d", "PartyLogo": "https://storage.googleapis.com/candidate-thumbs/party/190.png", "CandididatePhoto": "https://storage.googleapis.com/candidate-thumbs/images/72-3-27.jpg"}, {"Unnamed: 0": 3838, "CandidateId": "ebf4659a-110f-4492-9d11-4bcd797b8d5c", "CandidateNo": 28, "FirstName": "ธนัชญ์พงษ์", "LastName": "ทองไหลรวม", "PartyName": "ไทรักธรรม", "PartyNumber": 144, "Title": "นาย", "Votable": true, "province_id": 72, "province_name": "สุพรรณบุรี", "zone_number": 3, "PartyTerminated": false, "Age": 56, "Occupation": "ธุรกิจส่วนตัว", "HighestEducation": "ต่ำกว่าปริญญาตรี", "ImageFileId": "5c5d578ffbcb5f0fd8875a7a", "SelfIntroduceFileId": "5c5d5b64fbcb5f0fd887846a", "PartyLogo": "https://storage.googleapis.com/candidate-thumbs/party/144.png", "CandididatePhoto": "https://storage.googleapis.com/candidate-thumbs/images/72-3-28.jpg"}, {"Unnamed: 0": 3839, "CandidateId": "8ab342d4-c275-48c3-90d0-eca80ad10cd5", "CandidateNo": 29, "FirstName": "บุญศักย์", "LastName": "พวงพั่วเพชร", "PartyName": "ประชาไทย", "PartyNumber": 205, "Title": "นาย", "Votable": true, "province_id": 72, "province_name": "สุพรรณบุรี", "zone_number": 3, "PartyTerminated": false, "Age": 73, "Occupation": "ข้าราชการบำนาญ", "HighestEducation": "ปริญญาตรี", "ImageFileId": "5c5d63affbcb5f0fd887c99d", "SelfIntroduceFileId": "5c5d671cfbcb5f0fd887ddde", "PartyLogo": "https://storage.googleapis.com/candidate-thumbs/party/205.png", "CandididatePhoto": "https://storage.googleapis.com/candidate-thumbs/images/72-3-29.jpg"}]