[{"Unnamed: 0": 6820, "CandidateId": "7cf541c4-e8c7-48f2-add3-6eb7bc26f902", "CandidateNo": 1, "FirstName": "นิรันดร์", "LastName": "ลวดเงิน", "PartyName": "อนาคตใหม่", "PartyNumber": 177, "Title": "นาย", "Votable": true, "province_id": 32, "province_name": "สุรินทร์", "zone_number": 2, "PartyTerminated": false, "Age": 61, "Occupation": "รับราชการครู", "HighestEducation": "ปริญญาตรี", "ImageFileId": "5c57c174fbcb5f1eec0d7121", "SelfIntroduceFileId": "5c57dbd1fbcb5f1eec0e02a6", "PartyLogo": "https://storage.googleapis.com/candidate-thumbs/party/177.png", "CandididatePhoto": "https://storage.googleapis.com/candidate-thumbs/images/32-2-1.jpg"}, {"Unnamed: 0": 6821, "CandidateId": "d58f80e1-8a75-4167-aa0a-f5f4eec01031", "CandidateNo": 2, "FirstName": "ประมูล", "LastName": "มะลิซ้อน", "PartyName": "รักษ์ผืนป่าประเทศไทย", "PartyNumber": 133, "Title": "นาย", "Votable": true, "province_id": 32, "province_name": "สุรินทร์", "zone_number": 2, "PartyTerminated": false, "Age": 63, "Occupation": "ข้าราชการครู", "HighestEducation": "ปริญญาตรี", "ImageFileId": "5c5a6f50fbcb5f19bcaa02d3", "SelfIntroduceFileId": "5c57efd1fbcb5f1eec0e9fda", "PartyLogo": "https://storage.googleapis.com/candidate-thumbs/party/133.png", "CandididatePhoto": "https://storage.googleapis.com/candidate-thumbs/images/32-2-2.jpg"}, {"Unnamed: 0": 6822, "CandidateId": "b36c2b6b-2456-4f19-aace-652734de3dc9", "CandidateNo": 3, "FirstName": "กิมใจ", "LastName": "บูรณ์เจริญ", "PartyName": "ประชาภิวัฒน์", "PartyNumber": 172, "Title": "นาง", "Votable": true, "province_id": 32, "province_name": "สุรินทร์", "zone_number": 2, "PartyTerminated": false, "Age": 54, "Occupation": "ค้าขาย", "HighestEducation": "ปริญญาตรี", "ImageFileId": "5c57f9a7fbcb5f1eec0f0251", "SelfIntroduceFileId": "5c592074fbcb5f1d88153684", "PartyLogo": "https://storage.googleapis.com/candidate-thumbs/party/172.png", "CandididatePhoto": "https://storage.googleapis.com/candidate-thumbs/images/32-2-3.jpg"}, {"Unnamed: 0": 6823, "CandidateId": "0d1274c9-896f-4522-a455-fb9241a25081", "CandidateNo": 4, "FirstName": "ชญาภา", "LastName": "สวัสดิ์", "PartyName": "เพื่อแผ่นดิน", "PartyNumber": 41, "Title": "นางสาว", "Votable": true, "province_id": 32, "province_name": "สุรินทร์", "zone_number": 2, "PartyTerminated": false, "Age": 55, "Occupation": "อาจารย์มหาวิทยา", "HighestEducation": "ปริญญาโท", "ImageFileId": "5c57fb70fbcb5f1eec0f19fa", "SelfIntroduceFileId": "5c592387fbcb5f1d8815537b", "PartyLogo": "https://storage.googleapis.com/candidate-thumbs/party/41.png", "CandididatePhoto": "https://storage.googleapis.com/candidate-thumbs/images/32-2-4.jpg"}, {"Unnamed: 0": 6824, "CandidateId": "0fa6ecb9-5f68-4ca4-96dc-3da289198aa9", "CandidateNo": 5, "FirstName": "สมัย", "LastName": "ยอดพรหม", "PartyName": "เสรีรวมไทย", "PartyNumber": 145, "Title": "นาย", "Votable": true, "province_id": 32, "province_name": "สุรินทร์", "zone_number": 2, "PartyTerminated": false, "Age": 66, "Occupation": "ทนายความ", "HighestEducation": "ปริญญาตรี", "ImageFileId": "5c57fbadfbcb5f1eec0f1e35", "SelfIntroduceFileId": "5c59257cfbcb5f1d8815680b", "PartyLogo": "https://storage.googleapis.com/candidate-thumbs/party/145.png", "CandididatePhoto": "https://storage.googleapis.com/candidate-thumbs/images/32-2-5.jpg"}, {"Unnamed: 0": 6825, "CandidateId": "a29c6aea-9eec-43fb-b781-2f5e7b0ac0b2", "CandidateNo": 6, "FirstName": "กิตติศักดิ์", "LastName": "รุ่งธนเกียรติ", "PartyName": "ภูมิใจไทย", "PartyNumber": 63, "Title": "นาย", "Votable": true, "province_id": 32, "province_name": "สุรินทร์", "zone_number": 2, "PartyTerminated": false, "Age": 43, "Occupation": "รองนายก อบจ.สุรินทร์", "HighestEducation": "ปริญญาตรี", "ImageFileId": "5c57fd6bfbcb5f1eec0f39f0", "SelfIntroduceFileId": "5c5928b7fbcb5f1d88158f01", "PartyLogo": "https://storage.googleapis.com/candidate-thumbs/party/63.png", "CandididatePhoto": "https://storage.googleapis.com/candidate-thumbs/images/32-2-6.jpg"}, {"Unnamed: 0": 6826, "CandidateId": "4e71def1-be5a-4089-b7ec-2d944f72793c", "CandidateNo": 7, "FirstName": "ระเบียบ", "LastName": "อยู่เย็น", "PartyName": "ประชาชาติ", "PartyNumber": 187, "Title": "นางสาว", "Votable": true, "province_id": 32, "province_name": "สุรินทร์", "zone_number": 2, "PartyTerminated": false, "Age": 47, "Occupation": "เกษตรกรรม", "HighestEducation": "ต่ำกว่าปริญญาตรี", "ImageFileId": "5c5925ecfbcb5f1d88156edb", "SelfIntroduceFileId": "5c592743fbcb5f1d8815816a", "PartyLogo": "https://storage.googleapis.com/candidate-thumbs/party/187.png", "CandididatePhoto": "https://storage.googleapis.com/candidate-thumbs/images/32-2-7.jpg"}, {"Unnamed: 0": 6827, "CandidateId": "f971d691-c1fb-42ff-b13e-ca202aba5073", "CandidateNo": 8, "FirstName": "วรวรรธน์", "LastName": "ศิริศุภรัตน์", "PartyName": "ประชานิยม", "PartyNumber": 191, "Title": "นาย", "Votable": true, "province_id": 32, "province_name": "สุรินทร์", "zone_number": 2, "PartyTerminated": false, "Age": 63, "Occupation": "รับราชการ", "HighestEducation": "ปริญญาโท", "ImageFileId": "5c5926c5fbcb5f1d88157bb8", "SelfIntroduceFileId": "5c592943fbcb5f1d88159673", "PartyLogo": "https://storage.googleapis.com/candidate-thumbs/party/191.png", "CandididatePhoto": "https://storage.googleapis.com/candidate-thumbs/images/32-2-8.jpg"}, {"Unnamed: 0": 6828, "CandidateId": "d2ff2854-666f-4dd4-9697-b76bdf40dc22", "CandidateNo": 9, "FirstName": "สมชาย", "LastName": "เกียรติคุณรัตน์", "PartyName": "เพื่อชาติ", "PartyNumber": 149, "Title": "นาย", "Votable": true, "province_id": 32, "province_name": "สุรินทร์", "zone_number": 2, "PartyTerminated": false, "Age": 62, "Occupation": "เภสัชกร", "HighestEducation": "ปริญญาโท", "ImageFileId": "5c592985fbcb5f1d8815992e", "SelfIntroduceFileId": "5c592a01fbcb5f1d88159f80", "PartyLogo": "https://storage.googleapis.com/candidate-thumbs/party/149.png", "CandididatePhoto": "https://storage.googleapis.com/candidate-thumbs/images/32-2-9.jpg"}, {"Unnamed: 0": 6829, "CandidateId": "23c51b03-bb1f-4ee9-a610-2505b4061706", "CandidateNo": 10, "FirstName": "ณัฏฐพล", "LastName": "จรัสรพีพงษ์", "PartyName": "พลังประชารัฐ", "PartyNumber": 192, "Title": "นาย", "Votable": true, "province_id": 32, "province_name": "สุรินทร์", "zone_number": 2, "PartyTerminated": false, "Age": 56, "Occupation": "นักการเมืองท้องถิ่น", "HighestEducation": "ปริญญาตรี", "ImageFileId": "5c592a40fbcb5f1d8815a45d", "SelfIntroduceFileId": "5c592ab7fbcb5f1d8815acc7", "PartyLogo": "https://storage.googleapis.com/candidate-thumbs/party/192.png", "CandididatePhoto": "https://storage.googleapis.com/candidate-thumbs/images/32-2-10.jpg"}, {"Unnamed: 0": 6830, "CandidateId": "e000f9eb-a11e-4346-bed6-5c2d759015f9", "CandidateNo": 11, "FirstName": "ชูชัย", "LastName": "มุ่งเจริญพร", "PartyName": "เพื่อไทย", "PartyNumber": 34, "Title": "นาย", "Votable": true, "province_id": 32, "province_name": "สุรินทร์", "zone_number": 2, "PartyTerminated": false, "Age": 58, "Occupation": "อดีสมาชิกสภาผู้แทนราษฎรจังหวัดสุรินทร์", "HighestEducation": "ปริญญาโท", "ImageFileId": "5c592ca2fbcb5f1d8815cd33", "SelfIntroduceFileId": "5c592d14fbcb5f1d8815d330", "PartyLogo": "https://storage.googleapis.com/candidate-thumbs/party/34.png", "CandididatePhoto": "https://storage.googleapis.com/candidate-thumbs/images/32-2-11.jpg"}, {"Unnamed: 0": 6831, "CandidateId": "a6d5c786-65cc-4b33-9723-370302911cc9", "CandidateNo": 12, "FirstName": "ทัศนาวลัย", "LastName": "โสวภาค บุษรา", "PartyName": "ประชาธิปัตย์", "PartyNumber": 1, "Title": "นาง", "Votable": true, "province_id": 32, "province_name": "สุรินทร์", "zone_number": 2, "PartyTerminated": false, "Age": 64, "Occupation": "ประกอบธุรกิจส่วนตัว", "HighestEducation": "ปริญญาโท", "ImageFileId": "5c592f51fbcb5f1d8815f6db", "SelfIntroduceFileId": "5c592ff7fbcb5f1d8815fdc2", "PartyLogo": "https://storage.googleapis.com/candidate-thumbs/party/1.png", "CandididatePhoto": "https://storage.googleapis.com/candidate-thumbs/images/32-2-12.jpg"}, {"Unnamed: 0": 6832, "CandidateId": "eaa61b3a-b2df-494b-b8fa-c219fd67aa03", "CandidateNo": 13, "FirstName": "ชัยวิทย์", "LastName": "โกรธกล้า", "PartyName": "เศรษฐกิจใหม่", "PartyNumber": 193, "Title": "นาย", "Votable": true, "province_id": 32, "province_name": "สุรินทร์", "zone_number": 2, "PartyTerminated": false, "Age": 60, "Occupation": "รับราชการครู", "HighestEducation": "ปริญญาโท", "ImageFileId": "5c57f13efbcb5f1eec0eadbd", "SelfIntroduceFileId": "5c593100fbcb5f1d88160d15", "PartyLogo": "https://storage.googleapis.com/candidate-thumbs/party/193.png", "CandididatePhoto": "https://storage.googleapis.com/candidate-thumbs/images/32-2-13.jpg"}, {"Unnamed: 0": 6833, "CandidateId": "61c8ec27-79df-4482-8ebe-40b565cbe0a3", "CandidateNo": 14, "FirstName": "นิรันดร์", "LastName": "จันทน์แดง", "PartyName": "พลังท้องถิ่นไท", "PartyNumber": 124, "Title": "พันโท", "Votable": true, "province_id": 32, "province_name": "สุรินทร์", "zone_number": 2, "PartyTerminated": false, "Age": 72, "Occupation": "รับราชการ", "HighestEducation": "ปริญญาตรี", "ImageFileId": "5c59314cfbcb5f1d8816103c", "SelfIntroduceFileId": "5c5931d4fbcb5f1d8816166e", "PartyLogo": "https://storage.googleapis.com/candidate-thumbs/party/124.png", "CandididatePhoto": "https://storage.googleapis.com/candidate-thumbs/images/32-2-14.jpg"}, {"Unnamed: 0": 6834, "CandidateId": "ec18bc3f-1628-45e7-950d-57e9d1620888", "CandidateNo": 15, "FirstName": "มนตรี", "LastName": "บุพศิริ", "PartyName": "ชาติไทยพัฒนา", "PartyNumber": 55, "Title": "นาย", "Votable": true, "province_id": 32, "province_name": "สุรินทร์", "zone_number": 2, "PartyTerminated": false, "Age": 42, "Occupation": "อาชีพอิสระ", "HighestEducation": "ต่ำกว่าปริญญาตรี", "ImageFileId": "5c593308fbcb5f1d88162aad", "SelfIntroduceFileId": "5c593525fbcb5f1d8816452b", "PartyLogo": "https://storage.googleapis.com/candidate-thumbs/party/55.png", "CandididatePhoto": "https://storage.googleapis.com/candidate-thumbs/images/32-2-15.jpg"}, {"Unnamed: 0": 6835, "CandidateId": "9719c7e1-46a2-425f-8372-7baf682b6bfa", "CandidateNo": 16, "FirstName": "เยาว์", "LastName": "บุญสุยา", "PartyName": "ประชาธรรมไทย", "PartyNumber": 190, "Title": "นาย", "Votable": true, "province_id": 32, "province_name": "สุรินทร์", "zone_number": 2, "PartyTerminated": false, "Age": 91, "Occupation": "ข้าราชการบำนาญ", "HighestEducation": "ต่ำกว่าปริญญาตรี", "ImageFileId": "5c5d0c78fbcb5f0fd884ddc1", "SelfIntroduceFileId": "5c5d2d78fbcb5f0fd885ab2b", "PartyLogo": "https://storage.googleapis.com/candidate-thumbs/party/190.png", "CandididatePhoto": "https://storage.googleapis.com/candidate-thumbs/images/32-2-16.jpg"}, {"Unnamed: 0": 6836, "CandidateId": "6e893046-4651-48e6-bc40-64b4b5c673d2", "CandidateNo": 17, "FirstName": "คราศรี", "LastName": "ลอยทอง", "PartyName": "รวมพลังประชาชาติไทย", "PartyNumber": 181, "Title": "นาย", "Votable": true, "province_id": 32, "province_name": "สุรินทร์", "zone_number": 2, "PartyTerminated": false, "Age": 59, "Occupation": "ทนายความ", "HighestEducation": "ปริญญาตรี", "ImageFileId": "5c59386cfbcb5f1d8816754d", "SelfIntroduceFileId": "5c593d6afbcb5f1d8816b6cb", "PartyLogo": "https://storage.googleapis.com/candidate-thumbs/party/181.png", "CandididatePhoto": "https://storage.googleapis.com/candidate-thumbs/images/32-2-17.jpg"}, {"Unnamed: 0": 6837, "CandidateId": "e9497bef-64b9-497b-af44-5f6cd7f9470d", "CandidateNo": 18, "FirstName": "ศรีแจ่มใส", "LastName": "กุสสติ", "PartyName": "ทางเลือกใหม่", "PartyNumber": 170, "Title": "นาง", "Votable": true, "province_id": 32, "province_name": "สุรินทร์", "zone_number": 2, "PartyTerminated": false, "Age": 52, "Occupation": "เกตรกรรม", "HighestEducation": "ต่ำกว่าปริญญาตรี", "ImageFileId": "5c593f2ffbcb5f1d8816ce33", "SelfIntroduceFileId": "5c593fe8fbcb5f1d8816d707", "PartyLogo": "https://storage.googleapis.com/candidate-thumbs/party/170.png", "CandididatePhoto": "https://storage.googleapis.com/candidate-thumbs/images/32-2-18.jpg"}, {"Unnamed: 0": 6838, "CandidateId": "f6cde498-2561-4958-bb2e-25a4beb0c923", "CandidateNo": 19, "FirstName": "ธนวรรธน์", "LastName": "ก่อแก้ว", "PartyName": "รวมใจไทย", "PartyNumber": 174, "Title": "นาย", "Votable": true, "province_id": 32, "province_name": "สุรินทร์", "zone_number": 2, "PartyTerminated": false, "Age": 53, "Occupation": "เป็นตัวแทนฝ่ายขายไบริษัททยประกันชีวิตจำกัดหมาชน", "HighestEducation": "ปริญญาตรี", "ImageFileId": "5c59406cfbcb5f1d8816decf", "SelfIntroduceFileId": "5c594138fbcb5f1d8816edbb", "PartyLogo": "https://storage.googleapis.com/candidate-thumbs/party/174.png", "CandididatePhoto": "https://storage.googleapis.com/candidate-thumbs/images/32-2-19.jpg"}, {"Unnamed: 0": 6839, "CandidateId": "4a590d4a-ef53-4e61-9e54-aa0bdf5e65fd", "CandidateNo": 20, "FirstName": "ไชยเดช", "LastName": "ชุติธัญวรรณ", "PartyName": "เพื่อนไทย", "PartyNumber": 179, "Title": "นาย", "Votable": false, "province_id": 32, "province_name": "สุรินทร์", "zone_number": 2, "PartyTerminated": false, "Age": 50, "Occupation": "ค้าขาย", "HighestEducation": "ต่ำกว่าปริญญาตรี", "ImageFileId": "5c5a3ce3fbcb5f19bca89690", "SelfIntroduceFileId": "5c5a3d59fbcb5f19bca898c4", "PartyLogo": "https://storage.googleapis.com/candidate-thumbs/party/179.png", "CandididatePhoto": "https://storage.googleapis.com/candidate-thumbs/images/32-2-20.jpg"}, {"Unnamed: 0": 6840, "CandidateId": "d0e59f2f-0191-45f2-bec6-76cddf9261ca", "CandidateNo": 21, "FirstName": "ชัยวัฒน์", "LastName": "เผือกแก้ว", "PartyName": "พลังไทยรักไทย", "PartyNumber": 185, "Title": "นาย", "Votable": true, "province_id": 32, "province_name": "สุรินทร์", "zone_number": 2, "PartyTerminated": false, "Age": 46, "Occupation": "ธุรกิจส่วนตัว", "HighestEducation": "ต่ำกว่าปริญญาตรี", "ImageFileId": "5c5a7606fbcb5f19bcaa210b", "SelfIntroduceFileId": "5c5a7789fbcb5f19bcaa296b", "PartyLogo": "https://storage.googleapis.com/candidate-thumbs/party/185.png", "CandididatePhoto": "https://storage.googleapis.com/candidate-thumbs/images/32-2-21.jpg"}, {"Unnamed: 0": 6841, "CandidateId": "862e5308-abe7-47a4-8d1d-e17c36ea439a", "CandidateNo": 22, "FirstName": "อร่าม", "LastName": "ทับลา", "PartyName": "ประชาชนปฏิรูป", "PartyNumber": 176, "Title": "นาย", "Votable": true, "province_id": 32, "province_name": "สุรินทร์", "zone_number": 2, "PartyTerminated": false, "Age": 60, "Occupation": "นักจัดการรายการวิทยุ และรับจ้างทั่วไป", "HighestEducation": "ต่ำกว่าปริญญาตรี", "ImageFileId": "5c5a8588fbcb5f19bcaa91fa", "SelfIntroduceFileId": "5c5a862efbcb5f19bcaa95e1", "PartyLogo": "https://storage.googleapis.com/candidate-thumbs/party/176.png", "CandididatePhoto": "https://storage.googleapis.com/candidate-thumbs/images/32-2-22.jpg"}, {"Unnamed: 0": 6842, "CandidateId": "6d4f58c8-c5ed-49ce-88f6-eb6e86226021", "CandidateNo": 23, "FirstName": "พงศธร", "LastName": "ลักขษร", "PartyName": "ครูไทยเพื่อประชาชน", "PartyNumber": 118, "Title": "นาย", "Votable": true, "province_id": 32, "province_name": "สุรินทร์", "zone_number": 2, "PartyTerminated": false, "Age": 32, "Occupation": "ตัวแทนประกันชีวิต เอไอเอ", "HighestEducation": "ปริญญาตรี", "ImageFileId": "5c5bad25fbcb5f16fc65dc64", "SelfIntroduceFileId": "5c5bae2afbcb5f16fc65e53c", "PartyLogo": "https://storage.googleapis.com/candidate-thumbs/party/118.png", "CandididatePhoto": "https://storage.googleapis.com/candidate-thumbs/images/32-2-23.jpg"}, {"Unnamed: 0": 6843, "CandidateId": "389b8f76-1dcd-4604-b1a6-a3cceb5e1aa9", "CandidateNo": 24, "FirstName": "ภัทรพล", "LastName": "หงษ์สูง", "PartyName": "พลังปวงชนไทย", "PartyNumber": 184, "Title": "นาย", "Votable": true, "province_id": 32, "province_name": "สุรินทร์", "zone_number": 2, "PartyTerminated": false, "Age": 55, "Occupation": "นักวิชาการอิสระ", "HighestEducation": "ปริญญาเอก", "ImageFileId": "5c5baedbfbcb5f16fc65ee48", "SelfIntroduceFileId": "5c5baf47fbcb5f16fc65f1ad", "PartyLogo": "https://storage.googleapis.com/candidate-thumbs/party/184.png", "CandididatePhoto": "https://storage.googleapis.com/candidate-thumbs/images/32-2-24.jpg"}, {"Unnamed: 0": 6844, "CandidateId": "bb442dc1-ec54-4222-a625-68f0cee69532", "CandidateNo": 25, "FirstName": "กีรติ", "LastName": "แสงตะวัน", "PartyName": "พลังชาติไทย", "PartyNumber": 186, "Title": "นาย", "Votable": true, "province_id": 32, "province_name": "สุรินทร์", "zone_number": 2, "PartyTerminated": false, "Age": 61, "Occupation": "รับราชการ", "HighestEducation": "ปริญญาเอก", "ImageFileId": "5c5baf7afbcb5f16fc65f4f8", "SelfIntroduceFileId": "5c5bb855fbcb5f16fc663bea", "PartyLogo": "https://storage.googleapis.com/candidate-thumbs/party/186.png", "CandididatePhoto": "https://storage.googleapis.com/candidate-thumbs/images/32-2-25.jpg"}, {"Unnamed: 0": 6845, "CandidateId": "5497df50-a665-4a70-be99-e40ec66da44a", "CandidateNo": 26, "FirstName": "ชินโชติ", "LastName": "พึ่งแสง", "PartyName": "ประชาไทย", "PartyNumber": 205, "Title": "พันตำรวจเอก", "Votable": true, "province_id": 32, "province_name": "สุรินทร์", "zone_number": 2, "PartyTerminated": false, "Age": 65, "Occupation": "รับราชการตำรวจ", "HighestEducation": "ปริญญาโท", "ImageFileId": "5c5bb8a1fbcb5f16fc663db6", "SelfIntroduceFileId": "5c5bbeeafbcb5f16fc6660ab", "PartyLogo": "https://storage.googleapis.com/candidate-thumbs/party/205.png", "CandididatePhoto": "https://storage.googleapis.com/candidate-thumbs/images/32-2-26.jpg"}, {"Unnamed: 0": 6846, "CandidateId": "c68c0c70-c827-465d-a5d8-18d520e484e6", "CandidateNo": 27, "FirstName": "ประสิทธิ์", "LastName": "บูรณ์เจริญ", "PartyName": "พลังไทสร้างชาติ", "PartyNumber": 200, "Title": "นาย", "Votable": true, "province_id": 32, "province_name": "สุรินทร์", "zone_number": 2, "PartyTerminated": false, "Age": 70, "Occupation": "บก.ข่าว", "HighestEducation": "ต่ำกว่าปริญญาตรี", "ImageFileId": "5c5bd55ffbcb5f16fc66e2ba", "SelfIntroduceFileId": "5c5bd5d2fbcb5f16fc66e533", "PartyLogo": "https://storage.googleapis.com/candidate-thumbs/party/200.png", "CandididatePhoto": "https://storage.googleapis.com/candidate-thumbs/images/32-2-27.jpg"}, {"Unnamed: 0": 6847, "CandidateId": "2d3554d3-5d14-4915-a99a-14f0547d9325", "CandidateNo": 28, "FirstName": "เกรียงไกร", "LastName": "วุฒิยา", "PartyName": "มหาชน", "PartyNumber": 4, "Title": "นาย", "Votable": true, "province_id": 32, "province_name": "สุรินทร์", "zone_number": 2, "PartyTerminated": false, "Age": 29, "Occupation": "เกษตรกร", "HighestEducation": "ต่ำกว่าปริญญาตรี", "ImageFileId": "5c5d16d3fbcb5f0fd885088b", "SelfIntroduceFileId": "5c5d17bffbcb5f0fd8850b4e", "PartyLogo": "https://storage.googleapis.com/candidate-thumbs/party/4.png", "CandididatePhoto": "https://storage.googleapis.com/candidate-thumbs/images/32-2-28.jpg"}, {"Unnamed: 0": 6848, "CandidateId": "f77ec8dc-5bee-4522-91b4-adc56bcb597e", "CandidateNo": 29, "FirstName": "ศิริพิชชา", "LastName": "บุญมี", "PartyName": "ไทยศรีวิไลย์", "PartyNumber": 180, "Title": "นาง", "Votable": true, "province_id": 32, "province_name": "สุรินทร์", "zone_number": 2, "PartyTerminated": false, "Age": 44, "Occupation": "รับจ้างทั่วไป", "HighestEducation": "ปริญญาตรี", "ImageFileId": "5c5d40c7fbcb5f0fd886582a", "SelfIntroduceFileId": "5c5d4182fbcb5f0fd8866073", "PartyLogo": "https://storage.googleapis.com/candidate-thumbs/party/180.png", "CandididatePhoto": "https://storage.googleapis.com/candidate-thumbs/images/32-2-29.jpg"}, {"Unnamed: 0": 6849, "CandidateId": "05fdd17c-ce4d-4a90-8207-edcaed8bd8c6", "CandidateNo": 30, "FirstName": "อุทัย", "LastName": "ใจงาม", "PartyName": "แทนคุณแผ่นดิน", "PartyNumber": 53, "Title": "นาย", "Votable": true, "province_id": 32, "province_name": "สุรินทร์", "zone_number": 2, "PartyTerminated": false, "Age": 37, "Occupation": "ลูกจ้างบริษัทเอกชน", "HighestEducation": "ปริญญาตรี", "ImageFileId": "5c5d4221fbcb5f0fd88665e0", "SelfIntroduceFileId": "5c5d41f1fbcb5f0fd8866367", "PartyLogo": "https://storage.googleapis.com/candidate-thumbs/party/53.png", "CandididatePhoto": "https://storage.googleapis.com/candidate-thumbs/images/32-2-30.jpg"}, {"Unnamed: 0": 6850, "CandidateId": "6ce556df-f43c-4ba6-a4b1-6c7ad97e47e5", "CandidateNo": 31, "FirstName": "ไพโรจน์", "LastName": "เจริญโรจน์ปัญญา", "PartyName": "พลังประชาธิปไตย", "PartyNumber": 153, "Title": "ว่าที่ร้อยตรี", "Votable": false, "province_id": 32, "province_name": "สุรินทร์", "zone_number": 2, "PartyTerminated": false, "Age": 26, "Occupation": "เจ้าหน้าที่ปฏิบัติงานพิธี  สนง.วัฒนธรรมจังหวัดสุรินทร์", "HighestEducation": "ปริญญาตรี", "ImageFileId": "5c5d425bfbcb5f0fd8866738", "SelfIntroduceFileId": "5c5d42ddfbcb5f0fd8866cc3", "PartyLogo": "https://storage.googleapis.com/candidate-thumbs/party/153.png", "CandididatePhoto": "https://storage.googleapis.com/candidate-thumbs/images/32-2-31.jpg"}, {"Unnamed: 0": 6851, "CandidateId": "a54c0437-044a-4916-92a6-0afa9d5b8b39", "CandidateNo": 32, "FirstName": "ขวัญกมล", "LastName": "คล่องแคล่ว", "PartyName": "พลังศรัทธา", "PartyNumber": 201, "Title": "นางสาว", "Votable": true, "province_id": 32, "province_name": "สุรินทร์", "zone_number": 2, "PartyTerminated": false, "Age": 48, "Occupation": "ทนายความ", "HighestEducation": "ปริญญาโท", "ImageFileId": "5c5d576dfbcb5f0fd8875944", "SelfIntroduceFileId": "5c5d57f1fbcb5f0fd8875ead", "PartyLogo": "https://storage.googleapis.com/candidate-thumbs/party/201.png", "CandididatePhoto": "https://storage.googleapis.com/candidate-thumbs/images/32-2-32.jpg"}, {"Unnamed: 0": 6852, "CandidateId": "1548017c-8fa1-4529-9b10-b3f66567c79f", "CandidateNo": 33, "FirstName": "จักกพัต", "LastName": "สิทธิจันทร์", "PartyName": "รักท้องถิ่นไทย", "PartyNumber": 162, "Title": "นาย", "Votable": true, "province_id": 32, "province_name": "สุรินทร์", "zone_number": 2, "PartyTerminated": false, "Age": 39, "Occupation": "ธุรกิจส่วนตัว", "HighestEducation": "ต่ำกว่าปริญญาตรี", "ImageFileId": "5c5d589ffbcb5f0fd8876811", "SelfIntroduceFileId": "5c5d5872fbcb5f0fd8876646", "PartyLogo": "https://storage.googleapis.com/candidate-thumbs/party/162.png", "CandididatePhoto": "https://storage.googleapis.com/candidate-thumbs/images/32-2-33.jpg"}, {"Unnamed: 0": 6853, "CandidateId": "acc5ab68-7049-4584-b144-5d82283c0e99", "CandidateNo": 34, "FirstName": "ชาญชัย", "LastName": "ผาลี", "PartyName": "ผึ้งหลวง", "PartyNumber": 164, "Title": "นาย", "Votable": true, "province_id": 32, "province_name": "สุรินทร์", "zone_number": 2, "PartyTerminated": false, "Age": 57, "Occupation": "ค้าขาย", "HighestEducation": "ต่ำกว่าปริญญาตรี", "ImageFileId": "5c5d5993fbcb5f0fd8877404", "SelfIntroduceFileId": "5c5d5baefbcb5f0fd8878784", "PartyLogo": "https://storage.googleapis.com/candidate-thumbs/party/164.png", "CandididatePhoto": "https://storage.googleapis.com/candidate-thumbs/images/32-2-34.jpg"}]