[{"Unnamed: 0": 2192, "CandidateId": "da94b140-6733-47a1-8648-df6d43b72f01", "CandidateNo": 1, "FirstName": "จอมขวัญ", "LastName": "กลับบ้านเกาะ", "PartyName": "พลังประชารัฐ", "PartyNumber": 192, "Title": "นางสาว", "Votable": true, "province_id": 74, "province_name": "สมุทรสาคร", "zone_number": 3, "PartyTerminated": false, "Age": 50, "Occupation": "เกษตรกร", "HighestEducation": "ปริญญาโท", "ImageFileId": "5c57e34dfbcb5f1eec0e34a7", "SelfIntroduceFileId": "5c57e548fbcb5f1eec0e424b", "PartyLogo": "https://storage.googleapis.com/candidate-thumbs/party/192.png", "CandididatePhoto": "https://storage.googleapis.com/candidate-thumbs/images/74-3-1.jpg"}, {"Unnamed: 0": 2193, "CandidateId": "e7ef0612-df4e-4343-a624-6895c8041084", "CandidateNo": 2, "FirstName": "เอนก", "LastName": "กุลกรรณ์", "PartyName": "เสรีรวมไทย", "PartyNumber": 145, "Title": "นาย", "Votable": true, "province_id": 74, "province_name": "สมุทรสาคร", "zone_number": 3, "PartyTerminated": false, "Age": 50, "Occupation": "ค้าขายและทำการเกษตร", "HighestEducation": "ต่ำกว่าปริญญาตรี", "ImageFileId": "5c580116fbcb5f1eec0f68f7", "SelfIntroduceFileId": "5c580254fbcb5f1eec0f7f89", "PartyLogo": "https://storage.googleapis.com/candidate-thumbs/party/145.png", "CandididatePhoto": "https://storage.googleapis.com/candidate-thumbs/images/74-3-2.jpg"}, {"Unnamed: 0": 2194, "CandidateId": "a4cbf48b-338f-4987-bbbf-06fb98988584", "CandidateNo": 3, "FirstName": "ก้องไทย", "LastName": "ทะสดวก", "PartyName": "พลังธรรมใหม่", "PartyNumber": 175, "Title": "พลตรี", "Votable": true, "province_id": 74, "province_name": "สมุทรสาคร", "zone_number": 3, "PartyTerminated": false, "Age": 67, "Occupation": "ข้าราชการบำนาญ", "HighestEducation": "ปริญญาโท", "ImageFileId": "5c580298fbcb5f1eec0f82c2", "SelfIntroduceFileId": "5c5803d8fbcb5f1eec0f93e1", "PartyLogo": "https://storage.googleapis.com/candidate-thumbs/party/175.png", "CandididatePhoto": "https://storage.googleapis.com/candidate-thumbs/images/74-3-3.jpg"}, {"Unnamed: 0": 2195, "CandidateId": "f1919718-954f-4c88-b116-2ce5d02409a3", "CandidateNo": 4, "FirstName": "ปัญญา", "LastName": "ชวนบุญ", "PartyName": "ชาติไทยพัฒนา", "PartyNumber": 55, "Title": "นาย", "Votable": true, "province_id": 74, "province_name": "สมุทรสาคร", "zone_number": 3, "PartyTerminated": false, "Age": 55, "Occupation": "นักการเมือง", "HighestEducation": "ปริญญาตรี", "ImageFileId": "5c580418fbcb5f1eec0f9788", "SelfIntroduceFileId": "5c58fe48fbcb5f1d8813ac4b", "PartyLogo": "https://storage.googleapis.com/candidate-thumbs/party/55.png", "CandididatePhoto": "https://storage.googleapis.com/candidate-thumbs/images/74-3-4.jpg"}, {"Unnamed: 0": 2196, "CandidateId": "705478a3-6b1b-41b5-a190-e38bb4aa8a7a", "CandidateNo": 5, "FirstName": "ปรียานุช", "LastName": "ทรงประกอบ", "PartyName": "เพื่อชาติ", "PartyNumber": 149, "Title": "นาง", "Votable": true, "province_id": 74, "province_name": "สมุทรสาคร", "zone_number": 3, "PartyTerminated": false, "Age": 53, "Occupation": "ธุรกิจส่วนตัว", "HighestEducation": "ปริญญาเอก", "ImageFileId": "5c58ffc9fbcb5f1d8813bdcb", "SelfIntroduceFileId": "5c5902aafbcb5f1d8813e439", "PartyLogo": "https://storage.googleapis.com/candidate-thumbs/party/149.png", "CandididatePhoto": "https://storage.googleapis.com/candidate-thumbs/images/74-3-5.jpg"}, {"Unnamed: 0": 2197, "CandidateId": "88288b7a-5a70-4a6c-b32f-8abae25e2f27", "CandidateNo": 6, "FirstName": "ไพฑูรย์", "LastName": "หิรัญการ", "PartyName": "อนาคตใหม่", "PartyNumber": 177, "Title": "นาย", "Votable": true, "province_id": 74, "province_name": "สมุทรสาคร", "zone_number": 3, "PartyTerminated": false, "Age": 58, "Occupation": "-", "HighestEducation": "ต่ำกว่าปริญญาตรี", "ImageFileId": "5c5902e8fbcb5f1d8813e849", "SelfIntroduceFileId": "5c59045dfbcb5f1d8813f6c0", "PartyLogo": "https://storage.googleapis.com/candidate-thumbs/party/177.png", "CandididatePhoto": "https://storage.googleapis.com/candidate-thumbs/images/74-3-6.jpg"}, {"Unnamed: 0": 2198, "CandidateId": "8022f3c2-64fc-4a47-947d-06db3c900de0", "CandidateNo": 7, "FirstName": "ณิฐชานันท์", "LastName": "อภิธนวัชญ์", "PartyName": "รักษ์ผืนป่าประเทศไทย", "PartyNumber": 133, "Title": "นางสาว", "Votable": true, "province_id": 74, "province_name": "สมุทรสาคร", "zone_number": 3, "PartyTerminated": false, "Age": 42, "Occupation": "ธุรกิจส่วนตัว", "HighestEducation": "ต่ำกว่าปริญญาตรี", "ImageFileId": "5c5904cafbcb5f1d8813faac", "SelfIntroduceFileId": "5c590651fbcb5f1d88140f5e", "PartyLogo": "https://storage.googleapis.com/candidate-thumbs/party/133.png", "CandididatePhoto": "https://storage.googleapis.com/candidate-thumbs/images/74-3-7.jpg"}, {"Unnamed: 0": 2199, "CandidateId": "2e18d782-ea0f-4135-818b-eace4eaf0942", "CandidateNo": 8, "FirstName": "วิเลข", "LastName": "ศรีนิเวศน์", "PartyName": "เพื่อไทย", "PartyNumber": 34, "Title": "พ.ต.อ.", "Votable": true, "province_id": 74, "province_name": "สมุทรสาคร", "zone_number": 3, "PartyTerminated": false, "Age": 73, "Occupation": "ข้าราชการบำนาญ", "HighestEducation": "ปริญญาตรี", "ImageFileId": "5c5906a1fbcb5f1d881413f0", "SelfIntroduceFileId": "5c5908b7fbcb5f1d88142ebe", "PartyLogo": "https://storage.googleapis.com/candidate-thumbs/party/34.png", "CandididatePhoto": "https://storage.googleapis.com/candidate-thumbs/images/74-3-8.jpg"}, {"Unnamed: 0": 2200, "CandidateId": "107333eb-d052-4d09-8cc4-5d09160f2862", "CandidateNo": 9, "FirstName": "บุญเลื่อน", "LastName": "คงเพ็ชร", "PartyName": "พลเมืองไทย", "PartyNumber": 173, "Title": "นาย", "Votable": true, "province_id": 74, "province_name": "สมุทรสาคร", "zone_number": 3, "PartyTerminated": false, "Age": 66, "Occupation": "สมาชิกสภาท้องถิ่น", "HighestEducation": "ต่ำกว่าปริญญาตรี", "ImageFileId": "5c5908fdfbcb5f1d88143356", "SelfIntroduceFileId": "5c590a7efbcb5f1d8814489c", "PartyLogo": "https://storage.googleapis.com/candidate-thumbs/party/173.png", "CandididatePhoto": "https://storage.googleapis.com/candidate-thumbs/images/74-3-9.jpg"}, {"Unnamed: 0": 2201, "CandidateId": "14fe5b6c-2bc7-4909-8e68-dd0a13a5bacd", "CandidateNo": 10, "FirstName": "นิติรัฐ", "LastName": "สุนทรวร", "PartyName": "ประชาธิปัตย์", "PartyNumber": 1, "Title": "นาย", "Votable": true, "province_id": 74, "province_name": "สมุทรสาคร", "zone_number": 3, "PartyTerminated": false, "Age": 55, "Occupation": "ทนายความ", "HighestEducation": "ปริญญาโท", "ImageFileId": "5c590af6fbcb5f1d88144eaf", "SelfIntroduceFileId": "5c590c4cfbcb5f1d8814641e", "PartyLogo": "https://storage.googleapis.com/candidate-thumbs/party/1.png", "CandididatePhoto": "https://storage.googleapis.com/candidate-thumbs/images/74-3-10.jpg"}, {"Unnamed: 0": 2202, "CandidateId": "a21e8c22-1d71-4e9f-ae96-e6eebf4b5c6b", "CandidateNo": 11, "FirstName": "ณัฐจิราภา", "LastName": "อินหอม", "PartyName": "ประชาภิวัฒน์", "PartyNumber": 172, "Title": "นางสาว", "Votable": true, "province_id": 74, "province_name": "สมุทรสาคร", "zone_number": 3, "PartyTerminated": false, "Age": 36, "Occupation": "-", "HighestEducation": "ต่ำกว่าปริญญาตรี", "ImageFileId": "5c590ca8fbcb5f1d8814684e", "SelfIntroduceFileId": "5c590e60fbcb5f1d88147f73", "PartyLogo": "https://storage.googleapis.com/candidate-thumbs/party/172.png", "CandididatePhoto": "https://storage.googleapis.com/candidate-thumbs/images/74-3-11.jpg"}, {"Unnamed: 0": 2203, "CandidateId": "52f40639-602c-4cee-9bef-6c7f92a79bef", "CandidateNo": 12, "FirstName": "วาสนา", "LastName": "ทรัพย์ธำรงค์", "PartyName": "รวมพลังประชาชาติไทย", "PartyNumber": 181, "Title": "นางสาว", "Votable": true, "province_id": 74, "province_name": "สมุทรสาคร", "zone_number": 3, "PartyTerminated": false, "Age": 44, "Occupation": "ธุรกิจส่วนตัว", "HighestEducation": "ปริญญาตรี", "ImageFileId": "5c590eb8fbcb5f1d881482c7", "SelfIntroduceFileId": "5c591353fbcb5f1d8814c859", "PartyLogo": "https://storage.googleapis.com/candidate-thumbs/party/181.png", "CandididatePhoto": "https://storage.googleapis.com/candidate-thumbs/images/74-3-12.jpg"}, {"Unnamed: 0": 2204, "CandidateId": "20469248-769f-4bbd-a014-f46a55a182f9", "CandidateNo": 13, "FirstName": "บูรณะวิทย์", "LastName": "สิทธิศาสตร์", "PartyName": "ภูมิใจไทย", "PartyNumber": 63, "Title": "นาย", "Votable": true, "province_id": 74, "province_name": "สมุทรสาคร", "zone_number": 3, "PartyTerminated": false, "Age": 62, "Occupation": "รับราชการ", "HighestEducation": "ปริญญาตรี", "ImageFileId": "5c59139dfbcb5f1d8814cb31", "SelfIntroduceFileId": "5c591624fbcb5f1d8814e873", "PartyLogo": "https://storage.googleapis.com/candidate-thumbs/party/63.png", "CandididatePhoto": "https://storage.googleapis.com/candidate-thumbs/images/74-3-13.jpg"}, {"Unnamed: 0": 2205, "CandidateId": "e762c86b-f219-4a85-b591-7725dc2cd0f3", "CandidateNo": 14, "FirstName": "ธนภณ", "LastName": "พรมพา", "PartyName": "ไทยศรีวิไลย์", "PartyNumber": 180, "Title": "นาย", "Votable": true, "province_id": 74, "province_name": "สมุทรสาคร", "zone_number": 3, "PartyTerminated": false, "Age": 44, "Occupation": "รับเหมาก่อสร้าง", "HighestEducation": "ต่ำกว่าปริญญาตรี", "ImageFileId": "5c591653fbcb5f1d8814ea8c", "SelfIntroduceFileId": "5c591812fbcb5f1d8814f7b1", "PartyLogo": "https://storage.googleapis.com/candidate-thumbs/party/180.png", "CandididatePhoto": "https://storage.googleapis.com/candidate-thumbs/images/74-3-14.jpg"}, {"Unnamed: 0": 2206, "CandidateId": "b865f239-1d5b-4639-9c6b-0a3d2959d27d", "CandidateNo": 15, "FirstName": "จำลอง", "LastName": "หมุยจินดา", "PartyName": "พลังท้องถิ่นไท", "PartyNumber": 124, "Title": "นาย", "Votable": true, "province_id": 74, "province_name": "สมุทรสาคร", "zone_number": 3, "PartyTerminated": false, "Age": 67, "Occupation": "ข้าราชการครูบำนาญ", "HighestEducation": "ต่ำกว่าปริญญาตรี", "ImageFileId": "5c591867fbcb5f1d8814f958", "SelfIntroduceFileId": "5c591a59fbcb5f1d88150a89", "PartyLogo": "https://storage.googleapis.com/candidate-thumbs/party/124.png", "CandididatePhoto": "https://storage.googleapis.com/candidate-thumbs/images/74-3-15.jpg"}, {"Unnamed: 0": 2207, "CandidateId": "55f9dd20-c8aa-441b-9815-83ed38530992", "CandidateNo": 16, "FirstName": "สุมิตร", "LastName": "อั๋นประเสริฐ", "PartyName": "ประชานิยม", "PartyNumber": 191, "Title": "ร.ต.ต.", "Votable": true, "province_id": 74, "province_name": "สมุทรสาคร", "zone_number": 3, "PartyTerminated": false, "Age": 67, "Occupation": "ข้าราชการ", "HighestEducation": "ต่ำกว่าปริญญาตรี", "ImageFileId": "5c590c1dfbcb5f1d881460b8", "SelfIntroduceFileId": "5c5a67a8fbcb5f19bca9e6b7", "PartyLogo": "https://storage.googleapis.com/candidate-thumbs/party/191.png", "CandididatePhoto": "https://storage.googleapis.com/candidate-thumbs/images/74-3-16.jpg"}, {"Unnamed: 0": 2208, "CandidateId": "61976a98-0736-4ad4-91e4-89e234fef72d", "CandidateNo": 17, "FirstName": "พรพรรณ", "LastName": "สมบูรณ์", "PartyName": "พลังไทยรักชาติ", "PartyNumber": 155, "Title": "นางสาว", "Votable": true, "province_id": 74, "province_name": "สมุทรสาคร", "zone_number": 3, "PartyTerminated": false, "Age": 47, "Occupation": "พนักงานบริษัท", "HighestEducation": "ต่ำกว่าปริญญาตรี", "ImageFileId": "5c5a73e7fbcb5f19bcaa142b", "SelfIntroduceFileId": "5c5a75cefbcb5f19bcaa1e66", "PartyLogo": "https://storage.googleapis.com/candidate-thumbs/party/155.png", "CandididatePhoto": "https://storage.googleapis.com/candidate-thumbs/images/74-3-17.jpg"}, {"Unnamed: 0": 2209, "CandidateId": "390eadcb-5122-49d5-a1e4-0cd5c4bd4e58", "CandidateNo": 18, "FirstName": "พรนภา", "LastName": "อ้นลำพูน", "PartyName": "ประชาไทย", "PartyNumber": 205, "Title": "นางสาว", "Votable": true, "province_id": 74, "province_name": "สมุทรสาคร", "zone_number": 3, "PartyTerminated": false, "Age": 37, "Occupation": "ธุรกิจส่วนตัว", "HighestEducation": "ปริญญาตรี", "ImageFileId": "5c5d0bdefbcb5f0fd884da3c", "SelfIntroduceFileId": "5c5a7d88fbcb5f19bcaa4cd5", "PartyLogo": "https://storage.googleapis.com/candidate-thumbs/party/205.png", "CandididatePhoto": "https://storage.googleapis.com/candidate-thumbs/images/74-3-18.jpg"}, {"Unnamed: 0": 2210, "CandidateId": "7e59ebac-ceaa-4f51-8ed5-35a5d3218062", "CandidateNo": 19, "FirstName": "พีรภาส", "LastName": "พิศอาด", "PartyName": "ประชาชนปฏิรูป", "PartyNumber": 176, "Title": "นาย", "Votable": true, "province_id": 74, "province_name": "สมุทรสาคร", "zone_number": 3, "PartyTerminated": false, "Age": 51, "Occupation": "ทนายความ", "HighestEducation": "ปริญญาตรี", "ImageFileId": "5c5a80c6fbcb5f19bcaa6a61", "SelfIntroduceFileId": "5c5a8295fbcb5f19bcaa7a45", "PartyLogo": "https://storage.googleapis.com/candidate-thumbs/party/176.png", "CandididatePhoto": "https://storage.googleapis.com/candidate-thumbs/images/74-3-19.jpg"}, {"Unnamed: 0": 2211, "CandidateId": "9ed365a8-2d24-4e6c-8478-ed35ef8f1ac0", "CandidateNo": 20, "FirstName": "นาวี", "LastName": "เทียนมณี", "PartyName": "พลังชาติไทย", "PartyNumber": 186, "Title": "นาย", "Votable": true, "province_id": 74, "province_name": "สมุทรสาคร", "zone_number": 3, "PartyTerminated": false, "Age": 34, "Occupation": "ธุรกิจส่วนตัว", "HighestEducation": "ปริญญาโท", "ImageFileId": "5c5d0925fbcb5f0fd884ca4e", "SelfIntroduceFileId": "5c5d0c45fbcb5f0fd884dcbf", "PartyLogo": "https://storage.googleapis.com/candidate-thumbs/party/186.png", "CandididatePhoto": "https://storage.googleapis.com/candidate-thumbs/images/74-3-20.jpg"}, {"Unnamed: 0": 2212, "CandidateId": "77861c48-120c-4377-b953-694af24ecfc8", "CandidateNo": 21, "FirstName": "เมธี", "LastName": "ปิ่นทอง", "PartyName": "ไทยรุ่งเรือง", "PartyNumber": 194, "Title": "นาย", "Votable": true, "province_id": 74, "province_name": "สมุทรสาคร", "zone_number": 3, "PartyTerminated": false, "Age": 48, "Occupation": "ผู้บริหารบริษัทเอกชน", "HighestEducation": "ต่ำกว่าปริญญาตรี", "ImageFileId": "5c5d0c90fbcb5f0fd884de3b", "SelfIntroduceFileId": "5c5d0ddefbcb5f0fd884e4ce", "PartyLogo": "https://storage.googleapis.com/candidate-thumbs/party/194.png", "CandididatePhoto": "https://storage.googleapis.com/candidate-thumbs/images/74-3-21.jpg"}, {"Unnamed: 0": 2213, "CandidateId": "0d475f59-fc63-42fd-8771-85bbe7a55344", "CandidateNo": 22, "FirstName": "สาวิตรี", "LastName": "สธนกุล", "PartyName": "ครูไทยเพื่อประชาชน", "PartyNumber": 118, "Title": "นางสาว", "Votable": true, "province_id": 74, "province_name": "สมุทรสาคร", "zone_number": 3, "PartyTerminated": false, "Age": 28, "Occupation": "นักศึกษา", "HighestEducation": "ปริญญาโท", "ImageFileId": "5c5d0e81fbcb5f0fd884ea4a", "SelfIntroduceFileId": "5c5d0f7efbcb5f0fd884f00b", "PartyLogo": "https://storage.googleapis.com/candidate-thumbs/party/118.png", "CandididatePhoto": "https://storage.googleapis.com/candidate-thumbs/images/74-3-22.jpg"}, {"Unnamed: 0": 2214, "CandidateId": "afb5b197-decb-407d-bc38-f73a9f9905b7", "CandidateNo": 23, "FirstName": "สมชาย", "LastName": "เทพสุวรรณ", "PartyName": "เครือข่ายชาวนาแห่งประเทศไทย", "PartyNumber": 22, "Title": "นาย", "Votable": true, "province_id": 74, "province_name": "สมุทรสาคร", "zone_number": 3, "PartyTerminated": false, "Age": 63, "Occupation": "เกษตรกร", "HighestEducation": "ต่ำกว่าปริญญาตรี", "ImageFileId": "5c5d0fbdfbcb5f0fd884f16b", "SelfIntroduceFileId": "5c5d10dcfbcb5f0fd884f466", "PartyLogo": "https://storage.googleapis.com/candidate-thumbs/party/22.png", "CandididatePhoto": "https://storage.googleapis.com/candidate-thumbs/images/74-3-23.jpg"}, {"Unnamed: 0": 2215, "CandidateId": "02bce427-b068-493c-9520-c241774eadcf", "CandidateNo": 24, "FirstName": "กฤษดา", "LastName": "รอดธานี", "PartyName": "พลังสังคม", "PartyNumber": 198, "Title": "นาย", "Votable": true, "province_id": 74, "province_name": "สมุทรสาคร", "zone_number": 3, "PartyTerminated": false, "Age": 28, "Occupation": "พนักงานเอกชน", "HighestEducation": "ต่ำกว่าปริญญาตรี", "ImageFileId": "5c5d86fbfbcb5f0fd8883227", "SelfIntroduceFileId": "5c5d8891fbcb5f0fd888333b", "PartyLogo": "https://storage.googleapis.com/candidate-thumbs/party/198.png", "CandididatePhoto": "https://storage.googleapis.com/candidate-thumbs/images/74-3-24.jpg"}, {"Unnamed: 0": 2216, "CandidateId": "73877218-298f-45e5-8edc-0635cf2e9cdf", "CandidateNo": 25, "FirstName": "สุทิน", "LastName": "เพิ่มพูล", "PartyName": "ภาคีเครือข่ายไทย", "PartyNumber": 211, "Title": "นาย", "Votable": true, "province_id": 74, "province_name": "สมุทรสาคร", "zone_number": 3, "PartyTerminated": false, "Age": 67, "Occupation": "รับจ้างทั่วไป", "HighestEducation": "ต่ำกว่าปริญญาตรี", "ImageFileId": "5c5d88c2fbcb5f0fd8883383", "SelfIntroduceFileId": "5c5d8a10fbcb5f0fd88833f5", "PartyLogo": "https://storage.googleapis.com/candidate-thumbs/party/211.png", "CandididatePhoto": "https://storage.googleapis.com/candidate-thumbs/images/74-3-25.jpg"}, {"Unnamed: 0": 2217, "CandidateId": "d79678f0-9b9e-422c-a718-c5d81f54d248", "CandidateNo": 26, "FirstName": "เอกชัย", "LastName": "แหยมอุบล", "PartyName": "ภราดรภาพ", "PartyNumber": 154, "Title": "นาย", "Votable": true, "province_id": 74, "province_name": "สมุทรสาคร", "zone_number": 3, "PartyTerminated": false, "Age": 32, "Occupation": "พนักงานบริษัท", "HighestEducation": "ต่ำกว่าปริญญาตรี", "ImageFileId": "5c5d8a3bfbcb5f0fd8883422", "SelfIntroduceFileId": "5c5d8b66fbcb5f0fd8883501", "PartyLogo": "https://storage.googleapis.com/candidate-thumbs/party/154.png", "CandididatePhoto": "https://storage.googleapis.com/candidate-thumbs/images/74-3-26.jpg"}, {"Unnamed: 0": 2218, "CandidateId": "234b806c-f62a-4e22-8440-57fcea612ad8", "CandidateNo": 27, "FirstName": "กาญจนา", "LastName": "เกตุใจ", "PartyName": "ไทรักธรรม", "PartyNumber": 144, "Title": "นางสาว", "Votable": true, "province_id": 74, "province_name": "สมุทรสาคร", "zone_number": 3, "PartyTerminated": false, "Age": 48, "Occupation": "ธุรกิจส่วนตัว", "HighestEducation": "ต่ำกว่าปริญญาตรี", "ImageFileId": "5c5d8baefbcb5f0fd8883522", "SelfIntroduceFileId": "5c5d8da0fbcb5f0fd888364a", "PartyLogo": "https://storage.googleapis.com/candidate-thumbs/party/144.png", "CandididatePhoto": "https://storage.googleapis.com/candidate-thumbs/images/74-3-27.jpg"}]