[{"Unnamed: 0": 6712, "CandidateId": "bc639fad-3552-4dde-962a-38871e590e1e", "CandidateNo": 1, "FirstName": "รังสรรทญ์", "LastName": "คงเทียน", "PartyName": "พลังท้องถิ่นไท", "PartyNumber": 124, "Title": "นาย", "Votable": false, "province_id": 11, "province_name": "สมุทรปราการ", "zone_number": 5, "PartyTerminated": false, "Age": 45, "Occupation": "รับจ้าง", "HighestEducation": "ปริญญาโท", "ImageFileId": "5c5a7886fbcb5f19bcaa2fac", "SelfIntroduceFileId": "5c5be622fbcb5f16fc676c18", "PartyLogo": "https://storage.googleapis.com/candidate-thumbs/party/124.png", "CandididatePhoto": "https://storage.googleapis.com/candidate-thumbs/images/11-5-1.jpg"}, {"Unnamed: 0": 6713, "CandidateId": "6b9e60e6-871d-4638-9daf-d0d7cf134746", "CandidateNo": 2, "FirstName": "วินิตย์", "LastName": "ไชยสรรกิจ", "PartyName": "ประชานิยม", "PartyNumber": 191, "Title": "นาย", "Votable": true, "province_id": 11, "province_name": "สมุทรปราการ", "zone_number": 5, "PartyTerminated": false, "Age": 61, "Occupation": "-", "HighestEducation": "ต่ำกว่าปริญญาตรี", "ImageFileId": "5c57dee2fbcb5f1eec0e1815", "SelfIntroduceFileId": "5c581d10fbcb5f1eec108ae0", "PartyLogo": "https://storage.googleapis.com/candidate-thumbs/party/191.png", "CandididatePhoto": "https://storage.googleapis.com/candidate-thumbs/images/11-5-2.jpg"}, {"Unnamed: 0": 6714, "CandidateId": "4c2b2e67-fc83-434a-8aaf-dbbb76c86234", "CandidateNo": 3, "FirstName": "ประสาน", "LastName": "จ่างูเหลือม", "PartyName": "ภูมิใจไทย", "PartyNumber": 63, "Title": "นาย", "Votable": true, "province_id": 11, "province_name": "สมุทรปราการ", "zone_number": 5, "PartyTerminated": false, "Age": 61, "Occupation": "รัฐวิสาหกิจ", "HighestEducation": "ปริญญาโท", "ImageFileId": "5c57df2cfbcb5f1eec0e1916", "SelfIntroduceFileId": "5c581e0afbcb5f1eec108edf", "PartyLogo": "https://storage.googleapis.com/candidate-thumbs/party/63.png", "CandididatePhoto": "https://storage.googleapis.com/candidate-thumbs/images/11-5-3.jpg"}, {"Unnamed: 0": 6715, "CandidateId": "c6d25ab1-fc33-4f9e-b00d-e05f46c33b8b", "CandidateNo": 4, "FirstName": "ธนาพล", "LastName": "ชัยสิทธิโยธิน", "PartyName": "ประชาชนปฏิรูป", "PartyNumber": 176, "Title": "นาย", "Votable": true, "province_id": 11, "province_name": "สมุทรปราการ", "zone_number": 5, "PartyTerminated": false, "Age": 54, "Occupation": "ขับแท๊กซี่", "HighestEducation": "ปริญญาตรี", "ImageFileId": "5c57df91fbcb5f1eec0e1b37", "SelfIntroduceFileId": "5c581e9cfbcb5f1eec1091d7", "PartyLogo": "https://storage.googleapis.com/candidate-thumbs/party/176.png", "CandididatePhoto": "https://storage.googleapis.com/candidate-thumbs/images/11-5-4.jpg"}, {"Unnamed: 0": 6716, "CandidateId": "503f7c69-66f9-4daf-ae4e-8540274bcdc7", "CandidateNo": 5, "FirstName": "ประสิทธิ์", "LastName": "อนุเคราะห์", "PartyName": "ประชาภิวัฒน์", "PartyNumber": 172, "Title": "นาย", "Votable": true, "province_id": 11, "province_name": "สมุทรปราการ", "zone_number": 5, "PartyTerminated": false, "Age": 45, "Occupation": "ผู้อำนวยการฝ่ายขาย scb life", "HighestEducation": "ต่ำกว่าปริญญาตรี", "ImageFileId": "5c57dfe0fbcb5f1eec0e1d97", "SelfIntroduceFileId": "5c5a45d4fbcb5f19bca8ccd4", "PartyLogo": "https://storage.googleapis.com/candidate-thumbs/party/172.png", "CandididatePhoto": "https://storage.googleapis.com/candidate-thumbs/images/11-5-5.jpg"}, {"Unnamed: 0": 6717, "CandidateId": "cfbf13d1-3b18-4af7-8792-6f47948fede4", "CandidateNo": 6, "FirstName": "วินัย", "LastName": "รุ่งปราการ", "PartyName": "พลังปวงชนไทย", "PartyNumber": 184, "Title": "นาย", "Votable": true, "province_id": 11, "province_name": "สมุทรปราการ", "zone_number": 5, "PartyTerminated": false, "Age": 53, "Occupation": "โรงแรม นักร้อง หมอทำขวัญนาค", "HighestEducation": "ปริญญาโท", "ImageFileId": "5c57e01afbcb5f1eec0e1e8b", "SelfIntroduceFileId": "5c582304fbcb5f1eec10a668", "PartyLogo": "https://storage.googleapis.com/candidate-thumbs/party/184.png", "CandididatePhoto": "https://storage.googleapis.com/candidate-thumbs/images/11-5-6.jpg"}, {"Unnamed: 0": 6718, "CandidateId": "55d7c840-b419-4dd6-95bf-a84147b0f22a", "CandidateNo": 7, "FirstName": "กรุงศรีวิไล", "LastName": "สุทินเผือก", "PartyName": "พลังประชารัฐ", "PartyNumber": 192, "Title": "นาย", "Votable": true, "province_id": 11, "province_name": "สมุทรปราการ", "zone_number": 5, "PartyTerminated": false, "Age": 73, "Occupation": "นักแสดง", "HighestEducation": "ปริญญาตรี", "ImageFileId": "5c57e059fbcb5f1eec0e1f7a", "SelfIntroduceFileId": "5c582382fbcb5f1eec10a7ae", "PartyLogo": "https://storage.googleapis.com/candidate-thumbs/party/192.png", "CandididatePhoto": "https://storage.googleapis.com/candidate-thumbs/images/11-5-7.jpg"}, {"Unnamed: 0": 6719, "CandidateId": "f1fb3fc0-87b6-4488-a912-ce59b31a0001", "CandidateNo": 8, "FirstName": "ณรงค์ศักดิ์", "LastName": "รอดบรรจบ", "PartyName": "พลังประชาธิปไตย", "PartyNumber": 153, "Title": "นาย", "Votable": true, "province_id": 11, "province_name": "สมุทรปราการ", "zone_number": 5, "PartyTerminated": false, "Age": 53, "Occupation": "นักธุรกิจ", "HighestEducation": "ปริญญาตรี", "ImageFileId": "5c57e095fbcb5f1eec0e2162", "SelfIntroduceFileId": "5c58241cfbcb5f1eec10a9f6", "PartyLogo": "https://storage.googleapis.com/candidate-thumbs/party/153.png", "CandididatePhoto": "https://storage.googleapis.com/candidate-thumbs/images/11-5-8.jpg"}, {"Unnamed: 0": 6720, "CandidateId": "832ad813-b9e2-4919-a0eb-3a8260e116d7", "CandidateNo": 9, "FirstName": "มานะ", "LastName": "บุญนาค", "PartyName": "เสรีรวมไทย", "PartyNumber": 145, "Title": "นาย", "Votable": true, "province_id": 11, "province_name": "สมุทรปราการ", "zone_number": 5, "PartyTerminated": false, "Age": 59, "Occupation": "ผู้จัดการสาขาธนาคารกรุงศรีอยุธยา จำกัด(มหาชน)", "HighestEducation": "ปริญญาตรี", "ImageFileId": "5c57e0d4fbcb5f1eec0e2254", "SelfIntroduceFileId": "5c582477fbcb5f1eec10abea", "PartyLogo": "https://storage.googleapis.com/candidate-thumbs/party/145.png", "CandididatePhoto": "https://storage.googleapis.com/candidate-thumbs/images/11-5-9.jpg"}, {"Unnamed: 0": 6721, "CandidateId": "a64c3ef7-1d91-4cda-8a83-6ac3392b054e", "CandidateNo": 10, "FirstName": "ภัทรธนาวัฒย์", "LastName": "สาลีรัชตะธรรม", "PartyName": "พลังธรรมใหม่", "PartyNumber": 175, "Title": "นาย", "Votable": true, "province_id": 11, "province_name": "สมุทรปราการ", "zone_number": 5, "PartyTerminated": false, "Age": 60, "Occupation": "อิสระ", "HighestEducation": "ต่ำกว่าปริญญาตรี", "ImageFileId": "5c57e3b5fbcb5f1eec0e376f", "SelfIntroduceFileId": "5c582724fbcb5f1eec10b52a", "PartyLogo": "https://storage.googleapis.com/candidate-thumbs/party/175.png", "CandididatePhoto": "https://storage.googleapis.com/candidate-thumbs/images/11-5-10.jpg"}, {"Unnamed: 0": 6722, "CandidateId": "48d47fcf-56cc-412c-a02d-22ef1645ece7", "CandidateNo": 11, "FirstName": "สลิลทิพย์", "LastName": "สุขวัฒน์", "PartyName": "เพื่อไทย", "PartyNumber": 34, "Title": "นาง", "Votable": true, "province_id": 11, "province_name": "สมุทรปราการ", "zone_number": 5, "PartyTerminated": false, "Age": 55, "Occupation": "นักการเมือง", "HighestEducation": "ปริญญาโท", "ImageFileId": "5c57e589fbcb5f1eec0e43d2", "SelfIntroduceFileId": "5c5828d5fbcb5f1eec10b999", "PartyLogo": "https://storage.googleapis.com/candidate-thumbs/party/34.png", "CandididatePhoto": "https://storage.googleapis.com/candidate-thumbs/images/11-5-11.jpg"}, {"Unnamed: 0": 6723, "CandidateId": "77de6dec-98d9-450f-8fae-3400667ff28a", "CandidateNo": 12, "FirstName": "ประเมศฐ์", "LastName": "มหาศิรธนโรจน์", "PartyName": "ประชาธิปัตย์", "PartyNumber": 1, "Title": "พ.ต.ท.", "Votable": true, "province_id": 11, "province_name": "สมุทรปราการ", "zone_number": 5, "PartyTerminated": false, "Age": 52, "Occupation": "รับราชการตำรวจ", "HighestEducation": "ปริญญาตรี", "ImageFileId": "5c57e7e9fbcb5f1eec0e5cea", "SelfIntroduceFileId": "5c5827f6fbcb5f1eec10b6ee", "PartyLogo": "https://storage.googleapis.com/candidate-thumbs/party/1.png", "CandididatePhoto": "https://storage.googleapis.com/candidate-thumbs/images/11-5-12.jpg"}, {"Unnamed: 0": 6724, "CandidateId": "9d1aae9e-0258-4256-b7bc-4deb3e753c6a", "CandidateNo": 13, "FirstName": "ตรัยวรรธน์", "LastName": "อิ่มใจ", "PartyName": "อนาคตใหม่", "PartyNumber": 177, "Title": "นาย", "Votable": true, "province_id": 11, "province_name": "สมุทรปราการ", "zone_number": 5, "PartyTerminated": false, "Age": 50, "Occupation": "พนักงานเอกชน", "HighestEducation": "ปริญญาตรี", "ImageFileId": "5c57ebfcfbcb5f1eec0e7b4a", "SelfIntroduceFileId": "5c58295dfbcb5f1eec10bb52", "PartyLogo": "https://storage.googleapis.com/candidate-thumbs/party/177.png", "CandididatePhoto": "https://storage.googleapis.com/candidate-thumbs/images/11-5-13.jpg"}, {"Unnamed: 0": 6725, "CandidateId": "6fcf56a4-0c1a-4265-a58c-035009bbc816", "CandidateNo": 14, "FirstName": "สุขสันต์", "LastName": "อักษรชู", "PartyName": "รวมพลังประชาชาติไทย", "PartyNumber": 181, "Title": "นาย", "Votable": true, "province_id": 11, "province_name": "สมุทรปราการ", "zone_number": 5, "PartyTerminated": false, "Age": 51, "Occupation": "รับราชการทหารเรือ", "HighestEducation": "ปริญญาตรี", "ImageFileId": "5c57edd8fbcb5f1eec0e8cd9", "SelfIntroduceFileId": "5c5829d6fbcb5f1eec10bcb1", "PartyLogo": "https://storage.googleapis.com/candidate-thumbs/party/181.png", "CandididatePhoto": "https://storage.googleapis.com/candidate-thumbs/images/11-5-14.jpg"}, {"Unnamed: 0": 6726, "CandidateId": "49cb1532-7aac-4894-8b19-e2c21cb815fe", "CandidateNo": 15, "FirstName": "พนิธพิชา", "LastName": "บางแสงอ่อน", "PartyName": "ชาติไทยพัฒนา", "PartyNumber": 55, "Title": "นาง", "Votable": true, "province_id": 11, "province_name": "สมุทรปราการ", "zone_number": 5, "PartyTerminated": false, "Age": 48, "Occupation": "พนักงานเอกชน", "HighestEducation": "ต่ำกว่าปริญญาตรี", "ImageFileId": "5c57ee07fbcb5f1eec0e8e95", "SelfIntroduceFileId": "5c582a4efbcb5f1eec10bda3", "PartyLogo": "https://storage.googleapis.com/candidate-thumbs/party/55.png", "CandididatePhoto": "https://storage.googleapis.com/candidate-thumbs/images/11-5-15.jpg"}, {"Unnamed: 0": 6727, "CandidateId": "83921584-5606-4593-9b99-71947570a174", "CandidateNo": 16, "FirstName": "ศรีพงษ์", "LastName": "ไชยสุวรรณ", "PartyName": "ประชาธิปไตยใหม่", "PartyNumber": 109, "Title": "นาย", "Votable": true, "province_id": 11, "province_name": "สมุทรปราการ", "zone_number": 5, "PartyTerminated": false, "Age": 64, "Occupation": "ค้าขาย", "HighestEducation": "ปริญญาตรี", "ImageFileId": "5c57f189fbcb5f1eec0eb05d", "SelfIntroduceFileId": "5c5d01cffbcb5f0fd8848fde", "PartyLogo": "https://storage.googleapis.com/candidate-thumbs/party/109.png", "CandididatePhoto": "https://storage.googleapis.com/candidate-thumbs/images/11-5-16.jpg"}, {"Unnamed: 0": 6728, "CandidateId": "932ceed5-2383-4e84-ba8d-96465b908471", "CandidateNo": 17, "FirstName": "ต่อพันธ์", "LastName": "เมฆทอง", "PartyName": "รักษ์ผืนป่าประเทศไทย", "PartyNumber": 133, "Title": "นาย", "Votable": true, "province_id": 11, "province_name": "สมุทรปราการ", "zone_number": 5, "PartyTerminated": false, "Age": 61, "Occupation": "ข้าราชการครู", "HighestEducation": "ต่ำกว่าปริญญาตรี", "ImageFileId": "5c57f228fbcb5f1eec0eb6b8", "SelfIntroduceFileId": "5c582b15fbcb5f1eec10bff5", "PartyLogo": "https://storage.googleapis.com/candidate-thumbs/party/133.png", "CandididatePhoto": "https://storage.googleapis.com/candidate-thumbs/images/11-5-17.jpg"}, {"Unnamed: 0": 6729, "CandidateId": "8ced28b0-9dd9-4791-9c33-360d729b7a33", "CandidateNo": 18, "FirstName": "นพรุจ", "LastName": "ชาวไทยทวี", "PartyName": "ภราดรภาพ", "PartyNumber": 154, "Title": "นาย", "Votable": true, "province_id": 11, "province_name": "สมุทรปราการ", "zone_number": 5, "PartyTerminated": false, "Age": 47, "Occupation": "ค้าขาย", "HighestEducation": "ต่ำกว่าปริญญาตรี", "ImageFileId": "5c5933cafbcb5f1d88163364", "SelfIntroduceFileId": "5c593705fbcb5f1d88165f7b", "PartyLogo": "https://storage.googleapis.com/candidate-thumbs/party/154.png", "CandididatePhoto": "https://storage.googleapis.com/candidate-thumbs/images/11-5-18.jpg"}, {"Unnamed: 0": 6730, "CandidateId": "4bb82463-b49a-4679-bb29-da2f65e61b01", "CandidateNo": 19, "FirstName": "วิมลนันท์", "LastName": "ปรีชากุลเศรษฐ์", "PartyName": "เพื่อแผ่นดิน", "PartyNumber": 41, "Title": "นาง", "Votable": true, "province_id": 11, "province_name": "สมุทรปราการ", "zone_number": 5, "PartyTerminated": false, "Age": 67, "Occupation": "แม่บ้าน", "HighestEducation": "ต่ำกว่าปริญญาตรี", "ImageFileId": "5c5a4a48fbcb5f19bca8eff7", "SelfIntroduceFileId": "5c5a4f14fbcb5f19bca91bab", "PartyLogo": "https://storage.googleapis.com/candidate-thumbs/party/41.png", "CandididatePhoto": "https://storage.googleapis.com/candidate-thumbs/images/11-5-19.jpg"}, {"Unnamed: 0": 6731, "CandidateId": "936ccef1-4033-4e09-8d8a-46a40513827a", "CandidateNo": 20, "FirstName": "ธวัชชัย", "LastName": "แย้มละม้าย", "PartyName": "เพื่อชาติ", "PartyNumber": 149, "Title": "นาย", "Votable": true, "province_id": 11, "province_name": "สมุทรปราการ", "zone_number": 5, "PartyTerminated": false, "Age": 67, "Occupation": "ข้าราชการครู", "HighestEducation": "ปริญญาเอก", "ImageFileId": "5c5a5ecdfbcb5f19bca9a739", "SelfIntroduceFileId": "5c5a63e5fbcb5f19bca9cf57", "PartyLogo": "https://storage.googleapis.com/candidate-thumbs/party/149.png", "CandididatePhoto": "https://storage.googleapis.com/candidate-thumbs/images/11-5-20.jpg"}, {"Unnamed: 0": 6732, "CandidateId": "b6b67e0e-b08e-4f4a-9c86-0eea43e5aca5", "CandidateNo": 21, "FirstName": "บุญทัน", "LastName": "เรืองสมบัติ", "PartyName": "เศรษฐกิจใหม่", "PartyNumber": 193, "Title": "นาย", "Votable": false, "province_id": 11, "province_name": "สมุทรปราการ", "zone_number": 5, "PartyTerminated": false, "Age": 49, "Occupation": "ธุรกิจส่วนตััว", "HighestEducation": "ต่ำกว่าปริญญาตรี", "ImageFileId": "5c5aa184fbcb5f19bcab52a9", "SelfIntroduceFileId": "5c5b8e7dfbcb5f16fc6525ef", "PartyLogo": "https://storage.googleapis.com/candidate-thumbs/party/193.png", "CandididatePhoto": "https://storage.googleapis.com/candidate-thumbs/images/11-5-21.jpg"}, {"Unnamed: 0": 6733, "CandidateId": "2aee691c-f783-454f-bd61-169a617434ce", "CandidateNo": 22, "FirstName": "สมโชค", "LastName": "แป้นปั้น", "PartyName": "พลังชาติไทย", "PartyNumber": 186, "Title": "นาย", "Votable": true, "province_id": 11, "province_name": "สมุทรปราการ", "zone_number": 5, "PartyTerminated": false, "Age": 56, "Occupation": "อาจารย์พิเศษ", "HighestEducation": "ปริญญาเอก", "ImageFileId": "5c5b99b3fbcb5f16fc655db1", "SelfIntroduceFileId": "5c5b9f7bfbcb5f16fc657b6f", "PartyLogo": "https://storage.googleapis.com/candidate-thumbs/party/186.png", "CandididatePhoto": "https://storage.googleapis.com/candidate-thumbs/images/11-5-22.jpg"}, {"Unnamed: 0": 6734, "CandidateId": "a5256534-cc46-48f9-8748-d7033d2bf69f", "CandidateNo": 23, "FirstName": "กัญจิรา", "LastName": "ปิ่นทอง", "PartyName": "ครูไทยเพื่อประชาชน", "PartyNumber": 118, "Title": "นาง", "Votable": true, "province_id": 11, "province_name": "สมุทรปราการ", "zone_number": 5, "PartyTerminated": false, "Age": 49, "Occupation": "ลูกจ้างบริษัทเอกชน", "HighestEducation": "ต่ำกว่าปริญญาตรี", "ImageFileId": "5c5ba0aefbcb5f16fc658511", "SelfIntroduceFileId": "5c5ba1d7fbcb5f16fc658e81", "PartyLogo": "https://storage.googleapis.com/candidate-thumbs/party/118.png", "CandididatePhoto": "https://storage.googleapis.com/candidate-thumbs/images/11-5-23.jpg"}, {"Unnamed: 0": 6735, "CandidateId": "e898ac77-1659-4440-956a-6f307d1ac4d3", "CandidateNo": 24, "FirstName": "วิจิตร", "LastName": "จัดณรงค์", "PartyName": "พลังไทสร้างชาติ", "PartyNumber": 200, "Title": "นาย", "Votable": true, "province_id": 11, "province_name": "สมุทรปราการ", "zone_number": 5, "PartyTerminated": false, "Age": 58, "Occupation": "ธุรกิจส่วนตัว", "HighestEducation": "ต่ำกว่าปริญญาตรี", "ImageFileId": "5c5bd6d8fbcb5f16fc66ee6f", "SelfIntroduceFileId": "5c5bd9a6fbcb5f16fc6705ec", "PartyLogo": "https://storage.googleapis.com/candidate-thumbs/party/200.png", "CandididatePhoto": "https://storage.googleapis.com/candidate-thumbs/images/11-5-24.jpg"}, {"Unnamed: 0": 6736, "CandidateId": "4f46eff9-cdb6-4293-8f7b-59e1481e9e7a", "CandidateNo": 25, "FirstName": "สมหมาย", "LastName": "เหล็กเพชร", "PartyName": "ภาคีเครือข่ายไทย", "PartyNumber": 211, "Title": "นาง", "Votable": true, "province_id": 11, "province_name": "สมุทรปราการ", "zone_number": 5, "PartyTerminated": false, "Age": 48, "Occupation": "รับจ้าง", "HighestEducation": "ต่ำกว่าปริญญาตรี", "ImageFileId": "5c5cfdf6fbcb5f0fd8846f46", "SelfIntroduceFileId": "5c5cff4bfbcb5f0fd8847a13", "PartyLogo": "https://storage.googleapis.com/candidate-thumbs/party/211.png", "CandididatePhoto": "https://storage.googleapis.com/candidate-thumbs/images/11-5-25.jpg"}, {"Unnamed: 0": 6737, "CandidateId": "ea40409e-f854-4f6e-b65c-b09abc798d7f", "CandidateNo": 26, "FirstName": "ยุพินภรณ์", "LastName": "อยู่สะบาย", "PartyName": "ไทยศรีวิไลย์", "PartyNumber": 180, "Title": "นาง", "Votable": true, "province_id": 11, "province_name": "สมุทรปราการ", "zone_number": 5, "PartyTerminated": false, "Age": 54, "Occupation": "ธุรกิจส่วนตัว", "HighestEducation": "ปริญญาโท", "ImageFileId": "5c5d1128fbcb5f0fd884f595", "SelfIntroduceFileId": "5c5d1304fbcb5f0fd884fa4a", "PartyLogo": "https://storage.googleapis.com/candidate-thumbs/party/180.png", "CandididatePhoto": "https://storage.googleapis.com/candidate-thumbs/images/11-5-26.jpg"}, {"Unnamed: 0": 6738, "CandidateId": "7964ccb9-d771-44f5-8430-b343f7e5630a", "CandidateNo": 27, "FirstName": "กาทอน", "LastName": "คิดโสดา", "PartyName": "พลังไทยรักไทย", "PartyNumber": 185, "Title": "นาย", "Votable": true, "province_id": 11, "province_name": "สมุทรปราการ", "zone_number": 5, "PartyTerminated": false, "Age": 55, "Occupation": "ลูกจ้าง", "HighestEducation": "ต่ำกว่าปริญญาตรี", "ImageFileId": "5c5d1dbefbcb5f0fd8852d51", "SelfIntroduceFileId": "5c5d1f3efbcb5f0fd88539eb", "PartyLogo": "https://storage.googleapis.com/candidate-thumbs/party/185.png", "CandididatePhoto": "https://storage.googleapis.com/candidate-thumbs/images/11-5-27.jpg"}, {"Unnamed: 0": 6739, "CandidateId": "db0dcd48-512b-42c7-8405-c96149afd5d1", "CandidateNo": 28, "FirstName": "ถาวร", "LastName": "ประทุมทอง", "PartyName": "ไทรักธรรม", "PartyNumber": 144, "Title": "นาย", "Votable": true, "province_id": 11, "province_name": "สมุทรปราการ", "zone_number": 5, "PartyTerminated": false, "Age": 59, "Occupation": "ทนายความ", "HighestEducation": "ปริญญาตรี", "ImageFileId": "5c5d3f27fbcb5f0fd88643ab", "SelfIntroduceFileId": "5c5d4075fbcb5f0fd88653a2", "PartyLogo": "https://storage.googleapis.com/candidate-thumbs/party/144.png", "CandididatePhoto": "https://storage.googleapis.com/candidate-thumbs/images/11-5-28.jpg"}]