[{"Unnamed: 0": 6065, "CandidateId": "9fad8883-20f1-4d26-aa0a-7cc2bca59e70", "CandidateNo": 1, "FirstName": "ภูมิ", "LastName": "เทือกสุบรรณ", "PartyName": "รวมพลังประชาชาติไทย", "PartyNumber": 181, "Title": "นาย", "Votable": true, "province_id": 84, "province_name": "สุราษฎร์ธานี", "zone_number": 6, "PartyTerminated": false, "Age": 36, "Occupation": "นักการเมือง", "HighestEducation": "ปริญญาโท", "ImageFileId": "5c57d69afbcb5f1eec0deaa1", "SelfIntroduceFileId": "5c57d9b5fbcb5f1eec0df86d", "PartyLogo": "https://storage.googleapis.com/candidate-thumbs/party/181.png", "CandididatePhoto": "https://storage.googleapis.com/candidate-thumbs/images/84-6-1.jpg"}, {"Unnamed: 0": 6066, "CandidateId": "bd6200cb-e965-4e03-9ae7-bde18c87286d", "CandidateNo": 2, "FirstName": "วีรยุทธ", "LastName": "จันทรเวช", "PartyName": "เศรษฐกิจใหม่", "PartyNumber": 193, "Title": "นาย", "Votable": true, "province_id": 84, "province_name": "สุราษฎร์ธานี", "zone_number": 6, "PartyTerminated": false, "Age": 44, "Occupation": "ค้าขาย", "HighestEducation": "ปริญญาตรี", "ImageFileId": "5c59437dfbcb5f1d88170a36", "SelfIntroduceFileId": "5c5ceb2afbcb5f16fc68cfe3", "PartyLogo": "https://storage.googleapis.com/candidate-thumbs/party/193.png", "CandididatePhoto": "https://storage.googleapis.com/candidate-thumbs/images/84-6-2.jpg"}, {"Unnamed: 0": 6067, "CandidateId": "caa1ae31-affe-4000-bf29-3e388ef78a97", "CandidateNo": 3, "FirstName": "มนิตย์", "LastName": "หมวดสุข", "PartyName": "พลังธรรมใหม่", "PartyNumber": 175, "Title": "นาย", "Votable": true, "province_id": 84, "province_name": "สุราษฎร์ธานี", "zone_number": 6, "PartyTerminated": false, "Age": 49, "Occupation": "เกษตรกร", "HighestEducation": "ต่ำกว่าปริญญาตรี", "ImageFileId": "5c5a59ddfbcb5f19bca97831", "SelfIntroduceFileId": "5c5a895efbcb5f19bcaaa9f3", "PartyLogo": "https://storage.googleapis.com/candidate-thumbs/party/175.png", "CandididatePhoto": "https://storage.googleapis.com/candidate-thumbs/images/84-6-3.jpg"}, {"Unnamed: 0": 6068, "CandidateId": "88bfaacc-d001-4c90-a07c-14d8084dd1cf", "CandidateNo": 4, "FirstName": "พิตตินันท์", "LastName": "รักเอียด", "PartyName": "พลังประชารัฐ", "PartyNumber": 192, "Title": "นาย", "Votable": true, "province_id": 84, "province_name": "สุราษฎร์ธานี", "zone_number": 6, "PartyTerminated": false, "Age": 48, "Occupation": "ธุรกิจส่วนตัว", "HighestEducation": "ปริญญาตรี", "ImageFileId": "5c594314fbcb5f1d88170608", "SelfIntroduceFileId": "5c5a623bfbcb5f19bca9c0bd", "PartyLogo": "https://storage.googleapis.com/candidate-thumbs/party/192.png", "CandididatePhoto": "https://storage.googleapis.com/candidate-thumbs/images/84-6-4.jpg"}, {"Unnamed: 0": 6069, "CandidateId": "0eb54b71-909e-4a19-97f6-14034ad9d370", "CandidateNo": 5, "FirstName": "กำธร", "LastName": "ยิ่งเภตรา", "PartyName": "เสรีรวมไทย", "PartyNumber": 145, "Title": "นาย", "Votable": true, "province_id": 84, "province_name": "สุราษฎร์ธานี", "zone_number": 6, "PartyTerminated": false, "Age": 60, "Occupation": "เกษตรกร", "HighestEducation": "ปริญญาโท", "ImageFileId": "5c5942d9fbcb5f1d881702ce", "SelfIntroduceFileId": "5c5a63b2fbcb5f19bca9cc6d", "PartyLogo": "https://storage.googleapis.com/candidate-thumbs/party/145.png", "CandididatePhoto": "https://storage.googleapis.com/candidate-thumbs/images/84-6-5.jpg"}, {"Unnamed: 0": 6070, "CandidateId": "7105364f-0865-4b50-9ce0-8c70aba0d446", "CandidateNo": 6, "FirstName": "สุจิตรา", "LastName": "ชะอุ่ม", "PartyName": "รักษ์ผืนป่าประเทศไทย", "PartyNumber": 133, "Title": "นาง", "Votable": true, "province_id": 84, "province_name": "สุราษฎร์ธานี", "zone_number": 6, "PartyTerminated": false, "Age": 53, "Occupation": "เกษตรกร", "HighestEducation": "ต่ำกว่าปริญญาตรี", "ImageFileId": "5c59429ffbcb5f1d8817002b", "SelfIntroduceFileId": "5c5a6650fbcb5f19bca9e0d2", "PartyLogo": "https://storage.googleapis.com/candidate-thumbs/party/133.png", "CandididatePhoto": "https://storage.googleapis.com/candidate-thumbs/images/84-6-6.jpg"}, {"Unnamed: 0": 6071, "CandidateId": "6bb01a13-06fd-4886-829f-cd80fb51140c", "CandidateNo": 7, "FirstName": "เชวง", "LastName": "ช่วยบำรุง", "PartyName": "ภูมิใจไทย", "PartyNumber": 63, "Title": "นาย", "Votable": true, "province_id": 84, "province_name": "สุราษฎร์ธานี", "zone_number": 6, "PartyTerminated": false, "Age": 52, "Occupation": "ธุรกิจส่วนตัว", "HighestEducation": "ปริญญาโท", "ImageFileId": "5c594264fbcb5f1d8816fcd6", "SelfIntroduceFileId": "5c5a7586fbcb5f19bcaa1c91", "PartyLogo": "https://storage.googleapis.com/candidate-thumbs/party/63.png", "CandididatePhoto": "https://storage.googleapis.com/candidate-thumbs/images/84-6-7.jpg"}, {"Unnamed: 0": 6072, "CandidateId": "64aa785d-038d-413f-8705-727ecec0d2a9", "CandidateNo": 8, "FirstName": "วัชรินทร์", "LastName": "เล็กจริง", "PartyName": "เพื่อแผ่นดิน", "PartyNumber": 41, "Title": "นาย", "Votable": true, "province_id": 84, "province_name": "สุราษฎร์ธานี", "zone_number": 6, "PartyTerminated": false, "Age": 51, "Occupation": "ผู้จัดการบริษัท อาร์ เอ ที ขนส่ง", "HighestEducation": "ปริญญาตรี", "ImageFileId": "5c59422efbcb5f1d8816f977", "SelfIntroduceFileId": "5c5bf0cffbcb5f16fc67cb93", "PartyLogo": "https://storage.googleapis.com/candidate-thumbs/party/41.png", "CandididatePhoto": "https://storage.googleapis.com/candidate-thumbs/images/84-6-8.jpg"}, {"Unnamed: 0": 6073, "CandidateId": "01a43a61-751e-4c12-9e3c-cf473b302b8f", "CandidateNo": 9, "FirstName": "ม่านฟ้า", "LastName": "พรหมอุบล", "PartyName": "อนาคตใหม่", "PartyNumber": 177, "Title": "นางสาว", "Votable": true, "province_id": 84, "province_name": "สุราษฎร์ธานี", "zone_number": 6, "PartyTerminated": false, "Age": 30, "Occupation": "รับจ้างอิสระ", "HighestEducation": "ปริญญาตรี", "ImageFileId": "5c5941fafbcb5f1d8816f650", "SelfIntroduceFileId": "5c5a7e8efbcb5f19bcaa5778", "PartyLogo": "https://storage.googleapis.com/candidate-thumbs/party/177.png", "CandididatePhoto": "https://storage.googleapis.com/candidate-thumbs/images/84-6-9.jpg"}, {"Unnamed: 0": 6074, "CandidateId": "80662f88-07d9-43f1-be3f-7be87b5b20f8", "CandidateNo": 10, "FirstName": "ปัญญา", "LastName": "เผือกภูมิ", "PartyName": "เพื่อธรรม", "PartyNumber": 98, "Title": "จ.ส.ต.", "Votable": true, "province_id": 84, "province_name": "สุราษฎร์ธานี", "zone_number": 6, "PartyTerminated": false, "Age": 50, "Occupation": "ทำสวน", "HighestEducation": "ปริญญาตรี", "ImageFileId": "5c5a7f3dfbcb5f19bcaa5ee0", "SelfIntroduceFileId": "5c5a8486fbcb5f19bcaa8b5c", "PartyLogo": "https://storage.googleapis.com/candidate-thumbs/party/98.png", "CandididatePhoto": "https://storage.googleapis.com/candidate-thumbs/images/84-6-10.jpg"}, {"Unnamed: 0": 6075, "CandidateId": "bc203e0a-2fce-4f01-ba62-f88cf49cde69", "CandidateNo": 11, "FirstName": "สุชัด", "LastName": "ชูสุวรรณ", "PartyName": "ชาติพัฒนา", "PartyNumber": 45, "Title": "นาย", "Votable": true, "province_id": 84, "province_name": "สุราษฎร์ธานี", "zone_number": 6, "PartyTerminated": false, "Age": 57, "Occupation": "ธุรกิจส่วนตัว", "HighestEducation": "ปริญญาตรี", "ImageFileId": "5c5a8dacfbcb5f19bcaacb6e", "SelfIntroduceFileId": "5c5a8ceafbcb5f19bcaac5cc", "PartyLogo": "https://storage.googleapis.com/candidate-thumbs/party/45.png", "CandididatePhoto": "https://storage.googleapis.com/candidate-thumbs/images/84-6-11.jpg"}, {"Unnamed: 0": 6076, "CandidateId": "b26cfda1-8f9b-422c-b3d4-e4d449599056", "CandidateNo": 12, "FirstName": "อรุณพงษ์", "LastName": "เพ็ชรสวัสดิ์", "PartyName": "ประชาชาติ", "PartyNumber": 187, "Title": "นาย", "Votable": true, "province_id": 84, "province_name": "สุราษฎร์ธานี", "zone_number": 6, "PartyTerminated": false, "Age": 48, "Occupation": "ทนายความ", "HighestEducation": "ปริญญาตรี", "ImageFileId": "5c594119fbcb5f1d8816ebd0", "SelfIntroduceFileId": "5c5a90c4fbcb5f19bcaae426", "PartyLogo": "https://storage.googleapis.com/candidate-thumbs/party/187.png", "CandididatePhoto": "https://storage.googleapis.com/candidate-thumbs/images/84-6-12.jpg"}, {"Unnamed: 0": 6077, "CandidateId": "35b56385-34db-4d81-8749-9f640fae110d", "CandidateNo": 13, "FirstName": "ธีรภัทร", "LastName": "พริ้งศุลกะ", "PartyName": "ประชาธิปัตย์", "PartyNumber": 1, "Title": "นาย", "Votable": true, "province_id": 84, "province_name": "สุราษฎร์ธานี", "zone_number": 6, "PartyTerminated": false, "Age": 53, "Occupation": "นักการเมือง", "HighestEducation": "ปริญญาตรี", "ImageFileId": "5c5940acfbcb5f1d8816e391", "SelfIntroduceFileId": "5c63c346fbcb5f0fb8d95ef9", "PartyLogo": "https://storage.googleapis.com/candidate-thumbs/party/1.png", "CandididatePhoto": "https://storage.googleapis.com/candidate-thumbs/images/84-6-13.jpg"}, {"Unnamed: 0": 6078, "CandidateId": "bcedfaeb-537e-456b-826e-24d9a0b5bb2c", "CandidateNo": 14, "FirstName": "บุญยงค์", "LastName": "จรัสจรูญฤทธิ์", "PartyName": "ไทยรักษาชาติ", "PartyNumber": 77, "Title": "นาย", "Votable": true, "province_id": 84, "province_name": "สุราษฎร์ธานี", "zone_number": 6, "PartyTerminated": true, "Age": 57, "Occupation": "ทนายความ", "HighestEducation": "ปริญญาตรี", "ImageFileId": "5c594066fbcb5f1d8816de80", "SelfIntroduceFileId": "5c5d3a8afbcb5f0fd88615b6", "PartyLogo": "https://storage.googleapis.com/candidate-thumbs/party/77.png", "CandididatePhoto": "https://storage.googleapis.com/candidate-thumbs/images/84-6-14.jpg"}, {"Unnamed: 0": 6079, "CandidateId": "7ab9f237-0455-4279-b818-443edf30051b", "CandidateNo": 15, "FirstName": "พิสัณห์", "LastName": "ทองโมถ่าย", "PartyName": "ชาติไทยพัฒนา", "PartyNumber": 55, "Title": "นาย", "Votable": true, "province_id": 84, "province_name": "สุราษฎร์ธานี", "zone_number": 6, "PartyTerminated": false, "Age": 57, "Occupation": "ที่ปรึกษาสมาชิกสภานิติบัญญัติแห่งชาติ", "HighestEducation": "ปริญญาตรี", "ImageFileId": "5c59401bfbcb5f1d8816db40", "SelfIntroduceFileId": "5c59463afbcb5f1d88172feb", "PartyLogo": "https://storage.googleapis.com/candidate-thumbs/party/55.png", "CandididatePhoto": "https://storage.googleapis.com/candidate-thumbs/images/84-6-15.jpg"}, {"Unnamed: 0": 6080, "CandidateId": "9c065d88-231b-420b-8744-1e58b32a1a3b", "CandidateNo": 16, "FirstName": "โยธี", "LastName": "พรหมรักษ์", "PartyName": "ประชาภิวัฒน์", "PartyNumber": 172, "Title": "นาย", "Votable": true, "province_id": 84, "province_name": "สุราษฎร์ธานี", "zone_number": 6, "PartyTerminated": false, "Age": 56, "Occupation": "เกษตรกร", "HighestEducation": "ต่ำกว่าปริญญาตรี", "ImageFileId": "5c593cfffbcb5f1d8816b0ab", "SelfIntroduceFileId": "5c593f63fbcb5f1d8816d002", "PartyLogo": "https://storage.googleapis.com/candidate-thumbs/party/172.png", "CandididatePhoto": "https://storage.googleapis.com/candidate-thumbs/images/84-6-16.jpg"}, {"Unnamed: 0": 6081, "CandidateId": "c0504fa0-97af-490c-9c5a-6f8d0ef0c58e", "CandidateNo": 17, "FirstName": "นิรุจน์", "LastName": "รัตนพันธ์", "PartyName": "ประชาธิปไตยใหม่", "PartyNumber": 109, "Title": "นาย", "Votable": true, "province_id": 84, "province_name": "สุราษฎร์ธานี", "zone_number": 6, "PartyTerminated": false, "Age": 54, "Occupation": "เกษตรกร", "HighestEducation": "ต่ำกว่าปริญญาตรี", "ImageFileId": "5c59397efbcb5f1d8816851d", "SelfIntroduceFileId": "5c593be5fbcb5f1d8816a330", "PartyLogo": "https://storage.googleapis.com/candidate-thumbs/party/109.png", "CandididatePhoto": "https://storage.googleapis.com/candidate-thumbs/images/84-6-17.jpg"}, {"Unnamed: 0": 6082, "CandidateId": "64a6f456-2f4c-4f6a-85d5-c2fa8dcb12b0", "CandidateNo": 18, "FirstName": "วีรพันธ์", "LastName": "หลิวปลอด", "PartyName": "ถิ่นกาขาวชาววิไล", "PartyNumber": 129, "Title": "นาย", "Votable": true, "province_id": 84, "province_name": "สุราษฎร์ธานี", "zone_number": 6, "PartyTerminated": false, "Age": 35, "Occupation": "ธุรกิจส่วนตัว", "HighestEducation": "ปริญญาตรี", "ImageFileId": "5c5aa1f5fbcb5f19bcab562b", "SelfIntroduceFileId": "5c5aa119fbcb5f19bcab50a9", "PartyLogo": "https://storage.googleapis.com/candidate-thumbs/party/129.png", "CandididatePhoto": "https://storage.googleapis.com/candidate-thumbs/images/84-6-18.jpg"}, {"Unnamed: 0": 6083, "CandidateId": "6f992931-ebb5-4889-a6c0-5184ceb198b8", "CandidateNo": 19, "FirstName": "นิยม", "LastName": "นุชมิตร์", "PartyName": "เพื่อชาติ", "PartyNumber": 149, "Title": "นาย", "Votable": true, "province_id": 84, "province_name": "สุราษฎร์ธานี", "zone_number": 6, "PartyTerminated": false, "Age": 73, "Occupation": "ธุรกิจส่วนตัว", "HighestEducation": "ปริญญาตรี", "ImageFileId": "5c59505ffbcb5f1d8817b26e", "SelfIntroduceFileId": "5c5aa067fbcb5f19bcab4b49", "PartyLogo": "https://storage.googleapis.com/candidate-thumbs/party/149.png", "CandididatePhoto": "https://storage.googleapis.com/candidate-thumbs/images/84-6-19.jpg"}, {"Unnamed: 0": 6084, "CandidateId": "4b98e300-4464-480d-9b08-17695310ca84", "CandidateNo": 20, "FirstName": "ธาดา", "LastName": "บุรประภัสสร", "PartyName": "ภราดรภาพ", "PartyNumber": 154, "Title": "นาย", "Votable": true, "province_id": 84, "province_name": "สุราษฎร์ธานี", "zone_number": 6, "PartyTerminated": false, "Age": 53, "Occupation": "ตัวแทนขายบริษัทเอกชน", "HighestEducation": "ปริญญาตรี", "ImageFileId": "5c5a9b5dfbcb5f19bcab29ec", "SelfIntroduceFileId": "5c5aa3acfbcb5f19bcab62a8", "PartyLogo": "https://storage.googleapis.com/candidate-thumbs/party/154.png", "CandididatePhoto": "https://storage.googleapis.com/candidate-thumbs/images/84-6-20.jpg"}, {"Unnamed: 0": 6085, "CandidateId": "9538524b-1b56-4f7b-950d-1aa8a319fa89", "CandidateNo": 21, "FirstName": "ณัฐนันท์", "LastName": "ภาชีรักษ์", "PartyName": "คลองไทย", "PartyNumber": 189, "Title": "นาย", "Votable": true, "province_id": 84, "province_name": "สุราษฎร์ธานี", "zone_number": 6, "PartyTerminated": false, "Age": 33, "Occupation": "ทำสวน", "HighestEducation": "ต่ำกว่าปริญญาตรี", "ImageFileId": "5c5a9637fbcb5f19bcab0837", "SelfIntroduceFileId": "5c5b8d57fbcb5f16fc652374", "PartyLogo": "https://storage.googleapis.com/candidate-thumbs/party/189.png", "CandididatePhoto": "https://storage.googleapis.com/candidate-thumbs/images/84-6-21.jpg"}, {"Unnamed: 0": 6086, "CandidateId": "09bca7a3-7c41-4e98-a2e0-18d1f3f11e00", "CandidateNo": 22, "FirstName": "วัฒนะ", "LastName": "ทองสุข", "PartyName": "พลังท้องถิ่นไท", "PartyNumber": 124, "Title": "นาย", "Votable": true, "province_id": 84, "province_name": "สุราษฎร์ธานี", "zone_number": 6, "PartyTerminated": false, "Age": 47, "Occupation": "ทนายความ", "HighestEducation": "ปริญญาโท", "ImageFileId": "5c5a97ddfbcb5f19bcab1104", "SelfIntroduceFileId": "5c5b8f28fbcb5f16fc6527e8", "PartyLogo": "https://storage.googleapis.com/candidate-thumbs/party/124.png", "CandididatePhoto": "https://storage.googleapis.com/candidate-thumbs/images/84-6-22.jpg"}, {"Unnamed: 0": 6087, "CandidateId": "14459fee-b05b-4d55-a811-2a82c784a0ee", "CandidateNo": 23, "FirstName": "ไมตรี", "LastName": "วิบูลย์ศิลป์", "PartyName": "ไทยศรีวิไลย์", "PartyNumber": 180, "Title": "นาย", "Votable": true, "province_id": 84, "province_name": "สุราษฎร์ธานี", "zone_number": 6, "PartyTerminated": false, "Age": 45, "Occupation": "เกษตรและรับจ้าง", "HighestEducation": "ต่ำกว่าปริญญาตรี", "ImageFileId": "5c5a9bb6fbcb5f19bcab2b66", "SelfIntroduceFileId": "5c5b9465fbcb5f16fc65401f", "PartyLogo": "https://storage.googleapis.com/candidate-thumbs/party/180.png", "CandididatePhoto": "https://storage.googleapis.com/candidate-thumbs/images/84-6-23.jpg"}, {"Unnamed: 0": 6088, "CandidateId": "8d7849ed-1b2c-490e-abba-46c5f9d00ddf", "CandidateNo": 24, "FirstName": "ทักษิณา", "LastName": "ศักดา", "PartyName": "ทางเลือกใหม่", "PartyNumber": 170, "Title": "นาย", "Votable": true, "province_id": 84, "province_name": "สุราษฎร์ธานี", "zone_number": 6, "PartyTerminated": false, "Age": 28, "Occupation": "องค์การสงเคราะห์ทหารผ่านศึก ในพระบรมราชูปถัมภ์", "HighestEducation": "ต่ำกว่าปริญญาตรี", "ImageFileId": "5c5b9a27fbcb5f16fc65608f", "SelfIntroduceFileId": "5c5bcfe8fbcb5f16fc66bac2", "PartyLogo": "https://storage.googleapis.com/candidate-thumbs/party/170.png", "CandididatePhoto": "https://storage.googleapis.com/candidate-thumbs/images/84-6-24.jpg"}, {"Unnamed: 0": 6089, "CandidateId": "8d419de3-cd82-4873-b1bf-3ce25f5e6b1d", "CandidateNo": 25, "FirstName": "ทรงพล", "LastName": "สัมพันธ์", "PartyName": "ครูไทยเพื่อประชาชน", "PartyNumber": 118, "Title": "นาย", "Votable": true, "province_id": 84, "province_name": "สุราษฎร์ธานี", "zone_number": 6, "PartyTerminated": false, "Age": 67, "Occupation": "ค้าขาย", "HighestEducation": "ต่ำกว่าปริญญาตรี", "ImageFileId": "5c5ba82ffbcb5f16fc65bb6f", "SelfIntroduceFileId": "5c5bd302fbcb5f16fc66d2fd", "PartyLogo": "https://storage.googleapis.com/candidate-thumbs/party/118.png", "CandididatePhoto": "https://storage.googleapis.com/candidate-thumbs/images/84-6-25.jpg"}, {"Unnamed: 0": 6090, "CandidateId": "d3d52609-5df8-4301-aa3a-a9c6cb1022af", "CandidateNo": 26, "FirstName": "โชคดี", "LastName": "ชนะราวี", "PartyName": "พลังปวงชนไทย", "PartyNumber": 184, "Title": "นาย", "Votable": true, "province_id": 84, "province_name": "สุราษฎร์ธานี", "zone_number": 6, "PartyTerminated": false, "Age": 46, "Occupation": "ูธุรกิจส่วนตัว", "HighestEducation": "ต่ำกว่าปริญญาตรี", "ImageFileId": "5c5ba8a5fbcb5f16fc65be4f", "SelfIntroduceFileId": "5c5bdaa1fbcb5f16fc670dbf", "PartyLogo": "https://storage.googleapis.com/candidate-thumbs/party/184.png", "CandididatePhoto": "https://storage.googleapis.com/candidate-thumbs/images/84-6-26.jpg"}, {"Unnamed: 0": 6091, "CandidateId": "2cbb3fa3-0ea0-4e11-af7d-b9a3d42bdc52", "CandidateNo": 27, "FirstName": "ณรงค์", "LastName": "อินทรมณี", "PartyName": "พลังไทสร้างชาติ", "PartyNumber": 200, "Title": "นาย", "Votable": true, "province_id": 84, "province_name": "สุราษฎร์ธานี", "zone_number": 6, "PartyTerminated": false, "Age": 53, "Occupation": "ทำสวนยางพารา", "HighestEducation": "ต่ำกว่าปริญญาตรี", "ImageFileId": "5c5ba8f1fbcb5f16fc65c07a", "SelfIntroduceFileId": "5c5be303fbcb5f16fc67548b", "PartyLogo": "https://storage.googleapis.com/candidate-thumbs/party/200.png", "CandididatePhoto": "https://storage.googleapis.com/candidate-thumbs/images/84-6-27.jpg"}, {"Unnamed: 0": 6092, "CandidateId": "45023302-e1dc-4a42-9078-4a7a3ce0b906", "CandidateNo": 28, "FirstName": "ชูชีพ", "LastName": "ศรีเทพ", "PartyName": "พลังไทยรักไทย", "PartyNumber": 185, "Title": "นาย", "Votable": true, "province_id": 84, "province_name": "สุราษฎร์ธานี", "zone_number": 6, "PartyTerminated": false, "Age": 58, "Occupation": "อาชีพอิสระ", "HighestEducation": "ปริญญาตรี", "ImageFileId": "5c5bd896fbcb5f16fc66fdb9", "SelfIntroduceFileId": "5c5bed1afbcb5f16fc67ad92", "PartyLogo": "https://storage.googleapis.com/candidate-thumbs/party/185.png", "CandididatePhoto": "https://storage.googleapis.com/candidate-thumbs/images/84-6-28.jpg"}, {"Unnamed: 0": 6093, "CandidateId": "43d074ec-ff6b-4c91-a705-5c0984dde050", "CandidateNo": 29, "FirstName": "จักรพันธ์", "LastName": "ศรีสกุลเมฆี", "PartyName": "พลังประชาธิปไตย", "PartyNumber": 153, "Title": "นาย", "Votable": true, "province_id": 84, "province_name": "สุราษฎร์ธานี", "zone_number": 6, "PartyTerminated": false, "Age": 58, "Occupation": "รับราชการ (สพฐ.สุราษฎร์ธานี เขต 2)", "HighestEducation": "ต่ำกว่าปริญญาตรี", "ImageFileId": "5c5cf721fbcb5f0fd8843c38", "SelfIntroduceFileId": "5c5cf92afbcb5f0fd8844849", "PartyLogo": "https://storage.googleapis.com/candidate-thumbs/party/153.png", "CandididatePhoto": "https://storage.googleapis.com/candidate-thumbs/images/84-6-29.jpg"}, {"Unnamed: 0": 6094, "CandidateId": "2bc0cc9e-256f-4350-bd6e-3cda640d6f05", "CandidateNo": 30, "FirstName": "วิวัตร์", "LastName": "ธนธีระประเสริฐ", "PartyName": "พลังสังคม", "PartyNumber": 198, "Title": "สิบตำรวจเอก", "Votable": true, "province_id": 84, "province_name": "สุราษฎร์ธานี", "zone_number": 6, "PartyTerminated": false, "Age": 59, "Occupation": "ธุรกิจส่วนตัว", "HighestEducation": "ต่ำกว่าปริญญาตรี", "ImageFileId": "5c5d2251fbcb5f0fd88553aa", "SelfIntroduceFileId": "5c5d2454fbcb5f0fd8855fed", "PartyLogo": "https://storage.googleapis.com/candidate-thumbs/party/198.png", "CandididatePhoto": "https://storage.googleapis.com/candidate-thumbs/images/84-6-30.jpg"}, {"Unnamed: 0": 6095, "CandidateId": "11a052b1-a814-40d8-adcc-6faf95cbb13b", "CandidateNo": 31, "FirstName": "ธวัชชัย", "LastName": "ทรัพย์เจริญ", "PartyName": "ความหวังใหม่", "PartyNumber": 13, "Title": "นาย", "Votable": true, "province_id": 84, "province_name": "สุราษฎร์ธานี", "zone_number": 6, "PartyTerminated": false, "Age": 48, "Occupation": "ทนายความ", "HighestEducation": "ปริญญาตรี", "ImageFileId": "5c5d256efbcb5f0fd8856960", "SelfIntroduceFileId": "5c5d277dfbcb5f0fd8857926", "PartyLogo": "https://storage.googleapis.com/candidate-thumbs/party/13.png", "CandididatePhoto": "https://storage.googleapis.com/candidate-thumbs/images/84-6-31.jpg"}, {"Unnamed: 0": 6096, "CandidateId": "95c1d1d3-1a08-4380-b0ed-52af97714eb7", "CandidateNo": 32, "FirstName": "สุภเดช", "LastName": "แก้วศรีสด", "PartyName": "มหาชน", "PartyNumber": 4, "Title": "นาย", "Votable": true, "province_id": 84, "province_name": "สุราษฎร์ธานี", "zone_number": 6, "PartyTerminated": false, "Age": 55, "Occupation": "ลูกจ้าง", "HighestEducation": "ปริญญาโท", "ImageFileId": "5c5d623ffbcb5f0fd887bf11", "SelfIntroduceFileId": "5c5d6354fbcb5f0fd887c7bf", "PartyLogo": "https://storage.googleapis.com/candidate-thumbs/party/4.png", "CandididatePhoto": "https://storage.googleapis.com/candidate-thumbs/images/84-6-32.jpg"}, {"Unnamed: 0": 6097, "CandidateId": "d9fb743b-b143-4e0f-9f28-54f829e9ff33", "CandidateNo": 33, "FirstName": "ภัคเปมิกา", "LastName": "อินหว่าง", "PartyName": "กรีน", "PartyNumber": 206, "Title": "นาง", "Votable": true, "province_id": 84, "province_name": "สุราษฎร์ธานี", "zone_number": 6, "PartyTerminated": false, "Age": 54, "Occupation": "การเกษตร", "HighestEducation": "ต่ำกว่าปริญญาตรี", "ImageFileId": "5c5d6389fbcb5f0fd887c90b", "SelfIntroduceFileId": "5c5d64cdfbcb5f0fd887cf9f", "PartyLogo": "https://storage.googleapis.com/candidate-thumbs/party/206.png", "CandididatePhoto": "https://storage.googleapis.com/candidate-thumbs/images/84-6-33.jpg"}, {"Unnamed: 0": 6098, "CandidateId": "45ba6f50-2b0a-4ed9-bbf8-255cf9eb7e7e", "CandidateNo": 34, "FirstName": "พิชญนันท์", "LastName": "ธนพรบุญเศรษฐ์", "PartyName": "พลังชาติไทย", "PartyNumber": 186, "Title": "นางสาว", "Votable": true, "province_id": 84, "province_name": "สุราษฎร์ธานี", "zone_number": 6, "PartyTerminated": false, "Age": 36, "Occupation": "ผู้บริหารบริษัทไทยพาณิชย์ ประกันชีวิต", "HighestEducation": "ปริญญาตรี", "ImageFileId": "5c5d64f6fbcb5f0fd887d1d4", "SelfIntroduceFileId": "5c5d663dfbcb5f0fd887dae6", "PartyLogo": "https://storage.googleapis.com/candidate-thumbs/party/186.png", "CandididatePhoto": "https://storage.googleapis.com/candidate-thumbs/images/84-6-34.jpg"}, {"Unnamed: 0": 6099, "CandidateId": "803abcba-a8de-4da0-beb9-814c72b0ecd8", "CandidateNo": 35, "FirstName": "มูฮำหมัด", "LastName": "ห้องสุวรรณ", "PartyName": "ไทรักธรรม", "PartyNumber": 144, "Title": "นาย", "Votable": true, "province_id": 84, "province_name": "สุราษฎร์ธานี", "zone_number": 6, "PartyTerminated": false, "Age": 60, "Occupation": "รับจ้างทั่วไป", "HighestEducation": "ต่ำกว่าปริญญาตรี", "ImageFileId": "5c5d666dfbcb5f0fd887db57", "SelfIntroduceFileId": "5c5d67b5fbcb5f0fd887e07f", "PartyLogo": "https://storage.googleapis.com/candidate-thumbs/party/144.png", "CandididatePhoto": "https://storage.googleapis.com/candidate-thumbs/images/84-6-35.jpg"}, {"Unnamed: 0": 6100, "CandidateId": "5e51a685-9211-4bca-80c4-e29e1a39cde9", "CandidateNo": 36, "FirstName": "เถลิงเดช", "LastName": "รักรอด", "PartyName": "ประชากรไทย", "PartyNumber": 2, "Title": "นาย", "Votable": true, "province_id": 84, "province_name": "สุราษฎร์ธานี", "zone_number": 6, "PartyTerminated": false, "Age": 60, "Occupation": "ทำสวน", "HighestEducation": "ต่ำกว่าปริญญาตรี", "ImageFileId": "5c5d67e4fbcb5f0fd887e196", "SelfIntroduceFileId": "5c5d68d9fbcb5f0fd887e61a", "PartyLogo": "https://storage.googleapis.com/candidate-thumbs/party/2.png", "CandididatePhoto": "https://storage.googleapis.com/candidate-thumbs/images/84-6-36.jpg"}]