[{"Unnamed: 0": 6763, "CandidateId": "152434f8-97f4-4571-bf23-8b95bd43135a", "CandidateNo": 1, "FirstName": "ไพลิน", "LastName": "เทียนสุวรรณ", "PartyName": "พลังประชารัฐ", "PartyNumber": 192, "Title": "นางสาว", "Votable": true, "province_id": 11, "province_name": "สมุทรปราการ", "zone_number": 7, "PartyTerminated": false, "Age": 36, "Occupation": "สมาชิกองค์การบริหารส่วนจังหวัดสมุทรปราการ", "HighestEducation": "ปริญญาโท", "ImageFileId": "5c594a37fbcb5f1d8817688d", "SelfIntroduceFileId": "5c5a81ebfbcb5f19bcaa7505", "PartyLogo": "https://storage.googleapis.com/candidate-thumbs/party/192.png", "CandididatePhoto": "https://storage.googleapis.com/candidate-thumbs/images/11-7-1.jpg"}, {"Unnamed: 0": 6764, "CandidateId": "0c004c1e-bacb-4f97-b286-2b6a206565a9", "CandidateNo": 2, "FirstName": "เถลิงยศ", "LastName": "บุตุคำ", "PartyName": "เพื่อชาติ", "PartyNumber": 149, "Title": "นาย", "Votable": true, "province_id": 11, "province_name": "สมุทรปราการ", "zone_number": 7, "PartyTerminated": false, "Age": 59, "Occupation": "รับจ้าง", "HighestEducation": "ปริญญาโท", "ImageFileId": "5c594a73fbcb5f1d88176c61", "SelfIntroduceFileId": "5c5a8258fbcb5f19bcaa78bc", "PartyLogo": "https://storage.googleapis.com/candidate-thumbs/party/149.png", "CandididatePhoto": "https://storage.googleapis.com/candidate-thumbs/images/11-7-2.jpg"}, {"Unnamed: 0": 6765, "CandidateId": "78397575-fab9-49f2-80bb-b5766d430dba", "CandidateNo": 3, "FirstName": "นันทวรรณ", "LastName": "ประสพดี", "PartyName": "เพื่อไทย", "PartyNumber": 34, "Title": "นาง", "Votable": true, "province_id": 11, "province_name": "สมุทรปราการ", "zone_number": 7, "PartyTerminated": false, "Age": 56, "Occupation": "สวนเกษตรเพื่อการท่องเที่ยวและสถานที่ให้เช่าจัดงานมงคลต่างๆ", "HighestEducation": "ปริญญาตรี", "ImageFileId": "5c594ac3fbcb5f1d8817708a", "SelfIntroduceFileId": "5c5a829cfbcb5f19bcaa7ac0", "PartyLogo": "https://storage.googleapis.com/candidate-thumbs/party/34.png", "CandididatePhoto": "https://storage.googleapis.com/candidate-thumbs/images/11-7-3.jpg"}, {"Unnamed: 0": 6766, "CandidateId": "5e8bd8e9-ed46-4774-8ec7-6dbbab3ad120", "CandidateNo": 4, "FirstName": "สาธิต", "LastName": "เทศกิจ", "PartyName": "ประชาชนปฏิรูป", "PartyNumber": 176, "Title": "นาวาตรี", "Votable": true, "province_id": 11, "province_name": "สมุทรปราการ", "zone_number": 7, "PartyTerminated": false, "Age": 54, "Occupation": "รับราชการทหาร", "HighestEducation": "ต่ำกว่าปริญญาตรี", "ImageFileId": "5c594af6fbcb5f1d88177324", "SelfIntroduceFileId": "5c5a83b9fbcb5f19bcaa85bb", "PartyLogo": "https://storage.googleapis.com/candidate-thumbs/party/176.png", "CandididatePhoto": "https://storage.googleapis.com/candidate-thumbs/images/11-7-4.jpg"}, {"Unnamed: 0": 6767, "CandidateId": "1a8ae058-6e11-4d61-bf42-ff62e2718f7b", "CandidateNo": 5, "FirstName": "วิมลรัตน์", "LastName": "บุญบำรุงศิลปหรรษา", "PartyName": "ทางเลือกใหม่", "PartyNumber": 170, "Title": "นางสาว", "Votable": true, "province_id": 11, "province_name": "สมุทรปราการ", "zone_number": 7, "PartyTerminated": false, "Age": 47, "Occupation": "ธุรกิจส่วนตัว", "HighestEducation": "ปริญญาตรี", "ImageFileId": "5c594b23fbcb5f1d88177606", "SelfIntroduceFileId": "5c5a88b5fbcb5f19bcaaa492", "PartyLogo": "https://storage.googleapis.com/candidate-thumbs/party/170.png", "CandididatePhoto": "https://storage.googleapis.com/candidate-thumbs/images/11-7-5.jpg"}, {"Unnamed: 0": 6768, "CandidateId": "14798f03-5b6d-49fa-89ed-a0f1aa631ba6", "CandidateNo": 6, "FirstName": "จำนงค์", "LastName": "แสงวิมาน", "PartyName": "ชาติพัฒนา", "PartyNumber": 45, "Title": "นาย", "Votable": true, "province_id": 11, "province_name": "สมุทรปราการ", "zone_number": 7, "PartyTerminated": false, "Age": 53, "Occupation": "รับจ้าง", "HighestEducation": "ต่ำกว่าปริญญาตรี", "ImageFileId": "5c594b54fbcb5f1d88177783", "SelfIntroduceFileId": "5c5a890cfbcb5f19bcaaa7ad", "PartyLogo": "https://storage.googleapis.com/candidate-thumbs/party/45.png", "CandididatePhoto": "https://storage.googleapis.com/candidate-thumbs/images/11-7-6.jpg"}, {"Unnamed: 0": 6769, "CandidateId": "eacea353-99d0-49ef-a90b-37746d1aaad3", "CandidateNo": 7, "FirstName": "สมยศ", "LastName": "ประกอบผล", "PartyName": "ประชาธิปัตย์", "PartyNumber": 1, "Title": "นาย", "Votable": true, "province_id": 11, "province_name": "สมุทรปราการ", "zone_number": 7, "PartyTerminated": false, "Age": 64, "Occupation": "เกษตรกร", "HighestEducation": "ปริญญาตรี", "ImageFileId": "5c594d4dfbcb5f1d8817915f", "SelfIntroduceFileId": "5c5a8960fbcb5f19bcaaaa10", "PartyLogo": "https://storage.googleapis.com/candidate-thumbs/party/1.png", "CandididatePhoto": "https://storage.googleapis.com/candidate-thumbs/images/11-7-7.jpg"}, {"Unnamed: 0": 6770, "CandidateId": "af8f144d-dd5d-4b2e-9233-b677aae97802", "CandidateNo": 8, "FirstName": "น้ำค้าง", "LastName": "ศรทอง", "PartyName": "ประชาภิวัฒน์", "PartyNumber": 172, "Title": "นางสาว", "Votable": true, "province_id": 11, "province_name": "สมุทรปราการ", "zone_number": 7, "PartyTerminated": false, "Age": 47, "Occupation": "ธุรกิจส่วนตัว", "HighestEducation": "ต่ำกว่าปริญญาตรี", "ImageFileId": "5c594d05fbcb5f1d88178dfd", "SelfIntroduceFileId": "5c5a8a78fbcb5f19bcaab240", "PartyLogo": "https://storage.googleapis.com/candidate-thumbs/party/172.png", "CandididatePhoto": "https://storage.googleapis.com/candidate-thumbs/images/11-7-8.jpg"}, {"Unnamed: 0": 6771, "CandidateId": "0880b415-8f3f-4b86-ab2c-42b35bc62246", "CandidateNo": 9, "FirstName": "เดชะ", "LastName": "เรืองเกษม", "PartyName": "ประชานิยม", "PartyNumber": 191, "Title": "นาย", "Votable": true, "province_id": 11, "province_name": "สมุทรปราการ", "zone_number": 7, "PartyTerminated": false, "Age": 71, "Occupation": "รับจ้างทั่วไป", "HighestEducation": "ต่ำกว่าปริญญาตรี", "ImageFileId": "5c594d9efbcb5f1d8817949d", "SelfIntroduceFileId": "5c5a8b33fbcb5f19bcaabaa6", "PartyLogo": "https://storage.googleapis.com/candidate-thumbs/party/191.png", "CandididatePhoto": "https://storage.googleapis.com/candidate-thumbs/images/11-7-9.jpg"}, {"Unnamed: 0": 6772, "CandidateId": "600319a3-67fe-40bd-a043-2c3acc26f102", "CandidateNo": 10, "FirstName": "วิชัยยุตม์", "LastName": "โอบนิธิสุรดิษ", "PartyName": "เสรีรวมไทย", "PartyNumber": 145, "Title": "นาย", "Votable": true, "province_id": 11, "province_name": "สมุทรปราการ", "zone_number": 7, "PartyTerminated": false, "Age": 59, "Occupation": "ธุรกิจส่วนตัว", "HighestEducation": "ปริญญาโท", "ImageFileId": "5c582ce5fbcb5f1eec10c465", "SelfIntroduceFileId": "5c5a8c18fbcb5f19bcaac02a", "PartyLogo": "https://storage.googleapis.com/candidate-thumbs/party/145.png", "CandididatePhoto": "https://storage.googleapis.com/candidate-thumbs/images/11-7-10.jpg"}, {"Unnamed: 0": 6773, "CandidateId": "5c1feefd-57c6-45e4-ac82-5b3eb802a3ca", "CandidateNo": 11, "FirstName": "เทพณรงค์", "LastName": "จันทร์คง", "PartyName": "รวมพลังประชาชาติไทย", "PartyNumber": 181, "Title": "นาย", "Votable": true, "province_id": 11, "province_name": "สมุทรปราการ", "zone_number": 7, "PartyTerminated": false, "Age": 26, "Occupation": "อิสระ", "HighestEducation": "ต่ำกว่าปริญญาตรี", "ImageFileId": "5c582e64fbcb5f1eec10c738", "SelfIntroduceFileId": "5c5a8d3efbcb5f19bcaac82b", "PartyLogo": "https://storage.googleapis.com/candidate-thumbs/party/181.png", "CandididatePhoto": "https://storage.googleapis.com/candidate-thumbs/images/11-7-11.jpg"}, {"Unnamed: 0": 6774, "CandidateId": "8cba7345-2ffd-4a3c-b3e6-fcbed8351390", "CandidateNo": 12, "FirstName": "จรัญ", "LastName": "แสงวัฒน์", "PartyName": "พลังท้องถิ่นไท", "PartyNumber": 124, "Title": "นาย", "Votable": true, "province_id": 11, "province_name": "สมุทรปราการ", "zone_number": 7, "PartyTerminated": false, "Age": 52, "Occupation": "เกษตรกรรม", "HighestEducation": "ปริญญาตรี", "ImageFileId": "5c582f5cfbcb5f1eec10c883", "SelfIntroduceFileId": "5c5a8da9fbcb5f19bcaacb57", "PartyLogo": "https://storage.googleapis.com/candidate-thumbs/party/124.png", "CandididatePhoto": "https://storage.googleapis.com/candidate-thumbs/images/11-7-12.jpg"}, {"Unnamed: 0": 6775, "CandidateId": "bcb57d8d-9187-4d10-bce3-acace22da554", "CandidateNo": 13, "FirstName": "คณินทร์", "LastName": "อธิศักดิ์ชานนท์", "PartyName": "อนาคตใหม่", "PartyNumber": 177, "Title": "นาย", "Votable": true, "province_id": 11, "province_name": "สมุทรปราการ", "zone_number": 7, "PartyTerminated": false, "Age": 55, "Occupation": "ทนายความ", "HighestEducation": "ปริญญาโท", "ImageFileId": "5c583069fbcb5f1eec10cab6", "SelfIntroduceFileId": "5c5a8e01fbcb5f19bcaacdab", "PartyLogo": "https://storage.googleapis.com/candidate-thumbs/party/177.png", "CandididatePhoto": "https://storage.googleapis.com/candidate-thumbs/images/11-7-13.jpg"}, {"Unnamed: 0": 6776, "CandidateId": "d99707be-01b3-4d50-92b4-b7a2eda7666c", "CandidateNo": 14, "FirstName": "พรนิภา", "LastName": "บุญศักดิ์เฉลิม", "PartyName": "ประชาธิปไตยใหม่", "PartyNumber": 109, "Title": "นาง", "Votable": true, "province_id": 11, "province_name": "สมุทรปราการ", "zone_number": 7, "PartyTerminated": false, "Age": 48, "Occupation": "ธุรกิจส่วนตัว", "HighestEducation": "ต่ำกว่าปริญญาตรี", "ImageFileId": "5c583163fbcb5f1eec10cd1f", "SelfIntroduceFileId": "5c5a8f93fbcb5f19bcaad8c6", "PartyLogo": "https://storage.googleapis.com/candidate-thumbs/party/109.png", "CandididatePhoto": "https://storage.googleapis.com/candidate-thumbs/images/11-7-14.jpg"}, {"Unnamed: 0": 6777, "CandidateId": "78541c71-339d-48df-a9cb-3de725ec28d2", "CandidateNo": 15, "FirstName": "สุพจน์", "LastName": "กล้าหาญ", "PartyName": "ชาติไทยพัฒนา", "PartyNumber": 55, "Title": "นาย", "Votable": true, "province_id": 11, "province_name": "สมุทรปราการ", "zone_number": 7, "PartyTerminated": false, "Age": 56, "Occupation": "รับราชการ", "HighestEducation": "ปริญญาตรี", "ImageFileId": "5c5832c5fbcb5f1eec10cf28", "SelfIntroduceFileId": "5c5a8ff7fbcb5f19bcaadae4", "PartyLogo": "https://storage.googleapis.com/candidate-thumbs/party/55.png", "CandididatePhoto": "https://storage.googleapis.com/candidate-thumbs/images/11-7-15.jpg"}, {"Unnamed: 0": 6778, "CandidateId": "55f18a5e-172b-4a8b-bd52-a28cb121607a", "CandidateNo": 16, "FirstName": "อ่อนสี", "LastName": "โมฆรัตน์", "PartyName": "พลังธรรมใหม่", "PartyNumber": 175, "Title": "นาย", "Votable": true, "province_id": 11, "province_name": "สมุทรปราการ", "zone_number": 7, "PartyTerminated": false, "Age": 51, "Occupation": "รับจ้าง", "HighestEducation": "ต่ำกว่าปริญญาตรี", "ImageFileId": "5c58363afbcb5f1eec10d189", "SelfIntroduceFileId": "5c5a9056fbcb5f19bcaade48", "PartyLogo": "https://storage.googleapis.com/candidate-thumbs/party/175.png", "CandididatePhoto": "https://storage.googleapis.com/candidate-thumbs/images/11-7-16.jpg"}, {"Unnamed: 0": 6779, "CandidateId": "46a3970b-e7c0-4c9a-8247-5a1b12e54090", "CandidateNo": 17, "FirstName": "สุรพล", "LastName": "ร้อยแก้ว", "PartyName": "รักษ์ผืนป่าประเทศไทย", "PartyNumber": 133, "Title": "นาย", "Votable": true, "province_id": 11, "province_name": "สมุทรปราการ", "zone_number": 7, "PartyTerminated": false, "Age": 54, "Occupation": "ครูสอนมวยไทยอาชีพ", "HighestEducation": "ต่ำกว่าปริญญาตรี", "ImageFileId": "5c594e57fbcb5f1d88179c23", "SelfIntroduceFileId": "5c5a9093fbcb5f19bcaae1a9", "PartyLogo": "https://storage.googleapis.com/candidate-thumbs/party/133.png", "CandididatePhoto": "https://storage.googleapis.com/candidate-thumbs/images/11-7-17.jpg"}, {"Unnamed: 0": 6780, "CandidateId": "74cbfde1-a30e-461a-a451-40e41337635b", "CandidateNo": 18, "FirstName": "หนึ่งสกล", "LastName": "ธเนศตระกูล", "PartyName": "ภูมิใจไทย", "PartyNumber": 63, "Title": "นาย", "Votable": true, "province_id": 11, "province_name": "สมุทรปราการ", "zone_number": 7, "PartyTerminated": false, "Age": 45, "Occupation": "รับจ้างทั่วไป", "HighestEducation": "ต่ำกว่าปริญญาตรี", "ImageFileId": "5c594e8cfbcb5f1d88179fe2", "SelfIntroduceFileId": "5c5a9133fbcb5f19bcaae7a2", "PartyLogo": "https://storage.googleapis.com/candidate-thumbs/party/63.png", "CandididatePhoto": "https://storage.googleapis.com/candidate-thumbs/images/11-7-18.jpg"}, {"Unnamed: 0": 6781, "CandidateId": "ca6761a2-92b6-4a9b-96dd-7832109a70a0", "CandidateNo": 19, "FirstName": "เกียรติศักดิ์", "LastName": "เทียนไสย", "PartyName": "เพื่อแผ่นดิน", "PartyNumber": 41, "Title": "นาย", "Votable": true, "province_id": 11, "province_name": "สมุทรปราการ", "zone_number": 7, "PartyTerminated": false, "Age": 51, "Occupation": "ธุรกิจส่วนตัว", "HighestEducation": "ต่ำกว่าปริญญาตรี", "ImageFileId": "5c5a94cefbcb5f19bcab001f", "SelfIntroduceFileId": "5c5a9798fbcb5f19bcab0f6d", "PartyLogo": "https://storage.googleapis.com/candidate-thumbs/party/41.png", "CandididatePhoto": "https://storage.googleapis.com/candidate-thumbs/images/11-7-19.jpg"}, {"Unnamed: 0": 6782, "CandidateId": "9b9ed134-cfac-4bb6-85de-886f4c333efb", "CandidateNo": 20, "FirstName": "ธนวัฒน์", "LastName": "ขุนพระเดิม", "PartyName": "พลังชาติไทย", "PartyNumber": 186, "Title": "นาย", "Votable": true, "province_id": 11, "province_name": "สมุทรปราการ", "zone_number": 7, "PartyTerminated": false, "Age": 57, "Occupation": "ธุรกิจส่วนตัว", "HighestEducation": "ต่ำกว่าปริญญาตรี", "ImageFileId": "5c5ba23cfbcb5f16fc659220", "SelfIntroduceFileId": "5c5ba42dfbcb5f16fc659ee8", "PartyLogo": "https://storage.googleapis.com/candidate-thumbs/party/186.png", "CandididatePhoto": "https://storage.googleapis.com/candidate-thumbs/images/11-7-20.jpg"}, {"Unnamed: 0": 6783, "CandidateId": "75506d83-bdc3-42f4-97d2-08a8b5046eb6", "CandidateNo": 21, "FirstName": "ปภัสรินทร์", "LastName": "จิระเจริญรุจน์", "PartyName": "ครูไทยเพื่อประชาชน", "PartyNumber": 118, "Title": "นาง", "Votable": true, "province_id": 11, "province_name": "สมุทรปราการ", "zone_number": 7, "PartyTerminated": false, "Age": 38, "Occupation": "แม่บ้าน", "HighestEducation": "ปริญญาตรี", "ImageFileId": "5c5bd918fbcb5f16fc6701be", "SelfIntroduceFileId": "5c5bdaf4fbcb5f16fc67118f", "PartyLogo": "https://storage.googleapis.com/candidate-thumbs/party/118.png", "CandididatePhoto": "https://storage.googleapis.com/candidate-thumbs/images/11-7-21.jpg"}, {"Unnamed: 0": 6784, "CandidateId": "2727bab2-7b15-4110-b38e-5d7890d16137", "CandidateNo": 22, "FirstName": "สุรศักดิ์", "LastName": "เทศงามถ้วน", "PartyName": "พลังไทสร้างชาติ", "PartyNumber": 200, "Title": "นาย", "Votable": false, "province_id": 11, "province_name": "สมุทรปราการ", "zone_number": 7, "PartyTerminated": false, "Age": 40, "Occupation": "นักออกแบบ", "HighestEducation": "ปริญญาตรี", "ImageFileId": "5c5be010fbcb5f16fc673c3f", "SelfIntroduceFileId": "5c5be171fbcb5f16fc674874", "PartyLogo": "https://storage.googleapis.com/candidate-thumbs/party/200.png", "CandididatePhoto": "https://storage.googleapis.com/candidate-thumbs/images/11-7-22.jpg"}, {"Unnamed: 0": 6785, "CandidateId": "59466372-647c-4d38-b32b-d3490c536464", "CandidateNo": 23, "FirstName": "ธัชกร", "LastName": "ดัชญาลักษณ์", "PartyName": "พลังปวงชนไทย", "PartyNumber": 184, "Title": "นาย", "Votable": true, "province_id": 11, "province_name": "สมุทรปราการ", "zone_number": 7, "PartyTerminated": false, "Age": 48, "Occupation": "ค้าขายอาหารเสริม", "HighestEducation": "ต่ำกว่าปริญญาตรี", "ImageFileId": "5c5d02aafbcb5f0fd8849a25", "SelfIntroduceFileId": "5c5d04a2fbcb5f0fd884a98a", "PartyLogo": "https://storage.googleapis.com/candidate-thumbs/party/184.png", "CandididatePhoto": "https://storage.googleapis.com/candidate-thumbs/images/11-7-23.jpg"}, {"Unnamed: 0": 6786, "CandidateId": "719ce3a3-19e8-4ba0-9839-b49ef41b18cf", "CandidateNo": 24, "FirstName": "สุบิน", "LastName": "ขาเมระนิยะ", "PartyName": "ภาคีเครือข่ายไทย", "PartyNumber": 211, "Title": "นาง", "Votable": true, "province_id": 11, "province_name": "สมุทรปราการ", "zone_number": 7, "PartyTerminated": false, "Age": 76, "Occupation": "แม่บ้าน", "HighestEducation": "ต่ำกว่าปริญญาตรี", "ImageFileId": "5c5d0588fbcb5f0fd884b1ae", "SelfIntroduceFileId": "5c5d06c8fbcb5f0fd884bbcd", "PartyLogo": "https://storage.googleapis.com/candidate-thumbs/party/211.png", "CandididatePhoto": "https://storage.googleapis.com/candidate-thumbs/images/11-7-24.jpg"}, {"Unnamed: 0": 6787, "CandidateId": "4bb7e35a-3f86-4715-b474-9a357c207142", "CandidateNo": 25, "FirstName": "อาคม", "LastName": "สิงห์ทอง", "PartyName": "เศรษฐกิจใหม่", "PartyNumber": 193, "Title": "นาย", "Votable": true, "province_id": 11, "province_name": "สมุทรปราการ", "zone_number": 7, "PartyTerminated": false, "Age": 33, "Occupation": "รับจ้าง", "HighestEducation": "ต่ำกว่าปริญญาตรี", "ImageFileId": "5c5d2da4fbcb5f0fd885acac", "SelfIntroduceFileId": "5c5d368dfbcb5f0fd885f62a", "PartyLogo": "https://storage.googleapis.com/candidate-thumbs/party/193.png", "CandididatePhoto": "https://storage.googleapis.com/candidate-thumbs/images/11-7-25.jpg"}, {"Unnamed: 0": 6788, "CandidateId": "b6177606-ad16-4536-a881-92b3d069238f", "CandidateNo": 26, "FirstName": "นรสิงห์", "LastName": "แปกระโทก", "PartyName": "ไทรักธรรม", "PartyNumber": 144, "Title": "นาย", "Votable": true, "province_id": 11, "province_name": "สมุทรปราการ", "zone_number": 7, "PartyTerminated": false, "Age": 34, "Occupation": "ค้าขาย", "HighestEducation": "ต่ำกว่าปริญญาตรี", "ImageFileId": "5c5d5216fbcb5f0fd8870fac", "SelfIntroduceFileId": "5c5d533dfbcb5f0fd88720ab", "PartyLogo": "https://storage.googleapis.com/candidate-thumbs/party/144.png", "CandididatePhoto": "https://storage.googleapis.com/candidate-thumbs/images/11-7-26.jpg"}, {"Unnamed: 0": 6789, "CandidateId": "a96e519b-1620-413e-b185-ccfd9908ab90", "CandidateNo": 27, "FirstName": "สมภพ", "LastName": "จั่นซื่อ", "PartyName": "ประชาไทย", "PartyNumber": 205, "Title": "นาย", "Votable": true, "province_id": 11, "province_name": "สมุทรปราการ", "zone_number": 7, "PartyTerminated": false, "Age": 55, "Occupation": "รับจ้าง", "HighestEducation": "ปริญญาตรี", "ImageFileId": "5c5d53a1fbcb5f0fd8872465", "SelfIntroduceFileId": "5c5d54defbcb5f0fd88734eb", "PartyLogo": "https://storage.googleapis.com/candidate-thumbs/party/205.png", "CandididatePhoto": "https://storage.googleapis.com/candidate-thumbs/images/11-7-27.jpg"}]