[{"Unnamed: 0": 2265, "CandidateId": "3fe39eb0-85e6-427f-ab5a-e36484285c50", "CandidateNo": 1, "FirstName": "สรวงศ์", "LastName": "เทียนทอง", "PartyName": "เพื่อไทย", "PartyNumber": 34, "Title": "นาย", "Votable": true, "province_id": 27, "province_name": "สระแก้ว", "zone_number": 3, "PartyTerminated": false, "Age": 43, "Occupation": "นักการเมือง", "HighestEducation": "ปริญญาโท", "ImageFileId": "5c57bf0dfbcb5f1eec0d5e65", "SelfIntroduceFileId": "5c57f54efbcb5f1eec0ed659", "PartyLogo": "https://storage.googleapis.com/candidate-thumbs/party/34.png", "CandididatePhoto": "https://storage.googleapis.com/candidate-thumbs/images/27-3-1.jpg"}, {"Unnamed: 0": 2266, "CandidateId": "4ac5b9d8-592c-40a7-853b-3472da56773d", "CandidateNo": 2, "FirstName": "สอาด", "LastName": "คำมาก", "PartyName": "รักษ์ผืนป่าประเทศไทย", "PartyNumber": 133, "Title": "นาย", "Votable": true, "province_id": 27, "province_name": "สระแก้ว", "zone_number": 3, "PartyTerminated": false, "Age": 61, "Occupation": "เกษตรกร", "HighestEducation": "ต่ำกว่าปริญญาตรี", "ImageFileId": "5c57f6e0fbcb5f1eec0ee831", "SelfIntroduceFileId": "5c57f8fcfbcb5f1eec0efb9c", "PartyLogo": "https://storage.googleapis.com/candidate-thumbs/party/133.png", "CandididatePhoto": "https://storage.googleapis.com/candidate-thumbs/images/27-3-2.jpg"}, {"Unnamed: 0": 2267, "CandidateId": "51f0545d-8e6c-4bb0-9152-c21e7f478b61", "CandidateNo": 3, "FirstName": "วีรวิทย์", "LastName": "กรเศรษฐี", "PartyName": "เพื่อนไทย", "PartyNumber": 179, "Title": "นาย", "Votable": false, "province_id": 27, "province_name": "สระแก้ว", "zone_number": 3, "PartyTerminated": false, "Age": 64, "Occupation": "ว่างงาน", "HighestEducation": "ต่ำกว่าปริญญาตรี", "ImageFileId": "5c5cf0e5fbcb5f16fc68f226", "SelfIntroduceFileId": "5c57fbbbfbcb5f1eec0f1f2b", "PartyLogo": "https://storage.googleapis.com/candidate-thumbs/party/179.png", "CandididatePhoto": "https://storage.googleapis.com/candidate-thumbs/images/27-3-3.jpg"}, {"Unnamed: 0": 2268, "CandidateId": "f46d7ed4-cbde-4b69-ae5d-50ffda52b68e", "CandidateNo": 4, "FirstName": "สมนึก", "LastName": "กิจมานะ", "PartyName": "ประชาธิปไตยใหม่", "PartyNumber": 109, "Title": "พันตำรวจโท", "Votable": true, "province_id": 27, "province_name": "สระแก้ว", "zone_number": 3, "PartyTerminated": false, "Age": 59, "Occupation": "ข้าราชการตำรวจ", "HighestEducation": "ปริญญาตรี", "ImageFileId": "5c5cf12afbcb5f16fc68f41d", "SelfIntroduceFileId": "5c58e893fbcb5f1d8812f1ac", "PartyLogo": "https://storage.googleapis.com/candidate-thumbs/party/109.png", "CandididatePhoto": "https://storage.googleapis.com/candidate-thumbs/images/27-3-4.jpg"}, {"Unnamed: 0": 2269, "CandidateId": "021f8a05-3213-40dd-a9c5-28e744819dc0", "CandidateNo": 5, "FirstName": "ดรุณี", "LastName": "ประยูรวงษ์", "PartyName": "เสรีรวมไทย", "PartyNumber": 145, "Title": "นาง", "Votable": true, "province_id": 27, "province_name": "สระแก้ว", "zone_number": 3, "PartyTerminated": false, "Age": 64, "Occupation": "ข้าราชการบำนาญกระทรวงสาธารณสุข", "HighestEducation": "ปริญญาโท", "ImageFileId": "5c58e8cdfbcb5f1d8812f29f", "SelfIntroduceFileId": "5c58ea1cfbcb5f1d8812f7be", "PartyLogo": "https://storage.googleapis.com/candidate-thumbs/party/145.png", "CandididatePhoto": "https://storage.googleapis.com/candidate-thumbs/images/27-3-5.jpg"}, {"Unnamed: 0": 2270, "CandidateId": "52df775f-f5b8-4d30-bc4f-877c682e5bc7", "CandidateNo": 6, "FirstName": "สุนันทรัตน์", "LastName": "มุกตรี", "PartyName": "อนาคตใหม่", "PartyNumber": 177, "Title": "นางสาว", "Votable": true, "province_id": 27, "province_name": "สระแก้ว", "zone_number": 3, "PartyTerminated": false, "Age": 54, "Occupation": "สมาชิกองค์การบริหารส่วนตำบล", "HighestEducation": "ต่ำกว่าปริญญาตรี", "ImageFileId": "5c57e1d3fbcb5f1eec0e28ac", "SelfIntroduceFileId": "5c57e343fbcb5f1eec0e3436", "PartyLogo": "https://storage.googleapis.com/candidate-thumbs/party/177.png", "CandididatePhoto": "https://storage.googleapis.com/candidate-thumbs/images/27-3-6.jpg"}, {"Unnamed: 0": 2271, "CandidateId": "45594e51-8cdd-491c-b5c6-4b4340d3d6ca", "CandidateNo": 7, "FirstName": "สุรศักดิ์", "LastName": "ชิงนวรรณ์", "PartyName": "พลังประชารัฐ", "PartyNumber": 192, "Title": "นาย", "Votable": true, "province_id": 27, "province_name": "สระแก้ว", "zone_number": 3, "PartyTerminated": false, "Age": 55, "Occupation": "หุ้นส่วนผู้จัดการ หจก.อรัญญาทร", "HighestEducation": "ปริญญาโท", "ImageFileId": "5c580ba7fbcb5f1eec0ffa28", "SelfIntroduceFileId": "5c58e6cbfbcb5f1d8812e966", "PartyLogo": "https://storage.googleapis.com/candidate-thumbs/party/192.png", "CandididatePhoto": "https://storage.googleapis.com/candidate-thumbs/images/27-3-7.jpg"}, {"Unnamed: 0": 2272, "CandidateId": "01910bfd-8ec7-4a42-9a66-dd1c324ff77a", "CandidateNo": 8, "FirstName": "พรพล", "LastName": "เอกอรรถพร", "PartyName": "ประชาธิปัตย์", "PartyNumber": 1, "Title": "นาย", "Votable": true, "province_id": 27, "province_name": "สระแก้ว", "zone_number": 3, "PartyTerminated": false, "Age": 62, "Occupation": "ค้าขาย", "HighestEducation": "ปริญญาโท", "ImageFileId": "5c5809defbcb5f1eec0fe3cf", "SelfIntroduceFileId": "5c580ab9fbcb5f1eec0fee40", "PartyLogo": "https://storage.googleapis.com/candidate-thumbs/party/1.png", "CandididatePhoto": "https://storage.googleapis.com/candidate-thumbs/images/27-3-8.jpg"}, {"Unnamed: 0": 2273, "CandidateId": "fadc2566-4d39-486f-b93e-8182db68c247", "CandidateNo": 9, "FirstName": "ปิยะณัฐ", "LastName": "ถือพุดซา", "PartyName": "รวมพลังประชาชาติไทย", "PartyNumber": 181, "Title": "จ.ส.อ.", "Votable": true, "province_id": 27, "province_name": "สระแก้ว", "zone_number": 3, "PartyTerminated": false, "Age": 54, "Occupation": "ทนายความ", "HighestEducation": "ปริญญาโท", "ImageFileId": "5c5807ddfbcb5f1eec0fcd89", "SelfIntroduceFileId": "5c580993fbcb5f1eec0fe083", "PartyLogo": "https://storage.googleapis.com/candidate-thumbs/party/181.png", "CandididatePhoto": "https://storage.googleapis.com/candidate-thumbs/images/27-3-9.jpg"}, {"Unnamed: 0": 2274, "CandidateId": "afc1add2-c336-4c95-a9ba-e5f2c97ccb87", "CandidateNo": 10, "FirstName": "สมพิษ", "LastName": "แพนลิ้นฟ้า", "PartyName": "เพื่อชาติ", "PartyNumber": 149, "Title": "นาย", "Votable": true, "province_id": 27, "province_name": "สระแก้ว", "zone_number": 3, "PartyTerminated": false, "Age": 68, "Occupation": "กำนันตำบลทัพราช", "HighestEducation": "ต่ำกว่าปริญญาตรี", "ImageFileId": "5c5806c4fbcb5f1eec0fbcb2", "SelfIntroduceFileId": "5c5807a9fbcb5f1eec0fcaeb", "PartyLogo": "https://storage.googleapis.com/candidate-thumbs/party/149.png", "CandididatePhoto": "https://storage.googleapis.com/candidate-thumbs/images/27-3-10.jpg"}, {"Unnamed: 0": 2275, "CandidateId": "859f6743-429a-4458-8f60-6b6a4f951302", "CandidateNo": 11, "FirstName": "พานทิพย์ศิริ", "LastName": "เพิ่มพิมพา", "PartyName": "พลังท้องถิ่นไท", "PartyNumber": 124, "Title": "นางสาว", "Votable": true, "province_id": 27, "province_name": "สระแก้ว", "zone_number": 3, "PartyTerminated": false, "Age": 31, "Occupation": "ไม่ประกอบอาชีพ", "HighestEducation": "ต่ำกว่าปริญญาตรี", "ImageFileId": "5c5ce74bfbcb5f16fc68b971", "SelfIntroduceFileId": "5c580690fbcb5f1eec0fb9ea", "PartyLogo": "https://storage.googleapis.com/candidate-thumbs/party/124.png", "CandididatePhoto": "https://storage.googleapis.com/candidate-thumbs/images/27-3-11.jpg"}, {"Unnamed: 0": 2276, "CandidateId": "dec1a4ec-3dc9-4850-8bec-4edd7d5c29c6", "CandidateNo": 12, "FirstName": "อาทิตย์", "LastName": "บังกระโทก", "PartyName": "ไทยศรีวิไลย์", "PartyNumber": 180, "Title": "นาย", "Votable": true, "province_id": 27, "province_name": "สระแก้ว", "zone_number": 3, "PartyTerminated": false, "Age": 35, "Occupation": "เกษตรกร", "HighestEducation": "ปริญญาตรี", "ImageFileId": "5c5cf078fbcb5f16fc68ef5e", "SelfIntroduceFileId": "5c580580fbcb5f1eec0fad05", "PartyLogo": "https://storage.googleapis.com/candidate-thumbs/party/180.png", "CandididatePhoto": "https://storage.googleapis.com/candidate-thumbs/images/27-3-12.jpg"}, {"Unnamed: 0": 2277, "CandidateId": "077b070b-9db5-444f-a74e-4e69867f0a71", "CandidateNo": 13, "FirstName": "วิฑูรย์", "LastName": "แก้วทองดี", "PartyName": "เพื่อแผ่นดิน", "PartyNumber": 41, "Title": "นาย", "Votable": true, "province_id": 27, "province_name": "สระแก้ว", "zone_number": 3, "PartyTerminated": false, "Age": 33, "Occupation": "รับจ้างขนส่งสินค้า", "HighestEducation": "ต่ำกว่าปริญญาตรี", "ImageFileId": "5c58024cfbcb5f1eec0f7f4d", "SelfIntroduceFileId": "5c580445fbcb5f1eec0f9a0f", "PartyLogo": "https://storage.googleapis.com/candidate-thumbs/party/41.png", "CandididatePhoto": "https://storage.googleapis.com/candidate-thumbs/images/27-3-13.jpg"}, {"Unnamed: 0": 2278, "CandidateId": "accb6d8b-e15d-49db-b03f-6aada771574f", "CandidateNo": 14, "FirstName": "ญาณิศา", "LastName": "ประภา", "PartyName": "ประชาชนปฏิรูป", "PartyNumber": 176, "Title": "นางสาว", "Votable": true, "province_id": 27, "province_name": "สระแก้ว", "zone_number": 3, "PartyTerminated": false, "Age": 27, "Occupation": "รับจ้างทั่วไป", "HighestEducation": "ต่ำกว่าปริญญาตรี", "ImageFileId": "5c5a9cd3fbcb5f19bcab31e3", "SelfIntroduceFileId": "5c5a9edbfbcb5f19bcab4287", "PartyLogo": "https://storage.googleapis.com/candidate-thumbs/party/176.png", "CandididatePhoto": "https://storage.googleapis.com/candidate-thumbs/images/27-3-14.jpg"}, {"Unnamed: 0": 2279, "CandidateId": "311c1250-b854-4a6a-bc81-3a4d7f2b811e", "CandidateNo": 15, "FirstName": "ศุภชัย", "LastName": "ลิ้มศักดิ์ศรี", "PartyName": "กรีน", "PartyNumber": 206, "Title": "นาย", "Votable": true, "province_id": 27, "province_name": "สระแก้ว", "zone_number": 3, "PartyTerminated": false, "Age": 36, "Occupation": "ธุรกิจส่วนตัว", "HighestEducation": "ต่ำกว่าปริญญาตรี", "ImageFileId": "5c5aa044fbcb5f19bcab4a20", "SelfIntroduceFileId": "5c5aa19ffbcb5f19bcab5378", "PartyLogo": "https://storage.googleapis.com/candidate-thumbs/party/206.png", "CandididatePhoto": "https://storage.googleapis.com/candidate-thumbs/images/27-3-15.jpg"}, {"Unnamed: 0": 2280, "CandidateId": "44a7772d-4a8f-4e56-9ffa-3e412d79048a", "CandidateNo": 16, "FirstName": "สุรีย์", "LastName": "โกมารทัต", "PartyName": "พลังปวงชนไทย", "PartyNumber": 184, "Title": "นาย", "Votable": true, "province_id": 27, "province_name": "สระแก้ว", "zone_number": 3, "PartyTerminated": false, "Age": 60, "Occupation": "ลูกจ้างประจำ", "HighestEducation": "ปริญญาตรี", "ImageFileId": "5c5a9f12fbcb5f19bcab4475", "SelfIntroduceFileId": "5c5aa001fbcb5f19bcab4907", "PartyLogo": "https://storage.googleapis.com/candidate-thumbs/party/184.png", "CandididatePhoto": "https://storage.googleapis.com/candidate-thumbs/images/27-3-16.jpg"}, {"Unnamed: 0": 2281, "CandidateId": "abcbbdec-0ce6-4c84-85f5-c0f29291b3f1", "CandidateNo": 17, "FirstName": "วิไลรัตน์", "LastName": "อินต๊ะเม้า", "PartyName": "ภูมิใจไทย", "PartyNumber": 63, "Title": "นาง", "Votable": true, "province_id": 27, "province_name": "สระแก้ว", "zone_number": 3, "PartyTerminated": false, "Age": 40, "Occupation": "ธุรกิจส่วนตัว", "HighestEducation": "ต่ำกว่าปริญญาตรี", "ImageFileId": "5c5a9809fbcb5f19bcab1224", "SelfIntroduceFileId": "5c5a99c1fbcb5f19bcab1cf6", "PartyLogo": "https://storage.googleapis.com/candidate-thumbs/party/63.png", "CandididatePhoto": "https://storage.googleapis.com/candidate-thumbs/images/27-3-17.jpg"}, {"Unnamed: 0": 2282, "CandidateId": "69e24726-ffe3-4a8a-9c70-660aa71d518e", "CandidateNo": 18, "FirstName": "เสรีชน", "LastName": "ศรีบุตร", "PartyName": "ครูไทยเพื่อประชาชน", "PartyNumber": 118, "Title": "นาย", "Votable": true, "province_id": 27, "province_name": "สระแก้ว", "zone_number": 3, "PartyTerminated": false, "Age": 73, "Occupation": "ข้าราชการบำนาญครู", "HighestEducation": "ปริญญาโท", "ImageFileId": "5c5bc986fbcb5f16fc66904c", "SelfIntroduceFileId": "5c5bcadbfbcb5f16fc66995c", "PartyLogo": "https://storage.googleapis.com/candidate-thumbs/party/118.png", "CandididatePhoto": "https://storage.googleapis.com/candidate-thumbs/images/27-3-18.jpg"}, {"Unnamed: 0": 2283, "CandidateId": "990e1822-1a23-4ae6-a3aa-2e5970dbcf80", "CandidateNo": 19, "FirstName": "วิลาวรรณ", "LastName": "เพ่งพิศ  ลินด์เบิร์ก", "PartyName": "พลังชาติไทย", "PartyNumber": 186, "Title": "นาง", "Votable": true, "province_id": 27, "province_name": "สระแก้ว", "zone_number": 3, "PartyTerminated": false, "Age": 58, "Occupation": "ค้าขาย", "HighestEducation": "ต่ำกว่าปริญญาตรี", "ImageFileId": "5c5beff0fbcb5f16fc67c603", "SelfIntroduceFileId": "5c5bf10afbcb5f16fc67cdd5", "PartyLogo": "https://storage.googleapis.com/candidate-thumbs/party/186.png", "CandididatePhoto": "https://storage.googleapis.com/candidate-thumbs/images/27-3-19.jpg"}, {"Unnamed: 0": 2284, "CandidateId": "47302fc3-7cb4-4d98-b04d-a20e8a469282", "CandidateNo": 20, "FirstName": "สุทธิพงศ์", "LastName": "ทองชำนาญ", "PartyName": "เศรษฐกิจใหม่", "PartyNumber": 193, "Title": "นาย", "Votable": true, "province_id": 27, "province_name": "สระแก้ว", "zone_number": 3, "PartyTerminated": false, "Age": 61, "Occupation": "ข้าราชการบำนาญ", "HighestEducation": "ปริญญาตรี", "ImageFileId": "5c5d04d8fbcb5f0fd884abbc", "SelfIntroduceFileId": "5c5d0615fbcb5f0fd884b575", "PartyLogo": "https://storage.googleapis.com/candidate-thumbs/party/193.png", "CandididatePhoto": "https://storage.googleapis.com/candidate-thumbs/images/27-3-20.jpg"}, {"Unnamed: 0": 2285, "CandidateId": "ed057229-6b85-4b29-9410-a3bd1b6dec48", "CandidateNo": 21, "FirstName": "กฤษฎา", "LastName": "งามสมกลิ่น", "PartyName": "ประชาธรรมไทย", "PartyNumber": 190, "Title": "นาย", "Votable": true, "province_id": 27, "province_name": "สระแก้ว", "zone_number": 3, "PartyTerminated": false, "Age": 26, "Occupation": "รับจ้าง", "HighestEducation": "ต่ำกว่าปริญญาตรี", "ImageFileId": "5c5d0655fbcb5f0fd884b801", "SelfIntroduceFileId": "5c5d0c6afbcb5f0fd884ddb1", "PartyLogo": "https://storage.googleapis.com/candidate-thumbs/party/190.png", "CandididatePhoto": "https://storage.googleapis.com/candidate-thumbs/images/27-3-21.jpg"}, {"Unnamed: 0": 2286, "CandidateId": "ac0d2401-c3b7-4b81-841a-2f8cc31c88e4", "CandidateNo": 22, "FirstName": "สวัสดิ์", "LastName": "บ่อเงิน", "PartyName": "ประชาภิวัฒน์", "PartyNumber": 172, "Title": "นาย", "Votable": false, "province_id": 27, "province_name": "สระแก้ว", "zone_number": 3, "PartyTerminated": false, "Age": 54, "Occupation": "รับจ้าง", "HighestEducation": "ต่ำกว่าปริญญาตรี", "ImageFileId": "5c5d306bfbcb5f0fd885c526", "SelfIntroduceFileId": "5c5d321efbcb5f0fd885d492", "PartyLogo": "https://storage.googleapis.com/candidate-thumbs/party/172.png", "CandididatePhoto": "https://storage.googleapis.com/candidate-thumbs/images/27-3-22.jpg"}, {"Unnamed: 0": 2287, "CandidateId": "e36380fa-c915-4648-bbfd-2b44df10dc25", "CandidateNo": 23, "FirstName": "สมัย", "LastName": "ศรีสมาน", "PartyName": "พลเมืองไทย", "PartyNumber": 173, "Title": "นาย", "Votable": true, "province_id": 27, "province_name": "สระแก้ว", "zone_number": 3, "PartyTerminated": false, "Age": 66, "Occupation": "เกษตรกร", "HighestEducation": "ปริญญาตรี", "ImageFileId": "5c5d3e08fbcb5f0fd88638a2", "SelfIntroduceFileId": "5c5d41adfbcb5f0fd8866177", "PartyLogo": "https://storage.googleapis.com/candidate-thumbs/party/173.png", "CandididatePhoto": "https://storage.googleapis.com/candidate-thumbs/images/27-3-23.jpg"}, {"Unnamed: 0": 2288, "CandidateId": "9582de49-da00-4df9-938d-a64c800a815c", "CandidateNo": 24, "FirstName": "วิรากานต์", "LastName": "อรัญเจริญยิ่ง", "PartyName": "พลังไทสร้างชาติ", "PartyNumber": 200, "Title": "นางสาว", "Votable": true, "province_id": 27, "province_name": "สระแก้ว", "zone_number": 3, "PartyTerminated": false, "Age": 27, "Occupation": "รับจ้าง", "HighestEducation": "ต่ำกว่าปริญญาตรี", "ImageFileId": "5c5d4bf2fbcb5f0fd886d363", "SelfIntroduceFileId": "5c5d4d39fbcb5f0fd886df35", "PartyLogo": "https://storage.googleapis.com/candidate-thumbs/party/200.png", "CandididatePhoto": "https://storage.googleapis.com/candidate-thumbs/images/27-3-24.jpg"}, {"Unnamed: 0": 2289, "CandidateId": "239a5293-9f1f-496e-a15b-ebd14adb203c", "CandidateNo": 25, "FirstName": "ศิริพร", "LastName": "จันทร์ชู", "PartyName": "ไทรักธรรม", "PartyNumber": 144, "Title": "นาง", "Votable": true, "province_id": 27, "province_name": "สระแก้ว", "zone_number": 3, "PartyTerminated": false, "Age": 48, "Occupation": "รับจ้าง", "HighestEducation": "ต่ำกว่าปริญญาตรี", "ImageFileId": "5c5d4dc8fbcb5f0fd886e40e", "SelfIntroduceFileId": "5c5d4e90fbcb5f0fd886eca5", "PartyLogo": "https://storage.googleapis.com/candidate-thumbs/party/144.png", "CandididatePhoto": "https://storage.googleapis.com/candidate-thumbs/images/27-3-25.jpg"}]