[{"Unnamed: 0": 2425, "CandidateId": "29211779-4691-447c-9896-fe073a91ebf4", "CandidateNo": 1, "FirstName": "จักรวาล", "LastName": "ชัยวิรัตน์นุกูล", "PartyName": "พลังประชารัฐ", "PartyNumber": 192, "Title": "นาย", "Votable": true, "province_id": 64, "province_name": "สุโขทัย", "zone_number": 3, "PartyTerminated": false, "Age": 54, "Occupation": "ธุรกิจส่วนตัว,รองนายกองค์การบริหารส่วนจังหวัดสุโขทัย", "HighestEducation": "ปริญญาโท", "ImageFileId": "5c57c035fbcb5f1eec0d674f", "SelfIntroduceFileId": "5c5cf7b8fbcb5f0fd8843f30", "PartyLogo": "https://storage.googleapis.com/candidate-thumbs/party/192.png", "CandididatePhoto": "https://storage.googleapis.com/candidate-thumbs/images/64-3-1.jpg"}, {"Unnamed: 0": 2426, "CandidateId": "bef357e0-629c-465f-b6c5-5b561e07759a", "CandidateNo": 2, "FirstName": "สะอาด", "LastName": "กาฟัก", "PartyName": "พลังปวงชนไทย", "PartyNumber": 184, "Title": "นาย", "Votable": true, "province_id": 64, "province_name": "สุโขทัย", "zone_number": 3, "PartyTerminated": false, "Age": 63, "Occupation": "ข้าราชการบำนาญ", "HighestEducation": "ปริญญาตรี", "ImageFileId": "5c57f274fbcb5f1eec0eb9c3", "SelfIntroduceFileId": "5c5cf520fbcb5f16fc690fb9", "PartyLogo": "https://storage.googleapis.com/candidate-thumbs/party/184.png", "CandididatePhoto": "https://storage.googleapis.com/candidate-thumbs/images/64-3-2.jpg"}, {"Unnamed: 0": 2427, "CandidateId": "37c8eb6f-530c-4c39-b756-d4e7903bece3", "CandidateNo": 3, "FirstName": "ประภาพร", "LastName": "ทองปากน้ำ", "PartyName": "เพื่อไทย", "PartyNumber": 34, "Title": "นางสาว", "Votable": true, "province_id": 64, "province_name": "สุโขทัย", "zone_number": 3, "PartyTerminated": false, "Age": 32, "Occupation": "ธุรกิจส่วนตัว", "HighestEducation": "ปริญญาโท", "ImageFileId": "5c5d5c37fbcb5f0fd8878cba", "SelfIntroduceFileId": "5c5d604efbcb5f0fd887b007", "PartyLogo": "https://storage.googleapis.com/candidate-thumbs/party/34.png", "CandididatePhoto": "https://storage.googleapis.com/candidate-thumbs/images/64-3-3.jpg"}, {"Unnamed: 0": 2428, "CandidateId": "bd1d97a0-3f4b-4199-8011-0ec189168f7f", "CandidateNo": 4, "FirstName": "ประพันธ์", "LastName": "บริสุทธิ์", "PartyName": "ประชานิยม", "PartyNumber": 191, "Title": "นาย", "Votable": true, "province_id": 64, "province_name": "สุโขทัย", "zone_number": 3, "PartyTerminated": false, "Age": 69, "Occupation": "ข้าราชการบำนาญ", "HighestEducation": "ปริญญาโท", "ImageFileId": "5c5803b9fbcb5f1eec0f926c", "SelfIntroduceFileId": "5c5cf60afbcb5f16fc691624", "PartyLogo": "https://storage.googleapis.com/candidate-thumbs/party/191.png", "CandididatePhoto": "https://storage.googleapis.com/candidate-thumbs/images/64-3-4.jpg"}, {"Unnamed: 0": 2429, "CandidateId": "fe5833b3-accf-499d-a9f1-ed6e5c9a28d4", "CandidateNo": 5, "FirstName": "ทัศนา", "LastName": "บัวคำ", "PartyName": "เสรีรวมไทย", "PartyNumber": 145, "Title": "นางสาว", "Votable": true, "province_id": 64, "province_name": "สุโขทัย", "zone_number": 3, "PartyTerminated": false, "Age": 52, "Occupation": "เจ้าของหนังสือพิมพ์ภูไท", "HighestEducation": "ต่ำกว่าปริญญาตรี", "ImageFileId": "5c590aa4fbcb5f1d88144af4", "SelfIntroduceFileId": "5c5cf682fbcb5f16fc691985", "PartyLogo": "https://storage.googleapis.com/candidate-thumbs/party/145.png", "CandididatePhoto": "https://storage.googleapis.com/candidate-thumbs/images/64-3-5.jpg"}, {"Unnamed: 0": 2430, "CandidateId": "75259f62-f9dc-424a-9cb1-6e7a01e06c19", "CandidateNo": 6, "FirstName": "นครินทร์", "LastName": "คมขำ", "PartyName": "ชาติพัฒนา", "PartyNumber": 45, "Title": "นาย", "Votable": true, "province_id": 64, "province_name": "สุโขทัย", "zone_number": 3, "PartyTerminated": false, "Age": 35, "Occupation": "รับจ้าง", "HighestEducation": "ปริญญาตรี", "ImageFileId": "5c591390fbcb5f1d8814cacf", "SelfIntroduceFileId": "5c5cf6d5fbcb5f0fd88439f5", "PartyLogo": "https://storage.googleapis.com/candidate-thumbs/party/45.png", "CandididatePhoto": "https://storage.googleapis.com/candidate-thumbs/images/64-3-6.jpg"}, {"Unnamed: 0": 2431, "CandidateId": "91446fc3-025e-4d90-93a4-d07d06f4b05a", "CandidateNo": 7, "FirstName": "สมเจตน์", "LastName": "ลิมปะพันธุ์", "PartyName": "ภูมิใจไทย", "PartyNumber": 63, "Title": "นาย", "Votable": true, "province_id": 64, "province_name": "สุโขทัย", "zone_number": 3, "PartyTerminated": false, "Age": 50, "Occupation": "นักการเมือง", "HighestEducation": "ปริญญาโท", "ImageFileId": "5c59291efbcb5f1d8815947c", "SelfIntroduceFileId": "5c5cfd8dfbcb5f0fd8846bda", "PartyLogo": "https://storage.googleapis.com/candidate-thumbs/party/63.png", "CandididatePhoto": "https://storage.googleapis.com/candidate-thumbs/images/64-3-7.jpg"}, {"Unnamed: 0": 2432, "CandidateId": "04c992d7-01d9-4926-a017-1957ef23902b", "CandidateNo": 8, "FirstName": "บุญมั่น", "LastName": "นาคจรูญ", "PartyName": "พลังท้องถิ่นไท", "PartyNumber": 124, "Title": "นาย", "Votable": true, "province_id": 64, "province_name": "สุโขทัย", "zone_number": 3, "PartyTerminated": false, "Age": 66, "Occupation": "ข้าราชการบำนาญ", "HighestEducation": "ปริญญาตรี", "ImageFileId": "5c592f96fbcb5f1d8815f93d", "SelfIntroduceFileId": "5c5cff8dfbcb5f0fd8847d58", "PartyLogo": "https://storage.googleapis.com/candidate-thumbs/party/124.png", "CandididatePhoto": "https://storage.googleapis.com/candidate-thumbs/images/64-3-8.jpg"}, {"Unnamed: 0": 2433, "CandidateId": "6cc6923c-3224-4b1c-87fb-c7cbd7669d9c", "CandidateNo": 9, "FirstName": "คุณภาพ", "LastName": "เหมือนเพชร", "PartyName": "ประชาภิวัฒน์", "PartyNumber": 172, "Title": "นาย", "Votable": true, "province_id": 64, "province_name": "สุโขทัย", "zone_number": 3, "PartyTerminated": false, "Age": 55, "Occupation": "รับจ้าง", "HighestEducation": "ปริญญาโท", "ImageFileId": "5c593d3efbcb5f1d8816b448", "SelfIntroduceFileId": "5c5cffd5fbcb5f0fd8848182", "PartyLogo": "https://storage.googleapis.com/candidate-thumbs/party/172.png", "CandididatePhoto": "https://storage.googleapis.com/candidate-thumbs/images/64-3-9.jpg"}, {"Unnamed: 0": 2434, "CandidateId": "6768647e-8566-4dcb-a178-59da8fa74063", "CandidateNo": 10, "FirstName": "อภิชญา", "LastName": "อรุณวิง", "PartyName": "รวมพลังประชาชาติไทย", "PartyNumber": 181, "Title": "นาง", "Votable": true, "province_id": 64, "province_name": "สุโขทัย", "zone_number": 3, "PartyTerminated": false, "Age": 40, "Occupation": "แม่บ้าน", "HighestEducation": "ปริญญาตรี", "ImageFileId": "5c5947fbfbcb5f1d88174c5b", "SelfIntroduceFileId": "5c5d0012fbcb5f0fd88484ae", "PartyLogo": "https://storage.googleapis.com/candidate-thumbs/party/181.png", "CandididatePhoto": "https://storage.googleapis.com/candidate-thumbs/images/64-3-10.jpg"}, {"Unnamed: 0": 2435, "CandidateId": "51d7450e-8efb-4bb8-bd5b-7b679995d08c", "CandidateNo": 11, "FirstName": "โด่ง", "LastName": "แสวงลาภ", "PartyName": "ประชาธิปัตย์", "PartyNumber": 1, "Title": "นาย", "Votable": true, "province_id": 64, "province_name": "สุโขทัย", "zone_number": 3, "PartyTerminated": false, "Age": 58, "Occupation": "ทนายความ", "HighestEducation": "ปริญญาตรี", "ImageFileId": "5c5a3d4bfbcb5f19bca89889", "SelfIntroduceFileId": "5c5d004bfbcb5f0fd8848644", "PartyLogo": "https://storage.googleapis.com/candidate-thumbs/party/1.png", "CandididatePhoto": "https://storage.googleapis.com/candidate-thumbs/images/64-3-11.jpg"}, {"Unnamed: 0": 2436, "CandidateId": "850bcef6-29e6-442a-92b4-d8b5bf8dc647", "CandidateNo": 12, "FirstName": "มานะ", "LastName": "ปาโส", "PartyName": "ไทยศรีวิไลย์", "PartyNumber": 180, "Title": "นาย", "Votable": true, "province_id": 64, "province_name": "สุโขทัย", "zone_number": 3, "PartyTerminated": false, "Age": 44, "Occupation": "เกษตรกร", "HighestEducation": "ต่ำกว่าปริญญาตรี", "ImageFileId": "5c595149fbcb5f1d8817c3eb", "SelfIntroduceFileId": "5c5d0084fbcb5f0fd8848826", "PartyLogo": "https://storage.googleapis.com/candidate-thumbs/party/180.png", "CandididatePhoto": "https://storage.googleapis.com/candidate-thumbs/images/64-3-12.jpg"}, {"Unnamed: 0": 2437, "CandidateId": "e18f417c-fedd-4378-ad82-2e2b704d8cd4", "CandidateNo": 13, "FirstName": "ศราวุฒิ", "LastName": "ปรีดากัญญารัตน์", "PartyName": "อนาคตใหม่", "PartyNumber": 177, "Title": "นาย", "Votable": true, "province_id": 64, "province_name": "สุโขทัย", "zone_number": 3, "PartyTerminated": false, "Age": 66, "Occupation": "ธุรกิจส่วนตัว", "HighestEducation": "ปริญญาตรี", "ImageFileId": "5c5957a1fbcb5f1d8817fd5d", "SelfIntroduceFileId": "5c5d00c9fbcb5f0fd8848a04", "PartyLogo": "https://storage.googleapis.com/candidate-thumbs/party/177.png", "CandididatePhoto": "https://storage.googleapis.com/candidate-thumbs/images/64-3-13.jpg"}, {"Unnamed: 0": 2438, "CandidateId": "dd44435d-e27d-47c6-a70f-414becae4b52", "CandidateNo": 14, "FirstName": "สายหยุด", "LastName": "นามกร", "PartyName": "รักษ์ผืนป่าประเทศไทย", "PartyNumber": 133, "Title": "นาย", "Votable": true, "province_id": 64, "province_name": "สุโขทัย", "zone_number": 3, "PartyTerminated": false, "Age": 62, "Occupation": "ข้าราชการบำนาญ", "HighestEducation": "ปริญญาตรี", "ImageFileId": "5c5a508bfbcb5f19bca92c4a", "SelfIntroduceFileId": "5c5d0100fbcb5f0fd8848b49", "PartyLogo": "https://storage.googleapis.com/candidate-thumbs/party/133.png", "CandididatePhoto": "https://storage.googleapis.com/candidate-thumbs/images/64-3-14.jpg"}, {"Unnamed: 0": 2439, "CandidateId": "320c6848-1903-4010-a891-abf31a494c79", "CandidateNo": 15, "FirstName": "รัชดาภรณ์", "LastName": "กำเนิด", "PartyName": "ประชาธิปไตยใหม่", "PartyNumber": 109, "Title": "นางสาว", "Votable": true, "province_id": 64, "province_name": "สุโขทัย", "zone_number": 3, "PartyTerminated": false, "Age": 31, "Occupation": "สมาชิกสภาเทศบาลตำบลหาดเสี้ยว", "HighestEducation": "ปริญญาโท", "ImageFileId": "5c5a5870fbcb5f19bca96da7", "SelfIntroduceFileId": "5c5d0143fbcb5f0fd8848d1f", "PartyLogo": "https://storage.googleapis.com/candidate-thumbs/party/109.png", "CandididatePhoto": "https://storage.googleapis.com/candidate-thumbs/images/64-3-15.jpg"}, {"Unnamed: 0": 2440, "CandidateId": "558502d2-f711-4177-afd0-47b972396fe3", "CandidateNo": 16, "FirstName": "ณรัชช์อร", "LastName": "บุญรอด", "PartyName": "ประชาชนปฏิรูป", "PartyNumber": 176, "Title": "นาง", "Votable": true, "province_id": 64, "province_name": "สุโขทัย", "zone_number": 3, "PartyTerminated": false, "Age": 40, "Occupation": "ุธุรกิจส่วนตัว", "HighestEducation": "ต่ำกว่าปริญญาตรี", "ImageFileId": "5c5a46e3fbcb5f19bca8d70b", "SelfIntroduceFileId": "5c5d01adfbcb5f0fd8848f14", "PartyLogo": "https://storage.googleapis.com/candidate-thumbs/party/176.png", "CandididatePhoto": "https://storage.googleapis.com/candidate-thumbs/images/64-3-16.jpg"}, {"Unnamed: 0": 2441, "CandidateId": "44b75e56-f672-44ea-b618-a0d6f15a580a", "CandidateNo": 17, "FirstName": "หิรัญพศุตม์", "LastName": "จันร์เต็ม", "PartyName": "เพื่อชาติ", "PartyNumber": 149, "Title": "นาย", "Votable": true, "province_id": 64, "province_name": "สุโขทัย", "zone_number": 3, "PartyTerminated": false, "Age": 48, "Occupation": "เป็นตัวแทนขายประกันชีวิต บมจ.ไทยประกันฯ ตำแหน่งผู้บริหารศูนย์", "HighestEducation": "ปริญญาตรี", "ImageFileId": "5c5a43d8fbcb5f19bca8c01c", "SelfIntroduceFileId": "5c5d0283fbcb5f0fd8849929", "PartyLogo": "https://storage.googleapis.com/candidate-thumbs/party/149.png", "CandididatePhoto": "https://storage.googleapis.com/candidate-thumbs/images/64-3-17.jpg"}, {"Unnamed: 0": 2442, "CandidateId": "69bc619a-c236-44d3-aedf-7504ac0fba3f", "CandidateNo": 18, "FirstName": "ยอดแก้ว", "LastName": "บุญแจ้ง", "PartyName": "เพื่อแผ่นดิน", "PartyNumber": 41, "Title": "นาย", "Votable": true, "province_id": 64, "province_name": "สุโขทัย", "zone_number": 3, "PartyTerminated": false, "Age": 66, "Occupation": "เกษตรกรรม", "HighestEducation": "ต่ำกว่าปริญญาตรี", "ImageFileId": "5c5a85cffbcb5f19bcaa936f", "SelfIntroduceFileId": "5c5d02cafbcb5f0fd8849add", "PartyLogo": "https://storage.googleapis.com/candidate-thumbs/party/41.png", "CandididatePhoto": "https://storage.googleapis.com/candidate-thumbs/images/64-3-18.jpg"}, {"Unnamed: 0": 2443, "CandidateId": "039180a1-a850-4e11-8e9b-1bac7f8c853d", "CandidateNo": 19, "FirstName": "อานนท์", "LastName": "เพชรดี", "PartyName": "กรีน", "PartyNumber": 206, "Title": "นาย", "Votable": true, "province_id": 64, "province_name": "สุโขทัย", "zone_number": 3, "PartyTerminated": false, "Age": 41, "Occupation": "เกษตรกร", "HighestEducation": "ต่ำกว่าปริญญาตรี", "ImageFileId": "5c5a951bfbcb5f19bcab01b4", "SelfIntroduceFileId": "5c5d0321fbcb5f0fd8849e00", "PartyLogo": "https://storage.googleapis.com/candidate-thumbs/party/206.png", "CandididatePhoto": "https://storage.googleapis.com/candidate-thumbs/images/64-3-19.jpg"}, {"Unnamed: 0": 2444, "CandidateId": "5542b021-0e95-4204-bb3c-5aed23857f3a", "CandidateNo": 20, "FirstName": "ปณณวิทย์", "LastName": "สุขเกษม", "PartyName": "แผ่นดินธรรม", "PartyNumber": 188, "Title": "นาย", "Votable": true, "province_id": 64, "province_name": "สุโขทัย", "zone_number": 3, "PartyTerminated": false, "Age": 59, "Occupation": "ประกอบอาชีพส่วนตัว", "HighestEducation": "ต่ำกว่าปริญญาตรี", "ImageFileId": "5c5aaa3efbcb5f19bcab7dd3", "SelfIntroduceFileId": "5c5d03eafbcb5f0fd884a399", "PartyLogo": "https://storage.googleapis.com/candidate-thumbs/party/188.png", "CandididatePhoto": "https://storage.googleapis.com/candidate-thumbs/images/64-3-20.jpg"}, {"Unnamed: 0": 2445, "CandidateId": "06472a1f-70ef-4254-b4d1-dea63a719212", "CandidateNo": 21, "FirstName": "สุทธิเชษฐ", "LastName": "การสันทัด", "PartyName": "ภราดรภาพ", "PartyNumber": 154, "Title": "นาย", "Votable": true, "province_id": 64, "province_name": "สุโขทัย", "zone_number": 3, "PartyTerminated": false, "Age": 33, "Occupation": "ทนายความ", "HighestEducation": "ปริญญาตรี", "ImageFileId": "5c5be482fbcb5f16fc675f15", "SelfIntroduceFileId": "5c5d0422fbcb5f0fd884a4f1", "PartyLogo": "https://storage.googleapis.com/candidate-thumbs/party/154.png", "CandididatePhoto": "https://storage.googleapis.com/candidate-thumbs/images/64-3-21.jpg"}, {"Unnamed: 0": 2446, "CandidateId": "b86baaf1-9daa-4d0f-9e8f-324f5a442aac", "CandidateNo": 22, "FirstName": "สมคิด", "LastName": "ต่อเมือง", "PartyName": "พลังชาติไทย", "PartyNumber": 186, "Title": "นาง", "Votable": true, "province_id": 64, "province_name": "สุโขทัย", "zone_number": 3, "PartyTerminated": false, "Age": 63, "Occupation": "เกษตรกร", "HighestEducation": "ต่ำกว่าปริญญาตรี", "ImageFileId": "5c5bef09fbcb5f16fc67bdfb", "SelfIntroduceFileId": "5c5d044bfbcb5f0fd884a5b4", "PartyLogo": "https://storage.googleapis.com/candidate-thumbs/party/186.png", "CandididatePhoto": "https://storage.googleapis.com/candidate-thumbs/images/64-3-22.jpg"}, {"Unnamed: 0": 2447, "CandidateId": "e1816feb-9463-4434-8c99-a564c950fe2d", "CandidateNo": 23, "FirstName": "ปอน", "LastName": "อินวัง", "PartyName": "พลังไทยรักไทย", "PartyNumber": 185, "Title": "นาง", "Votable": true, "province_id": 64, "province_name": "สุโขทัย", "zone_number": 3, "PartyTerminated": false, "Age": 54, "Occupation": "เกษตรกร", "HighestEducation": "ต่ำกว่าปริญญาตรี", "ImageFileId": "5c5d22f0fbcb5f0fd8855883", "SelfIntroduceFileId": "5c5d2626fbcb5f0fd8856eae", "PartyLogo": "https://storage.googleapis.com/candidate-thumbs/party/185.png", "CandididatePhoto": "https://storage.googleapis.com/candidate-thumbs/images/64-3-23.jpg"}, {"Unnamed: 0": 2448, "CandidateId": "194c6581-63e8-4df1-abe9-71015e12be1c", "CandidateNo": 24, "FirstName": "ชัยนันต์", "LastName": "สงค์มณี", "PartyName": "ครูไทยเพื่อประชาชน", "PartyNumber": 118, "Title": "นาย", "Votable": true, "province_id": 64, "province_name": "สุโขทัย", "zone_number": 3, "PartyTerminated": false, "Age": 61, "Occupation": "รับจ้าง", "HighestEducation": "ต่ำกว่าปริญญาตรี", "ImageFileId": "5c5d27c8fbcb5f0fd8857cbb", "SelfIntroduceFileId": "5c5d2b16fbcb5f0fd8859892", "PartyLogo": "https://storage.googleapis.com/candidate-thumbs/party/118.png", "CandididatePhoto": "https://storage.googleapis.com/candidate-thumbs/images/64-3-24.jpg"}, {"Unnamed: 0": 2449, "CandidateId": "5d7b56dc-2ba1-4dd8-baab-93445f922575", "CandidateNo": 25, "FirstName": "มณี", "LastName": "บทสูงเนิน", "PartyName": "ประชาธรรมไทย", "PartyNumber": 190, "Title": "นาย", "Votable": true, "province_id": 64, "province_name": "สุโขทัย", "zone_number": 3, "PartyTerminated": false, "Age": 59, "Occupation": "รับเหมา", "HighestEducation": "ต่ำกว่าปริญญาตรี", "ImageFileId": "5c5d5382fbcb5f0fd8872371", "SelfIntroduceFileId": "5c5d57abfbcb5f0fd8875c87", "PartyLogo": "https://storage.googleapis.com/candidate-thumbs/party/190.png", "CandididatePhoto": "https://storage.googleapis.com/candidate-thumbs/images/64-3-25.jpg"}, {"Unnamed: 0": 2450, "CandidateId": "51688e23-a95b-48e7-ab8f-ebdfab297cd7", "CandidateNo": 26, "FirstName": "ช้อน", "LastName": "ผดุงพงษ์", "PartyName": "ไทรักธรรม", "PartyNumber": 144, "Title": "นาง", "Votable": true, "province_id": 64, "province_name": "สุโขทัย", "zone_number": 3, "PartyTerminated": false, "Age": 67, "Occupation": "ช่างตัดผมผู้สูงอายุ", "HighestEducation": "ต่ำกว่าปริญญาตรี", "ImageFileId": "5c5d5832fbcb5f0fd887633e", "SelfIntroduceFileId": "5c5d5bb5fbcb5f0fd88787e1", "PartyLogo": "https://storage.googleapis.com/candidate-thumbs/party/144.png", "CandididatePhoto": "https://storage.googleapis.com/candidate-thumbs/images/64-3-26.jpg"}]