[{"Unnamed: 0": 8067, "CandidateId": "1b198d84-8858-4e98-a446-ad92fd663eeb", "CandidateNo": 1, "FirstName": "เอนก", "LastName": "ชูชื่น", "PartyName": "ชาติพัฒนา", "PartyNumber": 45, "Title": "นาย", "Votable": true, "province_id": 90, "province_name": "สงขลา", "zone_number": 1, "PartyTerminated": false, "Age": 64, "Occupation": "รับราชการ", "HighestEducation": "ต่ำกว่าปริญญาตรี", "ImageFileId": "5c5935acfbcb5f1d88164b06", "SelfIntroduceFileId": "5c5937d7fbcb5f1d88166d43", "PartyLogo": "https://storage.googleapis.com/candidate-thumbs/party/45.png", "CandididatePhoto": "https://storage.googleapis.com/candidate-thumbs/images/90-1-1.jpg"}, {"Unnamed: 0": 8068, "CandidateId": "6d03d485-a0a7-425a-af0c-e57bcecee467", "CandidateNo": 2, "FirstName": "อำไพ", "LastName": "คงเอียง", "PartyName": "ประชานิยม", "PartyNumber": 191, "Title": "นาย", "Votable": true, "province_id": 90, "province_name": "สงขลา", "zone_number": 1, "PartyTerminated": false, "Age": 62, "Occupation": "พนักงานบริษัท", "HighestEducation": "ต่ำกว่าปริญญาตรี", "ImageFileId": "5c59321bfbcb5f1d88161b0f", "SelfIntroduceFileId": "5c59339dfbcb5f1d88163180", "PartyLogo": "https://storage.googleapis.com/candidate-thumbs/party/191.png", "CandididatePhoto": "https://storage.googleapis.com/candidate-thumbs/images/90-1-2.jpg"}, {"Unnamed: 0": 8069, "CandidateId": "ca6a7779-c8c0-478a-89be-59364b7fd0c1", "CandidateNo": 3, "FirstName": "สุรเชษ", "LastName": "บิลสัน", "PartyName": "รวมพลังประชาชาติไทย", "PartyNumber": 181, "Title": "นาย", "Votable": true, "province_id": 90, "province_name": "สงขลา", "zone_number": 1, "PartyTerminated": false, "Age": 32, "Occupation": "ทนายความ", "HighestEducation": "ปริญญาตรี", "ImageFileId": "5c592ebcfbcb5f1d8815ef73", "SelfIntroduceFileId": "5c5930bdfbcb5f1d88160af8", "PartyLogo": "https://storage.googleapis.com/candidate-thumbs/party/181.png", "CandididatePhoto": "https://storage.googleapis.com/candidate-thumbs/images/90-1-3.jpg"}, {"Unnamed: 0": 8070, "CandidateId": "859cd126-7800-432e-8da3-895e8179afc3", "CandidateNo": 4, "FirstName": "ยุทธนา", "LastName": "ช่วงมณี", "PartyName": "เสรีรวมไทย", "PartyNumber": 145, "Title": "นาย", "Votable": true, "province_id": 90, "province_name": "สงขลา", "zone_number": 1, "PartyTerminated": false, "Age": 62, "Occupation": "รับเหมาก่อสร้าง", "HighestEducation": "ปริญญาตรี", "ImageFileId": "5c592a6afbcb5f1d8815a75e", "SelfIntroduceFileId": "5c592c59fbcb5f1d8815c935", "PartyLogo": "https://storage.googleapis.com/candidate-thumbs/party/145.png", "CandididatePhoto": "https://storage.googleapis.com/candidate-thumbs/images/90-1-4.jpg"}, {"Unnamed: 0": 8071, "CandidateId": "022da8e3-4ced-4425-a6bf-914037c5a7f8", "CandidateNo": 5, "FirstName": "ไพฑูรย์", "LastName": "สรรเสริญ", "PartyName": "อนาคตใหม่", "PartyNumber": 177, "Title": "นาย", "Votable": true, "province_id": 90, "province_name": "สงขลา", "zone_number": 1, "PartyTerminated": false, "Age": 57, "Occupation": "ธุรกิจส่วนตัว", "HighestEducation": "ปริญญาโท", "ImageFileId": "5c59160ffbcb5f1d8814e7b3", "SelfIntroduceFileId": "5c591bc3fbcb5f1d88151610", "PartyLogo": "https://storage.googleapis.com/candidate-thumbs/party/177.png", "CandididatePhoto": "https://storage.googleapis.com/candidate-thumbs/images/90-1-5.jpg"}, {"Unnamed: 0": 8072, "CandidateId": "b0490f51-2f89-49f8-9c07-966f14579c13", "CandidateNo": 6, "FirstName": "รณภพ", "LastName": "วัตตะสิงห์", "PartyName": "ประชาชาติ", "PartyNumber": 187, "Title": "นาย", "Votable": true, "province_id": 90, "province_name": "สงขลา", "zone_number": 1, "PartyTerminated": false, "Age": 58, "Occupation": "ทนายความ", "HighestEducation": "ปริญญาโท", "ImageFileId": "5c5913abfbcb5f1d8814cb98", "SelfIntroduceFileId": "5c59152cfbcb5f1d8814ddaa", "PartyLogo": "https://storage.googleapis.com/candidate-thumbs/party/187.png", "CandididatePhoto": "https://storage.googleapis.com/candidate-thumbs/images/90-1-6.jpg"}, {"Unnamed: 0": 8073, "CandidateId": "9f08609d-abfe-4e0a-a8a5-f1add7a28fcf", "CandidateNo": 7, "FirstName": "นราเดช", "LastName": "คำทัปน์", "PartyName": "ภูมิใจไทย", "PartyNumber": 63, "Title": "นาย", "Votable": true, "province_id": 90, "province_name": "สงขลา", "zone_number": 1, "PartyTerminated": false, "Age": 60, "Occupation": "ธุรกิจส่วนตัว", "HighestEducation": "ปริญญาโท", "ImageFileId": "5c590cf7fbcb5f1d88146cc1", "SelfIntroduceFileId": "5c591187fbcb5f1d8814b069", "PartyLogo": "https://storage.googleapis.com/candidate-thumbs/party/63.png", "CandididatePhoto": "https://storage.googleapis.com/candidate-thumbs/images/90-1-7.jpg"}, {"Unnamed: 0": 8074, "CandidateId": "9e04b498-35ae-4cf3-a9e9-473c1f971986", "CandidateNo": 8, "FirstName": "วันชัย", "LastName": "ปริญญาศิริ", "PartyName": "พลังประชารัฐ", "PartyNumber": 192, "Title": "นาย", "Votable": true, "province_id": 90, "province_name": "สงขลา", "zone_number": 1, "PartyTerminated": false, "Age": 61, "Occupation": "กรรมการส่งเคราะห์การทำสวนยาง", "HighestEducation": "ปริญญาตรี", "ImageFileId": "5c57fc29fbcb5f1eec0f2802", "SelfIntroduceFileId": "5c57fe8dfbcb5f1eec0f4999", "PartyLogo": "https://storage.googleapis.com/candidate-thumbs/party/192.png", "CandididatePhoto": "https://storage.googleapis.com/candidate-thumbs/images/90-1-8.jpg"}, {"Unnamed: 0": 8075, "CandidateId": "adbb9b3f-539c-4fb2-b5ce-00b00ed5cee3", "CandidateNo": 9, "FirstName": "บันเทิง", "LastName": "สุวรรณมณี", "PartyName": "แผ่นดินธรรม", "PartyNumber": 188, "Title": "นาย", "Votable": true, "province_id": 90, "province_name": "สงขลา", "zone_number": 1, "PartyTerminated": false, "Age": 72, "Occupation": "ครูเอกชน", "HighestEducation": "ปริญญาตรี", "ImageFileId": "5c590a47fbcb5f1d88144530", "SelfIntroduceFileId": "5c590b78fbcb5f1d881456a8", "PartyLogo": "https://storage.googleapis.com/candidate-thumbs/party/188.png", "CandididatePhoto": "https://storage.googleapis.com/candidate-thumbs/images/90-1-9.jpg"}, {"Unnamed: 0": 8076, "CandidateId": "888e2e9f-9b83-49dd-a18f-9fa8f0b28ab7", "CandidateNo": 10, "FirstName": "สรรเพชญ", "LastName": "บุญญามณี", "PartyName": "ประชาธิปัตย์", "PartyNumber": 1, "Title": "นาย", "Votable": true, "province_id": 90, "province_name": "สงขลา", "zone_number": 1, "PartyTerminated": false, "Age": 29, "Occupation": "กรรมการผู้จัดการบริษัท สมิหลา โคลด์ สโตเรจ จำกัด", "HighestEducation": "ปริญญาโท", "ImageFileId": "5c59070efbcb5f1d88141ba4", "SelfIntroduceFileId": "5c5908d9fbcb5f1d88143112", "PartyLogo": "https://storage.googleapis.com/candidate-thumbs/party/1.png", "CandididatePhoto": "https://storage.googleapis.com/candidate-thumbs/images/90-1-10.jpg"}, {"Unnamed: 0": 8077, "CandidateId": "468cec17-d1a6-4d79-8ea9-f49b1d7a4004", "CandidateNo": 11, "FirstName": "ศักดา", "LastName": "แก้วมณี", "PartyName": "เพื่อธรรม", "PartyNumber": 98, "Title": "นาย", "Votable": true, "province_id": 90, "province_name": "สงขลา", "zone_number": 1, "PartyTerminated": false, "Age": 55, "Occupation": "ทนายความ", "HighestEducation": "ปริญญาตรี", "ImageFileId": "5c5904b7fbcb5f1d8813f9e7", "SelfIntroduceFileId": "5c590696fbcb5f1d8814139f", "PartyLogo": "https://storage.googleapis.com/candidate-thumbs/party/98.png", "CandididatePhoto": "https://storage.googleapis.com/candidate-thumbs/images/90-1-11.jpg"}, {"Unnamed: 0": 8078, "CandidateId": "ffbca1dd-4921-48ae-b0fa-e4d5720f2f49", "CandidateNo": 12, "FirstName": "ธารณ์เทพ", "LastName": "ขุนแก้ว", "PartyName": "ชาติไทยพัฒนา", "PartyNumber": 55, "Title": "นาย", "Votable": true, "province_id": 90, "province_name": "สงขลา", "zone_number": 1, "PartyTerminated": false, "Age": 53, "Occupation": "ทนายความ", "HighestEducation": "ปริญญาตรี", "ImageFileId": "5c580488fbcb5f1eec0f9f5c", "SelfIntroduceFileId": "5c58060afbcb5f1eec0fb2df", "PartyLogo": "https://storage.googleapis.com/candidate-thumbs/party/55.png", "CandididatePhoto": "https://storage.googleapis.com/candidate-thumbs/images/90-1-12.jpg"}, {"Unnamed: 0": 8079, "CandidateId": "bd5442ed-f7d8-4070-8a6e-008bdec1d7da", "CandidateNo": 13, "FirstName": "ภัทราวรรณ", "LastName": "ขำตรี", "PartyName": "คลองไทย", "PartyNumber": 189, "Title": "นาง", "Votable": true, "province_id": 90, "province_name": "สงขลา", "zone_number": 1, "PartyTerminated": false, "Age": 36, "Occupation": "ธุรกิจส่วนตัว", "HighestEducation": "ปริญญาตรี", "ImageFileId": "5c580225fbcb5f1eec0f7bf0", "SelfIntroduceFileId": "5c58041efbcb5f1eec0f97de", "PartyLogo": "https://storage.googleapis.com/candidate-thumbs/party/189.png", "CandididatePhoto": "https://storage.googleapis.com/candidate-thumbs/images/90-1-13.jpg"}, {"Unnamed: 0": 8080, "CandidateId": "ae566435-9946-4c89-880b-442e91cc4997", "CandidateNo": 14, "FirstName": "สำราญ", "LastName": "บุญเส้ง", "PartyName": "ไทยรักษาชาติ", "PartyNumber": 77, "Title": "นาย", "Votable": true, "province_id": 90, "province_name": "สงขลา", "zone_number": 1, "PartyTerminated": true, "Age": 57, "Occupation": "ทนายความ", "HighestEducation": "ปริญญาโท", "ImageFileId": "5c58012dfbcb5f1eec0f6aa5", "SelfIntroduceFileId": "5c5903fefbcb5f1d8813f2b8", "PartyLogo": "https://storage.googleapis.com/candidate-thumbs/party/77.png", "CandididatePhoto": "https://storage.googleapis.com/candidate-thumbs/images/90-1-14.jpg"}, {"Unnamed: 0": 8081, "CandidateId": "a8dc3bc9-844d-4c04-bc6c-f3c92920a01f", "CandidateNo": 15, "FirstName": "พินิจ", "LastName": "บินกาญจน์", "PartyName": "พลังธรรมใหม่", "PartyNumber": 175, "Title": "นาย", "Votable": true, "province_id": 90, "province_name": "สงขลา", "zone_number": 1, "PartyTerminated": false, "Age": 52, "Occupation": "สมาชิกกองอาสารักษาดินแดนอำเภอหาดใหญ่", "HighestEducation": "ต่ำกว่าปริญญาตรี", "ImageFileId": "5c57f251fbcb5f1eec0eb8cd", "SelfIntroduceFileId": "5c57f4cffbcb5f1eec0ed0f2", "PartyLogo": "https://storage.googleapis.com/candidate-thumbs/party/175.png", "CandididatePhoto": "https://storage.googleapis.com/candidate-thumbs/images/90-1-15.jpg"}, {"Unnamed: 0": 8082, "CandidateId": "bef5b02d-836a-46de-90c6-c0377925705f", "CandidateNo": 16, "FirstName": "เบญญาภา", "LastName": "บุญกำเหนิด", "PartyName": "ประชาภิวัฒน์", "PartyNumber": 172, "Title": "นางสาว", "Votable": true, "province_id": 90, "province_name": "สงขลา", "zone_number": 1, "PartyTerminated": false, "Age": 44, "Occupation": "ทำสวน", "HighestEducation": "ปริญญาตรี", "ImageFileId": "5c57ebf0fbcb5f1eec0e7b25", "SelfIntroduceFileId": "5c57f1e8fbcb5f1eec0eb287", "PartyLogo": "https://storage.googleapis.com/candidate-thumbs/party/172.png", "CandididatePhoto": "https://storage.googleapis.com/candidate-thumbs/images/90-1-16.jpg"}, {"Unnamed: 0": 8083, "CandidateId": "565953ea-8317-4d96-abbf-f875d3b28819", "CandidateNo": 17, "FirstName": "ชนะ", "LastName": "ชนะพล", "PartyName": "รักษ์ผืนป่าประเทศไทย", "PartyNumber": 133, "Title": "นาย", "Votable": true, "province_id": 90, "province_name": "สงขลา", "zone_number": 1, "PartyTerminated": false, "Age": 42, "Occupation": "ทนายความอิสระ", "HighestEducation": "ปริญญาตรี", "ImageFileId": "5c5d337efbcb5f0fd885dfb5", "SelfIntroduceFileId": "5c57fbedfbcb5f1eec0f23d0", "PartyLogo": "https://storage.googleapis.com/candidate-thumbs/party/133.png", "CandididatePhoto": "https://storage.googleapis.com/candidate-thumbs/images/90-1-17.jpg"}, {"Unnamed: 0": 8084, "CandidateId": "65da8111-c711-4256-bf02-1037e09d523b", "CandidateNo": 18, "FirstName": "ประจวบ", "LastName": "จันทร์เพ็ญ", "PartyName": "พลังปวงชนไทย", "PartyNumber": 184, "Title": "นาย", "Votable": true, "province_id": 90, "province_name": "สงขลา", "zone_number": 1, "PartyTerminated": false, "Age": 57, "Occupation": "ค้าขาย", "HighestEducation": "ต่ำกว่าปริญญาตรี", "ImageFileId": "5c58fd0ffbcb5f1d8813a037", "SelfIntroduceFileId": "5c58fe8efbcb5f1d8813af96", "PartyLogo": "https://storage.googleapis.com/candidate-thumbs/party/184.png", "CandididatePhoto": "https://storage.googleapis.com/candidate-thumbs/images/90-1-18.jpg"}, {"Unnamed: 0": 8085, "CandidateId": "40328fc8-e67a-4005-b77b-cd924f922d10", "CandidateNo": 19, "FirstName": "สุพิศ", "LastName": "วงศ์สุริยะ", "PartyName": "ภราดรภาพ", "PartyNumber": 154, "Title": "นาง", "Votable": true, "province_id": 90, "province_name": "สงขลา", "zone_number": 1, "PartyTerminated": false, "Age": 47, "Occupation": "ธุรกิจส่วนตัว", "HighestEducation": "ต่ำกว่าปริญญาตรี", "ImageFileId": "5c593b89fbcb5f1d88169fe5", "SelfIntroduceFileId": "5c593ddffbcb5f1d8816bdce", "PartyLogo": "https://storage.googleapis.com/candidate-thumbs/party/154.png", "CandididatePhoto": "https://storage.googleapis.com/candidate-thumbs/images/90-1-19.jpg"}, {"Unnamed: 0": 8086, "CandidateId": "ed90bfa6-a302-45d6-812f-aa488c878daf", "CandidateNo": 20, "FirstName": "ดาวนภา", "LastName": "เจริญภารพบ", "PartyName": "ประชาชนปฏิรูป", "PartyNumber": 176, "Title": "นางสาว", "Votable": true, "province_id": 90, "province_name": "สงขลา", "zone_number": 1, "PartyTerminated": false, "Age": 44, "Occupation": "ค้าขาย", "HighestEducation": "ต่ำกว่าปริญญาตรี", "ImageFileId": "5c594376fbcb5f1d881709cc", "SelfIntroduceFileId": "5c5a5d47fbcb5f19bca995fc", "PartyLogo": "https://storage.googleapis.com/candidate-thumbs/party/176.png", "CandididatePhoto": "https://storage.googleapis.com/candidate-thumbs/images/90-1-20.jpg"}, {"Unnamed: 0": 8087, "CandidateId": "fc0a136c-7f66-4080-a7df-a0ff5d571dd6", "CandidateNo": 21, "FirstName": "มณีกานต์", "LastName": "พยนต์ภาค", "PartyName": "เพื่อชาติ", "PartyNumber": 149, "Title": "นางสาว", "Votable": true, "province_id": 90, "province_name": "สงขลา", "zone_number": 1, "PartyTerminated": false, "Age": 36, "Occupation": "พนักงานของรัฐ", "HighestEducation": "ปริญญาตรี", "ImageFileId": "5c5a5919fbcb5f19bca9731c", "SelfIntroduceFileId": "5c5a5c1ffbcb5f19bca9899c", "PartyLogo": "https://storage.googleapis.com/candidate-thumbs/party/149.png", "CandididatePhoto": "https://storage.googleapis.com/candidate-thumbs/images/90-1-21.jpg"}, {"Unnamed: 0": 8088, "CandidateId": "98248b50-9c21-411f-9514-f6a25d72b059", "CandidateNo": 22, "FirstName": "ปฐม", "LastName": "บูรณะ", "PartyName": "เศรษฐกิจใหม่", "PartyNumber": 193, "Title": "นาย", "Votable": true, "province_id": 90, "province_name": "สงขลา", "zone_number": 1, "PartyTerminated": false, "Age": 62, "Occupation": "รับราชการครู", "HighestEducation": "ปริญญาโท", "ImageFileId": "5c5a61d2fbcb5f19bca9bc7c", "SelfIntroduceFileId": "5c5a6431fbcb5f19bca9d181", "PartyLogo": "https://storage.googleapis.com/candidate-thumbs/party/193.png", "CandididatePhoto": "https://storage.googleapis.com/candidate-thumbs/images/90-1-22.jpg"}, {"Unnamed: 0": 8089, "CandidateId": "91f800ef-5389-4c70-a957-7300e8e64d3a", "CandidateNo": 23, "FirstName": "ธนวัฒน์", "LastName": "ณ สงขลา", "PartyName": "ไทยศรีวิไลย์", "PartyNumber": 180, "Title": "นาย", "Votable": true, "province_id": 90, "province_name": "สงขลา", "zone_number": 1, "PartyTerminated": false, "Age": 52, "Occupation": "ธุรกิจส่วนตัว", "HighestEducation": "ต่ำกว่าปริญญาตรี", "ImageFileId": "5c5a7ee8fbcb5f19bcaa5c4c", "SelfIntroduceFileId": "5c5a812afbcb5f19bcaa6ce3", "PartyLogo": "https://storage.googleapis.com/candidate-thumbs/party/180.png", "CandididatePhoto": "https://storage.googleapis.com/candidate-thumbs/images/90-1-23.jpg"}, {"Unnamed: 0": 8090, "CandidateId": "353fecd5-32a3-4eb0-ab45-ed32f48e5605", "CandidateNo": 24, "FirstName": "นฤทธิ์", "LastName": "ดิสรพงค์", "PartyName": "พลังท้องถิ่นไท", "PartyNumber": 124, "Title": "นาย", "Votable": true, "province_id": 90, "province_name": "สงขลา", "zone_number": 1, "PartyTerminated": false, "Age": 57, "Occupation": "ทนายความ", "HighestEducation": "ปริญญาโท", "ImageFileId": "5c5a90d2fbcb5f19bcaae541", "SelfIntroduceFileId": "5c5a935ffbcb5f19bcaaf898", "PartyLogo": "https://storage.googleapis.com/candidate-thumbs/party/124.png", "CandididatePhoto": "https://storage.googleapis.com/candidate-thumbs/images/90-1-24.jpg"}, {"Unnamed: 0": 8091, "CandidateId": "9c8bb81d-1117-4313-b45e-c922aa977ee0", "CandidateNo": 25, "FirstName": "ภารวี", "LastName": "บัวทอง", "PartyName": "ครูไทยเพื่อประชาชน", "PartyNumber": 118, "Title": "นางสาว", "Votable": true, "province_id": 90, "province_name": "สงขลา", "zone_number": 1, "PartyTerminated": false, "Age": 39, "Occupation": "ผู้บริหารโรงเรียนกวดวิชาคิด-ดี ติวเตอร์", "HighestEducation": "ปริญญาโท", "ImageFileId": "5c5b95cffbcb5f16fc6545a8", "SelfIntroduceFileId": "5c5b9839fbcb5f16fc655540", "PartyLogo": "https://storage.googleapis.com/candidate-thumbs/party/118.png", "CandididatePhoto": "https://storage.googleapis.com/candidate-thumbs/images/90-1-25.jpg"}, {"Unnamed: 0": 8092, "CandidateId": "7dbafcfd-88fc-4e2f-a6db-b12d83469bb9", "CandidateNo": 26, "FirstName": "จำนง", "LastName": "วงศ์สว่าง", "PartyName": "พลังชาติไทย", "PartyNumber": 186, "Title": "ร้อยตำรวจเอก", "Votable": true, "province_id": 90, "province_name": "สงขลา", "zone_number": 1, "PartyTerminated": false, "Age": 59, "Occupation": "รับราชการตำรวจ", "HighestEducation": "ต่ำกว่าปริญญาตรี", "ImageFileId": "5c5b9d9dfbcb5f16fc656fa2", "SelfIntroduceFileId": "5c5ba017fbcb5f16fc6580ae", "PartyLogo": "https://storage.googleapis.com/candidate-thumbs/party/186.png", "CandididatePhoto": "https://storage.googleapis.com/candidate-thumbs/images/90-1-26.jpg"}, {"Unnamed: 0": 8093, "CandidateId": "6c926e87-ebdb-4ec2-a1b1-9fea7b42a87d", "CandidateNo": 27, "FirstName": "หย๊ะ", "LastName": "มะหะหมัด", "PartyName": "ถิ่นกาขาวชาววิไล", "PartyNumber": 129, "Title": "นาง", "Votable": true, "province_id": 90, "province_name": "สงขลา", "zone_number": 1, "PartyTerminated": false, "Age": 62, "Occupation": "ค้าขาย", "HighestEducation": "ต่ำกว่าปริญญาตรี", "ImageFileId": "5c5bd53ffbcb5f16fc66e23f", "SelfIntroduceFileId": "5c5bd6a0fbcb5f16fc66eb59", "PartyLogo": "https://storage.googleapis.com/candidate-thumbs/party/129.png", "CandididatePhoto": "https://storage.googleapis.com/candidate-thumbs/images/90-1-27.jpg"}, {"Unnamed: 0": 8094, "CandidateId": "e28e7c25-a2a8-420d-82cc-28f7839efaba", "CandidateNo": 28, "FirstName": "กฤชกร", "LastName": "บำรุงกรณ์", "PartyName": "มหาชน", "PartyNumber": 4, "Title": "นาย", "Votable": true, "province_id": 90, "province_name": "สงขลา", "zone_number": 1, "PartyTerminated": false, "Age": 34, "Occupation": "ธุรกิจส่วนตัว", "HighestEducation": "ปริญญาตรี", "ImageFileId": "5c5be080fbcb5f16fc674032", "SelfIntroduceFileId": "5c5be1dbfbcb5f16fc674b00", "PartyLogo": "https://storage.googleapis.com/candidate-thumbs/party/4.png", "CandididatePhoto": "https://storage.googleapis.com/candidate-thumbs/images/90-1-28.jpg"}, {"Unnamed: 0": 8095, "CandidateId": "88aff895-763f-4068-a2bd-3dfbbc97b2c1", "CandidateNo": 29, "FirstName": "อุดม", "LastName": "เสียงดัง", "PartyName": "พลังไทสร้างชาติ", "PartyNumber": 200, "Title": "นาย", "Votable": true, "province_id": 90, "province_name": "สงขลา", "zone_number": 1, "PartyTerminated": false, "Age": 57, "Occupation": "รับจ้าง", "HighestEducation": "ต่ำกว่าปริญญาตรี", "ImageFileId": "5c5d004afbcb5f0fd884863c", "SelfIntroduceFileId": "5c5d01fcfbcb5f0fd88490fe", "PartyLogo": "https://storage.googleapis.com/candidate-thumbs/party/200.png", "CandididatePhoto": "https://storage.googleapis.com/candidate-thumbs/images/90-1-29.jpg"}, {"Unnamed: 0": 8096, "CandidateId": "b9d921dc-8750-4fcb-bfe6-93f79135c393", "CandidateNo": 30, "FirstName": "ศิริวรรณ", "LastName": "พรัมรัตนพงศ์", "PartyName": "พลังสังคม", "PartyNumber": 198, "Title": "นางสาว", "Votable": true, "province_id": 90, "province_name": "สงขลา", "zone_number": 1, "PartyTerminated": false, "Age": 35, "Occupation": "ธุรกิจส่วนตัว", "HighestEducation": "ปริญญาตรี", "ImageFileId": "5c5d042cfbcb5f0fd884a525", "SelfIntroduceFileId": "5c5d0628fbcb5f0fd884b64b", "PartyLogo": "https://storage.googleapis.com/candidate-thumbs/party/198.png", "CandididatePhoto": "https://storage.googleapis.com/candidate-thumbs/images/90-1-30.jpg"}, {"Unnamed: 0": 8097, "CandidateId": "ba3dee3e-e0a8-4fb8-a1ac-d58d93610ee3", "CandidateNo": 31, "FirstName": "ปรีชา", "LastName": "คงมา", "PartyName": "พลเมืองไทย", "PartyNumber": 173, "Title": "นาย", "Votable": true, "province_id": 90, "province_name": "สงขลา", "zone_number": 1, "PartyTerminated": false, "Age": 53, "Occupation": "ธุรกิจส่วนตัว", "HighestEducation": "ต่ำกว่าปริญญาตรี", "ImageFileId": "5c5d17bffbcb5f0fd8850b52", "SelfIntroduceFileId": "5c5d1b34fbcb5f0fd8851c4b", "PartyLogo": "https://storage.googleapis.com/candidate-thumbs/party/173.png", "CandididatePhoto": "https://storage.googleapis.com/candidate-thumbs/images/90-1-31.jpg"}, {"Unnamed: 0": 8098, "CandidateId": "6f9027cb-580e-472d-9a1b-150ff0c7173f", "CandidateNo": 32, "FirstName": "สุทิน", "LastName": "มุสิกะ", "PartyName": "คนงานไทย", "PartyNumber": 215, "Title": "นาย", "Votable": false, "province_id": 90, "province_name": "สงขลา", "zone_number": 1, "PartyTerminated": false, "Age": 59, "Occupation": "ประมง", "HighestEducation": "ต่ำกว่าปริญญาตรี", "ImageFileId": "5c5d1e52fbcb5f0fd88530b6", "SelfIntroduceFileId": "5c5d202bfbcb5f0fd885427f", "PartyLogo": "https://storage.googleapis.com/candidate-thumbs/party/215.png", "CandididatePhoto": "https://storage.googleapis.com/candidate-thumbs/images/90-1-32.jpg"}, {"Unnamed: 0": 8099, "CandidateId": "67b14f9a-22f4-4af3-8aca-2591a77b76a7", "CandidateNo": 33, "FirstName": "อภิศักดิ์", "LastName": "นุ้ยหล๊ะ", "PartyName": "ประชาธรรมไทย", "PartyNumber": 190, "Title": "นาย", "Votable": true, "province_id": 90, "province_name": "สงขลา", "zone_number": 1, "PartyTerminated": false, "Age": 36, "Occupation": "ร้านอาหาร", "HighestEducation": "ต่ำกว่าปริญญาตรี", "ImageFileId": "5c5d255cfbcb5f0fd8856915", "SelfIntroduceFileId": "5c5d27bbfbcb5f0fd8857bd1", "PartyLogo": "https://storage.googleapis.com/candidate-thumbs/party/190.png", "CandididatePhoto": "https://storage.googleapis.com/candidate-thumbs/images/90-1-33.jpg"}, {"Unnamed: 0": 8100, "CandidateId": "a98ef7b1-ae6f-4c17-b46d-8efe90d72e13", "CandidateNo": 34, "FirstName": "บุญลภ", "LastName": "จิ้วจันทร์", "PartyName": "ไทรักธรรม", "PartyNumber": 144, "Title": "นาย", "Votable": true, "province_id": 90, "province_name": "สงขลา", "zone_number": 1, "PartyTerminated": false, "Age": 55, "Occupation": "ธุรกิจส่วนตัว", "HighestEducation": "ต่ำกว่าปริญญาตรี", "ImageFileId": "5c5d433ffbcb5f0fd8866fb0", "SelfIntroduceFileId": "5c5d44d2fbcb5f0fd886824b", "PartyLogo": "https://storage.googleapis.com/candidate-thumbs/party/144.png", "CandididatePhoto": "https://storage.googleapis.com/candidate-thumbs/images/90-1-34.jpg"}]