[{"Unnamed: 0": 2346, "CandidateId": "295bc82f-291b-4dd5-a4b2-7e212830ae94", "CandidateNo": 1, "FirstName": "องอาจ", "LastName": "วงษ์ประยูร", "PartyName": "เพื่อไทย", "PartyNumber": 34, "Title": "นาย", "Votable": true, "province_id": 19, "province_name": "สระบุรี", "zone_number": 3, "PartyTerminated": false, "Age": 57, "Occupation": "นักการเมือง", "HighestEducation": "ปริญญาโท", "ImageFileId": "5c5901bdfbcb5f1d8813d96d", "SelfIntroduceFileId": "5c57f981fbcb5f1eec0eff43", "PartyLogo": "https://storage.googleapis.com/candidate-thumbs/party/34.png", "CandididatePhoto": "https://storage.googleapis.com/candidate-thumbs/images/19-3-1.jpg"}, {"Unnamed: 0": 2347, "CandidateId": "bd794c0f-0f6a-42e6-935a-1851210991a7", "CandidateNo": 2, "FirstName": "ทิวุฒิ", "LastName": "บุญเกื้อ", "PartyName": "รวมพลังประชาชาติไทย", "PartyNumber": 181, "Title": "นาย", "Votable": true, "province_id": 19, "province_name": "สระบุรี", "zone_number": 3, "PartyTerminated": false, "Age": 40, "Occupation": "นายหน้าซื้อขายรถยนต์มือ2", "HighestEducation": "ปริญญาตรี", "ImageFileId": "5c57fa04fbcb5f1eec0f08e2", "SelfIntroduceFileId": "5c57fd39fbcb5f1eec0f36be", "PartyLogo": "https://storage.googleapis.com/candidate-thumbs/party/181.png", "CandididatePhoto": "https://storage.googleapis.com/candidate-thumbs/images/19-3-2.jpg"}, {"Unnamed: 0": 2348, "CandidateId": "e5b6f0fd-a6f3-4388-ad57-b697c86b7c00", "CandidateNo": 3, "FirstName": "วัชรพงศ์", "LastName": "คูวิจิตรสุวรรณ", "PartyName": "ภูมิใจไทย", "PartyNumber": 63, "Title": "นาย", "Votable": true, "province_id": 19, "province_name": "สระบุรี", "zone_number": 3, "PartyTerminated": false, "Age": 45, "Occupation": "ธุรกิจส่วนตัว", "HighestEducation": "ปริญญาโท", "ImageFileId": "5c57fdb4fbcb5f1eec0f3ec5", "SelfIntroduceFileId": "5c580053fbcb5f1eec0f5f9b", "PartyLogo": "https://storage.googleapis.com/candidate-thumbs/party/63.png", "CandididatePhoto": "https://storage.googleapis.com/candidate-thumbs/images/19-3-3.jpg"}, {"Unnamed: 0": 2349, "CandidateId": "a2670508-982b-4b86-b657-91be2da2503e", "CandidateNo": 4, "FirstName": "กฤษณ์ขจร", "LastName": "เจริญลาภ", "PartyName": "เสรีรวมไทย", "PartyNumber": 145, "Title": "นาย", "Votable": true, "province_id": 19, "province_name": "สระบุรี", "zone_number": 3, "PartyTerminated": false, "Age": 61, "Occupation": "รับราชการ", "HighestEducation": "ปริญญาตรี", "ImageFileId": "5c5900e5fbcb5f1d8813ceff", "SelfIntroduceFileId": "5c580515fbcb5f1eec0fa676", "PartyLogo": "https://storage.googleapis.com/candidate-thumbs/party/145.png", "CandididatePhoto": "https://storage.googleapis.com/candidate-thumbs/images/19-3-4.jpg"}, {"Unnamed: 0": 2350, "CandidateId": "49bed149-e729-4610-8eba-81d2de27968d", "CandidateNo": 5, "FirstName": "วีรพล", "LastName": "ถนอมพิชัย", "PartyName": "พลังท้องถิ่นไท", "PartyNumber": 124, "Title": "นาย", "Votable": true, "province_id": 19, "province_name": "สระบุรี", "zone_number": 3, "PartyTerminated": false, "Age": 56, "Occupation": "รับเหมาก่อสร้าง", "HighestEducation": "ปริญญาตรี", "ImageFileId": "5c590168fbcb5f1d8813d3f5", "SelfIntroduceFileId": "5c581541fbcb5f1eec105a7a", "PartyLogo": "https://storage.googleapis.com/candidate-thumbs/party/124.png", "CandididatePhoto": "https://storage.googleapis.com/candidate-thumbs/images/19-3-5.jpg"}, {"Unnamed: 0": 2351, "CandidateId": "1f454a1c-a9a3-4205-b573-b7ac7e39296a", "CandidateNo": 6, "FirstName": "ชูศักดิ์", "LastName": "จึงพานิช", "PartyName": "ประชาธิปัตย์", "PartyNumber": 1, "Title": "นาย", "Votable": true, "province_id": 19, "province_name": "สระบุรี", "zone_number": 3, "PartyTerminated": false, "Age": 56, "Occupation": "ธุรกิจ", "HighestEducation": "ปริญญาเอก", "ImageFileId": "5c581694fbcb5f1eec10651e", "SelfIntroduceFileId": "5c5816fcfbcb5f1eec106835", "PartyLogo": "https://storage.googleapis.com/candidate-thumbs/party/1.png", "CandididatePhoto": "https://storage.googleapis.com/candidate-thumbs/images/19-3-6.jpg"}, {"Unnamed: 0": 2352, "CandidateId": "c96364fc-2c75-4b6e-b9c0-19e8fdeb9fb4", "CandidateNo": 7, "FirstName": "เจษฎา", "LastName": "สุนาวี", "PartyName": "สยามพัฒนา", "PartyNumber": 182, "Title": "นาย", "Votable": true, "province_id": 19, "province_name": "สระบุรี", "zone_number": 3, "PartyTerminated": false, "Age": 64, "Occupation": "ข้าราชการครู", "HighestEducation": "ปริญญาตรี", "ImageFileId": "5c590236fbcb5f1d8813df18", "SelfIntroduceFileId": "5c581164fbcb5f1eec1039e5", "PartyLogo": "https://storage.googleapis.com/candidate-thumbs/party/182.png", "CandididatePhoto": "https://storage.googleapis.com/candidate-thumbs/images/19-3-7.jpg"}, {"Unnamed: 0": 2353, "CandidateId": "14517745-d6b0-4060-949e-14ef698005a1", "CandidateNo": 8, "FirstName": "ภานุวัฒน์", "LastName": "แสงเรือง", "PartyName": "ชาติพัฒนา", "PartyNumber": 45, "Title": "นาย", "Votable": true, "province_id": 19, "province_name": "สระบุรี", "zone_number": 3, "PartyTerminated": false, "Age": 63, "Occupation": "ธุรกิจส่วนตัว", "HighestEducation": "ปริญญาตรี", "ImageFileId": "5c590355fbcb5f1d8813ee27", "SelfIntroduceFileId": "5c580fd0fbcb5f1eec102b32", "PartyLogo": "https://storage.googleapis.com/candidate-thumbs/party/45.png", "CandididatePhoto": "https://storage.googleapis.com/candidate-thumbs/images/19-3-8.jpg"}, {"Unnamed: 0": 2354, "CandidateId": "259f9a76-dec2-4bfb-bf5a-72a111489887", "CandidateNo": 9, "FirstName": "ปริญญา", "LastName": "วันทา", "PartyName": "พลังประชารัฐ", "PartyNumber": 192, "Title": "นาย", "Votable": true, "province_id": 19, "province_name": "สระบุรี", "zone_number": 3, "PartyTerminated": false, "Age": 58, "Occupation": "นักธุรกิจด้านสังหาริมทรัพย์", "HighestEducation": "ปริญญาตรี", "ImageFileId": "5c59047cfbcb5f1d8813f766", "SelfIntroduceFileId": "5c580c49fbcb5f1eec1001c0", "PartyLogo": "https://storage.googleapis.com/candidate-thumbs/party/192.png", "CandididatePhoto": "https://storage.googleapis.com/candidate-thumbs/images/19-3-9.jpg"}, {"Unnamed: 0": 2355, "CandidateId": "ccef1d46-46f0-4846-8ef8-055fa0f729c0", "CandidateNo": 10, "FirstName": "อิสระชัย", "LastName": "บุษบงค์", "PartyName": "พลังชาติไทย", "PartyNumber": 186, "Title": "นาย", "Votable": true, "province_id": 19, "province_name": "สระบุรี", "zone_number": 3, "PartyTerminated": false, "Age": 67, "Occupation": "เกษตรกร", "HighestEducation": "ต่ำกว่าปริญญาตรี", "ImageFileId": "5c59055efbcb5f1d88140357", "SelfIntroduceFileId": "5c580ddcfbcb5f1eec1013a3", "PartyLogo": "https://storage.googleapis.com/candidate-thumbs/party/186.png", "CandididatePhoto": "https://storage.googleapis.com/candidate-thumbs/images/19-3-10.jpg"}, {"Unnamed: 0": 2356, "CandidateId": "0a802779-3900-4b1a-bf52-0730c28b968e", "CandidateNo": 11, "FirstName": "ถวิล", "LastName": "อนันตมี", "PartyName": "เศรษฐกิจใหม่", "PartyNumber": 193, "Title": "นาย", "Votable": true, "province_id": 19, "province_name": "สระบุรี", "zone_number": 3, "PartyTerminated": false, "Age": 63, "Occupation": "ทำนา", "HighestEducation": "ต่ำกว่าปริญญาตรี", "ImageFileId": "5c5905fffbcb5f1d88140b45", "SelfIntroduceFileId": "5c580a21fbcb5f1eec0fe703", "PartyLogo": "https://storage.googleapis.com/candidate-thumbs/party/193.png", "CandididatePhoto": "https://storage.googleapis.com/candidate-thumbs/images/19-3-11.jpg"}, {"Unnamed: 0": 2357, "CandidateId": "644892c0-200f-47b8-8e41-80937074ecb1", "CandidateNo": 12, "FirstName": "สุกมล", "LastName": "ถนอมพิชัย", "PartyName": "รักษ์ผืนป่าประเทศไทย", "PartyNumber": 133, "Title": "ร้อยตรี", "Votable": true, "province_id": 19, "province_name": "สระบุรี", "zone_number": 3, "PartyTerminated": false, "Age": 66, "Occupation": "ข้าราชการบำนาญ", "HighestEducation": "ต่ำกว่าปริญญาตรี", "ImageFileId": "5c59071efbcb5f1d88141c58", "SelfIntroduceFileId": "5c5808b2fbcb5f1eec0fd8bf", "PartyLogo": "https://storage.googleapis.com/candidate-thumbs/party/133.png", "CandididatePhoto": "https://storage.googleapis.com/candidate-thumbs/images/19-3-12.jpg"}, {"Unnamed: 0": 2358, "CandidateId": "e8b305a4-6897-4aab-b241-ac6e79230401", "CandidateNo": 13, "FirstName": "พนมศิลป์", "LastName": "ก้อนศิลา", "PartyName": "อนาคตใหม่", "PartyNumber": 177, "Title": "สิบตำรวจเอก", "Votable": true, "province_id": 19, "province_name": "สระบุรี", "zone_number": 3, "PartyTerminated": false, "Age": 53, "Occupation": "สมาชิกสภาองค์การบริหารส่วนจังหวัด", "HighestEducation": "ต่ำกว่าปริญญาตรี", "ImageFileId": "5c59076dfbcb5f1d881420b5", "SelfIntroduceFileId": "5c5819aefbcb5f1eec107a7d", "PartyLogo": "https://storage.googleapis.com/candidate-thumbs/party/177.png", "CandididatePhoto": "https://storage.googleapis.com/candidate-thumbs/images/19-3-13.jpg"}, {"Unnamed: 0": 2359, "CandidateId": "b1e815da-10fd-4bb8-a277-9005770a31f2", "CandidateNo": 14, "FirstName": "ปรีชา", "LastName": "แจ้งประดิษฐ์", "PartyName": "ประชานิยม", "PartyNumber": 191, "Title": "นาย", "Votable": true, "province_id": 19, "province_name": "สระบุรี", "zone_number": 3, "PartyTerminated": false, "Age": 63, "Occupation": "ข้าราชการครู", "HighestEducation": "ปริญญาโท", "ImageFileId": "5c651919fbcb5f1b4c4cb144", "SelfIntroduceFileId": "5c59441cfbcb5f1d881711c9", "PartyLogo": "https://storage.googleapis.com/candidate-thumbs/party/191.png", "CandididatePhoto": "https://storage.googleapis.com/candidate-thumbs/images/19-3-14.jpg"}, {"Unnamed: 0": 2360, "CandidateId": "f7d769fd-8956-4abf-ac8d-1c522fc9d8ad", "CandidateNo": 15, "FirstName": "กฤษฎิ์ธนัช", "LastName": "พิมทอง", "PartyName": "ประชาภิวัฒน์", "PartyNumber": 172, "Title": "นาย", "Votable": true, "province_id": 19, "province_name": "สระบุรี", "zone_number": 3, "PartyTerminated": false, "Age": 52, "Occupation": "การเมืองท้องถิ่น รองนายก อบต.", "HighestEducation": "ปริญญาตรี", "ImageFileId": "5c594461fbcb5f1d88171539", "SelfIntroduceFileId": "5c594602fbcb5f1d88172b9c", "PartyLogo": "https://storage.googleapis.com/candidate-thumbs/party/172.png", "CandididatePhoto": "https://storage.googleapis.com/candidate-thumbs/images/19-3-15.jpg"}, {"Unnamed: 0": 2361, "CandidateId": "948d637d-82a4-43ad-833a-6574fe392a1a", "CandidateNo": 16, "FirstName": "มนตรี", "LastName": "ยอดมณี", "PartyName": "ไทยศรีวิไลย์", "PartyNumber": 180, "Title": "นาย", "Votable": true, "province_id": 19, "province_name": "สระบุรี", "zone_number": 3, "PartyTerminated": false, "Age": 56, "Occupation": "รับจ้าง/ค้าขาย", "HighestEducation": "ปริญญาตรี", "ImageFileId": "5c5959f2fbcb5f1d88180b8a", "SelfIntroduceFileId": "5c595bddfbcb5f1d88181539", "PartyLogo": "https://storage.googleapis.com/candidate-thumbs/party/180.png", "CandididatePhoto": "https://storage.googleapis.com/candidate-thumbs/images/19-3-16.jpg"}, {"Unnamed: 0": 2362, "CandidateId": "3e721b66-1f79-4c2f-bbe1-d51342a489da", "CandidateNo": 17, "FirstName": "ปกาศิต", "LastName": "หลากสุขถม", "PartyName": "ชาติไทยพัฒนา", "PartyNumber": 55, "Title": "นาย", "Votable": true, "province_id": 19, "province_name": "สระบุรี", "zone_number": 3, "PartyTerminated": false, "Age": 48, "Occupation": "ธุรกิจส่วนตัว", "HighestEducation": "ต่ำกว่าปริญญาตรี", "ImageFileId": "5c5a960cfbcb5f19bcab0756", "SelfIntroduceFileId": "5c5a9792fbcb5f19bcab0f35", "PartyLogo": "https://storage.googleapis.com/candidate-thumbs/party/55.png", "CandididatePhoto": "https://storage.googleapis.com/candidate-thumbs/images/19-3-17.jpg"}, {"Unnamed: 0": 2363, "CandidateId": "b4bc1a90-8c49-4f0b-9fe8-9bd0318d64e2", "CandidateNo": 18, "FirstName": "วิรัช", "LastName": "สืบจุ้ย", "PartyName": "ครูไทยเพื่อประชาชน", "PartyNumber": 118, "Title": "นาย", "Votable": true, "province_id": 19, "province_name": "สระบุรี", "zone_number": 3, "PartyTerminated": false, "Age": 61, "Occupation": "ผู้อำนวยการโรงเรียน", "HighestEducation": "ปริญญาโท", "ImageFileId": "5c5ba7f9fbcb5f16fc65b9af", "SelfIntroduceFileId": "5c5baa40fbcb5f16fc65c83d", "PartyLogo": "https://storage.googleapis.com/candidate-thumbs/party/118.png", "CandididatePhoto": "https://storage.googleapis.com/candidate-thumbs/images/19-3-18.jpg"}, {"Unnamed: 0": 2364, "CandidateId": "940b6908-e537-4d40-9b14-547625446768", "CandidateNo": 19, "FirstName": "วิชมัย", "LastName": "คีรีเวช", "PartyName": "เครือข่ายชาวนาแห่งประเทศไทย", "PartyNumber": 22, "Title": "นางสาว", "Votable": true, "province_id": 19, "province_name": "สระบุรี", "zone_number": 3, "PartyTerminated": false, "Age": 63, "Occupation": "เกษตรกร", "HighestEducation": "ต่ำกว่าปริญญาตรี", "ImageFileId": "5c5bbde2fbcb5f16fc665c4f", "SelfIntroduceFileId": "5c5bbf33fbcb5f16fc6662b3", "PartyLogo": "https://storage.googleapis.com/candidate-thumbs/party/22.png", "CandididatePhoto": "https://storage.googleapis.com/candidate-thumbs/images/19-3-19.jpg"}, {"Unnamed: 0": 2365, "CandidateId": "ef0d7971-96df-47de-a36b-993018d4dda5", "CandidateNo": 20, "FirstName": "รังสรรค์", "LastName": "หนูฉิม", "PartyName": "พลังไทสร้างชาติ", "PartyNumber": 200, "Title": "นาย", "Votable": true, "province_id": 19, "province_name": "สระบุรี", "zone_number": 3, "PartyTerminated": false, "Age": 55, "Occupation": "ธุรกิจส่วนตัว", "HighestEducation": "ต่ำกว่าปริญญาตรี", "ImageFileId": "5c5bd69bfbcb5f16fc66eb26", "SelfIntroduceFileId": "5c5bd983fbcb5f16fc670412", "PartyLogo": "https://storage.googleapis.com/candidate-thumbs/party/200.png", "CandididatePhoto": "https://storage.googleapis.com/candidate-thumbs/images/19-3-20.jpg"}, {"Unnamed: 0": 2366, "CandidateId": "e4d3c6ca-a781-4c95-a21e-0584168561f6", "CandidateNo": 21, "FirstName": "บารมี", "LastName": "เจริญพรสีมากุล", "PartyName": "เพื่อชาติ", "PartyNumber": 149, "Title": "นาย", "Votable": true, "province_id": 19, "province_name": "สระบุรี", "zone_number": 3, "PartyTerminated": false, "Age": 59, "Occupation": "รับจ้างทั่วไป", "HighestEducation": "ต่ำกว่าปริญญาตรี", "ImageFileId": "5c5d0242fbcb5f0fd8849668", "SelfIntroduceFileId": "5c5d02abfbcb5f0fd8849a28", "PartyLogo": "https://storage.googleapis.com/candidate-thumbs/party/149.png", "CandididatePhoto": "https://storage.googleapis.com/candidate-thumbs/images/19-3-21.jpg"}, {"Unnamed: 0": 2367, "CandidateId": "0a445253-343b-4290-9b0a-02f21047bdfd", "CandidateNo": 22, "FirstName": "สันติ", "LastName": "ศิริเมือง", "PartyName": "ประชาชนปฏิรูป", "PartyNumber": 176, "Title": "นาย", "Votable": true, "province_id": 19, "province_name": "สระบุรี", "zone_number": 3, "PartyTerminated": false, "Age": 61, "Occupation": "รับจ้าง", "HighestEducation": "ต่ำกว่าปริญญาตรี", "ImageFileId": "5c5d2bebfbcb5f0fd8859e6d", "SelfIntroduceFileId": "5c5d2d62fbcb5f0fd885aad4", "PartyLogo": "https://storage.googleapis.com/candidate-thumbs/party/176.png", "CandididatePhoto": "https://storage.googleapis.com/candidate-thumbs/images/19-3-22.jpg"}, {"Unnamed: 0": 2368, "CandidateId": "22151ed4-2e7f-4b43-9237-c0d348c3cc09", "CandidateNo": 23, "FirstName": "อลิสา", "LastName": "เยาวพงษ์", "PartyName": "พลังรัก", "PartyNumber": 195, "Title": "นาง", "Votable": true, "province_id": 19, "province_name": "สระบุรี", "zone_number": 3, "PartyTerminated": false, "Age": 54, "Occupation": "รับจ้าง", "HighestEducation": "ปริญญาตรี", "ImageFileId": "5c5d2dd7fbcb5f0fd885b173", "SelfIntroduceFileId": "5c5d2f1efbcb5f0fd885baea", "PartyLogo": "https://storage.googleapis.com/candidate-thumbs/party/195.png", "CandididatePhoto": "https://storage.googleapis.com/candidate-thumbs/images/19-3-23.jpg"}, {"Unnamed: 0": 2369, "CandidateId": "d1a5d505-1de3-449d-9bb2-770cce676c38", "CandidateNo": 24, "FirstName": "สมเกียรติ", "LastName": "สีแสง", "PartyName": "ไทรักธรรม", "PartyNumber": 144, "Title": "นาย", "Votable": true, "province_id": 19, "province_name": "สระบุรี", "zone_number": 3, "PartyTerminated": false, "Age": 52, "Occupation": "ค้าขาย รับจ้างทั่วไป", "HighestEducation": "ต่ำกว่าปริญญาตรี", "ImageFileId": "5c650065fbcb5f1b4c4c9ac4", "SelfIntroduceFileId": "5c5d5902fbcb5f0fd8876d8b", "PartyLogo": "https://storage.googleapis.com/candidate-thumbs/party/144.png", "CandididatePhoto": "https://storage.googleapis.com/candidate-thumbs/images/19-3-24.jpg"}]