[{"Unnamed: 0": 8101, "CandidateId": "09350208-b22c-431f-92ca-f951ee53dfb9", "CandidateNo": 1, "FirstName": "เสรีย์", "LastName": "นวลเพ็ง", "PartyName": "ไทยรักษาชาติ", "PartyNumber": 77, "Title": "ว่าที่ร้อยตรี", "Votable": true, "province_id": 90, "province_name": "สงขลา", "zone_number": 2, "PartyTerminated": true, "Age": 63, "Occupation": "นักการเมืองท้องถิ่น", "HighestEducation": "ปริญญาตรี", "ImageFileId": "5c59079ffbcb5f1d88142237", "SelfIntroduceFileId": "5c590b28fbcb5f1d88145327", "PartyLogo": "https://storage.googleapis.com/candidate-thumbs/party/77.png", "CandididatePhoto": "https://storage.googleapis.com/candidate-thumbs/images/90-2-1.jpg"}, {"Unnamed: 0": 8102, "CandidateId": "c798bccf-8a00-4bb8-b1d8-b2bb6371f46f", "CandidateNo": 2, "FirstName": "จำนง", "LastName": "มหิตพงษ์", "PartyName": "ประชาชาติ", "PartyNumber": 187, "Title": "นาย", "Votable": true, "province_id": 90, "province_name": "สงขลา", "zone_number": 2, "PartyTerminated": false, "Age": 67, "Occupation": "ธุรกิจส่วนตัว", "HighestEducation": "ปริญญาโท", "ImageFileId": "5c590e40fbcb5f1d88147da9", "SelfIntroduceFileId": "5c590fc6fbcb5f1d881495c9", "PartyLogo": "https://storage.googleapis.com/candidate-thumbs/party/187.png", "CandididatePhoto": "https://storage.googleapis.com/candidate-thumbs/images/90-2-2.jpg"}, {"Unnamed: 0": 8103, "CandidateId": "6d635045-235a-47ff-8723-647c02c2631b", "CandidateNo": 3, "FirstName": "ประนอม", "LastName": "ละอองแก้ว", "PartyName": "ชาติพัฒนา", "PartyNumber": 45, "Title": "นาย", "Votable": true, "province_id": 90, "province_name": "สงขลา", "zone_number": 2, "PartyTerminated": false, "Age": 42, "Occupation": "อาจารย์ผู้สอน", "HighestEducation": "ปริญญาตรี", "ImageFileId": "5c57fd4cfbcb5f1eec0f37ef", "SelfIntroduceFileId": "5c57fe95fbcb5f1eec0f4a27", "PartyLogo": "https://storage.googleapis.com/candidate-thumbs/party/45.png", "CandididatePhoto": "https://storage.googleapis.com/candidate-thumbs/images/90-2-3.jpg"}, {"Unnamed: 0": 8104, "CandidateId": "62bd21cc-217c-4aad-a0a2-637db669e5c3", "CandidateNo": 4, "FirstName": "ศาสตรา", "LastName": "ศรีปาน", "PartyName": "พลังประชารัฐ", "PartyNumber": 192, "Title": "นาย", "Votable": true, "province_id": 90, "province_name": "สงขลา", "zone_number": 2, "PartyTerminated": false, "Age": 36, "Occupation": "ธุรกิจส่วนตัวและครูสอนภาษาอังกฤษ", "HighestEducation": "ปริญญาตรี", "ImageFileId": "5c58f0dffbcb5f1d88132807", "SelfIntroduceFileId": "5c58f503fbcb5f1d88134da2", "PartyLogo": "https://storage.googleapis.com/candidate-thumbs/party/192.png", "CandididatePhoto": "https://storage.googleapis.com/candidate-thumbs/images/90-2-4.jpg"}, {"Unnamed: 0": 8105, "CandidateId": "7939ae03-8f9d-4f63-88b0-59e586721605", "CandidateNo": 5, "FirstName": "ภิรพล", "LastName": "ลาภาโรจน์กิจ", "PartyName": "ประชาธิปัตย์", "PartyNumber": 1, "Title": "นาย", "Votable": true, "province_id": 90, "province_name": "สงขลา", "zone_number": 2, "PartyTerminated": false, "Age": 42, "Occupation": "พนักงานบริษัท", "HighestEducation": "ปริญญาโท", "ImageFileId": "5c58ebd0fbcb5f1d881300ca", "SelfIntroduceFileId": "5c58ef20fbcb5f1d8813166a", "PartyLogo": "https://storage.googleapis.com/candidate-thumbs/party/1.png", "CandididatePhoto": "https://storage.googleapis.com/candidate-thumbs/images/90-2-5.jpg"}, {"Unnamed: 0": 8106, "CandidateId": "7cb2faf7-3fcc-4e5f-af0e-777610b182a8", "CandidateNo": 6, "FirstName": "เจษฎาพงศ์", "LastName": "ชูแก้ว", "PartyName": "ภูมิใจไทย", "PartyNumber": 63, "Title": "นาย", "Votable": true, "province_id": 90, "province_name": "สงขลา", "zone_number": 2, "PartyTerminated": false, "Age": 41, "Occupation": "สมาชิกสภาองค์การบริหารส่วนจังหวัดสงขลา", "HighestEducation": "ปริญญาโท", "ImageFileId": "5c592e4bfbcb5f1d8815e628", "SelfIntroduceFileId": "5c5930dafbcb5f1d88160c20", "PartyLogo": "https://storage.googleapis.com/candidate-thumbs/party/63.png", "CandididatePhoto": "https://storage.googleapis.com/candidate-thumbs/images/90-2-6.jpg"}, {"Unnamed: 0": 8107, "CandidateId": "1b98a15e-af1b-4325-b274-9b73ff25e4dd", "CandidateNo": 7, "FirstName": "นิพัทธ์ภารดากาล", "LastName": "ศิริรัตน์", "PartyName": "รวมพลังประชาชาติไทย", "PartyNumber": 181, "Title": "นาย", "Votable": true, "province_id": 90, "province_name": "สงขลา", "zone_number": 2, "PartyTerminated": false, "Age": 58, "Occupation": "ทนายความ", "HighestEducation": "ปริญญาตรี", "ImageFileId": "5c593404fbcb5f1d881635b3", "SelfIntroduceFileId": "5c593564fbcb5f1d88164789", "PartyLogo": "https://storage.googleapis.com/candidate-thumbs/party/181.png", "CandididatePhoto": "https://storage.googleapis.com/candidate-thumbs/images/90-2-7.jpg"}, {"Unnamed: 0": 8108, "CandidateId": "58f22040-f533-4d27-8be0-1108b15c54fa", "CandidateNo": 8, "FirstName": "เบญญาภรณ์", "LastName": "บุญโรจน์พงศ์", "PartyName": "คลองไทย", "PartyNumber": 189, "Title": "นางสาว", "Votable": true, "province_id": 90, "province_name": "สงขลา", "zone_number": 2, "PartyTerminated": false, "Age": 29, "Occupation": "พนักงานบริษัท", "HighestEducation": "ปริญญาตรี", "ImageFileId": "5c5936d2fbcb5f1d88165a89", "SelfIntroduceFileId": "5c59380dfbcb5f1d88167146", "PartyLogo": "https://storage.googleapis.com/candidate-thumbs/party/189.png", "CandididatePhoto": "https://storage.googleapis.com/candidate-thumbs/images/90-2-8.jpg"}, {"Unnamed: 0": 8109, "CandidateId": "b2370755-ba20-4b13-9fc5-3c8f05171f62", "CandidateNo": 9, "FirstName": "อัครพล", "LastName": "ทองพูน", "PartyName": "อนาคตใหม่", "PartyNumber": 177, "Title": "นาย", "Votable": true, "province_id": 90, "province_name": "สงขลา", "zone_number": 2, "PartyTerminated": false, "Age": 28, "Occupation": "ธุรกิจส่วนตัว", "HighestEducation": "ปริญญาโท", "ImageFileId": "5c57f0eafbcb5f1eec0eaab5", "SelfIntroduceFileId": "5c57fcddfbcb5f1eec0f30b9", "PartyLogo": "https://storage.googleapis.com/candidate-thumbs/party/177.png", "CandididatePhoto": "https://storage.googleapis.com/candidate-thumbs/images/90-2-9.jpg"}, {"Unnamed: 0": 8110, "CandidateId": "72a1771c-53e3-434c-b5ef-1ac5300074c1", "CandidateNo": 10, "FirstName": "ชาญธาดา", "LastName": "ปวินท์ธนาธร", "PartyName": "เสรีรวมไทย", "PartyNumber": 145, "Title": "นาย", "Votable": true, "province_id": 90, "province_name": "สงขลา", "zone_number": 2, "PartyTerminated": false, "Age": 53, "Occupation": "ธุรกิจส่วนตัว", "HighestEducation": "ปริญญาตรี", "ImageFileId": "5c5a803ffbcb5f19bcaa66af", "SelfIntroduceFileId": "5c57ee41fbcb5f1eec0e9221", "PartyLogo": "https://storage.googleapis.com/candidate-thumbs/party/145.png", "CandididatePhoto": "https://storage.googleapis.com/candidate-thumbs/images/90-2-10.jpg"}, {"Unnamed: 0": 8111, "CandidateId": "a886846c-39a3-41d6-aeda-b646940a43d0", "CandidateNo": 11, "FirstName": "ครื้น", "LastName": "บุญส่ง", "PartyName": "เพื่อชาติ", "PartyNumber": 149, "Title": "นาย", "Votable": true, "province_id": 90, "province_name": "สงขลา", "zone_number": 2, "PartyTerminated": false, "Age": 62, "Occupation": "-", "HighestEducation": "ปริญญาตรี", "ImageFileId": "5c57e734fbcb5f1eec0e546f", "SelfIntroduceFileId": "5c57eb02fbcb5f1eec0e732d", "PartyLogo": "https://storage.googleapis.com/candidate-thumbs/party/149.png", "CandididatePhoto": "https://storage.googleapis.com/candidate-thumbs/images/90-2-11.jpg"}, {"Unnamed: 0": 8112, "CandidateId": "d7e0f4b9-ba84-4a0f-a6cb-6ddb07b11eef", "CandidateNo": 12, "FirstName": "ประเสริฐ", "LastName": "สุวรรณวงศ์", "PartyName": "พลังท้องถิ่นไท", "PartyNumber": 124, "Title": "นาย", "Votable": true, "province_id": 90, "province_name": "สงขลา", "zone_number": 2, "PartyTerminated": false, "Age": 43, "Occupation": "ธุรกิจส่วนตัว", "HighestEducation": "ต่ำกว่าปริญญาตรี", "ImageFileId": "5c57e590fbcb5f1eec0e43e5", "SelfIntroduceFileId": "5c57e683fbcb5f1eec0e4ee3", "PartyLogo": "https://storage.googleapis.com/candidate-thumbs/party/124.png", "CandididatePhoto": "https://storage.googleapis.com/candidate-thumbs/images/90-2-12.jpg"}, {"Unnamed: 0": 8113, "CandidateId": "3a3184ae-de20-4a69-84f5-4a7ffae966b8", "CandidateNo": 13, "FirstName": "ธิรัชโชติ", "LastName": "เกิดสุวรรณ", "PartyName": "ประชาภิวัฒน์", "PartyNumber": 172, "Title": "นาย", "Votable": true, "province_id": 90, "province_name": "สงขลา", "zone_number": 2, "PartyTerminated": false, "Age": 57, "Occupation": "พนักงานบริษัท", "HighestEducation": "ต่ำกว่าปริญญาตรี", "ImageFileId": "5c5a826dfbcb5f19bcaa7971", "SelfIntroduceFileId": "5c57e2d2fbcb5f1eec0e2f05", "PartyLogo": "https://storage.googleapis.com/candidate-thumbs/party/172.png", "CandididatePhoto": "https://storage.googleapis.com/candidate-thumbs/images/90-2-13.jpg"}, {"Unnamed: 0": 8114, "CandidateId": "b2e86de8-d8da-47be-b7a1-3bb286cf7d99", "CandidateNo": 14, "FirstName": "ฐิติพันธุ์", "LastName": "มัทวพันธุ์", "PartyName": "รักษ์ผืนป่าประเทศไทย", "PartyNumber": 133, "Title": "นาย", "Votable": true, "province_id": 90, "province_name": "สงขลา", "zone_number": 2, "PartyTerminated": false, "Age": 63, "Occupation": "ทนายความ", "HighestEducation": "ปริญญาตรี", "ImageFileId": "5c5a849afbcb5f19bcaa8c25", "SelfIntroduceFileId": "5c57dcf0fbcb5f1eec0e09da", "PartyLogo": "https://storage.googleapis.com/candidate-thumbs/party/133.png", "CandididatePhoto": "https://storage.googleapis.com/candidate-thumbs/images/90-2-14.jpg"}, {"Unnamed: 0": 8115, "CandidateId": "f29fa59d-adf8-4a11-91a6-1a50e02a680e", "CandidateNo": 15, "FirstName": "ชลิตร", "LastName": "รัตนะ", "PartyName": "พลังธรรมใหม่", "PartyNumber": 175, "Title": "นาย", "Votable": true, "province_id": 90, "province_name": "สงขลา", "zone_number": 2, "PartyTerminated": false, "Age": 65, "Occupation": "รับราชการ", "HighestEducation": "ปริญญาโท", "ImageFileId": "5c57df4efbcb5f1eec0e1984", "SelfIntroduceFileId": "5c57e05bfbcb5f1eec0e1f88", "PartyLogo": "https://storage.googleapis.com/candidate-thumbs/party/175.png", "CandididatePhoto": "https://storage.googleapis.com/candidate-thumbs/images/90-2-15.jpg"}, {"Unnamed: 0": 8116, "CandidateId": "36468116-c3f8-43a6-a9e4-7c5e2ced38bd", "CandidateNo": 16, "FirstName": "ศิริพร", "LastName": "ภัทรขจรกิจ", "PartyName": "ประชาชนปฏิรูป", "PartyNumber": 176, "Title": "นาง", "Votable": true, "province_id": 90, "province_name": "สงขลา", "zone_number": 2, "PartyTerminated": false, "Age": 60, "Occupation": "แม่บ้าน", "HighestEducation": "ต่ำกว่าปริญญาตรี", "ImageFileId": "5c5950a5fbcb5f1d8817b7ac", "SelfIntroduceFileId": "5c5951f5fbcb5f1d8817ca6f", "PartyLogo": "https://storage.googleapis.com/candidate-thumbs/party/176.png", "CandididatePhoto": "https://storage.googleapis.com/candidate-thumbs/images/90-2-16.jpg"}, {"Unnamed: 0": 8117, "CandidateId": "c1ff49a8-00d2-4c0f-8f40-7a615e8432dd", "CandidateNo": 17, "FirstName": "นิวัตน์", "LastName": "หมัดอะดั้ม", "PartyName": "เพื่อแผ่นดิน", "PartyNumber": 41, "Title": "นาย", "Votable": true, "province_id": 90, "province_name": "สงขลา", "zone_number": 2, "PartyTerminated": false, "Age": 56, "Occupation": "-", "HighestEducation": "ปริญญาโท", "ImageFileId": "5c5ba6f6fbcb5f16fc65b0f1", "SelfIntroduceFileId": "5c595525fbcb5f1d8817eace", "PartyLogo": "https://storage.googleapis.com/candidate-thumbs/party/41.png", "CandididatePhoto": "https://storage.googleapis.com/candidate-thumbs/images/90-2-17.jpg"}, {"Unnamed: 0": 8118, "CandidateId": "edb4d42a-e0c2-4048-84e6-193014095676", "CandidateNo": 18, "FirstName": "ณมน", "LastName": "คงแก้ว", "PartyName": "ไทยศรีวิไลย์", "PartyNumber": 180, "Title": "นางสาว", "Votable": true, "province_id": 90, "province_name": "สงขลา", "zone_number": 2, "PartyTerminated": false, "Age": 34, "Occupation": "รับจ้าง", "HighestEducation": "ต่ำกว่าปริญญาตรี", "ImageFileId": "5c5a9d80fbcb5f19bcab38f9", "SelfIntroduceFileId": "5c624f30fbcb5f2ba43b655f", "PartyLogo": "https://storage.googleapis.com/candidate-thumbs/party/180.png", "CandididatePhoto": "https://storage.googleapis.com/candidate-thumbs/images/90-2-18.jpg"}, {"Unnamed: 0": 8119, "CandidateId": "8d867b2a-7ee6-4759-8c3b-18a3b1a82616", "CandidateNo": 19, "FirstName": "ชลัช", "LastName": "กลิ่นรัตน์", "PartyName": "พลังไทยรักชาติ", "PartyNumber": 155, "Title": "นาย", "Votable": true, "province_id": 90, "province_name": "สงขลา", "zone_number": 2, "PartyTerminated": false, "Age": 56, "Occupation": "พนักงานบริษัท", "HighestEducation": "ต่ำกว่าปริญญาตรี", "ImageFileId": "5c5a9eebfbcb5f19bcab430a", "SelfIntroduceFileId": "5c5a9f76fbcb5f19bcab468c", "PartyLogo": "https://storage.googleapis.com/candidate-thumbs/party/155.png", "CandididatePhoto": "https://storage.googleapis.com/candidate-thumbs/images/90-2-19.jpg"}, {"Unnamed: 0": 8120, "CandidateId": "39e12015-64ae-46dd-a9f4-708d5c230626", "CandidateNo": 20, "FirstName": "จำแลง", "LastName": "มงคลนิสภกุล", "PartyName": "เพื่อธรรม", "PartyNumber": 98, "Title": "นาย", "Votable": true, "province_id": 90, "province_name": "สงขลา", "zone_number": 2, "PartyTerminated": false, "Age": 67, "Occupation": "ทนายความ", "HighestEducation": "ปริญญาตรี", "ImageFileId": "5c5b8c9efbcb5f16fc65205d", "SelfIntroduceFileId": "5c5aa05efbcb5f19bcab4af3", "PartyLogo": "https://storage.googleapis.com/candidate-thumbs/party/98.png", "CandididatePhoto": "https://storage.googleapis.com/candidate-thumbs/images/90-2-20.jpg"}, {"Unnamed: 0": 8121, "CandidateId": "d8acbebb-0ba3-4698-ac62-ceafd4b8aaf4", "CandidateNo": 21, "FirstName": "จุไรรัตน์", "LastName": "จันทร์เกิด", "PartyName": "ครูไทยเพื่อประชาชน", "PartyNumber": 118, "Title": "นาง", "Votable": true, "province_id": 90, "province_name": "สงขลา", "zone_number": 2, "PartyTerminated": false, "Age": 44, "Occupation": "ครูเอกชน", "HighestEducation": "ปริญญาตรี", "ImageFileId": "5c5b964afbcb5f16fc6547cc", "SelfIntroduceFileId": "5c5b969ffbcb5f16fc654a38", "PartyLogo": "https://storage.googleapis.com/candidate-thumbs/party/118.png", "CandididatePhoto": "https://storage.googleapis.com/candidate-thumbs/images/90-2-21.jpg"}, {"Unnamed: 0": 8122, "CandidateId": "ebe58db8-fda2-4be4-9b1c-5a3ffbc3fe86", "CandidateNo": 22, "FirstName": "สุรเดช", "LastName": "จินดาดำ", "PartyName": "ทางเลือกใหม่", "PartyNumber": 170, "Title": "นาย", "Votable": true, "province_id": 90, "province_name": "สงขลา", "zone_number": 2, "PartyTerminated": false, "Age": 37, "Occupation": "ธุรกิจส่วนตัว", "HighestEducation": "ปริญญาตรี", "ImageFileId": "5c5d3813fbcb5f0fd88601a2", "SelfIntroduceFileId": "5c5cebedfbcb5f16fc68d3f2", "PartyLogo": "https://storage.googleapis.com/candidate-thumbs/party/170.png", "CandididatePhoto": "https://storage.googleapis.com/candidate-thumbs/images/90-2-22.jpg"}, {"Unnamed: 0": 8123, "CandidateId": "3c24d0de-5475-4981-a0df-9423d1a7422d", "CandidateNo": 23, "FirstName": "ฐิติรัตน์", "LastName": "อรุณรัตนบัณฑิต", "PartyName": "พลังไทสร้างชาติ", "PartyNumber": 200, "Title": "นางสาว", "Votable": true, "province_id": 90, "province_name": "สงขลา", "zone_number": 2, "PartyTerminated": false, "Age": 42, "Occupation": "ธุรกิจส่วนตัว", "HighestEducation": "ปริญญาตรี", "ImageFileId": "5c5cddc5fbcb5f16fc688fb9", "SelfIntroduceFileId": "5c5cde7cfbcb5f16fc689158", "PartyLogo": "https://storage.googleapis.com/candidate-thumbs/party/200.png", "CandididatePhoto": "https://storage.googleapis.com/candidate-thumbs/images/90-2-23.jpg"}, {"Unnamed: 0": 8124, "CandidateId": "8289abf4-b3d4-4e05-ace4-c2b3126c65cb", "CandidateNo": 24, "FirstName": "พลัง", "LastName": "ว่องกิตติพัฒน์", "PartyName": "ประชานิยม", "PartyNumber": 191, "Title": "นาย", "Votable": true, "province_id": 90, "province_name": "สงขลา", "zone_number": 2, "PartyTerminated": false, "Age": 27, "Occupation": "นักธุรกิจ", "HighestEducation": "ปริญญาตรี", "ImageFileId": "5c5ce700fbcb5f16fc68b8b4", "SelfIntroduceFileId": "5c5ce820fbcb5f16fc68bda7", "PartyLogo": "https://storage.googleapis.com/candidate-thumbs/party/191.png", "CandididatePhoto": "https://storage.googleapis.com/candidate-thumbs/images/90-2-24.jpg"}, {"Unnamed: 0": 8125, "CandidateId": "6f92a120-c42a-4556-ac3c-43b75005880b", "CandidateNo": 25, "FirstName": "พรสิตา", "LastName": "คชินทรน์", "PartyName": "พลังสังคม", "PartyNumber": 198, "Title": "นางสาว", "Votable": true, "province_id": 90, "province_name": "สงขลา", "zone_number": 2, "PartyTerminated": false, "Age": 49, "Occupation": "ประกอบธุรกิจส่วนตัว", "HighestEducation": "ต่ำกว่าปริญญาตรี", "ImageFileId": "5c5cf93dfbcb5f0fd88448f4", "SelfIntroduceFileId": "5c62422afbcb5f2ba43b4acd", "PartyLogo": "https://storage.googleapis.com/candidate-thumbs/party/198.png", "CandididatePhoto": "https://storage.googleapis.com/candidate-thumbs/images/90-2-25.jpg"}, {"Unnamed: 0": 8126, "CandidateId": "12b48a9e-0d69-4b3e-ab01-5c9d6633e99e", "CandidateNo": 26, "FirstName": "ชูรัตน์", "LastName": "ยงยศยิ่ง", "PartyName": "พลังชาติไทย", "PartyNumber": 186, "Title": "นาย", "Votable": true, "province_id": 90, "province_name": "สงขลา", "zone_number": 2, "PartyTerminated": false, "Age": 47, "Occupation": "สถาปนิก", "HighestEducation": "ปริญญาตรี", "ImageFileId": "5c5cff52fbcb5f0fd8847a74", "SelfIntroduceFileId": "5c6237cafbcb5f2ba43b40c9", "PartyLogo": "https://storage.googleapis.com/candidate-thumbs/party/186.png", "CandididatePhoto": "https://storage.googleapis.com/candidate-thumbs/images/90-2-26.jpg"}, {"Unnamed: 0": 8127, "CandidateId": "41ecf386-39b2-431d-a0e4-fd49cfc85dd4", "CandidateNo": 27, "FirstName": "วิวิธชิตวัน", "LastName": "สุวรรณรัตน์", "PartyName": "ประชาธรรมไทย", "PartyNumber": 190, "Title": "นาย", "Votable": false, "province_id": 90, "province_name": "สงขลา", "zone_number": 2, "PartyTerminated": false, "Age": 58, "Occupation": "ธุรกิจส่วนตัว", "HighestEducation": "ต่ำกว่าปริญญาตรี", "ImageFileId": "5c5d02dbfbcb5f0fd8849ba1", "SelfIntroduceFileId": "5c5d0353fbcb5f0fd8849f63", "PartyLogo": "https://storage.googleapis.com/candidate-thumbs/party/190.png", "CandididatePhoto": "https://storage.googleapis.com/candidate-thumbs/images/90-2-27.jpg"}, {"Unnamed: 0": 8128, "CandidateId": "197df9b7-8338-456b-b3cc-87877c48fd62", "CandidateNo": 28, "FirstName": "จรงกรณ์", "LastName": "อัลรีอาห์ซุนหนี่", "PartyName": "ความหวังใหม่", "PartyNumber": 13, "Title": "นาย", "Votable": true, "province_id": 90, "province_name": "สงขลา", "zone_number": 2, "PartyTerminated": false, "Age": 37, "Occupation": "ธุรกิจส่วนตัว", "HighestEducation": "ปริญญาตรี", "ImageFileId": "5c5d4103fbcb5f0fd8865aa2", "SelfIntroduceFileId": "5c5d41bbfbcb5f0fd88661b5", "PartyLogo": "https://storage.googleapis.com/candidate-thumbs/party/13.png", "CandididatePhoto": "https://storage.googleapis.com/candidate-thumbs/images/90-2-28.jpg"}, {"Unnamed: 0": 8129, "CandidateId": "14f35658-e654-40bc-97dc-e30dd2faa67c", "CandidateNo": 29, "FirstName": "ประสินธุ์", "LastName": "เทพรินทร์", "PartyName": "เศรษฐกิจใหม่", "PartyNumber": 193, "Title": "นาย", "Votable": true, "province_id": 90, "province_name": "สงขลา", "zone_number": 2, "PartyTerminated": false, "Age": 59, "Occupation": "รับจ้าง", "HighestEducation": "ต่ำกว่าปริญญาตรี", "ImageFileId": "5c5d4c1cfbcb5f0fd886d46e", "SelfIntroduceFileId": "5c5e6a9efbcb5f14489a5c25", "PartyLogo": "https://storage.googleapis.com/candidate-thumbs/party/193.png", "CandididatePhoto": "https://storage.googleapis.com/candidate-thumbs/images/90-2-29.jpg"}, {"Unnamed: 0": 8130, "CandidateId": "5e7db0c9-b1d2-4dad-b31c-8c6d936697dd", "CandidateNo": 30, "FirstName": "อาลี", "LastName": "สันบุกา", "PartyName": "ภาคีเครือข่ายไทย", "PartyNumber": 211, "Title": "นาย", "Votable": true, "province_id": 90, "province_name": "สงขลา", "zone_number": 2, "PartyTerminated": false, "Age": 58, "Occupation": "ธุรกิจส่วนตัว", "HighestEducation": "ต่ำกว่าปริญญาตรี", "ImageFileId": "5c5e4d38fbcb5f14489a4437", "SelfIntroduceFileId": "5c611302fbcb5f13a0b793d5", "PartyLogo": "https://storage.googleapis.com/candidate-thumbs/party/211.png", "CandididatePhoto": "https://storage.googleapis.com/candidate-thumbs/images/90-2-30.jpg"}, {"Unnamed: 0": 8131, "CandidateId": "afbba0bf-980f-42cd-a640-4faf635a3235", "CandidateNo": 31, "FirstName": "อิบนิลอายาด", "LastName": "ตุดบัตร", "PartyName": "ภูมิพลังเกษตรกรไทย", "PartyNumber": 197, "Title": "นาย", "Votable": true, "province_id": 90, "province_name": "สงขลา", "zone_number": 2, "PartyTerminated": false, "Age": 32, "Occupation": "ธุรกิจส่วนตัว", "HighestEducation": "ปริญญาตรี", "ImageFileId": "5c5e4d86fbcb5f14489a445b", "SelfIntroduceFileId": "5c5e6d8efbcb5f14489a5fd8", "PartyLogo": "https://storage.googleapis.com/candidate-thumbs/party/197.png", "CandididatePhoto": "https://storage.googleapis.com/candidate-thumbs/images/90-2-31.jpg"}, {"Unnamed: 0": 8132, "CandidateId": "36d264ad-9dbd-4dfa-9dc7-64aed14ec59a", "CandidateNo": 32, "FirstName": "สมชาย", "LastName": "อินทมะโน", "PartyName": "ไทรักธรรม", "PartyNumber": 144, "Title": "นาย", "Votable": true, "province_id": 90, "province_name": "สงขลา", "zone_number": 2, "PartyTerminated": false, "Age": 39, "Occupation": "รับเหมา", "HighestEducation": "ต่ำกว่าปริญญาตรี", "ImageFileId": "5c5e4e58fbcb5f14489a44f8", "SelfIntroduceFileId": "5c5e7057fbcb5f14489a61e8", "PartyLogo": "https://storage.googleapis.com/candidate-thumbs/party/144.png", "CandididatePhoto": "https://storage.googleapis.com/candidate-thumbs/images/90-2-32.jpg"}]