[{"Unnamed: 0": 5960, "CandidateId": "961a66a8-58f8-47e0-b7c3-8b753602d120", "CandidateNo": 1, "FirstName": "วชิราภรณ์", "LastName": "กาญจนะ", "PartyName": "ประชาธิปัตย์", "PartyNumber": 1, "Title": "นางสาว", "Votable": true, "province_id": 84, "province_name": "สุราษฎร์ธานี", "zone_number": 3, "PartyTerminated": false, "Age": 39, "Occupation": "คณะทำงานอดีตสมาชิกสภาผู้แทนราษฎร์จังหวัดสุราษฎร์ธานี  เขต  ๓", "HighestEducation": "ปริญญาโท", "ImageFileId": "5c580bfffbcb5f1eec0ffdcd", "SelfIntroduceFileId": "5c590d86fbcb5f1d8814768b", "PartyLogo": "https://storage.googleapis.com/candidate-thumbs/party/1.png", "CandididatePhoto": "https://storage.googleapis.com/candidate-thumbs/images/84-3-1.jpg"}, {"Unnamed: 0": 5961, "CandidateId": "f0460820-927d-4947-a88f-abae2bafa62e", "CandidateNo": 2, "FirstName": "ปราโมทย์", "LastName": "ทองจันทร์", "PartyName": "ชาติพัฒนา", "PartyNumber": 45, "Title": "นาย", "Votable": true, "province_id": 84, "province_name": "สุราษฎร์ธานี", "zone_number": 3, "PartyTerminated": false, "Age": 51, "Occupation": "ทนายความ", "HighestEducation": "ปริญญาตรี", "ImageFileId": "5c592400fbcb5f1d88155a0c", "SelfIntroduceFileId": "5c592589fbcb5f1d8815687c", "PartyLogo": "https://storage.googleapis.com/candidate-thumbs/party/45.png", "CandididatePhoto": "https://storage.googleapis.com/candidate-thumbs/images/84-3-2.jpg"}, {"Unnamed: 0": 5962, "CandidateId": "cf2d14c0-bd3f-46bb-9b14-041d2bf179e1", "CandidateNo": 3, "FirstName": "สุภาพร", "LastName": "แก้วประดิษฐ์", "PartyName": "ประชาชาติ", "PartyNumber": 187, "Title": "นาง", "Votable": true, "province_id": 84, "province_name": "สุราษฎร์ธานี", "zone_number": 3, "PartyTerminated": false, "Age": 44, "Occupation": "ทำสวน", "HighestEducation": "ปริญญาตรี", "ImageFileId": "5c580e0cfbcb5f1eec10157f", "SelfIntroduceFileId": "5c592c35fbcb5f1d8815c6c8", "PartyLogo": "https://storage.googleapis.com/candidate-thumbs/party/187.png", "CandididatePhoto": "https://storage.googleapis.com/candidate-thumbs/images/84-3-3.jpg"}, {"Unnamed: 0": 5963, "CandidateId": "8cdc80ce-1a50-409d-92bc-987870a81103", "CandidateNo": 4, "FirstName": "ภัสสร", "LastName": "พัฒนสิงห์", "PartyName": "รวมพลังประชาชาติไทย", "PartyNumber": 181, "Title": "นางสาว", "Votable": true, "province_id": 84, "province_name": "สุราษฎร์ธานี", "zone_number": 3, "PartyTerminated": false, "Age": 37, "Occupation": "นักพัฒนาสังคม", "HighestEducation": "ปริญญาโท", "ImageFileId": "5c580fedfbcb5f1eec102cbf", "SelfIntroduceFileId": "5c593092fbcb5f1d881607ee", "PartyLogo": "https://storage.googleapis.com/candidate-thumbs/party/181.png", "CandididatePhoto": "https://storage.googleapis.com/candidate-thumbs/images/84-3-4.jpg"}, {"Unnamed: 0": 5964, "CandidateId": "f8d849c6-48ae-42d1-bf00-2a41598936cd", "CandidateNo": 5, "FirstName": "สุรัช", "LastName": "ตันจรูญ", "PartyName": "ชาติไทยพัฒนา", "PartyNumber": 55, "Title": "นาย", "Votable": true, "province_id": 84, "province_name": "สุราษฎร์ธานี", "zone_number": 3, "PartyTerminated": false, "Age": 53, "Occupation": "เกษตรกร", "HighestEducation": "ต่ำกว่าปริญญาตรี", "ImageFileId": "5c58f512fbcb5f1d88134e5e", "SelfIntroduceFileId": "5c58f6c9fbcb5f1d8813619a", "PartyLogo": "https://storage.googleapis.com/candidate-thumbs/party/55.png", "CandididatePhoto": "https://storage.googleapis.com/candidate-thumbs/images/84-3-5.jpg"}, {"Unnamed: 0": 5965, "CandidateId": "ba1e3e6c-18d0-4925-bbf7-4d74f36f9dc1", "CandidateNo": 6, "FirstName": "ประเทือง", "LastName": "มีแต้ม", "PartyName": "พลังประชารัฐ", "PartyNumber": 192, "Title": "นาย", "Votable": true, "province_id": 84, "province_name": "สุราษฎร์ธานี", "zone_number": 3, "PartyTerminated": false, "Age": 62, "Occupation": "ข้าราชการบำนาญ", "HighestEducation": "ปริญญาตรี", "ImageFileId": "5c58ff00fbcb5f1d8813b45d", "SelfIntroduceFileId": "5c590209fbcb5f1d8813dd22", "PartyLogo": "https://storage.googleapis.com/candidate-thumbs/party/192.png", "CandididatePhoto": "https://storage.googleapis.com/candidate-thumbs/images/84-3-6.jpg"}, {"Unnamed: 0": 5966, "CandidateId": "de369235-796e-420b-97f8-a67785481839", "CandidateNo": 7, "FirstName": "วิโชว์", "LastName": "แสงศรี", "PartyName": "ประชาภิวัฒน์", "PartyNumber": 172, "Title": "นาย", "Votable": true, "province_id": 84, "province_name": "สุราษฎร์ธานี", "zone_number": 3, "PartyTerminated": false, "Age": 68, "Occupation": "เกษตรกร", "HighestEducation": "ปริญญาตรี", "ImageFileId": "5c5934eefbcb5f1d881641c0", "SelfIntroduceFileId": "5c5aa1a0fbcb5f19bcab5387", "PartyLogo": "https://storage.googleapis.com/candidate-thumbs/party/172.png", "CandididatePhoto": "https://storage.googleapis.com/candidate-thumbs/images/84-3-7.jpg"}, {"Unnamed: 0": 5967, "CandidateId": "d45a12ea-daac-4d17-8753-0cafdd5b080a", "CandidateNo": 8, "FirstName": "สิริยุค", "LastName": "วัฒนสุนทร", "PartyName": "อนาคตใหม่", "PartyNumber": 177, "Title": "นาย", "Votable": true, "province_id": 84, "province_name": "สุราษฎร์ธานี", "zone_number": 3, "PartyTerminated": false, "Age": 62, "Occupation": "ข้าราชการครูบำนาญ", "HighestEducation": "ปริญญาโท", "ImageFileId": "5c593ec1fbcb5f1d8816c93a", "SelfIntroduceFileId": "5c59409ffbcb5f1d8816e24c", "PartyLogo": "https://storage.googleapis.com/candidate-thumbs/party/177.png", "CandididatePhoto": "https://storage.googleapis.com/candidate-thumbs/images/84-3-8.jpg"}, {"Unnamed: 0": 5968, "CandidateId": "d09f85c8-b40e-4b07-ab27-c564b81ec371", "CandidateNo": 9, "FirstName": "เสริมพัฒน", "LastName": "รักปาน", "PartyName": "รักษ์ผืนป่าประเทศไทย", "PartyNumber": 133, "Title": "ดาบตำรวจ", "Votable": true, "province_id": 84, "province_name": "สุราษฎร์ธานี", "zone_number": 3, "PartyTerminated": false, "Age": 64, "Occupation": "รองนายกเทศมนตรีตำบลเมืองเวียง อ.เวียงสระ จ.สุราษฎร์ธานี", "HighestEducation": "ปริญญาตรี", "ImageFileId": "5c5941d3fbcb5f1d8816f519", "SelfIntroduceFileId": "5c5943b0fbcb5f1d88170bfc", "PartyLogo": "https://storage.googleapis.com/candidate-thumbs/party/133.png", "CandididatePhoto": "https://storage.googleapis.com/candidate-thumbs/images/84-3-9.jpg"}, {"Unnamed: 0": 5969, "CandidateId": "fef7f909-db35-4830-b6ce-8edbe8697586", "CandidateNo": 10, "FirstName": "อวยชัย", "LastName": "สมัยชูเกียรติ", "PartyName": "เพื่อธรรม", "PartyNumber": 98, "Title": "นาย", "Votable": true, "province_id": 84, "province_name": "สุราษฎร์ธานี", "zone_number": 3, "PartyTerminated": false, "Age": 54, "Occupation": "รับจ้าง", "HighestEducation": "ต่ำกว่าปริญญาตรี", "ImageFileId": "5c594da4fbcb5f1d881794ae", "SelfIntroduceFileId": "5c594e88fbcb5f1d88179fa0", "PartyLogo": "https://storage.googleapis.com/candidate-thumbs/party/98.png", "CandididatePhoto": "https://storage.googleapis.com/candidate-thumbs/images/84-3-10.jpg"}, {"Unnamed: 0": 5970, "CandidateId": "e9b58806-9e79-4d41-84dc-dbf11b6210e2", "CandidateNo": 11, "FirstName": "สมพล", "LastName": "ขุนทอง", "PartyName": "ภูมิใจไทย", "PartyNumber": 63, "Title": "นาย", "Votable": true, "province_id": 84, "province_name": "สุราษฎร์ธานี", "zone_number": 3, "PartyTerminated": false, "Age": 65, "Occupation": "ข้าราชการบำนาญ", "HighestEducation": "ปริญญาตรี", "ImageFileId": "5c594ffefbcb5f1d8817ae0c", "SelfIntroduceFileId": "5c5953ccfbcb5f1d8817da99", "PartyLogo": "https://storage.googleapis.com/candidate-thumbs/party/63.png", "CandididatePhoto": "https://storage.googleapis.com/candidate-thumbs/images/84-3-11.jpg"}, {"Unnamed: 0": 5971, "CandidateId": "7db172ec-ce0d-418f-a02f-f7a1651e3f2b", "CandidateNo": 12, "FirstName": "มโน", "LastName": "ยะโส", "PartyName": "พลังธรรมใหม่", "PartyNumber": 175, "Title": "ร้อยตรี", "Votable": true, "province_id": 84, "province_name": "สุราษฎร์ธานี", "zone_number": 3, "PartyTerminated": false, "Age": 58, "Occupation": "ข้าราชการบำนาญ", "HighestEducation": "ปริญญาตรี", "ImageFileId": "5c59544bfbcb5f1d8817e02e", "SelfIntroduceFileId": "5c5955d2fbcb5f1d8817efb1", "PartyLogo": "https://storage.googleapis.com/candidate-thumbs/party/175.png", "CandididatePhoto": "https://storage.googleapis.com/candidate-thumbs/images/84-3-12.jpg"}, {"Unnamed: 0": 5972, "CandidateId": "2261180c-779c-4099-96f1-27e8234da93b", "CandidateNo": 13, "FirstName": "พิภพ", "LastName": "เกษมณี", "PartyName": "ไทยรักษาชาติ", "PartyNumber": 77, "Title": "นาย", "Votable": true, "province_id": 84, "province_name": "สุราษฎร์ธานี", "zone_number": 3, "PartyTerminated": true, "Age": 55, "Occupation": "เกษตรกร", "HighestEducation": "ปริญญาตรี", "ImageFileId": "5c5a3781fbcb5f19bca87f28", "SelfIntroduceFileId": "5c5a3915fbcb5f19bca88424", "PartyLogo": "https://storage.googleapis.com/candidate-thumbs/party/77.png", "CandididatePhoto": "https://storage.googleapis.com/candidate-thumbs/images/84-3-13.jpg"}, {"Unnamed: 0": 5973, "CandidateId": "1724d22a-43ce-49a9-97ef-a8f03e0e4b68", "CandidateNo": 14, "FirstName": "ไพลิน", "LastName": "นพคุณ", "PartyName": "เพื่อชาติ", "PartyNumber": 149, "Title": "นางสาว", "Votable": true, "province_id": 84, "province_name": "สุราษฎร์ธานี", "zone_number": 3, "PartyTerminated": false, "Age": 37, "Occupation": "เกษตรกร", "HighestEducation": "ต่ำกว่าปริญญาตรี", "ImageFileId": "5c5a402efbcb5f19bca8a928", "SelfIntroduceFileId": "5c5a3df1fbcb5f19bca89ba3", "PartyLogo": "https://storage.googleapis.com/candidate-thumbs/party/149.png", "CandididatePhoto": "https://storage.googleapis.com/candidate-thumbs/images/84-3-14.jpg"}, {"Unnamed: 0": 5974, "CandidateId": "7a259f26-b6bc-4b7d-9e5a-529d62af3584", "CandidateNo": 15, "FirstName": "ชัยรัช", "LastName": "เลิศหิรัณยกุล", "PartyName": "เสรีรวมไทย", "PartyNumber": 145, "Title": "นาย", "Votable": true, "province_id": 84, "province_name": "สุราษฎร์ธานี", "zone_number": 3, "PartyTerminated": false, "Age": 54, "Occupation": "ประกอบธุรกิจร้านอาหาร", "HighestEducation": "ต่ำกว่าปริญญาตรี", "ImageFileId": "5c5a40e7fbcb5f19bca8ac69", "SelfIntroduceFileId": "5c5a48cffbcb5f19bca8e40f", "PartyLogo": "https://storage.googleapis.com/candidate-thumbs/party/145.png", "CandididatePhoto": "https://storage.googleapis.com/candidate-thumbs/images/84-3-15.jpg"}, {"Unnamed: 0": 5975, "CandidateId": "4af97110-f045-46cc-a166-a5adcbf262da", "CandidateNo": 16, "FirstName": "วินัย", "LastName": "คงทรัพย์", "PartyName": "เพื่อแผ่นดิน", "PartyNumber": 41, "Title": "นาย", "Votable": true, "province_id": 84, "province_name": "สุราษฎร์ธานี", "zone_number": 3, "PartyTerminated": false, "Age": 51, "Occupation": "ทำสวน", "HighestEducation": "ปริญญาตรี", "ImageFileId": "5c5a4927fbcb5f19bca8e813", "SelfIntroduceFileId": "5c5a4ab8fbcb5f19bca8f4a2", "PartyLogo": "https://storage.googleapis.com/candidate-thumbs/party/41.png", "CandididatePhoto": "https://storage.googleapis.com/candidate-thumbs/images/84-3-16.jpg"}, {"Unnamed: 0": 5976, "CandidateId": "561e5c88-7126-413b-992e-45936aa2e41b", "CandidateNo": 17, "FirstName": "ธนวันต์", "LastName": "กำเหนิด", "PartyName": "ประชาชนปฏิรูป", "PartyNumber": 176, "Title": "นางสาว", "Votable": true, "province_id": 84, "province_name": "สุราษฎร์ธานี", "zone_number": 3, "PartyTerminated": false, "Age": 46, "Occupation": "ครู", "HighestEducation": "ปริญญาตรี", "ImageFileId": "5c5a4b4cfbcb5f19bca8fa7c", "SelfIntroduceFileId": "5c5a4d70fbcb5f19bca90d71", "PartyLogo": "https://storage.googleapis.com/candidate-thumbs/party/176.png", "CandididatePhoto": "https://storage.googleapis.com/candidate-thumbs/images/84-3-17.jpg"}, {"Unnamed: 0": 5977, "CandidateId": "a634e2ef-2af2-4ad1-94af-c86a50b63b8d", "CandidateNo": 18, "FirstName": "กัลยา", "LastName": "เทพี", "PartyName": "ประชาธิปไตยใหม่", "PartyNumber": 109, "Title": "นาง", "Votable": true, "province_id": 84, "province_name": "สุราษฎร์ธานี", "zone_number": 3, "PartyTerminated": false, "Age": 66, "Occupation": "ทำสวน", "HighestEducation": "ต่ำกว่าปริญญาตรี", "ImageFileId": "5c5a4dd9fbcb5f19bca91137", "SelfIntroduceFileId": "5c5a4ebcfbcb5f19bca919a9", "PartyLogo": "https://storage.googleapis.com/candidate-thumbs/party/109.png", "CandididatePhoto": "https://storage.googleapis.com/candidate-thumbs/images/84-3-18.jpg"}, {"Unnamed: 0": 5978, "CandidateId": "98e4aca2-1954-4c81-a257-1b8ceb5d6829", "CandidateNo": 19, "FirstName": "ชูชัย", "LastName": "ทองขาว", "PartyName": "พลังท้องถิ่นไท", "PartyNumber": 124, "Title": "นาย", "Votable": true, "province_id": 84, "province_name": "สุราษฎร์ธานี", "zone_number": 3, "PartyTerminated": false, "Age": 64, "Occupation": "เกษตรกรรม", "HighestEducation": "ปริญญาตรี", "ImageFileId": "5c5a4f0efbcb5f19bca91b82", "SelfIntroduceFileId": "5c5a5052fbcb5f19bca92961", "PartyLogo": "https://storage.googleapis.com/candidate-thumbs/party/124.png", "CandididatePhoto": "https://storage.googleapis.com/candidate-thumbs/images/84-3-19.jpg"}, {"Unnamed: 0": 5979, "CandidateId": "af0e33c0-74fc-48dd-a56d-a783c2dbce2a", "CandidateNo": 20, "FirstName": "สิรวิทย์", "LastName": "ช่วงเสน", "PartyName": "ไทยศรีวิไลย์", "PartyNumber": 180, "Title": "นาย", "Votable": true, "province_id": 84, "province_name": "สุราษฎร์ธานี", "zone_number": 3, "PartyTerminated": false, "Age": 41, "Occupation": "ค้าขาย", "HighestEducation": "ปริญญาตรี", "ImageFileId": "5c5a5091fbcb5f19bca92ca6", "SelfIntroduceFileId": "5c5a5166fbcb5f19bca931c3", "PartyLogo": "https://storage.googleapis.com/candidate-thumbs/party/180.png", "CandididatePhoto": "https://storage.googleapis.com/candidate-thumbs/images/84-3-20.jpg"}, {"Unnamed: 0": 5980, "CandidateId": "176e33bd-b286-40a7-a6ac-adb44c33ff89", "CandidateNo": 21, "FirstName": "สุชาติ", "LastName": "อินทรมณี", "PartyName": "ภราดรภาพ", "PartyNumber": 154, "Title": "นาย", "Votable": true, "province_id": 84, "province_name": "สุราษฎร์ธานี", "zone_number": 3, "PartyTerminated": false, "Age": 65, "Occupation": "สมาชิกสภาจังหวัดสุราษฎร์ธานี  เขต อ.ท่าฉาง", "HighestEducation": "ต่ำกว่าปริญญาตรี", "ImageFileId": "5c5a51f5fbcb5f19bca93783", "SelfIntroduceFileId": "5c5a52d4fbcb5f19bca940a0", "PartyLogo": "https://storage.googleapis.com/candidate-thumbs/party/154.png", "CandididatePhoto": "https://storage.googleapis.com/candidate-thumbs/images/84-3-21.jpg"}, {"Unnamed: 0": 5981, "CandidateId": "fe8eb2f5-d4c2-4dbd-a49d-19ae01bef0a2", "CandidateNo": 22, "FirstName": "ปิยะพร", "LastName": "คำจวง", "PartyName": "คลองไทย", "PartyNumber": 189, "Title": "นาง", "Votable": true, "province_id": 84, "province_name": "สุราษฎร์ธานี", "zone_number": 3, "PartyTerminated": false, "Age": 44, "Occupation": "อ.ส.ม.", "HighestEducation": "ต่ำกว่าปริญญาตรี", "ImageFileId": "5c5a5321fbcb5f19bca944ac", "SelfIntroduceFileId": "5c5a540bfbcb5f19bca94bda", "PartyLogo": "https://storage.googleapis.com/candidate-thumbs/party/189.png", "CandididatePhoto": "https://storage.googleapis.com/candidate-thumbs/images/84-3-22.jpg"}, {"Unnamed: 0": 5982, "CandidateId": "3c64c23c-4c0e-458f-908e-9e4949370911", "CandidateNo": 23, "FirstName": "พรชัย", "LastName": "ชูรักษ์", "PartyName": "ประชากรไทย", "PartyNumber": 2, "Title": "นาย", "Votable": true, "province_id": 84, "province_name": "สุราษฎร์ธานี", "zone_number": 3, "PartyTerminated": false, "Age": 47, "Occupation": "ผู้ประนีประนอมศาลจังหวัดเวียงสระ", "HighestEducation": "ปริญญาโท", "ImageFileId": "5c5a55c9fbcb5f19bca95a85", "SelfIntroduceFileId": "5c5a5827fbcb5f19bca96b0b", "PartyLogo": "https://storage.googleapis.com/candidate-thumbs/party/2.png", "CandididatePhoto": "https://storage.googleapis.com/candidate-thumbs/images/84-3-23.jpg"}, {"Unnamed: 0": 5983, "CandidateId": "60198765-96d6-4275-9fe0-1117b03a13b7", "CandidateNo": 24, "FirstName": "จีรพัฒน์", "LastName": "พรหมช่วย", "PartyName": "เศรษฐกิจใหม่", "PartyNumber": 193, "Title": "นาย", "Votable": true, "province_id": 84, "province_name": "สุราษฎร์ธานี", "zone_number": 3, "PartyTerminated": false, "Age": 37, "Occupation": "ธุรกิจส่วนตัว", "HighestEducation": "ปริญญาโท", "ImageFileId": "5c5a9848fbcb5f19bcab1343", "SelfIntroduceFileId": "5c5a99e9fbcb5f19bcab1dd3", "PartyLogo": "https://storage.googleapis.com/candidate-thumbs/party/193.png", "CandididatePhoto": "https://storage.googleapis.com/candidate-thumbs/images/84-3-24.jpg"}, {"Unnamed: 0": 5984, "CandidateId": "00431817-ad77-40c4-9f82-86ba63ca366b", "CandidateNo": 25, "FirstName": "วิฑูรย์", "LastName": "เพชรกลับ", "PartyName": "ครูไทยเพื่อประชาชน", "PartyNumber": 118, "Title": "นาย", "Votable": true, "province_id": 84, "province_name": "สุราษฎร์ธานี", "zone_number": 3, "PartyTerminated": false, "Age": 64, "Occupation": "ข้าราชการครู", "HighestEducation": "ปริญญาโท", "ImageFileId": "5c5b9d71fbcb5f16fc656f1e", "SelfIntroduceFileId": "5c5b9e08fbcb5f16fc65718b", "PartyLogo": "https://storage.googleapis.com/candidate-thumbs/party/118.png", "CandididatePhoto": "https://storage.googleapis.com/candidate-thumbs/images/84-3-25.jpg"}, {"Unnamed: 0": 5985, "CandidateId": "06b47595-cb84-4637-a56e-ed4c1edb01e6", "CandidateNo": 26, "FirstName": "ปรีชา", "LastName": "สุทธิเมือง", "PartyName": "พลังไทสร้างชาติ", "PartyNumber": 200, "Title": "นาย", "Votable": true, "province_id": 84, "province_name": "สุราษฎร์ธานี", "zone_number": 3, "PartyTerminated": false, "Age": 62, "Occupation": "ลูกจ้างประจำ จพฐ.เขต 1 สุราษฎร์ธานี", "HighestEducation": "ปริญญาตรี", "ImageFileId": "5c5bb0bcfbcb5f16fc65fefd", "SelfIntroduceFileId": "5c5bb196fbcb5f16fc660854", "PartyLogo": "https://storage.googleapis.com/candidate-thumbs/party/200.png", "CandididatePhoto": "https://storage.googleapis.com/candidate-thumbs/images/84-3-26.jpg"}, {"Unnamed: 0": 5986, "CandidateId": "44c14283-417b-44fc-ac35-974e5cc93d12", "CandidateNo": 27, "FirstName": "พัชรินทร์", "LastName": "พุทธรัตน์", "PartyName": "พลังสังคม", "PartyNumber": 198, "Title": "จ่าสิบตำรวจ", "Votable": true, "province_id": 84, "province_name": "สุราษฎร์ธานี", "zone_number": 3, "PartyTerminated": false, "Age": 46, "Occupation": "รับราชการตำรวจ", "HighestEducation": "ต่ำกว่าปริญญาตรี", "ImageFileId": "5c5bc98afbcb5f16fc669062", "SelfIntroduceFileId": "5c5bcb77fbcb5f16fc669c5d", "PartyLogo": "https://storage.googleapis.com/candidate-thumbs/party/198.png", "CandididatePhoto": "https://storage.googleapis.com/candidate-thumbs/images/84-3-27.jpg"}, {"Unnamed: 0": 5987, "CandidateId": "198ea48a-ad4c-464d-bc36-682179778e21", "CandidateNo": 28, "FirstName": "บูชา", "LastName": "ศรีเทพ", "PartyName": "พลังไทยรักไทย", "PartyNumber": 185, "Title": "ว่าที่ร้อยตรี", "Votable": true, "province_id": 84, "province_name": "สุราษฎร์ธานี", "zone_number": 3, "PartyTerminated": false, "Age": 35, "Occupation": "พนักงานบริษัท", "HighestEducation": "ปริญญาตรี", "ImageFileId": "5c5bdf9dfbcb5f16fc673970", "SelfIntroduceFileId": "5c5bdf61fbcb5f16fc6737c6", "PartyLogo": "https://storage.googleapis.com/candidate-thumbs/party/185.png", "CandididatePhoto": "https://storage.googleapis.com/candidate-thumbs/images/84-3-28.jpg"}, {"Unnamed: 0": 5988, "CandidateId": "35c88861-0e2a-439d-912f-05acc409ba47", "CandidateNo": 29, "FirstName": "ฐานิตย์", "LastName": "กำเนิดสม", "PartyName": "แผ่นดินธรรม", "PartyNumber": 188, "Title": "นาย", "Votable": true, "province_id": 84, "province_name": "สุราษฎร์ธานี", "zone_number": 3, "PartyTerminated": false, "Age": 52, "Occupation": "เกษตรกร", "HighestEducation": "ต่ำกว่าปริญญาตรี", "ImageFileId": "5c5bf6b8fbcb5f16fc67fbc4", "SelfIntroduceFileId": "5c5bf7e0fbcb5f16fc68016d", "PartyLogo": "https://storage.googleapis.com/candidate-thumbs/party/188.png", "CandididatePhoto": "https://storage.googleapis.com/candidate-thumbs/images/84-3-29.jpg"}, {"Unnamed: 0": 5989, "CandidateId": "a1ef3f51-87d9-4cdd-be94-cd1f87cac4c0", "CandidateNo": 30, "FirstName": "ทรงธรรม", "LastName": "ช่วยบำรุง", "PartyName": "พลังปวงชนไทย", "PartyNumber": 184, "Title": "นาย", "Votable": true, "province_id": 84, "province_name": "สุราษฎร์ธานี", "zone_number": 3, "PartyTerminated": false, "Age": 48, "Occupation": "ข้าราชการการเมืองท้องถิ่น", "HighestEducation": "ปริญญาตรี", "ImageFileId": "5c5cddf2fbcb5f16fc689012", "SelfIntroduceFileId": "5c5ce2cdfbcb5f16fc68a437", "PartyLogo": "https://storage.googleapis.com/candidate-thumbs/party/184.png", "CandididatePhoto": "https://storage.googleapis.com/candidate-thumbs/images/84-3-30.jpg"}, {"Unnamed: 0": 5990, "CandidateId": "57120f9e-bdb9-48cf-a5d4-304b10fae0c8", "CandidateNo": 31, "FirstName": "สุวิทย์", "LastName": "ราชรักษ์", "PartyName": "ประชาธรรมไทย", "PartyNumber": 190, "Title": "นาย", "Votable": true, "province_id": 84, "province_name": "สุราษฎร์ธานี", "zone_number": 3, "PartyTerminated": false, "Age": 46, "Occupation": "ทำสวน", "HighestEducation": "ต่ำกว่าปริญญาตรี", "ImageFileId": "5c5d0398fbcb5f0fd884a1bb", "SelfIntroduceFileId": "5c5d0459fbcb5f0fd884a616", "PartyLogo": "https://storage.googleapis.com/candidate-thumbs/party/190.png", "CandididatePhoto": "https://storage.googleapis.com/candidate-thumbs/images/84-3-31.jpg"}, {"Unnamed: 0": 5991, "CandidateId": "d4adffd6-add4-4072-93be-3a5ccb7c25c3", "CandidateNo": 32, "FirstName": "อนิรุจน์", "LastName": "คงทรัพย์", "PartyName": "พลเมืองไทย", "PartyNumber": 173, "Title": "นาย", "Votable": true, "province_id": 84, "province_name": "สุราษฎร์ธานี", "zone_number": 3, "PartyTerminated": false, "Age": 51, "Occupation": "ทนายความ", "HighestEducation": "ปริญญาโท", "ImageFileId": "5c5d0858fbcb5f0fd884c5d5", "SelfIntroduceFileId": "5c5d0a6dfbcb5f0fd884d1bd", "PartyLogo": "https://storage.googleapis.com/candidate-thumbs/party/173.png", "CandididatePhoto": "https://storage.googleapis.com/candidate-thumbs/images/84-3-32.jpg"}, {"Unnamed: 0": 5992, "CandidateId": "d1ac3046-46b7-439e-a0cd-6a5ebec2be67", "CandidateNo": 33, "FirstName": "สัณห์", "LastName": "จรูญรัตน์", "PartyName": "พลังประชาธิปไตย", "PartyNumber": 153, "Title": "นาย", "Votable": true, "province_id": 84, "province_name": "สุราษฎร์ธานี", "zone_number": 3, "PartyTerminated": false, "Age": 44, "Occupation": "กิจการส่วนตัว", "HighestEducation": "ปริญญาตรี", "ImageFileId": "5c5d2fe2fbcb5f0fd885c16e", "SelfIntroduceFileId": "5c5d3193fbcb5f0fd885cfe9", "PartyLogo": "https://storage.googleapis.com/candidate-thumbs/party/153.png", "CandididatePhoto": "https://storage.googleapis.com/candidate-thumbs/images/84-3-33.jpg"}, {"Unnamed: 0": 5993, "CandidateId": "1491cb71-6e5f-4cec-9976-0ea8747b304a", "CandidateNo": 34, "FirstName": "วิชิต", "LastName": "จิตรสม", "PartyName": "กรีน", "PartyNumber": 206, "Title": "นาย", "Votable": true, "province_id": 84, "province_name": "สุราษฎร์ธานี", "zone_number": 3, "PartyTerminated": false, "Age": 57, "Occupation": "เกษตรกร", "HighestEducation": "ต่ำกว่าปริญญาตรี", "ImageFileId": "5c5d330afbcb5f0fd885db0c", "SelfIntroduceFileId": "5c5d33dbfbcb5f0fd885e1db", "PartyLogo": "https://storage.googleapis.com/candidate-thumbs/party/206.png", "CandididatePhoto": "https://storage.googleapis.com/candidate-thumbs/images/84-3-34.jpg"}, {"Unnamed: 0": 5994, "CandidateId": "e0206fbf-6e11-44b2-9a59-cb6d4c3f8594", "CandidateNo": 35, "FirstName": "สิงหา", "LastName": "อินทร์ชู", "PartyName": "ความหวังใหม่", "PartyNumber": 13, "Title": "นาย", "Votable": true, "province_id": 84, "province_name": "สุราษฎร์ธานี", "zone_number": 3, "PartyTerminated": false, "Age": 42, "Occupation": "รับจ้าง", "HighestEducation": "ปริญญาตรี", "ImageFileId": "5c5d3559fbcb5f0fd885ecf8", "SelfIntroduceFileId": "5c5d36aefbcb5f0fd885f77a", "PartyLogo": "https://storage.googleapis.com/candidate-thumbs/party/13.png", "CandididatePhoto": "https://storage.googleapis.com/candidate-thumbs/images/84-3-35.jpg"}, {"Unnamed: 0": 5995, "CandidateId": "24228ff3-6f0e-4676-9370-0c511613a28d", "CandidateNo": 36, "FirstName": "มานิตย์", "LastName": "เมืองครุฑ", "PartyName": "ไทรักธรรม", "PartyNumber": 144, "Title": "นาย", "Votable": true, "province_id": 84, "province_name": "สุราษฎร์ธานี", "zone_number": 3, "PartyTerminated": false, "Age": 59, "Occupation": "รับจ้าง เกษตรกร", "HighestEducation": "ต่ำกว่าปริญญาตรี", "ImageFileId": "5c5d53b2fbcb5f0fd887251a", "SelfIntroduceFileId": "5c5d5471fbcb5f0fd8872e4a", "PartyLogo": "https://storage.googleapis.com/candidate-thumbs/party/144.png", "CandididatePhoto": "https://storage.googleapis.com/candidate-thumbs/images/84-3-36.jpg"}, {"Unnamed: 0": 5996, "CandidateId": "fb843e6d-4f5d-4021-bac3-7db4402ebd0c", "CandidateNo": 37, "FirstName": "ดำเนิน", "LastName": "ย่องแก้ว", "PartyName": "พลังชาติไทย", "PartyNumber": 186, "Title": "นาย", "Votable": true, "province_id": 84, "province_name": "สุราษฎร์ธานี", "zone_number": 3, "PartyTerminated": false, "Age": 58, "Occupation": "ทำสวน", "HighestEducation": "ปริญญาตรี", "ImageFileId": "5c5d5701fbcb5f0fd88752c9", "SelfIntroduceFileId": "5c5d582dfbcb5f0fd8876311", "PartyLogo": "https://storage.googleapis.com/candidate-thumbs/party/186.png", "CandididatePhoto": "https://storage.googleapis.com/candidate-thumbs/images/84-3-37.jpg"}]