[{"Unnamed: 0": 6685, "CandidateId": "49ed66a7-25ba-45a7-aed5-695938f3f981", "CandidateNo": 1, "FirstName": "สมคิด", "LastName": "นิ่มละออ", "PartyName": "พลังประชาธิปไตย", "PartyNumber": 153, "Title": "นาย", "Votable": true, "province_id": 11, "province_name": "สมุทรปราการ", "zone_number": 4, "PartyTerminated": false, "Age": 56, "Occupation": "ผู้จัดการฝ่ายที่ปรึกษาทางการเงินและการลงทุน/ดูแลฝ่ายขาย", "HighestEducation": "ปริญญาเอก", "ImageFileId": "5c57d2a8fbcb5f1eec0dd71a", "SelfIntroduceFileId": "5c5a7abbfbcb5f19bcaa3a9b", "PartyLogo": "https://storage.googleapis.com/candidate-thumbs/party/153.png", "CandididatePhoto": "https://storage.googleapis.com/candidate-thumbs/images/11-4-1.jpg"}, {"Unnamed: 0": 6686, "CandidateId": "48af0793-3a82-46b5-b873-b9bef775d620", "CandidateNo": 2, "FirstName": "ชัยณรงค์", "LastName": "ชัยอาสา", "PartyName": "ประชาภิวัฒน์", "PartyNumber": 172, "Title": "นาย", "Votable": true, "province_id": 11, "province_name": "สมุทรปราการ", "zone_number": 4, "PartyTerminated": false, "Age": 48, "Occupation": "ค้าขาย", "HighestEducation": "ต่ำกว่าปริญญาตรี", "ImageFileId": "5c5a7edbfbcb5f19bcaa5bdb", "SelfIntroduceFileId": "5c5a69a2fbcb5f19bca9f1d0", "PartyLogo": "https://storage.googleapis.com/candidate-thumbs/party/172.png", "CandididatePhoto": "https://storage.googleapis.com/candidate-thumbs/images/11-4-2.jpg"}, {"Unnamed: 0": 6687, "CandidateId": "964339c0-0869-4676-97d3-a97df5c9dec8", "CandidateNo": 3, "FirstName": "ประสบผล", "LastName": "เตียวองอาจกุล", "PartyName": "พลังธรรมใหม่", "PartyNumber": 175, "Title": "นาย", "Votable": true, "province_id": 11, "province_name": "สมุทรปราการ", "zone_number": 4, "PartyTerminated": false, "Age": 52, "Occupation": "อาชีพอิสระ", "HighestEducation": "ปริญญาตรี", "ImageFileId": "5c5a8398fbcb5f19bcaa83da", "SelfIntroduceFileId": "5c57eec7fbcb5f1eec0e9800", "PartyLogo": "https://storage.googleapis.com/candidate-thumbs/party/175.png", "CandididatePhoto": "https://storage.googleapis.com/candidate-thumbs/images/11-4-3.jpg"}, {"Unnamed: 0": 6688, "CandidateId": "7e96cec9-5481-4525-a325-216b8979d821", "CandidateNo": 4, "FirstName": "ปราโมทย์", "LastName": "แปลกโฉมฉิน", "PartyName": "พลังปวงชนไทย", "PartyNumber": 184, "Title": "นาย", "Votable": true, "province_id": 11, "province_name": "สมุทรปราการ", "zone_number": 4, "PartyTerminated": false, "Age": 57, "Occupation": "ธุรกิจการเกษตร", "HighestEducation": "ปริญญาตรี", "ImageFileId": "5c57f0b1fbcb5f1eec0ea95d", "SelfIntroduceFileId": "5c57f2e2fbcb5f1eec0ebd85", "PartyLogo": "https://storage.googleapis.com/candidate-thumbs/party/184.png", "CandididatePhoto": "https://storage.googleapis.com/candidate-thumbs/images/11-4-4.jpg"}, {"Unnamed: 0": 6689, "CandidateId": "f36bf1ee-f4d9-4390-876c-35221e5acf6b", "CandidateNo": 5, "FirstName": "เกรียงศักดิ์", "LastName": "บุญประเสริฐ", "PartyName": "ภูมิใจไทย", "PartyNumber": 63, "Title": "นาย", "Votable": true, "province_id": 11, "province_name": "สมุทรปราการ", "zone_number": 4, "PartyTerminated": false, "Age": 63, "Occupation": "ข้าราชการ", "HighestEducation": "ปริญญาโท", "ImageFileId": "5c594a44fbcb5f1d8817692a", "SelfIntroduceFileId": "5c57f6ebfbcb5f1eec0ee873", "PartyLogo": "https://storage.googleapis.com/candidate-thumbs/party/63.png", "CandididatePhoto": "https://storage.googleapis.com/candidate-thumbs/images/11-4-5.jpg"}, {"Unnamed: 0": 6690, "CandidateId": "9ef75438-f734-4470-be48-5e94af69dc4b", "CandidateNo": 6, "FirstName": "อัฏฐพล", "LastName": "สิงห์ธนวัฒน์", "PartyName": "เพื่อแผ่นดิน", "PartyNumber": 41, "Title": "นาย", "Votable": false, "province_id": 11, "province_name": "สมุทรปราการ", "zone_number": 4, "PartyTerminated": false, "Age": 62, "Occupation": "ธุรกิจส่วนตัว", "HighestEducation": "ปริญญาตรี", "ImageFileId": "5c5a991dfbcb5f19bcab1735", "SelfIntroduceFileId": "5c57feadfbcb5f1eec0f4c73", "PartyLogo": "https://storage.googleapis.com/candidate-thumbs/party/41.png", "CandididatePhoto": "https://storage.googleapis.com/candidate-thumbs/images/11-4-6.jpg"}, {"Unnamed: 0": 6691, "CandidateId": "670e82c4-041d-4f60-aa53-144dbb8add47", "CandidateNo": 7, "FirstName": "วุฒินันท์", "LastName": "บุญชู", "PartyName": "อนาคตใหม่", "PartyNumber": 177, "Title": "นาย", "Votable": true, "province_id": 11, "province_name": "สมุทรปราการ", "zone_number": 4, "PartyTerminated": false, "Age": 60, "Occupation": "ธุรกิจส่วนตัว", "HighestEducation": "ปริญญาโท", "ImageFileId": "5c5800f2fbcb5f1eec0f673c", "SelfIntroduceFileId": "5c58020afbcb5f1eec0f7a4b", "PartyLogo": "https://storage.googleapis.com/candidate-thumbs/party/177.png", "CandididatePhoto": "https://storage.googleapis.com/candidate-thumbs/images/11-4-7.jpg"}, {"Unnamed: 0": 6692, "CandidateId": "ebc5beb4-99f9-4735-abfc-ad1887060098", "CandidateNo": 8, "FirstName": "เสาวลักษณ์", "LastName": "ฤกษ์นาวี", "PartyName": "ประชาชนปฏิรูป", "PartyNumber": 176, "Title": "นางสาว", "Votable": true, "province_id": 11, "province_name": "สมุทรปราการ", "zone_number": 4, "PartyTerminated": false, "Age": 37, "Occupation": "พนักงานบริษัทเอกชน", "HighestEducation": "ปริญญาตรี", "ImageFileId": "5c592711fbcb5f1d88157e13", "SelfIntroduceFileId": "5c5a9e0ffbcb5f19bcab3c4e", "PartyLogo": "https://storage.googleapis.com/candidate-thumbs/party/176.png", "CandididatePhoto": "https://storage.googleapis.com/candidate-thumbs/images/11-4-8.jpg"}, {"Unnamed: 0": 6693, "CandidateId": "6335605c-be29-469e-83f7-19fad1e4fe54", "CandidateNo": 9, "FirstName": "ปิยะ", "LastName": "นาคทรัพย์", "PartyName": "ประชาธิปัตย์", "PartyNumber": 1, "Title": "นาย", "Votable": true, "province_id": 11, "province_name": "สมุทรปราการ", "zone_number": 4, "PartyTerminated": false, "Age": 45, "Occupation": "รองนายกองค์การบริหารส่วนตำบลบางแก้ว", "HighestEducation": "ปริญญาโท", "ImageFileId": "5c5aa05afbcb5f19bcab4ad1", "SelfIntroduceFileId": "5c5908c0fbcb5f1d88142f61", "PartyLogo": "https://storage.googleapis.com/candidate-thumbs/party/1.png", "CandididatePhoto": "https://storage.googleapis.com/candidate-thumbs/images/11-4-9.jpg"}, {"Unnamed: 0": 6694, "CandidateId": "3075645c-71b2-4a6f-ac00-af6697fdbd15", "CandidateNo": 10, "FirstName": "วรชัย", "LastName": "เหมะ", "PartyName": "เพื่อไทย", "PartyNumber": 34, "Title": "นาย", "Votable": true, "province_id": 11, "province_name": "สมุทรปราการ", "zone_number": 4, "PartyTerminated": false, "Age": 64, "Occupation": "ธุรกิจส่วนตัว", "HighestEducation": "ต่ำกว่าปริญญาตรี", "ImageFileId": "5c590a6ffbcb5f1d88144797", "SelfIntroduceFileId": "5c590bf0fbcb5f1d88145cee", "PartyLogo": "https://storage.googleapis.com/candidate-thumbs/party/34.png", "CandididatePhoto": "https://storage.googleapis.com/candidate-thumbs/images/11-4-10.jpg"}, {"Unnamed: 0": 6695, "CandidateId": "b672996a-241d-46d6-b767-8cbe7ac5ce92", "CandidateNo": 11, "FirstName": "ภัคเดช", "LastName": "วันวงษ์", "PartyName": "เสรีรวมไทย", "PartyNumber": 145, "Title": "นาย", "Votable": true, "province_id": 11, "province_name": "สมุทรปราการ", "zone_number": 4, "PartyTerminated": false, "Age": 60, "Occupation": "ธุรกิจส่วนตัว", "HighestEducation": "ปริญญาโท", "ImageFileId": "5c5d3788fbcb5f0fd885fdfa", "SelfIntroduceFileId": "5c590ec5fbcb5f1d881483b1", "PartyLogo": "https://storage.googleapis.com/candidate-thumbs/party/145.png", "CandididatePhoto": "https://storage.googleapis.com/candidate-thumbs/images/11-4-11.jpg"}, {"Unnamed: 0": 6696, "CandidateId": "a7204f56-93d8-4646-9d83-0863f09800f6", "CandidateNo": 12, "FirstName": "นิยม", "LastName": "บุญเต่าน้อย", "PartyName": "รักษ์ผืนป่าประเทศไทย", "PartyNumber": 133, "Title": "นาย", "Votable": true, "province_id": 11, "province_name": "สมุทรปราการ", "zone_number": 4, "PartyTerminated": false, "Age": 63, "Occupation": "ข้าราชการครู", "HighestEducation": "ปริญญาโท", "ImageFileId": "5c590f0ffbcb5f1d88148a60", "SelfIntroduceFileId": "5c5912e0fbcb5f1d8814c141", "PartyLogo": "https://storage.googleapis.com/candidate-thumbs/party/133.png", "CandididatePhoto": "https://storage.googleapis.com/candidate-thumbs/images/11-4-12.jpg"}, {"Unnamed: 0": 6697, "CandidateId": "f7e1a84a-243b-45fa-8881-94bd7c7bb502", "CandidateNo": 13, "FirstName": "จาตุรนต์", "LastName": "นกขมิ้น", "PartyName": "พลังประชารัฐ", "PartyNumber": 192, "Title": "นาย", "Votable": true, "province_id": 11, "province_name": "สมุทรปราการ", "zone_number": 4, "PartyTerminated": false, "Age": 28, "Occupation": "ธุรกิจส่วนตัว", "HighestEducation": "ปริญญาตรี", "ImageFileId": "5c591487fbcb5f1d8814d5f4", "SelfIntroduceFileId": "5c59170afbcb5f1d8814f056", "PartyLogo": "https://storage.googleapis.com/candidate-thumbs/party/192.png", "CandididatePhoto": "https://storage.googleapis.com/candidate-thumbs/images/11-4-13.jpg"}, {"Unnamed: 0": 6698, "CandidateId": "e3ae93ee-37dd-4a1d-8565-bd24022a93a6", "CandidateNo": 14, "FirstName": "สายัณต์", "LastName": "ทวีผล", "PartyName": "พลังท้องถิ่นไท", "PartyNumber": 124, "Title": "นาย", "Votable": true, "province_id": 11, "province_name": "สมุทรปราการ", "zone_number": 4, "PartyTerminated": false, "Age": 64, "Occupation": "ผู้ตัดสินกีฬาฟุตบอล จังหวัดสมุทรปราการ", "HighestEducation": "ต่ำกว่าปริญญาตรี", "ImageFileId": "5c591962fbcb5f1d881503cf", "SelfIntroduceFileId": "5c5d44a0fbcb5f0fd8867ffd", "PartyLogo": "https://storage.googleapis.com/candidate-thumbs/party/124.png", "CandididatePhoto": "https://storage.googleapis.com/candidate-thumbs/images/11-4-14.jpg"}, {"Unnamed: 0": 6699, "CandidateId": "5ca0d995-0fc2-4ea5-b029-725b31448237", "CandidateNo": 15, "FirstName": "โสภณ", "LastName": "มหาบุญ", "PartyName": "ชาติไทยพัฒนา", "PartyNumber": 55, "Title": "นาย", "Votable": true, "province_id": 11, "province_name": "สมุทรปราการ", "zone_number": 4, "PartyTerminated": false, "Age": 62, "Occupation": "ข้าราชการครู  ค.ศ.4 (ค.ศ.3)", "HighestEducation": "ปริญญาโท", "ImageFileId": "5c5d452efbcb5f0fd8868530", "SelfIntroduceFileId": "5c5d4661fbcb5f0fd88690ae", "PartyLogo": "https://storage.googleapis.com/candidate-thumbs/party/55.png", "CandididatePhoto": "https://storage.googleapis.com/candidate-thumbs/images/11-4-15.jpg"}, {"Unnamed: 0": 6700, "CandidateId": "72de70b7-c8a1-4210-957b-93a42a305b65", "CandidateNo": 16, "FirstName": "ชนัต", "LastName": "อภิชาติโยธิน", "PartyName": "ประชาธิปไตยใหม่", "PartyNumber": 109, "Title": "นาย", "Votable": true, "province_id": 11, "province_name": "สมุทรปราการ", "zone_number": 4, "PartyTerminated": false, "Age": 68, "Occupation": "ผู้ใหญ่บ้าน", "HighestEducation": "ต่ำกว่าปริญญาตรี", "ImageFileId": "5c59334cfbcb5f1d88162de6", "SelfIntroduceFileId": "5c5d4726fbcb5f0fd886989c", "PartyLogo": "https://storage.googleapis.com/candidate-thumbs/party/109.png", "CandididatePhoto": "https://storage.googleapis.com/candidate-thumbs/images/11-4-16.jpg"}, {"Unnamed: 0": 6701, "CandidateId": "09256945-9196-4adc-a875-2d79becad2cf", "CandidateNo": 17, "FirstName": "ปริญญา", "LastName": "สารนิเทศ", "PartyName": "เพื่อชาติ", "PartyNumber": 149, "Title": "นาย", "Votable": true, "province_id": 11, "province_name": "สมุทรปราการ", "zone_number": 4, "PartyTerminated": false, "Age": 72, "Occupation": "พนักงานการท่าเรือแห่งประเทศไทย", "HighestEducation": "ปริญญาตรี", "ImageFileId": "5c5a6324fbcb5f19bca9c663", "SelfIntroduceFileId": "5c5a65f3fbcb5f19bca9ddd0", "PartyLogo": "https://storage.googleapis.com/candidate-thumbs/party/149.png", "CandididatePhoto": "https://storage.googleapis.com/candidate-thumbs/images/11-4-17.jpg"}, {"Unnamed: 0": 6702, "CandidateId": "9801d0e7-3175-4a89-bf2a-b1c8fd5a2ab4", "CandidateNo": 18, "FirstName": "ผกามาศ", "LastName": "สายสว่าง", "PartyName": "ครูไทยเพื่อประชาชน", "PartyNumber": 118, "Title": "นางสาว", "Votable": true, "province_id": 11, "province_name": "สมุทรปราการ", "zone_number": 4, "PartyTerminated": false, "Age": 48, "Occupation": "พนักงานบริษัท/รับจ้าง", "HighestEducation": "ปริญญาโท", "ImageFileId": "5c5bd0fcfbcb5f16fc66c30b", "SelfIntroduceFileId": "5c5d0e36fbcb5f0fd884e7eb", "PartyLogo": "https://storage.googleapis.com/candidate-thumbs/party/118.png", "CandididatePhoto": "https://storage.googleapis.com/candidate-thumbs/images/11-4-18.jpg"}, {"Unnamed: 0": 6703, "CandidateId": "70f2ef4d-d511-4b3c-a9d5-a906a571ef29", "CandidateNo": 19, "FirstName": "สุระไชย", "LastName": "บัวลา", "PartyName": "พลังชาติไทย", "PartyNumber": 186, "Title": "นาย", "Votable": true, "province_id": 11, "province_name": "สมุทรปราการ", "zone_number": 4, "PartyTerminated": false, "Age": 63, "Occupation": "ค้าขาย", "HighestEducation": "ต่ำกว่าปริญญาตรี", "ImageFileId": "5c5bef64fbcb5f16fc67c1ac", "SelfIntroduceFileId": "5c5cfdb2fbcb5f0fd8846d22", "PartyLogo": "https://storage.googleapis.com/candidate-thumbs/party/186.png", "CandididatePhoto": "https://storage.googleapis.com/candidate-thumbs/images/11-4-19.jpg"}, {"Unnamed: 0": 6704, "CandidateId": "34796fa5-395f-4f90-8f76-3e2eaf2a5e10", "CandidateNo": 20, "FirstName": "สุธิดา", "LastName": "การะเกตุ", "PartyName": "เศรษฐกิจใหม่", "PartyNumber": 193, "Title": "นาง", "Votable": true, "province_id": 11, "province_name": "สมุทรปราการ", "zone_number": 4, "PartyTerminated": false, "Age": 57, "Occupation": "จิตอาสาและองค์เพื่อสังคม", "HighestEducation": "ปริญญาเอก", "ImageFileId": "5c5bedacfbcb5f16fc67b19c", "SelfIntroduceFileId": "5c5cf67cfbcb5f16fc69193c", "PartyLogo": "https://storage.googleapis.com/candidate-thumbs/party/193.png", "CandididatePhoto": "https://storage.googleapis.com/candidate-thumbs/images/11-4-20.jpg"}, {"Unnamed: 0": 6705, "CandidateId": "ab1eb616-238e-499b-9f6c-ac382059ce47", "CandidateNo": 21, "FirstName": "เสน่ห์", "LastName": "พึ่งทอง", "PartyName": "พลังไทสร้างชาติ", "PartyNumber": 200, "Title": "นาย", "Votable": true, "province_id": 11, "province_name": "สมุทรปราการ", "zone_number": 4, "PartyTerminated": false, "Age": 65, "Occupation": "ธุรกิจส่วนตัว", "HighestEducation": "ปริญญาตรี", "ImageFileId": "5c5d1b4dfbcb5f0fd8851caf", "SelfIntroduceFileId": "5c5d1ce9fbcb5f0fd8852779", "PartyLogo": "https://storage.googleapis.com/candidate-thumbs/party/200.png", "CandididatePhoto": "https://storage.googleapis.com/candidate-thumbs/images/11-4-21.jpg"}, {"Unnamed: 0": 6706, "CandidateId": "842bada0-9d52-485b-8024-b7373a6c098c", "CandidateNo": 22, "FirstName": "สุรเชษฐ์", "LastName": "หนูปุ้ย", "PartyName": "รวมพลังประชาชาติไทย", "PartyNumber": 181, "Title": "นาย", "Votable": true, "province_id": 11, "province_name": "สมุทรปราการ", "zone_number": 4, "PartyTerminated": false, "Age": 45, "Occupation": "ธุรกิจส่วนตัว", "HighestEducation": "ต่ำกว่าปริญญาตรี", "ImageFileId": "5c5d1dc3fbcb5f0fd8852d5e", "SelfIntroduceFileId": "5c5d2196fbcb5f0fd8854dde", "PartyLogo": "https://storage.googleapis.com/candidate-thumbs/party/181.png", "CandididatePhoto": "https://storage.googleapis.com/candidate-thumbs/images/11-4-22.jpg"}, {"Unnamed: 0": 6707, "CandidateId": "94f054ac-d607-45e4-8464-43c024c5baf6", "CandidateNo": 23, "FirstName": "น้ำทิพย์", "LastName": "ปิ่นกุล", "PartyName": "ภาคีเครือข่ายไทย", "PartyNumber": 211, "Title": "นางสาว", "Votable": true, "province_id": 11, "province_name": "สมุทรปราการ", "zone_number": 4, "PartyTerminated": false, "Age": 56, "Occupation": "ธุรกิจส่วนตัว", "HighestEducation": "ต่ำกว่าปริญญาตรี", "ImageFileId": "5c5d233bfbcb5f0fd8855a05", "SelfIntroduceFileId": "5c5d272ffbcb5f0fd88576e7", "PartyLogo": "https://storage.googleapis.com/candidate-thumbs/party/211.png", "CandididatePhoto": "https://storage.googleapis.com/candidate-thumbs/images/11-4-23.jpg"}, {"Unnamed: 0": 6708, "CandidateId": "fd307407-8503-40cc-b702-f3e5fed36ef9", "CandidateNo": 24, "FirstName": "พรณิชา", "LastName": "จ่างแก้ว", "PartyName": "ไทยศรีวิไลย์", "PartyNumber": 180, "Title": "นางสาว", "Votable": true, "province_id": 11, "province_name": "สมุทรปราการ", "zone_number": 4, "PartyTerminated": false, "Age": 30, "Occupation": "รับจ้างทั่วไป", "HighestEducation": "ปริญญาตรี", "ImageFileId": "5c5d27edfbcb5f0fd8857ddb", "SelfIntroduceFileId": "5c5d2ca3fbcb5f0fd885a359", "PartyLogo": "https://storage.googleapis.com/candidate-thumbs/party/180.png", "CandididatePhoto": "https://storage.googleapis.com/candidate-thumbs/images/11-4-24.jpg"}, {"Unnamed: 0": 6709, "CandidateId": "9311023f-9b96-42f0-a9cf-55b5de1d389e", "CandidateNo": 25, "FirstName": "ทวี", "LastName": "โยวะผุย", "PartyName": "ไทรักธรรม", "PartyNumber": 144, "Title": "นาย", "Votable": true, "province_id": 11, "province_name": "สมุทรปราการ", "zone_number": 4, "PartyTerminated": false, "Age": 69, "Occupation": "รับจ้าง", "HighestEducation": "ต่ำกว่าปริญญาตรี", "ImageFileId": "5c5d4a79fbcb5f0fd886c1a7", "SelfIntroduceFileId": "5c5d51a6fbcb5f0fd8870c84", "PartyLogo": "https://storage.googleapis.com/candidate-thumbs/party/144.png", "CandididatePhoto": "https://storage.googleapis.com/candidate-thumbs/images/11-4-25.jpg"}, {"Unnamed: 0": 6710, "CandidateId": "817f686b-13d1-40a0-8b2e-8335ec413fb8", "CandidateNo": 26, "FirstName": "ณัฐพงศ์", "LastName": "อินทรภูมิ", "PartyName": "มหาชน", "PartyNumber": 4, "Title": "นาย", "Votable": false, "province_id": 11, "province_name": "สมุทรปราการ", "zone_number": 4, "PartyTerminated": false, "Age": 32, "Occupation": "รับจ้าง", "HighestEducation": "ต่ำกว่าปริญญาตรี", "ImageFileId": "5c5d4c25fbcb5f0fd886d4df", "SelfIntroduceFileId": "5c5d531efbcb5f0fd8871de7", "PartyLogo": "https://storage.googleapis.com/candidate-thumbs/party/4.png", "CandididatePhoto": "https://storage.googleapis.com/candidate-thumbs/images/11-4-26.jpg"}, {"Unnamed: 0": 6711, "CandidateId": "b66507b5-3ada-4e9d-b046-fd7a95dc1671", "CandidateNo": 27, "FirstName": "เจริญ", "LastName": "สุกใส", "PartyName": "ประชานิยม", "PartyNumber": 191, "Title": "นาย", "Votable": true, "province_id": 11, "province_name": "สมุทรปราการ", "zone_number": 4, "PartyTerminated": false, "Age": 64, "Occupation": "ธุรกิจส่วนตัว", "HighestEducation": "ต่ำกว่าปริญญาตรี", "ImageFileId": "5c5d560efbcb5f0fd8874963", "SelfIntroduceFileId": "5c5d5901fbcb5f0fd8876d76", "PartyLogo": "https://storage.googleapis.com/candidate-thumbs/party/191.png", "CandididatePhoto": "https://storage.googleapis.com/candidate-thumbs/images/11-4-27.jpg"}]