[{"Unnamed: 0": 8133, "CandidateId": "c026f30f-2db1-483c-a917-a26a0c8606a9", "CandidateNo": 1, "FirstName": "ดีเลิศ", "LastName": "ทองแท่นแก้ว", "PartyName": "ประชานิยม", "PartyNumber": 191, "Title": "นาย", "Votable": true, "province_id": 90, "province_name": "สงขลา", "zone_number": 3, "PartyTerminated": false, "Age": 50, "Occupation": "ค้าขาย", "HighestEducation": "ต่ำกว่าปริญญาตรี", "ImageFileId": "5c57b7d8fbcb5f1eec0d2957", "SelfIntroduceFileId": "5c58f3b1fbcb5f1d88134219", "PartyLogo": "https://storage.googleapis.com/candidate-thumbs/party/191.png", "CandididatePhoto": "https://storage.googleapis.com/candidate-thumbs/images/90-3-1.jpg"}, {"Unnamed: 0": 8134, "CandidateId": "a9ab99fe-9d55-4d73-8daf-fbbb74aeb2ef", "CandidateNo": 2, "FirstName": "กิตติโชติ", "LastName": "เถี้ยมดำ", "PartyName": "เพื่อธรรม", "PartyNumber": 98, "Title": "นาย", "Votable": true, "province_id": 90, "province_name": "สงขลา", "zone_number": 3, "PartyTerminated": false, "Age": 55, "Occupation": "รับจ้างทั่วไป", "HighestEducation": "ปริญญาโท", "ImageFileId": "5c58f438fbcb5f1d8813467a", "SelfIntroduceFileId": "5c58f5bbfbcb5f1d88135575", "PartyLogo": "https://storage.googleapis.com/candidate-thumbs/party/98.png", "CandididatePhoto": "https://storage.googleapis.com/candidate-thumbs/images/90-3-2.jpg"}, {"Unnamed: 0": 8135, "CandidateId": "7b0a45b9-d07a-4553-9001-2b23ee6254db", "CandidateNo": 3, "FirstName": "ทัสนันทน์", "LastName": "บุญเกิด", "PartyName": "คลองไทย", "PartyNumber": 189, "Title": "นาง", "Votable": true, "province_id": 90, "province_name": "สงขลา", "zone_number": 3, "PartyTerminated": false, "Age": 63, "Occupation": "นักธุรกิจ", "HighestEducation": "ปริญญาตรี", "ImageFileId": "5c58f5ebfbcb5f1d88135736", "SelfIntroduceFileId": "5c58f878fbcb5f1d88137362", "PartyLogo": "https://storage.googleapis.com/candidate-thumbs/party/189.png", "CandididatePhoto": "https://storage.googleapis.com/candidate-thumbs/images/90-3-3.jpg"}, {"Unnamed: 0": 8136, "CandidateId": "21b7ccc8-abf3-441c-a4b0-0b34426476d7", "CandidateNo": 4, "FirstName": "ดลเล๊าะ", "LastName": "จิสวัสดิ์", "PartyName": "ประชาชาติ", "PartyNumber": 187, "Title": "นาย", "Votable": true, "province_id": 90, "province_name": "สงขลา", "zone_number": 3, "PartyTerminated": false, "Age": 62, "Occupation": "ทำสวน - เกษตรกรรม", "HighestEducation": "ปริญญาตรี", "ImageFileId": "5c5a71f8fbcb5f19bcaa0dab", "SelfIntroduceFileId": "5c58fae0fbcb5f1d88138bd4", "PartyLogo": "https://storage.googleapis.com/candidate-thumbs/party/187.png", "CandididatePhoto": "https://storage.googleapis.com/candidate-thumbs/images/90-3-4.jpg"}, {"Unnamed: 0": 8137, "CandidateId": "78e469b7-7abf-459a-9e58-503828f7609a", "CandidateNo": 5, "FirstName": "ฌาฆีภัตฐ์", "LastName": "เพชรคง", "PartyName": "อนาคตใหม่", "PartyNumber": 177, "Title": "นาย", "Votable": true, "province_id": 90, "province_name": "สงขลา", "zone_number": 3, "PartyTerminated": false, "Age": 37, "Occupation": "ธุรกิจส่วนตัว", "HighestEducation": "ปริญญาตรี", "ImageFileId": "5c58fc12fbcb5f1d88139882", "SelfIntroduceFileId": "5c58ff40fbcb5f1d8813b854", "PartyLogo": "https://storage.googleapis.com/candidate-thumbs/party/177.png", "CandididatePhoto": "https://storage.googleapis.com/candidate-thumbs/images/90-3-5.jpg"}, {"Unnamed: 0": 8138, "CandidateId": "08736bda-ae4f-477a-ab94-40ac493f224a", "CandidateNo": 6, "FirstName": "พยม", "LastName": "พรหมเพชร", "PartyName": "พลังประชารัฐ", "PartyNumber": 192, "Title": "นาย", "Votable": true, "province_id": 90, "province_name": "สงขลา", "zone_number": 3, "PartyTerminated": false, "Age": 67, "Occupation": "ธุรกิจส่วนตัว (งานพิธีกร)", "HighestEducation": "ปริญญาตรี", "ImageFileId": "5c5902bafbcb5f1d8813e529", "SelfIntroduceFileId": "5c5903c6fbcb5f1d8813f09c", "PartyLogo": "https://storage.googleapis.com/candidate-thumbs/party/192.png", "CandididatePhoto": "https://storage.googleapis.com/candidate-thumbs/images/90-3-6.jpg"}, {"Unnamed: 0": 8139, "CandidateId": "1be287fd-83b9-4e91-90a7-6234eb0a22a6", "CandidateNo": 7, "FirstName": "สุรินทร์", "LastName": "คำคง", "PartyName": "ชาติไทยพัฒนา", "PartyNumber": 55, "Title": "นาย", "Votable": true, "province_id": 90, "province_name": "สงขลา", "zone_number": 3, "PartyTerminated": false, "Age": 64, "Occupation": "ธุรกิจส่วนตัว", "HighestEducation": "ต่ำกว่าปริญญาตรี", "ImageFileId": "5c5a7292fbcb5f19bcaa102d", "SelfIntroduceFileId": "5c590540fbcb5f1d881401f3", "PartyLogo": "https://storage.googleapis.com/candidate-thumbs/party/55.png", "CandididatePhoto": "https://storage.googleapis.com/candidate-thumbs/images/90-3-7.jpg"}, {"Unnamed: 0": 8140, "CandidateId": "30effedb-583b-4790-ac9a-5277c866e87f", "CandidateNo": 8, "FirstName": "สุคนธ์", "LastName": "เรืองกูล", "PartyName": "ภูมิใจไทย", "PartyNumber": 63, "Title": "นาย", "Votable": true, "province_id": 90, "province_name": "สงขลา", "zone_number": 3, "PartyTerminated": false, "Age": 55, "Occupation": "นักการเมือง สมาชิกสภาองค์การบริหารส่วนจังหวัดสงขลา", "HighestEducation": "ปริญญาตรี", "ImageFileId": "5c5a7327fbcb5f19bcaa11b0", "SelfIntroduceFileId": "5c5909dcfbcb5f1d88143f0e", "PartyLogo": "https://storage.googleapis.com/candidate-thumbs/party/63.png", "CandididatePhoto": "https://storage.googleapis.com/candidate-thumbs/images/90-3-8.jpg"}, {"Unnamed: 0": 8141, "CandidateId": "a1834962-c176-45f9-bbfa-d3ea487a0efc", "CandidateNo": 9, "FirstName": "วราพงศ์", "LastName": "หรีรักษ์", "PartyName": "รวมพลังประชาชาติไทย", "PartyNumber": 181, "Title": "นาย", "Votable": true, "province_id": 90, "province_name": "สงขลา", "zone_number": 3, "PartyTerminated": false, "Age": 54, "Occupation": "นักกอล์ฟอาชีพ", "HighestEducation": "ต่ำกว่าปริญญาตรี", "ImageFileId": "5c5a7375fbcb5f19bcaa12c3", "SelfIntroduceFileId": "5c5915f0fbcb5f1d8814e658", "PartyLogo": "https://storage.googleapis.com/candidate-thumbs/party/181.png", "CandididatePhoto": "https://storage.googleapis.com/candidate-thumbs/images/90-3-9.jpg"}, {"Unnamed: 0": 8142, "CandidateId": "32ae5379-af20-4611-a846-e0ff311cb0ff", "CandidateNo": 10, "FirstName": "กชตยา", "LastName": "เย็นใจ", "PartyName": "ชาติพัฒนา", "PartyNumber": 45, "Title": "นางสาว", "Votable": true, "province_id": 90, "province_name": "สงขลา", "zone_number": 3, "PartyTerminated": false, "Age": 49, "Occupation": "รับจ้าง", "HighestEducation": "ปริญญาตรี", "ImageFileId": "5c5911c8fbcb5f1d8814b2f0", "SelfIntroduceFileId": "5c591418fbcb5f1d8814d169", "PartyLogo": "https://storage.googleapis.com/candidate-thumbs/party/45.png", "CandididatePhoto": "https://storage.googleapis.com/candidate-thumbs/images/90-3-10.jpg"}, {"Unnamed: 0": 8143, "CandidateId": "10335036-4e76-45d6-a3dc-5d11b77fec27", "CandidateNo": 11, "FirstName": "คล่อง", "LastName": "ศิริวัฒน์", "PartyName": "เสรีรวมไทย", "PartyNumber": 145, "Title": "นาย", "Votable": true, "province_id": 90, "province_name": "สงขลา", "zone_number": 3, "PartyTerminated": false, "Age": 62, "Occupation": "รับราชการ", "HighestEducation": "ปริญญาโท", "ImageFileId": "5c591065fbcb5f1d88149fa6", "SelfIntroduceFileId": "5c591147fbcb5f1d8814aa68", "PartyLogo": "https://storage.googleapis.com/candidate-thumbs/party/145.png", "CandididatePhoto": "https://storage.googleapis.com/candidate-thumbs/images/90-3-11.jpg"}, {"Unnamed: 0": 8144, "CandidateId": "b05b95df-ada5-464e-83f4-e382e9fc3a82", "CandidateNo": 12, "FirstName": "เกียรติศักดิ์", "LastName": "สุวรรณบุบผา", "PartyName": "ไทยรักษาชาติ", "PartyNumber": 77, "Title": "นาย", "Votable": true, "province_id": 90, "province_name": "สงขลา", "zone_number": 3, "PartyTerminated": true, "Age": 53, "Occupation": "ทนายความ", "HighestEducation": "ปริญญาตรี", "ImageFileId": "5c590ed9fbcb5f1d881484ef", "SelfIntroduceFileId": "5c59100bfbcb5f1d881499e9", "PartyLogo": "https://storage.googleapis.com/candidate-thumbs/party/77.png", "CandididatePhoto": "https://storage.googleapis.com/candidate-thumbs/images/90-3-12.jpg"}, {"Unnamed: 0": 8145, "CandidateId": "4ef62c95-1e0f-4b84-b3a3-10371565f821", "CandidateNo": 13, "FirstName": "สมคิด", "LastName": "จินตรัตน์", "PartyName": "แผ่นดินธรรม", "PartyNumber": 188, "Title": "นาย", "Votable": true, "province_id": 90, "province_name": "สงขลา", "zone_number": 3, "PartyTerminated": false, "Age": 55, "Occupation": "รับจ้างทั่วไป", "HighestEducation": "ปริญญาตรี", "ImageFileId": "5c590d19fbcb5f1d88146e42", "SelfIntroduceFileId": "5c590e7cfbcb5f1d88148099", "PartyLogo": "https://storage.googleapis.com/candidate-thumbs/party/188.png", "CandididatePhoto": "https://storage.googleapis.com/candidate-thumbs/images/90-3-13.jpg"}, {"Unnamed: 0": 8146, "CandidateId": "d7ab0caa-dce4-471c-89de-56bfea6ca267", "CandidateNo": 14, "FirstName": "ธนพร", "LastName": "ทองชุม", "PartyName": "ประชาภิวัฒน์", "PartyNumber": 172, "Title": "นางสาว", "Votable": true, "province_id": 90, "province_name": "สงขลา", "zone_number": 3, "PartyTerminated": false, "Age": 32, "Occupation": "ค้าขาย", "HighestEducation": "ปริญญาตรี", "ImageFileId": "5c590c2efbcb5f1d8814628e", "SelfIntroduceFileId": "5c590ce4fbcb5f1d88146b54", "PartyLogo": "https://storage.googleapis.com/candidate-thumbs/party/172.png", "CandididatePhoto": "https://storage.googleapis.com/candidate-thumbs/images/90-3-14.jpg"}, {"Unnamed: 0": 8147, "CandidateId": "321670c4-b47a-4ce4-a818-7d18d866074d", "CandidateNo": 15, "FirstName": "เดมวุฒิชาติ", "LastName": "เก็มเบ็ญหมาด", "PartyName": "เพื่อชาติ", "PartyNumber": 149, "Title": "นาย", "Votable": true, "province_id": 90, "province_name": "สงขลา", "zone_number": 3, "PartyTerminated": false, "Age": 52, "Occupation": "ค้าขาย", "HighestEducation": "ปริญญาตรี", "ImageFileId": "5c5a7606fbcb5f19bcaa2101", "SelfIntroduceFileId": "5c592405fbcb5f1d88155a46", "PartyLogo": "https://storage.googleapis.com/candidate-thumbs/party/149.png", "CandididatePhoto": "https://storage.googleapis.com/candidate-thumbs/images/90-3-15.jpg"}, {"Unnamed: 0": 8148, "CandidateId": "725622aa-16e6-4aa9-b8cb-e237d350892f", "CandidateNo": 16, "FirstName": "สษิณปภา", "LastName": "ภู่อภิรมย์", "PartyName": "ภราดรภาพ", "PartyNumber": 154, "Title": "นางสาว", "Votable": true, "province_id": 90, "province_name": "สงขลา", "zone_number": 3, "PartyTerminated": false, "Age": 42, "Occupation": "ธุรกิจส่วนตัว", "HighestEducation": "ปริญญาตรี", "ImageFileId": "5c59356efbcb5f1d881648a8", "SelfIntroduceFileId": "5c593703fbcb5f1d88165f22", "PartyLogo": "https://storage.googleapis.com/candidate-thumbs/party/154.png", "CandididatePhoto": "https://storage.googleapis.com/candidate-thumbs/images/90-3-16.jpg"}, {"Unnamed: 0": 8149, "CandidateId": "8a24649e-baeb-444a-aec0-78dcbf91e38f", "CandidateNo": 17, "FirstName": "ศรีคมคาย", "LastName": "วดีศิริศักดิ์", "PartyName": "ประชาชนปฏิรูป", "PartyNumber": 176, "Title": "นางสาว", "Votable": true, "province_id": 90, "province_name": "สงขลา", "zone_number": 3, "PartyTerminated": false, "Age": 51, "Occupation": "ตัวแทนขายประกันชีวิต บ.พรูเด็นเชี่ยล", "HighestEducation": "ต่ำกว่าปริญญาตรี", "ImageFileId": "5c59379efbcb5f1d8816683e", "SelfIntroduceFileId": "5c5938c4fbcb5f1d88167a54", "PartyLogo": "https://storage.googleapis.com/candidate-thumbs/party/176.png", "CandididatePhoto": "https://storage.googleapis.com/candidate-thumbs/images/90-3-17.jpg"}, {"Unnamed: 0": 8150, "CandidateId": "50105bc2-400b-494f-9882-e7b87979c452", "CandidateNo": 18, "FirstName": "สุพลชัย", "LastName": "ชูกำเนิด", "PartyName": "พลังท้องถิ่นไท", "PartyNumber": 124, "Title": "นาย", "Votable": true, "province_id": 90, "province_name": "สงขลา", "zone_number": 3, "PartyTerminated": false, "Age": 64, "Occupation": "ธุรกิจส่วนตัว", "HighestEducation": "ปริญญาโท", "ImageFileId": "5c5a561efbcb5f19bca95b93", "SelfIntroduceFileId": "5c5a5720fbcb5f19bca96393", "PartyLogo": "https://storage.googleapis.com/candidate-thumbs/party/124.png", "CandididatePhoto": "https://storage.googleapis.com/candidate-thumbs/images/90-3-18.jpg"}, {"Unnamed: 0": 8151, "CandidateId": "f1e0bda7-f42e-4120-94d2-aa43c9899320", "CandidateNo": 19, "FirstName": "กวิภพ", "LastName": "เทพแก้ว", "PartyName": "เพื่อแผ่นดิน", "PartyNumber": 41, "Title": "นาย", "Votable": true, "province_id": 90, "province_name": "สงขลา", "zone_number": 3, "PartyTerminated": false, "Age": 35, "Occupation": "พนักงานบริษัท", "HighestEducation": "ปริญญาตรี", "ImageFileId": "5c5a5799fbcb5f19bca96786", "SelfIntroduceFileId": "5c5a5905fbcb5f19bca97269", "PartyLogo": "https://storage.googleapis.com/candidate-thumbs/party/41.png", "CandididatePhoto": "https://storage.googleapis.com/candidate-thumbs/images/90-3-19.jpg"}, {"Unnamed: 0": 8152, "CandidateId": "c97fa27e-d510-4a9e-b131-824d9c88bf73", "CandidateNo": 20, "FirstName": "สกุลไทย", "LastName": "สุวรรณแท้", "PartyName": "รักษ์ผืนป่าประเทศไทย", "PartyNumber": 133, "Title": "นาย", "Votable": true, "province_id": 90, "province_name": "สงขลา", "zone_number": 3, "PartyTerminated": false, "Age": 60, "Occupation": "ทนายความ", "HighestEducation": "ปริญญาตรี", "ImageFileId": "5c5a8992fbcb5f19bcaaabca", "SelfIntroduceFileId": NaN, "PartyLogo": "https://storage.googleapis.com/candidate-thumbs/party/133.png", "CandididatePhoto": "https://storage.googleapis.com/candidate-thumbs/images/90-3-20.jpg"}, {"Unnamed: 0": 8153, "CandidateId": "fb4d0b46-8590-4765-8152-26af5bdcd4db", "CandidateNo": 21, "FirstName": "อรุณ", "LastName": "เอ้งเถี้ยว", "PartyName": "ไทยศรีวิไลย์", "PartyNumber": 180, "Title": "นาย", "Votable": true, "province_id": 90, "province_name": "สงขลา", "zone_number": 3, "PartyTerminated": false, "Age": 56, "Occupation": "รับเหมาก่อสร้าง", "HighestEducation": "ต่ำกว่าปริญญาตรี", "ImageFileId": "5c5aa16bfbcb5f19bcab51e6", "SelfIntroduceFileId": "5c5aa337fbcb5f19bcab60b6", "PartyLogo": "https://storage.googleapis.com/candidate-thumbs/party/180.png", "CandididatePhoto": "https://storage.googleapis.com/candidate-thumbs/images/90-3-21.jpg"}, {"Unnamed: 0": 8154, "CandidateId": "9929dd1d-f21b-4b18-8eeb-6d49692b777d", "CandidateNo": 22, "FirstName": "จินตนา", "LastName": "สังฆรักษ์", "PartyName": "พลังธรรมใหม่", "PartyNumber": 175, "Title": "นางสาว", "Votable": true, "province_id": 90, "province_name": "สงขลา", "zone_number": 3, "PartyTerminated": false, "Age": 56, "Occupation": "ข้าราชการบำนาญ", "HighestEducation": "ปริญญาโท", "ImageFileId": "5c5b9139fbcb5f16fc65309d", "SelfIntroduceFileId": "5c5b937bfbcb5f16fc653bd0", "PartyLogo": "https://storage.googleapis.com/candidate-thumbs/party/175.png", "CandididatePhoto": "https://storage.googleapis.com/candidate-thumbs/images/90-3-22.jpg"}, {"Unnamed: 0": 8155, "CandidateId": "91196463-43f4-414b-8d9b-06d28f5ab4b2", "CandidateNo": 23, "FirstName": "นิติธรรมวัฒน์", "LastName": "รัตนสุวรรณ", "PartyName": "ครูไทยเพื่อประชาชน", "PartyNumber": 118, "Title": "นาย", "Votable": true, "province_id": 90, "province_name": "สงขลา", "zone_number": 3, "PartyTerminated": false, "Age": 54, "Occupation": "ทนายความ", "HighestEducation": "ปริญญาตรี", "ImageFileId": "5c5baec0fbcb5f16fc65edc0", "SelfIntroduceFileId": "5c5baf93fbcb5f16fc65f614", "PartyLogo": "https://storage.googleapis.com/candidate-thumbs/party/118.png", "CandididatePhoto": "https://storage.googleapis.com/candidate-thumbs/images/90-3-23.jpg"}, {"Unnamed: 0": 8156, "CandidateId": "cd56d7f8-f095-4cd0-bb0b-fa29ccf60789", "CandidateNo": 24, "FirstName": "พูลเดช", "LastName": "อุเทนพันธ์", "PartyName": "เศรษฐกิจใหม่", "PartyNumber": 193, "Title": "นาย", "Votable": true, "province_id": 90, "province_name": "สงขลา", "zone_number": 3, "PartyTerminated": false, "Age": 62, "Occupation": "รับราชการ (นายอำเภอ)", "HighestEducation": "ปริญญาโท", "ImageFileId": "5c5bafdafbcb5f16fc65f77d", "SelfIntroduceFileId": "5c5bb0c8fbcb5f16fc65ff43", "PartyLogo": "https://storage.googleapis.com/candidate-thumbs/party/193.png", "CandididatePhoto": "https://storage.googleapis.com/candidate-thumbs/images/90-3-24.jpg"}, {"Unnamed: 0": 8157, "CandidateId": "d6b744f0-9690-4f3f-8229-3315c2ef0394", "CandidateNo": 25, "FirstName": "พรกนก", "LastName": "มูหัมหมัด", "PartyName": "พลังปวงชนไทย", "PartyNumber": 184, "Title": "นางสาว", "Votable": true, "province_id": 90, "province_name": "สงขลา", "zone_number": 3, "PartyTerminated": false, "Age": 42, "Occupation": "ตัวแทนประกันชีวิต", "HighestEducation": "ต่ำกว่าปริญญาตรี", "ImageFileId": "5c5bb143fbcb5f16fc660534", "SelfIntroduceFileId": "5c5bb2defbcb5f16fc6613bd", "PartyLogo": "https://storage.googleapis.com/candidate-thumbs/party/184.png", "CandididatePhoto": "https://storage.googleapis.com/candidate-thumbs/images/90-3-25.jpg"}, {"Unnamed: 0": 8158, "CandidateId": "0e7fdc4a-b623-4975-a09f-56a1717e7075", "CandidateNo": 26, "FirstName": "ศรุตา", "LastName": "พุทธวิโร", "PartyName": "พลังไทสร้างชาติ", "PartyNumber": 200, "Title": "นางสาว", "Votable": true, "province_id": 90, "province_name": "สงขลา", "zone_number": 3, "PartyTerminated": false, "Age": 36, "Occupation": "ผู้จัดการฝ่ายพลาซ่าเทสโก้โลตัส", "HighestEducation": "ต่ำกว่าปริญญาตรี", "ImageFileId": "5c5bea5ffbcb5f16fc6793df", "SelfIntroduceFileId": "5c5bef10fbcb5f16fc67be5f", "PartyLogo": "https://storage.googleapis.com/candidate-thumbs/party/200.png", "CandididatePhoto": "https://storage.googleapis.com/candidate-thumbs/images/90-3-26.jpg"}, {"Unnamed: 0": 8159, "CandidateId": "79cf44c2-f284-4956-8270-3140eb6bd0b0", "CandidateNo": 27, "FirstName": "ธนภัทร", "LastName": "แก้วสองสี", "PartyName": "ทางเลือกใหม่", "PartyNumber": 170, "Title": "นาง", "Votable": true, "province_id": 90, "province_name": "สงขลา", "zone_number": 3, "PartyTerminated": false, "Age": 45, "Occupation": "ธุรกิจส่วนตัว (อสังหาริมทรัพย์)", "HighestEducation": "ต่ำกว่าปริญญาตรี", "ImageFileId": "5c5bef6cfbcb5f16fc67c1fd", "SelfIntroduceFileId": "5c5bf0d5fbcb5f16fc67cbdb", "PartyLogo": "https://storage.googleapis.com/candidate-thumbs/party/170.png", "CandididatePhoto": "https://storage.googleapis.com/candidate-thumbs/images/90-3-27.jpg"}, {"Unnamed: 0": 8160, "CandidateId": "81124c53-2600-4e3f-9901-ef01767f0741", "CandidateNo": 28, "FirstName": "อติวิชช์", "LastName": "ไพบูรณ์สมบัติ", "PartyName": "มหาชน", "PartyNumber": 4, "Title": "นาย", "Votable": true, "province_id": 90, "province_name": "สงขลา", "zone_number": 3, "PartyTerminated": false, "Age": 48, "Occupation": "ธุรกิจส่วนตัว", "HighestEducation": "ต่ำกว่าปริญญาตรี", "ImageFileId": "5c5bf1e8fbcb5f16fc67d5d7", "SelfIntroduceFileId": "5c5bf387fbcb5f16fc67e5da", "PartyLogo": "https://storage.googleapis.com/candidate-thumbs/party/4.png", "CandididatePhoto": "https://storage.googleapis.com/candidate-thumbs/images/90-3-28.jpg"}, {"Unnamed: 0": 8161, "CandidateId": "a2aa8ce8-88b3-4f0a-8d61-c3249f39540b", "CandidateNo": 29, "FirstName": "วิรัตน์", "LastName": "กัลยาศิริ", "PartyName": "ประชาธิปัตย์", "PartyNumber": 1, "Title": "นาย", "Votable": true, "province_id": 90, "province_name": "สงขลา", "zone_number": 3, "PartyTerminated": false, "Age": 68, "Occupation": "ทนายความ", "HighestEducation": "ปริญญาโท", "ImageFileId": "5c5cf2bbfbcb5f16fc690028", "SelfIntroduceFileId": "5c5cf61afbcb5f16fc69166c", "PartyLogo": "https://storage.googleapis.com/candidate-thumbs/party/1.png", "CandididatePhoto": "https://storage.googleapis.com/candidate-thumbs/images/90-3-29.jpg"}, {"Unnamed: 0": 8162, "CandidateId": "8da7207e-41ab-4d61-a729-6211b4ae3998", "CandidateNo": 30, "FirstName": "จรงค์", "LastName": "ซุ่นพงศ์", "PartyName": "พลังสังคม", "PartyNumber": 198, "Title": "นาย", "Votable": true, "province_id": 90, "province_name": "สงขลา", "zone_number": 3, "PartyTerminated": false, "Age": 69, "Occupation": "ข้าราชการครู", "HighestEducation": "ปริญญาตรี", "ImageFileId": "5c5d0554fbcb5f0fd884af45", "SelfIntroduceFileId": "5c5d1b25fbcb5f0fd8851bc6", "PartyLogo": "https://storage.googleapis.com/candidate-thumbs/party/198.png", "CandididatePhoto": "https://storage.googleapis.com/candidate-thumbs/images/90-3-30.jpg"}, {"Unnamed: 0": 8163, "CandidateId": "9eb375ef-e7cd-4502-8029-2b58721bc735", "CandidateNo": 31, "FirstName": "เนติมา", "LastName": "สะระ", "PartyName": "พลังไทยรักชาติ", "PartyNumber": 155, "Title": "นางสาว", "Votable": true, "province_id": 90, "province_name": "สงขลา", "zone_number": 3, "PartyTerminated": false, "Age": 25, "Occupation": "นักศึกษา", "HighestEducation": "ปริญญาตรี", "ImageFileId": "5c5d227efbcb5f0fd88555b4", "SelfIntroduceFileId": "5c5d232cfbcb5f0fd88559b5", "PartyLogo": "https://storage.googleapis.com/candidate-thumbs/party/155.png", "CandididatePhoto": "https://storage.googleapis.com/candidate-thumbs/images/90-3-31.jpg"}, {"Unnamed: 0": 8164, "CandidateId": "5790a7a8-5546-4b9e-bc82-442477169082", "CandidateNo": 32, "FirstName": "เรือง", "LastName": "เกื้อสุข", "PartyName": "ภาคีเครือข่ายไทย", "PartyNumber": 211, "Title": "นาย", "Votable": true, "province_id": 90, "province_name": "สงขลา", "zone_number": 3, "PartyTerminated": false, "Age": 58, "Occupation": "ธุรกิจส่วนตัว", "HighestEducation": "ปริญญาตรี", "ImageFileId": "5c5d46fcfbcb5f0fd886964a", "SelfIntroduceFileId": "5c5d47a5fbcb5f0fd8869e5f", "PartyLogo": "https://storage.googleapis.com/candidate-thumbs/party/211.png", "CandididatePhoto": "https://storage.googleapis.com/candidate-thumbs/images/90-3-32.jpg"}, {"Unnamed: 0": 8165, "CandidateId": "0019869f-969e-4506-8d85-6884050151b0", "CandidateNo": 33, "FirstName": "สุธีมนต์", "LastName": "โชติจิรรัฐกรณ์", "PartyName": "ผึ้งหลวง", "PartyNumber": 164, "Title": "นางสาว", "Votable": true, "province_id": 90, "province_name": "สงขลา", "zone_number": 3, "PartyTerminated": false, "Age": 62, "Occupation": "ข้าราชการบำนาญและธุรกิจเครือข่าย", "HighestEducation": "ปริญญาโท", "ImageFileId": "5c5d4808fbcb5f0fd886a18e", "SelfIntroduceFileId": "5c5d48c5fbcb5f0fd886aada", "PartyLogo": "https://storage.googleapis.com/candidate-thumbs/party/164.png", "CandididatePhoto": "https://storage.googleapis.com/candidate-thumbs/images/90-3-33.jpg"}, {"Unnamed: 0": 8166, "CandidateId": "e0be8cf1-17f1-4091-90bb-63a3ebef2aba", "CandidateNo": 34, "FirstName": "ดนล๊ะ", "LastName": "บู๊สมัน", "PartyName": "ไทรักธรรม", "PartyNumber": 144, "Title": "นาย", "Votable": true, "province_id": 90, "province_name": "สงขลา", "zone_number": 3, "PartyTerminated": false, "Age": 42, "Occupation": "รองประธานบริษัท", "HighestEducation": "ต่ำกว่าปริญญาตรี", "ImageFileId": "5c5d5323fbcb5f0fd8871f08", "SelfIntroduceFileId": "5c5d540bfbcb5f0fd8872a6d", "PartyLogo": "https://storage.googleapis.com/candidate-thumbs/party/144.png", "CandididatePhoto": "https://storage.googleapis.com/candidate-thumbs/images/90-3-34.jpg"}]