[{"Unnamed: 0": 2370, "CandidateId": "601f9777-6894-4fc7-aa4a-6894b5769778", "CandidateNo": 1, "FirstName": "ยรรยง", "LastName": "ศรีตะวัน", "PartyName": "รักษ์ผืนป่าประเทศไทย", "PartyNumber": 133, "Title": "นาย", "Votable": true, "province_id": 64, "province_name": "สุโขทัย", "zone_number": 1, "PartyTerminated": false, "Age": 56, "Occupation": "รับราชการ", "HighestEducation": "ปริญญาโท", "ImageFileId": "5c5a83b9fbcb5f19bcaa85b2", "SelfIntroduceFileId": "5c5d010efbcb5f0fd8848bc7", "PartyLogo": "https://storage.googleapis.com/candidate-thumbs/party/133.png", "CandididatePhoto": "https://storage.googleapis.com/candidate-thumbs/images/64-1-1.jpg"}, {"Unnamed: 0": 2371, "CandidateId": "9bafdff0-bd6e-43b5-afee-1c41c1da6b7d", "CandidateNo": 2, "FirstName": "เอนก", "LastName": "ตุ๊ดกัน", "PartyName": "เสรีรวมไทย", "PartyNumber": 145, "Title": "นาย", "Votable": true, "province_id": 64, "province_name": "สุโขทัย", "zone_number": 1, "PartyTerminated": false, "Age": 51, "Occupation": "เจ้าของโรงงานกรอบรูป", "HighestEducation": "ปริญญาตรี", "ImageFileId": "5c5a83dffbcb5f19bcaa86c7", "SelfIntroduceFileId": "5c5d0138fbcb5f0fd8848cf3", "PartyLogo": "https://storage.googleapis.com/candidate-thumbs/party/145.png", "CandididatePhoto": "https://storage.googleapis.com/candidate-thumbs/images/64-1-2.jpg"}, {"Unnamed: 0": 2372, "CandidateId": "c046c151-a599-430c-8521-d96544780298", "CandidateNo": 3, "FirstName": "อภิรักษ์", "LastName": "อินดี", "PartyName": "ไทยศรีวิไลย์", "PartyNumber": 180, "Title": "นาย", "Votable": true, "province_id": 64, "province_name": "สุโขทัย", "zone_number": 1, "PartyTerminated": false, "Age": 26, "Occupation": "รับจ้าง", "HighestEducation": "ต่ำกว่าปริญญาตรี", "ImageFileId": "5c57d2a9fbcb5f1eec0dd720", "SelfIntroduceFileId": "5c5d0162fbcb5f0fd8848dd6", "PartyLogo": "https://storage.googleapis.com/candidate-thumbs/party/180.png", "CandididatePhoto": "https://storage.googleapis.com/candidate-thumbs/images/64-1-3.jpg"}, {"Unnamed: 0": 2373, "CandidateId": "589ee2ab-b703-4ea3-a131-6f03d568322e", "CandidateNo": 4, "FirstName": "มนัส", "LastName": "จันโท", "PartyName": "ประชานิยม", "PartyNumber": 191, "Title": "นาย", "Votable": true, "province_id": 64, "province_name": "สุโขทัย", "zone_number": 1, "PartyTerminated": false, "Age": 65, "Occupation": "ข้าราชการบำนาญครู", "HighestEducation": "ปริญญาตรี", "ImageFileId": "5c57eb89fbcb5f1eec0e77bc", "SelfIntroduceFileId": "5c5d0195fbcb5f0fd8848ea4", "PartyLogo": "https://storage.googleapis.com/candidate-thumbs/party/191.png", "CandididatePhoto": "https://storage.googleapis.com/candidate-thumbs/images/64-1-4.jpg"}, {"Unnamed: 0": 2374, "CandidateId": "095d52a4-a9b0-4edd-bef0-c61cc94cdb1f", "CandidateNo": 5, "FirstName": "ทุเรียน", "LastName": "สุปินะ", "PartyName": "เพื่อชาติ", "PartyNumber": 149, "Title": "นาง", "Votable": true, "province_id": 64, "province_name": "สุโขทัย", "zone_number": 1, "PartyTerminated": false, "Age": 53, "Occupation": "เกษตร", "HighestEducation": "ปริญญาตรี", "ImageFileId": "5c57f432fbcb5f1eec0eca97", "SelfIntroduceFileId": "5c5d01c0fbcb5f0fd8848f5e", "PartyLogo": "https://storage.googleapis.com/candidate-thumbs/party/149.png", "CandididatePhoto": "https://storage.googleapis.com/candidate-thumbs/images/64-1-5.jpg"}, {"Unnamed: 0": 2375, "CandidateId": "3564c448-53c3-43d8-ae09-a1272190ca68", "CandidateNo": 6, "FirstName": "วิรัตน์", "LastName": "วิริยะพงษ์", "PartyName": "ประชาธิปัตย์", "PartyNumber": 1, "Title": "นาย", "Votable": true, "province_id": 64, "province_name": "สุโขทัย", "zone_number": 1, "PartyTerminated": false, "Age": 59, "Occupation": "ทนายความ", "HighestEducation": "ปริญญาโท", "ImageFileId": "5c57fd84fbcb5f1eec0f3bbe", "SelfIntroduceFileId": "5c5d01e3fbcb5f0fd884903b", "PartyLogo": "https://storage.googleapis.com/candidate-thumbs/party/1.png", "CandididatePhoto": "https://storage.googleapis.com/candidate-thumbs/images/64-1-6.jpg"}, {"Unnamed: 0": 2376, "CandidateId": "3e61d7a9-6ed1-4f94-a400-316df08985f8", "CandidateNo": 7, "FirstName": "ธีระวัฒน์", "LastName": "สายด้วง", "PartyName": "พลังท้องถิ่นไท", "PartyNumber": 124, "Title": "นาย", "Votable": true, "province_id": 64, "province_name": "สุโขทัย", "zone_number": 1, "PartyTerminated": false, "Age": 53, "Occupation": "ค้าขาย", "HighestEducation": "ปริญญาโท", "ImageFileId": "5c580819fbcb5f1eec0fcf4e", "SelfIntroduceFileId": "5c5d021cfbcb5f0fd8849478", "PartyLogo": "https://storage.googleapis.com/candidate-thumbs/party/124.png", "CandididatePhoto": "https://storage.googleapis.com/candidate-thumbs/images/64-1-7.jpg"}, {"Unnamed: 0": 2377, "CandidateId": "6eb9841f-ad4b-497e-8810-9cec23a17678", "CandidateNo": 8, "FirstName": "นรภัทร", "LastName": "อินทิพย์", "PartyName": "ชาติไทยพัฒนา", "PartyNumber": 55, "Title": "ว่าที่ร้อยตรี", "Votable": true, "province_id": 64, "province_name": "สุโขทัย", "zone_number": 1, "PartyTerminated": false, "Age": 27, "Occupation": "นักแสดงอิสระ,นักลงทุนอิสระ", "HighestEducation": "ปริญญาตรี", "ImageFileId": "5c59014efbcb5f1d8813d2fd", "SelfIntroduceFileId": "5c5d023cfbcb5f0fd884964a", "PartyLogo": "https://storage.googleapis.com/candidate-thumbs/party/55.png", "CandididatePhoto": "https://storage.googleapis.com/candidate-thumbs/images/64-1-8.jpg"}, {"Unnamed: 0": 2378, "CandidateId": "bbf90178-beaf-4ce0-8d11-f015b0ab9b68", "CandidateNo": 9, "FirstName": "รุ่ง", "LastName": "โตงิ้ว", "PartyName": "ประชาภิวัฒน์", "PartyNumber": 172, "Title": "นาย", "Votable": true, "province_id": 64, "province_name": "สุโขทัย", "zone_number": 1, "PartyTerminated": false, "Age": 53, "Occupation": "เกษตรกร", "HighestEducation": "ปริญญาตรี", "ImageFileId": "5c590e3cfbcb5f1d88147d88", "SelfIntroduceFileId": "5c5d025afbcb5f0fd88496f9", "PartyLogo": "https://storage.googleapis.com/candidate-thumbs/party/172.png", "CandididatePhoto": "https://storage.googleapis.com/candidate-thumbs/images/64-1-9.jpg"}, {"Unnamed: 0": 2379, "CandidateId": "d902c863-c8ef-423a-94b2-40d481894579", "CandidateNo": 10, "FirstName": "ประศาสตร์", "LastName": "ทองปากน้ำ", "PartyName": "เพื่อไทย", "PartyNumber": 34, "Title": "นาย", "Votable": true, "province_id": 64, "province_name": "สุโขทัย", "zone_number": 1, "PartyTerminated": false, "Age": 62, "Occupation": "ธุระกิจส่วนตัว", "HighestEducation": "ปริญญาโท", "ImageFileId": "5c59144ffbcb5f1d8814d3c2", "SelfIntroduceFileId": "5c5d027bfbcb5f0fd8849865", "PartyLogo": "https://storage.googleapis.com/candidate-thumbs/party/34.png", "CandididatePhoto": "https://storage.googleapis.com/candidate-thumbs/images/64-1-10.jpg"}, {"Unnamed: 0": 2380, "CandidateId": "53204c62-e8b7-4c2c-bcd7-8c491ce11b5f", "CandidateNo": 11, "FirstName": "ปณัฐชา", "LastName": "เรืองโต", "PartyName": "รวมพลังประชาชาติไทย", "PartyNumber": 181, "Title": "นางสาว", "Votable": true, "province_id": 64, "province_name": "สุโขทัย", "zone_number": 1, "PartyTerminated": false, "Age": 35, "Occupation": "ประกอบธุระกิจส่วนตัว", "HighestEducation": "ปริญญาตรี", "ImageFileId": "5c5923f7fbcb5f1d88155972", "SelfIntroduceFileId": "5c5d029afbcb5f0fd8849980", "PartyLogo": "https://storage.googleapis.com/candidate-thumbs/party/181.png", "CandididatePhoto": "https://storage.googleapis.com/candidate-thumbs/images/64-1-11.jpg"}, {"Unnamed: 0": 2381, "CandidateId": "2fdf7b02-03af-4c57-ad19-f25059e91f29", "CandidateNo": 12, "FirstName": "พรรณสิริ", "LastName": "กุลนาถศิริ", "PartyName": "พลังประชารัฐ", "PartyNumber": 192, "Title": "นาง", "Votable": true, "province_id": 64, "province_name": "สุโขทัย", "zone_number": 1, "PartyTerminated": false, "Age": 60, "Occupation": "ข้าราชการการเมือง : นายกองค์การบริหารส่วนจังหวัดสุโขทัย", "HighestEducation": "ปริญญาเอก", "ImageFileId": "5c592b7efbcb5f1d8815bb75", "SelfIntroduceFileId": "5c5d02c9fbcb5f0fd8849ad2", "PartyLogo": "https://storage.googleapis.com/candidate-thumbs/party/192.png", "CandididatePhoto": "https://storage.googleapis.com/candidate-thumbs/images/64-1-12.jpg"}, {"Unnamed: 0": 2382, "CandidateId": "409cd33b-f2d1-4230-876f-4f8e31d8726e", "CandidateNo": 13, "FirstName": "สุวิทย์", "LastName": "ทองสงค์", "PartyName": "ภูมิใจไทย", "PartyNumber": 63, "Title": "นาย", "Votable": true, "province_id": 64, "province_name": "สุโขทัย", "zone_number": 1, "PartyTerminated": false, "Age": 44, "Occupation": "นายกเทศมนตรีตำบลเมืองบางขลัง", "HighestEducation": "ปริญญาโท", "ImageFileId": "5c5933f4fbcb5f1d881634e5", "SelfIntroduceFileId": "5c5d02e6fbcb5f0fd8849bdd", "PartyLogo": "https://storage.googleapis.com/candidate-thumbs/party/63.png", "CandididatePhoto": "https://storage.googleapis.com/candidate-thumbs/images/64-1-13.jpg"}, {"Unnamed: 0": 2383, "CandidateId": "c4cfccf3-9505-4710-b287-0d89c5be6364", "CandidateNo": 14, "FirstName": "บุญธรรม", "LastName": "ชาวเขียววงศ์", "PartyName": "ชาติพัฒนา", "PartyNumber": 45, "Title": "นาย", "Votable": true, "province_id": 64, "province_name": "สุโขทัย", "zone_number": 1, "PartyTerminated": false, "Age": 72, "Occupation": "เกษตรกร", "HighestEducation": "ต่ำกว่าปริญญาตรี", "ImageFileId": "5c5939c3fbcb5f1d881688cc", "SelfIntroduceFileId": "5c5d030afbcb5f0fd8849d15", "PartyLogo": "https://storage.googleapis.com/candidate-thumbs/party/45.png", "CandididatePhoto": "https://storage.googleapis.com/candidate-thumbs/images/64-1-14.jpg"}, {"Unnamed: 0": 2384, "CandidateId": "2ebf24c3-55cf-4a5f-9b63-6a5003fe18fb", "CandidateNo": 15, "FirstName": "ศิวกร", "LastName": "บางเกตุ", "PartyName": "อนาคตใหม่", "PartyNumber": 177, "Title": "นาย", "Votable": true, "province_id": 64, "province_name": "สุโขทัย", "zone_number": 1, "PartyTerminated": false, "Age": 47, "Occupation": "พนักงานบริษัทฯ", "HighestEducation": "ปริญญาตรี", "ImageFileId": "5c59401ffbcb5f1d8816db63", "SelfIntroduceFileId": "5c5d042efbcb5f0fd884a532", "PartyLogo": "https://storage.googleapis.com/candidate-thumbs/party/177.png", "CandididatePhoto": "https://storage.googleapis.com/candidate-thumbs/images/64-1-15.jpg"}, {"Unnamed: 0": 2385, "CandidateId": "5996d312-6454-4b8d-abea-46aa32aec770", "CandidateNo": 16, "FirstName": "นพรัตน์", "LastName": "มากโภคา", "PartyName": "ภราดรภาพ", "PartyNumber": 154, "Title": "นางสาว", "Votable": true, "province_id": 64, "province_name": "สุโขทัย", "zone_number": 1, "PartyTerminated": false, "Age": 34, "Occupation": "ธุรกิจส่วนตัว", "HighestEducation": "ต่ำกว่าปริญญาตรี", "ImageFileId": "5c5944f7fbcb5f1d88171d3c", "SelfIntroduceFileId": "5c5d21b4fbcb5f0fd8854e95", "PartyLogo": "https://storage.googleapis.com/candidate-thumbs/party/154.png", "CandididatePhoto": "https://storage.googleapis.com/candidate-thumbs/images/64-1-16.jpg"}, {"Unnamed: 0": 2386, "CandidateId": "023af41e-9d1e-48d9-b009-325bb0f410e2", "CandidateNo": 17, "FirstName": "วุฒิ", "LastName": "พาลีขันธ์", "PartyName": "ประชาธิปไตยใหม่", "PartyNumber": 109, "Title": "นาย", "Votable": true, "province_id": 64, "province_name": "สุโขทัย", "zone_number": 1, "PartyTerminated": false, "Age": 65, "Occupation": "ทนายความ", "HighestEducation": "ปริญญาตรี", "ImageFileId": "5c594bc1fbcb5f1d88177b6d", "SelfIntroduceFileId": "5c5d047cfbcb5f0fd884a7df", "PartyLogo": "https://storage.googleapis.com/candidate-thumbs/party/109.png", "CandididatePhoto": "https://storage.googleapis.com/candidate-thumbs/images/64-1-17.jpg"}, {"Unnamed: 0": 2387, "CandidateId": "8ae13a08-b8a8-4685-8454-66ccf63317f5", "CandidateNo": 18, "FirstName": "อรพิณ", "LastName": "หริมเทพาธิป", "PartyName": "ประชาชนปฏิรูป", "PartyNumber": 176, "Title": "นางสาว", "Votable": true, "province_id": 64, "province_name": "สุโขทัย", "zone_number": 1, "PartyTerminated": false, "Age": 31, "Occupation": "ธุรกิจส่วนตัว", "HighestEducation": "ปริญญาตรี", "ImageFileId": "5c595188fbcb5f1d8817c715", "SelfIntroduceFileId": "5c5d04a1fbcb5f0fd884a96f", "PartyLogo": "https://storage.googleapis.com/candidate-thumbs/party/176.png", "CandididatePhoto": "https://storage.googleapis.com/candidate-thumbs/images/64-1-18.jpg"}, {"Unnamed: 0": 2388, "CandidateId": "1b43fb01-9ef9-4618-889a-de3f674ff4da", "CandidateNo": 19, "FirstName": "ธนดล", "LastName": "อ่อนกล", "PartyName": "เพื่อแผ่นดิน", "PartyNumber": 41, "Title": "นาย", "Votable": true, "province_id": 64, "province_name": "สุโขทัย", "zone_number": 1, "PartyTerminated": false, "Age": 62, "Occupation": "เกษตรกรรม", "HighestEducation": "ปริญญาโท", "ImageFileId": "5c5956e6fbcb5f1d8817f950", "SelfIntroduceFileId": "5c5d0509fbcb5f0fd884acce", "PartyLogo": "https://storage.googleapis.com/candidate-thumbs/party/41.png", "CandididatePhoto": "https://storage.googleapis.com/candidate-thumbs/images/64-1-19.jpg"}, {"Unnamed: 0": 2389, "CandidateId": "b317789a-80ba-4bfc-b134-8187c753fd0c", "CandidateNo": 20, "FirstName": "เฉลิมรัตน์", "LastName": "เกษรสกุล", "PartyName": "พลังปวงชนไทย", "PartyNumber": 184, "Title": "นาย", "Votable": true, "province_id": 64, "province_name": "สุโขทัย", "zone_number": 1, "PartyTerminated": false, "Age": 58, "Occupation": "ผู้บริหารฝ่ายบุคคล บริษัทเอกชน", "HighestEducation": "ปริญญาตรี", "ImageFileId": "5c595efefbcb5f1d88181e6f", "SelfIntroduceFileId": "5c5d0534fbcb5f0fd884aea4", "PartyLogo": "https://storage.googleapis.com/candidate-thumbs/party/184.png", "CandididatePhoto": "https://storage.googleapis.com/candidate-thumbs/images/64-1-20.jpg"}, {"Unnamed: 0": 2390, "CandidateId": "1cdfd12b-5023-4e58-8457-36429069085e", "CandidateNo": 21, "FirstName": "ทรงชัย", "LastName": "ค้างคีรี", "PartyName": "กรีน", "PartyNumber": 206, "Title": "นาย", "Votable": true, "province_id": 64, "province_name": "สุโขทัย", "zone_number": 1, "PartyTerminated": false, "Age": 32, "Occupation": "เกษตรกร", "HighestEducation": "ปริญญาตรี", "ImageFileId": "5c5a9ba8fbcb5f19bcab2aaa", "SelfIntroduceFileId": "5c5d0556fbcb5f0fd884af52", "PartyLogo": "https://storage.googleapis.com/candidate-thumbs/party/206.png", "CandididatePhoto": "https://storage.googleapis.com/candidate-thumbs/images/64-1-21.jpg"}, {"Unnamed: 0": 2391, "CandidateId": "3acec7d5-d6e6-42f7-9b2a-541cba39ba53", "CandidateNo": 22, "FirstName": "สุวิทย์", "LastName": "เงินทอง", "PartyName": "แผ่นดินธรรม", "PartyNumber": 188, "Title": "นาย", "Votable": true, "province_id": 64, "province_name": "สุโขทัย", "zone_number": 1, "PartyTerminated": false, "Age": 55, "Occupation": "ธุระกิจส่วนตัว,ค้าขาย", "HighestEducation": "ต่ำกว่าปริญญาตรี", "ImageFileId": "5c5aa43ffbcb5f19bcab65b0", "SelfIntroduceFileId": "5c5d06a8fbcb5f0fd884bb16", "PartyLogo": "https://storage.googleapis.com/candidate-thumbs/party/188.png", "CandididatePhoto": "https://storage.googleapis.com/candidate-thumbs/images/64-1-22.jpg"}, {"Unnamed: 0": 2392, "CandidateId": "1da0cce4-91e8-4fc2-a2b7-0b1804f8f095", "CandidateNo": 23, "FirstName": "ไชยภร", "LastName": "แย้มปั้น", "PartyName": "พลังชาติไทย", "PartyNumber": 186, "Title": "นาย", "Votable": true, "province_id": 64, "province_name": "สุโขทัย", "zone_number": 1, "PartyTerminated": false, "Age": 50, "Occupation": "อดีตผู้แทนเกษตรกรภาคเหนือ", "HighestEducation": "ปริญญาโท", "ImageFileId": "5c5befd0fbcb5f16fc67c48e", "SelfIntroduceFileId": "5c5d06d3fbcb5f0fd884bbfe", "PartyLogo": "https://storage.googleapis.com/candidate-thumbs/party/186.png", "CandididatePhoto": "https://storage.googleapis.com/candidate-thumbs/images/64-1-23.jpg"}, {"Unnamed: 0": 2393, "CandidateId": "980ae821-9de5-4804-8b11-6e8286a229ce", "CandidateNo": 24, "FirstName": "อริสรา", "LastName": "ตาวงศ์", "PartyName": "พลังไทยรักไทย", "PartyNumber": 185, "Title": "นางสาว", "Votable": true, "province_id": 64, "province_name": "สุโขทัย", "zone_number": 1, "PartyTerminated": false, "Age": 55, "Occupation": "ค้าขาย", "HighestEducation": "ปริญญาโท", "ImageFileId": "5c5d25fdfbcb5f0fd8856d32", "SelfIntroduceFileId": "5c5d26d9fbcb5f0fd885742d", "PartyLogo": "https://storage.googleapis.com/candidate-thumbs/party/185.png", "CandididatePhoto": "https://storage.googleapis.com/candidate-thumbs/images/64-1-24.jpg"}, {"Unnamed: 0": 2394, "CandidateId": "c0987fd2-7d0a-44d8-8911-d45dad6cdabb", "CandidateNo": 25, "FirstName": "รัชตา", "LastName": "สุระสิริชาติ", "PartyName": "ประชาธรรมไทย", "PartyNumber": 190, "Title": "นางสาว", "Votable": true, "province_id": 64, "province_name": "สุโขทัย", "zone_number": 1, "PartyTerminated": false, "Age": 52, "Occupation": "อาจารย์สอนภาษาอังกฤษที่โรงเรียนกวางตง", "HighestEducation": "ปริญญาโท", "ImageFileId": "5c5d49dafbcb5f0fd886b834", "SelfIntroduceFileId": "5c5d4eaefbcb5f0fd886edac", "PartyLogo": "https://storage.googleapis.com/candidate-thumbs/party/190.png", "CandididatePhoto": "https://storage.googleapis.com/candidate-thumbs/images/64-1-25.jpg"}, {"Unnamed: 0": 2395, "CandidateId": "a6c2c757-a73e-4673-afbd-e20165109ae1", "CandidateNo": 26, "FirstName": "ฐิติยาพร", "LastName": "เกื้อหนุน", "PartyName": "ไทรักธรรม", "PartyNumber": 144, "Title": "นางสาว", "Votable": true, "province_id": 64, "province_name": "สุโขทัย", "zone_number": 1, "PartyTerminated": false, "Age": 44, "Occupation": "รับจ้างทั่วไป", "HighestEducation": "ต่ำกว่าปริญญาตรี", "ImageFileId": "5c5d573ffbcb5f0fd88755ac", "SelfIntroduceFileId": "5c5d5701fbcb5f0fd88752c4", "PartyLogo": "https://storage.googleapis.com/candidate-thumbs/party/144.png", "CandididatePhoto": "https://storage.googleapis.com/candidate-thumbs/images/64-1-26.jpg"}]