[{"Unnamed: 0": 6854, "CandidateId": "fce39dac-77f7-4cdb-9310-32acd87c3352", "CandidateNo": 1, "FirstName": "รื่น", "LastName": "เงางาม", "PartyName": "เพื่อนไทย", "PartyNumber": 179, "Title": "นาย", "Votable": false, "province_id": 32, "province_name": "สุรินทร์", "zone_number": 3, "PartyTerminated": false, "Age": 49, "Occupation": "ทำนา", "HighestEducation": "ต่ำกว่าปริญญาตรี", "ImageFileId": "5c57dcd4fbcb5f1eec0e0902", "SelfIntroduceFileId": "5c57f05afbcb5f1eec0ea513", "PartyLogo": "https://storage.googleapis.com/candidate-thumbs/party/179.png", "CandididatePhoto": "https://storage.googleapis.com/candidate-thumbs/images/32-3-1.jpg"}, {"Unnamed: 0": 6855, "CandidateId": "03ea67c6-d493-4b80-9674-84743081a23a", "CandidateNo": 2, "FirstName": "สมานมิตร", "LastName": "จิตหนักแน่น", "PartyName": "ประชานิยม", "PartyNumber": 191, "Title": "นาย", "Votable": true, "province_id": 32, "province_name": "สุรินทร์", "zone_number": 3, "PartyTerminated": false, "Age": 63, "Occupation": "ข้าราชการบำนาญ", "HighestEducation": "ปริญญาโท", "ImageFileId": "5c58ffb9fbcb5f1d8813bd83", "SelfIntroduceFileId": "5c5902e8fbcb5f1d8813e859", "PartyLogo": "https://storage.googleapis.com/candidate-thumbs/party/191.png", "CandididatePhoto": "https://storage.googleapis.com/candidate-thumbs/images/32-3-2.jpg"}, {"Unnamed: 0": 6856, "CandidateId": "f68b4449-e2bd-468c-a672-28f11a42c3a1", "CandidateNo": 3, "FirstName": "สมร", "LastName": "พรหมภักดี", "PartyName": "เพื่อแผ่นดิน", "PartyNumber": 41, "Title": "นาง", "Votable": true, "province_id": 32, "province_name": "สุรินทร์", "zone_number": 3, "PartyTerminated": false, "Age": 60, "Occupation": "รับราชการครู", "HighestEducation": "ปริญญาโท", "ImageFileId": "5c5903dffbcb5f1d8813f16b", "SelfIntroduceFileId": "5c5904a6fbcb5f1d8813f962", "PartyLogo": "https://storage.googleapis.com/candidate-thumbs/party/41.png", "CandididatePhoto": "https://storage.googleapis.com/candidate-thumbs/images/32-3-3.jpg"}, {"Unnamed: 0": 6857, "CandidateId": "831fc1e7-94ff-4d73-bf71-1582284feba1", "CandidateNo": 4, "FirstName": "เจ้าจอม", "LastName": "เตียวเจริญโสภา", "PartyName": "ชาติไทยพัฒนา", "PartyNumber": 55, "Title": "นาย", "Votable": true, "province_id": 32, "province_name": "สุรินทร์", "zone_number": 3, "PartyTerminated": false, "Age": 57, "Occupation": "ธุรกิจส่วนตัว", "HighestEducation": "ปริญญาโท", "ImageFileId": "5c5904e9fbcb5f1d8813fbf4", "SelfIntroduceFileId": "5c5905b3fbcb5f1d881406ad", "PartyLogo": "https://storage.googleapis.com/candidate-thumbs/party/55.png", "CandididatePhoto": "https://storage.googleapis.com/candidate-thumbs/images/32-3-4.jpg"}, {"Unnamed: 0": 6858, "CandidateId": "622c24cb-d7a4-4026-83c5-e71cf1edebaa", "CandidateNo": 5, "FirstName": "ประทวน", "LastName": "แพงเจริญ", "PartyName": "ประชาชาติ", "PartyNumber": 187, "Title": "นาย", "Votable": true, "province_id": 32, "province_name": "สุรินทร์", "zone_number": 3, "PartyTerminated": false, "Age": 55, "Occupation": "อิสระ", "HighestEducation": "ปริญญาตรี", "ImageFileId": "5c59063afbcb5f1d88140e58", "SelfIntroduceFileId": "5c5906acfbcb5f1d881414ad", "PartyLogo": "https://storage.googleapis.com/candidate-thumbs/party/187.png", "CandididatePhoto": "https://storage.googleapis.com/candidate-thumbs/images/32-3-5.jpg"}, {"Unnamed: 0": 6859, "CandidateId": "a639bc16-4e94-43dc-b6d7-389814486267", "CandidateNo": 6, "FirstName": "ณัฐวุฒิ", "LastName": "โต๊ะสิงห์", "PartyName": "ชาติพัฒนา", "PartyNumber": 45, "Title": "นาย", "Votable": true, "province_id": 32, "province_name": "สุรินทร์", "zone_number": 3, "PartyTerminated": false, "Age": 41, "Occupation": "ทนายความ", "HighestEducation": "ปริญญาโท", "ImageFileId": "5c5907b3fbcb5f1d8814236e", "SelfIntroduceFileId": "5c59093ffbcb5f1d88143666", "PartyLogo": "https://storage.googleapis.com/candidate-thumbs/party/45.png", "CandididatePhoto": "https://storage.googleapis.com/candidate-thumbs/images/32-3-6.jpg"}, {"Unnamed: 0": 6860, "CandidateId": "1f6110f7-8fb2-4f4b-8e87-1044ee4181ef", "CandidateNo": 7, "FirstName": "ผกามาศ", "LastName": "เจริญพันธ์", "PartyName": "พลังประชารัฐ", "PartyNumber": 192, "Title": "นางสาว", "Votable": true, "province_id": 32, "province_name": "สุรินทร์", "zone_number": 3, "PartyTerminated": false, "Age": 27, "Occupation": "พนักงานบริษัท", "HighestEducation": "ปริญญาโท", "ImageFileId": "5c590c12fbcb5f1d88145fa2", "SelfIntroduceFileId": "5c590ee2fbcb5f1d8814858d", "PartyLogo": "https://storage.googleapis.com/candidate-thumbs/party/192.png", "CandididatePhoto": "https://storage.googleapis.com/candidate-thumbs/images/32-3-7.jpg"}, {"Unnamed: 0": 6861, "CandidateId": "4075269f-ada3-4639-9b6a-0b56a805350c", "CandidateNo": 8, "FirstName": "สมศักดิ์", "LastName": "เหล่าธีรกาญจนา", "PartyName": "พลังท้องถิ่นไท", "PartyNumber": 124, "Title": "นาย", "Votable": true, "province_id": 32, "province_name": "สุรินทร์", "zone_number": 3, "PartyTerminated": false, "Age": 39, "Occupation": "พนักงานเอกชน", "HighestEducation": "ปริญญาตรี", "ImageFileId": "5c591792fbcb5f1d8814f338", "SelfIntroduceFileId": "5c591846fbcb5f1d8814f8dd", "PartyLogo": "https://storage.googleapis.com/candidate-thumbs/party/124.png", "CandididatePhoto": "https://storage.googleapis.com/candidate-thumbs/images/32-3-8.jpg"}, {"Unnamed: 0": 6862, "CandidateId": "758f405d-ab4f-4d56-936d-27cd84642173", "CandidateNo": 9, "FirstName": "บุญถึง", "LastName": "แพงแก้ว", "PartyName": "เศรษฐกิจใหม่", "PartyNumber": 193, "Title": "นาย", "Votable": true, "province_id": 32, "province_name": "สุรินทร์", "zone_number": 3, "PartyTerminated": false, "Age": 62, "Occupation": "ข้าราชการ", "HighestEducation": "ปริญญาโท", "ImageFileId": "5c5918befbcb5f1d8814fe8b", "SelfIntroduceFileId": "5c59192bfbcb5f1d88150246", "PartyLogo": "https://storage.googleapis.com/candidate-thumbs/party/193.png", "CandididatePhoto": "https://storage.googleapis.com/candidate-thumbs/images/32-3-9.jpg"}, {"Unnamed: 0": 6863, "CandidateId": "8d214404-6596-4da1-bf93-4879c1122c31", "CandidateNo": 10, "FirstName": "องอาจ", "LastName": "โสรถาวร", "PartyName": "ประชาธิปัตย์", "PartyNumber": 1, "Title": "นาย", "Votable": true, "province_id": 32, "province_name": "สุรินทร์", "zone_number": 3, "PartyTerminated": false, "Age": 62, "Occupation": "ทนายความ", "HighestEducation": "ปริญญาโท", "ImageFileId": "5c5919fffbcb5f1d88150860", "SelfIntroduceFileId": "5c591a92fbcb5f1d88150c95", "PartyLogo": "https://storage.googleapis.com/candidate-thumbs/party/1.png", "CandididatePhoto": "https://storage.googleapis.com/candidate-thumbs/images/32-3-10.jpg"}, {"Unnamed: 0": 6864, "CandidateId": "c26641e3-4ce1-496c-a4d9-5102062cb989", "CandidateNo": 11, "FirstName": "เหน่ง", "LastName": "ไพเราะ", "PartyName": "ประชาชนปฏิรูป", "PartyNumber": 176, "Title": "นาย", "Votable": true, "province_id": 32, "province_name": "สุรินทร์", "zone_number": 3, "PartyTerminated": false, "Age": 72, "Occupation": "ข้าราชการบำนาญ", "HighestEducation": "ปริญญาตรี", "ImageFileId": "5c591c40fbcb5f1d881518c6", "SelfIntroduceFileId": "5c5ba275fbcb5f16fc6593cb", "PartyLogo": "https://storage.googleapis.com/candidate-thumbs/party/176.png", "CandididatePhoto": "https://storage.googleapis.com/candidate-thumbs/images/32-3-11.jpg"}, {"Unnamed: 0": 6865, "CandidateId": "2904654e-7878-49bb-8339-1dd52c2a3a5e", "CandidateNo": 12, "FirstName": "คุณากร", "LastName": "ปรีชาชนะชัย", "PartyName": "เพื่อไทย", "PartyNumber": 34, "Title": "นาย", "Votable": true, "province_id": 32, "province_name": "สุรินทร์", "zone_number": 3, "PartyTerminated": false, "Age": 37, "Occupation": "นักการเมือง", "HighestEducation": "ปริญญาโท", "ImageFileId": "5c592038fbcb5f1d881534dc", "SelfIntroduceFileId": "5c5920b1fbcb5f1d881538a6", "PartyLogo": "https://storage.googleapis.com/candidate-thumbs/party/34.png", "CandididatePhoto": "https://storage.googleapis.com/candidate-thumbs/images/32-3-12.jpg"}, {"Unnamed: 0": 6866, "CandidateId": "e242afb1-41c0-4fd2-985a-f1f0288b61e8", "CandidateNo": 13, "FirstName": "ศิริศักดิ์", "LastName": "ร่วมพัฒนา", "PartyName": "ภูมิใจไทย", "PartyNumber": 63, "Title": "นาย", "Votable": true, "province_id": 32, "province_name": "สุรินทร์", "zone_number": 3, "PartyTerminated": false, "Age": 48, "Occupation": "นายก อบต. กระโพ", "HighestEducation": "ปริญญาตรี", "ImageFileId": "5c592128fbcb5f1d88153c7f", "SelfIntroduceFileId": "5c59236ffbcb5f1d88155288", "PartyLogo": "https://storage.googleapis.com/candidate-thumbs/party/63.png", "CandididatePhoto": "https://storage.googleapis.com/candidate-thumbs/images/32-3-13.jpg"}, {"Unnamed: 0": 6867, "CandidateId": "b78b68f6-8d39-4c33-8945-231da3f839db", "CandidateNo": 14, "FirstName": "ปัญญา", "LastName": "อุนัยบัน", "PartyName": "เสรีรวมไทย", "PartyNumber": 145, "Title": "นาย", "Votable": true, "province_id": 32, "province_name": "สุรินทร์", "zone_number": 3, "PartyTerminated": false, "Age": 59, "Occupation": "ชาวนา", "HighestEducation": "ต่ำกว่าปริญญาตรี", "ImageFileId": "5c593143fbcb5f1d88160fb6", "SelfIntroduceFileId": "5c5931c7fbcb5f1d88161601", "PartyLogo": "https://storage.googleapis.com/candidate-thumbs/party/145.png", "CandididatePhoto": "https://storage.googleapis.com/candidate-thumbs/images/32-3-14.jpg"}, {"Unnamed: 0": 6868, "CandidateId": "177d2f23-bafe-4a0c-8d9e-ad895e1f76f2", "CandidateNo": 15, "FirstName": "พงศกร", "LastName": "พันไหล", "PartyName": "เพื่อชาติ", "PartyNumber": 149, "Title": "นาย", "Votable": true, "province_id": 32, "province_name": "สุรินทร์", "zone_number": 3, "PartyTerminated": false, "Age": 48, "Occupation": "อิสระ", "HighestEducation": "ปริญญาตรี", "ImageFileId": "5c593238fbcb5f1d88161c23", "SelfIntroduceFileId": "5c593315fbcb5f1d88162b65", "PartyLogo": "https://storage.googleapis.com/candidate-thumbs/party/149.png", "CandididatePhoto": "https://storage.googleapis.com/candidate-thumbs/images/32-3-15.jpg"}, {"Unnamed: 0": 6869, "CandidateId": "a21c2618-15e2-4e12-964a-ca328dcd8c31", "CandidateNo": 16, "FirstName": "วิโรจน์", "LastName": "พวงประโคน", "PartyName": "ประชาภิวัฒน์", "PartyNumber": 172, "Title": "นาย", "Votable": true, "province_id": 32, "province_name": "สุรินทร์", "zone_number": 3, "PartyTerminated": false, "Age": 57, "Occupation": "เกษตรกรรม", "HighestEducation": "ปริญญาตรี", "ImageFileId": "5c5934b8fbcb5f1d88163f03", "SelfIntroduceFileId": "5c593548fbcb5f1d88164630", "PartyLogo": "https://storage.googleapis.com/candidate-thumbs/party/172.png", "CandididatePhoto": "https://storage.googleapis.com/candidate-thumbs/images/32-3-16.jpg"}, {"Unnamed: 0": 6870, "CandidateId": "6d330290-51ad-4433-8653-c502e0fc7345", "CandidateNo": 17, "FirstName": "วิไล", "LastName": "ดวงศรี", "PartyName": "อนาคตใหม่", "PartyNumber": 177, "Title": "นาย", "Votable": true, "province_id": 32, "province_name": "สุรินทร์", "zone_number": 3, "PartyTerminated": false, "Age": 57, "Occupation": "อาจารย์สอนหนังสือมหาวิทยาลัย", "HighestEducation": "ปริญญาโท", "ImageFileId": "5c5935cafbcb5f1d88164bfd", "SelfIntroduceFileId": "5c593663fbcb5f1d88165672", "PartyLogo": "https://storage.googleapis.com/candidate-thumbs/party/177.png", "CandididatePhoto": "https://storage.googleapis.com/candidate-thumbs/images/32-3-17.jpg"}, {"Unnamed: 0": 6871, "CandidateId": "b308c189-73be-4391-8c63-556eb20079f7", "CandidateNo": 18, "FirstName": "ณรงค์", "LastName": "ชีวาจร", "PartyName": "รักษ์ผืนป่าประเทศไทย", "PartyNumber": 133, "Title": "นาย", "Votable": true, "province_id": 32, "province_name": "สุรินทร์", "zone_number": 3, "PartyTerminated": false, "Age": 62, "Occupation": "เกษตรกร", "HighestEducation": "ต่ำกว่าปริญญาตรี", "ImageFileId": "5c5936d7fbcb5f1d88165afa", "SelfIntroduceFileId": "5c593775fbcb5f1d88166670", "PartyLogo": "https://storage.googleapis.com/candidate-thumbs/party/133.png", "CandididatePhoto": "https://storage.googleapis.com/candidate-thumbs/images/32-3-18.jpg"}, {"Unnamed: 0": 6872, "CandidateId": "b7db8df0-766b-4d64-984c-b4d4f17c9d3a", "CandidateNo": 19, "FirstName": "จรัสพรรณ", "LastName": "ณัฐพงศธร", "PartyName": "รวมพลังประชาชาติไทย", "PartyNumber": 181, "Title": "นาย", "Votable": true, "province_id": 32, "province_name": "สุรินทร์", "zone_number": 3, "PartyTerminated": false, "Age": 70, "Occupation": "ข้าราชการบำนาญ", "HighestEducation": "ปริญญาตรี", "ImageFileId": "5c5937c6fbcb5f1d88166b7d", "SelfIntroduceFileId": "5c593855fbcb5f1d881673fd", "PartyLogo": "https://storage.googleapis.com/candidate-thumbs/party/181.png", "CandididatePhoto": "https://storage.googleapis.com/candidate-thumbs/images/32-3-19.jpg"}, {"Unnamed: 0": 6873, "CandidateId": "df115937-b6ae-4d8e-97a7-571a72d30e42", "CandidateNo": 20, "FirstName": "บุญราญ", "LastName": "สร้อยจิตร", "PartyName": "ทางเลือกใหม่", "PartyNumber": 170, "Title": "นางสาว", "Votable": true, "province_id": 32, "province_name": "สุรินทร์", "zone_number": 3, "PartyTerminated": false, "Age": 46, "Occupation": "เกษตรกร", "HighestEducation": "ต่ำกว่าปริญญาตรี", "ImageFileId": "5c5938adfbcb5f1d88167905", "SelfIntroduceFileId": "5c593a37fbcb5f1d88168e6d", "PartyLogo": "https://storage.googleapis.com/candidate-thumbs/party/170.png", "CandididatePhoto": "https://storage.googleapis.com/candidate-thumbs/images/32-3-20.jpg"}, {"Unnamed: 0": 6874, "CandidateId": "fb0c8ae5-a7cd-4ae1-97d7-0b7ee470f772", "CandidateNo": 21, "FirstName": "ทองเจริญ", "LastName": "ตุ่นทอง", "PartyName": "รวมใจไทย", "PartyNumber": 174, "Title": "นาย", "Votable": true, "province_id": 32, "province_name": "สุรินทร์", "zone_number": 3, "PartyTerminated": false, "Age": 63, "Occupation": "ธุรกิจส่วนตัว", "HighestEducation": "ปริญญาโท", "ImageFileId": "5c593ad7fbcb5f1d881697d2", "SelfIntroduceFileId": "5c593c84fbcb5f1d8816aa77", "PartyLogo": "https://storage.googleapis.com/candidate-thumbs/party/174.png", "CandididatePhoto": "https://storage.googleapis.com/candidate-thumbs/images/32-3-21.jpg"}, {"Unnamed: 0": 6875, "CandidateId": "2949aefc-7bd6-4792-8c3f-8639980a16bf", "CandidateNo": 22, "FirstName": "ธนายุทธ", "LastName": "สายยศ", "PartyName": "ภราดรภาพ", "PartyNumber": 154, "Title": "นาย", "Votable": true, "province_id": 32, "province_name": "สุรินทร์", "zone_number": 3, "PartyTerminated": false, "Age": 50, "Occupation": "ธุรกิจส่วนตัว", "HighestEducation": "ต่ำกว่าปริญญาตรี", "ImageFileId": "5c593ceefbcb5f1d8816b052", "SelfIntroduceFileId": "5c593d92fbcb5f1d8816b8a1", "PartyLogo": "https://storage.googleapis.com/candidate-thumbs/party/154.png", "CandididatePhoto": "https://storage.googleapis.com/candidate-thumbs/images/32-3-22.jpg"}, {"Unnamed: 0": 6876, "CandidateId": "0443aef7-6968-4104-8a6d-fb2faf0c09c1", "CandidateNo": 23, "FirstName": "วันเพ็ญ", "LastName": "อยู่เย็น", "PartyName": "พลังไทยรักไทย", "PartyNumber": 185, "Title": "นางสาว", "Votable": true, "province_id": 32, "province_name": "สุรินทร์", "zone_number": 3, "PartyTerminated": false, "Age": 52, "Occupation": "อาชีพอิสระ", "HighestEducation": "ต่ำกว่าปริญญาตรี", "ImageFileId": "5c5a7555fbcb5f19bcaa1a9e", "SelfIntroduceFileId": "5c5a75d5fbcb5f19bcaa1f09", "PartyLogo": "https://storage.googleapis.com/candidate-thumbs/party/185.png", "CandididatePhoto": "https://storage.googleapis.com/candidate-thumbs/images/32-3-23.jpg"}, {"Unnamed: 0": 6877, "CandidateId": "6425ca7e-0ce4-4de5-81d4-b3db39c262f1", "CandidateNo": 24, "FirstName": "ภูวิน", "LastName": "ผลุงกระโทก", "PartyName": "ประชาธรรมไทย", "PartyNumber": 190, "Title": "นาย", "Votable": true, "province_id": 32, "province_name": "สุรินทร์", "zone_number": 3, "PartyTerminated": false, "Age": 47, "Occupation": "สื่อมวลชนอิสระ", "HighestEducation": "ต่ำกว่าปริญญาตรี", "ImageFileId": "5c5a8fbefbcb5f19bcaad97b", "SelfIntroduceFileId": "5c5a9083fbcb5f19bcaae179", "PartyLogo": "https://storage.googleapis.com/candidate-thumbs/party/190.png", "CandididatePhoto": "https://storage.googleapis.com/candidate-thumbs/images/32-3-24.jpg"}, {"Unnamed: 0": 6878, "CandidateId": "c46734af-4060-43e5-acc8-41b9a7e12fc9", "CandidateNo": 25, "FirstName": "ปรายกานต์", "LastName": "เสียงเพราะ", "PartyName": "ประชาธิปไตยใหม่", "PartyNumber": 109, "Title": "นาย", "Votable": true, "province_id": 32, "province_name": "สุรินทร์", "zone_number": 3, "PartyTerminated": false, "Age": 52, "Occupation": "พนักงานขาย", "HighestEducation": "ปริญญาตรี", "ImageFileId": "5c5baf72fbcb5f16fc65f49e", "SelfIntroduceFileId": "5c5bb021fbcb5f16fc65f99e", "PartyLogo": "https://storage.googleapis.com/candidate-thumbs/party/109.png", "CandididatePhoto": "https://storage.googleapis.com/candidate-thumbs/images/32-3-25.jpg"}, {"Unnamed: 0": 6879, "CandidateId": "cd753ec7-4b99-4ea9-9cf8-4fa8d222aa63", "CandidateNo": 26, "FirstName": "ชัย", "LastName": "บรรลุสุข", "PartyName": "ครูไทยเพื่อประชาชน", "PartyNumber": 118, "Title": "นาย", "Votable": true, "province_id": 32, "province_name": "สุรินทร์", "zone_number": 3, "PartyTerminated": false, "Age": 64, "Occupation": "ธุรกิจส่วนตัว", "HighestEducation": "ปริญญาตรี", "ImageFileId": "5c5bb1aafbcb5f16fc660925", "SelfIntroduceFileId": "5c5bbd20fbcb5f16fc665a0e", "PartyLogo": "https://storage.googleapis.com/candidate-thumbs/party/118.png", "CandididatePhoto": "https://storage.googleapis.com/candidate-thumbs/images/32-3-26.jpg"}, {"Unnamed: 0": 6880, "CandidateId": "30b440f7-927e-437f-81ed-b72e9e140d85", "CandidateNo": 27, "FirstName": "พิรุณ", "LastName": "บูรณะ", "PartyName": "พลังปวงชนไทย", "PartyNumber": 184, "Title": "นาย", "Votable": true, "province_id": 32, "province_name": "สุรินทร์", "zone_number": 3, "PartyTerminated": false, "Age": 63, "Occupation": "ข้าราชการบำนาญ", "HighestEducation": "ปริญญาตรี", "ImageFileId": "5c5bb0e3fbcb5f16fc6601c0", "SelfIntroduceFileId": "5c5bb15dfbcb5f16fc6605ca", "PartyLogo": "https://storage.googleapis.com/candidate-thumbs/party/184.png", "CandididatePhoto": "https://storage.googleapis.com/candidate-thumbs/images/32-3-27.jpg"}, {"Unnamed: 0": 6881, "CandidateId": "1df33524-9935-45b5-a5f9-b876d6278341", "CandidateNo": 28, "FirstName": "สุรพล", "LastName": "ชัญถาวร", "PartyName": "พลังชาติไทย", "PartyNumber": 186, "Title": "นาย", "Votable": false, "province_id": 32, "province_name": "สุรินทร์", "zone_number": 3, "PartyTerminated": false, "Age": 61, "Occupation": "ข้าราชการครู", "HighestEducation": "ปริญญาตรี", "ImageFileId": "5c5bcc54fbcb5f16fc66a295", "SelfIntroduceFileId": "5c5bccbefbcb5f16fc66a4bc", "PartyLogo": "https://storage.googleapis.com/candidate-thumbs/party/186.png", "CandididatePhoto": "https://storage.googleapis.com/candidate-thumbs/images/32-3-28.jpg"}, {"Unnamed: 0": 6882, "CandidateId": "1ea37066-4476-4e3b-9e86-8bae584309ed", "CandidateNo": 29, "FirstName": "ณรงค์ฤทธิ์", "LastName": "นิติ จันทึก", "PartyName": "พลังไทสร้างชาติ", "PartyNumber": 200, "Title": "นาย", "Votable": true, "province_id": 32, "province_name": "สุรินทร์", "zone_number": 3, "PartyTerminated": false, "Age": 30, "Occupation": "นิติกรบริษัท", "HighestEducation": "ปริญญาตรี", "ImageFileId": "5c5bea3efbcb5f16fc67924d", "SelfIntroduceFileId": "5c5beab2fbcb5f16fc67967a", "PartyLogo": "https://storage.googleapis.com/candidate-thumbs/party/200.png", "CandididatePhoto": "https://storage.googleapis.com/candidate-thumbs/images/32-3-29.jpg"}, {"Unnamed: 0": 6883, "CandidateId": "aef00ce4-6fbd-45a9-9d28-1153e3342c00", "CandidateNo": 30, "FirstName": "ทองดา", "LastName": "วุฒิยา", "PartyName": "มหาชน", "PartyNumber": 4, "Title": "นาย", "Votable": true, "province_id": 32, "province_name": "สุรินทร์", "zone_number": 3, "PartyTerminated": false, "Age": 63, "Occupation": "เกษตรกร", "HighestEducation": "ต่ำกว่าปริญญาตรี", "ImageFileId": "5c5d1e4ffbcb5f0fd8853095", "SelfIntroduceFileId": "5c5d2060fbcb5f0fd88543d0", "PartyLogo": "https://storage.googleapis.com/candidate-thumbs/party/4.png", "CandididatePhoto": "https://storage.googleapis.com/candidate-thumbs/images/32-3-30.jpg"}, {"Unnamed: 0": 6884, "CandidateId": "6d8879ee-d50b-4a41-885b-d8079b4a3b4c", "CandidateNo": 31, "FirstName": "สุจิตตรา", "LastName": "สะสีสังข์", "PartyName": "ไทยศรีวิไลย์", "PartyNumber": 180, "Title": "นางสาว", "Votable": true, "province_id": 32, "province_name": "สุรินทร์", "zone_number": 3, "PartyTerminated": false, "Age": 40, "Occupation": "ธุรกิจส่วนตัว", "HighestEducation": "ต่ำกว่าปริญญาตรี", "ImageFileId": "5c5d3a2dfbcb5f0fd886128e", "SelfIntroduceFileId": "5c5d3d4bfbcb5f0fd8862ffe", "PartyLogo": "https://storage.googleapis.com/candidate-thumbs/party/180.png", "CandididatePhoto": "https://storage.googleapis.com/candidate-thumbs/images/32-3-31.jpg"}, {"Unnamed: 0": 6885, "CandidateId": "675911de-4e5a-45b0-aa0b-040e6546a401", "CandidateNo": 32, "FirstName": "สมภูมิ", "LastName": "แจ่มใส", "PartyName": "แทนคุณแผ่นดิน", "PartyNumber": 53, "Title": "นาย", "Votable": true, "province_id": 32, "province_name": "สุรินทร์", "zone_number": 3, "PartyTerminated": false, "Age": 58, "Occupation": "ข้าราชการบำนาญ", "HighestEducation": "ต่ำกว่าปริญญาตรี", "ImageFileId": "5c5d3f0bfbcb5f0fd88641be", "SelfIntroduceFileId": "5c5d3feefbcb5f0fd8864d51", "PartyLogo": "https://storage.googleapis.com/candidate-thumbs/party/53.png", "CandididatePhoto": "https://storage.googleapis.com/candidate-thumbs/images/32-3-32.jpg"}, {"Unnamed: 0": 6886, "CandidateId": "ee2628f3-0600-4859-86d4-3e3584106491", "CandidateNo": 33, "FirstName": "เสถียร", "LastName": "สุขประเสริฐ", "PartyName": "พลังศรัทธา", "PartyNumber": 201, "Title": "นาย", "Votable": true, "province_id": 32, "province_name": "สุรินทร์", "zone_number": 3, "PartyTerminated": false, "Age": 68, "Occupation": "ธุรกิจส่วนตัว", "HighestEducation": "ปริญญาเอก", "ImageFileId": "5c5d5005fbcb5f0fd886fcac", "SelfIntroduceFileId": "5c5d5653fbcb5f0fd8874c52", "PartyLogo": "https://storage.googleapis.com/candidate-thumbs/party/201.png", "CandididatePhoto": "https://storage.googleapis.com/candidate-thumbs/images/32-3-33.jpg"}, {"Unnamed: 0": 6887, "CandidateId": "acbf28f0-a913-4ca1-b074-09256d76caee", "CandidateNo": 34, "FirstName": "อุทัย", "LastName": "กิ่งมาลา", "PartyName": "รักท้องถิ่นไทย", "PartyNumber": 162, "Title": "นาย", "Votable": true, "province_id": 32, "province_name": "สุรินทร์", "zone_number": 3, "PartyTerminated": false, "Age": 42, "Occupation": "ธุรกิจส่วนตัว", "HighestEducation": "ต่ำกว่าปริญญาตรี", "ImageFileId": "5c5d53d4fbcb5f0fd887278f", "SelfIntroduceFileId": "5c5d579ffbcb5f0fd8875b1f", "PartyLogo": "https://storage.googleapis.com/candidate-thumbs/party/162.png", "CandididatePhoto": "https://storage.googleapis.com/candidate-thumbs/images/32-3-34.jpg"}]