[{"Unnamed: 0": 2560, "CandidateId": "a37d5741-61f0-4e93-b3db-18b21535adb1", "CandidateNo": 1, "FirstName": "ไพเราะจิต", "LastName": "เจริญยิ่ง", "PartyName": "ประชาธิปัตย์", "PartyNumber": 1, "Title": "นาง", "Votable": true, "province_id": 39, "province_name": "หนองบัวลำภู", "zone_number": 1, "PartyTerminated": false, "Age": 75, "Occupation": "ข้าราชการบำนาญ", "HighestEducation": "ปริญญาตรี", "ImageFileId": "5c57ec1afbcb5f1eec0e7bf2", "SelfIntroduceFileId": "5c59449dfbcb5f1d881718c7", "PartyLogo": "https://storage.googleapis.com/candidate-thumbs/party/1.png", "CandididatePhoto": "https://storage.googleapis.com/candidate-thumbs/images/39-1-1.jpg"}, {"Unnamed: 0": 2561, "CandidateId": "28af2397-800a-48fa-88eb-4882e9300e27", "CandidateNo": 2, "FirstName": "ไชยยุทธ", "LastName": "วงค์โคกสูง", "PartyName": "ประชาชนปฏิรูป", "PartyNumber": 176, "Title": "พันตำรวจเอก", "Votable": true, "province_id": 39, "province_name": "หนองบัวลำภู", "zone_number": 1, "PartyTerminated": false, "Age": 61, "Occupation": "ข้าราชการบำนาญ", "HighestEducation": "ปริญญาตรี", "ImageFileId": "5c57f6d3fbcb5f1eec0ee7f1", "SelfIntroduceFileId": "5c5a8941fbcb5f19bcaaa8cd", "PartyLogo": "https://storage.googleapis.com/candidate-thumbs/party/176.png", "CandididatePhoto": "https://storage.googleapis.com/candidate-thumbs/images/39-1-2.jpg"}, {"Unnamed: 0": 2562, "CandidateId": "445e4794-a852-446c-8167-1523e9d47c73", "CandidateNo": 3, "FirstName": "สังวาลย์", "LastName": "ชัยแสง", "PartyName": "เพื่อไทยพัฒนา", "PartyNumber": 213, "Title": "นาย", "Votable": true, "province_id": 39, "province_name": "หนองบัวลำภู", "zone_number": 1, "PartyTerminated": false, "Age": 53, "Occupation": "ค้าขาย", "HighestEducation": "ต่ำกว่าปริญญาตรี", "ImageFileId": "5c57edcffbcb5f1eec0e8cbc", "SelfIntroduceFileId": "5c5912affbcb5f1d8814bdfb", "PartyLogo": "https://storage.googleapis.com/candidate-thumbs/party/213.png", "CandididatePhoto": "https://storage.googleapis.com/candidate-thumbs/images/39-1-3.jpg"}, {"Unnamed: 0": 2563, "CandidateId": "ba843b4b-0f4b-4809-93da-a4b64a134dbb", "CandidateNo": 4, "FirstName": "ศรัณยา", "LastName": "สุวรรณพรหม", "PartyName": "พลังประชารัฐ", "PartyNumber": 192, "Title": "นาง", "Votable": true, "province_id": 39, "province_name": "หนองบัวลำภู", "zone_number": 1, "PartyTerminated": false, "Age": 49, "Occupation": "สมาชิกสภาองค์การบริหารส่วนจังหวัดหนองบัวลำภู", "HighestEducation": "ปริญญาโท", "ImageFileId": "5c57e89afbcb5f1eec0e631c", "SelfIntroduceFileId": "5c592b25fbcb5f1d8815b445", "PartyLogo": "https://storage.googleapis.com/candidate-thumbs/party/192.png", "CandididatePhoto": "https://storage.googleapis.com/candidate-thumbs/images/39-1-4.jpg"}, {"Unnamed: 0": 2564, "CandidateId": "7ab10687-00ad-420e-a77a-44e1a2da6d95", "CandidateNo": 5, "FirstName": "สยาม", "LastName": "หัตถสงเคราะห์", "PartyName": "เพื่อไทย", "PartyNumber": 34, "Title": "นาย", "Votable": true, "province_id": 39, "province_name": "หนองบัวลำภู", "zone_number": 1, "PartyTerminated": false, "Age": 48, "Occupation": "นักการเมือง", "HighestEducation": "ปริญญาตรี", "ImageFileId": "5c57e6aefbcb5f1eec0e4fc7", "SelfIntroduceFileId": "5c593fe5fbcb5f1d8816d6ca", "PartyLogo": "https://storage.googleapis.com/candidate-thumbs/party/34.png", "CandididatePhoto": "https://storage.googleapis.com/candidate-thumbs/images/39-1-5.jpg"}, {"Unnamed: 0": 2565, "CandidateId": "8f30dd57-e014-45d7-a0e4-9bd626ce9ed0", "CandidateNo": 6, "FirstName": "นคร", "LastName": "สุขราช", "PartyName": "ชาติไทยพัฒนา", "PartyNumber": 55, "Title": "นาย", "Votable": true, "province_id": 39, "province_name": "หนองบัวลำภู", "zone_number": 1, "PartyTerminated": false, "Age": 61, "Occupation": "เจ้าหน้าที่ของรัฐ", "HighestEducation": "ปริญญาตรี", "ImageFileId": "5c580531fbcb5f1eec0fa9be", "SelfIntroduceFileId": "5c595506fbcb5f1d8817e9ab", "PartyLogo": "https://storage.googleapis.com/candidate-thumbs/party/55.png", "CandididatePhoto": "https://storage.googleapis.com/candidate-thumbs/images/39-1-6.jpg"}, {"Unnamed: 0": 2566, "CandidateId": "9ab4a15c-0b15-4209-aaa6-a8a12522548f", "CandidateNo": 7, "FirstName": "อรยา", "LastName": "อุณาสิงห์", "PartyName": "ประชาภิวัฒน์", "PartyNumber": 172, "Title": "นาง", "Votable": true, "province_id": 39, "province_name": "หนองบัวลำภู", "zone_number": 1, "PartyTerminated": false, "Age": 64, "Occupation": "ข้าราชการบำนาญ", "HighestEducation": "ปริญญาตรี", "ImageFileId": "5c57e4a7fbcb5f1eec0e3d6c", "SelfIntroduceFileId": "5c5938cefbcb5f1d88167b5c", "PartyLogo": "https://storage.googleapis.com/candidate-thumbs/party/172.png", "CandididatePhoto": "https://storage.googleapis.com/candidate-thumbs/images/39-1-7.jpg"}, {"Unnamed: 0": 2567, "CandidateId": "f5221df6-4cbe-4e3d-91a5-cefd2f0bae94", "CandidateNo": 8, "FirstName": "ณัฐพิชา", "LastName": "ณ อุบล", "PartyName": "เพื่อชาติ", "PartyNumber": 149, "Title": "นาง", "Votable": true, "province_id": 39, "province_name": "หนองบัวลำภู", "zone_number": 1, "PartyTerminated": false, "Age": 57, "Occupation": "ธุรกิจส่วนตัว", "HighestEducation": "ปริญญาโท", "ImageFileId": "5c58037cfbcb5f1eec0f8d8d", "SelfIntroduceFileId": "5c58f250fbcb5f1d88133446", "PartyLogo": "https://storage.googleapis.com/candidate-thumbs/party/149.png", "CandididatePhoto": "https://storage.googleapis.com/candidate-thumbs/images/39-1-8.jpg"}, {"Unnamed: 0": 2568, "CandidateId": "8e9edda4-8c8b-4260-b9df-8b39a9360bfa", "CandidateNo": 9, "FirstName": "ยิ่งยศ", "LastName": "ปอวิจิตกุล", "PartyName": "อนาคตใหม่", "PartyNumber": 177, "Title": "นาย", "Votable": true, "province_id": 39, "province_name": "หนองบัวลำภู", "zone_number": 1, "PartyTerminated": false, "Age": 42, "Occupation": "ทนายความ", "HighestEducation": "ปริญญาตรี", "ImageFileId": "5c5806bffbcb5f1eec0fbc6c", "SelfIntroduceFileId": "5c5a953cfbcb5f19bcab025c", "PartyLogo": "https://storage.googleapis.com/candidate-thumbs/party/177.png", "CandididatePhoto": "https://storage.googleapis.com/candidate-thumbs/images/39-1-9.jpg"}, {"Unnamed: 0": 2569, "CandidateId": "65ac625e-8a18-4667-a6b4-de394d29764e", "CandidateNo": 10, "FirstName": "บุญช่วย", "LastName": "ปู่หลุ่น", "PartyName": "เพื่อคนไทย", "PartyNumber": 183, "Title": "นาย", "Votable": true, "province_id": 39, "province_name": "หนองบัวลำภู", "zone_number": 1, "PartyTerminated": false, "Age": 64, "Occupation": "ข้าราชการบำนาญ", "HighestEducation": "ปริญญาโท", "ImageFileId": "5c57fdc4fbcb5f1eec0f3f3d", "SelfIntroduceFileId": "5c5a901efbcb5f19bcaadc7b", "PartyLogo": "https://storage.googleapis.com/candidate-thumbs/party/183.png", "CandididatePhoto": "https://storage.googleapis.com/candidate-thumbs/images/39-1-10.jpg"}, {"Unnamed: 0": 2570, "CandidateId": "1272c834-b886-465f-ba27-0e986a99e41a", "CandidateNo": 11, "FirstName": "ขวัญหทัย", "LastName": "ชุมแวงวาปี", "PartyName": "เสรีรวมไทย", "PartyNumber": 145, "Title": "นางสาว", "Votable": true, "province_id": 39, "province_name": "หนองบัวลำภู", "zone_number": 1, "PartyTerminated": false, "Age": 41, "Occupation": "ค้าขาย", "HighestEducation": "ต่ำกว่าปริญญาตรี", "ImageFileId": "5c5801f3fbcb5f1eec0f786d", "SelfIntroduceFileId": "5c5a9378fbcb5f19bcaaf9ac", "PartyLogo": "https://storage.googleapis.com/candidate-thumbs/party/145.png", "CandididatePhoto": "https://storage.googleapis.com/candidate-thumbs/images/39-1-11.jpg"}, {"Unnamed: 0": 2571, "CandidateId": "c03348cf-9e05-49cf-8d42-21cf3117f949", "CandidateNo": 12, "FirstName": "คำพอง", "LastName": "เค้างิ้ว", "PartyName": "รวมพลังประชาชาติไทย", "PartyNumber": 181, "Title": "นาย", "Votable": true, "province_id": 39, "province_name": "หนองบัวลำภู", "zone_number": 1, "PartyTerminated": false, "Age": 61, "Occupation": "ข้าราชการบำนาญ", "HighestEducation": "ปริญญาตรี", "ImageFileId": "5c57fc08fbcb5f1eec0f25a5", "SelfIntroduceFileId": "5c5a8dbafbcb5f19bcaacbc3", "PartyLogo": "https://storage.googleapis.com/candidate-thumbs/party/181.png", "CandididatePhoto": "https://storage.googleapis.com/candidate-thumbs/images/39-1-12.jpg"}, {"Unnamed: 0": 2572, "CandidateId": "910975d9-3ab7-4db6-85b5-e30fcf5ee6e5", "CandidateNo": 13, "FirstName": "สมภาร", "LastName": "สอนโคตร", "PartyName": "รักษ์ผืนป่าประเทศไทย", "PartyNumber": 133, "Title": "นาย", "Votable": true, "province_id": 39, "province_name": "หนองบัวลำภู", "zone_number": 1, "PartyTerminated": false, "Age": 64, "Occupation": "เกษตรกรรม", "HighestEducation": "ต่ำกว่าปริญญาตรี", "ImageFileId": "5c57f98ffbcb5f1eec0f003b", "SelfIntroduceFileId": "5c5a8b27fbcb5f19bcaaba51", "PartyLogo": "https://storage.googleapis.com/candidate-thumbs/party/133.png", "CandididatePhoto": "https://storage.googleapis.com/candidate-thumbs/images/39-1-13.jpg"}, {"Unnamed: 0": 2573, "CandidateId": "3547caa9-674d-47c2-9a5f-2bdc19cd42cc", "CandidateNo": 14, "FirstName": "โชคอนันต์", "LastName": "พหล", "PartyName": "ชาติพัฒนา", "PartyNumber": 45, "Title": "นาย", "Votable": true, "province_id": 39, "province_name": "หนองบัวลำภู", "zone_number": 1, "PartyTerminated": false, "Age": 61, "Occupation": "ธุรกิจส่วนตัว", "HighestEducation": "ต่ำกว่าปริญญาตรี", "ImageFileId": "5c57f640fbcb5f1eec0ee21c", "SelfIntroduceFileId": "5c5a9a44fbcb5f19bcab22b5", "PartyLogo": "https://storage.googleapis.com/candidate-thumbs/party/45.png", "CandididatePhoto": "https://storage.googleapis.com/candidate-thumbs/images/39-1-14.jpg"}, {"Unnamed: 0": 2574, "CandidateId": "3dfc5ed0-c1f4-41fe-ad4d-f4734cd1a853", "CandidateNo": 15, "FirstName": "สมพาน", "LastName": "ศรีหอม", "PartyName": "ภูมิใจไทย", "PartyNumber": 63, "Title": "นาย", "Votable": true, "province_id": 39, "province_name": "หนองบัวลำภู", "zone_number": 1, "PartyTerminated": false, "Age": 53, "Occupation": "ข้าราชการ กรมประชาสัมพันธ์", "HighestEducation": "ปริญญาโท", "ImageFileId": "5c57f45bfbcb5f1eec0ecc50", "SelfIntroduceFileId": "5c5a97cdfbcb5f19bcab1093", "PartyLogo": "https://storage.googleapis.com/candidate-thumbs/party/63.png", "CandididatePhoto": "https://storage.googleapis.com/candidate-thumbs/images/39-1-15.jpg"}, {"Unnamed: 0": 2575, "CandidateId": "0d187366-7ce5-43e0-a3a3-21c4773ff236", "CandidateNo": 16, "FirstName": "ไพสิษฐ์", "LastName": "สุภา", "PartyName": "สังคมประชาธิปไตยไทย", "PartyNumber": 76, "Title": "นาย", "Votable": true, "province_id": 39, "province_name": "หนองบัวลำภู", "zone_number": 1, "PartyTerminated": false, "Age": 78, "Occupation": "เกษตรกร", "HighestEducation": "ต่ำกว่าปริญญาตรี", "ImageFileId": "5c57ef5dfbcb5f1eec0e9d22", "SelfIntroduceFileId": "5c58f852fbcb5f1d881371a6", "PartyLogo": "https://storage.googleapis.com/candidate-thumbs/party/76.png", "CandididatePhoto": "https://storage.googleapis.com/candidate-thumbs/images/39-1-16.jpg"}, {"Unnamed: 0": 2576, "CandidateId": "d7aae3a7-5875-42bd-a81c-e22a6e1e8a86", "CandidateNo": 17, "FirstName": "ภานุพัฒน์", "LastName": "สนิทวงศ์ชัย", "PartyName": "ประชานิยม", "PartyNumber": 191, "Title": "นาย", "Votable": true, "province_id": 39, "province_name": "หนองบัวลำภู", "zone_number": 1, "PartyTerminated": false, "Age": 51, "Occupation": "พ่อค้า", "HighestEducation": "ต่ำกว่าปริญญาตรี", "ImageFileId": "5c57e233fbcb5f1eec0e2b0e", "SelfIntroduceFileId": "5c59309dfbcb5f1d881608d5", "PartyLogo": "https://storage.googleapis.com/candidate-thumbs/party/191.png", "CandididatePhoto": "https://storage.googleapis.com/candidate-thumbs/images/39-1-17.jpg"}, {"Unnamed: 0": 2577, "CandidateId": "c8b05132-9889-48da-8b06-d94f975ae1d6", "CandidateNo": 18, "FirstName": "สมัย", "LastName": "เกาะสา", "PartyName": "เพื่อแผ่นดิน", "PartyNumber": 41, "Title": "นาย", "Votable": true, "province_id": 39, "province_name": "หนองบัวลำภู", "zone_number": 1, "PartyTerminated": false, "Age": 63, "Occupation": "เกษตรกรรม", "HighestEducation": "ต่ำกว่าปริญญาตรี", "ImageFileId": "5c57df3bfbcb5f1eec0e193a", "SelfIntroduceFileId": "5c5d38d4fbcb5f0fd88608ff", "PartyLogo": "https://storage.googleapis.com/candidate-thumbs/party/41.png", "CandididatePhoto": "https://storage.googleapis.com/candidate-thumbs/images/39-1-18.jpg"}, {"Unnamed: 0": 2578, "CandidateId": "c1739b36-a072-4609-822d-612dd8209c2c", "CandidateNo": 19, "FirstName": "ไหว", "LastName": "มีสุข", "PartyName": "ประชาธิปไตยใหม่", "PartyNumber": 109, "Title": "นาย", "Votable": true, "province_id": 39, "province_name": "หนองบัวลำภู", "zone_number": 1, "PartyTerminated": false, "Age": 62, "Occupation": "เกษตรกร", "HighestEducation": "ต่ำกว่าปริญญาตรี", "ImageFileId": "5c57f1a1fbcb5f1eec0eb0fb", "SelfIntroduceFileId": "5c5be187fbcb5f16fc674904", "PartyLogo": "https://storage.googleapis.com/candidate-thumbs/party/109.png", "CandididatePhoto": "https://storage.googleapis.com/candidate-thumbs/images/39-1-19.jpg"}, {"Unnamed: 0": 2579, "CandidateId": "4f473b52-fe52-4de0-b43d-658d30e1889b", "CandidateNo": 20, "FirstName": "นิธิมา", "LastName": "โพธิผล", "PartyName": "พลังแรงงานไทย", "PartyNumber": 199, "Title": "นาง", "Votable": true, "province_id": 39, "province_name": "หนองบัวลำภู", "zone_number": 1, "PartyTerminated": false, "Age": 55, "Occupation": "เจ้าหน้าที่งานฝึกอบรมวิทยาลัยชุมชนหนองบัวลำภู", "HighestEducation": "ปริญญาโท", "ImageFileId": "5c5807f6fbcb5f1eec0fce34", "SelfIntroduceFileId": "5c5d4883fbcb5f0fd886a6cb", "PartyLogo": "https://storage.googleapis.com/candidate-thumbs/party/199.png", "CandididatePhoto": "https://storage.googleapis.com/candidate-thumbs/images/39-1-20.jpg"}, {"Unnamed: 0": 2580, "CandidateId": "854b9eee-87b0-49df-8944-d260058d91ca", "CandidateNo": 21, "FirstName": "วีระ", "LastName": "วงษ์นาม", "PartyName": "ประชาธรรมไทย", "PartyNumber": 190, "Title": "นาย", "Votable": true, "province_id": 39, "province_name": "หนองบัวลำภู", "zone_number": 1, "PartyTerminated": false, "Age": 67, "Occupation": "ข้าราชการครู", "HighestEducation": "ปริญญาโท", "ImageFileId": "5c590c0cfbcb5f1d88145eb3", "SelfIntroduceFileId": "5c590e4ffbcb5f1d88147e78", "PartyLogo": "https://storage.googleapis.com/candidate-thumbs/party/190.png", "CandididatePhoto": "https://storage.googleapis.com/candidate-thumbs/images/39-1-21.jpg"}, {"Unnamed: 0": 2581, "CandidateId": "1337606c-3d04-41e0-938e-5c11572c4c49", "CandidateNo": 22, "FirstName": "นริศรา", "LastName": "ดำรงวัฒนกุล", "PartyName": "เศรษฐกิจใหม่", "PartyNumber": 193, "Title": "นาง", "Votable": true, "province_id": 39, "province_name": "หนองบัวลำภู", "zone_number": 1, "PartyTerminated": false, "Age": 54, "Occupation": "นักธุรกิจ", "HighestEducation": "ปริญญาตรี", "ImageFileId": "5c5a85c1fbcb5f19bcaa9325", "SelfIntroduceFileId": "5c5aa049fbcb5f19bcab4a51", "PartyLogo": "https://storage.googleapis.com/candidate-thumbs/party/193.png", "CandididatePhoto": "https://storage.googleapis.com/candidate-thumbs/images/39-1-22.jpg"}, {"Unnamed: 0": 2582, "CandidateId": "e425d8b0-f115-4bf1-8499-0fb24482dbfa", "CandidateNo": 23, "FirstName": "ไพรัช", "LastName": "นุชิต", "PartyName": "พลังปวงชนไทย", "PartyNumber": 184, "Title": "นาย", "Votable": true, "province_id": 39, "province_name": "หนองบัวลำภู", "zone_number": 1, "PartyTerminated": false, "Age": 68, "Occupation": "ธุรกิจส่วนตัว", "HighestEducation": "ปริญญาโท", "ImageFileId": "5c5a8865fbcb5f19bcaaa2b5", "SelfIntroduceFileId": "5c5aa20ffbcb5f19bcab56dc", "PartyLogo": "https://storage.googleapis.com/candidate-thumbs/party/184.png", "CandididatePhoto": "https://storage.googleapis.com/candidate-thumbs/images/39-1-23.jpg"}, {"Unnamed: 0": 2583, "CandidateId": "a1e41053-cb1f-4c6a-87cd-80430aedec93", "CandidateNo": 24, "FirstName": "สมยศ", "LastName": "ด้วงแพง", "PartyName": "ครูไทยเพื่อประชาชน", "PartyNumber": 118, "Title": "นาย", "Votable": true, "province_id": 39, "province_name": "หนองบัวลำภู", "zone_number": 1, "PartyTerminated": false, "Age": 68, "Occupation": "เกษตรกร", "HighestEducation": "ปริญญาตรี", "ImageFileId": "5c5bda75fbcb5f16fc670bea", "SelfIntroduceFileId": "5c5d471efbcb5f0fd886983a", "PartyLogo": "https://storage.googleapis.com/candidate-thumbs/party/118.png", "CandididatePhoto": "https://storage.googleapis.com/candidate-thumbs/images/39-1-24.jpg"}, {"Unnamed: 0": 2584, "CandidateId": "5bf8fbbc-e133-44c1-950f-0b5680317d22", "CandidateNo": 25, "FirstName": "กำธร", "LastName": "บุตรดี", "PartyName": "ประชาชาติ", "PartyNumber": 187, "Title": "นาย", "Votable": true, "province_id": 39, "province_name": "หนองบัวลำภู", "zone_number": 1, "PartyTerminated": false, "Age": 58, "Occupation": "ทนายความ", "HighestEducation": "ปริญญาโท", "ImageFileId": "5c5bdb1bfbcb5f16fc6712ab", "SelfIntroduceFileId": "5c5d497bfbcb5f0fd886b1dd", "PartyLogo": "https://storage.googleapis.com/candidate-thumbs/party/187.png", "CandididatePhoto": "https://storage.googleapis.com/candidate-thumbs/images/39-1-25.jpg"}, {"Unnamed: 0": 2585, "CandidateId": "bb518f7e-5305-4a3a-bb5c-b993b4e6cf4c", "CandidateNo": 26, "FirstName": "บุญสม", "LastName": "โชติกวันดี", "PartyName": "รวมใจไทย", "PartyNumber": 174, "Title": "นาย", "Votable": true, "province_id": 39, "province_name": "หนองบัวลำภู", "zone_number": 1, "PartyTerminated": false, "Age": 73, "Occupation": "ข้าราชการบำนาญ", "HighestEducation": "ปริญญาตรี", "ImageFileId": "5c5d4a05fbcb5f0fd886bc67", "SelfIntroduceFileId": "5c5d4b9afbcb5f0fd886cf4c", "PartyLogo": "https://storage.googleapis.com/candidate-thumbs/party/174.png", "CandididatePhoto": "https://storage.googleapis.com/candidate-thumbs/images/39-1-26.jpg"}, {"Unnamed: 0": 2586, "CandidateId": "68d086f5-086c-4115-8f36-1bcbf9954c3f", "CandidateNo": 27, "FirstName": "ปิยณัฐ", "LastName": "คำศรี", "PartyName": "ไทยศรีวิไลย์", "PartyNumber": 180, "Title": "นาย", "Votable": true, "province_id": 39, "province_name": "หนองบัวลำภู", "zone_number": 1, "PartyTerminated": false, "Age": 27, "Occupation": "อาจารย์แนะแนวการศึกษาต่อ/วิทยากร", "HighestEducation": "ปริญญาตรี", "ImageFileId": "5c5d4e0cfbcb5f0fd886e7c4", "SelfIntroduceFileId": "5c5d7902fbcb5f0fd8881e96", "PartyLogo": "https://storage.googleapis.com/candidate-thumbs/party/180.png", "CandididatePhoto": "https://storage.googleapis.com/candidate-thumbs/images/39-1-27.jpg"}, {"Unnamed: 0": 2587, "CandidateId": "65db810e-5279-41ec-8ace-67ed5a1d008a", "CandidateNo": 28, "FirstName": "จุฑามาศ", "LastName": "นิยะนันท์", "PartyName": "พลังไทสร้างชาติ", "PartyNumber": 200, "Title": "นางสาว", "Votable": true, "province_id": 39, "province_name": "หนองบัวลำภู", "zone_number": 1, "PartyTerminated": false, "Age": 31, "Occupation": "พนักงานเทศบาล", "HighestEducation": "ปริญญาตรี", "ImageFileId": "5c5d4f62fbcb5f0fd886f566", "SelfIntroduceFileId": "5c5d7b71fbcb5f0fd88821c4", "PartyLogo": "https://storage.googleapis.com/candidate-thumbs/party/200.png", "CandididatePhoto": "https://storage.googleapis.com/candidate-thumbs/images/39-1-28.jpg"}, {"Unnamed: 0": 2588, "CandidateId": "d053c43b-2f76-43c5-8281-34cb12874b79", "CandidateNo": 29, "FirstName": "รัก", "LastName": "โภคานิตย์", "PartyName": "พลังชาติไทย", "PartyNumber": 186, "Title": "นาย", "Votable": true, "province_id": 39, "province_name": "หนองบัวลำภู", "zone_number": 1, "PartyTerminated": false, "Age": 32, "Occupation": "ค้าขาย", "HighestEducation": "ต่ำกว่าปริญญาตรี", "ImageFileId": "5c5d4fcdfbcb5f0fd886f9e5", "SelfIntroduceFileId": "5c5d7d19fbcb5f0fd888243f", "PartyLogo": "https://storage.googleapis.com/candidate-thumbs/party/186.png", "CandididatePhoto": "https://storage.googleapis.com/candidate-thumbs/images/39-1-29.jpg"}, {"Unnamed: 0": 2589, "CandidateId": "a6a2ee61-f2e3-4820-b7a9-cdebf338cf28", "CandidateNo": 30, "FirstName": "จันที", "LastName": "หมื่นมณี", "PartyName": "พลังไทยรักไทย", "PartyNumber": 185, "Title": "นางสาว", "Votable": true, "province_id": 39, "province_name": "หนองบัวลำภู", "zone_number": 1, "PartyTerminated": false, "Age": 52, "Occupation": "เกษตรกร", "HighestEducation": "ต่ำกว่าปริญญาตรี", "ImageFileId": "5c5d987bfbcb5f0fd8883b3c", "SelfIntroduceFileId": "5c5d7e90fbcb5f0fd88825d6", "PartyLogo": "https://storage.googleapis.com/candidate-thumbs/party/185.png", "CandididatePhoto": "https://storage.googleapis.com/candidate-thumbs/images/39-1-30.jpg"}, {"Unnamed: 0": 2590, "CandidateId": "7e8ce53f-38fd-43c6-855d-a8e430cfd6be", "CandidateNo": 31, "FirstName": "ประตู", "LastName": "พันธ์ก่ำ", "PartyName": "ภาคีเครือข่ายไทย", "PartyNumber": 211, "Title": "นาย", "Votable": true, "province_id": 39, "province_name": "หนองบัวลำภู", "zone_number": 1, "PartyTerminated": false, "Age": 48, "Occupation": "อาชีพอิสระ", "HighestEducation": "ต่ำกว่าปริญญาตรี", "ImageFileId": "5c5d550efbcb5f0fd8873900", "SelfIntroduceFileId": "5c5d81a3fbcb5f0fd8882b0b", "PartyLogo": "https://storage.googleapis.com/candidate-thumbs/party/211.png", "CandididatePhoto": "https://storage.googleapis.com/candidate-thumbs/images/39-1-31.jpg"}, {"Unnamed: 0": 2591, "CandidateId": "b85ddee2-1e67-48ee-b36c-b3e35c61f26c", "CandidateNo": 32, "FirstName": "สมหมาย", "LastName": "แสวงรักษ์", "PartyName": "พลังศรัทธา", "PartyNumber": 201, "Title": "นาย", "Votable": true, "province_id": 39, "province_name": "หนองบัวลำภู", "zone_number": 1, "PartyTerminated": false, "Age": 62, "Occupation": "เกษตรกร", "HighestEducation": "ต่ำกว่าปริญญาตรี", "ImageFileId": "5c5d55d2fbcb5f0fd8874654", "SelfIntroduceFileId": "5c5d8208fbcb5f0fd8882bba", "PartyLogo": "https://storage.googleapis.com/candidate-thumbs/party/201.png", "CandididatePhoto": "https://storage.googleapis.com/candidate-thumbs/images/39-1-32.jpg"}, {"Unnamed: 0": 2592, "CandidateId": "762e09d9-f710-4ba2-9e8e-4c3d4c185aff", "CandidateNo": 33, "FirstName": "ธีระพันธ์", "LastName": "ทองทุม", "PartyName": "พลังท้องถิ่นไท", "PartyNumber": 124, "Title": "นาย", "Votable": true, "province_id": 39, "province_name": "หนองบัวลำภู", "zone_number": 1, "PartyTerminated": false, "Age": 63, "Occupation": "เกษตรกร", "HighestEducation": "ต่ำกว่าปริญญาตรี", "ImageFileId": "5c5d581dfbcb5f0fd887623c", "SelfIntroduceFileId": "5c5d8271fbcb5f0fd8882c44", "PartyLogo": "https://storage.googleapis.com/candidate-thumbs/party/124.png", "CandididatePhoto": "https://storage.googleapis.com/candidate-thumbs/images/39-1-33.jpg"}]