[{"Unnamed: 0": 2451, "CandidateId": "b4250cab-d309-480d-9a6f-a0c5821dc427", "CandidateNo": 1, "FirstName": "ชาญชัย", "LastName": "ชมเชย", "PartyName": "ประชาชนปฏิรูป", "PartyNumber": 176, "Title": "นาย", "Votable": true, "province_id": 43, "province_name": "หนองคาย", "zone_number": 1, "PartyTerminated": false, "Age": 59, "Occupation": "ค้าขาย", "HighestEducation": "ปริญญาตรี", "ImageFileId": "5c57fa48fbcb5f1eec0f0d58", "SelfIntroduceFileId": "5c58f06efbcb5f1d881322a6", "PartyLogo": "https://storage.googleapis.com/candidate-thumbs/party/176.png", "CandididatePhoto": "https://storage.googleapis.com/candidate-thumbs/images/43-1-1.jpg"}, {"Unnamed: 0": 2452, "CandidateId": "ff5f485a-4600-4af0-8596-49d3e67fba11", "CandidateNo": 2, "FirstName": "พงศ์พันธ์", "LastName": "สุนทรชัย", "PartyName": "ภูมิใจไทย", "PartyNumber": 63, "Title": "ว่าที่ ร.ต.", "Votable": true, "province_id": 43, "province_name": "หนองคาย", "zone_number": 1, "PartyTerminated": false, "Age": 60, "Occupation": "นักการเมือง", "HighestEducation": "ปริญญาเอก", "ImageFileId": "5c582121fbcb5f1eec109e98", "SelfIntroduceFileId": "5c58fa55fbcb5f1d881386a1", "PartyLogo": "https://storage.googleapis.com/candidate-thumbs/party/63.png", "CandididatePhoto": "https://storage.googleapis.com/candidate-thumbs/images/43-1-2.jpg"}, {"Unnamed: 0": 2453, "CandidateId": "1a879089-afb9-4d6c-a73d-bc4709f54857", "CandidateNo": 3, "FirstName": "ฐิติกร", "LastName": "กาละดี", "PartyName": "เสรีรวมไทย", "PartyNumber": 145, "Title": "นาย", "Votable": true, "province_id": 43, "province_name": "หนองคาย", "zone_number": 1, "PartyTerminated": false, "Age": 57, "Occupation": "เกษตรกร", "HighestEducation": "ปริญญาตรี", "ImageFileId": "5c58219dfbcb5f1eec10a171", "SelfIntroduceFileId": "5c58fdd2fbcb5f1d8813a742", "PartyLogo": "https://storage.googleapis.com/candidate-thumbs/party/145.png", "CandididatePhoto": "https://storage.googleapis.com/candidate-thumbs/images/43-1-3.jpg"}, {"Unnamed: 0": 2454, "CandidateId": "ffe80025-0861-4cc9-85e3-7d091f8dc3de", "CandidateNo": 4, "FirstName": "สมคิด", "LastName": "ขันทอง", "PartyName": "สยามพัฒนา", "PartyNumber": 182, "Title": "นาย", "Votable": true, "province_id": 43, "province_name": "หนองคาย", "zone_number": 1, "PartyTerminated": false, "Age": 62, "Occupation": "ศึกษานิเทศก์ สพม.21", "HighestEducation": "ปริญญาเอก", "ImageFileId": "5c5821f6fbcb5f1eec10a2a8", "SelfIntroduceFileId": "5c5905b4fbcb5f1d881406c4", "PartyLogo": "https://storage.googleapis.com/candidate-thumbs/party/182.png", "CandididatePhoto": "https://storage.googleapis.com/candidate-thumbs/images/43-1-4.jpg"}, {"Unnamed: 0": 2455, "CandidateId": "7efb9b57-c9ae-4a5d-bf01-eec88777bb04", "CandidateNo": 5, "FirstName": "อภิรัญญา", "LastName": "โคตรชมภู", "PartyName": "พลังท้องถิ่นไท", "PartyNumber": 124, "Title": "นางสาว", "Votable": true, "province_id": 43, "province_name": "หนองคาย", "zone_number": 1, "PartyTerminated": false, "Age": 34, "Occupation": "ธุรกิจส่วนตัว", "HighestEducation": "ปริญญาตรี", "ImageFileId": "5c582255fbcb5f1eec10a3b6", "SelfIntroduceFileId": "5c590af6fbcb5f1d88144eab", "PartyLogo": "https://storage.googleapis.com/candidate-thumbs/party/124.png", "CandididatePhoto": "https://storage.googleapis.com/candidate-thumbs/images/43-1-5.jpg"}, {"Unnamed: 0": 2456, "CandidateId": "95252216-ac56-4660-976a-db2c910ba6c8", "CandidateNo": 6, "FirstName": "อภิชาณ", "LastName": "ศิลาคม", "PartyName": "ประชานิยม", "PartyNumber": 191, "Title": "นาย", "Votable": true, "province_id": 43, "province_name": "หนองคาย", "zone_number": 1, "PartyTerminated": false, "Age": 63, "Occupation": "ข้าราชการบำนาญ", "HighestEducation": "ปริญญาตรี", "ImageFileId": "5c5822bbfbcb5f1eec10a519", "SelfIntroduceFileId": "5c59103efbcb5f1d88149cd4", "PartyLogo": "https://storage.googleapis.com/candidate-thumbs/party/191.png", "CandididatePhoto": "https://storage.googleapis.com/candidate-thumbs/images/43-1-6.jpg"}, {"Unnamed: 0": 2457, "CandidateId": "f7e43249-2704-4587-8549-9292d76b72ba", "CandidateNo": 7, "FirstName": "ทองพูน", "LastName": "สมสา", "PartyName": "พลังธรรมใหม่", "PartyNumber": 175, "Title": "นาย", "Votable": true, "province_id": 43, "province_name": "หนองคาย", "zone_number": 1, "PartyTerminated": false, "Age": 65, "Occupation": "ข้าราชการครู", "HighestEducation": "ปริญญาตรี", "ImageFileId": "5c58233efbcb5f1eec10a71c", "SelfIntroduceFileId": "5c591639fbcb5f1d8814e97a", "PartyLogo": "https://storage.googleapis.com/candidate-thumbs/party/175.png", "CandididatePhoto": "https://storage.googleapis.com/candidate-thumbs/images/43-1-7.jpg"}, {"Unnamed: 0": 2458, "CandidateId": "874301d1-77ba-43d5-8058-405fe87464dd", "CandidateNo": 8, "FirstName": "เมฆา", "LastName": "พัดสิงห์", "PartyName": "รักษ์ผืนป่าประเทศไทย", "PartyNumber": 133, "Title": "นาย", "Votable": true, "province_id": 43, "province_name": "หนองคาย", "zone_number": 1, "PartyTerminated": false, "Age": 36, "Occupation": "รับจ้าง, เกษตรกร", "HighestEducation": "ปริญญาตรี", "ImageFileId": "5c5823a6fbcb5f1eec10a805", "SelfIntroduceFileId": "5c592b79fbcb5f1d8815bab5", "PartyLogo": "https://storage.googleapis.com/candidate-thumbs/party/133.png", "CandididatePhoto": "https://storage.googleapis.com/candidate-thumbs/images/43-1-8.jpg"}, {"Unnamed: 0": 2459, "CandidateId": "71f99568-b81a-4b8a-bf21-f53ae967e917", "CandidateNo": 9, "FirstName": "สุจิตต์", "LastName": "เถาว์พันธ์", "PartyName": "เพื่อไทยพัฒนา", "PartyNumber": 213, "Title": "นาย", "Votable": true, "province_id": 43, "province_name": "หนองคาย", "zone_number": 1, "PartyTerminated": false, "Age": 62, "Occupation": "รับราชการครู", "HighestEducation": "ปริญญาตรี", "ImageFileId": "5c58246cfbcb5f1eec10ab34", "SelfIntroduceFileId": "5c593086fbcb5f1d88160674", "PartyLogo": "https://storage.googleapis.com/candidate-thumbs/party/213.png", "CandididatePhoto": "https://storage.googleapis.com/candidate-thumbs/images/43-1-9.jpg"}, {"Unnamed: 0": 2460, "CandidateId": "8b56e000-20dd-4e9b-aa12-bcb0b217500d", "CandidateNo": 10, "FirstName": "นพดล", "LastName": "กัณฑะวงษ์", "PartyName": "ประชาชาติ", "PartyNumber": 187, "Title": "นาย", "Votable": true, "province_id": 43, "province_name": "หนองคาย", "zone_number": 1, "PartyTerminated": false, "Age": 58, "Occupation": "ทนาย", "HighestEducation": "ปริญญาตรี", "ImageFileId": "5c5824d4fbcb5f1eec10ae04", "SelfIntroduceFileId": "5c593e06fbcb5f1d8816c045", "PartyLogo": "https://storage.googleapis.com/candidate-thumbs/party/187.png", "CandididatePhoto": "https://storage.googleapis.com/candidate-thumbs/images/43-1-10.jpg"}, {"Unnamed: 0": 2461, "CandidateId": "b3f35281-1d17-4a6d-924b-9c5423863255", "CandidateNo": 11, "FirstName": "สมชัย", "LastName": "จันทร์ทรง", "PartyName": "ประชาภิวัฒน์", "PartyNumber": 172, "Title": "นาย", "Votable": true, "province_id": 43, "province_name": "หนองคาย", "zone_number": 1, "PartyTerminated": false, "Age": 63, "Occupation": "รับราชการครู", "HighestEducation": "ปริญญาโท", "ImageFileId": "5c58252bfbcb5f1eec10aef5", "SelfIntroduceFileId": "5c59443cfbcb5f1d881713a2", "PartyLogo": "https://storage.googleapis.com/candidate-thumbs/party/172.png", "CandididatePhoto": "https://storage.googleapis.com/candidate-thumbs/images/43-1-11.jpg"}, {"Unnamed: 0": 2462, "CandidateId": "d331d700-ce36-419d-a8ec-c010c69e52a1", "CandidateNo": 12, "FirstName": "กฤตนัน", "LastName": "ทองอยู่", "PartyName": "เพื่อชาติ", "PartyNumber": 149, "Title": "นาย", "Votable": true, "province_id": 43, "province_name": "หนองคาย", "zone_number": 1, "PartyTerminated": false, "Age": 60, "Occupation": "ธุรกิจส่วนตัว", "HighestEducation": "ปริญญาโท", "ImageFileId": "5c582575fbcb5f1eec10afaa", "SelfIntroduceFileId": "5c5e5d1afbcb5f14489a5393", "PartyLogo": "https://storage.googleapis.com/candidate-thumbs/party/149.png", "CandididatePhoto": "https://storage.googleapis.com/candidate-thumbs/images/43-1-12.jpg"}, {"Unnamed: 0": 2463, "CandidateId": "9069492c-af96-4bd6-bce7-bca79abf112a", "CandidateNo": 13, "FirstName": "ณัฐพงศ์", "LastName": "ชนะพันธ์", "PartyName": "อนาคตใหม่", "PartyNumber": 177, "Title": "นาย", "Votable": true, "province_id": 43, "province_name": "หนองคาย", "zone_number": 1, "PartyTerminated": false, "Age": 46, "Occupation": "เกษตรกร", "HighestEducation": "ปริญญาตรี", "ImageFileId": "5c5825d7fbcb5f1eec10b0b6", "SelfIntroduceFileId": "5c5a6213fbcb5f19bca9bf24", "PartyLogo": "https://storage.googleapis.com/candidate-thumbs/party/177.png", "CandididatePhoto": "https://storage.googleapis.com/candidate-thumbs/images/43-1-13.jpg"}, {"Unnamed: 0": 2464, "CandidateId": "c5fd3a1f-2bb3-4e09-9530-5432ff06882c", "CandidateNo": 14, "FirstName": "สมเกียรติ", "LastName": "บุทเสน", "PartyName": "เพื่อนไทย", "PartyNumber": 179, "Title": "นาย", "Votable": true, "province_id": 43, "province_name": "หนองคาย", "zone_number": 1, "PartyTerminated": false, "Age": 65, "Occupation": "พนักงานการไฟฟ้าฝ่ายผลิตแห่งประเทศไทย", "HighestEducation": "ต่ำกว่าปริญญาตรี", "ImageFileId": "5c58261dfbcb5f1eec10b10f", "SelfIntroduceFileId": "5c5a4c97fbcb5f19bca90684", "PartyLogo": "https://storage.googleapis.com/candidate-thumbs/party/179.png", "CandididatePhoto": "https://storage.googleapis.com/candidate-thumbs/images/43-1-14.jpg"}, {"Unnamed: 0": 2465, "CandidateId": "e635cf84-0f64-4719-9f7e-be3e7f09cdeb", "CandidateNo": 15, "FirstName": "ชมพูนุท", "LastName": "นาครทรรพ", "PartyName": "ประชาธิปัตย์", "PartyNumber": 1, "Title": "นางสาว", "Votable": true, "province_id": 43, "province_name": "หนองคาย", "zone_number": 1, "PartyTerminated": false, "Age": 52, "Occupation": "อาชีพอิสระ", "HighestEducation": "ปริญญาตรี", "ImageFileId": "5c582665fbcb5f1eec10b24c", "SelfIntroduceFileId": "5c5a5409fbcb5f19bca94b6c", "PartyLogo": "https://storage.googleapis.com/candidate-thumbs/party/1.png", "CandididatePhoto": "https://storage.googleapis.com/candidate-thumbs/images/43-1-15.jpg"}, {"Unnamed: 0": 2466, "CandidateId": "c03b6773-cd2d-495a-8e31-25b3144a8b52", "CandidateNo": 16, "FirstName": "กฤษฎา", "LastName": "ตันเทอดทิตย์", "PartyName": "เพื่อไทย", "PartyNumber": 34, "Title": "นาย", "Votable": true, "province_id": 43, "province_name": "หนองคาย", "zone_number": 1, "PartyTerminated": false, "Age": 37, "Occupation": "นักธุรกิจ", "HighestEducation": "ปริญญาโท", "ImageFileId": "5c5828bafbcb5f1eec10b95d", "SelfIntroduceFileId": "5c5a5e0afbcb5f19bca99f3b", "PartyLogo": "https://storage.googleapis.com/candidate-thumbs/party/34.png", "CandididatePhoto": "https://storage.googleapis.com/candidate-thumbs/images/43-1-16.jpg"}, {"Unnamed: 0": 2467, "CandidateId": "6985dd10-44e8-4686-ac6e-c7842e7269ab", "CandidateNo": 17, "FirstName": "กระแสร์", "LastName": "ตระกูลพรพงศ์", "PartyName": "พลังประชารัฐ", "PartyNumber": 192, "Title": "นาย", "Votable": true, "province_id": 43, "province_name": "หนองคาย", "zone_number": 1, "PartyTerminated": false, "Age": 59, "Occupation": "รองนายกองค์การบริหารส่วนจังหวัดหนองคาย", "HighestEducation": "ปริญญาตรี", "ImageFileId": "5c5828ebfbcb5f1eec10ba0d", "SelfIntroduceFileId": "5c5a7ebbfbcb5f19bcaa59c0", "PartyLogo": "https://storage.googleapis.com/candidate-thumbs/party/192.png", "CandididatePhoto": "https://storage.googleapis.com/candidate-thumbs/images/43-1-17.jpg"}, {"Unnamed: 0": 2468, "CandidateId": "38e29a33-4f86-481a-b131-c1601116e17c", "CandidateNo": 18, "FirstName": "พลวัฒน์", "LastName": "บุญแท้", "PartyName": "รวมพลังประชาชาติไทย", "PartyNumber": 181, "Title": "นาย", "Votable": true, "province_id": 43, "province_name": "หนองคาย", "zone_number": 1, "PartyTerminated": false, "Age": 43, "Occupation": "ค้าขาย, นักธุรกิจ", "HighestEducation": "ปริญญาตรี", "ImageFileId": "5c582921fbcb5f1eec10ba2b", "SelfIntroduceFileId": "5c5a8be2fbcb5f19bcaabedc", "PartyLogo": "https://storage.googleapis.com/candidate-thumbs/party/181.png", "CandididatePhoto": "https://storage.googleapis.com/candidate-thumbs/images/43-1-18.jpg"}, {"Unnamed: 0": 2469, "CandidateId": "e0840ce7-3743-4e2c-86b7-e2d109a30921", "CandidateNo": 19, "FirstName": "สมคิด", "LastName": "บาลไธสง", "PartyName": "ชาติไทยพัฒนา", "PartyNumber": 55, "Title": "นาย", "Votable": true, "province_id": 43, "province_name": "หนองคาย", "zone_number": 1, "PartyTerminated": false, "Age": 66, "Occupation": "ข้าราชการบำนาญ/ นักการเมือง", "HighestEducation": "ปริญญาตรี", "ImageFileId": "5c582783fbcb5f1eec10b5ee", "SelfIntroduceFileId": "5c5a99dcfbcb5f19bcab1d64", "PartyLogo": "https://storage.googleapis.com/candidate-thumbs/party/55.png", "CandididatePhoto": "https://storage.googleapis.com/candidate-thumbs/images/43-1-19.jpg"}, {"Unnamed: 0": 2470, "CandidateId": "c71069ff-35e4-41d0-b98f-5125d21b9dc6", "CandidateNo": 20, "FirstName": "ณรงค์", "LastName": "ปัดถา", "PartyName": "เพื่อแผ่นดิน", "PartyNumber": 41, "Title": "นาย", "Votable": true, "province_id": 43, "province_name": "หนองคาย", "zone_number": 1, "PartyTerminated": false, "Age": 70, "Occupation": "เกษตรกร", "HighestEducation": "ต่ำกว่าปริญญาตรี", "ImageFileId": "5c58271cfbcb5f1eec10b4f5", "SelfIntroduceFileId": "5c5a9fbdfbcb5f19bcab47c0", "PartyLogo": "https://storage.googleapis.com/candidate-thumbs/party/41.png", "CandididatePhoto": "https://storage.googleapis.com/candidate-thumbs/images/43-1-20.jpg"}, {"Unnamed: 0": 2471, "CandidateId": "e3135cbb-2658-49c0-818b-1db6a9862b79", "CandidateNo": 21, "FirstName": "พรต", "LastName": "จันทร์เสนา", "PartyName": "ประชาธรรมไทย", "PartyNumber": 190, "Title": "นาย", "Votable": true, "province_id": 43, "province_name": "หนองคาย", "zone_number": 1, "PartyTerminated": false, "Age": 65, "Occupation": "ข้าราชการบำนาญ", "HighestEducation": "ปริญญาตรี", "ImageFileId": "5c5960e5fbcb5f1d881822a0", "SelfIntroduceFileId": "5c5aa58ffbcb5f19bcab6b49", "PartyLogo": "https://storage.googleapis.com/candidate-thumbs/party/190.png", "CandididatePhoto": "https://storage.googleapis.com/candidate-thumbs/images/43-1-21.jpg"}, {"Unnamed: 0": 2472, "CandidateId": "0a5fc055-d308-4240-a368-89a84b7c000f", "CandidateNo": 22, "FirstName": "วรภพ", "LastName": "บุญเลิศ", "PartyName": "ชาติพัฒนา", "PartyNumber": 45, "Title": "นาย", "Votable": true, "province_id": 43, "province_name": "หนองคาย", "zone_number": 1, "PartyTerminated": false, "Age": 40, "Occupation": "ทนายความ", "HighestEducation": "ปริญญาโท", "ImageFileId": "5c595f24fbcb5f1d88181ec2", "SelfIntroduceFileId": "5c5aaaacfbcb5f19bcab7ea0", "PartyLogo": "https://storage.googleapis.com/candidate-thumbs/party/45.png", "CandididatePhoto": "https://storage.googleapis.com/candidate-thumbs/images/43-1-22.jpg"}, {"Unnamed: 0": 2473, "CandidateId": "3fbd6171-ea48-4db1-9ac3-387c7c4312e7", "CandidateNo": 23, "FirstName": "เคน", "LastName": "วิเศษสุนทร", "PartyName": "รวมใจไทย", "PartyNumber": 174, "Title": "นาย", "Votable": true, "province_id": 43, "province_name": "หนองคาย", "zone_number": 1, "PartyTerminated": false, "Age": 63, "Occupation": "เกษตรกร", "HighestEducation": "ปริญญาตรี", "ImageFileId": "5c595dd7fbcb5f1d88181af3", "SelfIntroduceFileId": "5c5aae36fbcb5f19bcab8678", "PartyLogo": "https://storage.googleapis.com/candidate-thumbs/party/174.png", "CandididatePhoto": "https://storage.googleapis.com/candidate-thumbs/images/43-1-23.jpg"}, {"Unnamed: 0": 2474, "CandidateId": "4c0d1ae3-6eae-459a-829b-94eb14263f94", "CandidateNo": 24, "FirstName": "อิทธิพล", "LastName": "โคธิเสน", "PartyName": "ไทยศรีวิไลย์", "PartyNumber": 180, "Title": "นาย", "Votable": true, "province_id": 43, "province_name": "หนองคาย", "zone_number": 1, "PartyTerminated": false, "Age": 50, "Occupation": "รับจ้างทั่วไป", "HighestEducation": "ต่ำกว่าปริญญาตรี", "ImageFileId": "5c595c07fbcb5f1d881815ae", "SelfIntroduceFileId": "5c5ab376fbcb5f19bcab9390", "PartyLogo": "https://storage.googleapis.com/candidate-thumbs/party/180.png", "CandididatePhoto": "https://storage.googleapis.com/candidate-thumbs/images/43-1-24.jpg"}, {"Unnamed: 0": 2475, "CandidateId": "f1714b0b-ca18-4502-87c1-61b5b3969648", "CandidateNo": 25, "FirstName": "แก้ว", "LastName": "ดวงระยศ", "PartyName": "ประชากรไทย", "PartyNumber": 2, "Title": "นาย", "Votable": true, "province_id": 43, "province_name": "หนองคาย", "zone_number": 1, "PartyTerminated": false, "Age": 61, "Occupation": "เกษตรกร", "HighestEducation": "ต่ำกว่าปริญญาตรี", "ImageFileId": "5c594946fbcb5f1d88175d23", "SelfIntroduceFileId": "5c594aa4fbcb5f1d88176f03", "PartyLogo": "https://storage.googleapis.com/candidate-thumbs/party/2.png", "CandididatePhoto": "https://storage.googleapis.com/candidate-thumbs/images/43-1-25.jpg"}, {"Unnamed: 0": 2476, "CandidateId": "2deccad1-4cfd-41ef-8e35-4bc66fcc613c", "CandidateNo": 26, "FirstName": "ประสิทธิภาพ", "LastName": "หนูวารี", "PartyName": "พลเมืองไทย", "PartyNumber": 173, "Title": "นาย", "Votable": true, "province_id": 43, "province_name": "หนองคาย", "zone_number": 1, "PartyTerminated": false, "Age": 62, "Occupation": "ข้าราชการครู", "HighestEducation": "ปริญญาตรี", "ImageFileId": "5c5a8f74fbcb5f19bcaad837", "SelfIntroduceFileId": "5c5ab66dfbcb5f19bcab959a", "PartyLogo": "https://storage.googleapis.com/candidate-thumbs/party/173.png", "CandididatePhoto": "https://storage.googleapis.com/candidate-thumbs/images/43-1-26.jpg"}, {"Unnamed: 0": 2477, "CandidateId": "c07e39ce-dbab-4ce6-bbdd-5e1db1ac13be", "CandidateNo": 27, "FirstName": "เชวงศักดิ์", "LastName": "พฤกษเทเวศ", "PartyName": "เศรษฐกิจใหม่", "PartyNumber": 193, "Title": "นาย", "Votable": true, "province_id": 43, "province_name": "หนองคาย", "zone_number": 1, "PartyTerminated": false, "Age": 62, "Occupation": "ลูกจ้างมหาวิทยาลัยขอนแก่น", "HighestEducation": "ปริญญาเอก", "ImageFileId": "5c5a8fcdfbcb5f19bcaad9af", "SelfIntroduceFileId": "5c5abc66fbcb5f19bcab9ebb", "PartyLogo": "https://storage.googleapis.com/candidate-thumbs/party/193.png", "CandididatePhoto": "https://storage.googleapis.com/candidate-thumbs/images/43-1-27.jpg"}, {"Unnamed: 0": 2478, "CandidateId": "78fbfa83-8bbc-4cb5-87ca-8d35fa4b948a", "CandidateNo": 28, "FirstName": "อรทัย", "LastName": "เหล่าจำปา", "PartyName": "ครูไทยเพื่อประชาชน", "PartyNumber": 118, "Title": "นางสาว", "Votable": true, "province_id": 43, "province_name": "หนองคาย", "zone_number": 1, "PartyTerminated": false, "Age": 39, "Occupation": "ลูกจ้างเหมาบริการจัดเก็บรายได้", "HighestEducation": "ต่ำกว่าปริญญาตรี", "ImageFileId": "5c5bb0d6fbcb5f16fc660079", "SelfIntroduceFileId": "5c5bb3b0fbcb5f16fc661a49", "PartyLogo": "https://storage.googleapis.com/candidate-thumbs/party/118.png", "CandididatePhoto": "https://storage.googleapis.com/candidate-thumbs/images/43-1-28.jpg"}, {"Unnamed: 0": 2479, "CandidateId": "bfa7ffe2-c9a7-42e9-a45c-578173a0a483", "CandidateNo": 29, "FirstName": "เกตุแก้ว", "LastName": "มหิสนันท์", "PartyName": "ประชาธิปไตยใหม่", "PartyNumber": 109, "Title": "นาย", "Votable": true, "province_id": 43, "province_name": "หนองคาย", "zone_number": 1, "PartyTerminated": false, "Age": 52, "Occupation": "เกษตรกร", "HighestEducation": "ต่ำกว่าปริญญาตรี", "ImageFileId": "5c5bb4d3fbcb5f16fc66232c", "SelfIntroduceFileId": "5c5bbb18fbcb5f16fc664d3e", "PartyLogo": "https://storage.googleapis.com/candidate-thumbs/party/109.png", "CandididatePhoto": "https://storage.googleapis.com/candidate-thumbs/images/43-1-29.jpg"}, {"Unnamed: 0": 2480, "CandidateId": "3b5dc6d2-3624-4564-a470-6c218d55e734", "CandidateNo": 30, "FirstName": "ธนสวาสดิ์", "LastName": "วัชรภิญโญ", "PartyName": "พลังชาติไทย", "PartyNumber": 186, "Title": "ร้อยตำรวจตรี", "Votable": true, "province_id": 43, "province_name": "หนองคาย", "zone_number": 1, "PartyTerminated": false, "Age": 73, "Occupation": "รับราชการตำรวจ สังกัดสำนักงานตำรวจแห่งชาติ", "HighestEducation": "ต่ำกว่าปริญญาตรี", "ImageFileId": "5c5d0d08fbcb5f0fd884e004", "SelfIntroduceFileId": "5c5d1d05fbcb5f0fd8852807", "PartyLogo": "https://storage.googleapis.com/candidate-thumbs/party/186.png", "CandididatePhoto": "https://storage.googleapis.com/candidate-thumbs/images/43-1-30.jpg"}, {"Unnamed: 0": 2481, "CandidateId": "2147c376-282c-48d3-9fef-f8d9c2f5c551", "CandidateNo": 31, "FirstName": "ชลชัย", "LastName": "ไชยา", "PartyName": "พลังปวงชนไทย", "PartyNumber": 184, "Title": "นาย", "Votable": true, "province_id": 43, "province_name": "หนองคาย", "zone_number": 1, "PartyTerminated": false, "Age": 63, "Occupation": "เกษตรกร", "HighestEducation": "ต่ำกว่าปริญญาตรี", "ImageFileId": "5c5d0960fbcb5f0fd884cb61", "SelfIntroduceFileId": "5c5d1eb6fbcb5f0fd885361f", "PartyLogo": "https://storage.googleapis.com/candidate-thumbs/party/184.png", "CandididatePhoto": "https://storage.googleapis.com/candidate-thumbs/images/43-1-31.jpg"}, {"Unnamed: 0": 2482, "CandidateId": "9c90b1bc-4499-460d-ac4d-1cf90979ff82", "CandidateNo": 32, "FirstName": "สุดารัตน์", "LastName": "ขาเมระนิยะ", "PartyName": "ภาคีเครือข่ายไทย", "PartyNumber": 211, "Title": "นางสาว", "Votable": true, "province_id": 43, "province_name": "หนองคาย", "zone_number": 1, "PartyTerminated": false, "Age": 51, "Occupation": "รับจ้าง", "HighestEducation": "ต่ำกว่าปริญญาตรี", "ImageFileId": "5c5d472cfbcb5f0fd88698d6", "SelfIntroduceFileId": "5c5d57b6fbcb5f0fd8875ce1", "PartyLogo": "https://storage.googleapis.com/candidate-thumbs/party/211.png", "CandididatePhoto": "https://storage.googleapis.com/candidate-thumbs/images/43-1-32.jpg"}, {"Unnamed: 0": 2483, "CandidateId": "b06d0b59-4671-4631-a295-1488bf3e27ab", "CandidateNo": 33, "FirstName": "มานะ", "LastName": "ศรีโคตร", "PartyName": "ไทรักธรรม", "PartyNumber": 144, "Title": "นาย", "Votable": true, "province_id": 43, "province_name": "หนองคาย", "zone_number": 1, "PartyTerminated": false, "Age": 54, "Occupation": "ช่างเทคนิค", "HighestEducation": "ต่ำกว่าปริญญาตรี", "ImageFileId": "5c5d4782fbcb5f0fd8869cbc", "SelfIntroduceFileId": "5c5d5974fbcb5f0fd88772e3", "PartyLogo": "https://storage.googleapis.com/candidate-thumbs/party/144.png", "CandididatePhoto": "https://storage.googleapis.com/candidate-thumbs/images/43-1-33.jpg"}, {"Unnamed: 0": 2484, "CandidateId": "e84b2e04-45d6-4270-9cea-872e8064a418", "CandidateNo": 34, "FirstName": "อภิศักดิ์", "LastName": "ชาภิรมย์", "PartyName": "พลังไทสร้างชาติ", "PartyNumber": 200, "Title": "นาย", "Votable": true, "province_id": 43, "province_name": "หนองคาย", "zone_number": 1, "PartyTerminated": false, "Age": 60, "Occupation": "เกษตรกร", "HighestEducation": "ต่ำกว่าปริญญาตรี", "ImageFileId": "5c5d47f7fbcb5f0fd886a119", "SelfIntroduceFileId": "5c5d5eaefbcb5f0fd887a15a", "PartyLogo": "https://storage.googleapis.com/candidate-thumbs/party/200.png", "CandididatePhoto": "https://storage.googleapis.com/candidate-thumbs/images/43-1-34.jpg"}, {"Unnamed: 0": 2485, "CandidateId": "a11e267f-0d90-430a-a97d-5f5dced905bf", "CandidateNo": 35, "FirstName": "สุริยา", "LastName": "ปราบพาล", "PartyName": "พลังไทยรักไทย", "PartyNumber": 185, "Title": "นาย", "Votable": true, "province_id": 43, "province_name": "หนองคาย", "zone_number": 1, "PartyTerminated": false, "Age": 38, "Occupation": "ธุรกิจส่วนตัว, เกษตร", "HighestEducation": "ต่ำกว่าปริญญาตรี", "ImageFileId": "5c5d55b3fbcb5f0fd8874462", "SelfIntroduceFileId": "5c5d5b33fbcb5f0fd8878301", "PartyLogo": "https://storage.googleapis.com/candidate-thumbs/party/185.png", "CandididatePhoto": "https://storage.googleapis.com/candidate-thumbs/images/43-1-35.jpg"}, {"Unnamed: 0": 2486, "CandidateId": "fc13645e-8658-4639-a11c-eaca9b2d7f63", "CandidateNo": 36, "FirstName": "เอกอมตะอุทรฑ์", "LastName": "เกฐสิทธิ์", "PartyName": "ไทยรักษาชาติ", "PartyNumber": 77, "Title": "นาย", "Votable": true, "province_id": 43, "province_name": "หนองคาย", "zone_number": 1, "PartyTerminated": true, "Age": 66, "Occupation": "ข้าราชการบำนาญ", "HighestEducation": "ปริญญาตรี", "ImageFileId": "5c5d5607fbcb5f0fd88748ea", "SelfIntroduceFileId": "5c5d5db3fbcb5f0fd8879aa9", "PartyLogo": "https://storage.googleapis.com/candidate-thumbs/party/77.png", "CandididatePhoto": "https://storage.googleapis.com/candidate-thumbs/images/43-1-36.jpg"}]