[{"Unnamed: 0": 2593, "CandidateId": "ae22e6a2-e2fe-4559-bbb9-e682ef554ed1", "CandidateNo": 1, "FirstName": "ธีระธนา", "LastName": "ด่านพงษ์", "PartyName": "เพื่อชาติ", "PartyNumber": 149, "Title": "นาย", "Votable": true, "province_id": 39, "province_name": "หนองบัวลำภู", "zone_number": 2, "PartyTerminated": false, "Age": 44, "Occupation": "รับจ้าง, สมาชิกสภาเกษตรกรจังหวัดหนองบัวลำภู", "HighestEducation": "ปริญญาตรี", "ImageFileId": "5c595709fbcb5f1d8817fa4d", "SelfIntroduceFileId": "5c590028fbcb5f1d8813c4a3", "PartyLogo": "https://storage.googleapis.com/candidate-thumbs/party/149.png", "CandididatePhoto": "https://storage.googleapis.com/candidate-thumbs/images/39-2-1.jpg"}, {"Unnamed: 0": 2594, "CandidateId": "af33f514-b011-49c1-bb12-5a6742a13c8e", "CandidateNo": 2, "FirstName": "ทรงเดช", "LastName": "มหาเสนา", "PartyName": "อนาคตใหม่", "PartyNumber": 177, "Title": "นาย", "Votable": true, "province_id": 39, "province_name": "หนองบัวลำภู", "zone_number": 2, "PartyTerminated": false, "Age": 63, "Occupation": "ค่้าขาย", "HighestEducation": "ปริญญาตรี", "ImageFileId": "5c595f16fbcb5f1d88181e9d", "SelfIntroduceFileId": "5c5908a3fbcb5f1d88142d2e", "PartyLogo": "https://storage.googleapis.com/candidate-thumbs/party/177.png", "CandididatePhoto": "https://storage.googleapis.com/candidate-thumbs/images/39-2-2.jpg"}, {"Unnamed: 0": 2595, "CandidateId": "bd851354-89b8-48b0-b805-a53e1e061047", "CandidateNo": 3, "FirstName": "สุวรรณ", "LastName": "สวัสดิ์ชิตัง", "PartyName": "พลังประชารัฐ", "PartyNumber": 192, "Title": "นาย", "Votable": true, "province_id": 39, "province_name": "หนองบัวลำภู", "zone_number": 2, "PartyTerminated": false, "Age": 62, "Occupation": "สมาชิกสภาองค์การบริหารส่วนจังหวัดหนองบัวลำภู", "HighestEducation": "ปริญญาตรี", "ImageFileId": "5c5957c1fbcb5f1d8817fd7c", "SelfIntroduceFileId": "5c5902c8fbcb5f1d8813e5f4", "PartyLogo": "https://storage.googleapis.com/candidate-thumbs/party/192.png", "CandididatePhoto": "https://storage.googleapis.com/candidate-thumbs/images/39-2-3.jpg"}, {"Unnamed: 0": 2596, "CandidateId": "e9c45cd9-f462-4cd4-9fd3-7f71c79d0843", "CandidateNo": 4, "FirstName": "ยืนยงค์", "LastName": "ศิริทน", "PartyName": "ชาติไทยพัฒนา", "PartyNumber": 55, "Title": "นาย", "Votable": true, "province_id": 39, "province_name": "หนองบัวลำภู", "zone_number": 2, "PartyTerminated": false, "Age": 52, "Occupation": "ทำนา", "HighestEducation": "ต่ำกว่าปริญญาตรี", "ImageFileId": "5c5957ebfbcb5f1d8817ff4d", "SelfIntroduceFileId": "5c59b336fbcb5f1d88186eb5", "PartyLogo": "https://storage.googleapis.com/candidate-thumbs/party/55.png", "CandididatePhoto": "https://storage.googleapis.com/candidate-thumbs/images/39-2-4.jpg"}, {"Unnamed: 0": 2597, "CandidateId": "eb46d004-60f8-466e-911a-db253cb1c4d2", "CandidateNo": 5, "FirstName": "จำนงค์", "LastName": "ถาบุตร", "PartyName": "ชาติพัฒนา", "PartyNumber": 45, "Title": "นาย", "Votable": true, "province_id": 39, "province_name": "หนองบัวลำภู", "zone_number": 2, "PartyTerminated": false, "Age": 51, "Occupation": "ธุรกิจส่วนตัว", "HighestEducation": "ปริญญาโท", "ImageFileId": "5c59581efbcb5f1d88180190", "SelfIntroduceFileId": "5c5909dafbcb5f1d88143ef6", "PartyLogo": "https://storage.googleapis.com/candidate-thumbs/party/45.png", "CandididatePhoto": "https://storage.googleapis.com/candidate-thumbs/images/39-2-5.jpg"}, {"Unnamed: 0": 2598, "CandidateId": "3e01534d-2483-4981-9a6d-19f87be413ac", "CandidateNo": 6, "FirstName": "เสรี", "LastName": "บุญประคม", "PartyName": "เพื่อแผ่นดิน", "PartyNumber": 41, "Title": "นาย", "Votable": true, "province_id": 39, "province_name": "หนองบัวลำภู", "zone_number": 2, "PartyTerminated": false, "Age": 61, "Occupation": "เกษตรกรรม", "HighestEducation": "ต่ำกว่าปริญญาตรี", "ImageFileId": "5c59599efbcb5f1d88180a2c", "SelfIntroduceFileId": "5c599e9bfbcb5f1d88186818", "PartyLogo": "https://storage.googleapis.com/candidate-thumbs/party/41.png", "CandididatePhoto": "https://storage.googleapis.com/candidate-thumbs/images/39-2-6.jpg"}, {"Unnamed: 0": 2599, "CandidateId": "aabcfa69-d060-4abd-a933-ccdc061b2df8", "CandidateNo": 7, "FirstName": "ศุภมงคล", "LastName": "หาญเชิงชัย", "PartyName": "รวมพลังประชาชาติไทย", "PartyNumber": 181, "Title": "นาย", "Votable": true, "province_id": 39, "province_name": "หนองบัวลำภู", "zone_number": 2, "PartyTerminated": false, "Age": 68, "Occupation": "กรรมการผู้จัดการและที่ปรึกษากิตติมศักดิ์", "HighestEducation": "ปริญญาโท", "ImageFileId": "5c59588dfbcb5f1d8818043e", "SelfIntroduceFileId": "5c596fb8fbcb5f1d88184362", "PartyLogo": "https://storage.googleapis.com/candidate-thumbs/party/181.png", "CandididatePhoto": "https://storage.googleapis.com/candidate-thumbs/images/39-2-7.jpg"}, {"Unnamed: 0": 2600, "CandidateId": "4b5799af-152d-48bd-8210-a551bc947207", "CandidateNo": 8, "FirstName": "สนั่น", "LastName": "คำชมภู", "PartyName": "รักษ์ผืนป่าประเทศไทย", "PartyNumber": 133, "Title": "นาย", "Votable": true, "province_id": 39, "province_name": "หนองบัวลำภู", "zone_number": 2, "PartyTerminated": false, "Age": 68, "Occupation": "เกษตรกรรม", "HighestEducation": "ต่ำกว่าปริญญาตรี", "ImageFileId": "5c59586dfbcb5f1d88180301", "SelfIntroduceFileId": "5c596433fbcb5f1d88182c99", "PartyLogo": "https://storage.googleapis.com/candidate-thumbs/party/133.png", "CandididatePhoto": "https://storage.googleapis.com/candidate-thumbs/images/39-2-8.jpg"}, {"Unnamed: 0": 2601, "CandidateId": "6d696003-8b0f-4dcd-bcab-ae3e11e3fc9c", "CandidateNo": 9, "FirstName": "ไชยา", "LastName": "พรหมา", "PartyName": "เพื่อไทย", "PartyNumber": 34, "Title": "นาย", "Votable": true, "province_id": 39, "province_name": "หนองบัวลำภู", "zone_number": 2, "PartyTerminated": false, "Age": 59, "Occupation": "นักการเมือง", "HighestEducation": "ปริญญาโท", "ImageFileId": "5c595846fbcb5f1d88180265", "SelfIntroduceFileId": "5c5961cffbcb5f1d88182704", "PartyLogo": "https://storage.googleapis.com/candidate-thumbs/party/34.png", "CandididatePhoto": "https://storage.googleapis.com/candidate-thumbs/images/39-2-9.jpg"}, {"Unnamed: 0": 2602, "CandidateId": "decb73de-123d-458c-912d-876d6d5e862d", "CandidateNo": 10, "FirstName": "ยุทธศาสตร์", "LastName": "สิงห์แก้ว", "PartyName": "เพื่อคนไทย", "PartyNumber": 183, "Title": "นาย", "Votable": true, "province_id": 39, "province_name": "หนองบัวลำภู", "zone_number": 2, "PartyTerminated": false, "Age": 62, "Occupation": "ข้าราชการบำนาญ", "HighestEducation": "ปริญญาโท", "ImageFileId": "5c5958f1fbcb5f1d881805b3", "SelfIntroduceFileId": "5c5970b2fbcb5f1d881843c9", "PartyLogo": "https://storage.googleapis.com/candidate-thumbs/party/183.png", "CandididatePhoto": "https://storage.googleapis.com/candidate-thumbs/images/39-2-10.jpg"}, {"Unnamed: 0": 2603, "CandidateId": "b520d17a-0a81-45f4-abe3-878adf4a1a76", "CandidateNo": 11, "FirstName": "เลิศ", "LastName": "เทือกแสง", "PartyName": "ประชาภิวัฒน์", "PartyNumber": 172, "Title": "นาย", "Votable": true, "province_id": 39, "province_name": "หนองบัวลำภู", "zone_number": 2, "PartyTerminated": false, "Age": 62, "Occupation": "ทนายความ", "HighestEducation": "ปริญญาโท", "ImageFileId": "5c595950fbcb5f1d88180718", "SelfIntroduceFileId": "5c5973affbcb5f1d88184734", "PartyLogo": "https://storage.googleapis.com/candidate-thumbs/party/172.png", "CandididatePhoto": "https://storage.googleapis.com/candidate-thumbs/images/39-2-11.jpg"}, {"Unnamed: 0": 2604, "CandidateId": "01a11e43-b5e5-47f6-869f-87a73e34f005", "CandidateNo": 12, "FirstName": "ประพันธ์", "LastName": "มาลาศรี", "PartyName": "พลังท้องถิ่นไท", "PartyNumber": 124, "Title": "นาย", "Votable": true, "province_id": 39, "province_name": "หนองบัวลำภู", "zone_number": 2, "PartyTerminated": false, "Age": 60, "Occupation": "นักการเมืองท้องถิ่น(นายก อบต. เมืองใหม่", "HighestEducation": "ปริญญาโท", "ImageFileId": "5c59592cfbcb5f1d881806ad", "SelfIntroduceFileId": "5c59729ffbcb5f1d88184492", "PartyLogo": "https://storage.googleapis.com/candidate-thumbs/party/124.png", "CandididatePhoto": "https://storage.googleapis.com/candidate-thumbs/images/39-2-12.jpg"}, {"Unnamed: 0": 2605, "CandidateId": "9b22ac6b-7de2-4b9b-acbe-0e7f5190f048", "CandidateNo": 13, "FirstName": "วุฒิพงษ์", "LastName": "ศิริสถิตย์", "PartyName": "ภูมิใจไทย", "PartyNumber": 63, "Title": "นาย", "Votable": true, "province_id": 39, "province_name": "หนองบัวลำภู", "zone_number": 2, "PartyTerminated": false, "Age": 48, "Occupation": "ผู้บริหารโรงเรียนกานวดี", "HighestEducation": "ปริญญาเอก", "ImageFileId": "5c595978fbcb5f1d881809d6", "SelfIntroduceFileId": "5c597af0fbcb5f1d88184ef6", "PartyLogo": "https://storage.googleapis.com/candidate-thumbs/party/63.png", "CandididatePhoto": "https://storage.googleapis.com/candidate-thumbs/images/39-2-13.jpg"}, {"Unnamed: 0": 2606, "CandidateId": "a7e3f646-f194-4e52-ae29-fec32ec77c82", "CandidateNo": 14, "FirstName": "พงศ์พันธุ์", "LastName": "สายคำภา", "PartyName": "เสรีรวมไทย", "PartyNumber": 145, "Title": "นาย", "Votable": true, "province_id": 39, "province_name": "หนองบัวลำภู", "zone_number": 2, "PartyTerminated": false, "Age": 51, "Occupation": "ผู้อำนวยการเครือข่ายองค์การตรวจสอบการใช้อำนาจรัฐ", "HighestEducation": "ต่ำกว่าปริญญาตรี", "ImageFileId": "5c5959c9fbcb5f1d88180a8a", "SelfIntroduceFileId": "5c59a127fbcb5f1d88186965", "PartyLogo": "https://storage.googleapis.com/candidate-thumbs/party/145.png", "CandididatePhoto": "https://storage.googleapis.com/candidate-thumbs/images/39-2-14.jpg"}, {"Unnamed: 0": 2607, "CandidateId": "c572dcab-6a25-4847-ad66-4bc46dccf9a2", "CandidateNo": 15, "FirstName": "ผดุง", "LastName": "ภูนายา", "PartyName": "สังคมประชาธิปไตยไทย", "PartyNumber": 76, "Title": "นาย", "Votable": true, "province_id": 39, "province_name": "หนองบัวลำภู", "zone_number": 2, "PartyTerminated": false, "Age": 70, "Occupation": "เกษตรกร", "HighestEducation": "ต่ำกว่าปริญญาตรี", "ImageFileId": "5c595a0dfbcb5f1d88180c03", "SelfIntroduceFileId": "5c59a369fbcb5f1d88186a6e", "PartyLogo": "https://storage.googleapis.com/candidate-thumbs/party/76.png", "CandididatePhoto": "https://storage.googleapis.com/candidate-thumbs/images/39-2-15.jpg"}, {"Unnamed: 0": 2608, "CandidateId": "aa5a2569-10a1-4dec-976f-3f74707424b8", "CandidateNo": 16, "FirstName": "เดชา", "LastName": "บุติกา", "PartyName": "เพื่อไทยพัฒนา", "PartyNumber": 213, "Title": "นาย", "Votable": true, "province_id": 39, "province_name": "หนองบัวลำภู", "zone_number": 2, "PartyTerminated": false, "Age": 59, "Occupation": "รับจ้าง", "HighestEducation": "ต่ำกว่าปริญญาตรี", "ImageFileId": "5c5959effbcb5f1d88180b6b", "SelfIntroduceFileId": "5c59a261fbcb5f1d88186a48", "PartyLogo": "https://storage.googleapis.com/candidate-thumbs/party/213.png", "CandididatePhoto": "https://storage.googleapis.com/candidate-thumbs/images/39-2-16.jpg"}, {"Unnamed: 0": 2609, "CandidateId": "d858c6d9-173f-43a4-9595-c461854a5961", "CandidateNo": 17, "FirstName": "ปิยะณัฐ", "LastName": "อาสน์ปาสา", "PartyName": "ประชาชนปฏิรูป", "PartyNumber": 176, "Title": "นาย", "Votable": true, "province_id": 39, "province_name": "หนองบัวลำภู", "zone_number": 2, "PartyTerminated": false, "Age": 28, "Occupation": "เลขาประธานสภาองค์การชุมชนตำบลจังหวัดหนองบัวลำภู", "HighestEducation": "ต่ำกว่าปริญญาตรี", "ImageFileId": "5c595a32fbcb5f1d88180cac", "SelfIntroduceFileId": "5c59a4aefbcb5f1d88186aa1", "PartyLogo": "https://storage.googleapis.com/candidate-thumbs/party/176.png", "CandididatePhoto": "https://storage.googleapis.com/candidate-thumbs/images/39-2-17.jpg"}, {"Unnamed: 0": 2610, "CandidateId": "8b8afee9-4b71-4df0-9c1f-330075eb597f", "CandidateNo": 18, "FirstName": "ภานุพงษ์", "LastName": "สนิทวงศ์ชัย", "PartyName": "ประชานิยม", "PartyNumber": 191, "Title": "จ่าสิบตำรวจ", "Votable": true, "province_id": 39, "province_name": "หนองบัวลำภู", "zone_number": 2, "PartyTerminated": false, "Age": 48, "Occupation": "ข้าราชการตำรวจ", "HighestEducation": "ต่ำกว่าปริญญาตรี", "ImageFileId": "5c595a51fbcb5f1d88180db2", "SelfIntroduceFileId": "5c666a38fbcb5f1548d9c3d8", "PartyLogo": "https://storage.googleapis.com/candidate-thumbs/party/191.png", "CandididatePhoto": "https://storage.googleapis.com/candidate-thumbs/images/39-2-18.jpg"}, {"Unnamed: 0": 2611, "CandidateId": "be5fb97e-e19b-43e0-ace9-520ac1ea4987", "CandidateNo": 19, "FirstName": "สุภาพรรณ", "LastName": "ไทยรักชาติ", "PartyName": "ประชาธิปไตยใหม่", "PartyNumber": 109, "Title": "นางสาว", "Votable": true, "province_id": 39, "province_name": "หนองบัวลำภู", "zone_number": 2, "PartyTerminated": false, "Age": 32, "Occupation": "กรรมการหมู่บ้าน", "HighestEducation": "ต่ำกว่าปริญญาตรี", "ImageFileId": "5c595a7bfbcb5f1d88180f70", "SelfIntroduceFileId": "5c59a811fbcb5f1d88186b67", "PartyLogo": "https://storage.googleapis.com/candidate-thumbs/party/109.png", "CandididatePhoto": "https://storage.googleapis.com/candidate-thumbs/images/39-2-19.jpg"}, {"Unnamed: 0": 2612, "CandidateId": "86e7e91c-3ffe-4172-856d-6757443b46c9", "CandidateNo": 20, "FirstName": "อนันต์", "LastName": "ลือนาม", "PartyName": "ประชาธิปัตย์", "PartyNumber": 1, "Title": "นาย", "Votable": true, "province_id": 39, "province_name": "หนองบัวลำภู", "zone_number": 2, "PartyTerminated": false, "Age": 29, "Occupation": "ค้าขาย", "HighestEducation": "ต่ำกว่าปริญญาตรี", "ImageFileId": "5c595aa1fbcb5f1d88181194", "SelfIntroduceFileId": "5c59a908fbcb5f1d88186be3", "PartyLogo": "https://storage.googleapis.com/candidate-thumbs/party/1.png", "CandididatePhoto": "https://storage.googleapis.com/candidate-thumbs/images/39-2-20.jpg"}, {"Unnamed: 0": 2613, "CandidateId": "07e6ba89-ed6e-48fc-8301-e9ef55a9ca9e", "CandidateNo": 21, "FirstName": "สมใจ", "LastName": "บูรณเวช", "PartyName": "พลังไทยรักไทย", "PartyNumber": 185, "Title": "นาย", "Votable": true, "province_id": 39, "province_name": "หนองบัวลำภู", "zone_number": 2, "PartyTerminated": false, "Age": 64, "Occupation": "เกษตรกรรม", "HighestEducation": "ต่ำกว่าปริญญาตรี", "ImageFileId": "5c596038fbcb5f1d881821bc", "SelfIntroduceFileId": "5c663fd9fbcb5f1548d96a5f", "PartyLogo": "https://storage.googleapis.com/candidate-thumbs/party/185.png", "CandididatePhoto": "https://storage.googleapis.com/candidate-thumbs/images/39-2-21.jpg"}, {"Unnamed: 0": 2614, "CandidateId": "0b96ee32-609a-455c-b2a5-8ac146216906", "CandidateNo": 22, "FirstName": "สะหวั่น", "LastName": "แสนเหลา", "PartyName": "พลังแรงงานไทย", "PartyNumber": 199, "Title": "นาย", "Votable": true, "province_id": 39, "province_name": "หนองบัวลำภู", "zone_number": 2, "PartyTerminated": false, "Age": 61, "Occupation": "ราชการครู", "HighestEducation": "ปริญญาโท", "ImageFileId": "5c595af1fbcb5f1d88181311", "SelfIntroduceFileId": "5c59accbfbcb5f1d88186d35", "PartyLogo": "https://storage.googleapis.com/candidate-thumbs/party/199.png", "CandididatePhoto": "https://storage.googleapis.com/candidate-thumbs/images/39-2-22.jpg"}, {"Unnamed: 0": 2615, "CandidateId": "a71b9bc9-f8dc-4197-9f37-1e798c932c4a", "CandidateNo": 23, "FirstName": "สะอาด", "LastName": "ศรีฐาน", "PartyName": "เศรษฐกิจใหม่", "PartyNumber": 193, "Title": "นาย", "Votable": true, "province_id": 39, "province_name": "หนองบัวลำภู", "zone_number": 2, "PartyTerminated": false, "Age": 59, "Occupation": "กำนันตำบลหนองบัวใต้", "HighestEducation": "ต่ำกว่าปริญญาตรี", "ImageFileId": "5c595b1efbcb5f1d8818138e", "SelfIntroduceFileId": "5c59ae12fbcb5f1d88186d8c", "PartyLogo": "https://storage.googleapis.com/candidate-thumbs/party/193.png", "CandididatePhoto": "https://storage.googleapis.com/candidate-thumbs/images/39-2-23.jpg"}, {"Unnamed: 0": 2616, "CandidateId": "dfeaa263-2b8f-4050-b791-157dfa52d80e", "CandidateNo": 24, "FirstName": "วิวัฒน์", "LastName": "แสงป้อง", "PartyName": "ประชาธรรมไทย", "PartyNumber": 190, "Title": "นาย", "Votable": true, "province_id": 39, "province_name": "หนองบัวลำภู", "zone_number": 2, "PartyTerminated": false, "Age": 64, "Occupation": "ข้าราชการบำนาญ", "HighestEducation": "ปริญญาโท", "ImageFileId": "5c595b47fbcb5f1d881813b9", "SelfIntroduceFileId": "5c59b034fbcb5f1d88186dfb", "PartyLogo": "https://storage.googleapis.com/candidate-thumbs/party/190.png", "CandididatePhoto": "https://storage.googleapis.com/candidate-thumbs/images/39-2-24.jpg"}, {"Unnamed: 0": 2617, "CandidateId": "a9b55560-1d2e-4c9d-8f07-764c7f445a6f", "CandidateNo": 25, "FirstName": "ชาติชาย", "LastName": "ธนาวุฒิกุล", "PartyName": "ภราดรภาพ", "PartyNumber": 154, "Title": "นาย", "Votable": true, "province_id": 39, "province_name": "หนองบัวลำภู", "zone_number": 2, "PartyTerminated": false, "Age": 50, "Occupation": "ธุรกิจส่วนตัว", "HighestEducation": "ปริญญาโท", "ImageFileId": "5c595b73fbcb5f1d88181427", "SelfIntroduceFileId": "5c664360fbcb5f1548d9730c", "PartyLogo": "https://storage.googleapis.com/candidate-thumbs/party/154.png", "CandididatePhoto": "https://storage.googleapis.com/candidate-thumbs/images/39-2-25.jpg"}, {"Unnamed: 0": 2618, "CandidateId": "ec8d4cfd-66a5-4257-8c5c-45673e93b470", "CandidateNo": 26, "FirstName": "สุรชัย", "LastName": "ระเบียบนาวีนุรักษ์", "PartyName": "ครูไทยเพื่อประชาชน", "PartyNumber": 118, "Title": "นาย", "Votable": true, "province_id": 39, "province_name": "หนองบัวลำภู", "zone_number": 2, "PartyTerminated": false, "Age": 62, "Occupation": "เกษตรกร", "HighestEducation": "ต่ำกว่าปริญญาตรี", "ImageFileId": "5c5bd5f3fbcb5f16fc66e69d", "SelfIntroduceFileId": "5c5bd86afbcb5f16fc66fbd4", "PartyLogo": "https://storage.googleapis.com/candidate-thumbs/party/118.png", "CandididatePhoto": "https://storage.googleapis.com/candidate-thumbs/images/39-2-26.jpg"}, {"Unnamed: 0": 2619, "CandidateId": "ea77459a-2eb0-421d-a27d-14c8b8a2873f", "CandidateNo": 27, "FirstName": "สันตติ", "LastName": "บุราณฤทธิ์", "PartyName": "เครือข่ายชาวนาแห่งประเทศไทย", "PartyNumber": 22, "Title": "นาย", "Votable": true, "province_id": 39, "province_name": "หนองบัวลำภู", "zone_number": 2, "PartyTerminated": false, "Age": 70, "Occupation": "รับจ้าง", "HighestEducation": "ต่ำกว่าปริญญาตรี", "ImageFileId": "5c5bf581fbcb5f16fc67f215", "SelfIntroduceFileId": NaN, "PartyLogo": "https://storage.googleapis.com/candidate-thumbs/party/22.png", "CandididatePhoto": "https://storage.googleapis.com/candidate-thumbs/images/39-2-27.jpg"}, {"Unnamed: 0": 2620, "CandidateId": "01ea2fd9-faaa-49ae-90c3-295bd14e8268", "CandidateNo": 28, "FirstName": "พรสวรรค์", "LastName": "สามด่านจาก", "PartyName": "พลังไทสร้างชาติ", "PartyNumber": 200, "Title": "นาย", "Votable": true, "province_id": 39, "province_name": "หนองบัวลำภู", "zone_number": 2, "PartyTerminated": false, "Age": 46, "Occupation": "รับจ้าง", "HighestEducation": "ต่ำกว่าปริญญาตรี", "ImageFileId": "5c5d5c97fbcb5f0fd88790be", "SelfIntroduceFileId": "5c645a8efbcb5f0fb8d98f9c", "PartyLogo": "https://storage.googleapis.com/candidate-thumbs/party/200.png", "CandididatePhoto": "https://storage.googleapis.com/candidate-thumbs/images/39-2-28.jpg"}, {"Unnamed: 0": 2621, "CandidateId": "b36ffa30-be4f-41c9-952d-8100df472530", "CandidateNo": 29, "FirstName": "วริศา", "LastName": "ทิพยมาตร", "PartyName": "พลังปวงชนไทย", "PartyNumber": 184, "Title": "นางสาว", "Votable": true, "province_id": 39, "province_name": "หนองบัวลำภู", "zone_number": 2, "PartyTerminated": false, "Age": 40, "Occupation": "ผู้บริหารท้องถิ่น", "HighestEducation": "ปริญญาตรี", "ImageFileId": "5c5d5cf9fbcb5f0fd887940e", "SelfIntroduceFileId": "5c645b4cfbcb5f0fb8d98fd5", "PartyLogo": "https://storage.googleapis.com/candidate-thumbs/party/184.png", "CandididatePhoto": "https://storage.googleapis.com/candidate-thumbs/images/39-2-29.jpg"}, {"Unnamed: 0": 2622, "CandidateId": "fafb5eee-8dd5-4e11-97da-dbca8808c95c", "CandidateNo": 30, "FirstName": "พิเชษฐ์", "LastName": "แก้วพลน้อย", "PartyName": "รวมใจไทย", "PartyNumber": 174, "Title": "นาย", "Votable": true, "province_id": 39, "province_name": "หนองบัวลำภู", "zone_number": 2, "PartyTerminated": false, "Age": 56, "Occupation": "รับจ้าง", "HighestEducation": "ปริญญาตรี", "ImageFileId": "5c5d5d49fbcb5f0fd8879643", "SelfIntroduceFileId": "5c645d64fbcb5f0fb8d9902b", "PartyLogo": "https://storage.googleapis.com/candidate-thumbs/party/174.png", "CandididatePhoto": "https://storage.googleapis.com/candidate-thumbs/images/39-2-30.jpg"}, {"Unnamed: 0": 2623, "CandidateId": "cd7adc35-53db-458b-a7df-62511128b1ed", "CandidateNo": 31, "FirstName": "วีนัต", "LastName": "โภคานิตย์", "PartyName": "พลังชาติไทย", "PartyNumber": 186, "Title": "นาย", "Votable": true, "province_id": 39, "province_name": "หนองบัวลำภู", "zone_number": 2, "PartyTerminated": false, "Age": 37, "Occupation": "ทนายความ", "HighestEducation": "ปริญญาตรี", "ImageFileId": "5c5d5dcafbcb5f0fd8879b2c", "SelfIntroduceFileId": "5c645e58fbcb5f0fb8d99075", "PartyLogo": "https://storage.googleapis.com/candidate-thumbs/party/186.png", "CandididatePhoto": "https://storage.googleapis.com/candidate-thumbs/images/39-2-31.jpg"}, {"Unnamed: 0": 2624, "CandidateId": "9d77f327-9072-43af-a1a4-836e22303477", "CandidateNo": 32, "FirstName": "พรพิทักษ์", "LastName": "ดาโสภา", "PartyName": "กรีน", "PartyNumber": 206, "Title": "นาย", "Votable": true, "province_id": 39, "province_name": "หนองบัวลำภู", "zone_number": 2, "PartyTerminated": false, "Age": 54, "Occupation": "เกษตรกรรม", "HighestEducation": "ต่ำกว่าปริญญาตรี", "ImageFileId": "5c5d5e52fbcb5f0fd8879eb5", "SelfIntroduceFileId": "5c645f53fbcb5f0fb8d990be", "PartyLogo": "https://storage.googleapis.com/candidate-thumbs/party/206.png", "CandididatePhoto": "https://storage.googleapis.com/candidate-thumbs/images/39-2-32.jpg"}, {"Unnamed: 0": 2625, "CandidateId": "380e21bb-141f-45f1-a9be-f3b0add74008", "CandidateNo": 33, "FirstName": "นิรันด์ขจร", "LastName": "บุญประเสริฐ", "PartyName": "ไทยศรีวิไลย์", "PartyNumber": 180, "Title": "นาย", "Votable": true, "province_id": 39, "province_name": "หนองบัวลำภู", "zone_number": 2, "PartyTerminated": false, "Age": 68, "Occupation": "อิสระ,ค้าขาย", "HighestEducation": "ต่ำกว่าปริญญาตรี", "ImageFileId": "5c5d5f47fbcb5f0fd887a633", "SelfIntroduceFileId": "5c645fd1fbcb5f0fb8d990fb", "PartyLogo": "https://storage.googleapis.com/candidate-thumbs/party/180.png", "CandididatePhoto": "https://storage.googleapis.com/candidate-thumbs/images/39-2-33.jpg"}, {"Unnamed: 0": 2626, "CandidateId": "6732e9e9-03e2-41c0-b95e-cbbbe94f61eb", "CandidateNo": 34, "FirstName": "มณีจันทร์", "LastName": "ดวงภักดี", "PartyName": "ภาคีเครือข่ายไทย", "PartyNumber": 211, "Title": "นางสาว", "Votable": true, "province_id": 39, "province_name": "หนองบัวลำภู", "zone_number": 2, "PartyTerminated": false, "Age": 39, "Occupation": "ธุรกิจอิสระ", "HighestEducation": "ต่ำกว่าปริญญาตรี", "ImageFileId": "5c5d5facfbcb5f0fd887a94e", "SelfIntroduceFileId": "5c6460fefbcb5f0fb8d99167", "PartyLogo": "https://storage.googleapis.com/candidate-thumbs/party/211.png", "CandididatePhoto": "https://storage.googleapis.com/candidate-thumbs/images/39-2-34.jpg"}, {"Unnamed: 0": 2627, "CandidateId": "95de5137-71e9-42f6-a433-96fe64d87c76", "CandidateNo": 35, "FirstName": "สุนิตย์", "LastName": "ไชยเบ้า", "PartyName": "เพื่อนไทย", "PartyNumber": 179, "Title": "นาย", "Votable": false, "province_id": 39, "province_name": "หนองบัวลำภู", "zone_number": 2, "PartyTerminated": false, "Age": 65, "Occupation": "ข้าราชการบำเหน็จบำนาญ", "HighestEducation": "ปริญญาตรี", "ImageFileId": "5c5d6001fbcb5f0fd887ac91", "SelfIntroduceFileId": "5c6461fbfbcb5f0fb8d991a3", "PartyLogo": "https://storage.googleapis.com/candidate-thumbs/party/179.png", "CandididatePhoto": "https://storage.googleapis.com/candidate-thumbs/images/39-2-35.jpg"}, {"Unnamed: 0": 2628, "CandidateId": "3ccca84e-e2e2-4490-85ba-249fa6ea5f5a", "CandidateNo": 36, "FirstName": "วรัญญา", "LastName": "รัตนวงศ์", "PartyName": "รักท้องถิ่นไทย", "PartyNumber": 162, "Title": "นาง", "Votable": true, "province_id": 39, "province_name": "หนองบัวลำภู", "zone_number": 2, "PartyTerminated": false, "Age": 42, "Occupation": "พนักงานเอกชน(มหาชน)", "HighestEducation": "ปริญญาตรี", "ImageFileId": "5c5d6072fbcb5f0fd887b169", "SelfIntroduceFileId": "5c6462fdfbcb5f0fb8d991fe", "PartyLogo": "https://storage.googleapis.com/candidate-thumbs/party/162.png", "CandididatePhoto": "https://storage.googleapis.com/candidate-thumbs/images/39-2-36.jpg"}]