[{"Unnamed: 0": 772, "CandidateId": "16e2c647-d3f4-4d51-9ea9-7d7758f44e55", "CandidateNo": 1, "FirstName": "ดิษยเดช ", "LastName": "พัชรภูวดล", "PartyName": "พลังประชารัฐ", "PartyNumber": 192, "Title": "พันตำรวจเอก", "Votable": true, "province_id": 53, "province_name": "อุตรดิตถ์", "zone_number": 1, "PartyTerminated": false, "Age": 58, "Occupation": "รับราชการตำรวจ", "HighestEducation": "ปริญญาโท", "ImageFileId": "5c57d09ffbcb5f1eec0dcf78", "SelfIntroduceFileId": "5c5d2f21fbcb5f0fd885bb09", "PartyLogo": "https://storage.googleapis.com/candidate-thumbs/party/192.png", "CandididatePhoto": "https://storage.googleapis.com/candidate-thumbs/images/53-1-1.jpg"}, {"Unnamed: 0": 773, "CandidateId": "861e0409-85ca-4bf7-9ddd-f777af90234d", "CandidateNo": 2, "FirstName": "เลิศศักดิ์", "LastName": "จันทร์สูง", "PartyName": "อนาคตใหม่", "PartyNumber": 177, "Title": "นาย", "Votable": true, "province_id": 53, "province_name": "อุตรดิตถ์", "zone_number": 1, "PartyTerminated": false, "Age": 35, "Occupation": "รับจ้างทั่วไป", "HighestEducation": "ปริญญาตรี", "ImageFileId": "5c57dcf4fbcb5f1eec0e0a18", "SelfIntroduceFileId": "5c5807b6fbcb5f1eec0fcbbf", "PartyLogo": "https://storage.googleapis.com/candidate-thumbs/party/177.png", "CandididatePhoto": "https://storage.googleapis.com/candidate-thumbs/images/53-1-2.jpg"}, {"Unnamed: 0": 774, "CandidateId": "e662c8d7-6b4c-4e25-8cc4-1b947178d2ce", "CandidateNo": 3, "FirstName": "พรศักดิ์", "LastName": "เอื้อประเสริฐ", "PartyName": "ประชาธิปัตย์", "PartyNumber": 1, "Title": "นาย", "Votable": true, "province_id": 53, "province_name": "อุตรดิตถ์", "zone_number": 1, "PartyTerminated": false, "Age": 64, "Occupation": "ค้าขาย", "HighestEducation": "ปริญญาเอก", "ImageFileId": "5c57ea73fbcb5f1eec0e6fd9", "SelfIntroduceFileId": "5c57f6adfbcb5f1eec0ee6ae", "PartyLogo": "https://storage.googleapis.com/candidate-thumbs/party/1.png", "CandididatePhoto": "https://storage.googleapis.com/candidate-thumbs/images/53-1-3.jpg"}, {"Unnamed: 0": 775, "CandidateId": "3c4ce44d-9dcc-4874-af6e-d32f67f55df6", "CandidateNo": 4, "FirstName": "ชวโรจน์", "LastName": "ศรีทน", "PartyName": "ภราดรภาพ", "PartyNumber": 154, "Title": "นาย", "Votable": true, "province_id": 53, "province_name": "อุตรดิตถ์", "zone_number": 1, "PartyTerminated": false, "Age": 42, "Occupation": "ค้าขาย", "HighestEducation": "ปริญญาโท", "ImageFileId": "5c590cc1fbcb5f1d88146a28", "SelfIntroduceFileId": "5c591328fbcb5f1d8814c646", "PartyLogo": "https://storage.googleapis.com/candidate-thumbs/party/154.png", "CandididatePhoto": "https://storage.googleapis.com/candidate-thumbs/images/53-1-4.jpg"}, {"Unnamed: 0": 776, "CandidateId": "d780f684-5366-4056-b750-50abc19a390f", "CandidateNo": 5, "FirstName": "สุภัคกานต์", "LastName": "คงธนศุภธร", "PartyName": "ภูมิใจไทย", "PartyNumber": 63, "Title": "นาง", "Votable": true, "province_id": 53, "province_name": "อุตรดิตถ์", "zone_number": 1, "PartyTerminated": false, "Age": 56, "Occupation": "ประกอบธุรกิจส่วนตัว", "HighestEducation": "ปริญญาโท", "ImageFileId": "5c5a4096fbcb5f19bca8aadb", "SelfIntroduceFileId": "5c5a4875fbcb5f19bca8e1d6", "PartyLogo": "https://storage.googleapis.com/candidate-thumbs/party/63.png", "CandididatePhoto": "https://storage.googleapis.com/candidate-thumbs/images/53-1-5.jpg"}, {"Unnamed: 0": 777, "CandidateId": "713b8aef-5475-439d-b206-43e2a243601a", "CandidateNo": 6, "FirstName": "พนัส", "LastName": "ใจภักดี", "PartyName": "พลังธรรมใหม่", "PartyNumber": 175, "Title": "นาย", "Votable": true, "province_id": 53, "province_name": "อุตรดิตถ์", "zone_number": 1, "PartyTerminated": false, "Age": 68, "Occupation": "เกษตรกร", "HighestEducation": "ปริญญาตรี", "ImageFileId": "5c5a49d4fbcb5f19bca8edc5", "SelfIntroduceFileId": NaN, "PartyLogo": "https://storage.googleapis.com/candidate-thumbs/party/175.png", "CandididatePhoto": "https://storage.googleapis.com/candidate-thumbs/images/53-1-6.jpg"}, {"Unnamed: 0": 778, "CandidateId": "aa6f5b5f-5cde-4a37-8764-b32d8e9eb5fb", "CandidateNo": 7, "FirstName": "กนก", "LastName": "ลิ้มตระกูล", "PartyName": "เพื่อไทย", "PartyNumber": 34, "Title": "นาย", "Votable": true, "province_id": 53, "province_name": "อุตรดิตถ์", "zone_number": 1, "PartyTerminated": false, "Age": 62, "Occupation": "นักธุรกิจ", "HighestEducation": "ปริญญาโท", "ImageFileId": "5c593391fbcb5f1d88163106", "SelfIntroduceFileId": "5c593b32fbcb5f1d88169cd3", "PartyLogo": "https://storage.googleapis.com/candidate-thumbs/party/34.png", "CandididatePhoto": "https://storage.googleapis.com/candidate-thumbs/images/53-1-7.jpg"}, {"Unnamed: 0": 779, "CandidateId": "04d233ff-250e-4bf5-a402-f37e99c43b37", "CandidateNo": 8, "FirstName": "อมรชัย", "LastName": "สังข์สุวรรณ์", "PartyName": "พลังปวงชนไทย", "PartyNumber": 184, "Title": "นาย", "Votable": true, "province_id": 53, "province_name": "อุตรดิตถ์", "zone_number": 1, "PartyTerminated": false, "Age": 48, "Occupation": "ค้าขาย-เลขานุการนายกเทศมนตรีตำบลท่าเสา", "HighestEducation": "ต่ำกว่าปริญญาตรี", "ImageFileId": "5c594d96fbcb5f1d88179434", "SelfIntroduceFileId": "5c5953b8fbcb5f1d8817da39", "PartyLogo": "https://storage.googleapis.com/candidate-thumbs/party/184.png", "CandididatePhoto": "https://storage.googleapis.com/candidate-thumbs/images/53-1-8.jpg"}, {"Unnamed: 0": 780, "CandidateId": "7a5b7d57-4d40-4c32-a8d0-3f0456813e8c", "CandidateNo": 9, "FirstName": "พิมณัฏฐา ", "LastName": "จิระพุทธิภาคย์", "PartyName": "เพื่อชาติ", "PartyNumber": 149, "Title": "นางสาว", "Votable": true, "province_id": 53, "province_name": "อุตรดิตถ์", "zone_number": 1, "PartyTerminated": false, "Age": 30, "Occupation": "ธุรกิจส่วนตัว", "HighestEducation": "ปริญญาตรี", "ImageFileId": "5c59467dfbcb5f1d88173472", "SelfIntroduceFileId": "5c594abcfbcb5f1d88177046", "PartyLogo": "https://storage.googleapis.com/candidate-thumbs/party/149.png", "CandididatePhoto": "https://storage.googleapis.com/candidate-thumbs/images/53-1-9.jpg"}, {"Unnamed: 0": 781, "CandidateId": "157337f6-63e4-48d5-a665-f77fefef739a", "CandidateNo": 10, "FirstName": "ปองภพ", "LastName": "บุญอินเขียว", "PartyName": "ประชานิยม", "PartyNumber": 191, "Title": "นาย", "Votable": true, "province_id": 53, "province_name": "อุตรดิตถ์", "zone_number": 1, "PartyTerminated": false, "Age": 68, "Occupation": "ข้าราชการบำนาญ(ครู)", "HighestEducation": "ปริญญาตรี", "ImageFileId": "5c5a68c3fbcb5f19bca9ee6f", "SelfIntroduceFileId": "5c5a95cdfbcb5f19bcab063c", "PartyLogo": "https://storage.googleapis.com/candidate-thumbs/party/191.png", "CandididatePhoto": "https://storage.googleapis.com/candidate-thumbs/images/53-1-10.jpg"}, {"Unnamed: 0": 782, "CandidateId": "db89c521-3483-4ed7-83ae-188ec6b2e218", "CandidateNo": 11, "FirstName": "ธีรจิต", "LastName": "แก้วใจ", "PartyName": "ประชาชนปฏิรูป", "PartyNumber": 176, "Title": "นาย", "Votable": false, "province_id": 53, "province_name": "อุตรดิตถ์", "zone_number": 1, "PartyTerminated": false, "Age": 73, "Occupation": "ข้าราชการบำนาญ(ครู)", "HighestEducation": "ต่ำกว่าปริญญาตรี", "ImageFileId": "5c5a5a2dfbcb5f19bca97b73", "SelfIntroduceFileId": "5c5a5e98fbcb5f19bca9a529", "PartyLogo": "https://storage.googleapis.com/candidate-thumbs/party/176.png", "CandididatePhoto": "https://storage.googleapis.com/candidate-thumbs/images/53-1-11.jpg"}, {"Unnamed: 0": 783, "CandidateId": "0d340fae-bd3b-458b-8a28-7e5fa209ae2f", "CandidateNo": 12, "FirstName": "ณภัทร", "LastName": "วรรณกลาง", "PartyName": "ประชาธิปไตยใหม่", "PartyNumber": 109, "Title": "นาย", "Votable": true, "province_id": 53, "province_name": "อุตรดิตถ์", "zone_number": 1, "PartyTerminated": false, "Age": 46, "Occupation": "ทำงานบริษัท", "HighestEducation": "ต่ำกว่าปริญญาตรี", "ImageFileId": "5c5a7828fbcb5f19bcaa2cd6", "SelfIntroduceFileId": "5c5a7e24fbcb5f19bcaa5254", "PartyLogo": "https://storage.googleapis.com/candidate-thumbs/party/109.png", "CandididatePhoto": "https://storage.googleapis.com/candidate-thumbs/images/53-1-12.jpg"}, {"Unnamed: 0": 784, "CandidateId": "e06dfd4a-8992-4955-8441-47aa9e443672", "CandidateNo": 13, "FirstName": "พรวจี", "LastName": "ปะนะที", "PartyName": "พลังท้องถิ่นไท", "PartyNumber": 124, "Title": "นางสาว", "Votable": true, "province_id": 53, "province_name": "อุตรดิตถ์", "zone_number": 1, "PartyTerminated": false, "Age": 53, "Occupation": "อิสระ / ขบวนองค์กรชุมชนจังหวัดอุตรดิตถ์", "HighestEducation": "ปริญญาตรี", "ImageFileId": "5c5a89e6fbcb5f19bcaaae5b", "SelfIntroduceFileId": "5c5a9a52fbcb5f19bcab23df", "PartyLogo": "https://storage.googleapis.com/candidate-thumbs/party/124.png", "CandididatePhoto": "https://storage.googleapis.com/candidate-thumbs/images/53-1-13.jpg"}, {"Unnamed: 0": 785, "CandidateId": "f58ac962-6578-49ea-8073-071648f07d78", "CandidateNo": 14, "FirstName": "สุพัฒน์", "LastName": "จุลอักษร", "PartyName": "รักษ์ผืนป่าประเทศไทย", "PartyNumber": 133, "Title": "นาย", "Votable": true, "province_id": 53, "province_name": "อุตรดิตถ์", "zone_number": 1, "PartyTerminated": false, "Age": 66, "Occupation": "ข้าราชการบำนาญ", "HighestEducation": "ปริญญาตรี", "ImageFileId": "5c5aa15cfbcb5f19bcab51bb", "SelfIntroduceFileId": "5c5aae46fbcb5f19bcab872f", "PartyLogo": "https://storage.googleapis.com/candidate-thumbs/party/133.png", "CandididatePhoto": "https://storage.googleapis.com/candidate-thumbs/images/53-1-14.jpg"}, {"Unnamed: 0": 786, "CandidateId": "15bcbc5b-5853-4d3a-94ea-5c24dadc15f7", "CandidateNo": 15, "FirstName": "พิสิษฐ์", "LastName": "ธารบัวสวรรค์", "PartyName": "ประชาภิวัฒน์", "PartyNumber": 172, "Title": "นาย", "Votable": true, "province_id": 53, "province_name": "อุตรดิตถ์", "zone_number": 1, "PartyTerminated": false, "Age": 38, "Occupation": "ธุรกิจส่วนตัว", "HighestEducation": "ต่ำกว่าปริญญาตรี", "ImageFileId": "5c5ba4c2fbcb5f16fc65a1fa", "SelfIntroduceFileId": "5c5ba9a8fbcb5f16fc65c49a", "PartyLogo": "https://storage.googleapis.com/candidate-thumbs/party/172.png", "CandididatePhoto": "https://storage.googleapis.com/candidate-thumbs/images/53-1-15.jpg"}, {"Unnamed: 0": 787, "CandidateId": "eae40d71-5875-4be1-843e-9650a69d7a48", "CandidateNo": 16, "FirstName": "อภิรักษ์", "LastName": "แตงขาว", "PartyName": "กรีน", "PartyNumber": 206, "Title": "นาย", "Votable": true, "province_id": 53, "province_name": "อุตรดิตถ์", "zone_number": 1, "PartyTerminated": false, "Age": 42, "Occupation": "ประกอบธุรกิจ", "HighestEducation": "ปริญญาโท", "ImageFileId": "5c5b9cc6fbcb5f16fc656c49", "SelfIntroduceFileId": "5c5ba10ffbcb5f16fc6589b4", "PartyLogo": "https://storage.googleapis.com/candidate-thumbs/party/206.png", "CandididatePhoto": "https://storage.googleapis.com/candidate-thumbs/images/53-1-16.jpg"}, {"Unnamed: 0": 788, "CandidateId": "d42b4cf8-3554-4d50-99cb-1a63e2eddfd6", "CandidateNo": 17, "FirstName": "จำรัส", "LastName": "พวงมะเดื่อ", "PartyName": "พลังไทยดี", "PartyNumber": 212, "Title": "นาย", "Votable": true, "province_id": 53, "province_name": "อุตรดิตถ์", "zone_number": 1, "PartyTerminated": false, "Age": 66, "Occupation": "ที่ปรึกษาผู้ตรวจราชการภาคประชาชนด้านสิ่งแวดล้อม", "HighestEducation": "ปริญญาโท", "ImageFileId": "5c5baa8cfbcb5f16fc65cab1", "SelfIntroduceFileId": "5c5bb169fbcb5f16fc66069a", "PartyLogo": "https://storage.googleapis.com/candidate-thumbs/party/212.png", "CandididatePhoto": "https://storage.googleapis.com/candidate-thumbs/images/53-1-17.jpg"}, {"Unnamed: 0": 789, "CandidateId": "9385e1ad-3d1a-4c50-8aa1-290f185fbec5", "CandidateNo": 18, "FirstName": "ธนพล", "LastName": "หมื่นยา", "PartyName": "เพื่อแผ่นดิน", "PartyNumber": 41, "Title": "นาย", "Votable": true, "province_id": 53, "province_name": "อุตรดิตถ์", "zone_number": 1, "PartyTerminated": false, "Age": 54, "Occupation": "เกษตรกรรม", "HighestEducation": "ปริญญาตรี", "ImageFileId": "5c5bb7b5fbcb5f16fc66374e", "SelfIntroduceFileId": "5c5bbbb5fbcb5f16fc6650ff", "PartyLogo": "https://storage.googleapis.com/candidate-thumbs/party/41.png", "CandididatePhoto": "https://storage.googleapis.com/candidate-thumbs/images/53-1-18.jpg"}, {"Unnamed: 0": 790, "CandidateId": "ba630038-3183-49c5-a3ad-4e358b821e47", "CandidateNo": 19, "FirstName": "สุมาลี", "LastName": "กลิ่นลอย", "PartyName": "ชาติไทยพัฒนา", "PartyNumber": 55, "Title": "นางสาว", "Votable": true, "province_id": 53, "province_name": "อุตรดิตถ์", "zone_number": 1, "PartyTerminated": false, "Age": 45, "Occupation": "เลขานุการ(แผนกกายภาพ)โรงพยาบาลเชียงใหม่ราม", "HighestEducation": "ปริญญาโท", "ImageFileId": "5c5bc250fbcb5f16fc666ccc", "SelfIntroduceFileId": "5c5be744fbcb5f16fc677725", "PartyLogo": "https://storage.googleapis.com/candidate-thumbs/party/55.png", "CandididatePhoto": "https://storage.googleapis.com/candidate-thumbs/images/53-1-19.jpg"}, {"Unnamed: 0": 791, "CandidateId": "2b02e541-f9fd-4624-bd81-55de80d4150c", "CandidateNo": 20, "FirstName": "ธนศร", "LastName": "คำฟอง", "PartyName": "พลังชาติไทย", "PartyNumber": 186, "Title": "นางสาว", "Votable": true, "province_id": 53, "province_name": "อุตรดิตถ์", "zone_number": 1, "PartyTerminated": false, "Age": 48, "Occupation": "กรมการปกครอง กระทรวงมหาดไทย", "HighestEducation": "ปริญญาตรี", "ImageFileId": "5c5bd82bfbcb5f16fc66f9df", "SelfIntroduceFileId": "5c5ce012fbcb5f16fc689731", "PartyLogo": "https://storage.googleapis.com/candidate-thumbs/party/186.png", "CandididatePhoto": "https://storage.googleapis.com/candidate-thumbs/images/53-1-20.jpg"}, {"Unnamed: 0": 792, "CandidateId": "4a0a2bb6-508f-4991-a102-5fa57f8391f1", "CandidateNo": 21, "FirstName": "ธนิน", "LastName": "แก่งอินทร์", "PartyName": "รวมพลังประชาชาติไทย", "PartyNumber": 181, "Title": "นาย", "Votable": true, "province_id": 53, "province_name": "อุตรดิตถ์", "zone_number": 1, "PartyTerminated": false, "Age": 54, "Occupation": "ทำสวน", "HighestEducation": "ปริญญาตรี", "ImageFileId": "5c5bd8b6fbcb5f16fc66ff86", "SelfIntroduceFileId": "5c5ce7a7fbcb5f16fc68bc0f", "PartyLogo": "https://storage.googleapis.com/candidate-thumbs/party/181.png", "CandididatePhoto": "https://storage.googleapis.com/candidate-thumbs/images/53-1-21.jpg"}, {"Unnamed: 0": 793, "CandidateId": "0320004b-4bb1-4fa9-a1ab-b3e84b77ad98", "CandidateNo": 22, "FirstName": "ชัยพร", "LastName": "ศิริวัฒน์", "PartyName": "ครูไทยเพื่อประชาชน", "PartyNumber": 118, "Title": "นาย", "Votable": true, "province_id": 53, "province_name": "อุตรดิตถ์", "zone_number": 1, "PartyTerminated": false, "Age": 60, "Occupation": "ข้าราชการบำนาญ", "HighestEducation": "ปริญญาตรี", "ImageFileId": "5c5bd93ffbcb5f16fc670275", "SelfIntroduceFileId": "5c5cedb3fbcb5f16fc68def0", "PartyLogo": "https://storage.googleapis.com/candidate-thumbs/party/118.png", "CandididatePhoto": "https://storage.googleapis.com/candidate-thumbs/images/53-1-22.jpg"}, {"Unnamed: 0": 794, "CandidateId": "430215b1-23bc-4ca8-a8ef-a77e56cfc1d9", "CandidateNo": 23, "FirstName": "จิระวัฒน์ ", "LastName": "พงษ์วิชัย", "PartyName": "พลังไทสร้างชาติ", "PartyNumber": 200, "Title": "นาย", "Votable": true, "province_id": 53, "province_name": "อุตรดิตถ์", "zone_number": 1, "PartyTerminated": false, "Age": 26, "Occupation": "พนักงานบริษัท", "HighestEducation": "ปริญญาตรี", "ImageFileId": "5c5bf551fbcb5f16fc67f0d8", "SelfIntroduceFileId": "5c5cf632fbcb5f16fc691755", "PartyLogo": "https://storage.googleapis.com/candidate-thumbs/party/200.png", "CandididatePhoto": "https://storage.googleapis.com/candidate-thumbs/images/53-1-23.jpg"}, {"Unnamed: 0": 795, "CandidateId": "9ee61140-aa14-44a8-94fb-d0d679ac08b8", "CandidateNo": 24, "FirstName": "คมกฤษณ์", "LastName": "จ่าทองคำ", "PartyName": "เสรีรวมไทย", "PartyNumber": 145, "Title": "นาย", "Votable": true, "province_id": 53, "province_name": "อุตรดิตถ์", "zone_number": 1, "PartyTerminated": false, "Age": 47, "Occupation": "ธุรกิจส่วนตัว", "HighestEducation": "ต่ำกว่าปริญญาตรี", "ImageFileId": "5c5bf625fbcb5f16fc67f7e0", "SelfIntroduceFileId": "5c5cfb21fbcb5f0fd88458ed", "PartyLogo": "https://storage.googleapis.com/candidate-thumbs/party/145.png", "CandididatePhoto": "https://storage.googleapis.com/candidate-thumbs/images/53-1-24.jpg"}, {"Unnamed: 0": 796, "CandidateId": "d503037a-f54c-4fe2-87ad-97aedb89e07c", "CandidateNo": 25, "FirstName": "สุภาพร", "LastName": "ขันสุข", "PartyName": "เศรษฐกิจใหม่", "PartyNumber": 193, "Title": "นางสาว", "Votable": true, "province_id": 53, "province_name": "อุตรดิตถ์", "zone_number": 1, "PartyTerminated": false, "Age": 32, "Occupation": "ธุรกิจส่วนตัว", "HighestEducation": "ต่ำกว่าปริญญาตรี", "ImageFileId": "5c5bf69dfbcb5f16fc67faef", "SelfIntroduceFileId": "5c5d0042fbcb5f0fd884860a", "PartyLogo": "https://storage.googleapis.com/candidate-thumbs/party/193.png", "CandididatePhoto": "https://storage.googleapis.com/candidate-thumbs/images/53-1-25.jpg"}, {"Unnamed: 0": 797, "CandidateId": "9f393e12-35ea-4c79-a1a1-9f57ab6534c3", "CandidateNo": 26, "FirstName": "ธวัชชัย", "LastName": "สุภาอรรถ", "PartyName": "ไทยศรีวิไลย์", "PartyNumber": 180, "Title": "นาย", "Votable": true, "province_id": 53, "province_name": "อุตรดิตถ์", "zone_number": 1, "PartyTerminated": false, "Age": 48, "Occupation": "รับจ้างทั่วไป", "HighestEducation": "ต่ำกว่าปริญญาตรี", "ImageFileId": "5c5d0e58fbcb5f0fd884e8db", "SelfIntroduceFileId": "5c5d1869fbcb5f0fd8850f48", "PartyLogo": "https://storage.googleapis.com/candidate-thumbs/party/180.png", "CandididatePhoto": "https://storage.googleapis.com/candidate-thumbs/images/53-1-26.jpg"}, {"Unnamed: 0": 798, "CandidateId": "ea199357-c439-40fa-89cf-5419c79ed659", "CandidateNo": 27, "FirstName": "เชิญ", "LastName": "มั่นเจ๊ก", "PartyName": "พลังสังคม", "PartyNumber": 198, "Title": "นางสาว", "Votable": true, "province_id": 53, "province_name": "อุตรดิตถ์", "zone_number": 1, "PartyTerminated": false, "Age": 51, "Occupation": "ผู้ช่วยเจ้าหน้าที่สาธารณสุข", "HighestEducation": "ต่ำกว่าปริญญาตรี", "ImageFileId": "5c5d0f36fbcb5f0fd884ee58", "SelfIntroduceFileId": "5c5d1a22fbcb5f0fd88516dd", "PartyLogo": "https://storage.googleapis.com/candidate-thumbs/party/198.png", "CandididatePhoto": "https://storage.googleapis.com/candidate-thumbs/images/53-1-27.jpg"}, {"Unnamed: 0": 799, "CandidateId": "65d3d2c0-dd2c-46a9-84d3-1b0bffd1f895", "CandidateNo": 28, "FirstName": "ภณภัค", "LastName": "ทวีเจริญรักข์", "PartyName": "ประชาธรรมไทย", "PartyNumber": 190, "Title": "นาย", "Votable": true, "province_id": 53, "province_name": "อุตรดิตถ์", "zone_number": 1, "PartyTerminated": false, "Age": 59, "Occupation": "รับราชการทหาร", "HighestEducation": "ต่ำกว่าปริญญาตรี", "ImageFileId": "5c5d39a9fbcb5f0fd8860df0", "SelfIntroduceFileId": "5c5d407efbcb5f0fd886544c", "PartyLogo": "https://storage.googleapis.com/candidate-thumbs/party/190.png", "CandididatePhoto": "https://storage.googleapis.com/candidate-thumbs/images/53-1-28.jpg"}, {"Unnamed: 0": 800, "CandidateId": "cf3b4c1a-e8e9-41e9-8b87-d43120e777b0", "CandidateNo": 29, "FirstName": "อภิปัญญา", "LastName": "แก้วมา", "PartyName": "ผึ้งหลวง", "PartyNumber": 164, "Title": "นาย", "Votable": true, "province_id": 53, "province_name": "อุตรดิตถ์", "zone_number": 1, "PartyTerminated": false, "Age": 46, "Occupation": "พนักงานบริษัทเชฟโรเลต", "HighestEducation": "ต่ำกว่าปริญญาตรี", "ImageFileId": "5c5d49e7fbcb5f0fd886b965", "SelfIntroduceFileId": "5c5d5c53fbcb5f0fd8878da2", "PartyLogo": "https://storage.googleapis.com/candidate-thumbs/party/164.png", "CandididatePhoto": "https://storage.googleapis.com/candidate-thumbs/images/53-1-29.jpg"}, {"Unnamed: 0": 801, "CandidateId": "4a4977a0-ef12-497d-a96e-3aeb36057738", "CandidateNo": 30, "FirstName": "สิทธิพงษ์", "LastName": "มั่นคง", "PartyName": "พลังประชาธิปไตย", "PartyNumber": 153, "Title": "นาย", "Votable": true, "province_id": 53, "province_name": "อุตรดิตถ์", "zone_number": 1, "PartyTerminated": false, "Age": 49, "Occupation": "ผู้จัดการบริษัทซิงเกอร์ จำกัด", "HighestEducation": "ต่ำกว่าปริญญาตรี", "ImageFileId": "5c5d61a4fbcb5f0fd887bade", "SelfIntroduceFileId": "5c5d64f4fbcb5f0fd887d18e", "PartyLogo": "https://storage.googleapis.com/candidate-thumbs/party/153.png", "CandididatePhoto": "https://storage.googleapis.com/candidate-thumbs/images/53-1-30.jpg"}, {"Unnamed: 0": 802, "CandidateId": "d681f076-09cd-43b0-aab0-50367eb2cfe3", "CandidateNo": 31, "FirstName": "วีระชัย", "LastName": "โพนเยี่ยม", "PartyName": "แทนคุณแผ่นดิน", "PartyNumber": 53, "Title": "นาย", "Votable": true, "province_id": 53, "province_name": "อุตรดิตถ์", "zone_number": 1, "PartyTerminated": false, "Age": 46, "Occupation": "ขับรถรับจ้าง", "HighestEducation": "ต่ำกว่าปริญญาตรี", "ImageFileId": "5c5d65f5fbcb5f0fd887d940", "SelfIntroduceFileId": "5c5d694ffbcb5f0fd887e849", "PartyLogo": "https://storage.googleapis.com/candidate-thumbs/party/53.png", "CandididatePhoto": "https://storage.googleapis.com/candidate-thumbs/images/53-1-31.jpg"}, {"Unnamed: 0": 803, "CandidateId": "566c95ec-525d-45ce-9d29-99560c111106", "CandidateNo": 32, "FirstName": "จันทา", "LastName": "ถ่องตะคุ", "PartyName": "ไทรักธรรม", "PartyNumber": 144, "Title": "นาย", "Votable": true, "province_id": 53, "province_name": "อุตรดิตถ์", "zone_number": 1, "PartyTerminated": false, "Age": 55, "Occupation": "เกษตรกรรม", "HighestEducation": "ปริญญาตรี", "ImageFileId": "5c5d69f2fbcb5f0fd887eb1e", "SelfIntroduceFileId": "5c5d70e4fbcb5f0fd8880bf0", "PartyLogo": "https://storage.googleapis.com/candidate-thumbs/party/144.png", "CandididatePhoto": "https://storage.googleapis.com/candidate-thumbs/images/53-1-32.jpg"}]