[{"Unnamed: 0": 8416, "CandidateId": "1a625d62-9b7d-4552-a024-aae48684b51c", "CandidateNo": 1, "FirstName": "รวิพล", "LastName": "หินผาย", "PartyName": "พลังท้องถิ่นไท", "PartyNumber": 124, "Title": "นาย", "Votable": false, "province_id": 41, "province_name": "อุดรธานี", "zone_number": 3, "PartyTerminated": false, "Age": 58, "Occupation": "รับจ้าง", "HighestEducation": "ต่ำกว่าปริญญาตรี", "ImageFileId": "5c58007afbcb5f1eec0f619d", "SelfIntroduceFileId": "5c5a6a12fbcb5f19bca9f417", "PartyLogo": "https://storage.googleapis.com/candidate-thumbs/party/124.png", "CandididatePhoto": "https://storage.googleapis.com/candidate-thumbs/images/41-3-1.jpg"}, {"Unnamed: 0": 8417, "CandidateId": "765fbed2-5980-4e8b-bec2-169be01c4643", "CandidateNo": 2, "FirstName": "โชคเสมอ", "LastName": "คำมุงคุณ", "PartyName": "ภูมิใจไทย", "PartyNumber": 63, "Title": "นาย", "Votable": true, "province_id": 41, "province_name": "อุดรธานี", "zone_number": 3, "PartyTerminated": false, "Age": 53, "Occupation": "นักการเมืองท้องถิ่น", "HighestEducation": "ปริญญาโท", "ImageFileId": "5c580133fbcb5f1eec0f6b59", "SelfIntroduceFileId": "5c595388fbcb5f1d8817d924", "PartyLogo": "https://storage.googleapis.com/candidate-thumbs/party/63.png", "CandididatePhoto": "https://storage.googleapis.com/candidate-thumbs/images/41-3-2.jpg"}, {"Unnamed: 0": 8418, "CandidateId": "37c6dfaa-ffa8-4e98-8176-1b258039588f", "CandidateNo": 3, "FirstName": "สิทธิชัย", "LastName": "หมั่นเรียน", "PartyName": "ชาติไทยพัฒนา", "PartyNumber": 55, "Title": "นาย", "Votable": true, "province_id": 41, "province_name": "อุดรธานี", "zone_number": 3, "PartyTerminated": false, "Age": 63, "Occupation": "ปลัดอปท.", "HighestEducation": "ปริญญาโท", "ImageFileId": "5c580321fbcb5f1eec0f8ac4", "SelfIntroduceFileId": "5c595224fbcb5f1d8817cbf9", "PartyLogo": "https://storage.googleapis.com/candidate-thumbs/party/55.png", "CandididatePhoto": "https://storage.googleapis.com/candidate-thumbs/images/41-3-3.jpg"}, {"Unnamed: 0": 8419, "CandidateId": "bde9f3e0-c3b6-4a75-91a6-2010ad54d992", "CandidateNo": 4, "FirstName": "ปรัชญา", "LastName": "วิเชียรเครือ", "PartyName": "ชาติพัฒนา", "PartyNumber": 45, "Title": "นาย", "Votable": true, "province_id": 41, "province_name": "อุดรธานี", "zone_number": 3, "PartyTerminated": false, "Age": 41, "Occupation": "รองนายกเทศมนตรี", "HighestEducation": "ปริญญาโท", "ImageFileId": "5c5804bdfbcb5f1eec0fa118", "SelfIntroduceFileId": "5c59512dfbcb5f1d8817c203", "PartyLogo": "https://storage.googleapis.com/candidate-thumbs/party/45.png", "CandididatePhoto": "https://storage.googleapis.com/candidate-thumbs/images/41-3-4.jpg"}, {"Unnamed: 0": 8420, "CandidateId": "092db856-23e0-4ce6-8ee6-e5a82fc0df70", "CandidateNo": 5, "FirstName": "ขจิตร", "LastName": "ชัยนิคม", "PartyName": "เพื่อไทย", "PartyNumber": 34, "Title": "นาย", "Votable": true, "province_id": 41, "province_name": "อุดรธานี", "zone_number": 3, "PartyTerminated": false, "Age": 67, "Occupation": "รับราชการครู", "HighestEducation": "ปริญญาโท", "ImageFileId": "5c580724fbcb5f1eec0fc353", "SelfIntroduceFileId": "5c594dc6fbcb5f1d88179738", "PartyLogo": "https://storage.googleapis.com/candidate-thumbs/party/34.png", "CandididatePhoto": "https://storage.googleapis.com/candidate-thumbs/images/41-3-5.jpg"}, {"Unnamed: 0": 8421, "CandidateId": "c744f4e3-54a6-439a-b1dd-34f7fea5c7e6", "CandidateNo": 6, "FirstName": "นิรันดร์", "LastName": "ด้านซอม", "PartyName": "เศรษฐกิจใหม่", "PartyNumber": 193, "Title": "นาย", "Votable": true, "province_id": 41, "province_name": "อุดรธานี", "zone_number": 3, "PartyTerminated": false, "Age": 62, "Occupation": "รับราชการ", "HighestEducation": "ปริญญาโท", "ImageFileId": "5c580ea3fbcb5f1eec101cdd", "SelfIntroduceFileId": "5c594bb5fbcb5f1d88177af3", "PartyLogo": "https://storage.googleapis.com/candidate-thumbs/party/193.png", "CandididatePhoto": "https://storage.googleapis.com/candidate-thumbs/images/41-3-6.jpg"}, {"Unnamed: 0": 8422, "CandidateId": "0a356fe3-2f2d-4867-9511-44733121fd48", "CandidateNo": 7, "FirstName": "อรรถพล", "LastName": "บุญพาสิริสกุล", "PartyName": "เพื่อชาติ", "PartyNumber": 149, "Title": "นาย", "Votable": true, "province_id": 41, "province_name": "อุดรธานี", "zone_number": 3, "PartyTerminated": false, "Age": 48, "Occupation": "สมาชิกสภาองค์การบริหารส่วนจังหวัดอุดรธานี", "HighestEducation": "ปริญญาตรี", "ImageFileId": "5c58102ffbcb5f1eec102f92", "SelfIntroduceFileId": "5c594adefbcb5f1d881771cc", "PartyLogo": "https://storage.googleapis.com/candidate-thumbs/party/149.png", "CandididatePhoto": "https://storage.googleapis.com/candidate-thumbs/images/41-3-7.jpg"}, {"Unnamed: 0": 8423, "CandidateId": "4c1b0fd7-8529-4a13-ad2c-8aeb5d90e1a8", "CandidateNo": 8, "FirstName": "บรรจง", "LastName": "โทกุล", "PartyName": "เสรีรวมไทย", "PartyNumber": 145, "Title": "นาย", "Votable": true, "province_id": 41, "province_name": "อุดรธานี", "zone_number": 3, "PartyTerminated": false, "Age": 43, "Occupation": "รับจ้าง", "HighestEducation": "ปริญญาตรี", "ImageFileId": "5c581257fbcb5f1eec10426d", "SelfIntroduceFileId": "5c5948a9fbcb5f1d88175388", "PartyLogo": "https://storage.googleapis.com/candidate-thumbs/party/145.png", "CandididatePhoto": "https://storage.googleapis.com/candidate-thumbs/images/41-3-8.jpg"}, {"Unnamed: 0": 8424, "CandidateId": "4378ba9b-e54e-49bf-9edd-cf8ae00a60bf", "CandidateNo": 9, "FirstName": "สุคนธ์ตรี", "LastName": "สิงหะสุริยะ", "PartyName": "รวมพลังประชาชาติไทย", "PartyNumber": 181, "Title": "นางสาว", "Votable": true, "province_id": 41, "province_name": "อุดรธานี", "zone_number": 3, "PartyTerminated": false, "Age": 39, "Occupation": "ลูกจ้างชั่วคราว", "HighestEducation": "ปริญญาโท", "ImageFileId": "5c581469fbcb5f1eec105497", "SelfIntroduceFileId": "5c5947befbcb5f1d881749a4", "PartyLogo": "https://storage.googleapis.com/candidate-thumbs/party/181.png", "CandididatePhoto": "https://storage.googleapis.com/candidate-thumbs/images/41-3-9.jpg"}, {"Unnamed: 0": 8425, "CandidateId": "c8659ee6-58f1-4dc9-91e9-c23d4270ee96", "CandidateNo": 10, "FirstName": "นิวัฒน์", "LastName": "สิทธิไทย", "PartyName": "ประชาภิวัฒน์", "PartyNumber": 172, "Title": "นาย", "Votable": true, "province_id": 41, "province_name": "อุดรธานี", "zone_number": 3, "PartyTerminated": false, "Age": 64, "Occupation": "ข้าราชการครู", "HighestEducation": "ปริญญาตรี", "ImageFileId": "5c58160efbcb5f1eec106098", "SelfIntroduceFileId": "5c5946d2fbcb5f1d88173a70", "PartyLogo": "https://storage.googleapis.com/candidate-thumbs/party/172.png", "CandididatePhoto": "https://storage.googleapis.com/candidate-thumbs/images/41-3-10.jpg"}, {"Unnamed: 0": 8426, "CandidateId": "aa53fcfc-57bf-4828-a5c7-fc6c13127667", "CandidateNo": 11, "FirstName": "ราณี", "LastName": "นิวงศ์ษา", "PartyName": "ประชาธิปัตย์", "PartyNumber": 1, "Title": "นาง", "Votable": true, "province_id": 41, "province_name": "อุดรธานี", "zone_number": 3, "PartyTerminated": false, "Age": 54, "Occupation": "รับจ้าง", "HighestEducation": "ปริญญาโท", "ImageFileId": "5c581864fbcb5f1eec1073b8", "SelfIntroduceFileId": "5c5945b3fbcb5f1d88172760", "PartyLogo": "https://storage.googleapis.com/candidate-thumbs/party/1.png", "CandididatePhoto": "https://storage.googleapis.com/candidate-thumbs/images/41-3-11.jpg"}, {"Unnamed: 0": 8427, "CandidateId": "b543a631-df5d-4c60-aad8-514aa161f275", "CandidateNo": 12, "FirstName": "เข็มทอง", "LastName": "อั้งยุทธ", "PartyName": "เพื่อไทยพัฒนา", "PartyNumber": 213, "Title": "นางสาว", "Votable": true, "province_id": 41, "province_name": "อุดรธานี", "zone_number": 3, "PartyTerminated": false, "Age": 43, "Occupation": "รับจ้าง", "HighestEducation": "ปริญญาตรี", "ImageFileId": "5c58197afbcb5f1eec10792f", "SelfIntroduceFileId": "5c5943f5fbcb5f1d88170fdb", "PartyLogo": "https://storage.googleapis.com/candidate-thumbs/party/213.png", "CandididatePhoto": "https://storage.googleapis.com/candidate-thumbs/images/41-3-12.jpg"}, {"Unnamed: 0": 8428, "CandidateId": "9ed0d007-1a74-41f8-9821-0c61e2280c1f", "CandidateNo": 13, "FirstName": "ภรัชฎา", "LastName": "ศรีไชยมูล", "PartyName": "อนาคตใหม่", "PartyNumber": 177, "Title": "นาง", "Votable": true, "province_id": 41, "province_name": "อุดรธานี", "zone_number": 3, "PartyTerminated": false, "Age": 50, "Occupation": "ทำนา", "HighestEducation": "ต่ำกว่าปริญญาตรี", "ImageFileId": "5c581aa3fbcb5f1eec108081", "SelfIntroduceFileId": "5c5942effbcb5f1d8817036a", "PartyLogo": "https://storage.googleapis.com/candidate-thumbs/party/177.png", "CandididatePhoto": "https://storage.googleapis.com/candidate-thumbs/images/41-3-13.jpg"}, {"Unnamed: 0": 8429, "CandidateId": "f00f2788-3858-474f-a1c8-e7230a66d8f8", "CandidateNo": 14, "FirstName": "เดชฤทธิ์", "LastName": "โทหา", "PartyName": "พลังประชารัฐ", "PartyNumber": 192, "Title": "นาย", "Votable": true, "province_id": 41, "province_name": "อุดรธานี", "zone_number": 3, "PartyTerminated": false, "Age": 47, "Occupation": "กำนันตำบลนาไหม", "HighestEducation": "ต่ำกว่าปริญญาตรี", "ImageFileId": "5c581bc9fbcb5f1eec1084b1", "SelfIntroduceFileId": "5c594204fbcb5f1d8816f6e9", "PartyLogo": "https://storage.googleapis.com/candidate-thumbs/party/192.png", "CandididatePhoto": "https://storage.googleapis.com/candidate-thumbs/images/41-3-14.jpg"}, {"Unnamed: 0": 8430, "CandidateId": "15ef26d9-553d-4a1f-b077-3de895894465", "CandidateNo": 15, "FirstName": "บุญเหลือ", "LastName": "ศรีมันตะ", "PartyName": "รักษ์ผืนป่าประเทศไทย", "PartyNumber": 133, "Title": "นาย", "Votable": true, "province_id": 41, "province_name": "อุดรธานี", "zone_number": 3, "PartyTerminated": false, "Age": 66, "Occupation": "เกษตรกร", "HighestEducation": "ต่ำกว่าปริญญาตรี", "ImageFileId": "5c581d01fbcb5f1eec108a89", "SelfIntroduceFileId": "5c594092fbcb5f1d8816e165", "PartyLogo": "https://storage.googleapis.com/candidate-thumbs/party/133.png", "CandididatePhoto": "https://storage.googleapis.com/candidate-thumbs/images/41-3-15.jpg"}, {"Unnamed: 0": 8431, "CandidateId": "1b4813f2-9d18-44ec-b51a-57a78e7f42af", "CandidateNo": 16, "FirstName": "ภกรรณ", "LastName": "ไชยโชติ", "PartyName": "ประชานิยม", "PartyNumber": 191, "Title": "นาย", "Votable": true, "province_id": 41, "province_name": "อุดรธานี", "zone_number": 3, "PartyTerminated": false, "Age": 71, "Occupation": "ข้าราชการบำนาญ", "HighestEducation": "ต่ำกว่าปริญญาตรี", "ImageFileId": "5c581ebcfbcb5f1eec1092ae", "SelfIntroduceFileId": "5c593ea1fbcb5f1d8816c781", "PartyLogo": "https://storage.googleapis.com/candidate-thumbs/party/191.png", "CandididatePhoto": "https://storage.googleapis.com/candidate-thumbs/images/41-3-16.jpg"}, {"Unnamed: 0": 8432, "CandidateId": "22050b22-bf2f-4472-8764-3a750fc44e33", "CandidateNo": 17, "FirstName": "ธีร์ดนัย", "LastName": "กัปโก", "PartyName": "สยามพัฒนา", "PartyNumber": 182, "Title": "นาย", "Votable": true, "province_id": 41, "province_name": "อุดรธานี", "zone_number": 3, "PartyTerminated": false, "Age": 28, "Occupation": "อาจารย์มหาวิทยาลัย", "HighestEducation": "ปริญญาโท", "ImageFileId": "5c581f20fbcb5f1eec10952d", "SelfIntroduceFileId": "5c593af4fbcb5f1d88169968", "PartyLogo": "https://storage.googleapis.com/candidate-thumbs/party/182.png", "CandididatePhoto": "https://storage.googleapis.com/candidate-thumbs/images/41-3-17.jpg"}, {"Unnamed: 0": 8433, "CandidateId": "1428bc52-0e0d-4105-aef2-04a43e3e8d31", "CandidateNo": 18, "FirstName": "พิศวุฒิชัย", "LastName": "สียศพัฒนพงศ์", "PartyName": "ประชาธิปไตยใหม่", "PartyNumber": 109, "Title": "นาย", "Votable": true, "province_id": 41, "province_name": "อุดรธานี", "zone_number": 3, "PartyTerminated": false, "Age": 62, "Occupation": "ธุรกิจส่วนตัว", "HighestEducation": "ต่ำกว่าปริญญาตรี", "ImageFileId": "5c58203afbcb5f1eec109af4", "SelfIntroduceFileId": "5c59399afbcb5f1d88168670", "PartyLogo": "https://storage.googleapis.com/candidate-thumbs/party/109.png", "CandididatePhoto": "https://storage.googleapis.com/candidate-thumbs/images/41-3-18.jpg"}, {"Unnamed: 0": 8434, "CandidateId": "025209e3-e883-4f17-b2b0-7d0ca84bbab9", "CandidateNo": 19, "FirstName": "ทองพูน", "LastName": "ปิตตาคะโส", "PartyName": "เพื่อแผ่นดิน", "PartyNumber": 41, "Title": "นาย", "Votable": true, "province_id": 41, "province_name": "อุดรธานี", "zone_number": 3, "PartyTerminated": false, "Age": 65, "Occupation": "กำนัน - ผู้ใหญ่บ้าน", "HighestEducation": "ต่ำกว่าปริญญาตรี", "ImageFileId": "5c5821d2fbcb5f1eec10a21d", "SelfIntroduceFileId": "5c593689fbcb5f1d88165828", "PartyLogo": "https://storage.googleapis.com/candidate-thumbs/party/41.png", "CandididatePhoto": "https://storage.googleapis.com/candidate-thumbs/images/41-3-19.jpg"}, {"Unnamed: 0": 8435, "CandidateId": "9ede2f47-06c8-4917-86df-710caf5f36bd", "CandidateNo": 20, "FirstName": "ภัทธิยะ", "LastName": "ปทานนท์", "PartyName": "ประชาชนปฏิรูป", "PartyNumber": 176, "Title": "นาย", "Votable": true, "province_id": 41, "province_name": "อุดรธานี", "zone_number": 3, "PartyTerminated": false, "Age": 31, "Occupation": "ธุรกิจส่วนตัว", "HighestEducation": "ปริญญาโท", "ImageFileId": "5c582205fbcb5f1eec10a32c", "SelfIntroduceFileId": "5c593520fbcb5f1d88164487", "PartyLogo": "https://storage.googleapis.com/candidate-thumbs/party/176.png", "CandididatePhoto": "https://storage.googleapis.com/candidate-thumbs/images/41-3-20.jpg"}, {"Unnamed: 0": 8436, "CandidateId": "ef0a0b3b-1461-4597-92d7-7acb8b0f6845", "CandidateNo": 21, "FirstName": "สนธยา", "LastName": "ดวงภักดี", "PartyName": "พลังปวงชนไทย", "PartyNumber": 184, "Title": "นาย", "Votable": true, "province_id": 41, "province_name": "อุดรธานี", "zone_number": 3, "PartyTerminated": false, "Age": 65, "Occupation": "ข้าราชการครู", "HighestEducation": "ปริญญาตรี", "ImageFileId": "5c5900b4fbcb5f1d8813ccb6", "SelfIntroduceFileId": "5c5931d4fbcb5f1d88161677", "PartyLogo": "https://storage.googleapis.com/candidate-thumbs/party/184.png", "CandididatePhoto": "https://storage.googleapis.com/candidate-thumbs/images/41-3-21.jpg"}, {"Unnamed: 0": 8437, "CandidateId": "18728b62-e2f8-425c-ace5-230e8c37cc10", "CandidateNo": 22, "FirstName": "คงเดช", "LastName": "สิทธิมาตย์", "PartyName": "พลเมืองไทย", "PartyNumber": 173, "Title": "นาย", "Votable": true, "province_id": 41, "province_name": "อุดรธานี", "zone_number": 3, "PartyTerminated": false, "Age": 67, "Occupation": "ข้าราชการบำนาญ", "HighestEducation": "ปริญญาเอก", "ImageFileId": "5c5a576afbcb5f19bca965cc", "SelfIntroduceFileId": "5c5a60a2fbcb5f19bca9b64c", "PartyLogo": "https://storage.googleapis.com/candidate-thumbs/party/173.png", "CandididatePhoto": "https://storage.googleapis.com/candidate-thumbs/images/41-3-22.jpg"}, {"Unnamed: 0": 8438, "CandidateId": "3447fa3b-efaf-4a56-bc95-989c02aa7c16", "CandidateNo": 23, "FirstName": "สมคิด", "LastName": "พลแพงขวา", "PartyName": "ประชาธรรมไทย", "PartyNumber": 190, "Title": "นาย", "Votable": true, "province_id": 41, "province_name": "อุดรธานี", "zone_number": 3, "PartyTerminated": false, "Age": 62, "Occupation": "ข้าราชการบำนาญ", "HighestEducation": "ปริญญาโท", "ImageFileId": "5c5a7260fbcb5f19bcaa0f7c", "SelfIntroduceFileId": "5c5a735cfbcb5f19bcaa126d", "PartyLogo": "https://storage.googleapis.com/candidate-thumbs/party/190.png", "CandididatePhoto": "https://storage.googleapis.com/candidate-thumbs/images/41-3-23.jpg"}, {"Unnamed: 0": 8439, "CandidateId": "5e997f76-67e8-421b-ad2c-b94f817e867e", "CandidateNo": 24, "FirstName": "สังเวียน", "LastName": "พิมโสดา", "PartyName": "มหาชน", "PartyNumber": 4, "Title": "นางสาว", "Votable": true, "province_id": 41, "province_name": "อุดรธานี", "zone_number": 3, "PartyTerminated": false, "Age": 42, "Occupation": "เกษตรกรรม", "HighestEducation": "ต่ำกว่าปริญญาตรี", "ImageFileId": "5c5aa28cfbcb5f19bcab5b75", "SelfIntroduceFileId": "5c5aa919fbcb5f19bcab787c", "PartyLogo": "https://storage.googleapis.com/candidate-thumbs/party/4.png", "CandididatePhoto": "https://storage.googleapis.com/candidate-thumbs/images/41-3-24.jpg"}, {"Unnamed: 0": 8440, "CandidateId": "0a999ec5-212c-4210-ae73-a097c2ffdee5", "CandidateNo": 25, "FirstName": "อฤเดช", "LastName": "แพงอะมะ", "PartyName": "ประชาชาติ", "PartyNumber": 187, "Title": "นาย", "Votable": true, "province_id": 41, "province_name": "อุดรธานี", "zone_number": 3, "PartyTerminated": false, "Age": 41, "Occupation": "นักการเมืองท้องถิ่น", "HighestEducation": "ปริญญาเอก", "ImageFileId": "5c5bb488fbcb5f16fc66218e", "SelfIntroduceFileId": "5c5bb590fbcb5f16fc66272e", "PartyLogo": "https://storage.googleapis.com/candidate-thumbs/party/187.png", "CandididatePhoto": "https://storage.googleapis.com/candidate-thumbs/images/41-3-25.jpg"}, {"Unnamed: 0": 8441, "CandidateId": "4f5e0d03-cc67-4c40-822e-61afd3a48a3a", "CandidateNo": 26, "FirstName": "สมศักดิ์", "LastName": "ดอนมายา", "PartyName": "ครูไทยเพื่อประชาชน", "PartyNumber": 118, "Title": "นาย", "Votable": true, "province_id": 41, "province_name": "อุดรธานี", "zone_number": 3, "PartyTerminated": false, "Age": 55, "Occupation": "ทำนา", "HighestEducation": "ต่ำกว่าปริญญาตรี", "ImageFileId": "5c5bc5d1fbcb5f16fc667c5d", "SelfIntroduceFileId": "5c5bc757fbcb5f16fc6683bc", "PartyLogo": "https://storage.googleapis.com/candidate-thumbs/party/118.png", "CandididatePhoto": "https://storage.googleapis.com/candidate-thumbs/images/41-3-26.jpg"}, {"Unnamed: 0": 8442, "CandidateId": "fb0431f1-2251-499f-8478-8fd17a5d8a09", "CandidateNo": 27, "FirstName": "กษิกร", "LastName": "พลหงษ์", "PartyName": "ไทยรักษาชาติ", "PartyNumber": 77, "Title": "นาย", "Votable": true, "province_id": 41, "province_name": "อุดรธานี", "zone_number": 3, "PartyTerminated": true, "Age": 60, "Occupation": "เกษตรกร", "HighestEducation": "ปริญญาโท", "ImageFileId": "5c5bf0d3fbcb5f16fc67cbc6", "SelfIntroduceFileId": "5c5bd329fbcb5f16fc66d40c", "PartyLogo": "https://storage.googleapis.com/candidate-thumbs/party/77.png", "CandididatePhoto": "https://storage.googleapis.com/candidate-thumbs/images/41-3-27.jpg"}, {"Unnamed: 0": 8443, "CandidateId": "0fbd9f6b-9e47-4a0b-9828-95d816691bab", "CandidateNo": 28, "FirstName": "สุบิน", "LastName": "ขันเขต", "PartyName": "ภูมิพลังเกษตรกรไทย", "PartyNumber": 197, "Title": "นาย", "Votable": true, "province_id": 41, "province_name": "อุดรธานี", "zone_number": 3, "PartyTerminated": false, "Age": 63, "Occupation": "กำนัน", "HighestEducation": "ต่ำกว่าปริญญาตรี", "ImageFileId": "5c5bc820fbcb5f16fc668783", "SelfIntroduceFileId": "5c5bc97efbcb5f16fc668f5e", "PartyLogo": "https://storage.googleapis.com/candidate-thumbs/party/197.png", "CandididatePhoto": "https://storage.googleapis.com/candidate-thumbs/images/41-3-28.jpg"}, {"Unnamed: 0": 8444, "CandidateId": "b9410248-f069-4e64-ba77-3f2a05deceae", "CandidateNo": 29, "FirstName": "ประเสริฐ", "LastName": "ศรีนานาม", "PartyName": "พลังไทยรักไทย", "PartyNumber": 185, "Title": "นาย", "Votable": true, "province_id": 41, "province_name": "อุดรธานี", "zone_number": 3, "PartyTerminated": false, "Age": 62, "Occupation": "เกษตรกร", "HighestEducation": "ต่ำกว่าปริญญาตรี", "ImageFileId": "5c5bf615fbcb5f16fc67f746", "SelfIntroduceFileId": "5c5bf6eafbcb5f16fc67fd25", "PartyLogo": "https://storage.googleapis.com/candidate-thumbs/party/185.png", "CandididatePhoto": "https://storage.googleapis.com/candidate-thumbs/images/41-3-29.jpg"}, {"Unnamed: 0": 8445, "CandidateId": "d76c93dd-3084-41c7-8bbc-cf129a2e809f", "CandidateNo": 30, "FirstName": "โอภาส", "LastName": "จัตตุวัฒน์", "PartyName": "ไทยศรีวิไลย์", "PartyNumber": 180, "Title": "พันจ่าอากาศเอก", "Votable": true, "province_id": 41, "province_name": "อุดรธานี", "zone_number": 3, "PartyTerminated": false, "Age": 72, "Occupation": "ข้าราชการบำนาญ", "HighestEducation": "ต่ำกว่าปริญญาตรี", "ImageFileId": "5c5bf8e3fbcb5f16fc680703", "SelfIntroduceFileId": "5c5bfcb2fbcb5f16fc6814e6", "PartyLogo": "https://storage.googleapis.com/candidate-thumbs/party/180.png", "CandididatePhoto": "https://storage.googleapis.com/candidate-thumbs/images/41-3-30.jpg"}, {"Unnamed: 0": 8446, "CandidateId": "253576aa-73fb-4dab-960f-00dc379a57a2", "CandidateNo": 31, "FirstName": "เพลินจิตร", "LastName": "จิตรไธสง", "PartyName": "พลังชาติไทย", "PartyNumber": 186, "Title": "นาง", "Votable": true, "province_id": 41, "province_name": "อุดรธานี", "zone_number": 3, "PartyTerminated": false, "Age": 58, "Occupation": "แม่บ้าน", "HighestEducation": "ต่ำกว่าปริญญาตรี", "ImageFileId": "5c5bfd00fbcb5f16fc6815d6", "SelfIntroduceFileId": "5c5bfe11fbcb5f16fc681aba", "PartyLogo": "https://storage.googleapis.com/candidate-thumbs/party/186.png", "CandididatePhoto": "https://storage.googleapis.com/candidate-thumbs/images/41-3-31.jpg"}, {"Unnamed: 0": 8447, "CandidateId": "703be41c-aabf-4f99-8c8c-d700060590b5", "CandidateNo": 32, "FirstName": "วชิรวิทย์", "LastName": "แขสิงห์", "PartyName": "พลังสังคม", "PartyNumber": 198, "Title": "นาย", "Votable": true, "province_id": 41, "province_name": "อุดรธานี", "zone_number": 3, "PartyTerminated": false, "Age": 57, "Occupation": "นักการเมืองท้องถิ่น", "HighestEducation": "ปริญญาตรี", "ImageFileId": "5c5cee28fbcb5f16fc68e155", "SelfIntroduceFileId": "5c5ceef5fbcb5f16fc68e5b0", "PartyLogo": "https://storage.googleapis.com/candidate-thumbs/party/198.png", "CandididatePhoto": "https://storage.googleapis.com/candidate-thumbs/images/41-3-32.jpg"}, {"Unnamed: 0": 8448, "CandidateId": "9db919a7-47ea-40b9-bd8f-c4ce40991073", "CandidateNo": 33, "FirstName": "อาคม", "LastName": "แฝงฤทธ์", "PartyName": "ทางเลือกใหม่", "PartyNumber": 170, "Title": "นาย", "Votable": true, "province_id": 41, "province_name": "อุดรธานี", "zone_number": 3, "PartyTerminated": false, "Age": 41, "Occupation": "ค้าขาย", "HighestEducation": "ต่ำกว่าปริญญาตรี", "ImageFileId": "5c5d164bfbcb5f0fd88506cd", "SelfIntroduceFileId": "5c5d18b0fbcb5f0fd8851021", "PartyLogo": "https://storage.googleapis.com/candidate-thumbs/party/170.png", "CandididatePhoto": "https://storage.googleapis.com/candidate-thumbs/images/41-3-33.jpg"}, {"Unnamed: 0": 8449, "CandidateId": "7573b32b-b27d-48e6-93ef-1d53eb931479", "CandidateNo": 34, "FirstName": "มนูญ", "LastName": "โฆสิต", "PartyName": "ประชากรไทย", "PartyNumber": 2, "Title": "นาย", "Votable": true, "province_id": 41, "province_name": "อุดรธานี", "zone_number": 3, "PartyTerminated": false, "Age": 49, "Occupation": "รับเหมาก่อสร้าง", "HighestEducation": "ต่ำกว่าปริญญาตรี", "ImageFileId": "5c5d6204fbcb5f0fd887bd6e", "SelfIntroduceFileId": "5c5d6336fbcb5f0fd887c678", "PartyLogo": "https://storage.googleapis.com/candidate-thumbs/party/2.png", "CandididatePhoto": "https://storage.googleapis.com/candidate-thumbs/images/41-3-34.jpg"}, {"Unnamed: 0": 8450, "CandidateId": "6a028a58-a9fc-40fa-834d-d9fe3a58039f", "CandidateNo": 35, "FirstName": "ณเรศ", "LastName": "อินทรโสภา", "PartyName": "ภาคีเครือข่ายไทย", "PartyNumber": 211, "Title": "นาย", "Votable": true, "province_id": 41, "province_name": "อุดรธานี", "zone_number": 3, "PartyTerminated": false, "Age": 35, "Occupation": "อิสระ", "HighestEducation": "ต่ำกว่าปริญญาตรี", "ImageFileId": "5c5d6582fbcb5f0fd887d4f3", "SelfIntroduceFileId": "5c5d6b04fbcb5f0fd887f12d", "PartyLogo": "https://storage.googleapis.com/candidate-thumbs/party/211.png", "CandididatePhoto": "https://storage.googleapis.com/candidate-thumbs/images/41-3-35.jpg"}, {"Unnamed: 0": 8451, "CandidateId": "55926fe6-9e08-4123-a413-1726b6b30ab4", "CandidateNo": 36, "FirstName": "ปรีชา", "LastName": "จันทะแสน", "PartyName": "แทนคุณแผ่นดิน", "PartyNumber": 53, "Title": "นาย", "Votable": true, "province_id": 41, "province_name": "อุดรธานี", "zone_number": 3, "PartyTerminated": false, "Age": 57, "Occupation": "ผู้อวยการสถานีวิทยุแหลมทองเรดีโอ", "HighestEducation": "ต่ำกว่าปริญญาตรี", "ImageFileId": "5c5d6b5bfbcb5f0fd887f3b0", "SelfIntroduceFileId": "5c5d70c2fbcb5f0fd8880b33", "PartyLogo": "https://storage.googleapis.com/candidate-thumbs/party/53.png", "CandididatePhoto": "https://storage.googleapis.com/candidate-thumbs/images/41-3-36.jpg"}, {"Unnamed: 0": 8452, "CandidateId": "e90d4e77-45fa-4ce2-b83d-3eedf8c58fbf", "CandidateNo": 37, "FirstName": "สวัสดิ์", "LastName": "สมวัชรจิต", "PartyName": "พลังครูไทย", "PartyNumber": 210, "Title": "นาย", "Votable": true, "province_id": 41, "province_name": "อุดรธานี", "zone_number": 3, "PartyTerminated": false, "Age": 67, "Occupation": "รับราชการครู", "HighestEducation": "ปริญญาโท", "ImageFileId": "5c5d7104fbcb5f0fd8880c0f", "SelfIntroduceFileId": "5c5d7296fbcb5f0fd8880fb0", "PartyLogo": "https://storage.googleapis.com/candidate-thumbs/party/210.png", "CandididatePhoto": "https://storage.googleapis.com/candidate-thumbs/images/41-3-37.jpg"}, {"Unnamed: 0": 8453, "CandidateId": "f5f0e0c9-1b06-4d89-abc4-05a23ca94a29", "CandidateNo": 38, "FirstName": "สุเมธา", "LastName": "พรหมเครือ", "PartyName": "พลังศรัทธา", "PartyNumber": 201, "Title": "นาย", "Votable": true, "province_id": 41, "province_name": "อุดรธานี", "zone_number": 3, "PartyTerminated": false, "Age": 60, "Occupation": "ข้าราชการครู", "HighestEducation": "ปริญญาโท", "ImageFileId": "5c5d7306fbcb5f0fd88810a6", "SelfIntroduceFileId": "5c5d7531fbcb5f0fd8881554", "PartyLogo": "https://storage.googleapis.com/candidate-thumbs/party/201.png", "CandididatePhoto": "https://storage.googleapis.com/candidate-thumbs/images/41-3-38.jpg"}, {"Unnamed: 0": 8454, "CandidateId": "4d8c6ddc-9894-4ab5-8ca9-37c899ae5080", "CandidateNo": 39, "FirstName": "เฉลียว", "LastName": "บัวอินทร์", "PartyName": "พลังประชาธิปไตย", "PartyNumber": 153, "Title": "นาย", "Votable": true, "province_id": 41, "province_name": "อุดรธานี", "zone_number": 3, "PartyTerminated": false, "Age": 48, "Occupation": "ค้าขาย", "HighestEducation": "ต่ำกว่าปริญญาตรี", "ImageFileId": "5c5d75adfbcb5f0fd88816b6", "SelfIntroduceFileId": "5c5d781efbcb5f0fd8881cef", "PartyLogo": "https://storage.googleapis.com/candidate-thumbs/party/153.png", "CandididatePhoto": "https://storage.googleapis.com/candidate-thumbs/images/41-3-39.jpg"}, {"Unnamed: 0": 8455, "CandidateId": "6260a3d7-a4a0-4cd2-9fa0-f752398a9bbb", "CandidateNo": 40, "FirstName": "ไพรินทร์", "LastName": "ชูรัตน์", "PartyName": "ไทรักธรรม", "PartyNumber": 144, "Title": "นาย", "Votable": true, "province_id": 41, "province_name": "อุดรธานี", "zone_number": 3, "PartyTerminated": false, "Age": 40, "Occupation": "รับจ้างทั่วไป", "HighestEducation": "ต่ำกว่าปริญญาตรี", "ImageFileId": "5c5d7886fbcb5f0fd8881d8a", "SelfIntroduceFileId": "5c5d7a65fbcb5f0fd8882025", "PartyLogo": "https://storage.googleapis.com/candidate-thumbs/party/144.png", "CandididatePhoto": "https://storage.googleapis.com/candidate-thumbs/images/41-3-40.jpg"}]