[{"Unnamed: 0": 804, "CandidateId": "e618759f-57fc-409e-a527-cf9dadd37193", "CandidateNo": 1, "FirstName": "ภิศิษฐ์", "LastName": "วงศ์ทอง", "PartyName": "อนาคตใหม่", "PartyNumber": 177, "Title": "นาย", "Votable": true, "province_id": 53, "province_name": "อุตรดิตถ์", "zone_number": 2, "PartyTerminated": false, "Age": 47, "Occupation": "รองนายก อบต.น้ำพี้", "HighestEducation": "ปริญญาตรี", "ImageFileId": "5c58eff8fbcb5f1d88131e05", "SelfIntroduceFileId": "5c59030dfbcb5f1d8813ead2", "PartyLogo": "https://storage.googleapis.com/candidate-thumbs/party/177.png", "CandididatePhoto": "https://storage.googleapis.com/candidate-thumbs/images/53-2-1.jpg"}, {"Unnamed: 0": 805, "CandidateId": "8b75a2f0-b6d7-48cd-8dbc-8d7e2694a3b0", "CandidateNo": 2, "FirstName": "ณัฏฐพล", "LastName": "แก้วผัด", "PartyName": "พลังธรรมใหม่", "PartyNumber": 175, "Title": "นาย", "Votable": true, "province_id": 53, "province_name": "อุตรดิตถ์", "zone_number": 2, "PartyTerminated": false, "Age": 52, "Occupation": "ธุรกิจส่วนตัว", "HighestEducation": "ปริญญาโท", "ImageFileId": "5c5bbfdffbcb5f16fc6664fb", "SelfIntroduceFileId": "5c590ad0fbcb5f1d88144cfd", "PartyLogo": "https://storage.googleapis.com/candidate-thumbs/party/175.png", "CandididatePhoto": "https://storage.googleapis.com/candidate-thumbs/images/53-2-2.jpg"}, {"Unnamed: 0": 806, "CandidateId": "687e70df-14e7-4e47-a1b4-df834c686cd2", "CandidateNo": 3, "FirstName": "ประสิทธิ์", "LastName": "คลังสีดา", "PartyName": "ประชาธิปัตย์", "PartyNumber": 1, "Title": "นาย", "Votable": true, "province_id": 53, "province_name": "อุตรดิตถ์", "zone_number": 2, "PartyTerminated": false, "Age": 53, "Occupation": "ค้าขาย", "HighestEducation": "ปริญญาตรี", "ImageFileId": "5c590b89fbcb5f1d88145848", "SelfIntroduceFileId": "5c592c3afbcb5f1d8815c771", "PartyLogo": "https://storage.googleapis.com/candidate-thumbs/party/1.png", "CandididatePhoto": "https://storage.googleapis.com/candidate-thumbs/images/53-2-3.jpg"}, {"Unnamed: 0": 807, "CandidateId": "43552e24-8739-4685-b4e0-1ce23a46621f", "CandidateNo": 4, "FirstName": "สมพร", "LastName": "ปานเพ็ง", "PartyName": "รวมพลังประชาชาติไทย", "PartyNumber": 181, "Title": "นาย", "Votable": true, "province_id": 53, "province_name": "อุตรดิตถ์", "zone_number": 2, "PartyTerminated": false, "Age": 55, "Occupation": "เกษตรกร", "HighestEducation": "ต่ำกว่าปริญญาตรี", "ImageFileId": "5c591182fbcb5f1d8814b043", "SelfIntroduceFileId": "5c59188efbcb5f1d8814fd12", "PartyLogo": "https://storage.googleapis.com/candidate-thumbs/party/181.png", "CandididatePhoto": "https://storage.googleapis.com/candidate-thumbs/images/53-2-4.jpg"}, {"Unnamed: 0": 808, "CandidateId": "034c94ef-2816-4914-b82e-8263fa61e0da", "CandidateNo": 5, "FirstName": "นเรศ", "LastName": "เชื้อโฮม", "PartyName": "ภูมิใจไทย", "PartyNumber": 63, "Title": "นาย", "Votable": true, "province_id": 53, "province_name": "อุตรดิตถ์", "zone_number": 2, "PartyTerminated": false, "Age": 44, "Occupation": "นักการเมือง", "HighestEducation": "ปริญญาตรี", "ImageFileId": "5c592de6fbcb5f1d8815e1e9", "SelfIntroduceFileId": "5c59357bfbcb5f1d8816496b", "PartyLogo": "https://storage.googleapis.com/candidate-thumbs/party/63.png", "CandididatePhoto": "https://storage.googleapis.com/candidate-thumbs/images/53-2-5.jpg"}, {"Unnamed: 0": 809, "CandidateId": "a4effc56-6188-450c-a199-34a21899e9f5", "CandidateNo": 6, "FirstName": "สิน", "LastName": "อินชูรันต์", "PartyName": "เพื่อชาติ", "PartyNumber": 149, "Title": "นาย", "Votable": true, "province_id": 53, "province_name": "อุตรดิตถ์", "zone_number": 2, "PartyTerminated": false, "Age": 65, "Occupation": "กรรมการสภาตำบลผาเลือด", "HighestEducation": "ต่ำกว่าปริญญาตรี", "ImageFileId": "5c5bc209fbcb5f16fc666bfe", "SelfIntroduceFileId": "5c595757fbcb5f1d8817fbd6", "PartyLogo": "https://storage.googleapis.com/candidate-thumbs/party/149.png", "CandididatePhoto": "https://storage.googleapis.com/candidate-thumbs/images/53-2-6.jpg"}, {"Unnamed: 0": 810, "CandidateId": "b1ebae0f-227d-4b83-9c0d-8c662ea91881", "CandidateNo": 7, "FirstName": "วิษนุ", "LastName": "เกิดศิลป์", "PartyName": "เสรีรวมไทย", "PartyNumber": 145, "Title": "นาย", "Votable": true, "province_id": 53, "province_name": "อุตรดิตถ์", "zone_number": 2, "PartyTerminated": false, "Age": 63, "Occupation": "รับราชการครู", "HighestEducation": "ปริญญาโท", "ImageFileId": "5c5bc27efbcb5f16fc666d6d", "SelfIntroduceFileId": "5c5a5eb0fbcb5f19bca9a63c", "PartyLogo": "https://storage.googleapis.com/candidate-thumbs/party/145.png", "CandididatePhoto": "https://storage.googleapis.com/candidate-thumbs/images/53-2-7.jpg"}, {"Unnamed: 0": 811, "CandidateId": "b89d8e92-6c85-4304-9071-5dc964962a50", "CandidateNo": 8, "FirstName": "ญาตินันท์", "LastName": "โคกมา", "PartyName": "รักษ์ผืนป่าประเทศไทย", "PartyNumber": 133, "Title": "นางสาว", "Votable": true, "province_id": 53, "province_name": "อุตรดิตถ์", "zone_number": 2, "PartyTerminated": false, "Age": 41, "Occupation": "ธุรกิจส่วนตัว", "HighestEducation": "ปริญญาตรี", "ImageFileId": "5c5bc346fbcb5f16fc667109", "SelfIntroduceFileId": "5c5a635dfbcb5f19bca9c7f1", "PartyLogo": "https://storage.googleapis.com/candidate-thumbs/party/133.png", "CandididatePhoto": "https://storage.googleapis.com/candidate-thumbs/images/53-2-8.jpg"}, {"Unnamed: 0": 812, "CandidateId": "755ea11a-0760-42f2-91ab-bf95d32c2cfb", "CandidateNo": 9, "FirstName": "วารุจ", "LastName": "ศิริวัฒน์", "PartyName": "พลังประชารัฐ", "PartyNumber": 192, "Title": "นาย", "Votable": true, "province_id": 53, "province_name": "อุตรดิตถ์", "zone_number": 2, "PartyTerminated": false, "Age": 56, "Occupation": "นักการเมือง", "HighestEducation": "ปริญญาโท", "ImageFileId": "5c5bc3d7fbcb5f16fc6672f1", "SelfIntroduceFileId": "5c5a6823fbcb5f19bca9ea09", "PartyLogo": "https://storage.googleapis.com/candidate-thumbs/party/192.png", "CandididatePhoto": "https://storage.googleapis.com/candidate-thumbs/images/53-2-9.jpg"}, {"Unnamed: 0": 813, "CandidateId": "9d10eb74-aafb-44a8-9ba5-b974052cd92e", "CandidateNo": 10, "FirstName": "ชลอ", "LastName": "เสนานารถ", "PartyName": "พลังปวงชนไทย", "PartyNumber": 184, "Title": "นาย", "Votable": true, "province_id": 53, "province_name": "อุตรดิตถ์", "zone_number": 2, "PartyTerminated": false, "Age": 68, "Occupation": "นักการเมืองท้องถิ่น", "HighestEducation": "ปริญญาตรี", "ImageFileId": "5c5bc469fbcb5f16fc667587", "SelfIntroduceFileId": "5c5a6c57fbcb5f19bca9fa1f", "PartyLogo": "https://storage.googleapis.com/candidate-thumbs/party/184.png", "CandididatePhoto": "https://storage.googleapis.com/candidate-thumbs/images/53-2-10.jpg"}, {"Unnamed: 0": 814, "CandidateId": "ad8c5428-d159-4be2-b3db-df6323de91c2", "CandidateNo": 11, "FirstName": "ศรัณย์วุฒิ", "LastName": "ศรัณย์เกตุ", "PartyName": "เพื่อไทย", "PartyNumber": 34, "Title": "นาย", "Votable": true, "province_id": 53, "province_name": "อุตรดิตถ์", "zone_number": 2, "PartyTerminated": false, "Age": 61, "Occupation": "เจ้าของกิจการ", "HighestEducation": "ปริญญาโท", "ImageFileId": "5c5bc5b4fbcb5f16fc667c33", "SelfIntroduceFileId": "5c5a9af6fbcb5f19bcab2767", "PartyLogo": "https://storage.googleapis.com/candidate-thumbs/party/34.png", "CandididatePhoto": "https://storage.googleapis.com/candidate-thumbs/images/53-2-11.jpg"}, {"Unnamed: 0": 815, "CandidateId": "b00a717f-0282-4411-ae22-8ca6eec817f8", "CandidateNo": 12, "FirstName": "บุญยัง", "LastName": "ภู่ดัด", "PartyName": "ประชานิยม", "PartyNumber": 191, "Title": "นาย", "Votable": true, "province_id": 53, "province_name": "อุตรดิตถ์", "zone_number": 2, "PartyTerminated": false, "Age": 68, "Occupation": "ข้าราชการบำนาญ", "HighestEducation": "ปริญญาตรี", "ImageFileId": "5c5bc62cfbcb5f16fc667e05", "SelfIntroduceFileId": "5c5a924cfbcb5f19bcaaef89", "PartyLogo": "https://storage.googleapis.com/candidate-thumbs/party/191.png", "CandididatePhoto": "https://storage.googleapis.com/candidate-thumbs/images/53-2-12.jpg"}, {"Unnamed: 0": 816, "CandidateId": "7e93b9d7-03f2-4457-b998-c3950ab5c55c", "CandidateNo": 13, "FirstName": "ชาตรี", "LastName": "แม้นสวัสดิ์", "PartyName": "ภราดรภาพ", "PartyNumber": 154, "Title": "นาย", "Votable": true, "province_id": 53, "province_name": "อุตรดิตถ์", "zone_number": 2, "PartyTerminated": false, "Age": 51, "Occupation": "ประกอบธุรกิจส่วนตัว", "HighestEducation": "ปริญญาตรี", "ImageFileId": "5c5bc677fbcb5f16fc667fba", "SelfIntroduceFileId": "5c5a9838fbcb5f19bcab12e5", "PartyLogo": "https://storage.googleapis.com/candidate-thumbs/party/154.png", "CandididatePhoto": "https://storage.googleapis.com/candidate-thumbs/images/53-2-13.jpg"}, {"Unnamed: 0": 817, "CandidateId": "c2bf33bb-23cd-4584-95ea-14c166315e85", "CandidateNo": 14, "FirstName": "สุพัฒน์", "LastName": "ภูสี", "PartyName": "ประชาชนปฏิรูป", "PartyNumber": 176, "Title": "นาย", "Votable": true, "province_id": 53, "province_name": "อุตรดิตถ์", "zone_number": 2, "PartyTerminated": false, "Age": 62, "Occupation": "ข้าราชการบำนาญ", "HighestEducation": "ปริญญาเอก", "ImageFileId": "5c5bc6d6fbcb5f16fc6681ab", "SelfIntroduceFileId": "5c5a86b9fbcb5f19bcaa9970", "PartyLogo": "https://storage.googleapis.com/candidate-thumbs/party/176.png", "CandididatePhoto": "https://storage.googleapis.com/candidate-thumbs/images/53-2-14.jpg"}, {"Unnamed: 0": 818, "CandidateId": "51c5371b-51a8-4267-b8cd-b3262342ec10", "CandidateNo": 15, "FirstName": "พีระชัย", "LastName": "เทพศิริ", "PartyName": "ประชาภิวัฒน์", "PartyNumber": 172, "Title": "นาย", "Votable": true, "province_id": 53, "province_name": "อุตรดิตถ์", "zone_number": 2, "PartyTerminated": false, "Age": 58, "Occupation": "รับเหมาก่อสร้าง", "HighestEducation": "ต่ำกว่าปริญญาตรี", "ImageFileId": "5c5a7987fbcb5f19bcaa3506", "SelfIntroduceFileId": "5c5a7e58fbcb5f19bcaa5570", "PartyLogo": "https://storage.googleapis.com/candidate-thumbs/party/172.png", "CandididatePhoto": "https://storage.googleapis.com/candidate-thumbs/images/53-2-15.jpg"}, {"Unnamed: 0": 819, "CandidateId": "a59e9cf1-dc45-4fc3-aa43-02840facd747", "CandidateNo": 16, "FirstName": "พนิดา", "LastName": "นาทัน", "PartyName": "เพื่อแผ่นดิน", "PartyNumber": 41, "Title": "นาง", "Votable": true, "province_id": 53, "province_name": "อุตรดิตถ์", "zone_number": 2, "PartyTerminated": false, "Age": 57, "Occupation": "บริษัทไทยประกันชีวิต", "HighestEducation": "ปริญญาตรี", "ImageFileId": "5c5a5c9efbcb5f19bca98e99", "SelfIntroduceFileId": "5c5a6511fbcb5f19bca9d5d7", "PartyLogo": "https://storage.googleapis.com/candidate-thumbs/party/41.png", "CandididatePhoto": "https://storage.googleapis.com/candidate-thumbs/images/53-2-16.jpg"}, {"Unnamed: 0": 820, "CandidateId": "199c6efe-c102-4f18-9f40-859f0c4bb202", "CandidateNo": 17, "FirstName": "วิรุทธิ์", "LastName": "เก่งกล้า", "PartyName": "พลังชาติไทย", "PartyNumber": 186, "Title": "นาย", "Votable": true, "province_id": 53, "province_name": "อุตรดิตถ์", "zone_number": 2, "PartyTerminated": false, "Age": 63, "Occupation": "พนักงานองค์การรัฐ", "HighestEducation": "ปริญญาตรี", "ImageFileId": "5c5a74c4fbcb5f19bcaa18e4", "SelfIntroduceFileId": "5c5a7942fbcb5f19bcaa3373", "PartyLogo": "https://storage.googleapis.com/candidate-thumbs/party/186.png", "CandididatePhoto": "https://storage.googleapis.com/candidate-thumbs/images/53-2-17.jpg"}, {"Unnamed: 0": 821, "CandidateId": "ce834a75-da7f-49ca-8f0d-69e39adb1303", "CandidateNo": 18, "FirstName": "ฐิติพงศ์", "LastName": "รัตนะเสถียร", "PartyName": "กสิกรไทย", "PartyNumber": 6, "Title": "นาย", "Votable": true, "province_id": 53, "province_name": "อุตรดิตถ์", "zone_number": 2, "PartyTerminated": false, "Age": 37, "Occupation": "มัคคุเทศน์", "HighestEducation": "ต่ำกว่าปริญญาตรี", "ImageFileId": "5c5a9fcdfbcb5f19bcab47f2", "SelfIntroduceFileId": "5c5aa344fbcb5f19bcab60e6", "PartyLogo": "https://storage.googleapis.com/candidate-thumbs/party/6.png", "CandididatePhoto": "https://storage.googleapis.com/candidate-thumbs/images/53-2-18.jpg"}, {"Unnamed: 0": 822, "CandidateId": "06ccb39b-b915-46ac-aa6c-b2be253be975", "CandidateNo": 19, "FirstName": "อัจฉราพรรณ", "LastName": "รัตนสากล", "PartyName": "ครูไทยเพื่อประชาชน", "PartyNumber": 118, "Title": "นาง", "Votable": true, "province_id": 53, "province_name": "อุตรดิตถ์", "zone_number": 2, "PartyTerminated": false, "Age": 56, "Occupation": "ข้าราชการบำนาญ", "HighestEducation": "ปริญญาโท", "ImageFileId": "5c5ba7ccfbcb5f16fc65b8a9", "SelfIntroduceFileId": "5c5ba966fbcb5f16fc65c2c2", "PartyLogo": "https://storage.googleapis.com/candidate-thumbs/party/118.png", "CandididatePhoto": "https://storage.googleapis.com/candidate-thumbs/images/53-2-19.jpg"}, {"Unnamed: 0": 823, "CandidateId": "5a86529d-f349-48cd-ab70-861608fff8cd", "CandidateNo": 20, "FirstName": "ธีระพันธุ์", "LastName": "จิตรบุญ", "PartyName": "พลังไทยรักไทย", "PartyNumber": 185, "Title": "นาย", "Votable": true, "province_id": 53, "province_name": "อุตรดิตถ์", "zone_number": 2, "PartyTerminated": false, "Age": 54, "Occupation": "ค้าขาย", "HighestEducation": "ต่ำกว่าปริญญาตรี", "ImageFileId": "5c5bf68bfbcb5f16fc67faa7", "SelfIntroduceFileId": "5c5bf8bafbcb5f16fc680658", "PartyLogo": "https://storage.googleapis.com/candidate-thumbs/party/185.png", "CandididatePhoto": "https://storage.googleapis.com/candidate-thumbs/images/53-2-20.jpg"}, {"Unnamed: 0": 824, "CandidateId": "bad8ea54-6c05-4ffd-835c-0a6cd3010316", "CandidateNo": 21, "FirstName": "เฉลิมชัย", "LastName": "ไหลสกุล", "PartyName": "เศรษฐกิจใหม่", "PartyNumber": 193, "Title": "นาย", "Votable": true, "province_id": 53, "province_name": "อุตรดิตถ์", "zone_number": 2, "PartyTerminated": false, "Age": 53, "Occupation": "ทนายความ", "HighestEducation": "ปริญญาโท", "ImageFileId": "5c5ce2cdfbcb5f16fc68a43b", "SelfIntroduceFileId": "5c5ce629fbcb5f16fc68b4a2", "PartyLogo": "https://storage.googleapis.com/candidate-thumbs/party/193.png", "CandididatePhoto": "https://storage.googleapis.com/candidate-thumbs/images/53-2-21.jpg"}, {"Unnamed: 0": 825, "CandidateId": "30e2030b-d314-4bc4-b5f1-21d76c4fbc01", "CandidateNo": 22, "FirstName": "ภาสกร", "LastName": "มณฑากุล", "PartyName": "พลังท้องถิ่นไท", "PartyNumber": 124, "Title": "นาย", "Votable": true, "province_id": 53, "province_name": "อุตรดิตถ์", "zone_number": 2, "PartyTerminated": false, "Age": 35, "Occupation": "นักธุรกิจ", "HighestEducation": "ปริญญาตรี", "ImageFileId": "5c5bf93afbcb5f16fc6807c4", "SelfIntroduceFileId": "5c5ce25bfbcb5f16fc68a176", "PartyLogo": "https://storage.googleapis.com/candidate-thumbs/party/124.png", "CandididatePhoto": "https://storage.googleapis.com/candidate-thumbs/images/53-2-22.jpg"}, {"Unnamed: 0": 826, "CandidateId": "66e9eb80-ddfb-423e-be07-0782ccd68acd", "CandidateNo": 23, "FirstName": "กาญจนา", "LastName": "ฤทธิ์เวทย์", "PartyName": "ไทยศรีวิไลย์", "PartyNumber": 180, "Title": "นางสาว", "Votable": true, "province_id": 53, "province_name": "อุตรดิตถ์", "zone_number": 2, "PartyTerminated": false, "Age": 33, "Occupation": "ค้าขาย", "HighestEducation": "ต่ำกว่าปริญญาตรี", "ImageFileId": "5c5cf463fbcb5f16fc690a6d", "SelfIntroduceFileId": "5c5cf6b2fbcb5f0fd8843946", "PartyLogo": "https://storage.googleapis.com/candidate-thumbs/party/180.png", "CandididatePhoto": "https://storage.googleapis.com/candidate-thumbs/images/53-2-23.jpg"}, {"Unnamed: 0": 827, "CandidateId": "2402c477-8ebf-4eb1-973a-b501bb771245", "CandidateNo": 24, "FirstName": "บุญช่วย", "LastName": "จิวิสาย", "PartyName": "ประชาธรรมไทย", "PartyNumber": 190, "Title": "นาย", "Votable": true, "province_id": 53, "province_name": "อุตรดิตถ์", "zone_number": 2, "PartyTerminated": false, "Age": 62, "Occupation": "ศิลปินนักร้อง (รักชาติ ศิริชัย)", "HighestEducation": "ต่ำกว่าปริญญาตรี", "ImageFileId": "5c5d227ffbcb5f0fd88555c1", "SelfIntroduceFileId": "5c5d2512fbcb5f0fd885669d", "PartyLogo": "https://storage.googleapis.com/candidate-thumbs/party/190.png", "CandididatePhoto": "https://storage.googleapis.com/candidate-thumbs/images/53-2-24.jpg"}, {"Unnamed: 0": 828, "CandidateId": "1a07beb4-4c01-4576-b4f9-c78308b3b62b", "CandidateNo": 25, "FirstName": "กระแส", "LastName": "ยั่งยืน", "PartyName": "ผึ้งหลวง", "PartyNumber": 164, "Title": "นาย", "Votable": true, "province_id": 53, "province_name": "อุตรดิตถ์", "zone_number": 2, "PartyTerminated": false, "Age": 54, "Occupation": "ลูกจ้างประจำมณฑลทหารบกที่ 35 จังหวัดอุตรดิตถ์", "HighestEducation": "ต่ำกว่าปริญญาตรี", "ImageFileId": "5c5d3dccfbcb5f0fd8863702", "SelfIntroduceFileId": "5c5d4099fbcb5f0fd8865707", "PartyLogo": "https://storage.googleapis.com/candidate-thumbs/party/164.png", "CandididatePhoto": "https://storage.googleapis.com/candidate-thumbs/images/53-2-25.jpg"}, {"Unnamed: 0": 829, "CandidateId": "62f6e905-fec4-43f5-a1ca-ab6eda595692", "CandidateNo": 26, "FirstName": "พิมพ์นารา", "LastName": "ศิวประทินพงศ์", "PartyName": "แทนคุณแผ่นดิน", "PartyNumber": 53, "Title": "นาง", "Votable": true, "province_id": 53, "province_name": "อุตรดิตถ์", "zone_number": 2, "PartyTerminated": false, "Age": 43, "Occupation": "ธุรกิจส่วนตัว", "HighestEducation": "ต่ำกว่าปริญญาตรี", "ImageFileId": "5c5d5f16fbcb5f0fd887a4ac", "SelfIntroduceFileId": "5c5d630afbcb5f0fd887c570", "PartyLogo": "https://storage.googleapis.com/candidate-thumbs/party/53.png", "CandididatePhoto": "https://storage.googleapis.com/candidate-thumbs/images/53-2-26.jpg"}, {"Unnamed: 0": 830, "CandidateId": "887fb4b9-03c7-4105-9581-07de8807b201", "CandidateNo": 27, "FirstName": "แพรวพรรณ", "LastName": "กอนแห้ว", "PartyName": "ไทรักธรรม", "PartyNumber": 144, "Title": "นาง", "Votable": true, "province_id": 53, "province_name": "อุตรดิตถ์", "zone_number": 2, "PartyTerminated": false, "Age": 52, "Occupation": "เกษตรกรรม", "HighestEducation": "ต่ำกว่าปริญญาตรี", "ImageFileId": "5c5d639bfbcb5f0fd887c95b", "SelfIntroduceFileId": "5c5d6c1bfbcb5f0fd887f78e", "PartyLogo": "https://storage.googleapis.com/candidate-thumbs/party/144.png", "CandididatePhoto": "https://storage.googleapis.com/candidate-thumbs/images/53-2-27.jpg"}]