[{"Unnamed: 0": 8376, "CandidateId": "2f2c7ea3-d6e5-4591-b590-1aaf0e789133", "CandidateNo": 1, "FirstName": "ไพโรจน์", "LastName": "สองเมือง", "PartyName": "ประชาชนปฏิรูป", "PartyNumber": 176, "Title": "นาย", "Votable": true, "province_id": 41, "province_name": "อุดรธานี", "zone_number": 2, "PartyTerminated": false, "Age": 63, "Occupation": "ข้าราชการบำนาญ", "HighestEducation": "ปริญญาโท", "ImageFileId": "5c5824ebfbcb5f1eec10aec5", "SelfIntroduceFileId": "5c5a8136fbcb5f19bcaa6d01", "PartyLogo": "https://storage.googleapis.com/candidate-thumbs/party/176.png", "CandididatePhoto": "https://storage.googleapis.com/candidate-thumbs/images/41-2-1.jpg"}, {"Unnamed: 0": 8377, "CandidateId": "9a6e8075-8e46-4c9d-b0de-8e2c16839d8a", "CandidateNo": 2, "FirstName": "วิชัย", "LastName": "ชัยจิตวณิชกุล", "PartyName": "พลังประชารัฐ", "PartyNumber": 192, "Title": "นาย", "Votable": true, "province_id": 41, "province_name": "อุดรธานี", "zone_number": 2, "PartyTerminated": false, "Age": 63, "Occupation": "ผู้อำนวยการโรงพยาบาลเพ็ญ", "HighestEducation": "ปริญญาตรี", "ImageFileId": "5c5828adfbcb5f1eec10b955", "SelfIntroduceFileId": "5c59062dfbcb5f1d88140dbf", "PartyLogo": "https://storage.googleapis.com/candidate-thumbs/party/192.png", "CandididatePhoto": "https://storage.googleapis.com/candidate-thumbs/images/41-2-2.jpg"}, {"Unnamed: 0": 8378, "CandidateId": "852f130d-ee7c-4de5-bc34-0698d8cf7c00", "CandidateNo": 3, "FirstName": "วราเทพ", "LastName": "จันทพันธ์", "PartyName": "ประชาธิปัตย์", "PartyNumber": 1, "Title": "นาย", "Votable": true, "province_id": 41, "province_name": "อุดรธานี", "zone_number": 2, "PartyTerminated": false, "Age": 41, "Occupation": "อาจารย์มหาวิทยาลัยราชภัฎสวนสุนันทา", "HighestEducation": "ปริญญาโท", "ImageFileId": "5c582991fbcb5f1eec10bc7b", "SelfIntroduceFileId": "5c5901aafbcb5f1d8813d762", "PartyLogo": "https://storage.googleapis.com/candidate-thumbs/party/1.png", "CandididatePhoto": "https://storage.googleapis.com/candidate-thumbs/images/41-2-3.jpg"}, {"Unnamed: 0": 8379, "CandidateId": "aa8199c2-c0b8-4799-80c2-83388530c877", "CandidateNo": 4, "FirstName": "นฤมล", "LastName": "โคตรสาขา", "PartyName": "เพื่อชาติ", "PartyNumber": 149, "Title": "นาง", "Votable": true, "province_id": 41, "province_name": "อุดรธานี", "zone_number": 2, "PartyTerminated": false, "Age": 51, "Occupation": "สมาชิกสภาองค์การบริหารส่วนจังหวัดอุดรธานี", "HighestEducation": "ปริญญาตรี", "ImageFileId": "5c582c14fbcb5f1eec10c2a5", "SelfIntroduceFileId": "5c5935ebfbcb5f1d88164db8", "PartyLogo": "https://storage.googleapis.com/candidate-thumbs/party/149.png", "CandididatePhoto": "https://storage.googleapis.com/candidate-thumbs/images/41-2-4.jpg"}, {"Unnamed: 0": 8380, "CandidateId": "baf7031b-fe5c-4bd7-982b-b4a60b2aa279", "CandidateNo": 5, "FirstName": "หรั่ง", "LastName": "ธุระพล", "PartyName": "ภูมิใจไทย", "PartyNumber": 63, "Title": "นาย", "Votable": true, "province_id": 41, "province_name": "อุดรธานี", "zone_number": 2, "PartyTerminated": false, "Age": 61, "Occupation": "นายกองค์การบริหารส่วนตำบล", "HighestEducation": "ปริญญาโท", "ImageFileId": "5c582cf1fbcb5f1eec10c474", "SelfIntroduceFileId": "5c592a8ffbcb5f1d8815a957", "PartyLogo": "https://storage.googleapis.com/candidate-thumbs/party/63.png", "CandididatePhoto": "https://storage.googleapis.com/candidate-thumbs/images/41-2-5.jpg"}, {"Unnamed: 0": 8381, "CandidateId": "a8cef060-ea19-4bce-90e3-0bd43733cb1d", "CandidateNo": 6, "FirstName": "พิมพา", "LastName": "เทพศรีเมือง", "PartyName": "รักษ์ผืนป่าประเทศไทย", "PartyNumber": 133, "Title": "นาย", "Votable": true, "province_id": 41, "province_name": "อุดรธานี", "zone_number": 2, "PartyTerminated": false, "Age": 78, "Occupation": "ข้าราชการครูบำนาญ", "HighestEducation": "ปริญญาตรี", "ImageFileId": "5c582d83fbcb5f1eec10c543", "SelfIntroduceFileId": "5c59540efbcb5f1d8817dcf9", "PartyLogo": "https://storage.googleapis.com/candidate-thumbs/party/133.png", "CandididatePhoto": "https://storage.googleapis.com/candidate-thumbs/images/41-2-6.jpg"}, {"Unnamed: 0": 8382, "CandidateId": "044a1920-a843-4970-90b4-6154262c0182", "CandidateNo": 7, "FirstName": "ทนง", "LastName": "บุษราคัม", "PartyName": "เศรษฐกิจใหม่", "PartyNumber": 193, "Title": "นาย", "Votable": true, "province_id": 41, "province_name": "อุดรธานี", "zone_number": 2, "PartyTerminated": false, "Age": 46, "Occupation": "ธุรกิจส่วนตัว", "HighestEducation": "ปริญญาตรี", "ImageFileId": "5c582f1dfbcb5f1eec10c823", "SelfIntroduceFileId": "5c591144fbcb5f1d8814aa0e", "PartyLogo": "https://storage.googleapis.com/candidate-thumbs/party/193.png", "CandididatePhoto": "https://storage.googleapis.com/candidate-thumbs/images/41-2-7.jpg"}, {"Unnamed: 0": 8383, "CandidateId": "f0e5981c-3ab8-4394-aed1-39b0747a8946", "CandidateNo": 8, "FirstName": "พิทักษ์", "LastName": "ทะไกรราช", "PartyName": "ชาติพัฒนา", "PartyNumber": 45, "Title": "นาย", "Votable": true, "province_id": 41, "province_name": "อุดรธานี", "zone_number": 2, "PartyTerminated": false, "Age": 58, "Occupation": "ทนายความ", "HighestEducation": "ปริญญาตรี", "ImageFileId": "5c582facfbcb5f1eec10c926", "SelfIntroduceFileId": "5c590a62fbcb5f1d881446a8", "PartyLogo": "https://storage.googleapis.com/candidate-thumbs/party/45.png", "CandididatePhoto": "https://storage.googleapis.com/candidate-thumbs/images/41-2-8.jpg"}, {"Unnamed: 0": 8384, "CandidateId": "cc0e5dca-4969-45a1-a470-c2c3ed493716", "CandidateNo": 9, "FirstName": "ป้อมเพชร", "LastName": "ภัทรวิภาดา", "PartyName": "รวมพลังประชาชาติไทย", "PartyNumber": 181, "Title": "นาย", "Votable": true, "province_id": 41, "province_name": "อุดรธานี", "zone_number": 2, "PartyTerminated": false, "Age": 56, "Occupation": "เจ้าของกิจการ", "HighestEducation": "ปริญญาตรี", "ImageFileId": "5c5830e0fbcb5f1eec10cc40", "SelfIntroduceFileId": "5c58f17bfbcb5f1d88132ccc", "PartyLogo": "https://storage.googleapis.com/candidate-thumbs/party/181.png", "CandididatePhoto": "https://storage.googleapis.com/candidate-thumbs/images/41-2-9.jpg"}, {"Unnamed: 0": 8385, "CandidateId": "6d0beaa3-b0a0-4fd5-aa57-08f22035460e", "CandidateNo": 10, "FirstName": "อนันต์", "LastName": "ศรีพันธุ์", "PartyName": "เพื่อไทย", "PartyNumber": 34, "Title": "นาย", "Votable": true, "province_id": 41, "province_name": "อุดรธานี", "zone_number": 2, "PartyTerminated": false, "Age": 72, "Occupation": "รับราชการ", "HighestEducation": "ปริญญาโท", "ImageFileId": "5c5805cdfbcb5f1eec0fb0eb", "SelfIntroduceFileId": "5c595957fbcb5f1d88180786", "PartyLogo": "https://storage.googleapis.com/candidate-thumbs/party/34.png", "CandididatePhoto": "https://storage.googleapis.com/candidate-thumbs/images/41-2-10.jpg"}, {"Unnamed: 0": 8386, "CandidateId": "0f0a2914-c325-4f84-b8ab-db255fb8cd9b", "CandidateNo": 11, "FirstName": "มาลินี", "LastName": "คำจุมพล", "PartyName": "เพื่อไทยพัฒนา", "PartyNumber": 213, "Title": "นางสาว", "Votable": true, "province_id": 41, "province_name": "อุดรธานี", "zone_number": 2, "PartyTerminated": false, "Age": 49, "Occupation": "รับจ้าง", "HighestEducation": "ต่ำกว่าปริญญาตรี", "ImageFileId": "5c582320fbcb5f1eec10a6e4", "SelfIntroduceFileId": "5c58f649fbcb5f1d88135b8c", "PartyLogo": "https://storage.googleapis.com/candidate-thumbs/party/213.png", "CandididatePhoto": "https://storage.googleapis.com/candidate-thumbs/images/41-2-11.jpg"}, {"Unnamed: 0": 8387, "CandidateId": "ad17b0fa-f11b-4ace-aa0f-96561d1d16fa", "CandidateNo": 12, "FirstName": "ประดิษฐ", "LastName": "เสถียรเขต", "PartyName": "พลังท้องถิ่นไท", "PartyNumber": 124, "Title": "นาย", "Votable": true, "province_id": 41, "province_name": "อุดรธานี", "zone_number": 2, "PartyTerminated": false, "Age": 50, "Occupation": "สมาชิกสภาเทศบาลนครอุดรธานี", "HighestEducation": "ปริญญาโท", "ImageFileId": "5c581f0efbcb5f1eec1094c2", "SelfIntroduceFileId": "5c595cc5fbcb5f1d88181793", "PartyLogo": "https://storage.googleapis.com/candidate-thumbs/party/124.png", "CandididatePhoto": "https://storage.googleapis.com/candidate-thumbs/images/41-2-12.jpg"}, {"Unnamed: 0": 8388, "CandidateId": "aa3986e5-1311-4092-b604-6259baea2433", "CandidateNo": 13, "FirstName": "โภควินท์", "LastName": "สิทธิอุเป", "PartyName": "ประชาชาติ", "PartyNumber": 187, "Title": "นาย", "Votable": true, "province_id": 41, "province_name": "อุดรธานี", "zone_number": 2, "PartyTerminated": false, "Age": 52, "Occupation": "นักจัดรายการวิทยุ", "HighestEducation": "ปริญญาตรี", "ImageFileId": "5c581f70fbcb5f1eec1096fa", "SelfIntroduceFileId": "5c595e9bfbcb5f1d88181de2", "PartyLogo": "https://storage.googleapis.com/candidate-thumbs/party/187.png", "CandididatePhoto": "https://storage.googleapis.com/candidate-thumbs/images/41-2-13.jpg"}, {"Unnamed: 0": 8389, "CandidateId": "8a2db561-1f46-480d-8332-4e59414fbc5a", "CandidateNo": 14, "FirstName": "สุรพล", "LastName": "วงศ์คำจันทร์", "PartyName": "ประชาภิวัฒน์", "PartyNumber": 172, "Title": "นาย", "Votable": true, "province_id": 41, "province_name": "อุดรธานี", "zone_number": 2, "PartyTerminated": false, "Age": 70, "Occupation": "ข้าราชการบำนาญ", "HighestEducation": "ปริญญาตรี", "ImageFileId": "5c5822e7fbcb5f1eec10a648", "SelfIntroduceFileId": "5c58fe86fbcb5f1d8813aedc", "PartyLogo": "https://storage.googleapis.com/candidate-thumbs/party/172.png", "CandididatePhoto": "https://storage.googleapis.com/candidate-thumbs/images/41-2-14.jpg"}, {"Unnamed: 0": 8390, "CandidateId": "a4d1895e-e297-4ee3-9f89-61837b59d492", "CandidateNo": 15, "FirstName": "เศรษฐภัทร์", "LastName": "นิตยสิทธิวรากุล", "PartyName": "เสรีรวมไทย", "PartyNumber": 145, "Title": "นาย", "Votable": true, "province_id": 41, "province_name": "อุดรธานี", "zone_number": 2, "PartyTerminated": false, "Age": 41, "Occupation": "ธุรกิจส่วนตัว", "HighestEducation": "ต่ำกว่าปริญญาตรี", "ImageFileId": "5c581a48fbcb5f1eec107dac", "SelfIntroduceFileId": "5c593b15fbcb5f1d88169a8b", "PartyLogo": "https://storage.googleapis.com/candidate-thumbs/party/145.png", "CandididatePhoto": "https://storage.googleapis.com/candidate-thumbs/images/41-2-15.jpg"}, {"Unnamed: 0": 8391, "CandidateId": "ddddd5a8-ea38-493c-92b7-555e3188517c", "CandidateNo": 16, "FirstName": "อดุลย์เดช", "LastName": "อำนาจดีแจ่มใส", "PartyName": "อนาคตใหม่", "PartyNumber": 177, "Title": "นาย", "Votable": true, "province_id": 41, "province_name": "อุดรธานี", "zone_number": 2, "PartyTerminated": false, "Age": 39, "Occupation": "พนักงานองค์กรมหาชน", "HighestEducation": "ปริญญาตรี", "ImageFileId": "5c582118fbcb5f1eec109e81", "SelfIntroduceFileId": "5c591a6bfbcb5f1d88150bca", "PartyLogo": "https://storage.googleapis.com/candidate-thumbs/party/177.png", "CandididatePhoto": "https://storage.googleapis.com/candidate-thumbs/images/41-2-16.jpg"}, {"Unnamed: 0": 8392, "CandidateId": "23ec3910-7c75-471b-91d5-33c692d644d6", "CandidateNo": 17, "FirstName": "ภัทรพล", "LastName": "วิเศษศรี", "PartyName": "ชาติไทยพัฒนา", "PartyNumber": 55, "Title": "นาย", "Votable": true, "province_id": 41, "province_name": "อุดรธานี", "zone_number": 2, "PartyTerminated": false, "Age": 42, "Occupation": "เจ้าหน้าที่กรมทางหลวงชนบท สำนักงานทางหลวงชนบท ที่ 15 (อุดรธานี)", "HighestEducation": "ปริญญาตรี", "ImageFileId": "5c580d4bfbcb5f1eec100c5d", "SelfIntroduceFileId": "5c595c01fbcb5f1d8818158a", "PartyLogo": "https://storage.googleapis.com/candidate-thumbs/party/55.png", "CandididatePhoto": "https://storage.googleapis.com/candidate-thumbs/images/41-2-17.jpg"}, {"Unnamed: 0": 8393, "CandidateId": "2cfd180a-3c12-4840-bc39-30882b59117e", "CandidateNo": 18, "FirstName": "ทรัพย์ณธีร์", "LastName": "ชัยชมภู", "PartyName": "พลังปวงชนไทย", "PartyNumber": 184, "Title": "นาย", "Votable": true, "province_id": 41, "province_name": "อุดรธานี", "zone_number": 2, "PartyTerminated": false, "Age": 42, "Occupation": "รับจ้างและธุรกิจส่วนตัว", "HighestEducation": "ต่ำกว่าปริญญาตรี", "ImageFileId": "5c580e15fbcb5f1eec1015e4", "SelfIntroduceFileId": "5c591b56fbcb5f1d8815124f", "PartyLogo": "https://storage.googleapis.com/candidate-thumbs/party/184.png", "CandididatePhoto": "https://storage.googleapis.com/candidate-thumbs/images/41-2-18.jpg"}, {"Unnamed: 0": 8394, "CandidateId": "ba08a8b9-5589-48d1-a130-1903f20b962e", "CandidateNo": 19, "FirstName": "จำรัส", "LastName": "เหล่าแค", "PartyName": "ประชานิยม", "PartyNumber": 191, "Title": "นาย", "Votable": true, "province_id": 41, "province_name": "อุดรธานี", "zone_number": 2, "PartyTerminated": false, "Age": 64, "Occupation": "งานอิสระ", "HighestEducation": "ปริญญาโท", "ImageFileId": "5c581367fbcb5f1eec104bf8", "SelfIntroduceFileId": "5c595a8dfbcb5f1d88181056", "PartyLogo": "https://storage.googleapis.com/candidate-thumbs/party/191.png", "CandididatePhoto": "https://storage.googleapis.com/candidate-thumbs/images/41-2-19.jpg"}, {"Unnamed: 0": 8395, "CandidateId": "c420e11a-4b00-41e2-919a-cb3dfe06c03c", "CandidateNo": 20, "FirstName": "เกียง", "LastName": "วิชัยกิจ", "PartyName": "เพื่อแผ่นดิน", "PartyNumber": 41, "Title": "นาย", "Votable": true, "province_id": 41, "province_name": "อุดรธานี", "zone_number": 2, "PartyTerminated": false, "Age": 58, "Occupation": "บริษัทเอกชน", "HighestEducation": "ต่ำกว่าปริญญาตรี", "ImageFileId": "5c5810aafbcb5f1eec1033e6", "SelfIntroduceFileId": "5c5da4f7fbcb5f0fd8884464", "PartyLogo": "https://storage.googleapis.com/candidate-thumbs/party/41.png", "CandididatePhoto": "https://storage.googleapis.com/candidate-thumbs/images/41-2-20.jpg"}, {"Unnamed: 0": 8396, "CandidateId": "2e84fbf8-262b-44ef-8366-7b6f76cf0a9c", "CandidateNo": 21, "FirstName": "วิรัตน์", "LastName": "หอนงาม", "PartyName": "พลังไทยรักไทย", "PartyNumber": 185, "Title": "นาย", "Votable": true, "province_id": 41, "province_name": "อุดรธานี", "zone_number": 2, "PartyTerminated": false, "Age": 55, "Occupation": "เกษตรกร", "HighestEducation": "ต่ำกว่าปริญญาตรี", "ImageFileId": "5c594281fbcb5f1d8816fef9", "SelfIntroduceFileId": "5c5da51cfbcb5f0fd888446e", "PartyLogo": "https://storage.googleapis.com/candidate-thumbs/party/185.png", "CandididatePhoto": "https://storage.googleapis.com/candidate-thumbs/images/41-2-21.jpg"}, {"Unnamed: 0": 8397, "CandidateId": "ef89dc9c-2ee3-41fb-82df-0d0d1a376042", "CandidateNo": 22, "FirstName": "เที่ยง", "LastName": "นิติธรรม", "PartyName": "แผ่นดินธรรม", "PartyNumber": 188, "Title": "นาย", "Votable": true, "province_id": 41, "province_name": "อุดรธานี", "zone_number": 2, "PartyTerminated": false, "Age": 60, "Occupation": "ธุรกิจส่วนตัว", "HighestEducation": "ต่ำกว่าปริญญาตรี", "ImageFileId": "5c595307fbcb5f1d8817d68e", "SelfIntroduceFileId": "5c595069fbcb5f1d8817b2fa", "PartyLogo": "https://storage.googleapis.com/candidate-thumbs/party/188.png", "CandididatePhoto": "https://storage.googleapis.com/candidate-thumbs/images/41-2-22.jpg"}, {"Unnamed: 0": 8398, "CandidateId": "97700618-6b6b-4d79-ac94-66ddbd28310a", "CandidateNo": 23, "FirstName": "ธีระศักดิ์", "LastName": "เจริญธวัฒน์กุล", "PartyName": "พลเมืองไทย", "PartyNumber": 173, "Title": "นาย", "Votable": true, "province_id": 41, "province_name": "อุดรธานี", "zone_number": 2, "PartyTerminated": false, "Age": 49, "Occupation": "วิศวกรไฟฟ้า", "HighestEducation": "ปริญญาโท", "ImageFileId": "5c5a849cfbcb5f19bcaa8c35", "SelfIntroduceFileId": "5c5da466fbcb5f0fd888444a", "PartyLogo": "https://storage.googleapis.com/candidate-thumbs/party/173.png", "CandididatePhoto": "https://storage.googleapis.com/candidate-thumbs/images/41-2-23.jpg"}, {"Unnamed: 0": 8399, "CandidateId": "9682bc30-99c2-46fe-a0d5-77749a5cb303", "CandidateNo": 24, "FirstName": "สำราญ", "LastName": "มาตรวังแสง", "PartyName": "มหาชน", "PartyNumber": 4, "Title": "นาง", "Votable": true, "province_id": 41, "province_name": "อุดรธานี", "zone_number": 2, "PartyTerminated": false, "Age": 50, "Occupation": "ค้าขาย", "HighestEducation": "ต่ำกว่าปริญญาตรี", "ImageFileId": "5c5aaabefbcb5f19bcab7f06", "SelfIntroduceFileId": "5c5d7f22fbcb5f0fd888273c", "PartyLogo": "https://storage.googleapis.com/candidate-thumbs/party/4.png", "CandididatePhoto": "https://storage.googleapis.com/candidate-thumbs/images/41-2-24.jpg"}, {"Unnamed: 0": 8400, "CandidateId": "a65c40e6-aa81-40ef-8d1d-defc3f4f3652", "CandidateNo": 25, "FirstName": "วรแมน", "LastName": "นรสาร", "PartyName": "ไทยรักษาชาติ", "PartyNumber": 77, "Title": "นาย", "Votable": true, "province_id": 41, "province_name": "อุดรธานี", "zone_number": 2, "PartyTerminated": true, "Age": 59, "Occupation": "รับราชการ", "HighestEducation": "ปริญญาตรี", "ImageFileId": "5c5bdb4dfbcb5f16fc6713bc", "SelfIntroduceFileId": "5c5bf948fbcb5f16fc6807ea", "PartyLogo": "https://storage.googleapis.com/candidate-thumbs/party/77.png", "CandididatePhoto": "https://storage.googleapis.com/candidate-thumbs/images/41-2-25.jpg"}, {"Unnamed: 0": 8401, "CandidateId": "0363de2b-3e2a-4721-bf35-5cfda5f5d095", "CandidateNo": 26, "FirstName": "ทองปาน", "LastName": "นิยมญาติ", "PartyName": "พลังชาติไทย", "PartyNumber": 186, "Title": "นาย", "Votable": true, "province_id": 41, "province_name": "อุดรธานี", "zone_number": 2, "PartyTerminated": false, "Age": 61, "Occupation": "รับราชการครู", "HighestEducation": "ปริญญาโท", "ImageFileId": "5c5c03a7fbcb5f16fc682cd4", "SelfIntroduceFileId": "5c5d73d2fbcb5f0fd8881296", "PartyLogo": "https://storage.googleapis.com/candidate-thumbs/party/186.png", "CandididatePhoto": "https://storage.googleapis.com/candidate-thumbs/images/41-2-26.jpg"}, {"Unnamed: 0": 8402, "CandidateId": "7492bfc3-ecc6-44e8-b4e5-dbaef432a8f1", "CandidateNo": 27, "FirstName": "รัชพล", "LastName": "มหาภาควงศ์", "PartyName": "กลาง", "PartyNumber": 203, "Title": "นาย", "Votable": true, "province_id": 41, "province_name": "อุดรธานี", "zone_number": 2, "PartyTerminated": false, "Age": 35, "Occupation": "ช่างไฟฟ้า", "HighestEducation": "ต่ำกว่าปริญญาตรี", "ImageFileId": "5c5c0349fbcb5f16fc682c6c", "SelfIntroduceFileId": "5c5d952bfbcb5f0fd88839a4", "PartyLogo": "https://storage.googleapis.com/candidate-thumbs/party/203.png", "CandididatePhoto": "https://storage.googleapis.com/candidate-thumbs/images/41-2-27.jpg"}, {"Unnamed: 0": 8403, "CandidateId": "e9a9acd6-0cc9-4abc-938e-b702e8c5f524", "CandidateNo": 28, "FirstName": "พงษ์เทพ", "LastName": "มายัง", "PartyName": "พลังสังคม", "PartyNumber": 198, "Title": "นาย", "Votable": true, "province_id": 41, "province_name": "อุดรธานี", "zone_number": 2, "PartyTerminated": false, "Age": 35, "Occupation": "ค้าขาย", "HighestEducation": "ต่ำกว่าปริญญาตรี", "ImageFileId": "5c5d2615fbcb5f0fd8856e22", "SelfIntroduceFileId": "5c5d9bc0fbcb5f0fd8883c83", "PartyLogo": "https://storage.googleapis.com/candidate-thumbs/party/198.png", "CandididatePhoto": "https://storage.googleapis.com/candidate-thumbs/images/41-2-28.jpg"}, {"Unnamed: 0": 8404, "CandidateId": "035e2bcc-80a4-4bb2-9521-9dae7b37e9fc", "CandidateNo": 29, "FirstName": "ธีระ", "LastName": "อาสนาชัย", "PartyName": "ประชาธรรมไทย", "PartyNumber": 190, "Title": "นาย", "Votable": true, "province_id": 41, "province_name": "อุดรธานี", "zone_number": 2, "PartyTerminated": false, "Age": 62, "Occupation": "ข้าราชการบำนาญ", "HighestEducation": "ปริญญาโท", "ImageFileId": "5c5d31a7fbcb5f0fd885d0c5", "SelfIntroduceFileId": "5c5d992efbcb5f0fd8883ba7", "PartyLogo": "https://storage.googleapis.com/candidate-thumbs/party/190.png", "CandididatePhoto": "https://storage.googleapis.com/candidate-thumbs/images/41-2-29.jpg"}, {"Unnamed: 0": 8405, "CandidateId": "1e695b43-d768-4ca1-8235-3ec75efda1bb", "CandidateNo": 30, "FirstName": "ศีลธรรม", "LastName": "ทองสมุทร", "PartyName": "ครูไทยเพื่อประชาชน", "PartyNumber": 118, "Title": "นาย", "Votable": false, "province_id": 41, "province_name": "อุดรธานี", "zone_number": 2, "PartyTerminated": false, "Age": 66, "Occupation": "ข้าราชการบำนาญครู", "HighestEducation": "ปริญญาตรี", "ImageFileId": "5c5d2be6fbcb5f0fd8859e52", "SelfIntroduceFileId": "5c5d97d5fbcb5f0fd8883b17", "PartyLogo": "https://storage.googleapis.com/candidate-thumbs/party/118.png", "CandididatePhoto": "https://storage.googleapis.com/candidate-thumbs/images/41-2-30.jpg"}, {"Unnamed: 0": 8406, "CandidateId": "c985d07b-3e47-44ad-9d07-3a48525cc154", "CandidateNo": 31, "FirstName": "วิจิตร", "LastName": "แสนอุบล", "PartyName": "ไทยศรีวิไลย์", "PartyNumber": 180, "Title": "นาย", "Votable": true, "province_id": 41, "province_name": "อุดรธานี", "zone_number": 2, "PartyTerminated": false, "Age": 51, "Occupation": "ค้าขาย", "HighestEducation": "ต่ำกว่าปริญญาตรี", "ImageFileId": "5c5d129dfbcb5f0fd884f931", "SelfIntroduceFileId": "5c5d9ffbfbcb5f0fd8884285", "PartyLogo": "https://storage.googleapis.com/candidate-thumbs/party/180.png", "CandididatePhoto": "https://storage.googleapis.com/candidate-thumbs/images/41-2-31.jpg"}, {"Unnamed: 0": 8407, "CandidateId": "25b23135-c48a-4e8e-b112-d4cc918b0ff2", "CandidateNo": 32, "FirstName": "สมหมาย", "LastName": "ประเสริฐกุล", "PartyName": "ทางเลือกใหม่", "PartyNumber": 170, "Title": "นาย", "Votable": true, "province_id": 41, "province_name": "อุดรธานี", "zone_number": 2, "PartyTerminated": false, "Age": 59, "Occupation": "เกษตรกรรม", "HighestEducation": "ปริญญาโท", "ImageFileId": "5c5d269efbcb5f0fd8857250", "SelfIntroduceFileId": "5c5d90b9fbcb5f0fd8883823", "PartyLogo": "https://storage.googleapis.com/candidate-thumbs/party/170.png", "CandididatePhoto": "https://storage.googleapis.com/candidate-thumbs/images/41-2-32.jpg"}, {"Unnamed: 0": 8408, "CandidateId": "8cf7f9e1-c92d-4320-9b22-b0e57b5f208b", "CandidateNo": 33, "FirstName": "นิภาพร", "LastName": "ตันวัฒนะ", "PartyName": "ภาคีเครือข่ายไทย", "PartyNumber": 211, "Title": "นาง", "Votable": true, "province_id": 41, "province_name": "อุดรธานี", "zone_number": 2, "PartyTerminated": false, "Age": 41, "Occupation": "อิสระ", "HighestEducation": "ปริญญาตรี", "ImageFileId": "5c5d33b4fbcb5f0fd885e102", "SelfIntroduceFileId": "5c5d3d46fbcb5f0fd8862f8c", "PartyLogo": "https://storage.googleapis.com/candidate-thumbs/party/211.png", "CandididatePhoto": "https://storage.googleapis.com/candidate-thumbs/images/41-2-33.jpg"}, {"Unnamed: 0": 8409, "CandidateId": "6b371aa2-5049-4355-96d0-14de066a5e7a", "CandidateNo": 34, "FirstName": "อัศวิน", "LastName": "อินทราซา", "PartyName": "ประชากรไทย", "PartyNumber": 2, "Title": "นาย", "Votable": true, "province_id": 41, "province_name": "อุดรธานี", "zone_number": 2, "PartyTerminated": false, "Age": 56, "Occupation": "เกษตรกร", "HighestEducation": "ต่ำกว่าปริญญาตรี", "ImageFileId": "5c5d694bfbcb5f0fd887e827", "SelfIntroduceFileId": "5c5d9422fbcb5f0fd8883960", "PartyLogo": "https://storage.googleapis.com/candidate-thumbs/party/2.png", "CandididatePhoto": "https://storage.googleapis.com/candidate-thumbs/images/41-2-34.jpg"}, {"Unnamed: 0": 8410, "CandidateId": "aeb10dec-8bfe-4b3b-8ea7-93db3c106fd6", "CandidateNo": 35, "FirstName": "ชาญชัย", "LastName": "ศรีไชยมูล", "PartyName": "พลังศรัทธา", "PartyNumber": 201, "Title": "นาย", "Votable": true, "province_id": 41, "province_name": "อุดรธานี", "zone_number": 2, "PartyTerminated": false, "Age": 61, "Occupation": "ข้าราชการบำนาญ (ครู)", "HighestEducation": "ปริญญาตรี", "ImageFileId": "5c5d6d22fbcb5f0fd887faeb", "SelfIntroduceFileId": "5c5d8e77fbcb5f0fd88836d5", "PartyLogo": "https://storage.googleapis.com/candidate-thumbs/party/201.png", "CandididatePhoto": "https://storage.googleapis.com/candidate-thumbs/images/41-2-35.jpg"}, {"Unnamed: 0": 8411, "CandidateId": "337d6cb9-d111-46f4-a4f5-2b752088682e", "CandidateNo": 36, "FirstName": "ประโมทย์", "LastName": "พวงสุวรรณ", "PartyName": "พลังครูไทย", "PartyNumber": 210, "Title": "นาย", "Votable": true, "province_id": 41, "province_name": "อุดรธานี", "zone_number": 2, "PartyTerminated": false, "Age": 67, "Occupation": "ข้าราชการครู", "HighestEducation": "ปริญญาโท", "ImageFileId": "5c5d4841fbcb5f0fd886a321", "SelfIntroduceFileId": "5c5d8885fbcb5f0fd88832da", "PartyLogo": "https://storage.googleapis.com/candidate-thumbs/party/210.png", "CandididatePhoto": "https://storage.googleapis.com/candidate-thumbs/images/41-2-36.jpg"}, {"Unnamed: 0": 8412, "CandidateId": "f27a93a5-4f76-480d-9eba-6c1e8804dfb1", "CandidateNo": 37, "FirstName": "ละคร", "LastName": "ใจดี", "PartyName": "ประชาธิปไตยใหม่", "PartyNumber": 109, "Title": "นาย", "Votable": true, "province_id": 41, "province_name": "อุดรธานี", "zone_number": 2, "PartyTerminated": false, "Age": 60, "Occupation": "ธุรกิจส่วนตัว", "HighestEducation": "ต่ำกว่าปริญญาตรี", "ImageFileId": "5c5d47fcfbcb5f0fd886a14d", "SelfIntroduceFileId": "5c5da34ffbcb5f0fd88843ef", "PartyLogo": "https://storage.googleapis.com/candidate-thumbs/party/109.png", "CandididatePhoto": "https://storage.googleapis.com/candidate-thumbs/images/41-2-37.jpg"}, {"Unnamed: 0": 8413, "CandidateId": "fc88bba8-d9bf-47aa-bf84-32f1f52c345e", "CandidateNo": 38, "FirstName": "นิตยา", "LastName": "จันทะบุตร", "PartyName": "พลังประชาธิปไตย", "PartyNumber": 153, "Title": "นาง", "Votable": true, "province_id": 41, "province_name": "อุดรธานี", "zone_number": 2, "PartyTerminated": false, "Age": 37, "Occupation": "ค้าขาย", "HighestEducation": "ต่ำกว่าปริญญาตรี", "ImageFileId": "5c5d5574fbcb5f0fd8873eaa", "SelfIntroduceFileId": "5c5d5951fbcb5f0fd887710e", "PartyLogo": "https://storage.googleapis.com/candidate-thumbs/party/153.png", "CandididatePhoto": "https://storage.googleapis.com/candidate-thumbs/images/41-2-38.jpg"}, {"Unnamed: 0": 8414, "CandidateId": "b9918e26-378b-45c0-909f-4afc92c2fd0c", "CandidateNo": 39, "FirstName": "วรจักร์", "LastName": "ธาตุมี", "PartyName": "พลังแผ่นดินทอง", "PartyNumber": 202, "Title": "นาย", "Votable": true, "province_id": 41, "province_name": "อุดรธานี", "zone_number": 2, "PartyTerminated": false, "Age": 60, "Occupation": "ผู้ใหญ่บ้าน", "HighestEducation": "ต่ำกว่าปริญญาตรี", "ImageFileId": "5c5d5c07fbcb5f0fd8878b89", "SelfIntroduceFileId": "5c5d965dfbcb5f0fd8883a4f", "PartyLogo": "https://storage.googleapis.com/candidate-thumbs/party/202.png", "CandididatePhoto": "https://storage.googleapis.com/candidate-thumbs/images/41-2-39.jpg"}, {"Unnamed: 0": 8415, "CandidateId": "251a5ce2-7ffe-45cf-864f-dbcfce287bb6", "CandidateNo": 40, "FirstName": "อุดร", "LastName": "พลเยี่ยม", "PartyName": "ไทรักธรรม", "PartyNumber": 144, "Title": "นาย", "Votable": true, "province_id": 41, "province_name": "อุดรธานี", "zone_number": 2, "PartyTerminated": false, "Age": 56, "Occupation": "นักจัดกรายการวิทยุ", "HighestEducation": "ต่ำกว่าปริญญาตรี", "ImageFileId": "5c5d66cafbcb5f0fd887dc8f", "SelfIntroduceFileId": "5c5d9fa8fbcb5f0fd8884267", "PartyLogo": "https://storage.googleapis.com/candidate-thumbs/party/144.png", "CandididatePhoto": "https://storage.googleapis.com/candidate-thumbs/images/41-2-40.jpg"}]