[{"Unnamed: 0": 9409, "CandidateId": "8603d412-1999-47b8-b775-4adc055486e5", "CandidateNo": 1, "FirstName": "วัฒนา", "LastName": "จันทศิลป์", "PartyName": "อนาคตใหม่", "PartyNumber": 177, "Title": "นาย", "Votable": true, "province_id": 34, "province_name": "อุบลราชธานี", "zone_number": 2, "PartyTerminated": false, "Age": 56, "Occupation": "ทนายความ", "HighestEducation": "ปริญญาตรี", "ImageFileId": "5c57ed95fbcb5f1eec0e8a83", "SelfIntroduceFileId": NaN, "PartyLogo": "https://storage.googleapis.com/candidate-thumbs/party/177.png", "CandididatePhoto": "https://storage.googleapis.com/candidate-thumbs/images/34-2-1.jpg"}, {"Unnamed: 0": 9410, "CandidateId": "073d27d9-1419-4f24-af45-a660f5d98da4", "CandidateNo": 2, "FirstName": "ณรงค์ชัย", "LastName": "วีระกุล", "PartyName": "เพื่อไทย", "PartyNumber": 34, "Title": "นาย", "Votable": true, "province_id": 34, "province_name": "อุบลราชธานี", "zone_number": 2, "PartyTerminated": false, "Age": 57, "Occupation": "นักการเมือง", "HighestEducation": "ปริญญาตรี", "ImageFileId": "5c57fdcdfbcb5f1eec0f3fc6", "SelfIntroduceFileId": "5c58f61bfbcb5f1d881358f4", "PartyLogo": "https://storage.googleapis.com/candidate-thumbs/party/34.png", "CandididatePhoto": "https://storage.googleapis.com/candidate-thumbs/images/34-2-2.jpg"}, {"Unnamed: 0": 9411, "CandidateId": "c929b5e8-ec52-4914-8158-6e4e27a7ab13", "CandidateNo": 3, "FirstName": "โกวิทย์", "LastName": "ธรรมานุชิต", "PartyName": "พลังประชารัฐ", "PartyNumber": 192, "Title": "นาย", "Votable": true, "province_id": 34, "province_name": "อุบลราชธานี", "zone_number": 2, "PartyTerminated": false, "Age": 58, "Occupation": "นักการเมือง", "HighestEducation": "ปริญญาโท", "ImageFileId": "5c59040efbcb5f1d8813f3a4", "SelfIntroduceFileId": "5c590555fbcb5f1d881402ad", "PartyLogo": "https://storage.googleapis.com/candidate-thumbs/party/192.png", "CandididatePhoto": "https://storage.googleapis.com/candidate-thumbs/images/34-2-3.jpg"}, {"Unnamed: 0": 9412, "CandidateId": "03998fad-2afc-42fd-b6d9-57857d40e693", "CandidateNo": 4, "FirstName": "วรเชษฐ", "LastName": "เชิดชู", "PartyName": "ภูมิใจไทย", "PartyNumber": 63, "Title": "นาย", "Votable": true, "province_id": 34, "province_name": "อุบลราชธานี", "zone_number": 2, "PartyTerminated": false, "Age": 35, "Occupation": "ธุรกิจส่วนตัว", "HighestEducation": "ปริญญาตรี", "ImageFileId": "5c5a8c10fbcb5f19bcaabfbd", "SelfIntroduceFileId": "5c5a8d69fbcb5f19bcaac965", "PartyLogo": "https://storage.googleapis.com/candidate-thumbs/party/63.png", "CandididatePhoto": "https://storage.googleapis.com/candidate-thumbs/images/34-2-4.jpg"}, {"Unnamed: 0": 9413, "CandidateId": "7d618e53-776a-45ea-b0c0-95ab638a6b3b", "CandidateNo": 5, "FirstName": "มีชัย", "LastName": "ศรีคูณ", "PartyName": "ประชาชาติ", "PartyNumber": 187, "Title": "นาย", "Votable": true, "province_id": 34, "province_name": "อุบลราชธานี", "zone_number": 2, "PartyTerminated": false, "Age": 53, "Occupation": "รับจ้าง", "HighestEducation": "ปริญญาเอก", "ImageFileId": "5c591770fbcb5f1d8814f210", "SelfIntroduceFileId": "5c592620fbcb5f1d88157314", "PartyLogo": "https://storage.googleapis.com/candidate-thumbs/party/187.png", "CandididatePhoto": "https://storage.googleapis.com/candidate-thumbs/images/34-2-5.jpg"}, {"Unnamed: 0": 9414, "CandidateId": "f2e1a9e6-9e1e-45bf-8b96-f249530ba3a6", "CandidateNo": 6, "FirstName": "วุฒิพงษ์", "LastName": "นามบุตร", "PartyName": "ประชาธิปัตย์", "PartyNumber": 1, "Title": "นาย", "Votable": true, "province_id": 34, "province_name": "อุบลราชธานี", "zone_number": 2, "PartyTerminated": false, "Age": 45, "Occupation": "ธุรกิจส่วนตัว", "HighestEducation": "ปริญญาโท", "ImageFileId": "5c5a8fe8fbcb5f19bcaada1c", "SelfIntroduceFileId": "5c5a9164fbcb5f19bcaae8da", "PartyLogo": "https://storage.googleapis.com/candidate-thumbs/party/1.png", "CandididatePhoto": "https://storage.googleapis.com/candidate-thumbs/images/34-2-6.jpg"}, {"Unnamed: 0": 9415, "CandidateId": "8d608150-dd8d-4552-9c3a-c9fe2fa9e300", "CandidateNo": 7, "FirstName": "พรชัย", "LastName": "พจชนะ", "PartyName": "เพื่อไทยพัฒนา", "PartyNumber": 213, "Title": "นาย", "Votable": true, "province_id": 34, "province_name": "อุบลราชธานี", "zone_number": 2, "PartyTerminated": false, "Age": 51, "Occupation": "ลูกจ้างประจำ", "HighestEducation": "ปริญญาตรี", "ImageFileId": "5c629190fbcb5f2ba43bde87", "SelfIntroduceFileId": "5c5a8acbfbcb5f19bcaab5c4", "PartyLogo": "https://storage.googleapis.com/candidate-thumbs/party/213.png", "CandididatePhoto": "https://storage.googleapis.com/candidate-thumbs/images/34-2-7.jpg"}, {"Unnamed: 0": 9416, "CandidateId": "2c2e98d1-7bed-4e2b-ace4-7b3812062147", "CandidateNo": 8, "FirstName": "บุญเลิศ", "LastName": "สืบเสนาะ", "PartyName": "ทางเลือกใหม่", "PartyNumber": 170, "Title": "นาย", "Votable": true, "province_id": 34, "province_name": "อุบลราชธานี", "zone_number": 2, "PartyTerminated": false, "Age": 61, "Occupation": "ธุรกิจส่วนตัว", "HighestEducation": "ต่ำกว่าปริญญาตรี", "ImageFileId": "5c5a943dfbcb5f19bcaafd65", "SelfIntroduceFileId": "5c5ba47afbcb5f16fc65a0a0", "PartyLogo": "https://storage.googleapis.com/candidate-thumbs/party/170.png", "CandididatePhoto": "https://storage.googleapis.com/candidate-thumbs/images/34-2-8.jpg"}, {"Unnamed: 0": 9417, "CandidateId": "bcdd06a7-13af-4b30-b0bb-10186c44ba81", "CandidateNo": 9, "FirstName": "ชูศักดิ์", "LastName": "ทวีศรี", "PartyName": "เศรษฐกิจใหม่", "PartyNumber": 193, "Title": "นาย", "Votable": true, "province_id": 34, "province_name": "อุบลราชธานี", "zone_number": 2, "PartyTerminated": false, "Age": 53, "Occupation": "ธุรกิจส่วนตัว", "HighestEducation": "ต่ำกว่าปริญญาตรี", "ImageFileId": "5c5a95c4fbcb5f19bcab05fa", "SelfIntroduceFileId": "5c5ba614fbcb5f16fc65aaa0", "PartyLogo": "https://storage.googleapis.com/candidate-thumbs/party/193.png", "CandididatePhoto": "https://storage.googleapis.com/candidate-thumbs/images/34-2-9.jpg"}, {"Unnamed: 0": 9418, "CandidateId": "1e6dd2da-1722-46fc-91c3-9fe2a10d80fa", "CandidateNo": 10, "FirstName": "วิชัย", "LastName": "ครองยุติ", "PartyName": "ชาติพัฒนา", "PartyNumber": 45, "Title": "นาย", "Votable": true, "province_id": 34, "province_name": "อุบลราชธานี", "zone_number": 2, "PartyTerminated": false, "Age": 63, "Occupation": "อาจารย์", "HighestEducation": "ปริญญาเอก", "ImageFileId": "5c5a96dcfbcb5f19bcab0aec", "SelfIntroduceFileId": "5c5a997ffbcb5f19bcab19b2", "PartyLogo": "https://storage.googleapis.com/candidate-thumbs/party/45.png", "CandididatePhoto": "https://storage.googleapis.com/candidate-thumbs/images/34-2-10.jpg"}, {"Unnamed: 0": 9419, "CandidateId": "af5f821b-041d-4fe6-917a-6c02ff087010", "CandidateNo": 11, "FirstName": "สุวัฒน์", "LastName": "ศิรินัย", "PartyName": "เสรีรวมไทย", "PartyNumber": 145, "Title": "นาย", "Votable": true, "province_id": 34, "province_name": "อุบลราชธานี", "zone_number": 2, "PartyTerminated": false, "Age": 61, "Occupation": "ผู้อำนวยสถานศึกษา", "HighestEducation": "ปริญญาโท", "ImageFileId": "5c5a9c0cfbcb5f19bcab2dc7", "SelfIntroduceFileId": "5c5ba8b9fbcb5f16fc65bf0a", "PartyLogo": "https://storage.googleapis.com/candidate-thumbs/party/145.png", "CandididatePhoto": "https://storage.googleapis.com/candidate-thumbs/images/34-2-11.jpg"}, {"Unnamed: 0": 9420, "CandidateId": "7cbc09f9-d074-4d30-a876-22bff927341c", "CandidateNo": 12, "FirstName": "คำปุน", "LastName": "จันทร์หาญ", "PartyName": "ประชานิยม", "PartyNumber": 191, "Title": "นาย", "Votable": true, "province_id": 34, "province_name": "อุบลราชธานี", "zone_number": 2, "PartyTerminated": false, "Age": 72, "Occupation": "ข้าราชการครู", "HighestEducation": "ปริญญาตรี", "ImageFileId": "5c5baa55fbcb5f16fc65c91d", "SelfIntroduceFileId": "5c5bab9ffbcb5f16fc65d18d", "PartyLogo": "https://storage.googleapis.com/candidate-thumbs/party/191.png", "CandididatePhoto": "https://storage.googleapis.com/candidate-thumbs/images/34-2-12.jpg"}, {"Unnamed: 0": 9421, "CandidateId": "9d5b9a93-2573-48c1-831e-a4970dc4e61d", "CandidateNo": 13, "FirstName": "ศรัณย์", "LastName": "ส่งสุข", "PartyName": "พลังท้องถิ่นไท", "PartyNumber": 124, "Title": "นาย", "Votable": true, "province_id": 34, "province_name": "อุบลราชธานี", "zone_number": 2, "PartyTerminated": false, "Age": 28, "Occupation": "ลูกจ้างชั่วคราว", "HighestEducation": "ปริญญาตรี", "ImageFileId": "5c5bac86fbcb5f16fc65d83b", "SelfIntroduceFileId": "5c5badc4fbcb5f16fc65e1f9", "PartyLogo": "https://storage.googleapis.com/candidate-thumbs/party/124.png", "CandididatePhoto": "https://storage.googleapis.com/candidate-thumbs/images/34-2-13.jpg"}, {"Unnamed: 0": 9422, "CandidateId": "bafcb2d9-425c-45a9-bed6-369b811d75ed", "CandidateNo": 14, "FirstName": "ชัยนิรันดร์", "LastName": "สุดถนอมวงศ์", "PartyName": "รักษ์ผืนป่าประเทศไทย", "PartyNumber": 133, "Title": "นาย", "Votable": true, "province_id": 34, "province_name": "อุบลราชธานี", "zone_number": 2, "PartyTerminated": false, "Age": 63, "Occupation": "นักธุรกิจ ผู้ประกาศข่าว", "HighestEducation": "ปริญญาตรี", "ImageFileId": "5c5bb451fbcb5f16fc661fe6", "SelfIntroduceFileId": "5c5bb4ebfbcb5f16fc6623fa", "PartyLogo": "https://storage.googleapis.com/candidate-thumbs/party/133.png", "CandididatePhoto": "https://storage.googleapis.com/candidate-thumbs/images/34-2-14.jpg"}, {"Unnamed: 0": 9423, "CandidateId": "c6064ba5-9de3-47e9-9074-2ea462ecdaf2", "CandidateNo": 15, "FirstName": "สมัคร", "LastName": "สาริก", "PartyName": "ประชาธิปไตยใหม่", "PartyNumber": 109, "Title": "นาย", "Votable": true, "province_id": 34, "province_name": "อุบลราชธานี", "zone_number": 2, "PartyTerminated": false, "Age": 61, "Occupation": "ข้าราชการครู ", "HighestEducation": "ปริญญาโท", "ImageFileId": "5c5bb6f7fbcb5f16fc6631b2", "SelfIntroduceFileId": "5c5bb7cbfbcb5f16fc6637ba", "PartyLogo": "https://storage.googleapis.com/candidate-thumbs/party/109.png", "CandididatePhoto": "https://storage.googleapis.com/candidate-thumbs/images/34-2-15.jpg"}, {"Unnamed: 0": 9424, "CandidateId": "2b8e7acf-b0b3-47d9-92d5-b7123594a312", "CandidateNo": 16, "FirstName": "คงกร", "LastName": "สุธรรมวิจิตร", "PartyName": "เพื่อชาติ", "PartyNumber": 149, "Title": "นาย", "Votable": true, "province_id": 34, "province_name": "อุบลราชธานี", "zone_number": 2, "PartyTerminated": false, "Age": 53, "Occupation": "เกษตรกร", "HighestEducation": "ปริญญาตรี", "ImageFileId": "5c5bbbf4fbcb5f16fc665308", "SelfIntroduceFileId": "5c5bbc8efbcb5f16fc665675", "PartyLogo": "https://storage.googleapis.com/candidate-thumbs/party/149.png", "CandididatePhoto": "https://storage.googleapis.com/candidate-thumbs/images/34-2-16.jpg"}, {"Unnamed: 0": 9425, "CandidateId": "97a793a6-92e5-484b-ad81-fbb416001bf0", "CandidateNo": 17, "FirstName": "สมพงษ์", "LastName": "อนุวรรณ", "PartyName": "เพื่อนไทย", "PartyNumber": 179, "Title": "นาย", "Votable": false, "province_id": 34, "province_name": "อุบลราชธานี", "zone_number": 2, "PartyTerminated": false, "Age": 63, "Occupation": "สื่อมวลชนอิสระ", "HighestEducation": "ต่ำกว่าปริญญาตรี", "ImageFileId": "5c5bbee3fbcb5f16fc666078", "SelfIntroduceFileId": "5c5bbffffbcb5f16fc66654f", "PartyLogo": "https://storage.googleapis.com/candidate-thumbs/party/179.png", "CandididatePhoto": "https://storage.googleapis.com/candidate-thumbs/images/34-2-17.jpg"}, {"Unnamed: 0": 9426, "CandidateId": "92b38a42-02a1-4a57-8648-1464e0c65895", "CandidateNo": 18, "FirstName": "พิมพ์พิชชา", "LastName": "บุญเนตร์", "PartyName": "รวมพลังประชาชาติไทย", "PartyNumber": 181, "Title": "นาง", "Votable": true, "province_id": 34, "province_name": "อุบลราชธานี", "zone_number": 2, "PartyTerminated": false, "Age": 55, "Occupation": "ไม่ระบุ", "HighestEducation": "ปริญญาตรี", "ImageFileId": "5c5bc124fbcb5f16fc6669f3", "SelfIntroduceFileId": "5c5bc1f9fbcb5f16fc666ba4", "PartyLogo": "https://storage.googleapis.com/candidate-thumbs/party/181.png", "CandididatePhoto": "https://storage.googleapis.com/candidate-thumbs/images/34-2-18.jpg"}, {"Unnamed: 0": 9427, "CandidateId": "96d4635c-4507-4b07-b990-2e508d6c3e34", "CandidateNo": 19, "FirstName": "อุบล", "LastName": "ฤกษ์งาม", "PartyName": "ประชาชนปฏิรูป", "PartyNumber": 176, "Title": "นาย", "Votable": false, "province_id": 34, "province_name": "อุบลราชธานี", "zone_number": 2, "PartyTerminated": false, "Age": 57, "Occupation": "นักการเมือง", "HighestEducation": "ปริญญาตรี", "ImageFileId": "5c5ba1fafbcb5f16fc658efd", "SelfIntroduceFileId": "5c5ba3cafbcb5f16fc659c23", "PartyLogo": "https://storage.googleapis.com/candidate-thumbs/party/176.png", "CandididatePhoto": "https://storage.googleapis.com/candidate-thumbs/images/34-2-19.jpg"}, {"Unnamed: 0": 9428, "CandidateId": "05ea3655-03d0-4efd-bef0-631a9c6a3e1c", "CandidateNo": 20, "FirstName": "อาจ", "LastName": "เบื้องบน", "PartyName": "พลังปวงชนไทย", "PartyNumber": 184, "Title": "นาย", "Votable": true, "province_id": 34, "province_name": "อุบลราชธานี", "zone_number": 2, "PartyTerminated": false, "Age": 65, "Occupation": "นายกอบต.หนองเหล่า", "HighestEducation": "ต่ำกว่าปริญญาตรี", "ImageFileId": "5c5bc292fbcb5f16fc666d95", "SelfIntroduceFileId": "5c5bc3f0fbcb5f16fc6673ab", "PartyLogo": "https://storage.googleapis.com/candidate-thumbs/party/184.png", "CandididatePhoto": "https://storage.googleapis.com/candidate-thumbs/images/34-2-20.jpg"}, {"Unnamed: 0": 9429, "CandidateId": "92ff1b20-8726-4ee6-89c8-e64cbd7935f7", "CandidateNo": 21, "FirstName": "อนันต์", "LastName": "มีคุณ", "PartyName": "ชาติไทยพัฒนา", "PartyNumber": 55, "Title": "นาย", "Votable": true, "province_id": 34, "province_name": "อุบลราชธานี", "zone_number": 2, "PartyTerminated": false, "Age": 63, "Occupation": "ทนายความ", "HighestEducation": "ปริญญาตรี", "ImageFileId": "5c5bc4b2fbcb5f16fc667698", "SelfIntroduceFileId": "5c5bc542fbcb5f16fc667a1c", "PartyLogo": "https://storage.googleapis.com/candidate-thumbs/party/55.png", "CandididatePhoto": "https://storage.googleapis.com/candidate-thumbs/images/34-2-21.jpg"}, {"Unnamed: 0": 9430, "CandidateId": "1385f02e-fb3b-4349-b536-9dc0e4d85b38", "CandidateNo": 22, "FirstName": "ผัน", "LastName": "ชมภูศรี", "PartyName": "รวมใจไทย", "PartyNumber": 174, "Title": "นาย", "Votable": true, "province_id": 34, "province_name": "อุบลราชธานี", "zone_number": 2, "PartyTerminated": false, "Age": 62, "Occupation": "ข้าราชการครู", "HighestEducation": "ปริญญาเอก", "ImageFileId": "5c5ce86afbcb5f16fc68bf4f", "SelfIntroduceFileId": "5c5ce9d0fbcb5f16fc68c79e", "PartyLogo": "https://storage.googleapis.com/candidate-thumbs/party/174.png", "CandididatePhoto": "https://storage.googleapis.com/candidate-thumbs/images/34-2-22.jpg"}, {"Unnamed: 0": 9431, "CandidateId": "138933b6-2513-43c5-83b9-e4f36226eea5", "CandidateNo": 23, "FirstName": "ไมตรี", "LastName": "ถิ่นขาม", "PartyName": "ประชาภิวัฒน์", "PartyNumber": 172, "Title": "นาย", "Votable": true, "province_id": 34, "province_name": "อุบลราชธานี", "zone_number": 2, "PartyTerminated": false, "Age": 63, "Occupation": "ข้าราชการครู", "HighestEducation": "ปริญญาตรี", "ImageFileId": "5c5ceb58fbcb5f16fc68d0c7", "SelfIntroduceFileId": "5c5cebfbfbcb5f16fc68d44a", "PartyLogo": "https://storage.googleapis.com/candidate-thumbs/party/172.png", "CandididatePhoto": "https://storage.googleapis.com/candidate-thumbs/images/34-2-23.jpg"}, {"Unnamed: 0": 9432, "CandidateId": "95f63efc-1315-4b14-954f-534949780872", "CandidateNo": 24, "FirstName": "วินัย", "LastName": "พลรักษ์", "PartyName": "ไทยศรีวิไลย์", "PartyNumber": 180, "Title": "นาย", "Votable": true, "province_id": 34, "province_name": "อุบลราชธานี", "zone_number": 2, "PartyTerminated": false, "Age": 60, "Occupation": "ข้าราชการครู", "HighestEducation": "ปริญญาตรี", "ImageFileId": "5c5cf23efbcb5f16fc68fdf8", "SelfIntroduceFileId": "5c5e5739fbcb5f14489a4fc0", "PartyLogo": "https://storage.googleapis.com/candidate-thumbs/party/180.png", "CandididatePhoto": "https://storage.googleapis.com/candidate-thumbs/images/34-2-24.jpg"}, {"Unnamed: 0": 9433, "CandidateId": "28e6db25-7332-4ade-8847-77ef99165862", "CandidateNo": 25, "FirstName": "ฤทธิ์เดช", "LastName": "สุดสัมฤทธิ์", "PartyName": "แผ่นดินธรรม", "PartyNumber": 188, "Title": "นาย", "Votable": true, "province_id": 34, "province_name": "อุบลราชธานี", "zone_number": 2, "PartyTerminated": false, "Age": 36, "Occupation": "ธุรกิจส่วนตัว", "HighestEducation": "ปริญญาตรี", "ImageFileId": "5c5d929cfbcb5f0fd88838ec", "SelfIntroduceFileId": "5c5e62f4fbcb5f14489a568e", "PartyLogo": "https://storage.googleapis.com/candidate-thumbs/party/188.png", "CandididatePhoto": "https://storage.googleapis.com/candidate-thumbs/images/34-2-25.jpg"}, {"Unnamed: 0": 9434, "CandidateId": "9b32b56d-f86e-448f-b50e-f9fac3c6748e", "CandidateNo": 26, "FirstName": "เพ็ญพักตร์", "LastName": "สูงสุมาลย์", "PartyName": "ครูไทยเพื่อประชาชน", "PartyNumber": 118, "Title": "นางสาว", "Votable": true, "province_id": 34, "province_name": "อุบลราชธานี", "zone_number": 2, "PartyTerminated": false, "Age": 47, "Occupation": "รับราชการ", "HighestEducation": "ปริญญาโท", "ImageFileId": "5c5d92f9fbcb5f0fd8883923", "SelfIntroduceFileId": "5c5e6475fbcb5f14489a56ff", "PartyLogo": "https://storage.googleapis.com/candidate-thumbs/party/118.png", "CandididatePhoto": "https://storage.googleapis.com/candidate-thumbs/images/34-2-26.jpg"}, {"Unnamed: 0": 9435, "CandidateId": "3b287df9-0911-42ba-8815-a8de8cf7265b", "CandidateNo": 27, "FirstName": "จำปี", "LastName": "อ่อนมิ่ง", "PartyName": "ภราดรภาพ", "PartyNumber": 154, "Title": "นาย", "Votable": true, "province_id": 34, "province_name": "อุบลราชธานี", "zone_number": 2, "PartyTerminated": false, "Age": 60, "Occupation": "เกษตรกร", "HighestEducation": "ต่ำกว่าปริญญาตรี", "ImageFileId": "5c5d9399fbcb5f0fd8883945", "SelfIntroduceFileId": "5c5e6aa7fbcb5f14489a5c4a", "PartyLogo": "https://storage.googleapis.com/candidate-thumbs/party/154.png", "CandididatePhoto": "https://storage.googleapis.com/candidate-thumbs/images/34-2-27.jpg"}, {"Unnamed: 0": 9436, "CandidateId": "7f6eae49-fb45-4eab-9fec-eeebf38a5fa2", "CandidateNo": 28, "FirstName": "สฤทธิ์", "LastName": "จันบัว", "PartyName": "มหาชน", "PartyNumber": 4, "Title": "นาย", "Votable": true, "province_id": 34, "province_name": "อุบลราชธานี", "zone_number": 2, "PartyTerminated": false, "Age": 57, "Occupation": "รับจ้าง", "HighestEducation": "ต่ำกว่าปริญญาตรี", "ImageFileId": "5c5d9564fbcb5f0fd8883a28", "SelfIntroduceFileId": "5c5e7077fbcb5f14489a6236", "PartyLogo": "https://storage.googleapis.com/candidate-thumbs/party/4.png", "CandididatePhoto": "https://storage.googleapis.com/candidate-thumbs/images/34-2-28.jpg"}, {"Unnamed: 0": 9437, "CandidateId": "9b528c5c-8039-45de-ae2c-2795d0a22906", "CandidateNo": 29, "FirstName": "ยอดแมน", "LastName": "ศิริแพทย์", "PartyName": "พลังไทยรักไทย", "PartyNumber": 185, "Title": "นาย", "Votable": true, "province_id": 34, "province_name": "อุบลราชธานี", "zone_number": 2, "PartyTerminated": false, "Age": 40, "Occupation": "ประกอบอาชีพธุรกิจเครื่องดื่ม", "HighestEducation": "ปริญญาโท", "ImageFileId": "5c5d98d5fbcb5f0fd8883b6d", "SelfIntroduceFileId": "5c5e769ffbcb5f14489a6c65", "PartyLogo": "https://storage.googleapis.com/candidate-thumbs/party/185.png", "CandididatePhoto": "https://storage.googleapis.com/candidate-thumbs/images/34-2-29.jpg"}, {"Unnamed: 0": 9438, "CandidateId": "84597f99-f20d-452c-83e2-0ceef56c9bb7", "CandidateNo": 30, "FirstName": "ชอบ", "LastName": "อรอินทร์", "PartyName": "พลังชาติไทย", "PartyNumber": 186, "Title": "นาย", "Votable": true, "province_id": 34, "province_name": "อุบลราชธานี", "zone_number": 2, "PartyTerminated": false, "Age": 58, "Occupation": "เกษตรกรรม", "HighestEducation": "ต่ำกว่าปริญญาตรี", "ImageFileId": "5c5d9b33fbcb5f0fd8883c4a", "SelfIntroduceFileId": "5c5e86defbcb5f14489a7d63", "PartyLogo": "https://storage.googleapis.com/candidate-thumbs/party/186.png", "CandididatePhoto": "https://storage.googleapis.com/candidate-thumbs/images/34-2-30.jpg"}, {"Unnamed: 0": 9439, "CandidateId": "733011c6-56f9-4306-96ba-fc076b45cbd0", "CandidateNo": 31, "FirstName": "วิเชียร", "LastName": "ขันตี", "PartyName": "เพื่อแผ่นดิน", "PartyNumber": 41, "Title": "นาย", "Votable": true, "province_id": 34, "province_name": "อุบลราชธานี", "zone_number": 2, "PartyTerminated": false, "Age": 67, "Occupation": "เกษตรกร", "HighestEducation": "ปริญญาตรี", "ImageFileId": "5c5d9c95fbcb5f0fd8883cc2", "SelfIntroduceFileId": "5c5e7b0efbcb5f14489a7234", "PartyLogo": "https://storage.googleapis.com/candidate-thumbs/party/41.png", "CandididatePhoto": "https://storage.googleapis.com/candidate-thumbs/images/34-2-31.jpg"}, {"Unnamed: 0": 9440, "CandidateId": "28f0cd2c-2e34-4c66-a0ac-2d0df0042b7c", "CandidateNo": 32, "FirstName": "ชาญยุทธ", "LastName": "ธนสีลังกูร", "PartyName": "พลังไทสร้างชาติ", "PartyNumber": 200, "Title": "ร.ต.ท.", "Votable": true, "province_id": 34, "province_name": "อุบลราชธานี", "zone_number": 2, "PartyTerminated": false, "Age": 62, "Occupation": "รับราชการตำรวจ", "HighestEducation": "ต่ำกว่าปริญญาตรี", "ImageFileId": "5c5d9e3bfbcb5f0fd8883f53", "SelfIntroduceFileId": "5c5e9fb4fbcb5f14489a994c", "PartyLogo": "https://storage.googleapis.com/candidate-thumbs/party/200.png", "CandididatePhoto": "https://storage.googleapis.com/candidate-thumbs/images/34-2-32.jpg"}, {"Unnamed: 0": 9441, "CandidateId": "2f06345e-07e1-44be-9c5e-27041e996415", "CandidateNo": 33, "FirstName": "อดุลย์", "LastName": "สายชมภู", "PartyName": "พลังประชาธิปไตย", "PartyNumber": 153, "Title": "นาย", "Votable": true, "province_id": 34, "province_name": "อุบลราชธานี", "zone_number": 2, "PartyTerminated": false, "Age": 51, "Occupation": "ค้าขาย", "HighestEducation": "ต่ำกว่าปริญญาตรี", "ImageFileId": "5c5da14afbcb5f0fd88842f0", "SelfIntroduceFileId": "5c5e8ec6fbcb5f14489a880a", "PartyLogo": "https://storage.googleapis.com/candidate-thumbs/party/153.png", "CandididatePhoto": "https://storage.googleapis.com/candidate-thumbs/images/34-2-33.jpg"}, {"Unnamed: 0": 9442, "CandidateId": "3f58abb7-7599-431c-9327-1b45219f6977", "CandidateNo": 34, "FirstName": "ประสิทธิ์", "LastName": "พลสมัคร", "PartyName": "พลังสังคม", "PartyNumber": 198, "Title": "นาย", "Votable": true, "province_id": 34, "province_name": "อุบลราชธานี", "zone_number": 2, "PartyTerminated": false, "Age": 64, "Occupation": "รับราชการตำรวจ", "HighestEducation": "ต่ำกว่าปริญญาตรี", "ImageFileId": "5c5da216fbcb5f0fd8884380", "SelfIntroduceFileId": "5c5e9045fbcb5f14489a89bf", "PartyLogo": "https://storage.googleapis.com/candidate-thumbs/party/198.png", "CandididatePhoto": "https://storage.googleapis.com/candidate-thumbs/images/34-2-34.jpg"}, {"Unnamed: 0": 9443, "CandidateId": "9917f802-b3ec-49c6-9ff4-7f462b255d2e", "CandidateNo": 35, "FirstName": "อิสรพงษ์", "LastName": "สร้อยสิงห์", "PartyName": "ภาคีเครือข่ายไทย", "PartyNumber": 211, "Title": "นาย", "Votable": true, "province_id": 34, "province_name": "อุบลราชธานี", "zone_number": 2, "PartyTerminated": false, "Age": 47, "Occupation": "รับจ้าง", "HighestEducation": "ต่ำกว่าปริญญาตรี", "ImageFileId": "5c5da27efbcb5f0fd88843b0", "SelfIntroduceFileId": "5c5e9215fbcb5f14489a8ce4", "PartyLogo": "https://storage.googleapis.com/candidate-thumbs/party/211.png", "CandididatePhoto": "https://storage.googleapis.com/candidate-thumbs/images/34-2-35.jpg"}, {"Unnamed: 0": 9444, "CandidateId": "beea3feb-e1fc-41b7-b26a-a51daa72914f", "CandidateNo": 36, "FirstName": "ประเสริฐ", "LastName": "เผ่าพันธ์", "PartyName": "ภูมิพลังเกษตรกรไทย", "PartyNumber": 197, "Title": "นาย", "Votable": true, "province_id": 34, "province_name": "อุบลราชธานี", "zone_number": 2, "PartyTerminated": false, "Age": 55, "Occupation": "ธุรกิจส่วนตัว", "HighestEducation": "ปริญญาเอก", "ImageFileId": "5c5da467fbcb5f0fd888444d", "SelfIntroduceFileId": "5c5e9738fbcb5f14489a925c", "PartyLogo": "https://storage.googleapis.com/candidate-thumbs/party/197.png", "CandididatePhoto": "https://storage.googleapis.com/candidate-thumbs/images/34-2-36.jpg"}, {"Unnamed: 0": 9445, "CandidateId": "b3b74ffe-b9c9-4423-91ee-d84b4368ce1c", "CandidateNo": 37, "FirstName": "เฟิร์ทป๊อปฟูล่า", "LastName": "เชื้อท้าว", "PartyName": "แทนคุณแผ่นดิน", "PartyNumber": 53, "Title": "นางสาว", "Votable": true, "province_id": 34, "province_name": "อุบลราชธานี", "zone_number": 2, "PartyTerminated": false, "Age": 48, "Occupation": "กรรมการบริษัทแกรนด์ไดมอนฯ", "HighestEducation": "ต่ำกว่าปริญญาตรี", "ImageFileId": "5c5da856fbcb5f0fd88844c9", "SelfIntroduceFileId": "5c5ea069fbcb5f14489a9a35", "PartyLogo": "https://storage.googleapis.com/candidate-thumbs/party/53.png", "CandididatePhoto": "https://storage.googleapis.com/candidate-thumbs/images/34-2-37.jpg"}, {"Unnamed: 0": 9446, "CandidateId": "57381c6f-9be0-4d98-9da0-144847b4c0ce", "CandidateNo": 38, "FirstName": "ณัฐชนานันท์", "LastName": "วรรณศวัลย์", "PartyName": "รักท้องถิ่นไทย", "PartyNumber": 162, "Title": "นาง", "Votable": true, "province_id": 34, "province_name": "อุบลราชธานี", "zone_number": 2, "PartyTerminated": false, "Age": 59, "Occupation": "นักธุรกิจอิสระเครือข่ายขายตรง", "HighestEducation": "ปริญญาตรี", "ImageFileId": "5c5daacffbcb5f0fd8884577", "SelfIntroduceFileId": "5c5eb6fcfbcb5f14489aac5a", "PartyLogo": "https://storage.googleapis.com/candidate-thumbs/party/162.png", "CandididatePhoto": "https://storage.googleapis.com/candidate-thumbs/images/34-2-38.jpg"}, {"Unnamed: 0": 9447, "CandidateId": "d97648df-b1b6-4f66-913b-a0495de5e1b9", "CandidateNo": 39, "FirstName": "บรรจบ", "LastName": "พุ่มจันทร์", "PartyName": "ไทรักธรรม", "PartyNumber": 144, "Title": "นางสาว", "Votable": true, "province_id": 34, "province_name": "อุบลราชธานี", "zone_number": 2, "PartyTerminated": false, "Age": 41, "Occupation": "ค้าขายอิสระ", "HighestEducation": "ต่ำกว่าปริญญาตรี", "ImageFileId": "5c5dada6fbcb5f0fd88845c9", "SelfIntroduceFileId": "5c5e8db2fbcb5f14489a86bd", "PartyLogo": "https://storage.googleapis.com/candidate-thumbs/party/144.png", "CandididatePhoto": "https://storage.googleapis.com/candidate-thumbs/images/34-2-39.jpg"}]