[{"Unnamed: 0": 831, "CandidateId": "0b62c698-42f7-450c-bada-29892c2be5cf", "CandidateNo": 1, "FirstName": "วีระ", "LastName": "ประสาท", "PartyName": "พลังท้องถิ่นไท", "PartyNumber": 124, "Title": "นาย", "Votable": true, "province_id": 61, "province_name": "อุทัยธานี", "zone_number": 1, "PartyTerminated": false, "Age": 54, "Occupation": "เกษตรกร", "HighestEducation": "ต่ำกว่าปริญญาตรี", "ImageFileId": "5c57cf00fbcb5f1eec0dc97a", "SelfIntroduceFileId": "5c57d671fbcb5f1eec0de978", "PartyLogo": "https://storage.googleapis.com/candidate-thumbs/party/124.png", "CandididatePhoto": "https://storage.googleapis.com/candidate-thumbs/images/61-1-1.jpg"}, {"Unnamed: 0": 832, "CandidateId": "2648550e-257b-49aa-bd92-1cae05e96817", "CandidateNo": 2, "FirstName": "ประมวล", "LastName": "เรืองศรี", "PartyName": "พลังประชารัฐ", "PartyNumber": 192, "Title": "นาย", "Votable": true, "province_id": 61, "province_name": "อุทัยธานี", "zone_number": 1, "PartyTerminated": false, "Age": 62, "Occupation": "รับราชการ", "HighestEducation": "ปริญญาโท", "ImageFileId": "5c57ed5efbcb5f1eec0e899b", "SelfIntroduceFileId": "5c57ee33fbcb5f1eec0e901d", "PartyLogo": "https://storage.googleapis.com/candidate-thumbs/party/192.png", "CandididatePhoto": "https://storage.googleapis.com/candidate-thumbs/images/61-1-2.jpg"}, {"Unnamed: 0": 833, "CandidateId": "3e50b8d0-eeed-47f3-b593-aefcf486e200", "CandidateNo": 3, "FirstName": "ทักษิณ", "LastName": "ทวีการไถ", "PartyName": "เพื่อชาติ", "PartyNumber": 149, "Title": "นาย", "Votable": true, "province_id": 61, "province_name": "อุทัยธานี", "zone_number": 1, "PartyTerminated": false, "Age": 51, "Occupation": "ธุรกิจส่วนตัว", "HighestEducation": "ต่ำกว่าปริญญาตรี", "ImageFileId": "5c57f270fbcb5f1eec0eb9a2", "SelfIntroduceFileId": "5c57f558fbcb5f1eec0ed733", "PartyLogo": "https://storage.googleapis.com/candidate-thumbs/party/149.png", "CandididatePhoto": "https://storage.googleapis.com/candidate-thumbs/images/61-1-3.jpg"}, {"Unnamed: 0": 834, "CandidateId": "00d7f00d-31ca-460a-b4d9-d975a359363e", "CandidateNo": 4, "FirstName": "นาคสินธุ์", "LastName": "นะวะมวัฒน์", "PartyName": "พลังปวงชนไทย", "PartyNumber": 184, "Title": "นาย", "Votable": true, "province_id": 61, "province_name": "อุทัยธานี", "zone_number": 1, "PartyTerminated": false, "Age": 49, "Occupation": "ธุรกิจส่วนตัว", "HighestEducation": "ต่ำกว่าปริญญาตรี", "ImageFileId": "5c57f8f1fbcb5f1eec0efaf8", "SelfIntroduceFileId": "5c57f9e1fbcb5f1eec0f06f0", "PartyLogo": "https://storage.googleapis.com/candidate-thumbs/party/184.png", "CandididatePhoto": "https://storage.googleapis.com/candidate-thumbs/images/61-1-4.jpg"}, {"Unnamed: 0": 835, "CandidateId": "dbdf2094-f3f9-4416-88d2-fdf39018f82a", "CandidateNo": 5, "FirstName": "ธีรภัทร", "LastName": "เทพพันธ์", "PartyName": "อนาคตใหม่", "PartyNumber": 177, "Title": "นาย", "Votable": true, "province_id": 61, "province_name": "อุทัยธานี", "zone_number": 1, "PartyTerminated": false, "Age": 39, "Occupation": "เกษตรกร", "HighestEducation": "ปริญญาโท", "ImageFileId": "5c57fddbfbcb5f1eec0f4088", "SelfIntroduceFileId": "5c57ff0afbcb5f1eec0f5016", "PartyLogo": "https://storage.googleapis.com/candidate-thumbs/party/177.png", "CandididatePhoto": "https://storage.googleapis.com/candidate-thumbs/images/61-1-5.jpg"}, {"Unnamed: 0": 836, "CandidateId": "3282aea3-1e31-4eac-8d05-0a7ec5ea057c", "CandidateNo": 6, "FirstName": "กุลเดช", "LastName": "พัวพัฒนกุล", "PartyName": "ประชาธิปัตย์", "PartyNumber": 1, "Title": "นาย", "Votable": true, "province_id": 61, "province_name": "อุทัยธานี", "zone_number": 1, "PartyTerminated": false, "Age": 61, "Occupation": "นักการเมือง", "HighestEducation": "ปริญญาโท", "ImageFileId": "5c5802f3fbcb5f1eec0f876f", "SelfIntroduceFileId": "5c5803fffbcb5f1eec0f95ad", "PartyLogo": "https://storage.googleapis.com/candidate-thumbs/party/1.png", "CandididatePhoto": "https://storage.googleapis.com/candidate-thumbs/images/61-1-6.jpg"}, {"Unnamed: 0": 837, "CandidateId": "3843a8fa-f2ca-4672-925a-b519092feacb", "CandidateNo": 7, "FirstName": "เจเศรษฐ์", "LastName": "ไทยเศรษฐ์", "PartyName": "ภูมิใจไทย", "PartyNumber": 63, "Title": "นาย", "Votable": true, "province_id": 61, "province_name": "อุทัยธานี", "zone_number": 1, "PartyTerminated": false, "Age": 30, "Occupation": "ธุรกิจส่วนตัว", "HighestEducation": "ปริญญาตรี", "ImageFileId": "5c5807cafbcb5f1eec0fccd9", "SelfIntroduceFileId": "5c5808b0fbcb5f1eec0fd890", "PartyLogo": "https://storage.googleapis.com/candidate-thumbs/party/63.png", "CandididatePhoto": "https://storage.googleapis.com/candidate-thumbs/images/61-1-7.jpg"}, {"Unnamed: 0": 838, "CandidateId": "cb64e03e-6c16-4d5d-b772-ab861f6f00e7", "CandidateNo": 8, "FirstName": "เดชา", "LastName": "คงคา", "PartyName": "ไทยรักษาชาติ", "PartyNumber": 77, "Title": "นาย", "Votable": true, "province_id": 61, "province_name": "อุทัยธานี", "zone_number": 1, "PartyTerminated": true, "Age": 58, "Occupation": "รับราชการ", "HighestEducation": "ปริญญาโท", "ImageFileId": "5c580d33fbcb5f1eec100b6b", "SelfIntroduceFileId": "5c580e13fbcb5f1eec1015c8", "PartyLogo": "https://storage.googleapis.com/candidate-thumbs/party/77.png", "CandididatePhoto": "https://storage.googleapis.com/candidate-thumbs/images/61-1-8.jpg"}, {"Unnamed: 0": 839, "CandidateId": "f981b0dd-4fdb-4b86-95d6-926a00913188", "CandidateNo": 9, "FirstName": "กิตฑิ์ธเณศ", "LastName": "พัฑฒิพงศ์ชูกิจ", "PartyName": "รวมพลังประชาชาติไทย", "PartyNumber": 181, "Title": "นาย", "Votable": true, "province_id": 61, "province_name": "อุทัยธานี", "zone_number": 1, "PartyTerminated": false, "Age": 38, "Occupation": "รับราชการครู", "HighestEducation": "ปริญญาโท", "ImageFileId": "5c591b30fbcb5f1d88151166", "SelfIntroduceFileId": "5c591c19fbcb5f1d8815176c", "PartyLogo": "https://storage.googleapis.com/candidate-thumbs/party/181.png", "CandididatePhoto": "https://storage.googleapis.com/candidate-thumbs/images/61-1-9.jpg"}, {"Unnamed: 0": 840, "CandidateId": "41c8537b-9d0d-4ddd-b194-5ee48d016b13", "CandidateNo": 10, "FirstName": "พัฒนวิชญ์", "LastName": "ชินาธิปวีรนนท์", "PartyName": "ประชาภิวัฒน์", "PartyNumber": 172, "Title": "นาย", "Votable": true, "province_id": 61, "province_name": "อุทัยธานี", "zone_number": 1, "PartyTerminated": false, "Age": 25, "Occupation": "รับจ้าง", "HighestEducation": "ปริญญาตรี", "ImageFileId": "5c58f414fbcb5f1d881345eb", "SelfIntroduceFileId": "5c58f515fbcb5f1d88134e78", "PartyLogo": "https://storage.googleapis.com/candidate-thumbs/party/172.png", "CandididatePhoto": "https://storage.googleapis.com/candidate-thumbs/images/61-1-10.jpg"}, {"Unnamed: 0": 841, "CandidateId": "9d23636e-74cf-4429-8015-20fba12e0b3f", "CandidateNo": 11, "FirstName": "นราภัคค์", "LastName": "วินัยพานิช", "PartyName": "รักษ์ผืนป่าประเทศไทย", "PartyNumber": 133, "Title": "นางสาว", "Votable": true, "province_id": 61, "province_name": "อุทัยธานี", "zone_number": 1, "PartyTerminated": false, "Age": 40, "Occupation": "ค้าขาย", "HighestEducation": "ปริญญาตรี", "ImageFileId": "5c590304fbcb5f1d8813ea47", "SelfIntroduceFileId": "5c5903e1fbcb5f1d8813f17d", "PartyLogo": "https://storage.googleapis.com/candidate-thumbs/party/133.png", "CandididatePhoto": "https://storage.googleapis.com/candidate-thumbs/images/61-1-11.jpg"}, {"Unnamed: 0": 842, "CandidateId": "d5f23694-2216-4d0c-a086-bed47f85fcdd", "CandidateNo": 12, "FirstName": "อดุลย์", "LastName": "ศรีกิจ", "PartyName": "แผ่นดินธรรม", "PartyNumber": 188, "Title": "นาย", "Votable": true, "province_id": 61, "province_name": "อุทัยธานี", "zone_number": 1, "PartyTerminated": false, "Age": 53, "Occupation": "รับจ้าง", "HighestEducation": "ปริญญาโท", "ImageFileId": "5c590b94fbcb5f1d8814592f", "SelfIntroduceFileId": "5c590c6afbcb5f1d88146562", "PartyLogo": "https://storage.googleapis.com/candidate-thumbs/party/188.png", "CandididatePhoto": "https://storage.googleapis.com/candidate-thumbs/images/61-1-12.jpg"}, {"Unnamed: 0": 843, "CandidateId": "eb52cc03-5b13-4a03-9110-0416037cf8b5", "CandidateNo": 13, "FirstName": "อนันต์", "LastName": "เข็มทอง", "PartyName": "พลเมืองไทย", "PartyNumber": 173, "Title": "นาย", "Votable": true, "province_id": 61, "province_name": "อุทัยธานี", "zone_number": 1, "PartyTerminated": false, "Age": 59, "Occupation": "รับราชการ", "HighestEducation": "ปริญญาตรี", "ImageFileId": "5c590ebafbcb5f1d881482d6", "SelfIntroduceFileId": "5c590ff3fbcb5f1d88149873", "PartyLogo": "https://storage.googleapis.com/candidate-thumbs/party/173.png", "CandididatePhoto": "https://storage.googleapis.com/candidate-thumbs/images/61-1-13.jpg"}, {"Unnamed: 0": 844, "CandidateId": "f9471492-3553-4fd9-b0d5-fd37b88401d8", "CandidateNo": 14, "FirstName": "สมชาย", "LastName": "นพรัตน์", "PartyName": "เสรีรวมไทย", "PartyNumber": 145, "Title": "นาย", "Votable": true, "province_id": 61, "province_name": "อุทัยธานี", "zone_number": 1, "PartyTerminated": false, "Age": 63, "Occupation": "นักการเมือง", "HighestEducation": "ต่ำกว่าปริญญาตรี", "ImageFileId": "5c5913a2fbcb5f1d8814cb6d", "SelfIntroduceFileId": "5c59147dfbcb5f1d8814d55a", "PartyLogo": "https://storage.googleapis.com/candidate-thumbs/party/145.png", "CandididatePhoto": "https://storage.googleapis.com/candidate-thumbs/images/61-1-14.jpg"}, {"Unnamed: 0": 845, "CandidateId": "a6286a4a-2aea-480f-a3d3-c400cb7a6c7a", "CandidateNo": 15, "FirstName": "สำเริง", "LastName": "อารีภักดิ์", "PartyName": "เพื่อแผ่นดิน", "PartyNumber": 41, "Title": "นาง", "Votable": true, "province_id": 61, "province_name": "อุทัยธานี", "zone_number": 1, "PartyTerminated": false, "Age": 57, "Occupation": "แม่บ้าน", "HighestEducation": "ต่ำกว่าปริญญาตรี", "ImageFileId": "5c5a6fe6fbcb5f19bcaa04e0", "SelfIntroduceFileId": "5c5a7141fbcb5f19bcaa0957", "PartyLogo": "https://storage.googleapis.com/candidate-thumbs/party/41.png", "CandididatePhoto": "https://storage.googleapis.com/candidate-thumbs/images/61-1-15.jpg"}, {"Unnamed: 0": 846, "CandidateId": "e873090f-4da6-46b1-8f8e-6806bb776cdf", "CandidateNo": 16, "FirstName": "ทิพย์", "LastName": "จูเปีย", "PartyName": "พลังชาติไทย", "PartyNumber": 186, "Title": "นาย", "Votable": true, "province_id": 61, "province_name": "อุทัยธานี", "zone_number": 1, "PartyTerminated": false, "Age": 59, "Occupation": "เสมียนทนายความ", "HighestEducation": "ต่ำกว่าปริญญาตรี", "ImageFileId": "5c5a829cfbcb5f19bcaa7acc", "SelfIntroduceFileId": "5c5a9395fbcb5f19bcaafa78", "PartyLogo": "https://storage.googleapis.com/candidate-thumbs/party/186.png", "CandididatePhoto": "https://storage.googleapis.com/candidate-thumbs/images/61-1-16.jpg"}, {"Unnamed: 0": 847, "CandidateId": "22dab3f0-06dd-487d-8880-e9dedfa43dd2", "CandidateNo": 17, "FirstName": "ดิเรก", "LastName": "จันทา", "PartyName": "เพื่อนไทย", "PartyNumber": 179, "Title": "ร้อยตำรวจตรี", "Votable": false, "province_id": 61, "province_name": "อุทัยธานี", "zone_number": 1, "PartyTerminated": false, "Age": 68, "Occupation": "ข้าราชการบำนาญ", "HighestEducation": "ต่ำกว่าปริญญาตรี", "ImageFileId": "5c5a8942fbcb5f19bcaaa8d7", "SelfIntroduceFileId": "5c5a89e2fbcb5f19bcaaae40", "PartyLogo": "https://storage.googleapis.com/candidate-thumbs/party/179.png", "CandididatePhoto": "https://storage.googleapis.com/candidate-thumbs/images/61-1-17.jpg"}, {"Unnamed: 0": 848, "CandidateId": "57bc8504-73af-444a-bcec-f0c4bc54b867", "CandidateNo": 18, "FirstName": "สุรศักดิ์", "LastName": "น้อยวงษ์", "PartyName": "ประชานิยม", "PartyNumber": 191, "Title": "นาย", "Votable": true, "province_id": 61, "province_name": "อุทัยธานี", "zone_number": 1, "PartyTerminated": false, "Age": 49, "Occupation": "ค้าขาย", "HighestEducation": "ปริญญาตรี", "ImageFileId": "5c5bad2ffbcb5f16fc65dcc7", "SelfIntroduceFileId": "5c5badaefbcb5f16fc65e0a4", "PartyLogo": "https://storage.googleapis.com/candidate-thumbs/party/191.png", "CandididatePhoto": "https://storage.googleapis.com/candidate-thumbs/images/61-1-18.jpg"}, {"Unnamed: 0": 849, "CandidateId": "22f7aa2a-40a6-45a9-9693-4e0e052daba0", "CandidateNo": 19, "FirstName": "สาธิต", "LastName": "สุขรี", "PartyName": "ประชาชนปฏิรูป", "PartyNumber": 176, "Title": "นาย", "Votable": true, "province_id": 61, "province_name": "อุทัยธานี", "zone_number": 1, "PartyTerminated": false, "Age": 51, "Occupation": "พ่อค้า", "HighestEducation": "ต่ำกว่าปริญญาตรี", "ImageFileId": "5c5bba29fbcb5f16fc664815", "SelfIntroduceFileId": "5c5bbaa4fbcb5f16fc664aff", "PartyLogo": "https://storage.googleapis.com/candidate-thumbs/party/176.png", "CandididatePhoto": "https://storage.googleapis.com/candidate-thumbs/images/61-1-19.jpg"}, {"Unnamed: 0": 850, "CandidateId": "64767c0a-2f60-499a-9887-fd34cd95ba2b", "CandidateNo": 20, "FirstName": "อุกฤษณ์", "LastName": "เส็งหะพันธ์", "PartyName": "เครือข่ายชาวนาแห่งประเทศไทย", "PartyNumber": 22, "Title": "นาย", "Votable": true, "province_id": 61, "province_name": "อุทัยธานี", "zone_number": 1, "PartyTerminated": false, "Age": 66, "Occupation": "เกษรตกรรม", "HighestEducation": "ต่ำกว่าปริญญาตรี", "ImageFileId": "5c5bd0cbfbcb5f16fc66c0fb", "SelfIntroduceFileId": "5c5bd09dfbcb5f16fc66bf74", "PartyLogo": "https://storage.googleapis.com/candidate-thumbs/party/22.png", "CandididatePhoto": "https://storage.googleapis.com/candidate-thumbs/images/61-1-20.jpg"}, {"Unnamed: 0": 851, "CandidateId": "a87325d3-2503-497a-8703-ebbf9ff08ae3", "CandidateNo": 21, "FirstName": "อรกัญญา", "LastName": "อมรจันทร์เพ็ญ", "PartyName": "เศรษฐกิจใหม่", "PartyNumber": 193, "Title": "นางสาว", "Votable": true, "province_id": 61, "province_name": "อุทัยธานี", "zone_number": 1, "PartyTerminated": false, "Age": 33, "Occupation": "พนักงานบริษัท", "HighestEducation": "ปริญญาตรี", "ImageFileId": "5c5d2ed0fbcb5f0fd885b87b", "SelfIntroduceFileId": "5c5d2fd2fbcb5f0fd885c0bc", "PartyLogo": "https://storage.googleapis.com/candidate-thumbs/party/193.png", "CandididatePhoto": "https://storage.googleapis.com/candidate-thumbs/images/61-1-21.jpg"}, {"Unnamed: 0": 852, "CandidateId": "d8345a11-78fe-4ebe-89f8-0ce116fb7ea7", "CandidateNo": 22, "FirstName": "เตชนิธิ", "LastName": "ปากเกร็ด", "PartyName": "พลังประชาธิปไตย", "PartyNumber": 153, "Title": "นาย", "Votable": true, "province_id": 61, "province_name": "อุทัยธานี", "zone_number": 1, "PartyTerminated": false, "Age": 40, "Occupation": "ค้าขาย", "HighestEducation": "ปริญญาตรี", "ImageFileId": "5c5d303ffbcb5f0fd885c3ed", "SelfIntroduceFileId": "5c5d313dfbcb5f0fd885cb71", "PartyLogo": "https://storage.googleapis.com/candidate-thumbs/party/153.png", "CandididatePhoto": "https://storage.googleapis.com/candidate-thumbs/images/61-1-22.jpg"}, {"Unnamed: 0": 853, "CandidateId": "71336258-0a93-4ac0-ac80-e21adf979806", "CandidateNo": 23, "FirstName": "มนัส", "LastName": "คำมัน", "PartyName": "พลังสังคม", "PartyNumber": 198, "Title": "นาย", "Votable": true, "province_id": 61, "province_name": "อุทัยธานี", "zone_number": 1, "PartyTerminated": false, "Age": 41, "Occupation": "เกษตรกร", "HighestEducation": "ต่ำกว่าปริญญาตรี", "ImageFileId": "5c5d318cfbcb5f0fd885cf3c", "SelfIntroduceFileId": "5c5d3265fbcb5f0fd885d6c1", "PartyLogo": "https://storage.googleapis.com/candidate-thumbs/party/198.png", "CandididatePhoto": "https://storage.googleapis.com/candidate-thumbs/images/61-1-23.jpg"}, {"Unnamed: 0": 854, "CandidateId": "129105d2-b72c-4a71-9f42-4c3a34ecd833", "CandidateNo": 24, "FirstName": "ธนู", "LastName": "เทียนเจริญ", "PartyName": "ไทรักธรรม", "PartyNumber": 144, "Title": "นาย", "Votable": true, "province_id": 61, "province_name": "อุทัยธานี", "zone_number": 1, "PartyTerminated": false, "Age": 58, "Occupation": "เกษตรกร", "HighestEducation": "ต่ำกว่าปริญญาตรี", "ImageFileId": "5c5d548bfbcb5f0fd8872f57", "SelfIntroduceFileId": "5c5d551afbcb5f0fd8873962", "PartyLogo": "https://storage.googleapis.com/candidate-thumbs/party/144.png", "CandididatePhoto": "https://storage.googleapis.com/candidate-thumbs/images/61-1-24.jpg"}]