[{"Unnamed: 0": 9631, "CandidateId": "0c92e3bd-3771-404b-9df0-ddd0ea722fc4", "CandidateNo": 1, "FirstName": "สุริยา", "LastName": "โง่นสูงเนิน", "PartyName": "พลังท้องถิ่นไท", "PartyNumber": 124, "Title": "นาย", "Votable": true, "province_id": 34, "province_name": "อุบลราชธานี", "zone_number": 8, "PartyTerminated": false, "Age": 55, "Occupation": "ดีเจวิทยุ", "HighestEducation": "ต่ำกว่าปริญญาตรี", "ImageFileId": "5c5944c1fbcb5f1d88171abe", "SelfIntroduceFileId": "5c594770fbcb5f1d8817431b", "PartyLogo": "https://storage.googleapis.com/candidate-thumbs/party/124.png", "CandididatePhoto": "https://storage.googleapis.com/candidate-thumbs/images/34-8-1.jpg"}, {"Unnamed: 0": 9632, "CandidateId": "9e74b85b-f255-47ee-a9d8-366d834b40f5", "CandidateNo": 2, "FirstName": "เอกพล", "LastName": "ญาวงค์", "PartyName": "เพื่อไทย", "PartyNumber": 34, "Title": "นาย", "Votable": true, "province_id": 34, "province_name": "อุบลราชธานี", "zone_number": 8, "PartyTerminated": false, "Age": 37, "Occupation": "สมาชิกองค์การบริหารส่วนจังหวัดอุบลราชธานี", "HighestEducation": "ต่ำกว่าปริญญาตรี", "ImageFileId": "5c59423dfbcb5f1d8816fa7b", "SelfIntroduceFileId": "5c5943adfbcb5f1d88170bb5", "PartyLogo": "https://storage.googleapis.com/candidate-thumbs/party/34.png", "CandididatePhoto": "https://storage.googleapis.com/candidate-thumbs/images/34-8-2.jpg"}, {"Unnamed: 0": 9633, "CandidateId": "85c0f5f0-df02-4b63-b8d8-069276fe9df9", "CandidateNo": 3, "FirstName": "สุพิศตา", "LastName": "สงวนงาม", "PartyName": "รวมพลังประชาชาติไทย", "PartyNumber": 181, "Title": "นาง", "Votable": true, "province_id": 34, "province_name": "อุบลราชธานี", "zone_number": 8, "PartyTerminated": false, "Age": 40, "Occupation": "ค้าขาย", "HighestEducation": "ต่ำกว่าปริญญาตรี", "ImageFileId": "5c593bb6fbcb5f1d8816a1c9", "SelfIntroduceFileId": "5c593cc7fbcb5f1d8816ad9f", "PartyLogo": "https://storage.googleapis.com/candidate-thumbs/party/181.png", "CandididatePhoto": "https://storage.googleapis.com/candidate-thumbs/images/34-8-3.jpg"}, {"Unnamed: 0": 9634, "CandidateId": "0b67ee40-b0a4-4d34-9e1e-72794d3e3107", "CandidateNo": 4, "FirstName": "อัมพร", "LastName": "วาภพ", "PartyName": "อนาคตใหม่", "PartyNumber": 177, "Title": "นาย", "Votable": true, "province_id": 34, "province_name": "อุบลราชธานี", "zone_number": 8, "PartyTerminated": false, "Age": 35, "Occupation": "ธุรกิจส่วนตัว", "HighestEducation": "ปริญญาโท", "ImageFileId": "5c59396cfbcb5f1d88168456", "SelfIntroduceFileId": "5c593a18fbcb5f1d88168cb5", "PartyLogo": "https://storage.googleapis.com/candidate-thumbs/party/177.png", "CandididatePhoto": "https://storage.googleapis.com/candidate-thumbs/images/34-8-4.jpg"}, {"Unnamed: 0": 9635, "CandidateId": "b56eb4fc-3020-4317-8825-dfa94f758f22", "CandidateNo": 5, "FirstName": "วริศรา", "LastName": "ดาวัลย์", "PartyName": "เสรีรวมไทย", "PartyNumber": 145, "Title": "นาง", "Votable": true, "province_id": 34, "province_name": "อุบลราชธานี", "zone_number": 8, "PartyTerminated": false, "Age": 45, "Occupation": "พยาบาลวิชาชีพ", "HighestEducation": "ปริญญาโท", "ImageFileId": "5c5933fafbcb5f1d88163530", "SelfIntroduceFileId": "5c5936dcfbcb5f1d88165b86", "PartyLogo": "https://storage.googleapis.com/candidate-thumbs/party/145.png", "CandididatePhoto": "https://storage.googleapis.com/candidate-thumbs/images/34-8-5.jpg"}, {"Unnamed: 0": 9636, "CandidateId": "8f6f052b-3a70-4256-a0c2-0094dfa73acb", "CandidateNo": 6, "FirstName": "ทองพูล", "LastName": "มอบหมาย", "PartyName": "เศรษฐกิจใหม่", "PartyNumber": 193, "Title": "นาย", "Votable": true, "province_id": 34, "province_name": "อุบลราชธานี", "zone_number": 8, "PartyTerminated": false, "Age": 60, "Occupation": "กำนัน", "HighestEducation": "ปริญญาตรี", "ImageFileId": "5c593166fbcb5f1d881611c1", "SelfIntroduceFileId": "5c593285fbcb5f1d8816212f", "PartyLogo": "https://storage.googleapis.com/candidate-thumbs/party/193.png", "CandididatePhoto": "https://storage.googleapis.com/candidate-thumbs/images/34-8-6.jpg"}, {"Unnamed: 0": 9637, "CandidateId": "41278c91-ddde-4d37-ab45-fee3e33ee50f", "CandidateNo": 7, "FirstName": "ชาญณรงค์เดช", "LastName": "อยู่สุข", "PartyName": "ประชาธิปไตยใหม่", "PartyNumber": 109, "Title": "นาย", "Votable": true, "province_id": 34, "province_name": "อุบลราชธานี", "zone_number": 8, "PartyTerminated": false, "Age": 57, "Occupation": "เจ้าพนักงานจัดเก็บรายได้", "HighestEducation": "ปริญญาตรี", "ImageFileId": "5c592ea5fbcb5f1d8815ed98", "SelfIntroduceFileId": "5c592fa6fbcb5f1d8815fa07", "PartyLogo": "https://storage.googleapis.com/candidate-thumbs/party/109.png", "CandididatePhoto": "https://storage.googleapis.com/candidate-thumbs/images/34-8-7.jpg"}, {"Unnamed: 0": 9638, "CandidateId": "44fd137e-29be-4bc6-a1f7-15d435e01f94", "CandidateNo": 8, "FirstName": "พิเศก", "LastName": "เทียนชัย", "PartyName": "ประชาชาติ", "PartyNumber": 187, "Title": "นาย", "Votable": true, "province_id": 34, "province_name": "อุบลราชธานี", "zone_number": 8, "PartyTerminated": false, "Age": 51, "Occupation": "รับจ้าง", "HighestEducation": "ปริญญาตรี", "ImageFileId": "5c592848fbcb5f1d881589c7", "SelfIntroduceFileId": "5c5929a5fbcb5f1d88159a16", "PartyLogo": "https://storage.googleapis.com/candidate-thumbs/party/187.png", "CandididatePhoto": "https://storage.googleapis.com/candidate-thumbs/images/34-8-8.jpg"}, {"Unnamed: 0": 9639, "CandidateId": "b4d5da33-bd59-498f-8000-b83335b18b74", "CandidateNo": 9, "FirstName": "ชัยพล", "LastName": "สัตยากูล", "PartyName": "เพื่อชาติ", "PartyNumber": 149, "Title": "นาย", "Votable": true, "province_id": 34, "province_name": "อุบลราชธานี", "zone_number": 8, "PartyTerminated": false, "Age": 44, "Occupation": "ค้าขาย", "HighestEducation": "ต่ำกว่าปริญญาตรี", "ImageFileId": "5c59238bfbcb5f1d8815541a", "SelfIntroduceFileId": "5c59245ffbcb5f1d88155da5", "PartyLogo": "https://storage.googleapis.com/candidate-thumbs/party/149.png", "CandididatePhoto": "https://storage.googleapis.com/candidate-thumbs/images/34-8-9.jpg"}, {"Unnamed: 0": 9640, "CandidateId": "aef5dd05-3070-43d3-a0dd-aced50c8dae8", "CandidateNo": 10, "FirstName": "ณรงค์ศักดิ์", "LastName": "โกศัลวัฒน์", "PartyName": "พลังประชารัฐ", "PartyNumber": 192, "Title": "นาย", "Votable": true, "province_id": 34, "province_name": "อุบลราชธานี", "zone_number": 8, "PartyTerminated": false, "Age": 62, "Occupation": "นายกเทศมนตรีเทศบาลเมืองพิบูลมังสาหาร", "HighestEducation": "ปริญญาโท", "ImageFileId": "5c59126efbcb5f1d8814bb9e", "SelfIntroduceFileId": "5c591536fbcb5f1d8814de26", "PartyLogo": "https://storage.googleapis.com/candidate-thumbs/party/192.png", "CandididatePhoto": "https://storage.googleapis.com/candidate-thumbs/images/34-8-10.jpg"}, {"Unnamed: 0": 9641, "CandidateId": "383edd66-9c41-43f1-ad53-8b9a540f270f", "CandidateNo": 11, "FirstName": "คำภา", "LastName": "หาทรัพย์", "PartyName": "ประชานิยม", "PartyNumber": 191, "Title": "นาย", "Votable": true, "province_id": 34, "province_name": "อุบลราชธานี", "zone_number": 8, "PartyTerminated": false, "Age": 52, "Occupation": "ธุรกิจส่วนตัว", "HighestEducation": "ต่ำกว่าปริญญาตรี", "ImageFileId": "5c59118afbcb5f1d8814b08f", "SelfIntroduceFileId": "5c592220fbcb5f1d881546cc", "PartyLogo": "https://storage.googleapis.com/candidate-thumbs/party/191.png", "CandididatePhoto": "https://storage.googleapis.com/candidate-thumbs/images/34-8-11.jpg"}, {"Unnamed: 0": 9642, "CandidateId": "06ac8f1f-32a7-4b45-b2e7-5db551df0071", "CandidateNo": 12, "FirstName": "ยศพัทธ์", "LastName": "จันทมา", "PartyName": "ชาติไทยพัฒนา", "PartyNumber": 55, "Title": "นาย", "Votable": true, "province_id": 34, "province_name": "อุบลราชธานี", "zone_number": 8, "PartyTerminated": false, "Age": 60, "Occupation": "รับราชการครูตำแหน่งผู้อำนวยการโรงเรียน", "HighestEducation": "ปริญญาเอก", "ImageFileId": "5c590b76fbcb5f1d8814567b", "SelfIntroduceFileId": "5c591007fbcb5f1d881499ae", "PartyLogo": "https://storage.googleapis.com/candidate-thumbs/party/55.png", "CandididatePhoto": "https://storage.googleapis.com/candidate-thumbs/images/34-8-12.jpg"}, {"Unnamed: 0": 9643, "CandidateId": "ad833173-5c04-434e-adf4-764ebd975010", "CandidateNo": 13, "FirstName": "แนน บุณย์ธิดา", "LastName": "สมชัย", "PartyName": "ประชาธิปัตย์", "PartyNumber": 1, "Title": "นางสาว", "Votable": true, "province_id": 34, "province_name": "อุบลราชธานี", "zone_number": 8, "PartyTerminated": false, "Age": 35, "Occupation": "นักการเมือง", "HighestEducation": "ปริญญาโท", "ImageFileId": "5c590853fbcb5f1d881429d4", "SelfIntroduceFileId": "5c5909a8fbcb5f1d88143af7", "PartyLogo": "https://storage.googleapis.com/candidate-thumbs/party/1.png", "CandididatePhoto": "https://storage.googleapis.com/candidate-thumbs/images/34-8-13.jpg"}, {"Unnamed: 0": 9644, "CandidateId": "338d166d-4375-4d47-98da-11e00f49c946", "CandidateNo": 14, "FirstName": "แสง", "LastName": "ศรีบุระ", "PartyName": "ภูมิใจไทย", "PartyNumber": 63, "Title": "นาย", "Votable": true, "province_id": 34, "province_name": "อุบลราชธานี", "zone_number": 8, "PartyTerminated": false, "Age": 59, "Occupation": "เกษตรกร", "HighestEducation": "ปริญญาโท", "ImageFileId": "5c59075bfbcb5f1d88141fb7", "SelfIntroduceFileId": "5c592c46fbcb5f1d8815c851", "PartyLogo": "https://storage.googleapis.com/candidate-thumbs/party/63.png", "CandididatePhoto": "https://storage.googleapis.com/candidate-thumbs/images/34-8-14.jpg"}, {"Unnamed: 0": 9645, "CandidateId": "63657f4d-70cf-4095-a5a3-c29e86731d9c", "CandidateNo": 15, "FirstName": "ณชชญา", "LastName": "เลิศอาภัสร์", "PartyName": "ประชาชนปฏิรูป", "PartyNumber": 176, "Title": "นางสาว", "Votable": true, "province_id": 34, "province_name": "อุบลราชธานี", "zone_number": 8, "PartyTerminated": false, "Age": 34, "Occupation": "ค้าขาย", "HighestEducation": "ปริญญาตรี", "ImageFileId": "5c57e437fbcb5f1eec0e3abe", "SelfIntroduceFileId": "5c590186fbcb5f1d8813d52b", "PartyLogo": "https://storage.googleapis.com/candidate-thumbs/party/176.png", "CandididatePhoto": "https://storage.googleapis.com/candidate-thumbs/images/34-8-15.jpg"}, {"Unnamed: 0": 9646, "CandidateId": "93613cb2-43ee-41a0-b5eb-af4c2f855253", "CandidateNo": 16, "FirstName": "พชรลัศน์", "LastName": "ปวิชวงศ์วริศ", "PartyName": "ชาติพัฒนา", "PartyNumber": 45, "Title": "นางสาว", "Votable": true, "province_id": 34, "province_name": "อุบลราชธานี", "zone_number": 8, "PartyTerminated": false, "Age": 27, "Occupation": "เกษตรกร", "HighestEducation": "ปริญญาตรี", "ImageFileId": "5c5a4ddbfbcb5f19bca9119d", "SelfIntroduceFileId": "5c5a4f79fbcb5f19bca9209a", "PartyLogo": "https://storage.googleapis.com/candidate-thumbs/party/45.png", "CandididatePhoto": "https://storage.googleapis.com/candidate-thumbs/images/34-8-16.jpg"}, {"Unnamed: 0": 9647, "CandidateId": "faf54f6b-ffea-48c6-818d-d1ff94375485", "CandidateNo": 17, "FirstName": "พงษ์นาวิน", "LastName": "แสงสาย", "PartyName": "เพื่อนไทย", "PartyNumber": 179, "Title": "นาย", "Votable": false, "province_id": 34, "province_name": "อุบลราชธานี", "zone_number": 8, "PartyTerminated": false, "Age": 60, "Occupation": "ข้าราชการบำนาญ", "HighestEducation": "ปริญญาตรี", "ImageFileId": "5c5a49c6fbcb5f19bca8ecf5", "SelfIntroduceFileId": "5c5a4bb7fbcb5f19bca8ff9e", "PartyLogo": "https://storage.googleapis.com/candidate-thumbs/party/179.png", "CandididatePhoto": "https://storage.googleapis.com/candidate-thumbs/images/34-8-17.jpg"}, {"Unnamed: 0": 9648, "CandidateId": "bcbff313-50d2-4456-be93-9b840e490368", "CandidateNo": 18, "FirstName": "ชวนินทร์", "LastName": "ถิ่นขาม", "PartyName": "ประชาภิวัฒน์", "PartyNumber": 172, "Title": "นาย", "Votable": true, "province_id": 34, "province_name": "อุบลราชธานี", "zone_number": 8, "PartyTerminated": false, "Age": 61, "Occupation": "ข้าราชการบำนาญ", "HighestEducation": "ปริญญาตรี", "ImageFileId": "5c5a4544fbcb5f19bca8c9ac", "SelfIntroduceFileId": "5c5a46e7fbcb5f19bca8d754", "PartyLogo": "https://storage.googleapis.com/candidate-thumbs/party/172.png", "CandididatePhoto": "https://storage.googleapis.com/candidate-thumbs/images/34-8-18.jpg"}, {"Unnamed: 0": 9649, "CandidateId": "f9d90a58-47bb-4971-aa1d-1e90549a7e33", "CandidateNo": 19, "FirstName": "นริศรา", "LastName": "มาระพันธ์", "PartyName": "กลาง", "PartyNumber": 203, "Title": "นาง", "Votable": true, "province_id": 34, "province_name": "อุบลราชธานี", "zone_number": 8, "PartyTerminated": false, "Age": 48, "Occupation": "เกษตรกร", "HighestEducation": "ต่ำกว่าปริญญาตรี", "ImageFileId": "5c5a7dfefbcb5f19bcaa51e8", "SelfIntroduceFileId": "5c5a885bfbcb5f19bcaaa28d", "PartyLogo": "https://storage.googleapis.com/candidate-thumbs/party/203.png", "CandididatePhoto": "https://storage.googleapis.com/candidate-thumbs/images/34-8-19.jpg"}, {"Unnamed: 0": 9650, "CandidateId": "7375ebc1-2973-45df-9d97-40fec0bd0e9e", "CandidateNo": 20, "FirstName": "สิทธิเทพ", "LastName": "บรรเรืองทอง", "PartyName": "ไทยศรีวิไลย์", "PartyNumber": 180, "Title": "นาย", "Votable": true, "province_id": 34, "province_name": "อุบลราชธานี", "zone_number": 8, "PartyTerminated": false, "Age": 53, "Occupation": "ทำนา", "HighestEducation": "ปริญญาตรี", "ImageFileId": "5c5a7b30fbcb5f19bcaa3cd3", "SelfIntroduceFileId": "5c5a7cbafbcb5f19bcaa47bb", "PartyLogo": "https://storage.googleapis.com/candidate-thumbs/party/180.png", "CandididatePhoto": "https://storage.googleapis.com/candidate-thumbs/images/34-8-20.jpg"}, {"Unnamed: 0": 9651, "CandidateId": "deb4795e-c7f4-4c25-a158-825987e25b6a", "CandidateNo": 21, "FirstName": "มานะ", "LastName": "แรงมูลพฤกษ์", "PartyName": "แผ่นดินธรรม", "PartyNumber": 188, "Title": "นาย", "Votable": true, "province_id": 34, "province_name": "อุบลราชธานี", "zone_number": 8, "PartyTerminated": false, "Age": 46, "Occupation": "ธุรกิจส่วนตัว", "HighestEducation": "ต่ำกว่าปริญญาตรี", "ImageFileId": "5c5cec65fbcb5f16fc68d6dd", "SelfIntroduceFileId": "5c5ced13fbcb5f16fc68dadb", "PartyLogo": "https://storage.googleapis.com/candidate-thumbs/party/188.png", "CandididatePhoto": "https://storage.googleapis.com/candidate-thumbs/images/34-8-21.jpg"}, {"Unnamed: 0": 9652, "CandidateId": "2b867ade-5bd2-4e7c-9bf0-2f38b918295d", "CandidateNo": 22, "FirstName": "อิทธิศักดิ์", "LastName": "แฝงพงศ์", "PartyName": "ครูไทยเพื่อประชาชน", "PartyNumber": 118, "Title": "นาย", "Votable": true, "province_id": 34, "province_name": "อุบลราชธานี", "zone_number": 8, "PartyTerminated": false, "Age": 61, "Occupation": "รับราชการครู", "HighestEducation": "ปริญญาโท", "ImageFileId": "5c5cef76fbcb5f16fc68e862", "SelfIntroduceFileId": "5c5cf072fbcb5f16fc68ef0f", "PartyLogo": "https://storage.googleapis.com/candidate-thumbs/party/118.png", "CandididatePhoto": "https://storage.googleapis.com/candidate-thumbs/images/34-8-22.jpg"}, {"Unnamed: 0": 9653, "CandidateId": "1e0b8ff2-fc8d-4b7e-b536-2047b3a85ae4", "CandidateNo": 23, "FirstName": "สุขขี", "LastName": "พรมสาร", "PartyName": "พลังครูไทย", "PartyNumber": 210, "Title": "นาย", "Votable": true, "province_id": 34, "province_name": "อุบลราชธานี", "zone_number": 8, "PartyTerminated": false, "Age": 60, "Occupation": "ข้าราชการครู", "HighestEducation": "ปริญญาโท", "ImageFileId": "5c5cf38afbcb5f16fc6904d2", "SelfIntroduceFileId": "5c5cf468fbcb5f16fc690abc", "PartyLogo": "https://storage.googleapis.com/candidate-thumbs/party/210.png", "CandididatePhoto": "https://storage.googleapis.com/candidate-thumbs/images/34-8-23.jpg"}, {"Unnamed: 0": 9654, "CandidateId": "2b064ace-9ec5-4e0e-a24d-43f81826cd49", "CandidateNo": 24, "FirstName": "วิชาญ", "LastName": "โคตรแก้ว", "PartyName": "เพื่อแผ่นดิน", "PartyNumber": 41, "Title": "นาย", "Votable": true, "province_id": 34, "province_name": "อุบลราชธานี", "zone_number": 8, "PartyTerminated": false, "Age": 59, "Occupation": "เกษตรกร", "HighestEducation": "ต่ำกว่าปริญญาตรี", "ImageFileId": "5c5cf89bfbcb5f0fd8844427", "SelfIntroduceFileId": "5c5cfa48fbcb5f0fd884512b", "PartyLogo": "https://storage.googleapis.com/candidate-thumbs/party/41.png", "CandididatePhoto": "https://storage.googleapis.com/candidate-thumbs/images/34-8-24.jpg"}, {"Unnamed: 0": 9655, "CandidateId": "a8347cdd-7551-44c9-9a46-2672421b9afd", "CandidateNo": 25, "FirstName": "จำนงค์", "LastName": "หล้าบุดดา", "PartyName": "มหาชน", "PartyNumber": 4, "Title": "นาง", "Votable": true, "province_id": 34, "province_name": "อุบลราชธานี", "zone_number": 8, "PartyTerminated": false, "Age": 57, "Occupation": "รับจ้าง", "HighestEducation": "ต่ำกว่าปริญญาตรี", "ImageFileId": "5c5cfb97fbcb5f0fd8845e0a", "SelfIntroduceFileId": "5c5cfc2dfbcb5f0fd88460e6", "PartyLogo": "https://storage.googleapis.com/candidate-thumbs/party/4.png", "CandididatePhoto": "https://storage.googleapis.com/candidate-thumbs/images/34-8-25.jpg"}, {"Unnamed: 0": 9656, "CandidateId": "c872a360-81c2-4e67-96ec-f29570de2888", "CandidateNo": 26, "FirstName": "วิทวัส", "LastName": "อยู่คง", "PartyName": "พลังไทสร้างชาติ", "PartyNumber": 200, "Title": "นาย", "Votable": true, "province_id": 34, "province_name": "อุบลราชธานี", "zone_number": 8, "PartyTerminated": false, "Age": 61, "Occupation": "ข้าราชการบำนาญ", "HighestEducation": "ปริญญาโท", "ImageFileId": "5c5d008dfbcb5f0fd8848851", "SelfIntroduceFileId": "5c5cffeffbcb5f0fd884823f", "PartyLogo": "https://storage.googleapis.com/candidate-thumbs/party/200.png", "CandididatePhoto": "https://storage.googleapis.com/candidate-thumbs/images/34-8-26.jpg"}, {"Unnamed: 0": 9657, "CandidateId": "a7c3e0a0-53f6-47dc-b348-2da95007daef", "CandidateNo": 27, "FirstName": "วีระศักดิ์", "LastName": "ชัยช่วย", "PartyName": "พลังชาติไทย", "PartyNumber": 186, "Title": "นาย", "Votable": true, "province_id": 34, "province_name": "อุบลราชธานี", "zone_number": 8, "PartyTerminated": false, "Age": 48, "Occupation": "รับเหมาก่อสร้าง", "HighestEducation": "ปริญญาตรี", "ImageFileId": "5c5d03ddfbcb5f0fd884a36d", "SelfIntroduceFileId": "5c5d0571fbcb5f0fd884b05b", "PartyLogo": "https://storage.googleapis.com/candidate-thumbs/party/186.png", "CandididatePhoto": "https://storage.googleapis.com/candidate-thumbs/images/34-8-27.jpg"}, {"Unnamed: 0": 9658, "CandidateId": "2ec4cdae-43ea-4251-bbea-025b77ec47b2", "CandidateNo": 28, "FirstName": "ปัญญา", "LastName": "สิงห์ทอง", "PartyName": "พลังปวงชนไทย", "PartyNumber": 184, "Title": "นาย", "Votable": true, "province_id": 34, "province_name": "อุบลราชธานี", "zone_number": 8, "PartyTerminated": false, "Age": 53, "Occupation": "สื่อสารมวลชน", "HighestEducation": "ปริญญาตรี", "ImageFileId": "5c5d091efbcb5f0fd884ca3c", "SelfIntroduceFileId": "5c5d1760fbcb5f0fd8850a4b", "PartyLogo": "https://storage.googleapis.com/candidate-thumbs/party/184.png", "CandididatePhoto": "https://storage.googleapis.com/candidate-thumbs/images/34-8-28.jpg"}, {"Unnamed: 0": 9659, "CandidateId": "4bb59d23-c0a8-4a36-b403-5102db9b634a", "CandidateNo": 29, "FirstName": "ณรงค์ฤทธิ์", "LastName": "จันทร์ทรง", "PartyName": "ประชากรไทย", "PartyNumber": 2, "Title": "นาย", "Votable": true, "province_id": 34, "province_name": "อุบลราชธานี", "zone_number": 8, "PartyTerminated": false, "Age": 43, "Occupation": "เจ้าของกิจการ", "HighestEducation": "ปริญญาตรี", "ImageFileId": "5c5d1d50fbcb5f0fd88529f1", "SelfIntroduceFileId": "5c5d1e0bfbcb5f0fd8852eb3", "PartyLogo": "https://storage.googleapis.com/candidate-thumbs/party/2.png", "CandididatePhoto": "https://storage.googleapis.com/candidate-thumbs/images/34-8-29.jpg"}, {"Unnamed: 0": 9660, "CandidateId": "388807a3-879e-4d8b-84ea-04e12627bc72", "CandidateNo": 30, "FirstName": "เจษฎาพงษ์", "LastName": "เชื่องดี", "PartyName": "ทางเลือกใหม่", "PartyNumber": 170, "Title": "นาย", "Votable": true, "province_id": 34, "province_name": "อุบลราชธานี", "zone_number": 8, "PartyTerminated": false, "Age": 31, "Occupation": "ทนาย", "HighestEducation": "ปริญญาตรี", "ImageFileId": "5c5d25acfbcb5f0fd8856b51", "SelfIntroduceFileId": "5c5d26a0fbcb5f0fd8857263", "PartyLogo": "https://storage.googleapis.com/candidate-thumbs/party/170.png", "CandididatePhoto": "https://storage.googleapis.com/candidate-thumbs/images/34-8-30.jpg"}, {"Unnamed: 0": 9661, "CandidateId": "0f9f14dd-33f1-44c3-8575-2f19637f7a18", "CandidateNo": 31, "FirstName": "ภาคภูมิ", "LastName": "ขัมภศร", "PartyName": "พลังประชาธิปไตย", "PartyNumber": 153, "Title": "นาย", "Votable": true, "province_id": 34, "province_name": "อุบลราชธานี", "zone_number": 8, "PartyTerminated": false, "Age": 34, "Occupation": "ธุระกิจส่วนตัว/นักจัดรายการวิทยุ", "HighestEducation": "ต่ำกว่าปริญญาตรี", "ImageFileId": "5c5d27f2fbcb5f0fd8857df3", "SelfIntroduceFileId": "5c5d2913fbcb5f0fd885878c", "PartyLogo": "https://storage.googleapis.com/candidate-thumbs/party/153.png", "CandididatePhoto": "https://storage.googleapis.com/candidate-thumbs/images/34-8-31.jpg"}, {"Unnamed: 0": 9662, "CandidateId": "e509b29d-9795-472b-aa4a-3d99374a04de", "CandidateNo": 32, "FirstName": "กฤษดา", "LastName": "วิรังษา", "PartyName": "ความหวังใหม่", "PartyNumber": 13, "Title": "นาย", "Votable": true, "province_id": 34, "province_name": "อุบลราชธานี", "zone_number": 8, "PartyTerminated": false, "Age": 57, "Occupation": "ขายประกัน", "HighestEducation": "ต่ำกว่าปริญญาตรี", "ImageFileId": "5c5d30cffbcb5f0fd885c75e", "SelfIntroduceFileId": "5c5d3178fbcb5f0fd885cdd2", "PartyLogo": "https://storage.googleapis.com/candidate-thumbs/party/13.png", "CandididatePhoto": "https://storage.googleapis.com/candidate-thumbs/images/34-8-32.jpg"}, {"Unnamed: 0": 9663, "CandidateId": "a31dc6bc-5f23-49c5-a745-860990923c31", "CandidateNo": 33, "FirstName": "สมาน", "LastName": "อุ่นวงศ์", "PartyName": "พลังไทยรักไทย", "PartyNumber": 185, "Title": "นาย", "Votable": true, "province_id": 34, "province_name": "อุบลราชธานี", "zone_number": 8, "PartyTerminated": false, "Age": 65, "Occupation": "ข้าราชการบำนาญ", "HighestEducation": "ปริญญาโท", "ImageFileId": "5c5d8398fbcb5f0fd8882de5", "SelfIntroduceFileId": NaN, "PartyLogo": "https://storage.googleapis.com/candidate-thumbs/party/185.png", "CandididatePhoto": "https://storage.googleapis.com/candidate-thumbs/images/34-8-33.jpg"}, {"Unnamed: 0": 9664, "CandidateId": "da03540c-b993-407f-9af4-8727782dd562", "CandidateNo": 34, "FirstName": "กาญจรีย์", "LastName": "ศิริทิพย์", "PartyName": "ไทรักธรรม", "PartyNumber": 144, "Title": "นาง", "Votable": true, "province_id": 34, "province_name": "อุบลราชธานี", "zone_number": 8, "PartyTerminated": false, "Age": 57, "Occupation": "ค้าขาย", "HighestEducation": "ต่ำกว่าปริญญาตรี", "ImageFileId": "5c5d842dfbcb5f0fd8882efb", "SelfIntroduceFileId": "5c5e6064fbcb5f14489a54f2", "PartyLogo": "https://storage.googleapis.com/candidate-thumbs/party/144.png", "CandididatePhoto": "https://storage.googleapis.com/candidate-thumbs/images/34-8-34.jpg"}]