[{"Unnamed: 0": 8611, "CandidateId": "2f962123-c1f1-44a6-b5ed-5df2a819e22b", "CandidateNo": 1, "FirstName": "ชาติชาย", "LastName": "จันทร์สวย", "PartyName": "ประชาธิปัตย์", "PartyNumber": 1, "Title": "นาย", "Votable": true, "province_id": 41, "province_name": "อุดรธานี", "zone_number": 8, "PartyTerminated": false, "Age": 55, "Occupation": "ตัวแทนขายประกันชีวิต บมจ.ไทยประกันชีวิต จำกัด", "HighestEducation": "ปริญญาโท", "ImageFileId": "5c57f52cfbcb5f1eec0ed429", "SelfIntroduceFileId": "5c57e7aafbcb5f1eec0e5ab7", "PartyLogo": "https://storage.googleapis.com/candidate-thumbs/party/1.png", "CandididatePhoto": "https://storage.googleapis.com/candidate-thumbs/images/41-8-1.jpg"}, {"Unnamed: 0": 8612, "CandidateId": "b2a3f3ae-493d-48b0-8a22-70b116807c48", "CandidateNo": 2, "FirstName": "กิตติพัทธ์", "LastName": "ปราบพาล", "PartyName": "พลังท้องถิ่นไท", "PartyNumber": 124, "Title": "นาย", "Votable": true, "province_id": 41, "province_name": "อุดรธานี", "zone_number": 8, "PartyTerminated": false, "Age": 59, "Occupation": "เกษตรกร", "HighestEducation": "ต่ำกว่าปริญญาตรี", "ImageFileId": "5c57f431fbcb5f1eec0eca80", "SelfIntroduceFileId": "5c57f5d2fbcb5f1eec0edcdb", "PartyLogo": "https://storage.googleapis.com/candidate-thumbs/party/124.png", "CandididatePhoto": "https://storage.googleapis.com/candidate-thumbs/images/41-8-2.jpg"}, {"Unnamed: 0": 8613, "CandidateId": "a5bc3100-77d6-465e-b4e6-01ed6633929c", "CandidateNo": 3, "FirstName": "เสวี่ยง", "LastName": "วงษ์จิต", "PartyName": "เศรษฐกิจใหม่", "PartyNumber": 193, "Title": "นาย", "Votable": true, "province_id": 41, "province_name": "อุดรธานี", "zone_number": 8, "PartyTerminated": false, "Age": 60, "Occupation": "ประกอบิาชีพส่วนตัว", "HighestEducation": "ปริญญาตรี", "ImageFileId": "5c57fa38fbcb5f1eec0f0cdd", "SelfIntroduceFileId": "5c57fc8bfbcb5f1eec0f2ba9", "PartyLogo": "https://storage.googleapis.com/candidate-thumbs/party/193.png", "CandididatePhoto": "https://storage.googleapis.com/candidate-thumbs/images/41-8-3.jpg"}, {"Unnamed: 0": 8614, "CandidateId": "55748dff-20fe-4807-9ef2-e78299f0532b", "CandidateNo": 4, "FirstName": "บุญลือ", "LastName": "สีรอด", "PartyName": "เพื่อชาติ", "PartyNumber": 149, "Title": "ดาบตำรวจ", "Votable": true, "province_id": 41, "province_name": "อุดรธานี", "zone_number": 8, "PartyTerminated": false, "Age": 57, "Occupation": "สมาชิกสภาองค์การบริหารส่วนจังหวัด", "HighestEducation": "ปริญญาโท", "ImageFileId": "5c580110fbcb5f1eec0f6899", "SelfIntroduceFileId": "5c58f1d0fbcb5f1d88132f13", "PartyLogo": "https://storage.googleapis.com/candidate-thumbs/party/149.png", "CandididatePhoto": "https://storage.googleapis.com/candidate-thumbs/images/41-8-4.jpg"}, {"Unnamed: 0": 8615, "CandidateId": "9d044729-ea6a-4f4d-85a3-1e8a37e64f7c", "CandidateNo": 5, "FirstName": "บุญเรือง", "LastName": "บุญประกอบ", "PartyName": "ประชานิยม", "PartyNumber": 191, "Title": "นาย", "Votable": true, "province_id": 41, "province_name": "อุดรธานี", "zone_number": 8, "PartyTerminated": false, "Age": 58, "Occupation": "รับราชการครู", "HighestEducation": "ปริญญาโท", "ImageFileId": "5c580274fbcb5f1eec0f817a", "SelfIntroduceFileId": "5c58fa53fbcb5f1d8813867f", "PartyLogo": "https://storage.googleapis.com/candidate-thumbs/party/191.png", "CandididatePhoto": "https://storage.googleapis.com/candidate-thumbs/images/41-8-5.jpg"}, {"Unnamed: 0": 8616, "CandidateId": "88f18d8d-1fc9-4320-b9bf-f826a27e0a86", "CandidateNo": 6, "FirstName": "เทียบจุฑา", "LastName": "ขาวขำ", "PartyName": "เพื่อไทย", "PartyNumber": 34, "Title": "นาง", "Votable": true, "province_id": 41, "province_name": "อุดรธานี", "zone_number": 8, "PartyTerminated": false, "Age": 63, "Occupation": "อาชีพอิสระ", "HighestEducation": "ปริญญาโท", "ImageFileId": "5c580479fbcb5f1eec0f9e65", "SelfIntroduceFileId": "5c5908fbfbcb5f1d88143322", "PartyLogo": "https://storage.googleapis.com/candidate-thumbs/party/34.png", "CandididatePhoto": "https://storage.googleapis.com/candidate-thumbs/images/41-8-6.jpg"}, {"Unnamed: 0": 8617, "CandidateId": "1d5ea801-77bf-4c2d-be5c-f2cdc4e632fd", "CandidateNo": 7, "FirstName": "เสาวลักษณ์", "LastName": "ชำนาญศิลป์", "PartyName": "ชาติพัฒนา", "PartyNumber": 45, "Title": "นางสาว", "Votable": true, "province_id": 41, "province_name": "อุดรธานี", "zone_number": 8, "PartyTerminated": false, "Age": 38, "Occupation": "ธุรกิจส่วนตัว", "HighestEducation": "ปริญญาตรี", "ImageFileId": "5c5805dbfbcb5f1eec0fb16a", "SelfIntroduceFileId": "5c5918a6fbcb5f1d8814fd80", "PartyLogo": "https://storage.googleapis.com/candidate-thumbs/party/45.png", "CandididatePhoto": "https://storage.googleapis.com/candidate-thumbs/images/41-8-7.jpg"}, {"Unnamed: 0": 8618, "CandidateId": "e38863c5-b150-40b0-a7ca-808f5556ac00", "CandidateNo": 8, "FirstName": "ศราวุธ", "LastName": "หอมพรมมา", "PartyName": "อนาคตใหม่", "PartyNumber": 177, "Title": "นาย", "Votable": true, "province_id": 41, "province_name": "อุดรธานี", "zone_number": 8, "PartyTerminated": false, "Age": 38, "Occupation": "ค้าขาย", "HighestEducation": "ต่ำกว่าปริญญาตรี", "ImageFileId": "5c580b5efbcb5f1eec0ff70f", "SelfIntroduceFileId": "5c5a72ccfbcb5f19bcaa1080", "PartyLogo": "https://storage.googleapis.com/candidate-thumbs/party/177.png", "CandididatePhoto": "https://storage.googleapis.com/candidate-thumbs/images/41-8-8.jpg"}, {"Unnamed: 0": 8619, "CandidateId": "fce7525f-b551-45ce-abb5-723ebaa180e2", "CandidateNo": 9, "FirstName": "สงค์กราน", "LastName": "เวียงคำ", "PartyName": "เพื่อไทยพัฒนา", "PartyNumber": 213, "Title": "นาง", "Votable": true, "province_id": 41, "province_name": "อุดรธานี", "zone_number": 8, "PartyTerminated": false, "Age": 61, "Occupation": "รับจ้าง", "HighestEducation": "ต่ำกว่าปริญญาตรี", "ImageFileId": "5c580d62fbcb5f1eec100dd4", "SelfIntroduceFileId": "5c5a44f8fbcb5f19bca8c77c", "PartyLogo": "https://storage.googleapis.com/candidate-thumbs/party/213.png", "CandididatePhoto": "https://storage.googleapis.com/candidate-thumbs/images/41-8-9.jpg"}, {"Unnamed: 0": 8620, "CandidateId": "a519d04e-39f9-4af1-adaf-93050476b3a3", "CandidateNo": 10, "FirstName": "อุดม", "LastName": "สาระรัตน์", "PartyName": "ชาติไทยพัฒนา", "PartyNumber": 55, "Title": "นาย", "Votable": true, "province_id": 41, "province_name": "อุดรธานี", "zone_number": 8, "PartyTerminated": false, "Age": 60, "Occupation": "รับราชการครู", "HighestEducation": "ปริญญาตรี", "ImageFileId": "5c580fd6fbcb5f1eec102ba9", "SelfIntroduceFileId": "5c592c8bfbcb5f1d8815cc45", "PartyLogo": "https://storage.googleapis.com/candidate-thumbs/party/55.png", "CandididatePhoto": "https://storage.googleapis.com/candidate-thumbs/images/41-8-10.jpg"}, {"Unnamed: 0": 8621, "CandidateId": "951e585e-b6cc-49ef-a4e4-d30f85a32801", "CandidateNo": 11, "FirstName": "พิเชษฐ", "LastName": "นครชัย", "PartyName": "เสรีรวมไทย", "PartyNumber": 145, "Title": "นาย", "Votable": true, "province_id": 41, "province_name": "อุดรธานี", "zone_number": 8, "PartyTerminated": false, "Age": 45, "Occupation": "ผู้อำนวยการโรงเรียน", "HighestEducation": "ปริญญาโท", "ImageFileId": "5c5812effbcb5f1eec104809", "SelfIntroduceFileId": "5c5932c7fbcb5f1d881625d1", "PartyLogo": "https://storage.googleapis.com/candidate-thumbs/party/145.png", "CandididatePhoto": "https://storage.googleapis.com/candidate-thumbs/images/41-8-11.jpg"}, {"Unnamed: 0": 8622, "CandidateId": "e9b2502c-d759-4770-bc16-b5db14f1e3ca", "CandidateNo": 12, "FirstName": "นริศรา", "LastName": "เครือน้ำคำ", "PartyName": "ประชาภิวัฒน์", "PartyNumber": 172, "Title": "นาง", "Votable": true, "province_id": 41, "province_name": "อุดรธานี", "zone_number": 8, "PartyTerminated": false, "Age": 66, "Occupation": "ข้าราชการครูบำนาญ", "HighestEducation": "ปริญญาตรี", "ImageFileId": "5c5815fcfbcb5f1eec106045", "SelfIntroduceFileId": "5c593ba7fbcb5f1d8816a133", "PartyLogo": "https://storage.googleapis.com/candidate-thumbs/party/172.png", "CandididatePhoto": "https://storage.googleapis.com/candidate-thumbs/images/41-8-12.jpg"}, {"Unnamed: 0": 8623, "CandidateId": "f950ce8c-c37a-46cd-88ce-d81f6e3d0aea", "CandidateNo": 13, "FirstName": "ประภาส", "LastName": "ปราบพาล", "PartyName": "ภูมิใจไทย", "PartyNumber": 63, "Title": "นาย", "Votable": true, "province_id": 41, "province_name": "อุดรธานี", "zone_number": 8, "PartyTerminated": false, "Age": 58, "Occupation": "ผู้ประกอบการลานมัน", "HighestEducation": "ปริญญาตรี", "ImageFileId": "5c581983fbcb5f1eec10794b", "SelfIntroduceFileId": "5c5940a5fbcb5f1d8816e2d4", "PartyLogo": "https://storage.googleapis.com/candidate-thumbs/party/63.png", "CandididatePhoto": "https://storage.googleapis.com/candidate-thumbs/images/41-8-13.jpg"}, {"Unnamed: 0": 8624, "CandidateId": "c7c36741-2aac-4377-bcc0-b50ff27d4b6e", "CandidateNo": 14, "FirstName": "โจม", "LastName": "ชาวดร", "PartyName": "รักษ์ผืนป่าประเทศไทย", "PartyNumber": 133, "Title": "นาย", "Votable": true, "province_id": 41, "province_name": "อุดรธานี", "zone_number": 8, "PartyTerminated": false, "Age": 73, "Occupation": "เกษตรกร", "HighestEducation": "ต่ำกว่าปริญญาตรี", "ImageFileId": "5c581fe5fbcb5f1eec1098b5", "SelfIntroduceFileId": "5c59452dfbcb5f1d88171fcf", "PartyLogo": "https://storage.googleapis.com/candidate-thumbs/party/133.png", "CandididatePhoto": "https://storage.googleapis.com/candidate-thumbs/images/41-8-14.jpg"}, {"Unnamed: 0": 8625, "CandidateId": "a50d6e29-b194-4fab-b61e-661fe02c052c", "CandidateNo": 15, "FirstName": "นิพนธ์", "LastName": "สิงห์คำนาราภูมิ", "PartyName": "เพื่อนไทย", "PartyNumber": 179, "Title": "นาย", "Votable": false, "province_id": 41, "province_name": "อุดรธานี", "zone_number": 8, "PartyTerminated": false, "Age": 63, "Occupation": "เจ้าหน้าที่ธนาคารออมสิน", "HighestEducation": "ต่ำกว่าปริญญาตรี", "ImageFileId": "5c5821b3fbcb5f1eec10a1c9", "SelfIntroduceFileId": "5c5a3f98fbcb5f19bca8a5b7", "PartyLogo": "https://storage.googleapis.com/candidate-thumbs/party/179.png", "CandididatePhoto": "https://storage.googleapis.com/candidate-thumbs/images/41-8-15.jpg"}, {"Unnamed: 0": 8626, "CandidateId": "2d83e827-26af-4d02-a741-c86cff6ffd41", "CandidateNo": 16, "FirstName": "เจษฎา", "LastName": "สิงห์สุข", "PartyName": "ประชาชนปฏิรูป", "PartyNumber": 176, "Title": "นาย", "Votable": true, "province_id": 41, "province_name": "อุดรธานี", "zone_number": 8, "PartyTerminated": false, "Age": 37, "Occupation": "ค้าขาย", "HighestEducation": "ปริญญาโท", "ImageFileId": "5c58229efbcb5f1eec10a4bf", "SelfIntroduceFileId": "5c5a41bbfbcb5f19bca8b414", "PartyLogo": "https://storage.googleapis.com/candidate-thumbs/party/176.png", "CandididatePhoto": "https://storage.googleapis.com/candidate-thumbs/images/41-8-16.jpg"}, {"Unnamed: 0": 8627, "CandidateId": "1821bc99-70a2-43ec-bf84-85927b8267fe", "CandidateNo": 17, "FirstName": "ชุมพล", "LastName": "จิรเรืองกุล", "PartyName": "รวมพลังประชาชาติไทย", "PartyNumber": 181, "Title": "นาย", "Votable": true, "province_id": 41, "province_name": "อุดรธานี", "zone_number": 8, "PartyTerminated": false, "Age": 47, "Occupation": "ให้บริการเครื่องคอมพิวเตอร์เพื่อใช้อินเตอร์เน็ต", "HighestEducation": "ปริญญาตรี", "ImageFileId": "5c582448fbcb5f1eec10aabd", "SelfIntroduceFileId": "5c5a4abefbcb5f19bca8f517", "PartyLogo": "https://storage.googleapis.com/candidate-thumbs/party/181.png", "CandididatePhoto": "https://storage.googleapis.com/candidate-thumbs/images/41-8-17.jpg"}, {"Unnamed: 0": 8628, "CandidateId": "68db2456-0dd0-4219-a8d2-1102c0cff769", "CandidateNo": 18, "FirstName": "สุจริต", "LastName": "อาณารักษ์", "PartyName": "พลังประชารัฐ", "PartyNumber": 192, "Title": "นาย", "Votable": true, "province_id": 41, "province_name": "อุดรธานี", "zone_number": 8, "PartyTerminated": false, "Age": 40, "Occupation": "กำนัน", "HighestEducation": "ปริญญาตรี", "ImageFileId": "5c58255efbcb5f1eec10af19", "SelfIntroduceFileId": "5c5a5d5cfbcb5f19bca99715", "PartyLogo": "https://storage.googleapis.com/candidate-thumbs/party/192.png", "CandididatePhoto": "https://storage.googleapis.com/candidate-thumbs/images/41-8-18.jpg"}, {"Unnamed: 0": 8629, "CandidateId": "538ec4c4-08b1-43f2-980d-cfd340029182", "CandidateNo": 19, "FirstName": "นิภา", "LastName": "สื่อสุวรรณ", "PartyName": "เพื่อแผ่นดิน", "PartyNumber": 41, "Title": "นางสาว", "Votable": true, "province_id": 41, "province_name": "อุดรธานี", "zone_number": 8, "PartyTerminated": false, "Age": 59, "Occupation": "ธุรกิจส่วนตัว", "HighestEducation": "ปริญญาตรี", "ImageFileId": "5c58266cfbcb5f1eec10b251", "SelfIntroduceFileId": "5c5a759afbcb5f19bcaa1d0e", "PartyLogo": "https://storage.googleapis.com/candidate-thumbs/party/41.png", "CandididatePhoto": "https://storage.googleapis.com/candidate-thumbs/images/41-8-19.jpg"}, {"Unnamed: 0": 8630, "CandidateId": "5cb205e6-2541-486e-b166-5fadd20f3f8c", "CandidateNo": 20, "FirstName": "สายัณห์", "LastName": "บุตรดี", "PartyName": "เพื่อคนไทย", "PartyNumber": 183, "Title": "นาย", "Votable": true, "province_id": 41, "province_name": "อุดรธานี", "zone_number": 8, "PartyTerminated": false, "Age": 47, "Occupation": "ธุรกิจส่วนตัว", "HighestEducation": "ปริญญาตรี", "ImageFileId": "5c582825fbcb5f1eec10b782", "SelfIntroduceFileId": "5c5a4d71fbcb5f19bca90d82", "PartyLogo": "https://storage.googleapis.com/candidate-thumbs/party/183.png", "CandididatePhoto": "https://storage.googleapis.com/candidate-thumbs/images/41-8-20.jpg"}, {"Unnamed: 0": 8631, "CandidateId": "bbca7a78-49a5-4073-b2d3-ba310cc96530", "CandidateNo": 21, "FirstName": "โชคสมาน", "LastName": "สีลาวงษ์", "PartyName": "พลังปวงชนไทย", "PartyNumber": 184, "Title": "นาย", "Votable": true, "province_id": 41, "province_name": "อุดรธานี", "zone_number": 8, "PartyTerminated": false, "Age": 72, "Occupation": "ธุรกิจส่วนตัว", "HighestEducation": "ปริญญาโท", "ImageFileId": "5c594c06fbcb5f1d88177f7e", "SelfIntroduceFileId": "5c5954acfbcb5f1d8817e70f", "PartyLogo": "https://storage.googleapis.com/candidate-thumbs/party/184.png", "CandididatePhoto": "https://storage.googleapis.com/candidate-thumbs/images/41-8-21.jpg"}, {"Unnamed: 0": 8632, "CandidateId": "0a91e0f2-70cc-406b-a647-a0e86d67cc6b", "CandidateNo": 22, "FirstName": "นันทพงศ์", "LastName": "สีสังข์", "PartyName": "พลังไทยรักไทย", "PartyNumber": 185, "Title": "นาย", "Votable": true, "province_id": 41, "province_name": "อุดรธานี", "zone_number": 8, "PartyTerminated": false, "Age": 43, "Occupation": "ค้าขาย", "HighestEducation": "ต่ำกว่าปริญญาตรี", "ImageFileId": "5c612a83fbcb5f13a0b7baf5", "SelfIntroduceFileId": "5c5a8d3cfbcb5f19bcaac820", "PartyLogo": "https://storage.googleapis.com/candidate-thumbs/party/185.png", "CandididatePhoto": "https://storage.googleapis.com/candidate-thumbs/images/41-8-22.jpg"}, {"Unnamed: 0": 8633, "CandidateId": "f2d99ade-3bce-4caa-a0f5-bc4615a074d4", "CandidateNo": 23, "FirstName": "สรรเสริญ", "LastName": "คำภูแก้ว", "PartyName": "พลเมืองไทย", "PartyNumber": 173, "Title": "นาย", "Votable": true, "province_id": 41, "province_name": "อุดรธานี", "zone_number": 8, "PartyTerminated": false, "Age": 56, "Occupation": "อาจารย์ประจำคณะรัฐประศาสนศาสตร์", "HighestEducation": "ปริญญาเอก", "ImageFileId": "5c5a5e8bfbcb5f19bca9a47f", "SelfIntroduceFileId": "5c5a6078fbcb5f19bca9b52f", "PartyLogo": "https://storage.googleapis.com/candidate-thumbs/party/173.png", "CandididatePhoto": "https://storage.googleapis.com/candidate-thumbs/images/41-8-23.jpg"}, {"Unnamed: 0": 8634, "CandidateId": "9150fdb1-9951-47e7-87bf-96d8025e325c", "CandidateNo": 24, "FirstName": "สุริน", "LastName": "คะวิลุน", "PartyName": "มหาชน", "PartyNumber": 4, "Title": "นาย", "Votable": true, "province_id": 41, "province_name": "อุดรธานี", "zone_number": 8, "PartyTerminated": false, "Age": 50, "Occupation": "เกษตรกร", "HighestEducation": "ต่ำกว่าปริญญาตรี", "ImageFileId": "5c5aaddbfbcb5f19bcab853b", "SelfIntroduceFileId": "5c5b90f0fbcb5f16fc652f96", "PartyLogo": "https://storage.googleapis.com/candidate-thumbs/party/4.png", "CandididatePhoto": "https://storage.googleapis.com/candidate-thumbs/images/41-8-24.jpg"}, {"Unnamed: 0": 8635, "CandidateId": "2053d86c-5d03-49db-a6cc-adab349034ea", "CandidateNo": 25, "FirstName": "แสงทอง", "LastName": "ประธรรมเต", "PartyName": "ประชาชาติ", "PartyNumber": 187, "Title": "ร.ต.ต.", "Votable": true, "province_id": 41, "province_name": "อุดรธานี", "zone_number": 8, "PartyTerminated": false, "Age": 59, "Occupation": "ทนายความ", "HighestEducation": "ปริญญาตรี", "ImageFileId": "5c5ba153fbcb5f16fc658bc5", "SelfIntroduceFileId": "5c5ba59dfbcb5f16fc65a718", "PartyLogo": "https://storage.googleapis.com/candidate-thumbs/party/187.png", "CandididatePhoto": "https://storage.googleapis.com/candidate-thumbs/images/41-8-25.jpg"}, {"Unnamed: 0": 8636, "CandidateId": "22610b54-7533-494a-ba5b-a33924b2261b", "CandidateNo": 26, "FirstName": "บุญเหลือ", "LastName": "ทองเกตุ", "PartyName": "ประชากรไทย", "PartyNumber": 2, "Title": "นาย", "Votable": true, "province_id": 41, "province_name": "อุดรธานี", "zone_number": 8, "PartyTerminated": false, "Age": 54, "Occupation": "ทำนา", "HighestEducation": "ต่ำกว่าปริญญาตรี", "ImageFileId": "5c5bb19bfbcb5f16fc6608b9", "SelfIntroduceFileId": NaN, "PartyLogo": "https://storage.googleapis.com/candidate-thumbs/party/2.png", "CandididatePhoto": "https://storage.googleapis.com/candidate-thumbs/images/41-8-26.jpg"}, {"Unnamed: 0": 8637, "CandidateId": "9c59d02a-0b3b-44b6-af8f-fb97cab43482", "CandidateNo": 27, "FirstName": "กัมปนาท", "LastName": "มูลโต", "PartyName": "ครูไทยเพื่อประชาชน", "PartyNumber": 118, "Title": "นาย", "Votable": true, "province_id": 41, "province_name": "อุดรธานี", "zone_number": 8, "PartyTerminated": false, "Age": 65, "Occupation": "ข้าราชการบำนาญ", "HighestEducation": "ปริญญาโท", "ImageFileId": "5c5bce6efbcb5f16fc66b19b", "SelfIntroduceFileId": "5c5bd164fbcb5f16fc66c6c7", "PartyLogo": "https://storage.googleapis.com/candidate-thumbs/party/118.png", "CandididatePhoto": "https://storage.googleapis.com/candidate-thumbs/images/41-8-27.jpg"}, {"Unnamed: 0": 8638, "CandidateId": "2a0d50ba-97e8-487b-94e2-060328f5c78a", "CandidateNo": 28, "FirstName": "รัตตภูมิ", "LastName": "โคตรภูธร", "PartyName": "พลังครูไทย", "PartyNumber": 210, "Title": "นาย", "Votable": true, "province_id": 41, "province_name": "อุดรธานี", "zone_number": 8, "PartyTerminated": false, "Age": 36, "Occupation": "เจ้าพนักงานธุรการหน่วยงานของรัฐ", "HighestEducation": "ต่ำกว่าปริญญาตรี", "ImageFileId": "5c5bd9c1fbcb5f16fc670668", "SelfIntroduceFileId": "5c5bdcebfbcb5f16fc6721e3", "PartyLogo": "https://storage.googleapis.com/candidate-thumbs/party/210.png", "CandididatePhoto": "https://storage.googleapis.com/candidate-thumbs/images/41-8-28.jpg"}, {"Unnamed: 0": 8639, "CandidateId": "3858f5c1-6d9a-48b0-aad2-28e7c75e0e32", "CandidateNo": 29, "FirstName": "กิตติยา", "LastName": "สาระสินธ์", "PartyName": "ไทยรักษาชาติ", "PartyNumber": 77, "Title": "นาง", "Votable": true, "province_id": 41, "province_name": "อุดรธานี", "zone_number": 8, "PartyTerminated": true, "Age": 43, "Occupation": "แม่บ้าน", "HighestEducation": "ต่ำกว่าปริญญาตรี", "ImageFileId": "5c5be9e2fbcb5f16fc678f2e", "SelfIntroduceFileId": "5c5bed3efbcb5f16fc67af1b", "PartyLogo": "https://storage.googleapis.com/candidate-thumbs/party/77.png", "CandididatePhoto": "https://storage.googleapis.com/candidate-thumbs/images/41-8-29.jpg"}, {"Unnamed: 0": 8640, "CandidateId": "dc4be222-c494-46db-9245-c0a76322b138", "CandidateNo": 30, "FirstName": "ทัศนี", "LastName": "คันธี", "PartyName": "ประชาธรรมไทย", "PartyNumber": 190, "Title": "นาง", "Votable": true, "province_id": 41, "province_name": "อุดรธานี", "zone_number": 8, "PartyTerminated": false, "Age": 51, "Occupation": "ธุระกิจส่วนตัว", "HighestEducation": "ปริญญาตรี", "ImageFileId": "5c5bffb8fbcb5f16fc682164", "SelfIntroduceFileId": "5c5c06e1fbcb5f16fc683303", "PartyLogo": "https://storage.googleapis.com/candidate-thumbs/party/190.png", "CandididatePhoto": "https://storage.googleapis.com/candidate-thumbs/images/41-8-30.jpg"}, {"Unnamed: 0": 8641, "CandidateId": "b86be722-a9a9-422a-8f3e-6b6d32e295eb", "CandidateNo": 31, "FirstName": "วีระชาติ", "LastName": "ศรีสมบูรณ์", "PartyName": "พลังชาติไทย", "PartyNumber": 186, "Title": "นาย", "Votable": true, "province_id": 41, "province_name": "อุดรธานี", "zone_number": 8, "PartyTerminated": false, "Age": 31, "Occupation": "รับจ้าง", "HighestEducation": "ต่ำกว่าปริญญาตรี", "ImageFileId": "5c5d0473fbcb5f0fd884a77b", "SelfIntroduceFileId": "5c5d1b6afbcb5f0fd8851d28", "PartyLogo": "https://storage.googleapis.com/candidate-thumbs/party/186.png", "CandididatePhoto": "https://storage.googleapis.com/candidate-thumbs/images/41-8-31.jpg"}, {"Unnamed: 0": 8642, "CandidateId": "6ced9519-794b-4ecc-9f4e-5cae20d6ad2e", "CandidateNo": 32, "FirstName": "อภิวัฒน์", "LastName": "ทองณรงค์", "PartyName": "ภาคีเครือข่ายไทย", "PartyNumber": 211, "Title": "นาย", "Votable": true, "province_id": 41, "province_name": "อุดรธานี", "zone_number": 8, "PartyTerminated": false, "Age": 38, "Occupation": "อาชีพอิสระ", "HighestEducation": "ต่ำกว่าปริญญาตรี", "ImageFileId": "5c5d379afbcb5f0fd885fe2a", "SelfIntroduceFileId": "5c5d397ffbcb5f0fd8860d31", "PartyLogo": "https://storage.googleapis.com/candidate-thumbs/party/211.png", "CandididatePhoto": "https://storage.googleapis.com/candidate-thumbs/images/41-8-32.jpg"}, {"Unnamed: 0": 8643, "CandidateId": "e0f763ad-7a0a-407a-bad1-4cede3a9d31c", "CandidateNo": 33, "FirstName": "ไตรทศ", "LastName": "พนาวัลย์รักษา", "PartyName": "พลังศรัทธา", "PartyNumber": 201, "Title": "พ.ต.ท.", "Votable": true, "province_id": 41, "province_name": "อุดรธานี", "zone_number": 8, "PartyTerminated": false, "Age": 69, "Occupation": "ข้าราชการตำรวจ", "HighestEducation": "ปริญญาตรี", "ImageFileId": "5c5d445efbcb5f0fd8867d74", "SelfIntroduceFileId": "5c5d6892fbcb5f0fd887e552", "PartyLogo": "https://storage.googleapis.com/candidate-thumbs/party/201.png", "CandididatePhoto": "https://storage.googleapis.com/candidate-thumbs/images/41-8-33.jpg"}, {"Unnamed: 0": 8644, "CandidateId": "6ff173df-3882-4e5f-8259-70358d8d2113", "CandidateNo": 34, "FirstName": "สมหมาย", "LastName": "แก้วชัย", "PartyName": "ไทรักธรรม", "PartyNumber": 144, "Title": "นาย", "Votable": true, "province_id": 41, "province_name": "อุดรธานี", "zone_number": 8, "PartyTerminated": false, "Age": 44, "Occupation": "ค้าขาย", "HighestEducation": "ต่ำกว่าปริญญาตรี", "ImageFileId": "5c5d60abfbcb5f0fd887b2e7", "SelfIntroduceFileId": "5c5d8319fbcb5f0fd8882ce0", "PartyLogo": "https://storage.googleapis.com/candidate-thumbs/party/144.png", "CandididatePhoto": "https://storage.googleapis.com/candidate-thumbs/images/41-8-34.jpg"}, {"Unnamed: 0": 8645, "CandidateId": "3f0f7f11-1061-4d8a-ac4a-2e24bfbb81b2", "CandidateNo": 35, "FirstName": "พัฒนา", "LastName": "ไชยเทพ", "PartyName": "พลังประชาธิปไตย", "PartyNumber": 153, "Title": "นาย", "Votable": true, "province_id": 41, "province_name": "อุดรธานี", "zone_number": 8, "PartyTerminated": false, "Age": 46, "Occupation": "เกษตรกร", "HighestEducation": "ต่ำกว่าปริญญาตรี", "ImageFileId": "5c5d62f2fbcb5f0fd887c461", "SelfIntroduceFileId": "5c5d6627fbcb5f0fd887da4e", "PartyLogo": "https://storage.googleapis.com/candidate-thumbs/party/153.png", "CandididatePhoto": "https://storage.googleapis.com/candidate-thumbs/images/41-8-35.jpg"}]