[{"Unnamed: 0": 8456, "CandidateId": "dd3206db-96f3-4cd3-bede-fbfd07f314cc", "CandidateNo": 1, "FirstName": "ภาคภูมิ", "LastName": "พันธุ์แก้วทอง", "PartyName": "ประชานิยม", "PartyNumber": 191, "Title": "ร.ต.ต.", "Votable": true, "province_id": 41, "province_name": "อุดรธานี", "zone_number": 4, "PartyTerminated": false, "Age": 75, "Occupation": "ข้าราชการบำนาญ", "HighestEducation": "ต่ำกว่าปริญญาตรี", "ImageFileId": "5c57f873fbcb5f1eec0ef5e0", "SelfIntroduceFileId": "5c57ed0dfbcb5f1eec0e853d", "PartyLogo": "https://storage.googleapis.com/candidate-thumbs/party/191.png", "CandididatePhoto": "https://storage.googleapis.com/candidate-thumbs/images/41-4-1.jpg"}, {"Unnamed: 0": 8457, "CandidateId": "69caf274-a06b-4645-9e85-05e0775b43b3", "CandidateNo": 2, "FirstName": "อาภรณ์", "LastName": "สาราคำ", "PartyName": "เพื่อไทย", "PartyNumber": 34, "Title": "นาง", "Votable": true, "province_id": 41, "province_name": "อุดรธานี", "zone_number": 4, "PartyTerminated": false, "Age": 56, "Occupation": "สมาชิกวุฒิสภา จ.อุดรธานี", "HighestEducation": "ปริญญาตรี", "ImageFileId": "5c57f8acfbcb5f1eec0ef8ad", "SelfIntroduceFileId": "5c5d36cdfbcb5f0fd885f842", "PartyLogo": "https://storage.googleapis.com/candidate-thumbs/party/34.png", "CandididatePhoto": "https://storage.googleapis.com/candidate-thumbs/images/41-4-2.jpg"}, {"Unnamed: 0": 8458, "CandidateId": "199eeeae-83f1-4c6e-808a-aab3a2aedb88", "CandidateNo": 3, "FirstName": "นิธิวัฒน์", "LastName": "พรประเสริฐ", "PartyName": "ประชาชาติ", "PartyNumber": 187, "Title": "นาย", "Votable": true, "province_id": 41, "province_name": "อุดรธานี", "zone_number": 4, "PartyTerminated": false, "Age": 43, "Occupation": "ทนายความ", "HighestEducation": "ปริญญาตรี", "ImageFileId": "5c57f8effbcb5f1eec0efadf", "SelfIntroduceFileId": "5c5d397bfbcb5f0fd8860cdb", "PartyLogo": "https://storage.googleapis.com/candidate-thumbs/party/187.png", "CandididatePhoto": "https://storage.googleapis.com/candidate-thumbs/images/41-4-3.jpg"}, {"Unnamed: 0": 8459, "CandidateId": "2000e54b-37b5-4102-ab92-1e3431bd2d38", "CandidateNo": 4, "FirstName": "สายันต์", "LastName": "ธรรมวงษา", "PartyName": "เพื่อนไทย", "PartyNumber": 179, "Title": "นาย", "Votable": false, "province_id": 41, "province_name": "อุดรธานี", "zone_number": 4, "PartyTerminated": false, "Age": 65, "Occupation": "ข้าราชการครู", "HighestEducation": "ต่ำกว่าปริญญาตรี", "ImageFileId": "5c57f94dfbcb5f1eec0efe21", "SelfIntroduceFileId": "5c5d3b6bfbcb5f0fd8861e0c", "PartyLogo": "https://storage.googleapis.com/candidate-thumbs/party/179.png", "CandididatePhoto": "https://storage.googleapis.com/candidate-thumbs/images/41-4-4.jpg"}, {"Unnamed: 0": 8460, "CandidateId": "1ae384c7-434a-4a98-92a2-084457e85107", "CandidateNo": 5, "FirstName": "คำปลาย", "LastName": "คำแพงราช", "PartyName": "เศรษฐกิจใหม่", "PartyNumber": 193, "Title": "นาย", "Votable": true, "province_id": 41, "province_name": "อุดรธานี", "zone_number": 4, "PartyTerminated": false, "Age": 61, "Occupation": "ข้าราชการบำนาญ", "HighestEducation": "ปริญญาโท", "ImageFileId": "5c57f993fbcb5f1eec0f007d", "SelfIntroduceFileId": "5c5a42c4fbcb5f19bca8b973", "PartyLogo": "https://storage.googleapis.com/candidate-thumbs/party/193.png", "CandididatePhoto": "https://storage.googleapis.com/candidate-thumbs/images/41-4-5.jpg"}, {"Unnamed: 0": 8461, "CandidateId": "14eddd28-7900-4c27-9180-162470c58d76", "CandidateNo": 6, "FirstName": "ทรงกิตติ", "LastName": "สุวรรณทอง", "PartyName": "ประชาธิปัตย์", "PartyNumber": 1, "Title": "นาย", "Votable": true, "province_id": 41, "province_name": "อุดรธานี", "zone_number": 4, "PartyTerminated": false, "Age": 62, "Occupation": "รับจ้าง", "HighestEducation": "ต่ำกว่าปริญญาตรี", "ImageFileId": "5c57f9f6fbcb5f1eec0f07db", "SelfIntroduceFileId": "5c5a6b61fbcb5f19bca9f7e2", "PartyLogo": "https://storage.googleapis.com/candidate-thumbs/party/1.png", "CandididatePhoto": "https://storage.googleapis.com/candidate-thumbs/images/41-4-6.jpg"}, {"Unnamed: 0": 8462, "CandidateId": "2f94a9fd-b4ef-4a60-b6f1-c1c4bc6e67b2", "CandidateNo": 7, "FirstName": "เข็มชาติ", "LastName": "วังโน", "PartyName": "รวมพลังประชาชาติไทย", "PartyNumber": 181, "Title": "ว่าที่ ร.ต.", "Votable": true, "province_id": 41, "province_name": "อุดรธานี", "zone_number": 4, "PartyTerminated": false, "Age": 55, "Occupation": "รับจ้าง", "HighestEducation": "ปริญญาโท", "ImageFileId": "5c57fa70fbcb5f1eec0f0f35", "SelfIntroduceFileId": "5c5a44cefbcb5f19bca8c6b6", "PartyLogo": "https://storage.googleapis.com/candidate-thumbs/party/181.png", "CandididatePhoto": "https://storage.googleapis.com/candidate-thumbs/images/41-4-7.jpg"}, {"Unnamed: 0": 8463, "CandidateId": "566ed05c-b540-4214-b513-efa1b41e3c46", "CandidateNo": 8, "FirstName": "สมศักดิ์", "LastName": "วาทบัณฑิตกุล", "PartyName": "ชาติไทยพัฒนา", "PartyNumber": 55, "Title": "นาย", "Votable": true, "province_id": 41, "province_name": "อุดรธานี", "zone_number": 4, "PartyTerminated": false, "Age": 66, "Occupation": "ทนายความ", "HighestEducation": "ปริญญาตรี", "ImageFileId": "5c57facafbcb5f1eec0f132c", "SelfIntroduceFileId": "5c5a644ffbcb5f19bca9d2ee", "PartyLogo": "https://storage.googleapis.com/candidate-thumbs/party/55.png", "CandididatePhoto": "https://storage.googleapis.com/candidate-thumbs/images/41-4-8.jpg"}, {"Unnamed: 0": 8464, "CandidateId": "c2d88ff0-d001-499d-a9f2-6db9da0e528f", "CandidateNo": 9, "FirstName": "มานิต", "LastName": "อินทร์อำคา", "PartyName": "เพื่อชาติ", "PartyNumber": 149, "Title": "นาย", "Votable": true, "province_id": 41, "province_name": "อุดรธานี", "zone_number": 4, "PartyTerminated": false, "Age": 51, "Occupation": "นักการเมืองท้องถิ่น", "HighestEducation": "ปริญญาตรี", "ImageFileId": "5c57faf5fbcb5f1eec0f14c2", "SelfIntroduceFileId": "5c5a7be2fbcb5f19bcaa4194", "PartyLogo": "https://storage.googleapis.com/candidate-thumbs/party/149.png", "CandididatePhoto": "https://storage.googleapis.com/candidate-thumbs/images/41-4-9.jpg"}, {"Unnamed: 0": 8465, "CandidateId": "bfcd73a3-de19-4040-9db6-eec5955d8af0", "CandidateNo": 10, "FirstName": "เหมฤทธิ์", "LastName": "ฤทธิ์มหา", "PartyName": "เสรีรวมไทย", "PartyNumber": 145, "Title": "ดาบตำรวจ", "Votable": true, "province_id": 41, "province_name": "อุดรธานี", "zone_number": 4, "PartyTerminated": false, "Age": 64, "Occupation": "นายกองค์การบริหารส่วนตำบล", "HighestEducation": "ปริญญาโท", "ImageFileId": "5c57fb4cfbcb5f1eec0f1800", "SelfIntroduceFileId": "5c5a48c0fbcb5f19bca8e3a6", "PartyLogo": "https://storage.googleapis.com/candidate-thumbs/party/145.png", "CandididatePhoto": "https://storage.googleapis.com/candidate-thumbs/images/41-4-10.jpg"}, {"Unnamed: 0": 8466, "CandidateId": "08a8a50e-da80-4774-a54c-85e40a1638a2", "CandidateNo": 11, "FirstName": "ภพ", "LastName": "สมศรีโหน่ง", "PartyName": "ชาติพัฒนา", "PartyNumber": 45, "Title": "นาย", "Votable": true, "province_id": 41, "province_name": "อุดรธานี", "zone_number": 4, "PartyTerminated": false, "Age": 47, "Occupation": "เจ้าของโรงเรียนเอกชน", "HighestEducation": "ปริญญาเอก", "ImageFileId": "5c57fbacfbcb5f1eec0f1e19", "SelfIntroduceFileId": "5c5a46a7fbcb5f19bca8d4a9", "PartyLogo": "https://storage.googleapis.com/candidate-thumbs/party/45.png", "CandididatePhoto": "https://storage.googleapis.com/candidate-thumbs/images/41-4-11.jpg"}, {"Unnamed: 0": 8467, "CandidateId": "0381d53e-4dd9-4f08-9db3-f282f1151208", "CandidateNo": 12, "FirstName": "ศรีสวัสดิ์", "LastName": "ดวงพรม", "PartyName": "อนาคตใหม่", "PartyNumber": 177, "Title": "พันโท", "Votable": true, "province_id": 41, "province_name": "อุดรธานี", "zone_number": 4, "PartyTerminated": false, "Age": 57, "Occupation": "ข้าราชการ", "HighestEducation": "ปริญญาตรี", "ImageFileId": "5c57fbe1fbcb5f1eec0f2310", "SelfIntroduceFileId": "5c5a4a58fbcb5f19bca8f0c2", "PartyLogo": "https://storage.googleapis.com/candidate-thumbs/party/177.png", "CandididatePhoto": "https://storage.googleapis.com/candidate-thumbs/images/41-4-12.jpg"}, {"Unnamed: 0": 8468, "CandidateId": "dad42e59-c2eb-4c28-8b00-723a0b648647", "CandidateNo": 13, "FirstName": "เจริญ", "LastName": "สีดารักษ์", "PartyName": "ประชาชนปฏิรูป", "PartyNumber": 176, "Title": "นาย", "Votable": true, "province_id": 41, "province_name": "อุดรธานี", "zone_number": 4, "PartyTerminated": false, "Age": 61, "Occupation": "ธุรกิจส่วนตัว", "HighestEducation": "ต่ำกว่าปริญญาตรี", "ImageFileId": "5c57fc1efbcb5f1eec0f2743", "SelfIntroduceFileId": "5c5925b2fbcb5f1d88156b5c", "PartyLogo": "https://storage.googleapis.com/candidate-thumbs/party/176.png", "CandididatePhoto": "https://storage.googleapis.com/candidate-thumbs/images/41-4-13.jpg"}, {"Unnamed: 0": 8469, "CandidateId": "47427ac5-9122-464d-a1ee-b9492c304287", "CandidateNo": 14, "FirstName": "พงษ์เทพ", "LastName": "กลางชัย", "PartyName": "ประชาภิวัฒน์", "PartyNumber": 172, "Title": "นาย", "Votable": true, "province_id": 41, "province_name": "อุดรธานี", "zone_number": 4, "PartyTerminated": false, "Age": 35, "Occupation": "กสิกรรม", "HighestEducation": "ต่ำกว่าปริญญาตรี", "ImageFileId": "5c57fc84fbcb5f1eec0f2b79", "SelfIntroduceFileId": "5c59035ffbcb5f1d8813ee8b", "PartyLogo": "https://storage.googleapis.com/candidate-thumbs/party/172.png", "CandididatePhoto": "https://storage.googleapis.com/candidate-thumbs/images/41-4-14.jpg"}, {"Unnamed: 0": 8470, "CandidateId": "1eb7756f-8d60-4264-b2ae-02b1fb1128b4", "CandidateNo": 15, "FirstName": "สุทธิศักดิ์", "LastName": "คำมะนาง", "PartyName": "รักษ์ผืนป่าประเทศไทย", "PartyNumber": 133, "Title": "นาย", "Votable": true, "province_id": 41, "province_name": "อุดรธานี", "zone_number": 4, "PartyTerminated": false, "Age": 66, "Occupation": "ข้าราชการบำนาญ", "HighestEducation": "ปริญญาตรี", "ImageFileId": "5c57fcb1fbcb5f1eec0f2e0c", "SelfIntroduceFileId": "5c590731fbcb5f1d88141d15", "PartyLogo": "https://storage.googleapis.com/candidate-thumbs/party/133.png", "CandididatePhoto": "https://storage.googleapis.com/candidate-thumbs/images/41-4-15.jpg"}, {"Unnamed: 0": 8471, "CandidateId": "7fece125-ff47-4894-88c3-405a49dd0cc7", "CandidateNo": 16, "FirstName": "สาคร", "LastName": "รอดขันเมือง", "PartyName": "พลังประชารัฐ", "PartyNumber": 192, "Title": "นาย", "Votable": true, "province_id": 41, "province_name": "อุดรธานี", "zone_number": 4, "PartyTerminated": false, "Age": 59, "Occupation": "รับราชการ ตำแหน่งสาธารณสุขอำเภอหนองหาน", "HighestEducation": "ปริญญาตรี", "ImageFileId": "5c57fce7fbcb5f1eec0f3193", "SelfIntroduceFileId": "5c590e3bfbcb5f1d88147d78", "PartyLogo": "https://storage.googleapis.com/candidate-thumbs/party/192.png", "CandididatePhoto": "https://storage.googleapis.com/candidate-thumbs/images/41-4-16.jpg"}, {"Unnamed: 0": 8472, "CandidateId": "bd84e9c0-b40b-4545-a0cf-9fbdb61a849b", "CandidateNo": 17, "FirstName": "พรสวรรค์", "LastName": "ภูมิศรีแก้ว", "PartyName": "เพื่อไทยพัฒนา", "PartyNumber": 213, "Title": "นางสาว", "Votable": true, "province_id": 41, "province_name": "อุดรธานี", "zone_number": 4, "PartyTerminated": false, "Age": 38, "Occupation": "ธุรกิจส่วนตัว", "HighestEducation": "ต่ำกว่าปริญญาตรี", "ImageFileId": "5c57fd2dfbcb5f1eec0f35e7", "SelfIntroduceFileId": "5c5929aafbcb5f1d88159a99", "PartyLogo": "https://storage.googleapis.com/candidate-thumbs/party/213.png", "CandididatePhoto": "https://storage.googleapis.com/candidate-thumbs/images/41-4-17.jpg"}, {"Unnamed: 0": 8473, "CandidateId": "de7a2df0-530c-4e37-ac2b-e0cc405ad495", "CandidateNo": 18, "FirstName": "อุทัย", "LastName": "แสนแก้ว", "PartyName": "ภูมิใจไทย", "PartyNumber": 63, "Title": "นาย", "Votable": true, "province_id": 41, "province_name": "อุดรธานี", "zone_number": 4, "PartyTerminated": false, "Age": 58, "Occupation": "เกษตรกร", "HighestEducation": "ปริญญาตรี", "ImageFileId": "5c57fd63fbcb5f1eec0f397f", "SelfIntroduceFileId": "5c592b2afbcb5f1d8815b4d4", "PartyLogo": "https://storage.googleapis.com/candidate-thumbs/party/63.png", "CandididatePhoto": "https://storage.googleapis.com/candidate-thumbs/images/41-4-18.jpg"}, {"Unnamed: 0": 8474, "CandidateId": "510e869d-9c9a-4f11-9ca2-34bea982bf47", "CandidateNo": 19, "FirstName": "อภิชาติ", "LastName": "ชาตรีเจริญ", "PartyName": "พลังปวงชนไทย", "PartyNumber": 184, "Title": "นาย", "Votable": true, "province_id": 41, "province_name": "อุดรธานี", "zone_number": 4, "PartyTerminated": false, "Age": 65, "Occupation": "อิสระ", "HighestEducation": "ต่ำกว่าปริญญาตรี", "ImageFileId": "5c57fda9fbcb5f1eec0f3e3d", "SelfIntroduceFileId": "5c5a7636fbcb5f19bcaa21d8", "PartyLogo": "https://storage.googleapis.com/candidate-thumbs/party/184.png", "CandididatePhoto": "https://storage.googleapis.com/candidate-thumbs/images/41-4-19.jpg"}, {"Unnamed: 0": 8475, "CandidateId": "57fd7306-2dcb-417d-ac68-143e3f5b5299", "CandidateNo": 20, "FirstName": "สุพิศ", "LastName": "อินทะพรม", "PartyName": "เพื่อแผ่นดิน", "PartyNumber": 41, "Title": "นาง", "Votable": true, "province_id": 41, "province_name": "อุดรธานี", "zone_number": 4, "PartyTerminated": false, "Age": 57, "Occupation": "ประธานบทบาทสตรี", "HighestEducation": "ต่ำกว่าปริญญาตรี", "ImageFileId": "5c57fde0fbcb5f1eec0f40a4", "SelfIntroduceFileId": "5c5a7829fbcb5f19bcaa2cdf", "PartyLogo": "https://storage.googleapis.com/candidate-thumbs/party/41.png", "CandididatePhoto": "https://storage.googleapis.com/candidate-thumbs/images/41-4-20.jpg"}, {"Unnamed: 0": 8476, "CandidateId": "f830306a-cd97-4495-8214-813993db7e89", "CandidateNo": 21, "FirstName": "จำนงค์", "LastName": "กาหลง", "PartyName": "พลังไทยรักไทย", "PartyNumber": 185, "Title": "นาย", "Votable": true, "province_id": 41, "province_name": "อุดรธานี", "zone_number": 4, "PartyTerminated": false, "Age": 67, "Occupation": "รับราชการครู", "HighestEducation": "ปริญญาตรี", "ImageFileId": "5c595007fbcb5f1d8817aeb6", "SelfIntroduceFileId": "5c5a8a89fbcb5f19bcaab297", "PartyLogo": "https://storage.googleapis.com/candidate-thumbs/party/185.png", "CandididatePhoto": "https://storage.googleapis.com/candidate-thumbs/images/41-4-21.jpg"}, {"Unnamed: 0": 8477, "CandidateId": "3b6e431a-0109-4a69-b1a1-d40457faf4ee", "CandidateNo": 22, "FirstName": "ชนะพล", "LastName": "อำนาจเจริญ", "PartyName": "พลเมืองไทย", "PartyNumber": 173, "Title": "นาย", "Votable": true, "province_id": 41, "province_name": "อุดรธานี", "zone_number": 4, "PartyTerminated": false, "Age": 56, "Occupation": "รับจ้างทั่วไป", "HighestEducation": "ต่ำกว่าปริญญาตรี", "ImageFileId": "5c5a4c4bfbcb5f19bca9048f", "SelfIntroduceFileId": "5c5a7cd5fbcb5f19bcaa4820", "PartyLogo": "https://storage.googleapis.com/candidate-thumbs/party/173.png", "CandididatePhoto": "https://storage.googleapis.com/candidate-thumbs/images/41-4-22.jpg"}, {"Unnamed: 0": 8478, "CandidateId": "c6b789fa-4b3d-4859-bc3f-ae568f61ee06", "CandidateNo": 23, "FirstName": "สุรยุทธ", "LastName": "นึกชอบ", "PartyName": "พลังชาติไทย", "PartyNumber": 186, "Title": "นาย", "Votable": true, "province_id": 41, "province_name": "อุดรธานี", "zone_number": 4, "PartyTerminated": false, "Age": 30, "Occupation": "พนักงานบริษัทเอกชน", "HighestEducation": "ปริญญาตรี", "ImageFileId": "5c5a63e0fbcb5f19bca9ce8d", "SelfIntroduceFileId": "5c5a7ddbfbcb5f19bcaa4fd2", "PartyLogo": "https://storage.googleapis.com/candidate-thumbs/party/186.png", "CandididatePhoto": "https://storage.googleapis.com/candidate-thumbs/images/41-4-23.jpg"}, {"Unnamed: 0": 8479, "CandidateId": "ddc99a7b-265d-4767-87fc-c2c5d00d0be6", "CandidateNo": 24, "FirstName": "น้อย", "LastName": "ยศม้าว", "PartyName": "ประชากรไทย", "PartyNumber": 2, "Title": "นาย", "Votable": true, "province_id": 41, "province_name": "อุดรธานี", "zone_number": 4, "PartyTerminated": false, "Age": 61, "Occupation": "เกษตรกรรม", "HighestEducation": "ต่ำกว่าปริญญาตรี", "ImageFileId": "5c5a6b99fbcb5f19bca9f86e", "SelfIntroduceFileId": "5c5a7f78fbcb5f19bcaa6032", "PartyLogo": "https://storage.googleapis.com/candidate-thumbs/party/2.png", "CandididatePhoto": "https://storage.googleapis.com/candidate-thumbs/images/41-4-24.jpg"}, {"Unnamed: 0": 8480, "CandidateId": "9006c671-fa57-4f89-9cc1-0e0de049ddf7", "CandidateNo": 25, "FirstName": "อัศวิน", "LastName": "นันทะแสง", "PartyName": "พลังครูไทย", "PartyNumber": 210, "Title": "นาย", "Votable": true, "province_id": 41, "province_name": "อุดรธานี", "zone_number": 4, "PartyTerminated": false, "Age": 55, "Occupation": "รับราชการครู", "HighestEducation": "ปริญญาเอก", "ImageFileId": "5c5ba5bcfbcb5f16fc65a7f4", "SelfIntroduceFileId": "5c5ba72cfbcb5f16fc65b3f7", "PartyLogo": "https://storage.googleapis.com/candidate-thumbs/party/210.png", "CandididatePhoto": "https://storage.googleapis.com/candidate-thumbs/images/41-4-25.jpg"}, {"Unnamed: 0": 8481, "CandidateId": "9c805358-0c41-4f95-b533-3614e80f6e75", "CandidateNo": 26, "FirstName": "พิทักษ์", "LastName": "นาดอน", "PartyName": "ไทยรักษาชาติ", "PartyNumber": 77, "Title": "นาย", "Votable": true, "province_id": 41, "province_name": "อุดรธานี", "zone_number": 4, "PartyTerminated": true, "Age": 51, "Occupation": "ธุรกิจส่วนตัว", "HighestEducation": "ต่ำกว่าปริญญาตรี", "ImageFileId": "5c5baaf8fbcb5f16fc65cdd3", "SelfIntroduceFileId": "5c5bac3afbcb5f16fc65d693", "PartyLogo": "https://storage.googleapis.com/candidate-thumbs/party/77.png", "CandididatePhoto": "https://storage.googleapis.com/candidate-thumbs/images/41-4-26.jpg"}, {"Unnamed: 0": 8482, "CandidateId": "8886dbd5-7587-4d74-a4ee-a8d899705b70", "CandidateNo": 27, "FirstName": "โชคอนันต์", "LastName": "ธรรมโหร", "PartyName": "ประชาธรรมไทย", "PartyNumber": 190, "Title": "นาย", "Votable": true, "province_id": 41, "province_name": "อุดรธานี", "zone_number": 4, "PartyTerminated": false, "Age": 60, "Occupation": "รับจ้างทั่วไป", "HighestEducation": "ต่ำกว่าปริญญาตรี", "ImageFileId": "5c5bd659fbcb5f16fc66e941", "SelfIntroduceFileId": "5c5bd7a5fbcb5f16fc66f5f3", "PartyLogo": "https://storage.googleapis.com/candidate-thumbs/party/190.png", "CandididatePhoto": "https://storage.googleapis.com/candidate-thumbs/images/41-4-27.jpg"}, {"Unnamed: 0": 8483, "CandidateId": "38960e34-22b1-499b-9a65-ae498155840e", "CandidateNo": 28, "FirstName": "ธรรมนิตย์", "LastName": "แสงมืด", "PartyName": "แผ่นดินธรรม", "PartyNumber": 188, "Title": "นาย", "Votable": true, "province_id": 41, "province_name": "อุดรธานี", "zone_number": 4, "PartyTerminated": false, "Age": 44, "Occupation": "ทนายความ", "HighestEducation": "ปริญญาตรี", "ImageFileId": "5c5bd429fbcb5f16fc66dc38", "SelfIntroduceFileId": "5c5bd5dbfbcb5f16fc66e5d8", "PartyLogo": "https://storage.googleapis.com/candidate-thumbs/party/188.png", "CandididatePhoto": "https://storage.googleapis.com/candidate-thumbs/images/41-4-28.jpg"}, {"Unnamed: 0": 8484, "CandidateId": "985fa44c-4b86-4200-b79e-3863e96eb8a3", "CandidateNo": 29, "FirstName": "ชัยรัตน์", "LastName": "จันทร์หอม", "PartyName": "ครูไทยเพื่อประชาชน", "PartyNumber": 118, "Title": "นาย", "Votable": false, "province_id": 41, "province_name": "อุดรธานี", "zone_number": 4, "PartyTerminated": false, "Age": 62, "Occupation": "นักการเมืองท้องถิ่น", "HighestEducation": "ปริญญาตรี", "ImageFileId": "5c5bea00fbcb5f16fc6790b8", "SelfIntroduceFileId": "5c5beb3dfbcb5f16fc679aaa", "PartyLogo": "https://storage.googleapis.com/candidate-thumbs/party/118.png", "CandididatePhoto": "https://storage.googleapis.com/candidate-thumbs/images/41-4-29.jpg"}, {"Unnamed: 0": 8485, "CandidateId": "9f373868-4c0b-4540-97e4-a47ef1931b46", "CandidateNo": 30, "FirstName": "สิม", "LastName": "ชาภักดี", "PartyName": "พลังสังคม", "PartyNumber": 198, "Title": "ร้อยตรี", "Votable": true, "province_id": 41, "province_name": "อุดรธานี", "zone_number": 4, "PartyTerminated": false, "Age": 62, "Occupation": "ข้าราชการบำนาญ", "HighestEducation": "ต่ำกว่าปริญญาตรี", "ImageFileId": "5c5d01fdfbcb5f0fd8849109", "SelfIntroduceFileId": "5c5d05e2fbcb5f0fd884b434", "PartyLogo": "https://storage.googleapis.com/candidate-thumbs/party/198.png", "CandididatePhoto": "https://storage.googleapis.com/candidate-thumbs/images/41-4-30.jpg"}, {"Unnamed: 0": 8486, "CandidateId": "a312fbdc-743b-49de-99be-520281e72cda", "CandidateNo": 31, "FirstName": "รังษี", "LastName": "แสงศร", "PartyName": "ไทยศรีวิไลย์", "PartyNumber": 180, "Title": "นาง", "Votable": true, "province_id": 41, "province_name": "อุดรธานี", "zone_number": 4, "PartyTerminated": false, "Age": 63, "Occupation": "ข้าราชการบำนาญ", "HighestEducation": "ปริญญาตรี", "ImageFileId": "5c5d0b56fbcb5f0fd884d706", "SelfIntroduceFileId": "5c5d1e75fbcb5f0fd88531d4", "PartyLogo": "https://storage.googleapis.com/candidate-thumbs/party/180.png", "CandididatePhoto": "https://storage.googleapis.com/candidate-thumbs/images/41-4-31.jpg"}, {"Unnamed: 0": 8487, "CandidateId": "cfbaf7bb-f63a-4d93-8f70-8bc2f4ebc9d7", "CandidateNo": 32, "FirstName": "ผดุงศักดิ์", "LastName": "มูลอามาตย์", "PartyName": "ภาคีเครือข่ายไทย", "PartyNumber": 211, "Title": "นาย", "Votable": true, "province_id": 41, "province_name": "อุดรธานี", "zone_number": 4, "PartyTerminated": false, "Age": 55, "Occupation": "อิสระ", "HighestEducation": "ต่ำกว่าปริญญาตรี", "ImageFileId": "5c5d3267fbcb5f0fd885d6d0", "SelfIntroduceFileId": "5c5d3726fbcb5f0fd885faef", "PartyLogo": "https://storage.googleapis.com/candidate-thumbs/party/211.png", "CandididatePhoto": "https://storage.googleapis.com/candidate-thumbs/images/41-4-32.jpg"}, {"Unnamed: 0": 8488, "CandidateId": "4a00b301-6893-4bad-8eb0-90b3bf7ced2d", "CandidateNo": 33, "FirstName": "อภิวัชร์", "LastName": "เผ่าหอม", "PartyName": "พลังศรัทธา", "PartyNumber": 201, "Title": "นาย", "Votable": true, "province_id": 41, "province_name": "อุดรธานี", "zone_number": 4, "PartyTerminated": false, "Age": 56, "Occupation": "ค้าขาย", "HighestEducation": "ปริญญาตรี", "ImageFileId": "5c5d52a8fbcb5f0fd887166e", "SelfIntroduceFileId": "5c5d580afbcb5f0fd88760ac", "PartyLogo": "https://storage.googleapis.com/candidate-thumbs/party/201.png", "CandididatePhoto": "https://storage.googleapis.com/candidate-thumbs/images/41-4-33.jpg"}, {"Unnamed: 0": 8489, "CandidateId": "c81d80e9-5c23-438d-88be-1cd99492640b", "CandidateNo": 34, "FirstName": "ธีระยุทธ", "LastName": "สีหาทับ", "PartyName": "ฐานรากไทย", "PartyNumber": 208, "Title": "ร้อยตรี", "Votable": true, "province_id": 41, "province_name": "อุดรธานี", "zone_number": 4, "PartyTerminated": false, "Age": 55, "Occupation": "ข้าราชการบำนาญ", "HighestEducation": "ต่ำกว่าปริญญาตรี", "ImageFileId": "5c5d54c5fbcb5f0fd887329c", "SelfIntroduceFileId": "5c5d56befbcb5f0fd88750af", "PartyLogo": "https://storage.googleapis.com/candidate-thumbs/party/208.png", "CandididatePhoto": "https://storage.googleapis.com/candidate-thumbs/images/41-4-34.jpg"}, {"Unnamed: 0": 8490, "CandidateId": "8df9b8fe-e63c-40e2-8769-af70ade5e399", "CandidateNo": 35, "FirstName": "เลี้ยง", "LastName": "อณารัตน์", "PartyName": "ประชาธิปไตยใหม่", "PartyNumber": 109, "Title": "นาย", "Votable": true, "province_id": 41, "province_name": "อุดรธานี", "zone_number": 4, "PartyTerminated": false, "Age": 64, "Occupation": "ธุรกิจส่วนตัว", "HighestEducation": "ต่ำกว่าปริญญาตรี", "ImageFileId": "5c5d55edfbcb5f0fd887477e", "SelfIntroduceFileId": "5c5d58d1fbcb5f0fd8876ae4", "PartyLogo": "https://storage.googleapis.com/candidate-thumbs/party/109.png", "CandididatePhoto": "https://storage.googleapis.com/candidate-thumbs/images/41-4-35.jpg"}, {"Unnamed: 0": 8491, "CandidateId": "f50cc269-f48d-4a8a-94f1-955cdd26f162", "CandidateNo": 36, "FirstName": "สรวีย์", "LastName": "ปัญญาปีไทยสงค์", "PartyName": "พลังประชาธิปไตย", "PartyNumber": 153, "Title": "นางสาว", "Votable": true, "province_id": 41, "province_name": "อุดรธานี", "zone_number": 4, "PartyTerminated": false, "Age": 38, "Occupation": "แม่บ้าน", "HighestEducation": "ปริญญาตรี", "ImageFileId": "5c5d5628fbcb5f0fd8874ac4", "SelfIntroduceFileId": "5c5d5d83fbcb5f0fd887984b", "PartyLogo": "https://storage.googleapis.com/candidate-thumbs/party/153.png", "CandididatePhoto": "https://storage.googleapis.com/candidate-thumbs/images/41-4-36.jpg"}, {"Unnamed: 0": 8492, "CandidateId": "fbdb9b52-878e-4466-b826-6de8f7e9827e", "CandidateNo": 37, "FirstName": "นรินทร์", "LastName": "นนทะชิต", "PartyName": "ไทรักธรรม", "PartyNumber": 144, "Title": "นาย", "Votable": false, "province_id": 41, "province_name": "อุดรธานี", "zone_number": 4, "PartyTerminated": false, "Age": 52, "Occupation": "รับจ้างทั่วไป", "HighestEducation": "ปริญญาตรี", "ImageFileId": "5c5d5652fbcb5f0fd8874c4d", "SelfIntroduceFileId": "5c5d5fcafbcb5f0fd887aa74", "PartyLogo": "https://storage.googleapis.com/candidate-thumbs/party/144.png", "CandididatePhoto": "https://storage.googleapis.com/candidate-thumbs/images/41-4-37.jpg"}]