[{"Unnamed: 0": 9484, "CandidateId": "fc3c455a-b7a3-4c26-b186-6f3950317425", "CandidateNo": 1, "FirstName": "กำพล", "LastName": "เติมต้น", "PartyName": "ประชาธิปัตย์", "PartyNumber": 1, "Title": "นาย", "Votable": true, "province_id": 34, "province_name": "อุบลราชธานี", "zone_number": 4, "PartyTerminated": false, "Age": 36, "Occupation": "เกษตรกร", "HighestEducation": "ปริญญาตรี", "ImageFileId": "5c57c5bffbcb5f1eec0d99c1", "SelfIntroduceFileId": "5c57ff72fbcb5f1eec0f54ac", "PartyLogo": "https://storage.googleapis.com/candidate-thumbs/party/1.png", "CandididatePhoto": "https://storage.googleapis.com/candidate-thumbs/images/34-4-1.jpg"}, {"Unnamed: 0": 9485, "CandidateId": "d5e5b2ec-7434-4718-bc1f-38e284731640", "CandidateNo": 2, "FirstName": "อัครพล", "LastName": "จินตะเวช", "PartyName": "ชาติไทยพัฒนา", "PartyNumber": 55, "Title": "นาย", "Votable": true, "province_id": 34, "province_name": "อุบลราชธานี", "zone_number": 4, "PartyTerminated": false, "Age": 45, "Occupation": "ข้าราชการ(สมาชิกองค์การบริหารส่วนจังหวัดอุบลราชธานี)", "HighestEducation": "ต่ำกว่าปริญญาตรี", "ImageFileId": "5c57d90ffbcb5f1eec0df55f", "SelfIntroduceFileId": "5c57e01ffbcb5f1eec0e1e99", "PartyLogo": "https://storage.googleapis.com/candidate-thumbs/party/55.png", "CandididatePhoto": "https://storage.googleapis.com/candidate-thumbs/images/34-4-2.jpg"}, {"Unnamed: 0": 9486, "CandidateId": "8ab938fe-16db-4a1a-b40b-37fafc426d9e", "CandidateNo": 3, "FirstName": "สุริยา", "LastName": "ขันอาสา", "PartyName": "ภูมิใจไทย", "PartyNumber": 63, "Title": "นาย", "Votable": true, "province_id": 34, "province_name": "อุบลราชธานี", "zone_number": 4, "PartyTerminated": false, "Age": 46, "Occupation": "นักวิชาการพัฒนาชุมชน", "HighestEducation": "ปริญญาตรี", "ImageFileId": "5c57e2c8fbcb5f1eec0e2ecb", "SelfIntroduceFileId": "5c57e781fbcb5f1eec0e588c", "PartyLogo": "https://storage.googleapis.com/candidate-thumbs/party/63.png", "CandididatePhoto": "https://storage.googleapis.com/candidate-thumbs/images/34-4-3.jpg"}, {"Unnamed: 0": 9487, "CandidateId": "35741a65-ce7e-481c-95e3-e8627c63e7ec", "CandidateNo": 4, "FirstName": "อุรัญ", "LastName": "บุญรักษา", "PartyName": "ชาติพัฒนา", "PartyNumber": 45, "Title": "นาย", "Votable": true, "province_id": 34, "province_name": "อุบลราชธานี", "zone_number": 4, "PartyTerminated": false, "Age": 48, "Occupation": "พ่อค้า", "HighestEducation": "ปริญญาโท", "ImageFileId": "5c57ea68fbcb5f1eec0e6f90", "SelfIntroduceFileId": "5c57f471fbcb5f1eec0eccd3", "PartyLogo": "https://storage.googleapis.com/candidate-thumbs/party/45.png", "CandididatePhoto": "https://storage.googleapis.com/candidate-thumbs/images/34-4-4.jpg"}, {"Unnamed: 0": 9488, "CandidateId": "d5aa2ec7-0414-44c7-80c8-bb58fcf45f8e", "CandidateNo": 5, "FirstName": "ตวงทิพย์", "LastName": "จินตะเวช", "PartyName": "พลังประชารัฐ", "PartyNumber": 192, "Title": "นางสาว", "Votable": true, "province_id": 34, "province_name": "อุบลราชธานี", "zone_number": 4, "PartyTerminated": false, "Age": 29, "Occupation": "ธุรกิจส่วนตัว", "HighestEducation": "ปริญญาโท", "ImageFileId": "5c591021fbcb5f1d88149b2e", "SelfIntroduceFileId": "5c591272fbcb5f1d8814bbe8", "PartyLogo": "https://storage.googleapis.com/candidate-thumbs/party/192.png", "CandididatePhoto": "https://storage.googleapis.com/candidate-thumbs/images/34-4-5.jpg"}, {"Unnamed: 0": 9489, "CandidateId": "b23928e1-c0f9-4473-bc8c-7e807e3db52b", "CandidateNo": 6, "FirstName": "ประธาน", "LastName": "เสรีอภิสิทธิ์", "PartyName": "รวมพลังประชาชาติไทย", "PartyNumber": 181, "Title": "นาย", "Votable": true, "province_id": 34, "province_name": "อุบลราชธานี", "zone_number": 4, "PartyTerminated": false, "Age": 68, "Occupation": "เกษตรกร", "HighestEducation": "ปริญญาโท", "ImageFileId": "5c59090cfbcb5f1d8814348c", "SelfIntroduceFileId": "5c590b83fbcb5f1d881457ac", "PartyLogo": "https://storage.googleapis.com/candidate-thumbs/party/181.png", "CandididatePhoto": "https://storage.googleapis.com/candidate-thumbs/images/34-4-6.jpg"}, {"Unnamed: 0": 9490, "CandidateId": "6138876a-b0a3-4b8d-969b-1fbc8e475104", "CandidateNo": 7, "FirstName": "ชญาภา", "LastName": "มูลศรีแก้ว", "PartyName": "ทางเลือกใหม่", "PartyNumber": 170, "Title": "นาง", "Votable": true, "province_id": 34, "province_name": "อุบลราชธานี", "zone_number": 4, "PartyTerminated": false, "Age": 41, "Occupation": "ค้าขาย", "HighestEducation": "ต่ำกว่าปริญญาตรี", "ImageFileId": "5c59160bfbcb5f1d8814e76a", "SelfIntroduceFileId": "5c5bec28fbcb5f16fc67a0f8", "PartyLogo": "https://storage.googleapis.com/candidate-thumbs/party/170.png", "CandididatePhoto": "https://storage.googleapis.com/candidate-thumbs/images/34-4-7.jpg"}, {"Unnamed: 0": 9491, "CandidateId": "83b87b77-5358-4c43-8a6b-2a7b32706c04", "CandidateNo": 8, "FirstName": "ลิขิต", "LastName": "มีแสง", "PartyName": "เสรีรวมไทย", "PartyNumber": 145, "Title": "นาย", "Votable": true, "province_id": 34, "province_name": "อุบลราชธานี", "zone_number": 4, "PartyTerminated": false, "Age": 56, "Occupation": "นักการเมือง", "HighestEducation": "ปริญญาโท", "ImageFileId": "5c592a60fbcb5f1d8815a6c8", "SelfIntroduceFileId": "5c592e03fbcb5f1d8815e2cb", "PartyLogo": "https://storage.googleapis.com/candidate-thumbs/party/145.png", "CandididatePhoto": "https://storage.googleapis.com/candidate-thumbs/images/34-4-8.jpg"}, {"Unnamed: 0": 9492, "CandidateId": "78d21c01-97ee-48c5-9331-002881643d2e", "CandidateNo": 9, "FirstName": "เอกชัย", "LastName": "ทรงอำนาจเจริญ", "PartyName": "เพื่อไทย", "PartyNumber": 34, "Title": "นาย", "Votable": true, "province_id": 34, "province_name": "อุบลราชธานี", "zone_number": 4, "PartyTerminated": false, "Age": 40, "Occupation": "ธุรกิจส่วนตัว", "HighestEducation": "ปริญญาโท", "ImageFileId": "5c5923a2fbcb5f1d881554f3", "SelfIntroduceFileId": "5c592524fbcb5f1d881565a1", "PartyLogo": "https://storage.googleapis.com/candidate-thumbs/party/34.png", "CandididatePhoto": "https://storage.googleapis.com/candidate-thumbs/images/34-4-9.jpg"}, {"Unnamed: 0": 9493, "CandidateId": "59d35502-d92e-44b6-81af-b3721c8edf54", "CandidateNo": 10, "FirstName": "กิตติพงษ์", "LastName": "เทียมสุวรรณ", "PartyName": "พลังท้องถิ่นไท", "PartyNumber": 124, "Title": "นาย", "Votable": true, "province_id": 34, "province_name": "อุบลราชธานี", "zone_number": 4, "PartyTerminated": false, "Age": 57, "Occupation": "ธุรกิจส่วนตัว", "HighestEducation": "ปริญญาตรี", "ImageFileId": "5c593165fbcb5f1d8816119b", "SelfIntroduceFileId": "5c5a8906fbcb5f19bcaaa77c", "PartyLogo": "https://storage.googleapis.com/candidate-thumbs/party/124.png", "CandididatePhoto": "https://storage.googleapis.com/candidate-thumbs/images/34-4-10.jpg"}, {"Unnamed: 0": 9494, "CandidateId": "221d2d5e-8fd9-4ca8-b5bc-832b6203a5ff", "CandidateNo": 11, "FirstName": "ยุทธพงษ์", "LastName": "นามจำปา", "PartyName": "เศรษฐกิจใหม่", "PartyNumber": 193, "Title": "นาย", "Votable": true, "province_id": 34, "province_name": "อุบลราชธานี", "zone_number": 4, "PartyTerminated": false, "Age": 44, "Occupation": "รับจ้าง", "HighestEducation": "ปริญญาตรี", "ImageFileId": "5c593746fbcb5f1d88166233", "SelfIntroduceFileId": "5c593a5efbcb5f1d881690b2", "PartyLogo": "https://storage.googleapis.com/candidate-thumbs/party/193.png", "CandididatePhoto": "https://storage.googleapis.com/candidate-thumbs/images/34-4-11.jpg"}, {"Unnamed: 0": 9495, "CandidateId": "426b3040-e915-4a39-beb2-03acfa0a93c6", "CandidateNo": 12, "FirstName": "สุวีศักดิ์", "LastName": "แสงสาย", "PartyName": "เพื่อชาติ", "PartyNumber": 149, "Title": "นาย", "Votable": true, "province_id": 34, "province_name": "อุบลราชธานี", "zone_number": 4, "PartyTerminated": false, "Age": 45, "Occupation": "ค้าขาย", "HighestEducation": "ปริญญาโท", "ImageFileId": "5c593d94fbcb5f1d8816b8bb", "SelfIntroduceFileId": "5c593fcffbcb5f1d8816d4eb", "PartyLogo": "https://storage.googleapis.com/candidate-thumbs/party/149.png", "CandididatePhoto": "https://storage.googleapis.com/candidate-thumbs/images/34-4-12.jpg"}, {"Unnamed: 0": 9496, "CandidateId": "83b4fa34-7f5d-4b42-834d-4874faa51abb", "CandidateNo": 13, "FirstName": "สุภาพชน", "LastName": "บังศรี", "PartyName": "ประชานิยม", "PartyNumber": 191, "Title": "ร.ต.", "Votable": true, "province_id": 34, "province_name": "อุบลราชธานี", "zone_number": 4, "PartyTerminated": false, "Age": 60, "Occupation": "รับราชการกระทรวงกลาโหม ", "HighestEducation": "ต่ำกว่าปริญญาตรี", "ImageFileId": "5c5941fafbcb5f1d8816f654", "SelfIntroduceFileId": "5c5a8ea5fbcb5f19bcaad287", "PartyLogo": "https://storage.googleapis.com/candidate-thumbs/party/191.png", "CandididatePhoto": "https://storage.googleapis.com/candidate-thumbs/images/34-4-13.jpg"}, {"Unnamed: 0": 9497, "CandidateId": "6ac6820f-a25d-4fbe-8ab6-87372bc1e22d", "CandidateNo": 14, "FirstName": "ฉัตรชัย", "LastName": "แก้วคำปอด", "PartyName": "อนาคตใหม่", "PartyNumber": 177, "Title": "ว่าที่ร้อยตรี", "Votable": true, "province_id": 34, "province_name": "อุบลราชธานี", "zone_number": 4, "PartyTerminated": false, "Age": 31, "Occupation": "ทนายความ", "HighestEducation": "ปริญญาตรี", "ImageFileId": "5c5949e3fbcb5f1d881765ce", "SelfIntroduceFileId": "5c594ce7fbcb5f1d88178a7e", "PartyLogo": "https://storage.googleapis.com/candidate-thumbs/party/177.png", "CandididatePhoto": "https://storage.googleapis.com/candidate-thumbs/images/34-4-14.jpg"}, {"Unnamed: 0": 9498, "CandidateId": "ab48b1a4-990a-4477-91b2-f4a40c102831", "CandidateNo": 15, "FirstName": "มะลิ", "LastName": "พัตรา", "PartyName": "รักษ์ผืนป่าประเทศไทย", "PartyNumber": 133, "Title": "นาง", "Votable": true, "province_id": 34, "province_name": "อุบลราชธานี", "zone_number": 4, "PartyTerminated": false, "Age": 46, "Occupation": "ทำนา", "HighestEducation": "ต่ำกว่าปริญญาตรี", "ImageFileId": "5c5a3f9bfbcb5f19bca8a5d3", "SelfIntroduceFileId": "5c5a8f42fbcb5f19bcaad737", "PartyLogo": "https://storage.googleapis.com/candidate-thumbs/party/133.png", "CandididatePhoto": "https://storage.googleapis.com/candidate-thumbs/images/34-4-15.jpg"}, {"Unnamed: 0": 9499, "CandidateId": "80c2ed1b-b4fb-4719-9508-2713ca64c84c", "CandidateNo": 16, "FirstName": "อรุณ", "LastName": "คูณคำ", "PartyName": "ประชาธิปไตยใหม่", "PartyNumber": 109, "Title": "นาย", "Votable": true, "province_id": 34, "province_name": "อุบลราชธานี", "zone_number": 4, "PartyTerminated": false, "Age": 63, "Occupation": "ข้าราชการครู", "HighestEducation": "ปริญญาเอก", "ImageFileId": "5c5a4397fbcb5f19bca8be9e", "SelfIntroduceFileId": "5c5a47a0fbcb5f19bca8dd01", "PartyLogo": "https://storage.googleapis.com/candidate-thumbs/party/109.png", "CandididatePhoto": "https://storage.googleapis.com/candidate-thumbs/images/34-4-16.jpg"}, {"Unnamed: 0": 9500, "CandidateId": "cae45314-6737-46e3-b7f2-80ef9b897a67", "CandidateNo": 17, "FirstName": "นิสสรณ์", "LastName": "สาโสม", "PartyName": "ประชาชาติ", "PartyNumber": 187, "Title": "ว่าที่ร้อยตรี", "Votable": true, "province_id": 34, "province_name": "อุบลราชธานี", "zone_number": 4, "PartyTerminated": false, "Age": 61, "Occupation": "รับราชการครู", "HighestEducation": "ปริญญาโท", "ImageFileId": "5c5a48ddfbcb5f19bca8e4d8", "SelfIntroduceFileId": "5c5a4b43fbcb5f19bca8fa12", "PartyLogo": "https://storage.googleapis.com/candidate-thumbs/party/187.png", "CandididatePhoto": "https://storage.googleapis.com/candidate-thumbs/images/34-4-17.jpg"}, {"Unnamed: 0": 9501, "CandidateId": "7723eddd-5446-4c36-9d6a-11f5b5c5477b", "CandidateNo": 18, "FirstName": "สมาน", "LastName": "แก้วภักดี", "PartyName": "พลังปวงชนไทย", "PartyNumber": 184, "Title": "นาย", "Votable": true, "province_id": 34, "province_name": "อุบลราชธานี", "zone_number": 4, "PartyTerminated": false, "Age": 61, "Occupation": "ข้าราชการครู ตำแหน่งผู้อำนวยการ", "HighestEducation": "ปริญญาโท", "ImageFileId": "5c5a4e41fbcb5f19bca913ed", "SelfIntroduceFileId": "5c5a4ff2fbcb5f19bca92510", "PartyLogo": "https://storage.googleapis.com/candidate-thumbs/party/184.png", "CandididatePhoto": "https://storage.googleapis.com/candidate-thumbs/images/34-4-18.jpg"}, {"Unnamed: 0": 9502, "CandidateId": "38b8e083-829c-49f6-8600-501192c0809f", "CandidateNo": 19, "FirstName": "ภูวฤณ", "LastName": "แก่นสาร", "PartyName": "เพื่อนไทย", "PartyNumber": 179, "Title": "นาย", "Votable": false, "province_id": 34, "province_name": "อุบลราชธานี", "zone_number": 4, "PartyTerminated": false, "Age": 51, "Occupation": "ตัวแทนประกันชีวิต", "HighestEducation": "ต่ำกว่าปริญญาตรี", "ImageFileId": "5c5a51aafbcb5f19bca93541", "SelfIntroduceFileId": "5c5a5479fbcb5f19bca94faf", "PartyLogo": "https://storage.googleapis.com/candidate-thumbs/party/179.png", "CandididatePhoto": "https://storage.googleapis.com/candidate-thumbs/images/34-4-19.jpg"}, {"Unnamed: 0": 9503, "CandidateId": "b26a95e2-ed4b-41df-8835-bb8dc9b1b2b5", "CandidateNo": 20, "FirstName": "ไมล์", "LastName": "ประสานทอง", "PartyName": "รวมใจไทย", "PartyNumber": 174, "Title": "นาย", "Votable": true, "province_id": 34, "province_name": "อุบลราชธานี", "zone_number": 4, "PartyTerminated": false, "Age": 63, "Occupation": "ข้าราชการบำนาญ", "HighestEducation": "ปริญญาตรี", "ImageFileId": "5c5a5669fbcb5f19bca95e47", "SelfIntroduceFileId": "5c5a5909fbcb5f19bca972b5", "PartyLogo": "https://storage.googleapis.com/candidate-thumbs/party/174.png", "CandididatePhoto": "https://storage.googleapis.com/candidate-thumbs/images/34-4-20.jpg"}, {"Unnamed: 0": 9504, "CandidateId": "9199ede9-ca93-4a5e-9732-2fe381b4c82b", "CandidateNo": 21, "FirstName": "วรายุทธ", "LastName": "ทางทอง", "PartyName": "ไทยศรีวิไลย์", "PartyNumber": 180, "Title": "นาย", "Votable": true, "province_id": 34, "province_name": "อุบลราชธานี", "zone_number": 4, "PartyTerminated": false, "Age": 48, "Occupation": "พนักงานโรงแรมฮาร์ดร็อคพัทยา จ.ชลบุรี", "HighestEducation": "ต่ำกว่าปริญญาตรี", "ImageFileId": "5c5a7657fbcb5f19bcaa2373", "SelfIntroduceFileId": "5c5a7895fbcb5f19bcaa2fd6", "PartyLogo": "https://storage.googleapis.com/candidate-thumbs/party/180.png", "CandididatePhoto": "https://storage.googleapis.com/candidate-thumbs/images/34-4-21.jpg"}, {"Unnamed: 0": 9505, "CandidateId": "cf6e2f94-3a00-4419-b188-bcd7b1eada77", "CandidateNo": 22, "FirstName": "ชาญพัฒน์", "LastName": "จันทุมา", "PartyName": "พลังครูไทย", "PartyNumber": 210, "Title": "นาย", "Votable": true, "province_id": 34, "province_name": "อุบลราชธานี", "zone_number": 4, "PartyTerminated": false, "Age": 65, "Occupation": "ข้าราชการบำนาญ ตำแหน่งผู้อำนวยการสถานศึกษา", "HighestEducation": "ปริญญาโท", "ImageFileId": "5c5b9be3fbcb5f16fc6567e1", "SelfIntroduceFileId": "5c5b9df4fbcb5f16fc6570df", "PartyLogo": "https://storage.googleapis.com/candidate-thumbs/party/210.png", "CandididatePhoto": "https://storage.googleapis.com/candidate-thumbs/images/34-4-22.jpg"}, {"Unnamed: 0": 9506, "CandidateId": "b419bdaf-3786-41cf-99ad-464e4a1ef356", "CandidateNo": 23, "FirstName": "จีระวิชย์", "LastName": "มุธุสิทธิ์", "PartyName": "เพื่อแผ่นดิน", "PartyNumber": 41, "Title": "นาย", "Votable": true, "province_id": 34, "province_name": "อุบลราชธานี", "zone_number": 4, "PartyTerminated": false, "Age": 56, "Occupation": "ค้าขาย", "HighestEducation": "ปริญญาตรี", "ImageFileId": "5c5bb158fbcb5f16fc66059b", "SelfIntroduceFileId": "5c5bb2c7fbcb5f16fc6612e6", "PartyLogo": "https://storage.googleapis.com/candidate-thumbs/party/41.png", "CandididatePhoto": "https://storage.googleapis.com/candidate-thumbs/images/34-4-23.jpg"}, {"Unnamed: 0": 9507, "CandidateId": "3dc65ddb-37e2-473d-a8e6-b50de1076929", "CandidateNo": 24, "FirstName": "ไสว", "LastName": "อาจเอี่ยม", "PartyName": "ครูไทยเพื่อประชาชน", "PartyNumber": 118, "Title": "นาย", "Votable": true, "province_id": 34, "province_name": "อุบลราชธานี", "zone_number": 4, "PartyTerminated": false, "Age": 66, "Occupation": "ข้าราชการบำนาญ", "HighestEducation": "ปริญญาตรี", "ImageFileId": "5c5bb668fbcb5f16fc662bda", "SelfIntroduceFileId": "5c5bb7b3fbcb5f16fc66372a", "PartyLogo": "https://storage.googleapis.com/candidate-thumbs/party/118.png", "CandididatePhoto": "https://storage.googleapis.com/candidate-thumbs/images/34-4-24.jpg"}, {"Unnamed: 0": 9508, "CandidateId": "e0916366-d7c9-4b0c-b34c-78698aec919d", "CandidateNo": 25, "FirstName": "บุญโฮม", "LastName": "ยืนนาน", "PartyName": "ภราดรภาพ", "PartyNumber": 154, "Title": "นาย", "Votable": true, "province_id": 34, "province_name": "อุบลราชธานี", "zone_number": 4, "PartyTerminated": false, "Age": 59, "Occupation": "เกษตรกร", "HighestEducation": "ต่ำกว่าปริญญาตรี", "ImageFileId": "5c5bb9c3fbcb5f16fc6645d9", "SelfIntroduceFileId": "5c5bbae9fbcb5f16fc664c77", "PartyLogo": "https://storage.googleapis.com/candidate-thumbs/party/154.png", "CandididatePhoto": "https://storage.googleapis.com/candidate-thumbs/images/34-4-25.jpg"}, {"Unnamed: 0": 9509, "CandidateId": "b587c907-8514-4f18-b08b-cae71ca2681d", "CandidateNo": 26, "FirstName": "สมบัติ", "LastName": "วริพัฒน์", "PartyName": "มหาชน", "PartyNumber": 4, "Title": "นาย", "Votable": true, "province_id": 34, "province_name": "อุบลราชธานี", "zone_number": 4, "PartyTerminated": false, "Age": 33, "Occupation": "ค้าขาย", "HighestEducation": "ต่ำกว่าปริญญาตรี", "ImageFileId": "5c5bee22fbcb5f16fc67b6b4", "SelfIntroduceFileId": "5c5bf0b4fbcb5f16fc67caad", "PartyLogo": "https://storage.googleapis.com/candidate-thumbs/party/4.png", "CandididatePhoto": "https://storage.googleapis.com/candidate-thumbs/images/34-4-26.jpg"}, {"Unnamed: 0": 9510, "CandidateId": "b60abdea-ce6a-48b6-a32c-e37a3ba7a2b3", "CandidateNo": 27, "FirstName": "วาสนา", "LastName": "แสงสวย", "PartyName": "ไทยรักษาชาติ", "PartyNumber": 77, "Title": "พ.อ.หญิง", "Votable": true, "province_id": 34, "province_name": "อุบลราชธานี", "zone_number": 4, "PartyTerminated": true, "Age": 64, "Occupation": "ข้าราชการบำนาญ", "HighestEducation": "ปริญญาตรี", "ImageFileId": "5c5cdf59fbcb5f16fc6894c0", "SelfIntroduceFileId": "5c5ce11bfbcb5f16fc689bde", "PartyLogo": "https://storage.googleapis.com/candidate-thumbs/party/77.png", "CandididatePhoto": "https://storage.googleapis.com/candidate-thumbs/images/34-4-27.jpg"}, {"Unnamed: 0": 9511, "CandidateId": "efd7ec37-0b32-4029-96ae-fda296a5e722", "CandidateNo": 28, "FirstName": "ณัฐพัชร", "LastName": "นรากุลพิพัฒน์", "PartyName": "พลังชาติไทย", "PartyNumber": 186, "Title": "นาย", "Votable": true, "province_id": 34, "province_name": "อุบลราชธานี", "zone_number": 4, "PartyTerminated": false, "Age": 58, "Occupation": "ค้าขาย", "HighestEducation": "ปริญญาตรี", "ImageFileId": "5c5ce2a5fbcb5f16fc68a36a", "SelfIntroduceFileId": "5c5ce54cfbcb5f16fc68aec7", "PartyLogo": "https://storage.googleapis.com/candidate-thumbs/party/186.png", "CandididatePhoto": "https://storage.googleapis.com/candidate-thumbs/images/34-4-28.jpg"}, {"Unnamed: 0": 9512, "CandidateId": "91aa8080-85b8-4377-a3f0-a30a10358a1a", "CandidateNo": 29, "FirstName": "รัตนา", "LastName": "นครเทพ", "PartyName": "ประชาไทย", "PartyNumber": 205, "Title": "นาง", "Votable": true, "province_id": 34, "province_name": "อุบลราชธานี", "zone_number": 4, "PartyTerminated": false, "Age": 65, "Occupation": "ธุรกิจส่วนตัว", "HighestEducation": "ปริญญาโท", "ImageFileId": "5c5cea68fbcb5f16fc68cacd", "SelfIntroduceFileId": "5c5ced83fbcb5f16fc68dd0c", "PartyLogo": "https://storage.googleapis.com/candidate-thumbs/party/205.png", "CandididatePhoto": "https://storage.googleapis.com/candidate-thumbs/images/34-4-29.jpg"}, {"Unnamed: 0": 9513, "CandidateId": "a968efb0-5902-472b-9c04-c8370db1c64a", "CandidateNo": 30, "FirstName": "ประเสริฐ", "LastName": "พรมพิสัย", "PartyName": "พลังไทยรักไทย", "PartyNumber": 185, "Title": "นาย", "Votable": true, "province_id": 34, "province_name": "อุบลราชธานี", "zone_number": 4, "PartyTerminated": false, "Age": 65, "Occupation": "ข้าราชการบำนาญ", "HighestEducation": "ปริญญาตรี", "ImageFileId": "5c5cefb6fbcb5f16fc68e9b6", "SelfIntroduceFileId": "5c5cf24afbcb5f16fc68fe4e", "PartyLogo": "https://storage.googleapis.com/candidate-thumbs/party/185.png", "CandididatePhoto": "https://storage.googleapis.com/candidate-thumbs/images/34-4-30.jpg"}, {"Unnamed: 0": 9514, "CandidateId": "88db94be-4c41-4d88-8a57-f88ef753596e", "CandidateNo": 31, "FirstName": "วิกรานต์", "LastName": "ทาธิสา", "PartyName": "ประชาภิวัฒน์", "PartyNumber": 172, "Title": "นาย", "Votable": true, "province_id": 34, "province_name": "อุบลราชธานี", "zone_number": 4, "PartyTerminated": false, "Age": 56, "Occupation": "นักธุรกิจอิสระ", "HighestEducation": "ต่ำกว่าปริญญาตรี", "ImageFileId": "5c5cf91bfbcb5f0fd8844769", "SelfIntroduceFileId": "5c5cfdf8fbcb5f0fd8846f59", "PartyLogo": "https://storage.googleapis.com/candidate-thumbs/party/172.png", "CandididatePhoto": "https://storage.googleapis.com/candidate-thumbs/images/34-4-31.jpg"}, {"Unnamed: 0": 9515, "CandidateId": "320865ef-0bd0-4347-b4e7-beda078d52f5", "CandidateNo": 32, "FirstName": "สัญจร", "LastName": "ทาบุตดา", "PartyName": "ความหวังใหม่", "PartyNumber": 13, "Title": "นาง", "Votable": true, "province_id": 34, "province_name": "อุบลราชธานี", "zone_number": 4, "PartyTerminated": false, "Age": 49, "Occupation": "เกษตรกร", "HighestEducation": "ต่ำกว่าปริญญาตรี", "ImageFileId": "5c5d1857fbcb5f0fd8850ee7", "SelfIntroduceFileId": "5c5d1a48fbcb5f0fd885178c", "PartyLogo": "https://storage.googleapis.com/candidate-thumbs/party/13.png", "CandididatePhoto": "https://storage.googleapis.com/candidate-thumbs/images/34-4-32.jpg"}, {"Unnamed: 0": 9516, "CandidateId": "b2a14bef-10e2-4f49-adfe-433d5518a30e", "CandidateNo": 33, "FirstName": "รัฐวีร์", "LastName": "ผุยพรม", "PartyName": "พลังประชาธิปไตย", "PartyNumber": 153, "Title": "นางสาว", "Votable": true, "province_id": 34, "province_name": "อุบลราชธานี", "zone_number": 4, "PartyTerminated": false, "Age": 49, "Occupation": "ทำธุรกิจส่วนตัว", "HighestEducation": "ต่ำกว่าปริญญาตรี", "ImageFileId": "5c5d1e69fbcb5f0fd885317f", "SelfIntroduceFileId": "5c5d1f6bfbcb5f0fd8853b8d", "PartyLogo": "https://storage.googleapis.com/candidate-thumbs/party/153.png", "CandididatePhoto": "https://storage.googleapis.com/candidate-thumbs/images/34-4-33.jpg"}, {"Unnamed: 0": 9517, "CandidateId": "dcd00e65-7e0e-46cc-846f-b7379ee6d966", "CandidateNo": 34, "FirstName": "พิชัย", "LastName": "สมวงศ์", "PartyName": "ผึ้งหลวง", "PartyNumber": 164, "Title": "นาย", "Votable": true, "province_id": 34, "province_name": "อุบลราชธานี", "zone_number": 4, "PartyTerminated": false, "Age": 64, "Occupation": "ทำธุรกิจส่วนตัว", "HighestEducation": "ปริญญาตรี", "ImageFileId": "5c5d2291fbcb5f0fd8855601", "SelfIntroduceFileId": "5c5d242ffbcb5f0fd8855e56", "PartyLogo": "https://storage.googleapis.com/candidate-thumbs/party/164.png", "CandididatePhoto": "https://storage.googleapis.com/candidate-thumbs/images/34-4-34.jpg"}, {"Unnamed: 0": 9518, "CandidateId": "3754756d-e767-4416-b923-7c813fed32e6", "CandidateNo": 35, "FirstName": "ปิ่นภพ", "LastName": "ชูราษี", "PartyName": "พลังสังคม", "PartyNumber": 198, "Title": "นาย", "Votable": true, "province_id": 34, "province_name": "อุบลราชธานี", "zone_number": 4, "PartyTerminated": false, "Age": 42, "Occupation": "พนักงานบริษัทไทยยนต์", "HighestEducation": "ต่ำกว่าปริญญาตรี", "ImageFileId": "5c5d2781fbcb5f0fd885797a", "SelfIntroduceFileId": "5c5d2988fbcb5f0fd8858b88", "PartyLogo": "https://storage.googleapis.com/candidate-thumbs/party/198.png", "CandididatePhoto": "https://storage.googleapis.com/candidate-thumbs/images/34-4-35.jpg"}, {"Unnamed: 0": 9519, "CandidateId": "1e99181d-ff16-4d3b-bdd4-9a14fb1afd6b", "CandidateNo": 36, "FirstName": "ประกาศ", "LastName": "พิบูลพงษ์", "PartyName": "แทนคุณแผ่นดิน", "PartyNumber": 53, "Title": "นาย", "Votable": true, "province_id": 34, "province_name": "อุบลราชธานี", "zone_number": 4, "PartyTerminated": false, "Age": 53, "Occupation": "ทำการเกษตร", "HighestEducation": "ต่ำกว่าปริญญาตรี", "ImageFileId": "5c5d30e5fbcb5f0fd885c898", "SelfIntroduceFileId": "5c5d3315fbcb5f0fd885db49", "PartyLogo": "https://storage.googleapis.com/candidate-thumbs/party/53.png", "CandididatePhoto": "https://storage.googleapis.com/candidate-thumbs/images/34-4-36.jpg"}, {"Unnamed: 0": 9520, "CandidateId": "689b3f14-2714-4bcf-8cff-84a3ae3aa28e", "CandidateNo": 37, "FirstName": "สมพร", "LastName": "มีทองขาว", "PartyName": "ไทรักธรรม", "PartyNumber": 144, "Title": "นาย", "Votable": true, "province_id": 34, "province_name": "อุบลราชธานี", "zone_number": 4, "PartyTerminated": false, "Age": 53, "Occupation": "ค้าขาย", "HighestEducation": "ต่ำกว่าปริญญาตรี", "ImageFileId": "5c5d4839fbcb5f0fd886a2d1", "SelfIntroduceFileId": "5c5d4999fbcb5f0fd886b483", "PartyLogo": "https://storage.googleapis.com/candidate-thumbs/party/144.png", "CandididatePhoto": "https://storage.googleapis.com/candidate-thumbs/images/34-4-37.jpg"}]