[{"Unnamed: 0": 6238, "CandidateId": "7f4c8b0d-86b8-4304-b877-95b3e8d98eca", "CandidateNo": 1, "FirstName": "บำเพ็ญ", "LastName": "บินไทยสงค์", "PartyName": "เสรีรวมไทย", "PartyNumber": 145, "Title": "นาย", "Votable": true, "province_id": 57, "province_name": "เชียงราย", "zone_number": 5, "PartyTerminated": false, "Age": 68, "Occupation": "นายอำเภอสันกำแพง จังหวัดเชียงใหม่", "HighestEducation": "ปริญญาเอก", "ImageFileId": "5c57fe07fbcb5f1eec0f4277", "SelfIntroduceFileId": "5c58048dfbcb5f1eec0f9f73", "PartyLogo": "https://storage.googleapis.com/candidate-thumbs/party/145.png", "CandididatePhoto": "https://storage.googleapis.com/candidate-thumbs/images/57-5-1.jpg"}, {"Unnamed: 0": 6239, "CandidateId": "6baa2883-4409-42c8-941d-19304c4eacf9", "CandidateNo": 2, "FirstName": "ปภพรรณ", "LastName": "เด่นรัตนตระกูล", "PartyName": "ประชาภิวัฒน์", "PartyNumber": 172, "Title": "นาง", "Votable": true, "province_id": 57, "province_name": "เชียงราย", "zone_number": 5, "PartyTerminated": false, "Age": 63, "Occupation": "ตัวแทนประกันชีวิต  บริษัท เอ ไอ เอ จำกัด", "HighestEducation": "ต่ำกว่าปริญญาตรี", "ImageFileId": "5c57ed04fbcb5f1eec0e8449", "SelfIntroduceFileId": "5c5bf8fffbcb5f16fc680728", "PartyLogo": "https://storage.googleapis.com/candidate-thumbs/party/172.png", "CandididatePhoto": "https://storage.googleapis.com/candidate-thumbs/images/57-5-2.jpg"}, {"Unnamed: 0": 6240, "CandidateId": "d8ce3d32-3aa4-4b69-8436-bfa023390941", "CandidateNo": 3, "FirstName": "เหมยฮิน", "LastName": "แซ่แจว", "PartyName": "พลังธรรมใหม่", "PartyNumber": 175, "Title": "นาง", "Votable": true, "province_id": 57, "province_name": "เชียงราย", "zone_number": 5, "PartyTerminated": false, "Age": 47, "Occupation": "ค้าขาย", "HighestEducation": "ต่ำกว่าปริญญาตรี", "ImageFileId": "5c586fbffbcb5f1eec10dff6", "SelfIntroduceFileId": "5c59575ffbcb5f1d8817fc21", "PartyLogo": "https://storage.googleapis.com/candidate-thumbs/party/175.png", "CandididatePhoto": "https://storage.googleapis.com/candidate-thumbs/images/57-5-3.jpg"}, {"Unnamed: 0": 6241, "CandidateId": "30719522-6781-47fd-83a6-5e8d88f7deb5", "CandidateNo": 4, "FirstName": "มิรันตี", "LastName": "บุญแก้ว", "PartyName": "ประชาธิปัตย์", "PartyNumber": 1, "Title": "นางสาว", "Votable": true, "province_id": 57, "province_name": "เชียงราย", "zone_number": 5, "PartyTerminated": false, "Age": 44, "Occupation": "กรรมการบริษัท บีเค99 ไทยแลนด์  จำกัด", "HighestEducation": "ปริญญาโท", "ImageFileId": "5c58d088fbcb5f1d8812d3df", "SelfIntroduceFileId": "5c5be88bfbcb5f16fc67824a", "PartyLogo": "https://storage.googleapis.com/candidate-thumbs/party/1.png", "CandididatePhoto": "https://storage.googleapis.com/candidate-thumbs/images/57-5-4.jpg"}, {"Unnamed: 0": 6242, "CandidateId": "2768fdd5-092e-4eb4-801a-f2cc0c3b8089", "CandidateNo": 5, "FirstName": "ประหยัด", "LastName": "เสียงดัง", "PartyName": "อนาคตใหม่", "PartyNumber": 177, "Title": "นาย", "Votable": true, "province_id": 57, "province_name": "เชียงราย", "zone_number": 5, "PartyTerminated": false, "Age": 42, "Occupation": "ธุรกิจส่วนตัว(ค้าขาย),ทนายความ", "HighestEducation": "ปริญญาตรี", "ImageFileId": "5c58d279fbcb5f1d8812d402", "SelfIntroduceFileId": "5c5922f2fbcb5f1d88154f1d", "PartyLogo": "https://storage.googleapis.com/candidate-thumbs/party/177.png", "CandididatePhoto": "https://storage.googleapis.com/candidate-thumbs/images/57-5-5.jpg"}, {"Unnamed: 0": 6243, "CandidateId": "8633e5ef-cbe6-4c41-b925-e2ffcdffbdbf", "CandidateNo": 6, "FirstName": "จันทร์ฉาย", "LastName": "แซ่พ่าน", "PartyName": "รักษ์ธรรม", "PartyNumber": 147, "Title": "นางสาว", "Votable": true, "province_id": 57, "province_name": "เชียงราย", "zone_number": 5, "PartyTerminated": false, "Age": 30, "Occupation": "เกษตรกร", "HighestEducation": "ปริญญาตรี", "ImageFileId": "5c58d2d1fbcb5f1d8812d406", "SelfIntroduceFileId": "5c59271bfbcb5f1d88157ed9", "PartyLogo": "https://storage.googleapis.com/candidate-thumbs/party/147.png", "CandididatePhoto": "https://storage.googleapis.com/candidate-thumbs/images/57-5-6.jpg"}, {"Unnamed: 0": 6244, "CandidateId": "1c2bcb53-ef74-4e2b-b148-d16e4cdc9149", "CandidateNo": 7, "FirstName": "บัวสอน", "LastName": "ประชามอญ", "PartyName": "พลังประชารัฐ", "PartyNumber": 192, "Title": "นาย", "Votable": true, "province_id": 57, "province_name": "เชียงราย", "zone_number": 5, "PartyTerminated": false, "Age": 60, "Occupation": "ธุรกิจส่วนตัว", "HighestEducation": "ปริญญาโท", "ImageFileId": "5c58d39bfbcb5f1d8812d424", "SelfIntroduceFileId": "5c59291dfbcb5f1d88159465", "PartyLogo": "https://storage.googleapis.com/candidate-thumbs/party/192.png", "CandididatePhoto": "https://storage.googleapis.com/candidate-thumbs/images/57-5-7.jpg"}, {"Unnamed: 0": 6245, "CandidateId": "71c35f71-0b5e-4d2e-af1e-9a5e2111422a", "CandidateNo": 8, "FirstName": "ดอน", "LastName": "สมควร", "PartyName": "ภราดรภาพ", "PartyNumber": 154, "Title": "ร้อยตำรวจเอก", "Votable": true, "province_id": 57, "province_name": "เชียงราย", "zone_number": 5, "PartyTerminated": false, "Age": 51, "Occupation": "สมาชิกสภาองค์การบริหารส่วนจังหวัด", "HighestEducation": "ปริญญาตรี", "ImageFileId": "5c58d454fbcb5f1d8812d437", "SelfIntroduceFileId": "5c592988fbcb5f1d88159951", "PartyLogo": "https://storage.googleapis.com/candidate-thumbs/party/154.png", "CandididatePhoto": "https://storage.googleapis.com/candidate-thumbs/images/57-5-8.jpg"}, {"Unnamed: 0": 6246, "CandidateId": "a08b8889-c8da-4c33-93f1-5be187503eae", "CandidateNo": 9, "FirstName": "พิเชษฐ์", "LastName": "เชื้อเมืองพาน", "PartyName": "เพื่อไทย", "PartyNumber": 34, "Title": "นาย", "Votable": true, "province_id": 57, "province_name": "เชียงราย", "zone_number": 5, "PartyTerminated": false, "Age": 56, "Occupation": "สมาชิกสภาผู้แทนราษฎร", "HighestEducation": "ปริญญาเอก", "ImageFileId": "5c58d42ffbcb5f1d8812d42f", "SelfIntroduceFileId": "5c592a60fbcb5f1d8815a6e6", "PartyLogo": "https://storage.googleapis.com/candidate-thumbs/party/34.png", "CandididatePhoto": "https://storage.googleapis.com/candidate-thumbs/images/57-5-9.jpg"}, {"Unnamed: 0": 6247, "CandidateId": "b6695834-9e40-47a4-9428-cc848c086d21", "CandidateNo": 10, "FirstName": "นพดล", "LastName": "รักมนุษย์", "PartyName": "พลเมืองไทย", "PartyNumber": 173, "Title": "นาย", "Votable": true, "province_id": 57, "province_name": "เชียงราย", "zone_number": 5, "PartyTerminated": false, "Age": 65, "Occupation": "ทนายความ", "HighestEducation": "ต่ำกว่าปริญญาตรี", "ImageFileId": "5c58d47bfbcb5f1d8812d43b", "SelfIntroduceFileId": "5c592aeafbcb5f1d8815b045", "PartyLogo": "https://storage.googleapis.com/candidate-thumbs/party/173.png", "CandididatePhoto": "https://storage.googleapis.com/candidate-thumbs/images/57-5-10.jpg"}, {"Unnamed: 0": 6248, "CandidateId": "554845d9-e850-4549-b517-a992f9da3f41", "CandidateNo": 11, "FirstName": "วัชรพงศ์", "LastName": "จอมวงศ์", "PartyName": "ชาติพัฒนา", "PartyNumber": 45, "Title": "นาย", "Votable": true, "province_id": 57, "province_name": "เชียงราย", "zone_number": 5, "PartyTerminated": false, "Age": 66, "Occupation": "ข้าราชการบำนาญ,นักจัดรายการวิทยุ", "HighestEducation": "ต่ำกว่าปริญญาตรี", "ImageFileId": "5c58d4ccfbcb5f1d8812d441", "SelfIntroduceFileId": "5c592b7ffbcb5f1d8815bbbb", "PartyLogo": "https://storage.googleapis.com/candidate-thumbs/party/45.png", "CandididatePhoto": "https://storage.googleapis.com/candidate-thumbs/images/57-5-11.jpg"}, {"Unnamed: 0": 6249, "CandidateId": "0b45bc18-7be4-4908-acb2-e8d9d453291a", "CandidateNo": 12, "FirstName": "ละอาด", "LastName": "เจริญพร", "PartyName": "ครูไทยเพื่อประชาชน", "PartyNumber": 118, "Title": "นาย", "Votable": true, "province_id": 57, "province_name": "เชียงราย", "zone_number": 5, "PartyTerminated": false, "Age": 65, "Occupation": "ค้าขาย", "HighestEducation": "ต่ำกว่าปริญญาตรี", "ImageFileId": "5c58d502fbcb5f1d8812d445", "SelfIntroduceFileId": "5c592c13fbcb5f1d8815c4ff", "PartyLogo": "https://storage.googleapis.com/candidate-thumbs/party/118.png", "CandididatePhoto": "https://storage.googleapis.com/candidate-thumbs/images/57-5-12.jpg"}, {"Unnamed: 0": 6250, "CandidateId": "45ce5537-7320-40cb-91a3-29eb832244c5", "CandidateNo": 13, "FirstName": "สมบูรณ์", "LastName": "ร่มพนาธรรม", "PartyName": "พลังท้องถิ่นไท", "PartyNumber": 124, "Title": "นาย", "Votable": true, "province_id": 57, "province_name": "เชียงราย", "zone_number": 5, "PartyTerminated": false, "Age": 41, "Occupation": "รับจ้าง", "HighestEducation": "ปริญญาโท", "ImageFileId": "5c58d522fbcb5f1d8812d44a", "SelfIntroduceFileId": "5c59314efbcb5f1d88161055", "PartyLogo": "https://storage.googleapis.com/candidate-thumbs/party/124.png", "CandididatePhoto": "https://storage.googleapis.com/candidate-thumbs/images/57-5-13.jpg"}, {"Unnamed: 0": 6251, "CandidateId": "ac8f58be-0258-4dff-98fc-0c8d0ee2b3fc", "CandidateNo": 14, "FirstName": "สมนึก", "LastName": "มาลัย", "PartyName": "รักษ์ผืนป่าประเทศไทย", "PartyNumber": 133, "Title": "นาย", "Votable": true, "province_id": 57, "province_name": "เชียงราย", "zone_number": 5, "PartyTerminated": false, "Age": 54, "Occupation": "เกษตรกร", "HighestEducation": "ปริญญาโท", "ImageFileId": "5c58d58cfbcb5f1d8812d451", "SelfIntroduceFileId": "5c5931fefbcb5f1d88161a7a", "PartyLogo": "https://storage.googleapis.com/candidate-thumbs/party/133.png", "CandididatePhoto": "https://storage.googleapis.com/candidate-thumbs/images/57-5-14.jpg"}, {"Unnamed: 0": 6252, "CandidateId": "dbe54782-c38f-4229-8cad-f57c5d7ec3bc", "CandidateNo": 15, "FirstName": "พงษ์ทร", "LastName": "ชยาตุลชาต", "PartyName": "เพื่อชาติ", "PartyNumber": 149, "Title": "นาย", "Votable": true, "province_id": 57, "province_name": "เชียงราย", "zone_number": 5, "PartyTerminated": false, "Age": 56, "Occupation": "นักการเมือง", "HighestEducation": "ปริญญาโท", "ImageFileId": "5c58d5bcfbcb5f1d8812d45f", "SelfIntroduceFileId": "5c59326dfbcb5f1d8816200a", "PartyLogo": "https://storage.googleapis.com/candidate-thumbs/party/149.png", "CandididatePhoto": "https://storage.googleapis.com/candidate-thumbs/images/57-5-15.jpg"}, {"Unnamed: 0": 6253, "CandidateId": "966a6e75-617f-4914-a5b3-019f65f0fabd", "CandidateNo": 16, "FirstName": "สุดา", "LastName": "หาญเจริญชัยกุล", "PartyName": "ประชาชาติ", "PartyNumber": 187, "Title": "นาง", "Votable": true, "province_id": 57, "province_name": "เชียงราย", "zone_number": 5, "PartyTerminated": false, "Age": 37, "Occupation": "ผู้ช่วยผู้ใหญ่บ้านไทยสามัคคี หมู่ 16", "HighestEducation": "ปริญญาตรี", "ImageFileId": "5c58d61afbcb5f1d8812d465", "SelfIntroduceFileId": "5c593355fbcb5f1d88162e7c", "PartyLogo": "https://storage.googleapis.com/candidate-thumbs/party/187.png", "CandididatePhoto": "https://storage.googleapis.com/candidate-thumbs/images/57-5-16.jpg"}, {"Unnamed: 0": 6254, "CandidateId": "069a85ec-0464-4b27-b9a7-284b0c158604", "CandidateNo": 17, "FirstName": "สมาน", "LastName": "สุทธิสม", "PartyName": "ประชานิยม", "PartyNumber": 191, "Title": "นาย", "Votable": true, "province_id": 57, "province_name": "เชียงราย", "zone_number": 5, "PartyTerminated": false, "Age": 54, "Occupation": "ลูกจ้างประจำ ช่างไฟฟ้าระดับ ช.4", "HighestEducation": "ต่ำกว่าปริญญาตรี", "ImageFileId": "5c58d64efbcb5f1d8812d46f", "SelfIntroduceFileId": "5c593618fbcb5f1d88164ffb", "PartyLogo": "https://storage.googleapis.com/candidate-thumbs/party/191.png", "CandididatePhoto": "https://storage.googleapis.com/candidate-thumbs/images/57-5-17.jpg"}, {"Unnamed: 0": 6255, "CandidateId": "120e8b61-cfbb-4afd-b6d6-0706fb25e84e", "CandidateNo": 18, "FirstName": "สมชาติ", "LastName": "ศรีจันทร์ดี", "PartyName": "พลังชาติไทย", "PartyNumber": 186, "Title": "นาย", "Votable": true, "province_id": 57, "province_name": "เชียงราย", "zone_number": 5, "PartyTerminated": false, "Age": 60, "Occupation": "ข้าราชการบำนาญกระทรวงสาธารณสุข", "HighestEducation": "ต่ำกว่าปริญญาตรี", "ImageFileId": "5c58d6a2fbcb5f1d8812d474", "SelfIntroduceFileId": "5c59375ffbcb5f1d8816645a", "PartyLogo": "https://storage.googleapis.com/candidate-thumbs/party/186.png", "CandididatePhoto": "https://storage.googleapis.com/candidate-thumbs/images/57-5-18.jpg"}, {"Unnamed: 0": 6256, "CandidateId": "7d562709-226c-464a-9fa1-15ca8eefc0e1", "CandidateNo": 19, "FirstName": "ม้วน", "LastName": "ชัยราช", "PartyName": "รวมพลังประชาชาติไทย", "PartyNumber": 181, "Title": "นาย", "Votable": true, "province_id": 57, "province_name": "เชียงราย", "zone_number": 5, "PartyTerminated": false, "Age": 67, "Occupation": "ทำไร่ ทำนา", "HighestEducation": "ต่ำกว่าปริญญาตรี", "ImageFileId": "5c58d6f4fbcb5f1d8812d47c", "SelfIntroduceFileId": "5c5be466fbcb5f16fc675e77", "PartyLogo": "https://storage.googleapis.com/candidate-thumbs/party/181.png", "CandididatePhoto": "https://storage.googleapis.com/candidate-thumbs/images/57-5-19.jpg"}, {"Unnamed: 0": 6257, "CandidateId": "7d649c19-47e8-4e9b-9e28-f6d609758962", "CandidateNo": 20, "FirstName": "ธีรพล", "LastName": "สุวรรณ", "PartyName": "ชาติไทยพัฒนา", "PartyNumber": 55, "Title": "นาย", "Votable": true, "province_id": 57, "province_name": "เชียงราย", "zone_number": 5, "PartyTerminated": false, "Age": 55, "Occupation": "ธุรกิจส่วนตัว", "HighestEducation": "ต่ำกว่าปริญญาตรี", "ImageFileId": "5c58d751fbcb5f1d8812d481", "SelfIntroduceFileId": "5c5938a0fbcb5f1d8816781d", "PartyLogo": "https://storage.googleapis.com/candidate-thumbs/party/55.png", "CandididatePhoto": "https://storage.googleapis.com/candidate-thumbs/images/57-5-20.jpg"}, {"Unnamed: 0": 6258, "CandidateId": "74c156f9-7172-4444-9822-f9152a73f40a", "CandidateNo": 21, "FirstName": "อนันทิตา", "LastName": "บุตรตา", "PartyName": "พลังไทยรักไทย", "PartyNumber": 185, "Title": "นางสาว", "Votable": true, "province_id": 57, "province_name": "เชียงราย", "zone_number": 5, "PartyTerminated": false, "Age": 40, "Occupation": "ผู้ช่วยผู้ใหญ่บ้าน หมู่ 12", "HighestEducation": "ต่ำกว่าปริญญาตรี", "ImageFileId": "5c593395fbcb5f1d88163119", "SelfIntroduceFileId": "5c5d1cd0fbcb5f0fd88526b5", "PartyLogo": "https://storage.googleapis.com/candidate-thumbs/party/185.png", "CandididatePhoto": "https://storage.googleapis.com/candidate-thumbs/images/57-5-21.jpg"}, {"Unnamed: 0": 6259, "CandidateId": "7a5c7910-6330-4485-81f1-62b70095d935", "CandidateNo": 22, "FirstName": "ศรีวรรณ์", "LastName": "ธินะ", "PartyName": "มหาชน", "PartyNumber": 4, "Title": "นาง", "Votable": true, "province_id": 57, "province_name": "เชียงราย", "zone_number": 5, "PartyTerminated": false, "Age": 60, "Occupation": "ค้าขาย", "HighestEducation": "ต่ำกว่าปริญญาตรี", "ImageFileId": "5c5a9fa2fbcb5f19bcab474b", "SelfIntroduceFileId": "5c5aa1ecfbcb5f19bcab5600", "PartyLogo": "https://storage.googleapis.com/candidate-thumbs/party/4.png", "CandididatePhoto": "https://storage.googleapis.com/candidate-thumbs/images/57-5-22.jpg"}, {"Unnamed: 0": 6260, "CandidateId": "39274d1e-7b3e-4d10-952d-e86869412079", "CandidateNo": 23, "FirstName": "จิรพูน", "LastName": "มีปัญญา", "PartyName": "พลังครูไทย", "PartyNumber": 210, "Title": "นาย", "Votable": true, "province_id": 57, "province_name": "เชียงราย", "zone_number": 5, "PartyTerminated": false, "Age": 69, "Occupation": "ข้าราชการบำนาญ", "HighestEducation": "ปริญญาตรี", "ImageFileId": "5c5bb215fbcb5f16fc660bde", "SelfIntroduceFileId": "5c5bd3d4fbcb5f16fc66d8fd", "PartyLogo": "https://storage.googleapis.com/candidate-thumbs/party/210.png", "CandididatePhoto": "https://storage.googleapis.com/candidate-thumbs/images/57-5-23.jpg"}, {"Unnamed: 0": 6261, "CandidateId": "41703957-1aa2-456d-a9e0-b6e1411d4c40", "CandidateNo": 24, "FirstName": "จิรนันท์", "LastName": "จันทวงษ์", "PartyName": "พลังปวงชนไทย", "PartyNumber": 184, "Title": "นางสาว", "Votable": true, "province_id": 57, "province_name": "เชียงราย", "zone_number": 5, "PartyTerminated": false, "Age": 43, "Occupation": "ธุรกิจส่วนตัว", "HighestEducation": "ปริญญาตรี", "ImageFileId": "5c5bb91efbcb5f16fc664010", "SelfIntroduceFileId": "5c5bd633fbcb5f16fc66e862", "PartyLogo": "https://storage.googleapis.com/candidate-thumbs/party/184.png", "CandididatePhoto": "https://storage.googleapis.com/candidate-thumbs/images/57-5-24.jpg"}, {"Unnamed: 0": 6262, "CandidateId": "45002aa7-28b7-420e-8555-3bb5eecca9ee", "CandidateNo": 25, "FirstName": "เทพพร", "LastName": "จักรสมศักดิ์", "PartyName": "ประชาธรรมไทย", "PartyNumber": 190, "Title": "นาย", "Votable": true, "province_id": 57, "province_name": "เชียงราย", "zone_number": 5, "PartyTerminated": false, "Age": 42, "Occupation": "ธุรกิจส่วนตัว", "HighestEducation": "ปริญญาตรี", "ImageFileId": "5c5bcb0dfbcb5f16fc669a9f", "SelfIntroduceFileId": "5c5bd8dffbcb5f16fc67009e", "PartyLogo": "https://storage.googleapis.com/candidate-thumbs/party/190.png", "CandididatePhoto": "https://storage.googleapis.com/candidate-thumbs/images/57-5-25.jpg"}, {"Unnamed: 0": 6263, "CandidateId": "727a4590-3bdf-476c-b7cb-688b01c01fa2", "CandidateNo": 26, "FirstName": "ภัทรกฤต", "LastName": "ดวงสนิท", "PartyName": "ฐานรากไทย", "PartyNumber": 208, "Title": "นาย", "Votable": true, "province_id": 57, "province_name": "เชียงราย", "zone_number": 5, "PartyTerminated": false, "Age": 31, "Occupation": "รับจ้าง อาจารย์พิเศษ", "HighestEducation": "ปริญญาตรี", "ImageFileId": "5c5bcc2cfbcb5f16fc66a1f5", "SelfIntroduceFileId": "5c5bddf8fbcb5f16fc672a10", "PartyLogo": "https://storage.googleapis.com/candidate-thumbs/party/208.png", "CandididatePhoto": "https://storage.googleapis.com/candidate-thumbs/images/57-5-26.jpg"}, {"Unnamed: 0": 6264, "CandidateId": "7a97d481-6433-485e-a88f-f4d61d5737af", "CandidateNo": 27, "FirstName": "ปุกคำ", "LastName": "มูลวงศ์", "PartyName": "ภูมิใจไทย", "PartyNumber": 63, "Title": "นาง", "Votable": true, "province_id": 57, "province_name": "เชียงราย", "zone_number": 5, "PartyTerminated": false, "Age": 65, "Occupation": "เกษตรกร", "HighestEducation": "ต่ำกว่าปริญญาตรี", "ImageFileId": "5c5bccaefbcb5f16fc66a477", "SelfIntroduceFileId": "5c5be10efbcb5f16fc674465", "PartyLogo": "https://storage.googleapis.com/candidate-thumbs/party/63.png", "CandididatePhoto": "https://storage.googleapis.com/candidate-thumbs/images/57-5-27.jpg"}, {"Unnamed: 0": 6265, "CandidateId": "f82ac999-7c75-4e5d-8488-5e293ffd55c9", "CandidateNo": 28, "FirstName": "เพ็ญพิมล", "LastName": "หมวกคำ", "PartyName": "ประชาชนปฏิรูป", "PartyNumber": 176, "Title": "นางสาว", "Votable": true, "province_id": 57, "province_name": "เชียงราย", "zone_number": 5, "PartyTerminated": false, "Age": 29, "Occupation": "ค้าขาย", "HighestEducation": "ปริญญาตรี", "ImageFileId": "5c5bfdd1fbcb5f16fc6818a7", "SelfIntroduceFileId": "5c5bffc0fbcb5f16fc682188", "PartyLogo": "https://storage.googleapis.com/candidate-thumbs/party/176.png", "CandididatePhoto": "https://storage.googleapis.com/candidate-thumbs/images/57-5-28.jpg"}, {"Unnamed: 0": 6266, "CandidateId": "1689e2a0-4188-4f07-a665-5e51353ba0a6", "CandidateNo": 29, "FirstName": "ทินกร", "LastName": "หอกทอง", "PartyName": "ชาติพันธุ์ไทย", "PartyNumber": 196, "Title": "นาย", "Votable": true, "province_id": 57, "province_name": "เชียงราย", "zone_number": 5, "PartyTerminated": false, "Age": 41, "Occupation": "รถตู้รับจ้างขนส่ง", "HighestEducation": "ปริญญาตรี", "ImageFileId": "5c5cf514fbcb5f16fc690f37", "SelfIntroduceFileId": "5c5cfacafbcb5f0fd88456eb", "PartyLogo": "https://storage.googleapis.com/candidate-thumbs/party/196.png", "CandididatePhoto": "https://storage.googleapis.com/candidate-thumbs/images/57-5-29.jpg"}, {"Unnamed: 0": 6267, "CandidateId": "01060faf-788d-48c1-9c1e-b4dfddb98fb7", "CandidateNo": 30, "FirstName": "วุฒิพัฒน์", "LastName": "เธียรสกุลฐิติ", "PartyName": "ถิ่นกาขาวชาววิไล", "PartyNumber": 129, "Title": "นาย", "Votable": true, "province_id": 57, "province_name": "เชียงราย", "zone_number": 5, "PartyTerminated": false, "Age": 59, "Occupation": "รับราชการคูร", "HighestEducation": "ปริญญาตรี", "ImageFileId": "5c5d21d8fbcb5f0fd885505d", "SelfIntroduceFileId": "5c5d273efbcb5f0fd88577df", "PartyLogo": "https://storage.googleapis.com/candidate-thumbs/party/129.png", "CandididatePhoto": "https://storage.googleapis.com/candidate-thumbs/images/57-5-30.jpg"}, {"Unnamed: 0": 6268, "CandidateId": "0c7a02de-dcf5-4561-8467-ffd27e6b7770", "CandidateNo": 31, "FirstName": "ทนาวุฒิ", "LastName": "ปริญญาพัฒนบุตร", "PartyName": "เศรษฐกิจใหม่", "PartyNumber": 193, "Title": "นาย", "Votable": true, "province_id": 57, "province_name": "เชียงราย", "zone_number": 5, "PartyTerminated": false, "Age": 40, "Occupation": "ธุรกิจส่วนตัว", "HighestEducation": "ปริญญาเอก", "ImageFileId": "5c5d4b7efbcb5f0fd886cd5f", "SelfIntroduceFileId": "5c5d5008fbcb5f0fd886fd14", "PartyLogo": "https://storage.googleapis.com/candidate-thumbs/party/193.png", "CandididatePhoto": "https://storage.googleapis.com/candidate-thumbs/images/57-5-31.jpg"}, {"Unnamed: 0": 6269, "CandidateId": "8acbd090-dc58-4c52-be91-73ecc227fa75", "CandidateNo": 32, "FirstName": "จุฑานาฏฐสิ์", "LastName": "อาสนามินโฒณิ์", "PartyName": "ผึ้งหลวง", "PartyNumber": 164, "Title": "นางสาว", "Votable": true, "province_id": 57, "province_name": "เชียงราย", "zone_number": 5, "PartyTerminated": false, "Age": 57, "Occupation": "ธุรกิจส่วนตัว", "HighestEducation": "ปริญญาตรี", "ImageFileId": "5c5d4fb0fbcb5f0fd886f848", "SelfIntroduceFileId": "5c5d5295fbcb5f0fd8871531", "PartyLogo": "https://storage.googleapis.com/candidate-thumbs/party/164.png", "CandididatePhoto": "https://storage.googleapis.com/candidate-thumbs/images/57-5-32.jpg"}, {"Unnamed: 0": 6270, "CandidateId": "e6e2c63b-227c-406f-84e4-da36caee7965", "CandidateNo": 33, "FirstName": "เวชยันต์", "LastName": "ทะคำ", "PartyName": "พลังประชาธิปไตย", "PartyNumber": 153, "Title": "นาย", "Votable": true, "province_id": 57, "province_name": "เชียงราย", "zone_number": 5, "PartyTerminated": false, "Age": 64, "Occupation": "ค้าขาย", "HighestEducation": "ปริญญาตรี", "ImageFileId": "5c5d531cfbcb5f0fd8871d86", "SelfIntroduceFileId": "5c5d5a14fbcb5f0fd887795c", "PartyLogo": "https://storage.googleapis.com/candidate-thumbs/party/153.png", "CandididatePhoto": "https://storage.googleapis.com/candidate-thumbs/images/57-5-33.jpg"}, {"Unnamed: 0": 6271, "CandidateId": "192e32ef-a118-4214-b1c2-96778e7ad00f", "CandidateNo": 34, "FirstName": "เลาสา", "LastName": "ฉัตรนภาลัย", "PartyName": "พลังแผ่นดินทอง", "PartyNumber": 202, "Title": "นาย", "Votable": true, "province_id": 57, "province_name": "เชียงราย", "zone_number": 5, "PartyTerminated": false, "Age": 58, "Occupation": "เกษตร", "HighestEducation": "ต่ำกว่าปริญญาตรี", "ImageFileId": "5c5d5bd5fbcb5f0fd887899d", "SelfIntroduceFileId": "5c5d5d00fbcb5f0fd8879469", "PartyLogo": "https://storage.googleapis.com/candidate-thumbs/party/202.png", "CandididatePhoto": "https://storage.googleapis.com/candidate-thumbs/images/57-5-34.jpg"}, {"Unnamed: 0": 6272, "CandidateId": "52178079-f99d-4dbe-a199-29de304c648a", "CandidateNo": 35, "FirstName": "ณิชภูมิ", "LastName": "คำเมืองเหนือ", "PartyName": "ไทรักธรรม", "PartyNumber": 144, "Title": "นาย", "Votable": true, "province_id": 57, "province_name": "เชียงราย", "zone_number": 5, "PartyTerminated": false, "Age": 53, "Occupation": "นักการเมืองท้องถิ่น", "HighestEducation": "ปริญญาโท", "ImageFileId": "5c5d5e03fbcb5f0fd8879c9a", "SelfIntroduceFileId": "5c5d5fb9fbcb5f0fd887a9c1", "PartyLogo": "https://storage.googleapis.com/candidate-thumbs/party/144.png", "CandididatePhoto": "https://storage.googleapis.com/candidate-thumbs/images/57-5-35.jpg"}, {"Unnamed: 0": 6273, "CandidateId": "51df2e9f-d0ec-42dd-b058-5e4ff4f60f7f", "CandidateNo": 36, "FirstName": "ธนพล", "LastName": "คำเป๊ก", "PartyName": "แทนคุณแผ่นดิน", "PartyNumber": 53, "Title": "ว่าที่ร้อยตรี", "Votable": false, "province_id": 57, "province_name": "เชียงราย", "zone_number": 5, "PartyTerminated": false, "Age": 49, "Occupation": "ค้าขาย", "HighestEducation": "ปริญญาตรี", "ImageFileId": "5c5d6051fbcb5f0fd887b06b", "SelfIntroduceFileId": "5c5d651dfbcb5f0fd887d2d3", "PartyLogo": "https://storage.googleapis.com/candidate-thumbs/party/53.png", "CandididatePhoto": "https://storage.googleapis.com/candidate-thumbs/images/57-5-36.jpg"}]