[{"Unnamed: 0": 8786, "CandidateId": "1c807e24-9fe7-4238-8b02-d00ec421ede6", "CandidateNo": 1, "FirstName": "ดำรงค์วิทค์", "LastName": "รัตนฟูวงศ์", "PartyName": "เพื่อชาติ", "PartyNumber": 149, "Title": "นาย", "Votable": true, "province_id": 50, "province_name": "เชียงใหม่", "zone_number": 5, "PartyTerminated": false, "Age": 61, "Occupation": "รับราชการ", "HighestEducation": "ปริญญาเอก", "ImageFileId": "5c5819b7fbcb5f1eec107b12", "SelfIntroduceFileId": "5c5820f0fbcb5f1eec109d6f", "PartyLogo": "https://storage.googleapis.com/candidate-thumbs/party/149.png", "CandididatePhoto": "https://storage.googleapis.com/candidate-thumbs/images/50-5-1.jpg"}, {"Unnamed: 0": 8787, "CandidateId": "ca175f72-9e3c-43fc-9449-6517bee9d917", "CandidateNo": 2, "FirstName": "ไกรวิชญ์", "LastName": "ติภาวัง", "PartyName": "พลังชาติไทย", "PartyNumber": 186, "Title": "นาย", "Votable": true, "province_id": 50, "province_name": "เชียงใหม่", "zone_number": 5, "PartyTerminated": false, "Age": 57, "Occupation": "วิทยากรอบรม", "HighestEducation": "ปริญญาตรี", "ImageFileId": "5c582214fbcb5f1eec10a34e", "SelfIntroduceFileId": "5c58243cfbcb5f1eec10aa8d", "PartyLogo": "https://storage.googleapis.com/candidate-thumbs/party/186.png", "CandididatePhoto": "https://storage.googleapis.com/candidate-thumbs/images/50-5-2.jpg"}, {"Unnamed: 0": 8788, "CandidateId": "2a24eb86-8064-445e-9e0b-c44f1c3f7c70", "CandidateNo": 3, "FirstName": "ทนงศักดิ์", "LastName": "หัวหน้า", "PartyName": "พลังธรรมใหม่", "PartyNumber": 175, "Title": "นาย", "Votable": true, "province_id": 50, "province_name": "เชียงใหม่", "zone_number": 5, "PartyTerminated": false, "Age": 60, "Occupation": "เกษตรกร", "HighestEducation": "ปริญญาตรี", "ImageFileId": "5c582479fbcb5f1eec10abf9", "SelfIntroduceFileId": "5c582700fbcb5f1eec10b44a", "PartyLogo": "https://storage.googleapis.com/candidate-thumbs/party/175.png", "CandididatePhoto": "https://storage.googleapis.com/candidate-thumbs/images/50-5-3.jpg"}, {"Unnamed: 0": 8789, "CandidateId": "99db2562-5a02-415e-b35b-04ae5737cb5f", "CandidateNo": 4, "FirstName": "ประวิทย์", "LastName": "ศรีคงยศ", "PartyName": "ไทยศรีวิไลย์", "PartyNumber": 180, "Title": "นาย", "Votable": true, "province_id": 50, "province_name": "เชียงใหม่", "zone_number": 5, "PartyTerminated": false, "Age": 63, "Occupation": "-", "HighestEducation": "ปริญญาตรี", "ImageFileId": "5c582747fbcb5f1eec10b57e", "SelfIntroduceFileId": "5c582888fbcb5f1eec10b847", "PartyLogo": "https://storage.googleapis.com/candidate-thumbs/party/180.png", "CandididatePhoto": "https://storage.googleapis.com/candidate-thumbs/images/50-5-4.jpg"}, {"Unnamed: 0": 8790, "CandidateId": "ecdb4a5a-acc3-404b-b0bd-9cd2b3dfcb73", "CandidateNo": 5, "FirstName": "สรเดช", "LastName": "มานะมีเงินทอง", "PartyName": "พลังท้องถิ่นไท", "PartyNumber": 124, "Title": "นาย", "Votable": true, "province_id": 50, "province_name": "เชียงใหม่", "zone_number": 5, "PartyTerminated": false, "Age": 55, "Occupation": "ธุรกิจส่วนตัว", "HighestEducation": "ปริญญาตรี", "ImageFileId": "5c582927fbcb5f1eec10ba45", "SelfIntroduceFileId": "5c582c5dfbcb5f1eec10c311", "PartyLogo": "https://storage.googleapis.com/candidate-thumbs/party/124.png", "CandididatePhoto": "https://storage.googleapis.com/candidate-thumbs/images/50-5-5.jpg"}, {"Unnamed: 0": 8791, "CandidateId": "1ad40d7e-c6ef-4faa-8681-0c5b0f93cd37", "CandidateNo": 6, "FirstName": "วิทยา", "LastName": "สิงห์มณี", "PartyName": "อนาคตใหม่", "PartyNumber": 177, "Title": "ร.ต.ท.", "Votable": true, "province_id": 50, "province_name": "เชียงใหม่", "zone_number": 5, "PartyTerminated": false, "Age": 64, "Occupation": "ข้าราชการตำรวจ", "HighestEducation": "ปริญญาโท", "ImageFileId": "5c582ccbfbcb5f1eec10c440", "SelfIntroduceFileId": "5c582e41fbcb5f1eec10c686", "PartyLogo": "https://storage.googleapis.com/candidate-thumbs/party/177.png", "CandididatePhoto": "https://storage.googleapis.com/candidate-thumbs/images/50-5-6.jpg"}, {"Unnamed: 0": 8792, "CandidateId": "5e8149c6-a17e-4851-b0e0-d22eef49d4eb", "CandidateNo": 7, "FirstName": "เชาวศักดิ์", "LastName": "สมวงค์", "PartyName": "ประชาภิวัฒน์", "PartyNumber": 172, "Title": "นาย", "Votable": true, "province_id": 50, "province_name": "เชียงใหม่", "zone_number": 5, "PartyTerminated": false, "Age": 75, "Occupation": "พนักงานบำนาญ", "HighestEducation": "ต่ำกว่าปริญญาตรี", "ImageFileId": "5c582e90fbcb5f1eec10c78e", "SelfIntroduceFileId": "5c58302bfbcb5f1eec10c9d7", "PartyLogo": "https://storage.googleapis.com/candidate-thumbs/party/172.png", "CandididatePhoto": "https://storage.googleapis.com/candidate-thumbs/images/50-5-7.jpg"}, {"Unnamed: 0": 8793, "CandidateId": "c61904ef-e810-4b99-a27f-78233f34dfa2", "CandidateNo": 8, "FirstName": "อุดมพร", "LastName": "ปรานมนตรี", "PartyName": "เสรีรวมไทย", "PartyNumber": 145, "Title": "นาง", "Votable": true, "province_id": 50, "province_name": "เชียงใหม่", "zone_number": 5, "PartyTerminated": false, "Age": 57, "Occupation": "ธุรกิจส่วนตัว", "HighestEducation": "ปริญญาตรี", "ImageFileId": "5c5a53d2fbcb5f19bca94918", "SelfIntroduceFileId": "5c5a5aacfbcb5f19bca97f3b", "PartyLogo": "https://storage.googleapis.com/candidate-thumbs/party/145.png", "CandididatePhoto": "https://storage.googleapis.com/candidate-thumbs/images/50-5-8.jpg"}, {"Unnamed: 0": 8794, "CandidateId": "12094dee-53f0-4cb0-a25c-6ca9c69d268a", "CandidateNo": 9, "FirstName": "บุญนพ", "LastName": "กองงาม", "PartyName": "ชาติไทยพัฒนา", "PartyNumber": 55, "Title": "ร้อยตำรวจโท", "Votable": true, "province_id": 50, "province_name": "เชียงใหม่", "zone_number": 5, "PartyTerminated": false, "Age": 62, "Occupation": "รับราชการตำรวจ", "HighestEducation": "ปริญญาตรี", "ImageFileId": "5c58e89afbcb5f1d8812f228", "SelfIntroduceFileId": "5c58eb55fbcb5f1d8812fe5a", "PartyLogo": "https://storage.googleapis.com/candidate-thumbs/party/55.png", "CandididatePhoto": "https://storage.googleapis.com/candidate-thumbs/images/50-5-9.jpg"}, {"Unnamed: 0": 8795, "CandidateId": "6f4ae08b-476d-419a-83fa-7fa56aa5c5a2", "CandidateNo": 10, "FirstName": "จิรายุศ", "LastName": "กำธรพิทักษ์", "PartyName": "ประชาชาติ", "PartyNumber": 187, "Title": "นาย", "Votable": true, "province_id": 50, "province_name": "เชียงใหม่", "zone_number": 5, "PartyTerminated": false, "Age": 41, "Occupation": "พนักงานบริษัท", "HighestEducation": "ปริญญาตรี", "ImageFileId": "5c58ec21fbcb5f1d881302ce", "SelfIntroduceFileId": "5c58ee20fbcb5f1d88130f2d", "PartyLogo": "https://storage.googleapis.com/candidate-thumbs/party/187.png", "CandididatePhoto": "https://storage.googleapis.com/candidate-thumbs/images/50-5-10.jpg"}, {"Unnamed: 0": 8796, "CandidateId": "62c7b61c-26e7-4d2d-adb2-bbe11c0c8924", "CandidateNo": 11, "FirstName": "ปิยะฉัตร", "LastName": "มูลหน่อ", "PartyName": "รักษ์ผืนป่าประเทศไทย", "PartyNumber": 133, "Title": "นางสาว", "Votable": true, "province_id": 50, "province_name": "เชียงใหม่", "zone_number": 5, "PartyTerminated": false, "Age": 25, "Occupation": "ลูกจ้างหน่วยงานของรัฐ", "HighestEducation": "ปริญญาตรี", "ImageFileId": "5c58eed0fbcb5f1d88131395", "SelfIntroduceFileId": "5c58f1b1fbcb5f1d88132e8b", "PartyLogo": "https://storage.googleapis.com/candidate-thumbs/party/133.png", "CandididatePhoto": "https://storage.googleapis.com/candidate-thumbs/images/50-5-11.jpg"}, {"Unnamed: 0": 8797, "CandidateId": "716a2c15-e55d-45ee-9e9c-b11122919089", "CandidateNo": 12, "FirstName": "จันทร์ทกานต์", "LastName": "ฤทธิ์งาม", "PartyName": "รวมพลังประชาชาติไทย", "PartyNumber": 181, "Title": "นาง", "Votable": true, "province_id": 50, "province_name": "เชียงใหม่", "zone_number": 5, "PartyTerminated": false, "Age": 52, "Occupation": "รับจ้าง", "HighestEducation": "ปริญญาตรี", "ImageFileId": "5c58f1f3fbcb5f1d8813300c", "SelfIntroduceFileId": "5c58f36bfbcb5f1d88133fe1", "PartyLogo": "https://storage.googleapis.com/candidate-thumbs/party/181.png", "CandididatePhoto": "https://storage.googleapis.com/candidate-thumbs/images/50-5-12.jpg"}, {"Unnamed: 0": 8798, "CandidateId": "cb5e5ef0-7b8e-49bc-a912-5779708286bb", "CandidateNo": 13, "FirstName": "ทัพกฤษฏิ์", "LastName": "สุวรรณวัฒน์", "PartyName": "ประชาชนปฏิรูป", "PartyNumber": 176, "Title": "นาย", "Votable": true, "province_id": 50, "province_name": "เชียงใหม่", "zone_number": 5, "PartyTerminated": false, "Age": 47, "Occupation": "ธุรกิจส่วนตัว", "HighestEducation": "ปริญญาโท", "ImageFileId": "5c58f421fbcb5f1d8813460e", "SelfIntroduceFileId": "5c59069bfbcb5f1d881413dc", "PartyLogo": "https://storage.googleapis.com/candidate-thumbs/party/176.png", "CandididatePhoto": "https://storage.googleapis.com/candidate-thumbs/images/50-5-13.jpg"}, {"Unnamed: 0": 8799, "CandidateId": "b9dd8068-e631-45fe-b4ab-a171cd0abc82", "CandidateNo": 14, "FirstName": "สมพงษ์", "LastName": "อมรวิวัฒน์", "PartyName": "เพื่อไทย", "PartyNumber": 34, "Title": "นาย", "Votable": true, "province_id": 50, "province_name": "เชียงใหม่", "zone_number": 5, "PartyTerminated": false, "Age": 77, "Occupation": "นักการเมือง", "HighestEducation": "ปริญญาโท", "ImageFileId": "5c58f690fbcb5f1d88135dac", "SelfIntroduceFileId": "5c58fb4bfbcb5f1d881390a8", "PartyLogo": "https://storage.googleapis.com/candidate-thumbs/party/34.png", "CandididatePhoto": "https://storage.googleapis.com/candidate-thumbs/images/50-5-14.jpg"}, {"Unnamed: 0": 8800, "CandidateId": "aeabde35-4844-487f-acc0-501057750231", "CandidateNo": 15, "FirstName": "วิศธร", "LastName": "เถาตระกูล", "PartyName": "ประชาธิปัตย์", "PartyNumber": 1, "Title": "ว่าที่ร.ท.", "Votable": true, "province_id": 50, "province_name": "เชียงใหม่", "zone_number": 5, "PartyTerminated": false, "Age": 33, "Occupation": "ทนายความ", "HighestEducation": "ปริญญาโท", "ImageFileId": "5c58fbc6fbcb5f1d88139599", "SelfIntroduceFileId": "5c590052fbcb5f1d8813c76c", "PartyLogo": "https://storage.googleapis.com/candidate-thumbs/party/1.png", "CandididatePhoto": "https://storage.googleapis.com/candidate-thumbs/images/50-5-15.jpg"}, {"Unnamed: 0": 8801, "CandidateId": "6f4c7d8e-4d79-4080-8abe-a17d4c54ea90", "CandidateNo": 16, "FirstName": "เกรียงกมล", "LastName": "ศรีมา", "PartyName": "ภูมิใจไทย", "PartyNumber": 63, "Title": "นาย", "Votable": true, "province_id": 50, "province_name": "เชียงใหม่", "zone_number": 5, "PartyTerminated": false, "Age": 62, "Occupation": "ทนายความ", "HighestEducation": "ปริญญาเอก", "ImageFileId": "5c5900e8fbcb5f1d8813cf06", "SelfIntroduceFileId": "5c590404fbcb5f1d8813f2ef", "PartyLogo": "https://storage.googleapis.com/candidate-thumbs/party/63.png", "CandididatePhoto": "https://storage.googleapis.com/candidate-thumbs/images/50-5-16.jpg"}, {"Unnamed: 0": 8802, "CandidateId": "f5208926-ae1d-43d7-8555-95bd248c9611", "CandidateNo": 17, "FirstName": "เดือนเต็มดวง", "LastName": "ณ เชียงใหม่", "PartyName": "พลังประชารัฐ", "PartyNumber": 192, "Title": "นางสาว", "Votable": true, "province_id": 50, "province_name": "เชียงใหม่", "zone_number": 5, "PartyTerminated": false, "Age": 47, "Occupation": "อาจารย์", "HighestEducation": "ปริญญาเอก", "ImageFileId": "5c5906edfbcb5f1d881418d4", "SelfIntroduceFileId": "5c590c23fbcb5f1d88146177", "PartyLogo": "https://storage.googleapis.com/candidate-thumbs/party/192.png", "CandididatePhoto": "https://storage.googleapis.com/candidate-thumbs/images/50-5-17.jpg"}, {"Unnamed: 0": 8803, "CandidateId": "8c644ecb-3b20-4afc-8220-815adac4b179", "CandidateNo": 18, "FirstName": "สุรพล", "LastName": "คำขาว", "PartyName": "พลังไทยรักไทย", "PartyNumber": 185, "Title": "นาย", "Votable": true, "province_id": 50, "province_name": "เชียงใหม่", "zone_number": 5, "PartyTerminated": false, "Age": 54, "Occupation": "สมาชิกสภาเทศบาล", "HighestEducation": "ปริญญาตรี", "ImageFileId": "5c590c5ffbcb5f1d881464de", "SelfIntroduceFileId": "5c590edefbcb5f1d8814853c", "PartyLogo": "https://storage.googleapis.com/candidate-thumbs/party/185.png", "CandididatePhoto": "https://storage.googleapis.com/candidate-thumbs/images/50-5-18.jpg"}, {"Unnamed: 0": 8804, "CandidateId": "93844990-4c70-4324-9149-c2a63990cc23", "CandidateNo": 19, "FirstName": "กรินท์", "LastName": "บุญตันสา", "PartyName": "ประชานิยม", "PartyNumber": 191, "Title": "นาย", "Votable": true, "province_id": 50, "province_name": "เชียงใหม่", "zone_number": 5, "PartyTerminated": false, "Age": 49, "Occupation": "เจ้าหน้าที่พละศึกษาประจำอำเภอแม่ริม", "HighestEducation": "ปริญญาตรี", "ImageFileId": "5c59105bfbcb5f1d88149f65", "SelfIntroduceFileId": "5c59122ffbcb5f1d8814b909", "PartyLogo": "https://storage.googleapis.com/candidate-thumbs/party/191.png", "CandididatePhoto": "https://storage.googleapis.com/candidate-thumbs/images/50-5-19.jpg"}, {"Unnamed: 0": 8805, "CandidateId": "85ea803d-f733-4f95-9329-a941273d339b", "CandidateNo": 20, "FirstName": "สมบูรณ์", "LastName": "ยาวิเลิศ", "PartyName": "แผ่นดินธรรม", "PartyNumber": 188, "Title": "นาย", "Votable": true, "province_id": 50, "province_name": "เชียงใหม่", "zone_number": 5, "PartyTerminated": false, "Age": 74, "Occupation": "ข้าราชการบำนาญ", "HighestEducation": "ปริญญาตรี", "ImageFileId": "5c59127dfbcb5f1d8814bc62", "SelfIntroduceFileId": "5c591455fbcb5f1d8814d3fc", "PartyLogo": "https://storage.googleapis.com/candidate-thumbs/party/188.png", "CandididatePhoto": "https://storage.googleapis.com/candidate-thumbs/images/50-5-20.jpg"}, {"Unnamed: 0": 8806, "CandidateId": "bfb58274-d008-4e9c-b530-010f6b243d12", "CandidateNo": 21, "FirstName": "ประกิต", "LastName": "บุญเลิศ", "PartyName": "ยางพาราไทย", "PartyNumber": 116, "Title": "นาย", "Votable": true, "province_id": 50, "province_name": "เชียงใหม่", "zone_number": 5, "PartyTerminated": false, "Age": 66, "Occupation": "ข้าราชการครู", "HighestEducation": "ปริญญาตรี", "ImageFileId": "5c5914b1fbcb5f1d8814d81b", "SelfIntroduceFileId": "5c5917defbcb5f1d8814f5a2", "PartyLogo": "https://storage.googleapis.com/candidate-thumbs/party/116.png", "CandididatePhoto": "https://storage.googleapis.com/candidate-thumbs/images/50-5-21.jpg"}, {"Unnamed: 0": 8807, "CandidateId": "a01561ba-2dfa-43f3-b1bd-563c659d2de4", "CandidateNo": 22, "FirstName": "โอภาส", "LastName": "อินทจักร์", "PartyName": "เพื่อแผ่นดิน", "PartyNumber": 41, "Title": "นาย", "Votable": true, "province_id": 50, "province_name": "เชียงใหม่", "zone_number": 5, "PartyTerminated": false, "Age": 58, "Occupation": "เกษตรกร", "HighestEducation": "ต่ำกว่าปริญญาตรี", "ImageFileId": "5c59256bfbcb5f1d8815676f", "SelfIntroduceFileId": "5c59276cfbcb5f1d8815828a", "PartyLogo": "https://storage.googleapis.com/candidate-thumbs/party/41.png", "CandididatePhoto": "https://storage.googleapis.com/candidate-thumbs/images/50-5-22.jpg"}, {"Unnamed: 0": 8808, "CandidateId": "f3ab516d-f792-430f-9756-a2199cbe5c58", "CandidateNo": 23, "FirstName": "วรเชษฐ์", "LastName": "บัวสุข", "PartyName": "เศรษฐกิจใหม่", "PartyNumber": 193, "Title": "นาย", "Votable": true, "province_id": 50, "province_name": "เชียงใหม่", "zone_number": 5, "PartyTerminated": false, "Age": 58, "Occupation": "ธุรกิจส่วนตัว", "HighestEducation": "ต่ำกว่าปริญญาตรี", "ImageFileId": "5c5957c8fbcb5f1d8817fdbc", "SelfIntroduceFileId": "5c5958fbfbcb5f1d88180602", "PartyLogo": "https://storage.googleapis.com/candidate-thumbs/party/193.png", "CandididatePhoto": "https://storage.googleapis.com/candidate-thumbs/images/50-5-23.jpg"}, {"Unnamed: 0": 8809, "CandidateId": "623a7e28-a74b-416b-92cc-b3268b72d54d", "CandidateNo": 24, "FirstName": "สิรวิชญ์", "LastName": "ของก้ำ", "PartyName": "ภราดรภาพ", "PartyNumber": 154, "Title": "นาย", "Votable": true, "province_id": 50, "province_name": "เชียงใหม่", "zone_number": 5, "PartyTerminated": false, "Age": 36, "Occupation": "ีครู", "HighestEducation": "ปริญญาตรี", "ImageFileId": "5c5a4f64fbcb5f19bca91f2f", "SelfIntroduceFileId": "5c5a515cfbcb5f19bca930f8", "PartyLogo": "https://storage.googleapis.com/candidate-thumbs/party/154.png", "CandididatePhoto": "https://storage.googleapis.com/candidate-thumbs/images/50-5-24.jpg"}, {"Unnamed: 0": 8810, "CandidateId": "7fbf3158-be14-42ea-b69a-9357aab47fac", "CandidateNo": 25, "FirstName": "สหภูมิ", "LastName": "เรืองกิตติเศรษฐ", "PartyName": "ครูไทยเพื่อประชาชน", "PartyNumber": 118, "Title": "นาย", "Votable": true, "province_id": 50, "province_name": "เชียงใหม่", "zone_number": 5, "PartyTerminated": false, "Age": 34, "Occupation": "เกษตรกร", "HighestEducation": "ปริญญาตรี", "ImageFileId": "5c5bae67fbcb5f16fc65e87f", "SelfIntroduceFileId": "5c5bb096fbcb5f16fc65fe43", "PartyLogo": "https://storage.googleapis.com/candidate-thumbs/party/118.png", "CandididatePhoto": "https://storage.googleapis.com/candidate-thumbs/images/50-5-25.jpg"}, {"Unnamed: 0": 8811, "CandidateId": "db5b5103-9365-4191-9b1f-d6495c481d07", "CandidateNo": 26, "FirstName": "คูณธนา", "LastName": "สุวรรณ", "PartyName": "พลังปวงชนไทย", "PartyNumber": 184, "Title": "นาย", "Votable": true, "province_id": 50, "province_name": "เชียงใหม่", "zone_number": 5, "PartyTerminated": false, "Age": 59, "Occupation": "เจ้าหน้าที่สหกรณ์การเกษตรอ.สะเมิง", "HighestEducation": "ปริญญาตรี", "ImageFileId": "5c5bb0c8fbcb5f16fc65ff3f", "SelfIntroduceFileId": "5c5bb1fbfbcb5f16fc660b39", "PartyLogo": "https://storage.googleapis.com/candidate-thumbs/party/184.png", "CandididatePhoto": "https://storage.googleapis.com/candidate-thumbs/images/50-5-26.jpg"}, {"Unnamed: 0": 8812, "CandidateId": "932928dd-5204-479c-975f-0656864d751d", "CandidateNo": 27, "FirstName": "ธีรวัฒน์", "LastName": "ใจนันตา", "PartyName": "ชาติพันธุ์ไทย", "PartyNumber": 196, "Title": "นาย", "Votable": true, "province_id": 50, "province_name": "เชียงใหม่", "zone_number": 5, "PartyTerminated": false, "Age": 70, "Occupation": "ข้าราชการบำนาญ", "HighestEducation": "ปริญญาตรี", "ImageFileId": "5c5bb23dfbcb5f16fc660cbe", "SelfIntroduceFileId": "5c5bb3a1fbcb5f16fc6619ce", "PartyLogo": "https://storage.googleapis.com/candidate-thumbs/party/196.png", "CandididatePhoto": "https://storage.googleapis.com/candidate-thumbs/images/50-5-27.jpg"}, {"Unnamed: 0": 8813, "CandidateId": "2a802a09-c03f-4dfa-bbca-55df2bacadbd", "CandidateNo": 28, "FirstName": "อรรทชัย", "LastName": "ประยูรวงศ์", "PartyName": "ประชากรไทย", "PartyNumber": 2, "Title": "นาย", "Votable": true, "province_id": 50, "province_name": "เชียงใหม่", "zone_number": 5, "PartyTerminated": false, "Age": 58, "Occupation": "ค้าขาย", "HighestEducation": "ต่ำกว่าปริญญาตรี", "ImageFileId": "5c5bd8a5fbcb5f16fc66fe2a", "SelfIntroduceFileId": "5c5bda19fbcb5f16fc6708b4", "PartyLogo": "https://storage.googleapis.com/candidate-thumbs/party/2.png", "CandididatePhoto": "https://storage.googleapis.com/candidate-thumbs/images/50-5-28.jpg"}, {"Unnamed: 0": 8814, "CandidateId": "fabe854b-3ca8-4775-a4ae-330d1d4757d3", "CandidateNo": 29, "FirstName": "หน่อแก้ว", "LastName": "ปาปวน", "PartyName": "มหาชน", "PartyNumber": 4, "Title": "นาง", "Votable": true, "province_id": 50, "province_name": "เชียงใหม่", "zone_number": 5, "PartyTerminated": false, "Age": 55, "Occupation": "เกษตรกร", "HighestEducation": "ต่ำกว่าปริญญาตรี", "ImageFileId": "5c5bda57fbcb5f16fc670a9f", "SelfIntroduceFileId": "5c5bdb86fbcb5f16fc6715f2", "PartyLogo": "https://storage.googleapis.com/candidate-thumbs/party/4.png", "CandididatePhoto": "https://storage.googleapis.com/candidate-thumbs/images/50-5-29.jpg"}, {"Unnamed: 0": 8815, "CandidateId": "127ed63d-bb65-4365-87ab-d73bdcf608ae", "CandidateNo": 30, "FirstName": "นิคม", "LastName": "ติภาวัง", "PartyName": "เครือข่ายชาวนาแห่งประเทศไทย", "PartyNumber": 22, "Title": "นาย", "Votable": true, "province_id": 50, "province_name": "เชียงใหม่", "zone_number": 5, "PartyTerminated": false, "Age": 56, "Occupation": "เกษตรกร", "HighestEducation": "ต่ำกว่าปริญญาตรี", "ImageFileId": "5c5bdbc7fbcb5f16fc6719c7", "SelfIntroduceFileId": "5c5bdd42fbcb5f16fc6723fe", "PartyLogo": "https://storage.googleapis.com/candidate-thumbs/party/22.png", "CandididatePhoto": "https://storage.googleapis.com/candidate-thumbs/images/50-5-30.jpg"}, {"Unnamed: 0": 8816, "CandidateId": "301091db-a62e-4d81-ab84-9eb79ea1b823", "CandidateNo": 31, "FirstName": "กรกษิณ", "LastName": "หาญดิฐกุล", "PartyName": "ประชาไทย", "PartyNumber": 205, "Title": "นาย", "Votable": true, "province_id": 50, "province_name": "เชียงใหม่", "zone_number": 5, "PartyTerminated": false, "Age": 44, "Occupation": "ธุรกิจส่วนตัว", "HighestEducation": "ปริญญาตรี", "ImageFileId": "5c5d02b2fbcb5f0fd8849a73", "SelfIntroduceFileId": "5c5d048efbcb5f0fd884a8e7", "PartyLogo": "https://storage.googleapis.com/candidate-thumbs/party/205.png", "CandididatePhoto": "https://storage.googleapis.com/candidate-thumbs/images/50-5-31.jpg"}, {"Unnamed: 0": 8817, "CandidateId": "08a8bb16-4661-47af-b7a1-821da9645415", "CandidateNo": 32, "FirstName": "ทิพย์", "LastName": "ประสพชัยอุดม", "PartyName": "พลังรัก", "PartyNumber": 195, "Title": "นาง", "Votable": true, "province_id": 50, "province_name": "เชียงใหม่", "zone_number": 5, "PartyTerminated": false, "Age": 53, "Occupation": "อาสาสมัครบ้านพักเด็ก", "HighestEducation": "ต่ำกว่าปริญญาตรี", "ImageFileId": "5c5d1d2ffbcb5f0fd88528cb", "SelfIntroduceFileId": "5c5d1ed8fbcb5f0fd88536e1", "PartyLogo": "https://storage.googleapis.com/candidate-thumbs/party/195.png", "CandididatePhoto": "https://storage.googleapis.com/candidate-thumbs/images/50-5-32.jpg"}, {"Unnamed: 0": 8818, "CandidateId": "02313f7c-c1df-4cf3-a9fa-192647dafe43", "CandidateNo": 33, "FirstName": "อัญชลินทร์", "LastName": "รัตนะเศรษฐากุล", "PartyName": "ไทรักธรรม", "PartyNumber": 144, "Title": "นาง", "Votable": true, "province_id": 50, "province_name": "เชียงใหม่", "zone_number": 5, "PartyTerminated": false, "Age": 55, "Occupation": "ข้าราชการ", "HighestEducation": "ปริญญาโท", "ImageFileId": "5c5d43b2fbcb5f0fd88674a1", "SelfIntroduceFileId": "5c5d4521fbcb5f0fd8868492", "PartyLogo": "https://storage.googleapis.com/candidate-thumbs/party/144.png", "CandididatePhoto": "https://storage.googleapis.com/candidate-thumbs/images/50-5-33.jpg"}, {"Unnamed: 0": 8819, "CandidateId": "a6b26055-2f27-4ca3-88da-1c8ded4bbf46", "CandidateNo": 34, "FirstName": "วิเชียร", "LastName": "ดังเด็ง", "PartyName": "แทนคุณแผ่นดิน", "PartyNumber": 53, "Title": "นาย", "Votable": true, "province_id": 50, "province_name": "เชียงใหม่", "zone_number": 5, "PartyTerminated": false, "Age": 53, "Occupation": "ผู้จัดการฝ่ายขาย", "HighestEducation": "ปริญญาตรี", "ImageFileId": "5c5d4b40fbcb5f0fd886c995", "SelfIntroduceFileId": "5c5d4d01fbcb5f0fd886dd6e", "PartyLogo": "https://storage.googleapis.com/candidate-thumbs/party/53.png", "CandididatePhoto": "https://storage.googleapis.com/candidate-thumbs/images/50-5-34.jpg"}, {"Unnamed: 0": 8820, "CandidateId": "b9931cf0-4774-4f2a-9289-00020718730a", "CandidateNo": 35, "FirstName": "อนุรักษ์", "LastName": "แสนคำ", "PartyName": "ประชาธรรมไทย", "PartyNumber": 190, "Title": "นาย", "Votable": true, "province_id": 50, "province_name": "เชียงใหม่", "zone_number": 5, "PartyTerminated": false, "Age": 65, "Occupation": "ค้าขาย", "HighestEducation": "ต่ำกว่าปริญญาตรี", "ImageFileId": "5c5d4db6fbcb5f0fd886e3bc", "SelfIntroduceFileId": "5c5d4f3bfbcb5f0fd886f3d9", "PartyLogo": "https://storage.googleapis.com/candidate-thumbs/party/190.png", "CandididatePhoto": "https://storage.googleapis.com/candidate-thumbs/images/50-5-35.jpg"}]