[{"Unnamed: 0": 8821, "CandidateId": "576efba2-e101-472d-bae8-ad58c414ea2a", "CandidateNo": 1, "FirstName": "จุลพันธ์", "LastName": "อมรวิวัฒน์", "PartyName": "เพื่อไทย", "PartyNumber": 34, "Title": "นาย", "Votable": true, "province_id": 50, "province_name": "เชียงใหม่", "zone_number": 6, "PartyTerminated": false, "Age": 43, "Occupation": "นักการเมือง", "HighestEducation": "ปริญญาโท", "ImageFileId": "5c591c78fbcb5f1d881519e0", "SelfIntroduceFileId": "5c591f7efbcb5f1d88152ec6", "PartyLogo": "https://storage.googleapis.com/candidate-thumbs/party/34.png", "CandididatePhoto": "https://storage.googleapis.com/candidate-thumbs/images/50-6-1.jpg"}, {"Unnamed: 0": 8822, "CandidateId": "737742b5-de46-446e-8680-b400a8d18566", "CandidateNo": 2, "FirstName": "บุญมา", "LastName": "กิติใจ", "PartyName": "เพื่อชาติ", "PartyNumber": 149, "Title": "นาย", "Votable": true, "province_id": 50, "province_name": "เชียงใหม่", "zone_number": 6, "PartyTerminated": false, "Age": 58, "Occupation": "เกษตรกร", "HighestEducation": "ต่ำกว่าปริญญาตรี", "ImageFileId": "5c591fd6fbcb5f1d88153208", "SelfIntroduceFileId": "5c592240fbcb5f1d8815485e", "PartyLogo": "https://storage.googleapis.com/candidate-thumbs/party/149.png", "CandididatePhoto": "https://storage.googleapis.com/candidate-thumbs/images/50-6-2.jpg"}, {"Unnamed: 0": 8823, "CandidateId": "d57557cd-e78a-4ed8-aafe-3fde6c5d8e02", "CandidateNo": 3, "FirstName": "ก้องหล้า", "LastName": "ชัยยะ", "PartyName": "รักษ์ผืนป่าประเทศไทย", "PartyNumber": 133, "Title": "นาย", "Votable": true, "province_id": 50, "province_name": "เชียงใหม่", "zone_number": 6, "PartyTerminated": false, "Age": 58, "Occupation": "เกษตรกรรมและรับจ้าง", "HighestEducation": "ต่ำกว่าปริญญาตรี", "ImageFileId": "5c59274cfbcb5f1d881581d6", "SelfIntroduceFileId": "5c592913fbcb5f1d881593e4", "PartyLogo": "https://storage.googleapis.com/candidate-thumbs/party/133.png", "CandididatePhoto": "https://storage.googleapis.com/candidate-thumbs/images/50-6-3.jpg"}, {"Unnamed: 0": 8824, "CandidateId": "29e8a2aa-47ce-4a73-b906-f8f40adddeac", "CandidateNo": 4, "FirstName": "คมกฤชญ์", "LastName": "ปฐมนุส์พงศ์", "PartyName": "พลังธรรมใหม่", "PartyNumber": 175, "Title": "นาย", "Votable": true, "province_id": 50, "province_name": "เชียงใหม่", "zone_number": 6, "PartyTerminated": false, "Age": 61, "Occupation": "ค้าขาย", "HighestEducation": "ปริญญาตรี", "ImageFileId": "5c592954fbcb5f1d88159720", "SelfIntroduceFileId": "5c592ad0fbcb5f1d8815ae9e", "PartyLogo": "https://storage.googleapis.com/candidate-thumbs/party/175.png", "CandididatePhoto": "https://storage.googleapis.com/candidate-thumbs/images/50-6-4.jpg"}, {"Unnamed: 0": 8825, "CandidateId": "77599928-54b8-4759-9508-4dbfc22ad844", "CandidateNo": 5, "FirstName": "สันติ", "LastName": "ตันสุหัช", "PartyName": "พลังประชารัฐ", "PartyNumber": 192, "Title": "นาย", "Votable": true, "province_id": 50, "province_name": "เชียงใหม่", "zone_number": 6, "PartyTerminated": false, "Age": 66, "Occupation": "นักการเมือง", "HighestEducation": "ต่ำกว่าปริญญาตรี", "ImageFileId": "5c592b19fbcb5f1d8815b38f", "SelfIntroduceFileId": "5c592c81fbcb5f1d8815cba0", "PartyLogo": "https://storage.googleapis.com/candidate-thumbs/party/192.png", "CandididatePhoto": "https://storage.googleapis.com/candidate-thumbs/images/50-6-5.jpg"}, {"Unnamed: 0": 8826, "CandidateId": "e354f731-19ba-40ff-a59f-3c088a2066b3", "CandidateNo": 6, "FirstName": "นวพร", "LastName": "นุพงศ์", "PartyName": "ชาติไทยพัฒนา", "PartyNumber": 55, "Title": "นาง", "Votable": true, "province_id": 50, "province_name": "เชียงใหม่", "zone_number": 6, "PartyTerminated": false, "Age": 55, "Occupation": "เลขานุการนายกเทศมนตรี", "HighestEducation": "ปริญญาตรี", "ImageFileId": "5c592cd3fbcb5f1d8815cfcd", "SelfIntroduceFileId": "5c592e82fbcb5f1d8815eb3e", "PartyLogo": "https://storage.googleapis.com/candidate-thumbs/party/55.png", "CandididatePhoto": "https://storage.googleapis.com/candidate-thumbs/images/50-6-6.jpg"}, {"Unnamed: 0": 8827, "CandidateId": "8bf5c8dd-fb19-45a9-a29d-f9d32e4d8f30", "CandidateNo": 7, "FirstName": "ชนัดดา", "LastName": "เรือนสอน", "PartyName": "พลังชาติไทย", "PartyNumber": 186, "Title": "นาง", "Votable": true, "province_id": 50, "province_name": "เชียงใหม่", "zone_number": 6, "PartyTerminated": false, "Age": 50, "Occupation": "รับราชการ", "HighestEducation": "ปริญญาโท", "ImageFileId": "5c5ced8dfbcb5f16fc68dd6f", "SelfIntroduceFileId": "5c5930adfbcb5f1d88160a05", "PartyLogo": "https://storage.googleapis.com/candidate-thumbs/party/186.png", "CandididatePhoto": "https://storage.googleapis.com/candidate-thumbs/images/50-6-7.jpg"}, {"Unnamed: 0": 8828, "CandidateId": "80025fee-7510-4059-a80b-4e304fcb8e0a", "CandidateNo": 8, "FirstName": "ธนะยศกร์", "LastName": "อรรถสุภาพงศ์", "PartyName": "ประชาภิวัฒน์", "PartyNumber": 172, "Title": "นาย", "Votable": true, "province_id": 50, "province_name": "เชียงใหม่", "zone_number": 6, "PartyTerminated": false, "Age": 62, "Occupation": "ข้าราชการครู", "HighestEducation": "ปริญญาโท", "ImageFileId": "5c593114fbcb5f1d88160dca", "SelfIntroduceFileId": "5c593297fbcb5f1d8816225c", "PartyLogo": "https://storage.googleapis.com/candidate-thumbs/party/172.png", "CandididatePhoto": "https://storage.googleapis.com/candidate-thumbs/images/50-6-8.jpg"}, {"Unnamed: 0": 8829, "CandidateId": "ea443553-a06e-4608-ab2f-8eb000b254bf", "CandidateNo": 9, "FirstName": "ชยดล", "LastName": "พรหมมะจักร", "PartyName": "พลังปวงชนไทย", "PartyNumber": 184, "Title": "นาย", "Votable": true, "province_id": 50, "province_name": "เชียงใหม่", "zone_number": 6, "PartyTerminated": false, "Age": 50, "Occupation": "สมาชิกสภาองค์การบริหารส่วนจังหวัด", "HighestEducation": "ปริญญาโท", "ImageFileId": "5c5932d2fbcb5f1d8816263e", "SelfIntroduceFileId": "5c593418fbcb5f1d88163777", "PartyLogo": "https://storage.googleapis.com/candidate-thumbs/party/184.png", "CandididatePhoto": "https://storage.googleapis.com/candidate-thumbs/images/50-6-9.jpg"}, {"Unnamed: 0": 8830, "CandidateId": "0e26655f-9215-4ace-8a86-26e74c44897a", "CandidateNo": 10, "FirstName": "ธีรพันธ์", "LastName": "สุริวรรณ", "PartyName": "อนาคตใหม่", "PartyNumber": 177, "Title": "นาย", "Votable": true, "province_id": 50, "province_name": "เชียงใหม่", "zone_number": 6, "PartyTerminated": false, "Age": 27, "Occupation": "พนักงานบริษัทเอกชน", "HighestEducation": "ปริญญาโท", "ImageFileId": "5c593454fbcb5f1d881639b5", "SelfIntroduceFileId": "5c5935a1fbcb5f1d88164a9d", "PartyLogo": "https://storage.googleapis.com/candidate-thumbs/party/177.png", "CandididatePhoto": "https://storage.googleapis.com/candidate-thumbs/images/50-6-10.jpg"}, {"Unnamed: 0": 8831, "CandidateId": "b9bec6c2-cde3-4707-8e16-93c131261f1a", "CandidateNo": 11, "FirstName": "ธรรมนูญ", "LastName": "วุฒิลักษณ์", "PartyName": "เสรีรวมไทย", "PartyNumber": 145, "Title": "นาย", "Votable": true, "province_id": 50, "province_name": "เชียงใหม่", "zone_number": 6, "PartyTerminated": false, "Age": 59, "Occupation": "ข้าราชการพลเรือน", "HighestEducation": "ปริญญาตรี", "ImageFileId": "5c59360efbcb5f1d88164f6d", "SelfIntroduceFileId": "5c593742fbcb5f1d88166205", "PartyLogo": "https://storage.googleapis.com/candidate-thumbs/party/145.png", "CandididatePhoto": "https://storage.googleapis.com/candidate-thumbs/images/50-6-11.jpg"}, {"Unnamed: 0": 8832, "CandidateId": "440b9382-61b0-497e-b545-813807fd5589", "CandidateNo": 12, "FirstName": "สุรีพงศ์", "LastName": "วงค์วาริยา", "PartyName": "รวมพลังประชาชาติไทย", "PartyNumber": 181, "Title": "นาย", "Votable": true, "province_id": 50, "province_name": "เชียงใหม่", "zone_number": 6, "PartyTerminated": false, "Age": 48, "Occupation": "เจ้าของกิจการ", "HighestEducation": "ปริญญาตรี", "ImageFileId": "5c59377dfbcb5f1d881666d0", "SelfIntroduceFileId": "5c593889fbcb5f1d881676aa", "PartyLogo": "https://storage.googleapis.com/candidate-thumbs/party/181.png", "CandididatePhoto": "https://storage.googleapis.com/candidate-thumbs/images/50-6-12.jpg"}, {"Unnamed: 0": 8833, "CandidateId": "8df8bd88-179d-4192-9a15-80b9d2bc0cee", "CandidateNo": 13, "FirstName": "วิศิษฎ์", "LastName": "วัชรินทร์", "PartyName": "ประชาธิปัตย์", "PartyNumber": 1, "Title": "นาย", "Votable": true, "province_id": 50, "province_name": "เชียงใหม่", "zone_number": 6, "PartyTerminated": false, "Age": 61, "Occupation": "ข้าราชการครู", "HighestEducation": "ปริญญาโท", "ImageFileId": "5c5938d9fbcb5f1d88167bfa", "SelfIntroduceFileId": "5c593a07fbcb5f1d88168b56", "PartyLogo": "https://storage.googleapis.com/candidate-thumbs/party/1.png", "CandididatePhoto": "https://storage.googleapis.com/candidate-thumbs/images/50-6-13.jpg"}, {"Unnamed: 0": 8834, "CandidateId": "00c11bb5-cf79-45fe-a434-31e7ff6acea4", "CandidateNo": 14, "FirstName": "แสวง", "LastName": "กาศรีวิชัย", "PartyName": "ภูมิใจไทย", "PartyNumber": 63, "Title": "นาย", "Votable": true, "province_id": 50, "province_name": "เชียงใหม่", "zone_number": 6, "PartyTerminated": false, "Age": 60, "Occupation": "รับราชการ", "HighestEducation": "ปริญญาตรี", "ImageFileId": "5c66497afbcb5f1548d97fd9", "SelfIntroduceFileId": "5c593b20fbcb5f1d88169bfc", "PartyLogo": "https://storage.googleapis.com/candidate-thumbs/party/63.png", "CandididatePhoto": "https://storage.googleapis.com/candidate-thumbs/images/50-6-14.jpg"}, {"Unnamed: 0": 8835, "CandidateId": "9f5db975-c22a-44f2-98f1-c0d6315b7caa", "CandidateNo": 15, "FirstName": "สุกัณทา", "LastName": "อินหวัน", "PartyName": "ประชาชาติ", "PartyNumber": 187, "Title": "นางสาว", "Votable": true, "province_id": 50, "province_name": "เชียงใหม่", "zone_number": 6, "PartyTerminated": false, "Age": 63, "Occupation": "ข้าราชการครู", "HighestEducation": "ปริญญาโท", "ImageFileId": "5c593b79fbcb5f1d88169f60", "SelfIntroduceFileId": "5c593d0dfbcb5f1d8816b0ed", "PartyLogo": "https://storage.googleapis.com/candidate-thumbs/party/187.png", "CandididatePhoto": "https://storage.googleapis.com/candidate-thumbs/images/50-6-15.jpg"}, {"Unnamed: 0": 8836, "CandidateId": "ab4b4070-78a7-4016-b601-d29380ccb582", "CandidateNo": 16, "FirstName": "สมปอง", "LastName": "มาลัย", "PartyName": "ไทยศรีวิไลย์", "PartyNumber": 180, "Title": "นาย", "Votable": true, "province_id": 50, "province_name": "เชียงใหม่", "zone_number": 6, "PartyTerminated": false, "Age": 37, "Occupation": "ธุรกิจส่วนตัว", "HighestEducation": "ต่ำกว่าปริญญาตรี", "ImageFileId": "5c593d4dfbcb5f1d8816b56f", "SelfIntroduceFileId": "5c593e85fbcb5f1d8816c5d6", "PartyLogo": "https://storage.googleapis.com/candidate-thumbs/party/180.png", "CandididatePhoto": "https://storage.googleapis.com/candidate-thumbs/images/50-6-16.jpg"}, {"Unnamed: 0": 8837, "CandidateId": "eb3fdec4-ad61-4d90-bb4d-0d6d3d5c7110", "CandidateNo": 17, "FirstName": "เฉลิม", "LastName": "บุญวุฒิ", "PartyName": "เพื่อแผ่นดิน", "PartyNumber": 41, "Title": "นาย", "Votable": true, "province_id": 50, "province_name": "เชียงใหม่", "zone_number": 6, "PartyTerminated": false, "Age": 57, "Occupation": "เกษตรกร", "HighestEducation": "ต่ำกว่าปริญญาตรี", "ImageFileId": "5c593ed5fbcb5f1d8816ca56", "SelfIntroduceFileId": "5c593fd2fbcb5f1d8816d549", "PartyLogo": "https://storage.googleapis.com/candidate-thumbs/party/41.png", "CandididatePhoto": "https://storage.googleapis.com/candidate-thumbs/images/50-6-17.jpg"}, {"Unnamed: 0": 8838, "CandidateId": "c0455739-de9a-48da-8779-3b630aef5a93", "CandidateNo": 18, "FirstName": "ธีรภัทร", "LastName": "พิสูจน์", "PartyName": "ประชานิยม", "PartyNumber": 191, "Title": "นาย", "Votable": true, "province_id": 50, "province_name": "เชียงใหม่", "zone_number": 6, "PartyTerminated": false, "Age": 52, "Occupation": "ธุรกิจส่วนตัว", "HighestEducation": "ปริญญาตรี", "ImageFileId": "5c593ffffbcb5f1d8816d831", "SelfIntroduceFileId": "5c5940ecfbcb5f1d8816e96a", "PartyLogo": "https://storage.googleapis.com/candidate-thumbs/party/191.png", "CandididatePhoto": "https://storage.googleapis.com/candidate-thumbs/images/50-6-18.jpg"}, {"Unnamed: 0": 8839, "CandidateId": "bd6de882-edee-4a99-bee1-a97d42cd2f2f", "CandidateNo": 19, "FirstName": "สมพงษ์", "LastName": "ภานุวัฒน์รังษี", "PartyName": "พลังท้องถิ่นไท", "PartyNumber": 124, "Title": "นาย", "Votable": true, "province_id": 50, "province_name": "เชียงใหม่", "zone_number": 6, "PartyTerminated": false, "Age": 43, "Occupation": "นักธุรกิจ", "HighestEducation": "ปริญญาโท", "ImageFileId": "5c59413efbcb5f1d8816ee2f", "SelfIntroduceFileId": "5c594245fbcb5f1d8816faaf", "PartyLogo": "https://storage.googleapis.com/candidate-thumbs/party/124.png", "CandididatePhoto": "https://storage.googleapis.com/candidate-thumbs/images/50-6-19.jpg"}, {"Unnamed: 0": 8840, "CandidateId": "9a4d1def-bbb7-40c5-a770-3337df25af2c", "CandidateNo": 20, "FirstName": "ชวฤทธิ์", "LastName": "พญาวอณรงค์", "PartyName": "ประชาธิปไตยใหม่", "PartyNumber": 109, "Title": "นาย", "Votable": true, "province_id": 50, "province_name": "เชียงใหม่", "zone_number": 6, "PartyTerminated": false, "Age": 58, "Occupation": "สอนศาสนาคริสต์", "HighestEducation": "ปริญญาตรี", "ImageFileId": "5c594283fbcb5f1d8816ff1f", "SelfIntroduceFileId": "5c5943aefbcb5f1d88170bd9", "PartyLogo": "https://storage.googleapis.com/candidate-thumbs/party/109.png", "CandididatePhoto": "https://storage.googleapis.com/candidate-thumbs/images/50-6-20.jpg"}, {"Unnamed: 0": 8841, "CandidateId": "4d470389-85c2-4c85-a2ac-bc225d356836", "CandidateNo": 21, "FirstName": "เกรียงไกร", "LastName": "งามคาย", "PartyName": "เศรษฐกิจใหม่", "PartyNumber": 193, "Title": "นาย", "Votable": true, "province_id": 50, "province_name": "เชียงใหม่", "zone_number": 6, "PartyTerminated": false, "Age": 41, "Occupation": "เกษตรกร", "HighestEducation": "ปริญญาตรี", "ImageFileId": "5c663d72fbcb5f1548d96434", "SelfIntroduceFileId": "5c59454efbcb5f1d88172151", "PartyLogo": "https://storage.googleapis.com/candidate-thumbs/party/193.png", "CandididatePhoto": "https://storage.googleapis.com/candidate-thumbs/images/50-6-21.jpg"}, {"Unnamed: 0": 8842, "CandidateId": "6740d38d-809e-4ea1-b5db-493874a0b28f", "CandidateNo": 22, "FirstName": "เรืองฤทธิ์", "LastName": "กองเมือง", "PartyName": "ชาติพัฒนา", "PartyNumber": 45, "Title": "นาย", "Votable": true, "province_id": 50, "province_name": "เชียงใหม่", "zone_number": 6, "PartyTerminated": false, "Age": 61, "Occupation": "ทนายความ", "HighestEducation": "ปริญญาตรี", "ImageFileId": "5c5a563cfbcb5f19bca95c7e", "SelfIntroduceFileId": "5c5cfc34fbcb5f0fd8846144", "PartyLogo": "https://storage.googleapis.com/candidate-thumbs/party/45.png", "CandididatePhoto": "https://storage.googleapis.com/candidate-thumbs/images/50-6-22.jpg"}, {"Unnamed: 0": 8843, "CandidateId": "4d613fc6-0497-46b3-bfa2-4faefc459f0c", "CandidateNo": 23, "FirstName": "มนตรี", "LastName": "ศรีสมวงษ์", "PartyName": "ภราดรภาพ", "PartyNumber": 154, "Title": "นาย", "Votable": true, "province_id": 50, "province_name": "เชียงใหม่", "zone_number": 6, "PartyTerminated": false, "Age": 73, "Occupation": "ธุรกิจส่วนตัว", "HighestEducation": "ต่ำกว่าปริญญาตรี", "ImageFileId": "5c5a5794fbcb5f19bca9671e", "SelfIntroduceFileId": "5c5a7f2afbcb5f19bcaa5e47", "PartyLogo": "https://storage.googleapis.com/candidate-thumbs/party/154.png", "CandididatePhoto": "https://storage.googleapis.com/candidate-thumbs/images/50-6-23.jpg"}, {"Unnamed: 0": 8844, "CandidateId": "e961683c-6b41-44a2-923f-283cfb77b14a", "CandidateNo": 24, "FirstName": "อำนาจ", "LastName": "คล้ายมอญ", "PartyName": "ประชาชนปฏิรูป", "PartyNumber": 176, "Title": "นาย", "Votable": true, "province_id": 50, "province_name": "เชียงใหม่", "zone_number": 6, "PartyTerminated": false, "Age": 48, "Occupation": "ทนายความ", "HighestEducation": "ปริญญาตรี", "ImageFileId": "5c66422efbcb5f1548d97032", "SelfIntroduceFileId": "5c5a7fcbfbcb5f19bcaa6217", "PartyLogo": "https://storage.googleapis.com/candidate-thumbs/party/176.png", "CandididatePhoto": "https://storage.googleapis.com/candidate-thumbs/images/50-6-24.jpg"}, {"Unnamed: 0": 8845, "CandidateId": "9de3832c-e4cc-48eb-9299-8d4ae00fa91f", "CandidateNo": 25, "FirstName": "ภูวนาถ", "LastName": "งามรูป", "PartyName": "ครูไทยเพื่อประชาชน", "PartyNumber": 118, "Title": "นาย", "Votable": true, "province_id": 50, "province_name": "เชียงใหม่", "zone_number": 6, "PartyTerminated": false, "Age": 64, "Occupation": "ข้าราชการบำนาญ", "HighestEducation": "ปริญญาตรี", "ImageFileId": "5c5b9578fbcb5f16fc654430", "SelfIntroduceFileId": "5c5b9697fbcb5f16fc6549e2", "PartyLogo": "https://storage.googleapis.com/candidate-thumbs/party/118.png", "CandididatePhoto": "https://storage.googleapis.com/candidate-thumbs/images/50-6-25.jpg"}, {"Unnamed: 0": 8846, "CandidateId": "9d3527c2-9590-493e-be5f-a7c6f6d9fbcc", "CandidateNo": 26, "FirstName": "นิธิพัฒน์", "LastName": "พันธุ์ขันคำ", "PartyName": "ชาติพันธุ์ไทย", "PartyNumber": 196, "Title": "นาย", "Votable": true, "province_id": 50, "province_name": "เชียงใหม่", "zone_number": 6, "PartyTerminated": false, "Age": 40, "Occupation": "ธุรกิจส่วนตัว", "HighestEducation": "ปริญญาโท", "ImageFileId": "5c5ba17ffbcb5f16fc658c35", "SelfIntroduceFileId": "5c5ba2a9fbcb5f16fc659541", "PartyLogo": "https://storage.googleapis.com/candidate-thumbs/party/196.png", "CandididatePhoto": "https://storage.googleapis.com/candidate-thumbs/images/50-6-26.jpg"}, {"Unnamed: 0": 8847, "CandidateId": "9e5ee162-e49e-4fe5-8ddc-e7bc350ebbcf", "CandidateNo": 27, "FirstName": "ฮันนาห์", "LastName": "ภูนิโรจน์", "PartyName": "พลังรัก", "PartyNumber": 195, "Title": "นางสาว", "Votable": true, "province_id": 50, "province_name": "เชียงใหม่", "zone_number": 6, "PartyTerminated": false, "Age": 30, "Occupation": "ธุรกิจส่วนตัว", "HighestEducation": "ปริญญาตรี", "ImageFileId": "5c664288fbcb5f1548d970f8", "SelfIntroduceFileId": "5c5bdcdafbcb5f16fc672113", "PartyLogo": "https://storage.googleapis.com/candidate-thumbs/party/195.png", "CandididatePhoto": "https://storage.googleapis.com/candidate-thumbs/images/50-6-27.jpg"}, {"Unnamed: 0": 8848, "CandidateId": "1b687ffa-d17b-4bda-b9e7-5a78af056ca8", "CandidateNo": 28, "FirstName": "สุวรรณ", "LastName": "คงยอด", "PartyName": "กรีน", "PartyNumber": 206, "Title": "นาย", "Votable": true, "province_id": 50, "province_name": "เชียงใหม่", "zone_number": 6, "PartyTerminated": false, "Age": 40, "Occupation": "เกษตรกร", "HighestEducation": "ต่ำกว่าปริญญาตรี", "ImageFileId": "5c5bdd1dfbcb5f16fc67234f", "SelfIntroduceFileId": "5c5bde50fbcb5f16fc672e3c", "PartyLogo": "https://storage.googleapis.com/candidate-thumbs/party/206.png", "CandididatePhoto": "https://storage.googleapis.com/candidate-thumbs/images/50-6-28.jpg"}, {"Unnamed: 0": 8849, "CandidateId": "43879ebb-129b-45d3-afe0-edb46383e0cc", "CandidateNo": 29, "FirstName": "ดุสิตา", "LastName": "ศตศยามล", "PartyName": "ประชากรไทย", "PartyNumber": 2, "Title": "นางสาว", "Votable": true, "province_id": 50, "province_name": "เชียงใหม่", "zone_number": 6, "PartyTerminated": false, "Age": 57, "Occupation": "เกษตรกรรม", "HighestEducation": "ปริญญาตรี", "ImageFileId": "5c5bde82fbcb5f16fc673018", "SelfIntroduceFileId": "5c5bdfc1fbcb5f16fc673adc", "PartyLogo": "https://storage.googleapis.com/candidate-thumbs/party/2.png", "CandididatePhoto": "https://storage.googleapis.com/candidate-thumbs/images/50-6-29.jpg"}, {"Unnamed: 0": 8850, "CandidateId": "15339b2c-3deb-4b59-8b29-6645d4ff9e02", "CandidateNo": 30, "FirstName": "ศิริพร", "LastName": "นันตา", "PartyName": "มหาชน", "PartyNumber": 4, "Title": "นาง", "Votable": true, "province_id": 50, "province_name": "เชียงใหม่", "zone_number": 6, "PartyTerminated": false, "Age": 37, "Occupation": "รับจ้าง", "HighestEducation": "ต่ำกว่าปริญญาตรี", "ImageFileId": "5c5be006fbcb5f16fc673c1a", "SelfIntroduceFileId": "5c5be131fbcb5f16fc674591", "PartyLogo": "https://storage.googleapis.com/candidate-thumbs/party/4.png", "CandididatePhoto": "https://storage.googleapis.com/candidate-thumbs/images/50-6-30.jpg"}, {"Unnamed: 0": 8851, "CandidateId": "ff1a860c-3de7-4f06-b762-691b96db3437", "CandidateNo": 31, "FirstName": "อุดม", "LastName": "อมยิ้ม", "PartyName": "ยางพาราไทย", "PartyNumber": 116, "Title": "นาย", "Votable": true, "province_id": 50, "province_name": "เชียงใหม่", "zone_number": 6, "PartyTerminated": false, "Age": 71, "Occupation": "เกษตรกร", "HighestEducation": "ต่ำกว่าปริญญาตรี", "ImageFileId": "5c5be162fbcb5f16fc6747ba", "SelfIntroduceFileId": "5c5be307fbcb5f16fc6754bc", "PartyLogo": "https://storage.googleapis.com/candidate-thumbs/party/116.png", "CandididatePhoto": "https://storage.googleapis.com/candidate-thumbs/images/50-6-31.jpg"}, {"Unnamed: 0": 8852, "CandidateId": "681aab1c-b07b-40df-892f-c0cabb70e2d0", "CandidateNo": 32, "FirstName": "สาคร", "LastName": "หอมช่วง", "PartyName": "เครือข่ายชาวนาแห่งประเทศไทย", "PartyNumber": 22, "Title": "นาย", "Votable": true, "province_id": 50, "province_name": "เชียงใหม่", "zone_number": 6, "PartyTerminated": false, "Age": 61, "Occupation": "เกษตรกร", "HighestEducation": "ต่ำกว่าปริญญาตรี", "ImageFileId": "5c5be341fbcb5f16fc675633", "SelfIntroduceFileId": "5c5be4a1fbcb5f16fc675f97", "PartyLogo": "https://storage.googleapis.com/candidate-thumbs/party/22.png", "CandididatePhoto": "https://storage.googleapis.com/candidate-thumbs/images/50-6-32.jpg"}, {"Unnamed: 0": 8853, "CandidateId": "24e70774-de49-4acc-a164-0a415245c6e1", "CandidateNo": 33, "FirstName": "สุวิทย์", "LastName": "อนุรักษา", "PartyName": "พลังประชาธิปไตย", "PartyNumber": 153, "Title": "นาย", "Votable": true, "province_id": 50, "province_name": "เชียงใหม่", "zone_number": 6, "PartyTerminated": false, "Age": 50, "Occupation": "เกษตรกร", "HighestEducation": "ต่ำกว่าปริญญาตรี", "ImageFileId": "5c5d3ae4fbcb5f0fd88618d4", "SelfIntroduceFileId": "5c5d3d8cfbcb5f0fd8863323", "PartyLogo": "https://storage.googleapis.com/candidate-thumbs/party/153.png", "CandididatePhoto": "https://storage.googleapis.com/candidate-thumbs/images/50-6-33.jpg"}, {"Unnamed: 0": 8854, "CandidateId": "ace3f90c-413a-49da-8299-dc0659b16d06", "CandidateNo": 34, "FirstName": "เพชร", "LastName": "สุภาษี", "PartyName": "แทนคุณแผ่นดิน", "PartyNumber": 53, "Title": "นาง", "Votable": true, "province_id": 50, "province_name": "เชียงใหม่", "zone_number": 6, "PartyTerminated": false, "Age": 54, "Occupation": "ค้าขาย", "HighestEducation": "ต่ำกว่าปริญญาตรี", "ImageFileId": "5c5d451bfbcb5f0fd886845d", "SelfIntroduceFileId": "5c5d4666fbcb5f0fd8869109", "PartyLogo": "https://storage.googleapis.com/candidate-thumbs/party/53.png", "CandididatePhoto": "https://storage.googleapis.com/candidate-thumbs/images/50-6-34.jpg"}, {"Unnamed: 0": 8855, "CandidateId": "70b6f8f0-cdc7-4818-9316-dfe6f745b8b0", "CandidateNo": 35, "FirstName": "ปรีชา", "LastName": "ริยาพันธ์", "PartyName": "ไทรักธรรม", "PartyNumber": 144, "Title": "นาย", "Votable": true, "province_id": 50, "province_name": "เชียงใหม่", "zone_number": 6, "PartyTerminated": false, "Age": 60, "Occupation": "ธุรกิจส่วนตัว", "HighestEducation": "ต่ำกว่าปริญญาตรี", "ImageFileId": "5c5d4959fbcb5f0fd886b100", "SelfIntroduceFileId": "5c5d4a9efbcb5f0fd886c2c6", "PartyLogo": "https://storage.googleapis.com/candidate-thumbs/party/144.png", "CandididatePhoto": "https://storage.googleapis.com/candidate-thumbs/images/50-6-35.jpg"}, {"Unnamed: 0": 8856, "CandidateId": "442cd34f-4eb1-4f7e-a32b-1736eb062f9c", "CandidateNo": 36, "FirstName": "วิชัย", "LastName": "ธิโวนา", "PartyName": "พลังไทยรักไทย", "PartyNumber": 185, "Title": "นาย", "Votable": true, "province_id": 50, "province_name": "เชียงใหม่", "zone_number": 6, "PartyTerminated": false, "Age": 56, "Occupation": "ข้าราชการ", "HighestEducation": "ปริญญาโท", "ImageFileId": "5c5d4fa9fbcb5f0fd886f78e", "SelfIntroduceFileId": "5c5d50c3fbcb5f0fd8870523", "PartyLogo": "https://storage.googleapis.com/candidate-thumbs/party/185.png", "CandididatePhoto": "https://storage.googleapis.com/candidate-thumbs/images/50-6-36.jpg"}]