[{"Unnamed: 0": 6274, "CandidateId": "76b08adc-b722-4ff9-b1ee-0cb5e5fc2e48", "CandidateNo": 1, "FirstName": "พีรเดช", "LastName": "คำสมุทร", "PartyName": "อนาคตใหม่", "PartyNumber": 177, "Title": "นาย", "Votable": true, "province_id": 57, "province_name": "เชียงราย", "zone_number": 6, "PartyTerminated": false, "Age": 32, "Occupation": "ค้าขาย", "HighestEducation": "ปริญญาตรี", "ImageFileId": "5c57ac30fbcb5f1eec0cf57b", "SelfIntroduceFileId": "5c5957bafbcb5f1d8817fd72", "PartyLogo": "https://storage.googleapis.com/candidate-thumbs/party/177.png", "CandididatePhoto": "https://storage.googleapis.com/candidate-thumbs/images/57-6-1.jpg"}, {"Unnamed: 0": 6275, "CandidateId": "766d3a37-68dc-4508-bce1-14b49e6d7cb9", "CandidateNo": 2, "FirstName": "ภัทรวัลย์", "LastName": "ผลไพบูลย์", "PartyName": "ชาติพัฒนา", "PartyNumber": 45, "Title": "นาง", "Votable": true, "province_id": 57, "province_name": "เชียงราย", "zone_number": 6, "PartyTerminated": false, "Age": 57, "Occupation": "ข้าราชการบำนาญ", "HighestEducation": "ปริญญาตรี", "ImageFileId": "5c57b1d4fbcb5f1eec0d0a33", "SelfIntroduceFileId": "5c57d855fbcb5f1eec0df081", "PartyLogo": "https://storage.googleapis.com/candidate-thumbs/party/45.png", "CandididatePhoto": "https://storage.googleapis.com/candidate-thumbs/images/57-6-2.jpg"}, {"Unnamed: 0": 6276, "CandidateId": "d7079a3b-bbcc-49d4-b881-6d5b8908602a", "CandidateNo": 3, "FirstName": "ดวงคำ", "LastName": "ใจเฝือ", "PartyName": "พลังชาติไทย", "PartyNumber": 186, "Title": "นาย", "Votable": true, "province_id": 57, "province_name": "เชียงราย", "zone_number": 6, "PartyTerminated": false, "Age": 49, "Occupation": "รับจ้างทั่วไป", "HighestEducation": "ปริญญาตรี", "ImageFileId": "5c57d9a3fbcb5f1eec0df80f", "SelfIntroduceFileId": "5c57ddd6fbcb5f1eec0e1042", "PartyLogo": "https://storage.googleapis.com/candidate-thumbs/party/186.png", "CandididatePhoto": "https://storage.googleapis.com/candidate-thumbs/images/57-6-3.jpg"}, {"Unnamed: 0": 6277, "CandidateId": "d6f98ec9-b19b-44d4-9463-5c2f8541956a", "CandidateNo": 4, "FirstName": "ทองมา", "LastName": "ศรีสด", "PartyName": "ประชาภิวัฒน์", "PartyNumber": 172, "Title": "นาง", "Votable": true, "province_id": 57, "province_name": "เชียงราย", "zone_number": 6, "PartyTerminated": false, "Age": 59, "Occupation": "รับจ้าง", "HighestEducation": "ต่ำกว่าปริญญาตรี", "ImageFileId": "5c57dec4fbcb5f1eec0e16e7", "SelfIntroduceFileId": "5c57e5d4fbcb5f1eec0e4658", "PartyLogo": "https://storage.googleapis.com/candidate-thumbs/party/172.png", "CandididatePhoto": "https://storage.googleapis.com/candidate-thumbs/images/57-6-4.jpg"}, {"Unnamed: 0": 6278, "CandidateId": "29ba4915-1e97-4bc8-b708-1a4fdff1cc42", "CandidateNo": 5, "FirstName": "วิภาพันธ์", "LastName": "ใจลังกาแก้ว", "PartyName": "พลังท้องถิ่นไท", "PartyNumber": 124, "Title": "นางสาว", "Votable": true, "province_id": 57, "province_name": "เชียงราย", "zone_number": 6, "PartyTerminated": false, "Age": 42, "Occupation": "ธุรกิจส่วนตัว", "HighestEducation": "ต่ำกว่าปริญญาตรี", "ImageFileId": "5c57e703fbcb5f1eec0e51f5", "SelfIntroduceFileId": "5c57ef4dfbcb5f1eec0e9c52", "PartyLogo": "https://storage.googleapis.com/candidate-thumbs/party/124.png", "CandididatePhoto": "https://storage.googleapis.com/candidate-thumbs/images/57-6-5.jpg"}, {"Unnamed: 0": 6279, "CandidateId": "2bc1b359-688a-4f0a-8835-e4b7196e5109", "CandidateNo": 6, "FirstName": "สุนิศา", "LastName": "แดนแก้วรัตน์", "PartyName": "ประชาชาติ", "PartyNumber": 187, "Title": "นางสาว", "Votable": true, "province_id": 57, "province_name": "เชียงราย", "zone_number": 6, "PartyTerminated": false, "Age": 27, "Occupation": "พนักงานกสิกรไทย สาขาแม่จัน", "HighestEducation": "ปริญญาตรี", "ImageFileId": "5c57f5e6fbcb5f1eec0ede14", "SelfIntroduceFileId": "5c57fa55fbcb5f1eec0f0db9", "PartyLogo": "https://storage.googleapis.com/candidate-thumbs/party/187.png", "CandididatePhoto": "https://storage.googleapis.com/candidate-thumbs/images/57-6-6.jpg"}, {"Unnamed: 0": 6280, "CandidateId": "90e3909b-3f9e-4899-9d12-dcde8b518ccb", "CandidateNo": 7, "FirstName": "กฤษฎ์ชัยณัช", "LastName": "วงศ์สมพฤกษ์", "PartyName": "ภราดรภาพ", "PartyNumber": 154, "Title": "นาย", "Votable": true, "province_id": 57, "province_name": "เชียงราย", "zone_number": 6, "PartyTerminated": false, "Age": 56, "Occupation": "ทนายความ", "HighestEducation": "ต่ำกว่าปริญญาตรี", "ImageFileId": "5c57fc40fbcb5f1eec0f2966", "SelfIntroduceFileId": "5c58013cfbcb5f1eec0f6bdb", "PartyLogo": "https://storage.googleapis.com/candidate-thumbs/party/154.png", "CandididatePhoto": "https://storage.googleapis.com/candidate-thumbs/images/57-6-7.jpg"}, {"Unnamed: 0": 6281, "CandidateId": "fe533723-4a7f-45b8-ac26-e17f506beaa0", "CandidateNo": 8, "FirstName": "ศักดิ์ชัย", "LastName": "จงสุขธนามณี", "PartyName": "พลังประชารัฐ", "PartyNumber": 192, "Title": "นาย", "Votable": true, "province_id": 57, "province_name": "เชียงราย", "zone_number": 6, "PartyTerminated": false, "Age": 56, "Occupation": "ธุรกิจ", "HighestEducation": "ปริญญาตรี", "ImageFileId": "5c580241fbcb5f1eec0f7e7f", "SelfIntroduceFileId": "5c5806cdfbcb5f1eec0fbd4a", "PartyLogo": "https://storage.googleapis.com/candidate-thumbs/party/192.png", "CandididatePhoto": "https://storage.googleapis.com/candidate-thumbs/images/57-6-8.jpg"}, {"Unnamed: 0": 6282, "CandidateId": "bb1525be-b1b6-4a7a-a620-d6d314faa362", "CandidateNo": 9, "FirstName": "นรินทร์", "LastName": "ทารัตน์", "PartyName": "รักษ์ผืนป่าประเทศไทย", "PartyNumber": 133, "Title": "นาย", "Votable": true, "province_id": 57, "province_name": "เชียงราย", "zone_number": 6, "PartyTerminated": false, "Age": 53, "Occupation": "ค้าขาย", "HighestEducation": "ปริญญาตรี", "ImageFileId": "5c5809fefbcb5f1eec0fe533", "SelfIntroduceFileId": "5c580cfffbcb5f1eec100942", "PartyLogo": "https://storage.googleapis.com/candidate-thumbs/party/133.png", "CandididatePhoto": "https://storage.googleapis.com/candidate-thumbs/images/57-6-9.jpg"}, {"Unnamed: 0": 6283, "CandidateId": "2ebd6b72-9401-46ac-9642-7bc8ef79fc70", "CandidateNo": 10, "FirstName": "อนุภาส", "LastName": "ปฏิเสน", "PartyName": "เพื่อชาติ", "PartyNumber": 149, "Title": "นาย", "Votable": true, "province_id": 57, "province_name": "เชียงราย", "zone_number": 6, "PartyTerminated": false, "Age": 49, "Occupation": "ค้าขาย นักการเมืองท้องถิ่น", "HighestEducation": "ปริญญาตรี", "ImageFileId": "5c58e796fbcb5f1d8812eca2", "SelfIntroduceFileId": "5c58eb32fbcb5f1d8812fd44", "PartyLogo": "https://storage.googleapis.com/candidate-thumbs/party/149.png", "CandididatePhoto": "https://storage.googleapis.com/candidate-thumbs/images/57-6-10.jpg"}, {"Unnamed: 0": 6284, "CandidateId": "11c3bb57-9379-4998-88f2-cb006bfc8db0", "CandidateNo": 11, "FirstName": "สุภาพ", "LastName": "ยาปะโลหิต", "PartyName": "ประชาธิปัตย์", "PartyNumber": 1, "Title": "นาง", "Votable": true, "province_id": 57, "province_name": "เชียงราย", "zone_number": 6, "PartyTerminated": false, "Age": 48, "Occupation": "ครูโรงเรียนเอกชน", "HighestEducation": "ปริญญาตรี", "ImageFileId": "5c58edb3fbcb5f1d88130c0e", "SelfIntroduceFileId": "5c58eeb5fbcb5f1d8813133b", "PartyLogo": "https://storage.googleapis.com/candidate-thumbs/party/1.png", "CandididatePhoto": "https://storage.googleapis.com/candidate-thumbs/images/57-6-11.jpg"}, {"Unnamed: 0": 6285, "CandidateId": "a7cd3b91-39c8-45a0-8f60-4b881b917290", "CandidateNo": 12, "FirstName": "อิทธิเดช", "LastName": "แก้วหลวง", "PartyName": "เพื่อไทย", "PartyNumber": 34, "Title": "นาย", "Votable": true, "province_id": 57, "province_name": "เชียงราย", "zone_number": 6, "PartyTerminated": false, "Age": 55, "Occupation": "นักการเมือง", "HighestEducation": "ปริญญาโท", "ImageFileId": "5c58f055fbcb5f1d88132247", "SelfIntroduceFileId": "5c58f19afbcb5f1d88132de2", "PartyLogo": "https://storage.googleapis.com/candidate-thumbs/party/34.png", "CandididatePhoto": "https://storage.googleapis.com/candidate-thumbs/images/57-6-12.jpg"}, {"Unnamed: 0": 6286, "CandidateId": "72708758-81c5-4bbc-8835-c77dfe8a0637", "CandidateNo": 13, "FirstName": "ธีระวุฒิ", "LastName": "คงเอียง", "PartyName": "พลังธรรมใหม่", "PartyNumber": 175, "Title": "นาย", "Votable": true, "province_id": 57, "province_name": "เชียงราย", "zone_number": 6, "PartyTerminated": false, "Age": 27, "Occupation": "เจ้าของธุรกิจ", "HighestEducation": "ต่ำกว่าปริญญาตรี", "ImageFileId": "5c58f55efbcb5f1d8813525d", "SelfIntroduceFileId": "5c58f5c4fbcb5f1d881355b5", "PartyLogo": "https://storage.googleapis.com/candidate-thumbs/party/175.png", "CandididatePhoto": "https://storage.googleapis.com/candidate-thumbs/images/57-6-13.jpg"}, {"Unnamed: 0": 6287, "CandidateId": "36391c2f-f1ac-4bec-bcb8-a229c534feb2", "CandidateNo": 14, "FirstName": "ศิริพงษ์", "LastName": "มาณะศรี", "PartyName": "เสรีรวมไทย", "PartyNumber": 145, "Title": "นาย", "Votable": true, "province_id": 57, "province_name": "เชียงราย", "zone_number": 6, "PartyTerminated": false, "Age": 68, "Occupation": "รับราชการท้องถิ่น", "HighestEducation": "ปริญญาเอก", "ImageFileId": "5c58f7e9fbcb5f1d88136d64", "SelfIntroduceFileId": "5c5957e1fbcb5f1d8817feee", "PartyLogo": "https://storage.googleapis.com/candidate-thumbs/party/145.png", "CandididatePhoto": "https://storage.googleapis.com/candidate-thumbs/images/57-6-14.jpg"}, {"Unnamed: 0": 6288, "CandidateId": "a9a0e0b2-ffde-4823-9d73-12017f224b11", "CandidateNo": 15, "FirstName": "อ่อนจันทร์", "LastName": "ปิตตาสังข์", "PartyName": "รวมพลังประชาชาติไทย", "PartyNumber": 181, "Title": "นาย", "Votable": true, "province_id": 57, "province_name": "เชียงราย", "zone_number": 6, "PartyTerminated": false, "Age": 68, "Occupation": "เกษตรกร", "HighestEducation": "ต่ำกว่าปริญญาตรี", "ImageFileId": "5c58fe0efbcb5f1d8813ab05", "SelfIntroduceFileId": "5c58fe73fbcb5f1d8813addf", "PartyLogo": "https://storage.googleapis.com/candidate-thumbs/party/181.png", "CandididatePhoto": "https://storage.googleapis.com/candidate-thumbs/images/57-6-15.jpg"}, {"Unnamed: 0": 6289, "CandidateId": "84496557-a5df-43f1-8b38-0c4ed1a4f5cb", "CandidateNo": 16, "FirstName": "สุภาภรณ์", "LastName": "ก๋าใจ", "PartyName": "ภูมิใจไทย", "PartyNumber": 63, "Title": "นางสาว", "Votable": true, "province_id": 57, "province_name": "เชียงราย", "zone_number": 6, "PartyTerminated": false, "Age": 29, "Occupation": "พนักงานบริษัท", "HighestEducation": "ปริญญาตรี", "ImageFileId": "5c59003dfbcb5f1d8813c619", "SelfIntroduceFileId": "5c59009dfbcb5f1d8813cbf6", "PartyLogo": "https://storage.googleapis.com/candidate-thumbs/party/63.png", "CandididatePhoto": "https://storage.googleapis.com/candidate-thumbs/images/57-6-16.jpg"}, {"Unnamed: 0": 6290, "CandidateId": "b80f6e1b-b288-41f0-b1cb-854d26e63c23", "CandidateNo": 17, "FirstName": "ทินกร", "LastName": "ชัยศิลปิน", "PartyName": "ชาติไทยพัฒนา", "PartyNumber": 55, "Title": "นาย", "Votable": true, "province_id": 57, "province_name": "เชียงราย", "zone_number": 6, "PartyTerminated": false, "Age": 65, "Occupation": "ข้าราชการบำนาญ", "HighestEducation": "ต่ำกว่าปริญญาตรี", "ImageFileId": "5c5a5e86fbcb5f19bca9a459", "SelfIntroduceFileId": "5c5a667dfbcb5f19bca9e304", "PartyLogo": "https://storage.googleapis.com/candidate-thumbs/party/55.png", "CandididatePhoto": "https://storage.googleapis.com/candidate-thumbs/images/57-6-17.jpg"}, {"Unnamed: 0": 6291, "CandidateId": "f1604ce0-0046-42f1-8c8f-a9a3e1ec3d15", "CandidateNo": 18, "FirstName": "จินดา", "LastName": "ทาก่ำ", "PartyName": "มหาชน", "PartyNumber": 4, "Title": "นางสาว", "Votable": true, "province_id": 57, "province_name": "เชียงราย", "zone_number": 6, "PartyTerminated": false, "Age": 39, "Occupation": "รับจ้าง", "HighestEducation": "ต่ำกว่าปริญญาตรี", "ImageFileId": "5c5a9a4dfbcb5f19bcab2325", "SelfIntroduceFileId": "5c5a924cfbcb5f19bcaaef82", "PartyLogo": "https://storage.googleapis.com/candidate-thumbs/party/4.png", "CandididatePhoto": "https://storage.googleapis.com/candidate-thumbs/images/57-6-18.jpg"}, {"Unnamed: 0": 6292, "CandidateId": "d23509c6-d127-4f67-bdd1-ab878e0252ff", "CandidateNo": 19, "FirstName": "เทียนชัย", "LastName": "มอญเพ็ชร", "PartyName": "ประชานิยม", "PartyNumber": 191, "Title": "นาย", "Votable": true, "province_id": 57, "province_name": "เชียงราย", "zone_number": 6, "PartyTerminated": false, "Age": 45, "Occupation": "พนักงานเอกชน", "HighestEducation": "ต่ำกว่าปริญญาตรี", "ImageFileId": "5c5a9c4ffbcb5f19bcab2f67", "SelfIntroduceFileId": "5c5a9786fbcb5f19bcab0eee", "PartyLogo": "https://storage.googleapis.com/candidate-thumbs/party/191.png", "CandididatePhoto": "https://storage.googleapis.com/candidate-thumbs/images/57-6-19.jpg"}, {"Unnamed: 0": 6293, "CandidateId": "aa0f4198-2298-4526-8616-b3f919a07e18", "CandidateNo": 20, "FirstName": "สราวุฒิ", "LastName": "จำนงค์ทรัพย์", "PartyName": "ประชากรไทย", "PartyNumber": 2, "Title": "นาย", "Votable": true, "province_id": 57, "province_name": "เชียงราย", "zone_number": 6, "PartyTerminated": false, "Age": 41, "Occupation": "ธุรกิจส่วนตัว", "HighestEducation": "ปริญญาโท", "ImageFileId": "5c5a9f45fbcb5f19bcab458f", "SelfIntroduceFileId": "5c5aa0d6fbcb5f19bcab4e5f", "PartyLogo": "https://storage.googleapis.com/candidate-thumbs/party/2.png", "CandididatePhoto": "https://storage.googleapis.com/candidate-thumbs/images/57-6-20.jpg"}, {"Unnamed: 0": 6294, "CandidateId": "12f80187-567d-491b-8fc2-6eb898ec8a05", "CandidateNo": 21, "FirstName": "โรจน์รินทร์ภร", "LastName": "วงค์จันน้อย", "PartyName": "พลังปวงชนไทย", "PartyNumber": 184, "Title": "นางสาว", "Votable": true, "province_id": 57, "province_name": "เชียงราย", "zone_number": 6, "PartyTerminated": false, "Age": 30, "Occupation": "เกษตรกร", "HighestEducation": "ปริญญาตรี", "ImageFileId": "5c5bdd4cfbcb5f16fc672494", "SelfIntroduceFileId": "5c5bde48fbcb5f16fc672dc3", "PartyLogo": "https://storage.googleapis.com/candidate-thumbs/party/184.png", "CandididatePhoto": "https://storage.googleapis.com/candidate-thumbs/images/57-6-21.jpg"}, {"Unnamed: 0": 6295, "CandidateId": "76c4cf96-84b5-47e5-9f17-49c56bf60a8e", "CandidateNo": 22, "FirstName": "ธวัชชัย", "LastName": "จันคำ", "PartyName": "ประชาธรรมไทย", "PartyNumber": 190, "Title": "นาย", "Votable": true, "province_id": 57, "province_name": "เชียงราย", "zone_number": 6, "PartyTerminated": false, "Age": 45, "Occupation": "เกษตรกร", "HighestEducation": "ต่ำกว่าปริญญาตรี", "ImageFileId": "5c5be153fbcb5f16fc674756", "SelfIntroduceFileId": "5c5be4c7fbcb5f16fc6760a4", "PartyLogo": "https://storage.googleapis.com/candidate-thumbs/party/190.png", "CandididatePhoto": "https://storage.googleapis.com/candidate-thumbs/images/57-6-22.jpg"}, {"Unnamed: 0": 6296, "CandidateId": "e953d17f-3661-4043-9677-ef63ac88cfd7", "CandidateNo": 23, "FirstName": "สหศุภวิชญ์", "LastName": "ศิริสุภาวรรณ", "PartyName": "ฐานรากไทย", "PartyNumber": 208, "Title": "นาย", "Votable": true, "province_id": 57, "province_name": "เชียงราย", "zone_number": 6, "PartyTerminated": false, "Age": 40, "Occupation": "นักธุรกิจ", "HighestEducation": "ปริญญาตรี", "ImageFileId": "5c5be8a7fbcb5f16fc6783c6", "SelfIntroduceFileId": "5c5be92dfbcb5f16fc67880d", "PartyLogo": "https://storage.googleapis.com/candidate-thumbs/party/208.png", "CandididatePhoto": "https://storage.googleapis.com/candidate-thumbs/images/57-6-23.jpg"}, {"Unnamed: 0": 6297, "CandidateId": "69b73036-f047-45d6-b5e3-b1bef546ada9", "CandidateNo": 24, "FirstName": "ฟ้าสะท้าน", "LastName": "เตวีญะพิรุณฉาน", "PartyName": "พลเมืองไทย", "PartyNumber": 173, "Title": "นาย", "Votable": true, "province_id": 57, "province_name": "เชียงราย", "zone_number": 6, "PartyTerminated": false, "Age": 52, "Occupation": "เกษตรกร", "HighestEducation": "ต่ำกว่าปริญญาตรี", "ImageFileId": "5c5befa3fbcb5f16fc67c3fa", "SelfIntroduceFileId": "5c5bf080fbcb5f16fc67c9cd", "PartyLogo": "https://storage.googleapis.com/candidate-thumbs/party/173.png", "CandididatePhoto": "https://storage.googleapis.com/candidate-thumbs/images/57-6-24.jpg"}, {"Unnamed: 0": 6298, "CandidateId": "c60fcf77-609b-41b3-8d75-d76b68a29804", "CandidateNo": 25, "FirstName": "พัชรดา", "LastName": "ศิริมา", "PartyName": "เศรษฐกิจใหม่", "PartyNumber": 193, "Title": "นางสาว", "Votable": true, "province_id": 57, "province_name": "เชียงราย", "zone_number": 6, "PartyTerminated": false, "Age": 41, "Occupation": "ค้าขาย", "HighestEducation": "ต่ำกว่าปริญญาตรี", "ImageFileId": "5c5bfb93fbcb5f16fc681067", "SelfIntroduceFileId": "5c5bfbfffbcb5f16fc681292", "PartyLogo": "https://storage.googleapis.com/candidate-thumbs/party/193.png", "CandididatePhoto": "https://storage.googleapis.com/candidate-thumbs/images/57-6-25.jpg"}, {"Unnamed: 0": 6299, "CandidateId": "7e6939db-3c17-44a4-af94-aee05cadde8a", "CandidateNo": 26, "FirstName": "ดำรงค์", "LastName": "ตอบุญธง", "PartyName": "พลังครูไทย", "PartyNumber": 210, "Title": "นาย", "Votable": true, "province_id": 57, "province_name": "เชียงราย", "zone_number": 6, "PartyTerminated": false, "Age": 63, "Occupation": "ข้าราชการบำนาญ", "HighestEducation": "ปริญญาโท", "ImageFileId": "5c5bfd7cfbcb5f16fc6817a3", "SelfIntroduceFileId": "5c5bfe7ffbcb5f16fc681ddb", "PartyLogo": "https://storage.googleapis.com/candidate-thumbs/party/210.png", "CandididatePhoto": "https://storage.googleapis.com/candidate-thumbs/images/57-6-26.jpg"}, {"Unnamed: 0": 6300, "CandidateId": "d3aa2062-377f-4e69-8392-fc5ad035d9a7", "CandidateNo": 27, "FirstName": "ศุภมิต", "LastName": "มกรมณเฑียร", "PartyName": "ครูไทยเพื่อประชาชน", "PartyNumber": 118, "Title": "นาย", "Votable": true, "province_id": 57, "province_name": "เชียงราย", "zone_number": 6, "PartyTerminated": false, "Age": 26, "Occupation": "คูรเอกชน", "HighestEducation": "ปริญญาตรี", "ImageFileId": "5c5bf6cefbcb5f16fc67fc2c", "SelfIntroduceFileId": "5c5bf7fcfbcb5f16fc680235", "PartyLogo": "https://storage.googleapis.com/candidate-thumbs/party/118.png", "CandididatePhoto": "https://storage.googleapis.com/candidate-thumbs/images/57-6-27.jpg"}, {"Unnamed: 0": 6301, "CandidateId": "c7ec1242-b784-4e69-9b9b-950e6307f40f", "CandidateNo": 28, "FirstName": "ชาญชัย", "LastName": "เพ่งผล", "PartyName": "เพื่อแผ่นดิน", "PartyNumber": 41, "Title": "นาย", "Votable": true, "province_id": 57, "province_name": "เชียงราย", "zone_number": 6, "PartyTerminated": false, "Age": 73, "Occupation": "พนักงานธนาคาร", "HighestEducation": "ต่ำกว่าปริญญาตรี", "ImageFileId": "5c5bf340fbcb5f16fc67e2bd", "SelfIntroduceFileId": "5c5bf3a2fbcb5f16fc67e686", "PartyLogo": "https://storage.googleapis.com/candidate-thumbs/party/41.png", "CandididatePhoto": "https://storage.googleapis.com/candidate-thumbs/images/57-6-28.jpg"}, {"Unnamed: 0": 6302, "CandidateId": "d94590f4-dca7-4dbd-bf06-ad6ba20ee003", "CandidateNo": 29, "FirstName": "จักรพันธ์", "LastName": "ศิริเขียว", "PartyName": "ชาติพันธุ์ไทย", "PartyNumber": 196, "Title": "นาย", "Votable": true, "province_id": 57, "province_name": "เชียงราย", "zone_number": 6, "PartyTerminated": false, "Age": 37, "Occupation": "รับเหมาก่อสร้าง", "HighestEducation": "ปริญญาตรี", "ImageFileId": "5c5d2435fbcb5f0fd8855ebe", "SelfIntroduceFileId": "5c5d25c3fbcb5f0fd8856c05", "PartyLogo": "https://storage.googleapis.com/candidate-thumbs/party/196.png", "CandididatePhoto": "https://storage.googleapis.com/candidate-thumbs/images/57-6-29.jpg"}, {"Unnamed: 0": 6303, "CandidateId": "4b446bb0-72d1-4148-898d-ae303c8c9702", "CandidateNo": 30, "FirstName": "เกียรติ", "LastName": "จงไพบูลย์กิจ", "PartyName": "แผ่นดินธรรม", "PartyNumber": 188, "Title": "นาย", "Votable": true, "province_id": 57, "province_name": "เชียงราย", "zone_number": 6, "PartyTerminated": false, "Age": 49, "Occupation": "ธุรกิจส่วนตัว", "HighestEducation": "ปริญญาตรี", "ImageFileId": "5c5d2a14fbcb5f0fd8858fbb", "SelfIntroduceFileId": "5c5d2aa0fbcb5f0fd885948e", "PartyLogo": "https://storage.googleapis.com/candidate-thumbs/party/188.png", "CandididatePhoto": "https://storage.googleapis.com/candidate-thumbs/images/57-6-30.jpg"}, {"Unnamed: 0": 6304, "CandidateId": "280c2394-9a70-44ee-b00b-cf07e278c253", "CandidateNo": 31, "FirstName": "กชทรงพล", "LastName": "อยู่อินทร์", "PartyName": "ถิ่นกาขาวชาววิไล", "PartyNumber": 129, "Title": "นาย", "Votable": true, "province_id": 57, "province_name": "เชียงราย", "zone_number": 6, "PartyTerminated": false, "Age": 58, "Occupation": "ธุรกิจส่วนตัว", "HighestEducation": "ต่ำกว่าปริญญาตรี", "ImageFileId": "5c5d2e15fbcb5f0fd885b2e1", "SelfIntroduceFileId": "5c5d2f3ffbcb5f0fd885bc5a", "PartyLogo": "https://storage.googleapis.com/candidate-thumbs/party/129.png", "CandididatePhoto": "https://storage.googleapis.com/candidate-thumbs/images/57-6-31.jpg"}, {"Unnamed: 0": 6305, "CandidateId": "d35c4662-6b95-4464-ae05-df6a21acc957", "CandidateNo": 32, "FirstName": "อภิชาญ", "LastName": "อินธรัตนชาติ", "PartyName": "ผึ้งหลวง", "PartyNumber": 164, "Title": "นาย", "Votable": true, "province_id": 57, "province_name": "เชียงราย", "zone_number": 6, "PartyTerminated": false, "Age": 57, "Occupation": "ธุรกิจส่วนตัว", "HighestEducation": "ปริญญาโท", "ImageFileId": "5c5d4350fbcb5f0fd8867074", "SelfIntroduceFileId": "5c5d46a9fbcb5f0fd8869389", "PartyLogo": "https://storage.googleapis.com/candidate-thumbs/party/164.png", "CandididatePhoto": "https://storage.googleapis.com/candidate-thumbs/images/57-6-32.jpg"}, {"Unnamed: 0": 6306, "CandidateId": "a19b5e71-7c45-483a-be0b-347ac2f5363e", "CandidateNo": 33, "FirstName": "สุวิทย์", "LastName": "กาศอุดม", "PartyName": "ไทรักธรรม", "PartyNumber": 144, "Title": "ร้อยตำรวจตรี", "Votable": true, "province_id": 57, "province_name": "เชียงราย", "zone_number": 6, "PartyTerminated": false, "Age": 71, "Occupation": "ข้าราชการบำนาญ", "HighestEducation": "ต่ำกว่าปริญญาตรี", "ImageFileId": "5c5d4f96fbcb5f0fd886f66e", "SelfIntroduceFileId": "5c5d522efbcb5f0fd8871081", "PartyLogo": "https://storage.googleapis.com/candidate-thumbs/party/144.png", "CandididatePhoto": "https://storage.googleapis.com/candidate-thumbs/images/57-6-33.jpg"}, {"Unnamed: 0": 6307, "CandidateId": "59754c5e-1009-4d9e-86e3-390226e02033", "CandidateNo": 34, "FirstName": "ภัทราพร", "LastName": "โปราหา", "PartyName": "พลังไทยรักไทย", "PartyNumber": 185, "Title": "นางสาว", "Votable": true, "province_id": 57, "province_name": "เชียงราย", "zone_number": 6, "PartyTerminated": false, "Age": 38, "Occupation": "ธุรกิจ", "HighestEducation": "ปริญญาตรี", "ImageFileId": "5c5d5319fbcb5f0fd8871d19", "SelfIntroduceFileId": "5c5d55b5fbcb5f0fd887449d", "PartyLogo": "https://storage.googleapis.com/candidate-thumbs/party/185.png", "CandididatePhoto": "https://storage.googleapis.com/candidate-thumbs/images/57-6-34.jpg"}]