[{"Unnamed: 0": 2110, "CandidateId": "52d5d0cb-e394-4ee2-b89f-353f0967dcd5", "CandidateNo": 1, "FirstName": "ลำพูน", "LastName": "มูลสุวรรณ", "PartyName": "รวมพลังประชาชาติไทย", "PartyNumber": 181, "Title": "จ่าสิบตำรวจ", "Votable": true, "province_id": 42, "province_name": "เลย", "zone_number": 3, "PartyTerminated": false, "Age": 62, "Occupation": "ข้าราชการบำนาญ", "HighestEducation": "ปริญญาโท", "ImageFileId": "5c73ec3afbcb5f07d85d6bc1", "SelfIntroduceFileId": "5c57d3c8fbcb5f1eec0ddb0e", "PartyLogo": "https://storage.googleapis.com/candidate-thumbs/party/181.png", "CandididatePhoto": "https://storage.googleapis.com/candidate-thumbs/images/42-3-1.jpg"}, {"Unnamed: 0": 2111, "CandidateId": "60f33a89-29c6-4a67-80c6-db605c07d459", "CandidateNo": 2, "FirstName": "ปรีชา", "LastName": "เร่งสมบูรณ์สุข", "PartyName": "พลังประชารัฐ", "PartyNumber": 192, "Title": "นาย", "Votable": true, "province_id": 42, "province_name": "เลย", "zone_number": 3, "PartyTerminated": false, "Age": 61, "Occupation": "นักการเมือง", "HighestEducation": "ปริญญาโท", "ImageFileId": "5c74c549fbcb5f09fc959ba4", "SelfIntroduceFileId": "5c57db49fbcb5f1eec0dffad", "PartyLogo": "https://storage.googleapis.com/candidate-thumbs/party/192.png", "CandididatePhoto": "https://storage.googleapis.com/candidate-thumbs/images/42-3-2.jpg"}, {"Unnamed: 0": 2112, "CandidateId": "5a496484-6029-4e0b-83da-2871dacecbcd", "CandidateNo": 3, "FirstName": "ประจักษ์", "LastName": "ปัญญาคำ", "PartyName": "พลังปวงชนไทย", "PartyNumber": 184, "Title": "นาย", "Votable": true, "province_id": 42, "province_name": "เลย", "zone_number": 3, "PartyTerminated": false, "Age": 51, "Occupation": "นักการเมืองท้องถิ่น", "HighestEducation": "ปริญญาตรี", "ImageFileId": "5c74c57afbcb5f09fc959bc8", "SelfIntroduceFileId": "5c57e158fbcb5f1eec0e2582", "PartyLogo": "https://storage.googleapis.com/candidate-thumbs/party/184.png", "CandididatePhoto": "https://storage.googleapis.com/candidate-thumbs/images/42-3-3.jpg"}, {"Unnamed: 0": 2113, "CandidateId": "d6bf0ea8-f789-46ab-bb44-9921b2d81feb", "CandidateNo": 4, "FirstName": "ธนยศ", "LastName": "ทิมสุวรรณ", "PartyName": "ภูมิใจไทย", "PartyNumber": 63, "Title": "นาย", "Votable": true, "province_id": 42, "province_name": "เลย", "zone_number": 3, "PartyTerminated": false, "Age": 28, "Occupation": "นักธุรกิจ", "HighestEducation": "ปริญญาโท", "ImageFileId": "5c74c59afbcb5f09fc959bce", "SelfIntroduceFileId": "5c57eb4cfbcb5f1eec0e7500", "PartyLogo": "https://storage.googleapis.com/candidate-thumbs/party/63.png", "CandididatePhoto": "https://storage.googleapis.com/candidate-thumbs/images/42-3-4.jpg"}, {"Unnamed: 0": 2114, "CandidateId": "8565939d-62f4-40b3-9653-4a0cf4e50a54", "CandidateNo": 5, "FirstName": "สันติภาพ", "LastName": "เชื้อบุญมี", "PartyName": "เพื่อไทย", "PartyNumber": 34, "Title": "นาย", "Votable": true, "province_id": 42, "province_name": "เลย", "zone_number": 3, "PartyTerminated": false, "Age": 54, "Occupation": "นักการเมืองท้องถิ่น", "HighestEducation": "ปริญญาโท", "ImageFileId": "5c74c5b5fbcb5f09fc959bd3", "SelfIntroduceFileId": "5c57f8b2fbcb5f1eec0ef8d2", "PartyLogo": "https://storage.googleapis.com/candidate-thumbs/party/34.png", "CandididatePhoto": "https://storage.googleapis.com/candidate-thumbs/images/42-3-5.jpg"}, {"Unnamed: 0": 2115, "CandidateId": "83834390-bb51-4364-90bd-8ae1d500d602", "CandidateNo": 6, "FirstName": "อนุสรณ์์", "LastName": "ช้างอินทร์", "PartyName": "ประชาชาติ", "PartyNumber": 187, "Title": "นาย", "Votable": true, "province_id": 42, "province_name": "เลย", "zone_number": 3, "PartyTerminated": false, "Age": 36, "Occupation": "ผู้รับจ้างงานบาดาล", "HighestEducation": "ปริญญาตรี", "ImageFileId": "5c74c5d7fbcb5f09fc959bd8", "SelfIntroduceFileId": "5c57f5acfbcb5f1eec0edae5", "PartyLogo": "https://storage.googleapis.com/candidate-thumbs/party/187.png", "CandididatePhoto": "https://storage.googleapis.com/candidate-thumbs/images/42-3-6.jpg"}, {"Unnamed: 0": 2116, "CandidateId": "9e95ef8f-83f9-4641-be8b-bd82c57a11f6", "CandidateNo": 7, "FirstName": "ธิติ", "LastName": "พุทธิมา", "PartyName": "พลังธรรมใหม่", "PartyNumber": 175, "Title": "นาย", "Votable": true, "province_id": 42, "province_name": "เลย", "zone_number": 3, "PartyTerminated": false, "Age": 40, "Occupation": "พนักงานบริษัท", "HighestEducation": "ปริญญาตรี", "ImageFileId": "5c74c5fefbcb5f09fc959bed", "SelfIntroduceFileId": "5c57fb76fbcb5f1eec0f1a56", "PartyLogo": "https://storage.googleapis.com/candidate-thumbs/party/175.png", "CandididatePhoto": "https://storage.googleapis.com/candidate-thumbs/images/42-3-7.jpg"}, {"Unnamed: 0": 2117, "CandidateId": "80107ae5-9f63-4413-9d43-278db3202265", "CandidateNo": 8, "FirstName": "วิลาสินี", "LastName": "เดชบำรุง", "PartyName": "ประชาชนปฏิรูป", "PartyNumber": 176, "Title": "นางสาว", "Votable": true, "province_id": 42, "province_name": "เลย", "zone_number": 3, "PartyTerminated": false, "Age": 33, "Occupation": "ค้าขาย", "HighestEducation": "ต่ำกว่าปริญญาตรี", "ImageFileId": "5c57fea0fbcb5f1eec0f4b6c", "SelfIntroduceFileId": "5c57fe82fbcb5f1eec0f4955", "PartyLogo": "https://storage.googleapis.com/candidate-thumbs/party/176.png", "CandididatePhoto": "https://storage.googleapis.com/candidate-thumbs/images/42-3-8.jpg"}, {"Unnamed: 0": 2118, "CandidateId": "2e608c73-2308-4d54-824c-cd161180d180", "CandidateNo": 9, "FirstName": "บุญแช่ม", "LastName": "ดู่ป้อง", "PartyName": "เสรีรวมไทย", "PartyNumber": 145, "Title": "นาย", "Votable": true, "province_id": 42, "province_name": "เลย", "zone_number": 3, "PartyTerminated": false, "Age": 60, "Occupation": "ข้าราชการบำนาญ", "HighestEducation": "ปริญญาเอก", "ImageFileId": "5c5802e7fbcb5f1eec0f8698", "SelfIntroduceFileId": "5c5802c4fbcb5f1eec0f848c", "PartyLogo": "https://storage.googleapis.com/candidate-thumbs/party/145.png", "CandididatePhoto": "https://storage.googleapis.com/candidate-thumbs/images/42-3-9.jpg"}, {"Unnamed: 0": 2119, "CandidateId": "ff340703-9932-4732-b6b5-c69fd3c81130", "CandidateNo": 10, "FirstName": "สุทธิวรรณ", "LastName": "มณีศิวฐานิดา", "PartyName": "พลังไทยรักไทย", "PartyNumber": 185, "Title": "นางสาว", "Votable": true, "province_id": 42, "province_name": "เลย", "zone_number": 3, "PartyTerminated": false, "Age": 61, "Occupation": "ข้าราชการนอกประจำการ", "HighestEducation": "ปริญญาตรี", "ImageFileId": "5c74c639fbcb5f09fc959bf3", "SelfIntroduceFileId": "5c5806fffbcb5f1eec0fc066", "PartyLogo": "https://storage.googleapis.com/candidate-thumbs/party/185.png", "CandididatePhoto": "https://storage.googleapis.com/candidate-thumbs/images/42-3-10.jpg"}, {"Unnamed: 0": 2120, "CandidateId": "3a92a326-522e-4f7b-9503-2271a32c93c8", "CandidateNo": 11, "FirstName": "หนูซิน", "LastName": "ม่วงจำปา", "PartyName": "รักษ์ผืนป่าประเทศไทย", "PartyNumber": 133, "Title": "นาง", "Votable": true, "province_id": 42, "province_name": "เลย", "zone_number": 3, "PartyTerminated": false, "Age": 62, "Occupation": "รับจ้าง", "HighestEducation": "ต่ำกว่าปริญญาตรี", "ImageFileId": "5c58099cfbcb5f1eec0fe139", "SelfIntroduceFileId": "5c593d02fbcb5f1d8816b0b6", "PartyLogo": "https://storage.googleapis.com/candidate-thumbs/party/133.png", "CandididatePhoto": "https://storage.googleapis.com/candidate-thumbs/images/42-3-11.jpg"}, {"Unnamed: 0": 2121, "CandidateId": "26d452a1-1702-424d-8807-1afec8784e55", "CandidateNo": 12, "FirstName": "สุรยุทธ", "LastName": "สุระท้าว", "PartyName": "อนาคตใหม่", "PartyNumber": 177, "Title": "นาย", "Votable": true, "province_id": 42, "province_name": "เลย", "zone_number": 3, "PartyTerminated": false, "Age": 52, "Occupation": "นักการเมืองท้องถิ่น", "HighestEducation": "ปริญญาโท", "ImageFileId": "5c580c3afbcb5f1eec100176", "SelfIntroduceFileId": "5c580c15fbcb5f1eec0fff66", "PartyLogo": "https://storage.googleapis.com/candidate-thumbs/party/177.png", "CandididatePhoto": "https://storage.googleapis.com/candidate-thumbs/images/42-3-12.jpg"}, {"Unnamed: 0": 2122, "CandidateId": "edc6bd8d-5b81-4f63-b0e0-9174bc115df5", "CandidateNo": 13, "FirstName": "มงคล", "LastName": "มงคลบุราณ", "PartyName": "ชาติพัฒนา", "PartyNumber": 45, "Title": "นาย", "Votable": true, "province_id": 42, "province_name": "เลย", "zone_number": 3, "PartyTerminated": false, "Age": 69, "Occupation": "รับราชการครู", "HighestEducation": "ปริญญาตรี", "ImageFileId": "5c58100efbcb5f1eec102e47", "SelfIntroduceFileId": "5c580fd1fbcb5f1eec102b55", "PartyLogo": "https://storage.googleapis.com/candidate-thumbs/party/45.png", "CandididatePhoto": "https://storage.googleapis.com/candidate-thumbs/images/42-3-13.jpg"}, {"Unnamed: 0": 2123, "CandidateId": "146a735e-15ff-474d-937a-22b1aefc1fb8", "CandidateNo": 14, "FirstName": "สุเมธ", "LastName": "เหมือนศรีชัย", "PartyName": "เพื่อนไทย", "PartyNumber": 179, "Title": "นาย", "Votable": false, "province_id": 42, "province_name": "เลย", "zone_number": 3, "PartyTerminated": false, "Age": 77, "Occupation": "พนักงานการสื่อสารแห่งประเทศไทย", "HighestEducation": "ต่ำกว่าปริญญาตรี", "ImageFileId": "5c74c678fbcb5f09fc959c07", "SelfIntroduceFileId": "5c5812b2fbcb5f1eec1045c2", "PartyLogo": "https://storage.googleapis.com/candidate-thumbs/party/179.png", "CandididatePhoto": "https://storage.googleapis.com/candidate-thumbs/images/42-3-14.jpg"}, {"Unnamed: 0": 2124, "CandidateId": "65712895-7175-49a2-823a-b1c4b519aef2", "CandidateNo": 15, "FirstName": "กันตร์ฤทัย", "LastName": "จันสุราช", "PartyName": "ประชานิยม", "PartyNumber": 191, "Title": "นาง", "Votable": true, "province_id": 42, "province_name": "เลย", "zone_number": 3, "PartyTerminated": false, "Age": 32, "Occupation": "เกษตรกร", "HighestEducation": "ปริญญาตรี", "ImageFileId": "5c74c690fbcb5f09fc959c0d", "SelfIntroduceFileId": "5c5814f8fbcb5f1eec105839", "PartyLogo": "https://storage.googleapis.com/candidate-thumbs/party/191.png", "CandididatePhoto": "https://storage.googleapis.com/candidate-thumbs/images/42-3-15.jpg"}, {"Unnamed: 0": 2125, "CandidateId": "c3e6e461-29fc-41e4-81f3-4038bbf476a8", "CandidateNo": 16, "FirstName": "อดุลย์วิชญเดช", "LastName": "ติยะบุตร", "PartyName": "ประชาธิปัตย์", "PartyNumber": 1, "Title": "นาย", "Votable": true, "province_id": 42, "province_name": "เลย", "zone_number": 3, "PartyTerminated": false, "Age": 56, "Occupation": "นักธุรกิจ", "HighestEducation": "ปริญญาเอก", "ImageFileId": "5c74c6a9fbcb5f09fc959c12", "SelfIntroduceFileId": "5c581760fbcb5f1eec106b92", "PartyLogo": "https://storage.googleapis.com/candidate-thumbs/party/1.png", "CandididatePhoto": "https://storage.googleapis.com/candidate-thumbs/images/42-3-16.jpg"}, {"Unnamed: 0": 2126, "CandidateId": "3fe13372-34c1-43ff-97c5-d6a505be8247", "CandidateNo": 17, "FirstName": "บรรชา", "LastName": "พานทองสิม", "PartyName": "ประชาธรรมไทย", "PartyNumber": 190, "Title": "นาย", "Votable": true, "province_id": 42, "province_name": "เลย", "zone_number": 3, "PartyTerminated": false, "Age": 58, "Occupation": "ข้าราชการครู", "HighestEducation": "ปริญญาโท", "ImageFileId": "5c58fe16fbcb5f1d8813ab97", "SelfIntroduceFileId": "5c590a62fbcb5f1d881446b7", "PartyLogo": "https://storage.googleapis.com/candidate-thumbs/party/190.png", "CandididatePhoto": "https://storage.googleapis.com/candidate-thumbs/images/42-3-17.jpg"}, {"Unnamed: 0": 2127, "CandidateId": "199b8f77-f1b8-43e3-9437-db194be56b63", "CandidateNo": 18, "FirstName": "วีระวิทย์", "LastName": "ยะโสธร", "PartyName": "เพื่อแผ่นดิน", "PartyNumber": 41, "Title": "นาย", "Votable": true, "province_id": 42, "province_name": "เลย", "zone_number": 3, "PartyTerminated": false, "Age": 31, "Occupation": "ผู้จัดการโรงเรียนเพลินจิตพัฒนา", "HighestEducation": "ปริญญาโท", "ImageFileId": "5c590fe7fbcb5f1d8814977b", "SelfIntroduceFileId": "5c5911e4fbcb5f1d8814b3dc", "PartyLogo": "https://storage.googleapis.com/candidate-thumbs/party/41.png", "CandididatePhoto": "https://storage.googleapis.com/candidate-thumbs/images/42-3-18.jpg"}, {"Unnamed: 0": 2128, "CandidateId": "2355ce16-0fb9-40e0-9440-3590900db951", "CandidateNo": 19, "FirstName": "เอกวิทย์", "LastName": "สายแก้วเทศ", "PartyName": "ชาติไทยพัฒนา", "PartyNumber": 55, "Title": "นาย", "Votable": true, "province_id": 42, "province_name": "เลย", "zone_number": 3, "PartyTerminated": false, "Age": 70, "Occupation": "เกษตรกร", "HighestEducation": "ต่ำกว่าปริญญาตรี", "ImageFileId": "5c5916ddfbcb5f1d8814ef44", "SelfIntroduceFileId": "5c591975fbcb5f1d88150407", "PartyLogo": "https://storage.googleapis.com/candidate-thumbs/party/55.png", "CandididatePhoto": "https://storage.googleapis.com/candidate-thumbs/images/42-3-19.jpg"}, {"Unnamed: 0": 2129, "CandidateId": "5d01cad9-10fb-46a5-a8a7-b6a8ded381f5", "CandidateNo": 20, "FirstName": "สมพร", "LastName": "ศรีบุญ", "PartyName": "ครูไทยเพื่อประชาชน", "PartyNumber": 118, "Title": "นาย", "Votable": true, "province_id": 42, "province_name": "เลย", "zone_number": 3, "PartyTerminated": false, "Age": 64, "Occupation": "ข้าราชการบำนาญ", "HighestEducation": "ปริญญาตรี", "ImageFileId": "5c5a70f2fbcb5f19bcaa082f", "SelfIntroduceFileId": "5c5a77dafbcb5f19bcaa2bcf", "PartyLogo": "https://storage.googleapis.com/candidate-thumbs/party/118.png", "CandididatePhoto": "https://storage.googleapis.com/candidate-thumbs/images/42-3-20.jpg"}, {"Unnamed: 0": 2130, "CandidateId": "72164104-a84b-4bf2-9b37-7c93546c24f6", "CandidateNo": 21, "FirstName": "วิรอน", "LastName": "รุจิไชยวัฒน์", "PartyName": "สามัญชน", "PartyNumber": 209, "Title": "นาง", "Votable": true, "province_id": 42, "province_name": "เลย", "zone_number": 3, "PartyTerminated": false, "Age": 48, "Occupation": "เกษตรกร", "HighestEducation": "ต่ำกว่าปริญญาตรี", "ImageFileId": "5c5a8930fbcb5f19bcaaa87d", "SelfIntroduceFileId": "5c5a8aa9fbcb5f19bcaab544", "PartyLogo": "https://storage.googleapis.com/candidate-thumbs/party/209.png", "CandididatePhoto": "https://storage.googleapis.com/candidate-thumbs/images/42-3-21.jpg"}, {"Unnamed: 0": 2131, "CandidateId": "f3684776-c7fd-465c-ba77-0ef129c52e0a", "CandidateNo": 22, "FirstName": "บรรทม", "LastName": "ศรีบุรินทร์", "PartyName": "ประชากรไทย", "PartyNumber": 2, "Title": "นาง", "Votable": true, "province_id": 42, "province_name": "เลย", "zone_number": 3, "PartyTerminated": false, "Age": 62, "Occupation": "ผู้ใหญ่บ้าน", "HighestEducation": "ต่ำกว่าปริญญาตรี", "ImageFileId": "5c5a8fa5fbcb5f19bcaad91f", "SelfIntroduceFileId": "5c5a9180fbcb5f19bcaae9c7", "PartyLogo": "https://storage.googleapis.com/candidate-thumbs/party/2.png", "CandididatePhoto": "https://storage.googleapis.com/candidate-thumbs/images/42-3-22.jpg"}, {"Unnamed: 0": 2132, "CandidateId": "c785ea97-1a22-447e-a23a-0098035137dd", "CandidateNo": 23, "FirstName": "สุริยา", "LastName": "เจริญสว่าง", "PartyName": "พลังท้องถิ่นไท", "PartyNumber": 124, "Title": "นาย", "Votable": true, "province_id": 42, "province_name": "เลย", "zone_number": 3, "PartyTerminated": false, "Age": 48, "Occupation": "ผู้จัดการโรงเรียนอนุบาลเจริญสว่าง (เอกชน)", "HighestEducation": "ปริญญาตรี", "ImageFileId": "5c5bcd69fbcb5f16fc66a892", "SelfIntroduceFileId": "5c5bcef8fbcb5f16fc66b45a", "PartyLogo": "https://storage.googleapis.com/candidate-thumbs/party/124.png", "CandididatePhoto": "https://storage.googleapis.com/candidate-thumbs/images/42-3-23.jpg"}, {"Unnamed: 0": 2133, "CandidateId": "9ceae045-c590-4b8d-94a6-c1280dc96295", "CandidateNo": 24, "FirstName": "จิราภรณ์", "LastName": "ชูเลิศ", "PartyName": "พลังชาติไทย", "PartyNumber": 186, "Title": "นาง", "Votable": true, "province_id": 42, "province_name": "เลย", "zone_number": 3, "PartyTerminated": false, "Age": 30, "Occupation": "ค้าขาย", "HighestEducation": "ปริญญาตรี", "ImageFileId": "5c5bfc88fbcb5f16fc68149c", "SelfIntroduceFileId": "5c5bfdaefbcb5f16fc681857", "PartyLogo": "https://storage.googleapis.com/candidate-thumbs/party/186.png", "CandididatePhoto": "https://storage.googleapis.com/candidate-thumbs/images/42-3-24.jpg"}, {"Unnamed: 0": 2134, "CandidateId": "b8b55255-75fa-45bd-aec1-0292a9f2e1b3", "CandidateNo": 25, "FirstName": "วชิระ", "LastName": "พรหมเมตตา", "PartyName": "ไทยศรีวิไลย์", "PartyNumber": 180, "Title": "นาย", "Votable": true, "province_id": 42, "province_name": "เลย", "zone_number": 3, "PartyTerminated": false, "Age": 28, "Occupation": "ธุรกิจส่วนตัว", "HighestEducation": "ต่ำกว่าปริญญาตรี", "ImageFileId": "5c5cf1e1fbcb5f16fc68fac4", "SelfIntroduceFileId": "5c5cf6b1fbcb5f0fd8843942", "PartyLogo": "https://storage.googleapis.com/candidate-thumbs/party/180.png", "CandididatePhoto": "https://storage.googleapis.com/candidate-thumbs/images/42-3-25.jpg"}, {"Unnamed: 0": 2135, "CandidateId": "cd822b19-d0d2-4fed-adb7-5115607b2227", "CandidateNo": 26, "FirstName": "สุวัฒน์", "LastName": "เคณาภูมิ", "PartyName": "ประชาภิวัฒน์", "PartyNumber": 172, "Title": "นาย", "Votable": true, "province_id": 42, "province_name": "เลย", "zone_number": 3, "PartyTerminated": false, "Age": 73, "Occupation": "ธุรกิจ cci", "HighestEducation": "ปริญญาโท", "ImageFileId": "5c74c71cfbcb5f09fc959c44", "SelfIntroduceFileId": "5c5cff6afbcb5f0fd8847b18", "PartyLogo": "https://storage.googleapis.com/candidate-thumbs/party/172.png", "CandididatePhoto": "https://storage.googleapis.com/candidate-thumbs/images/42-3-26.jpg"}, {"Unnamed: 0": 2136, "CandidateId": "97e0f7bf-04a8-4d14-b089-d9aba1de1f2f", "CandidateNo": 27, "FirstName": "ลักขณา", "LastName": "สันสา", "PartyName": "มหาชน", "PartyNumber": 4, "Title": "นาง", "Votable": true, "province_id": 42, "province_name": "เลย", "zone_number": 3, "PartyTerminated": false, "Age": 43, "Occupation": "รับจ้าง", "HighestEducation": "ต่ำกว่าปริญญาตรี", "ImageFileId": "5c5d28d5fbcb5f0fd8858511", "SelfIntroduceFileId": "5c5d29a8fbcb5f0fd8858c78", "PartyLogo": "https://storage.googleapis.com/candidate-thumbs/party/4.png", "CandididatePhoto": "https://storage.googleapis.com/candidate-thumbs/images/42-3-27.jpg"}, {"Unnamed: 0": 2137, "CandidateId": "b431fea7-4f1c-4632-a19a-c2256510bbff", "CandidateNo": 28, "FirstName": "ธวัชชัย", "LastName": "อินธิราช", "PartyName": "เพื่อชาติ", "PartyNumber": 149, "Title": "นาย", "Votable": true, "province_id": 42, "province_name": "เลย", "zone_number": 3, "PartyTerminated": false, "Age": 46, "Occupation": "ค้าขาย", "HighestEducation": "ปริญญาตรี", "ImageFileId": "5c5d3d68fbcb5f0fd886313e", "SelfIntroduceFileId": "5c5d3f94fbcb5f0fd886482f", "PartyLogo": "https://storage.googleapis.com/candidate-thumbs/party/149.png", "CandididatePhoto": "https://storage.googleapis.com/candidate-thumbs/images/42-3-28.jpg"}, {"Unnamed: 0": 2138, "CandidateId": "30b83935-62cb-4d6f-9e21-eb912de58833", "CandidateNo": 29, "FirstName": "สายสุณี", "LastName": "วิเศษโวหาร", "PartyName": "ภาคีเครือข่ายไทย", "PartyNumber": 211, "Title": "นางสาว", "Votable": true, "province_id": 42, "province_name": "เลย", "zone_number": 3, "PartyTerminated": false, "Age": 40, "Occupation": "อิสระ", "HighestEducation": "ปริญญาตรี", "ImageFileId": "5c5d3fbafbcb5f0fd88649cd", "SelfIntroduceFileId": "5c5d4085fbcb5f0fd8865535", "PartyLogo": "https://storage.googleapis.com/candidate-thumbs/party/211.png", "CandididatePhoto": "https://storage.googleapis.com/candidate-thumbs/images/42-3-29.jpg"}, {"Unnamed: 0": 2139, "CandidateId": "5e719240-d9f9-47d3-93a9-6d89b851cc02", "CandidateNo": 30, "FirstName": "ชูชาติ", "LastName": "น้อยคุ้ม", "PartyName": "ผึ้งหลวง", "PartyNumber": 164, "Title": "นาย", "Votable": true, "province_id": 42, "province_name": "เลย", "zone_number": 3, "PartyTerminated": false, "Age": 60, "Occupation": "ทนายความ", "HighestEducation": "ปริญญาตรี", "ImageFileId": "5c5d41defbcb5f0fd8866297", "SelfIntroduceFileId": "5c5d42e5fbcb5f0fd8866cef", "PartyLogo": "https://storage.googleapis.com/candidate-thumbs/party/164.png", "CandididatePhoto": "https://storage.googleapis.com/candidate-thumbs/images/42-3-30.jpg"}, {"Unnamed: 0": 2140, "CandidateId": "46ba527e-69a8-45f3-ac74-a4ec5d3eb6c9", "CandidateNo": 31, "FirstName": "ประพัฒน์พงศ์", "LastName": "สืบสาย", "PartyName": "พลเมืองไทย", "PartyNumber": 173, "Title": "นาย", "Votable": true, "province_id": 42, "province_name": "เลย", "zone_number": 3, "PartyTerminated": false, "Age": 63, "Occupation": "รับราชการ", "HighestEducation": "ปริญญาตรี", "ImageFileId": "5c74c751fbcb5f09fc959c4d", "SelfIntroduceFileId": "5c5d4b60fbcb5f0fd886cbe1", "PartyLogo": "https://storage.googleapis.com/candidate-thumbs/party/173.png", "CandididatePhoto": "https://storage.googleapis.com/candidate-thumbs/images/42-3-31.jpg"}, {"Unnamed: 0": 2141, "CandidateId": "67a1c0dc-f28b-4a6c-a26c-fb2009ae4359", "CandidateNo": 32, "FirstName": "บุษบา", "LastName": "ไขมีเพ็ชร", "PartyName": "รักท้องถิ่นไทย", "PartyNumber": 162, "Title": "นางสาว", "Votable": true, "province_id": 42, "province_name": "เลย", "zone_number": 3, "PartyTerminated": false, "Age": 40, "Occupation": "ธุรกิจส่วนตัว", "HighestEducation": "ปริญญาตรี", "ImageFileId": "5c5d51e3fbcb5f0fd8870e24", "SelfIntroduceFileId": "5c5d5321fbcb5f0fd8871e7e", "PartyLogo": "https://storage.googleapis.com/candidate-thumbs/party/162.png", "CandididatePhoto": "https://storage.googleapis.com/candidate-thumbs/images/42-3-32.jpg"}, {"Unnamed: 0": 2142, "CandidateId": "a2825ad0-3958-4501-939f-a4e91322da84", "CandidateNo": 33, "FirstName": "ธณน", "LastName": "นิยะโมสถ", "PartyName": "แทนคุณแผ่นดิน", "PartyNumber": 53, "Title": "นาย", "Votable": true, "province_id": 42, "province_name": "เลย", "zone_number": 3, "PartyTerminated": false, "Age": 57, "Occupation": "เกษตรกร", "HighestEducation": "ต่ำกว่าปริญญาตรี", "ImageFileId": "5c74c761fbcb5f11d01daa5d", "SelfIntroduceFileId": "5c5d5773fbcb5f0fd887598f", "PartyLogo": "https://storage.googleapis.com/candidate-thumbs/party/53.png", "CandididatePhoto": "https://storage.googleapis.com/candidate-thumbs/images/42-3-33.jpg"}]