[{"Unnamed: 0": 6170, "CandidateId": "c56e1a25-ce1b-4d8c-a9df-b968a63e2475", "CandidateNo": 1, "FirstName": "บุญถิ่น", "LastName": "นวลใหม่", "PartyName": "พลังประชารัฐ", "PartyNumber": 192, "Title": "นาย", "Votable": true, "province_id": 57, "province_name": "เชียงราย", "zone_number": 3, "PartyTerminated": false, "Age": 56, "Occupation": "ทนายความ", "HighestEducation": "ปริญญาโท", "ImageFileId": "5c57c8f9fbcb5f1eec0db462", "SelfIntroduceFileId": "5c57dd50fbcb5f1eec0e0cbd", "PartyLogo": "https://storage.googleapis.com/candidate-thumbs/party/192.png", "CandididatePhoto": "https://storage.googleapis.com/candidate-thumbs/images/57-3-1.jpg"}, {"Unnamed: 0": 6171, "CandidateId": "a564f22b-0031-4e3d-a1d1-9ad8b6dd35d8", "CandidateNo": 2, "FirstName": "พิมพ์ประภา", "LastName": "กันทาซาว", "PartyName": "ประชาภิวัฒน์", "PartyNumber": 172, "Title": "นางสาว", "Votable": true, "province_id": 57, "province_name": "เชียงราย", "zone_number": 3, "PartyTerminated": false, "Age": 50, "Occupation": "เกษตรกร", "HighestEducation": "ต่ำกว่าปริญญาตรี", "ImageFileId": "5c57e24efbcb5f1eec0e2b8c", "SelfIntroduceFileId": "5c57e52efbcb5f1eec0e410e", "PartyLogo": "https://storage.googleapis.com/candidate-thumbs/party/172.png", "CandididatePhoto": "https://storage.googleapis.com/candidate-thumbs/images/57-3-2.jpg"}, {"Unnamed: 0": 6172, "CandidateId": "9be0a4bb-76a3-408e-ad9d-77f280052d62", "CandidateNo": 3, "FirstName": "นิเทศน์", "LastName": "คำเป็ก", "PartyName": "ภราดรภาพ", "PartyNumber": 154, "Title": "นาย", "Votable": true, "province_id": 57, "province_name": "เชียงราย", "zone_number": 3, "PartyTerminated": false, "Age": 69, "Occupation": "เกษตรกร", "HighestEducation": "ต่ำกว่าปริญญาตรี", "ImageFileId": "5c57e56efbcb5f1eec0e4375", "SelfIntroduceFileId": "5c57eb6dfbcb5f1eec0e76c0", "PartyLogo": "https://storage.googleapis.com/candidate-thumbs/party/154.png", "CandididatePhoto": "https://storage.googleapis.com/candidate-thumbs/images/57-3-3.jpg"}, {"Unnamed: 0": 6173, "CandidateId": "4860767b-8aa3-40eb-a11c-05347208cd0a", "CandidateNo": 4, "FirstName": "เจริญ", "LastName": "บุญเลิศ", "PartyName": "อนาคตใหม่", "PartyNumber": 177, "Title": "นาย", "Votable": true, "province_id": 57, "province_name": "เชียงราย", "zone_number": 3, "PartyTerminated": false, "Age": 52, "Occupation": "ธุรกิจส่วนตัว", "HighestEducation": "ปริญญาตรี", "ImageFileId": "5c57f19dfbcb5f1eec0eb0f7", "SelfIntroduceFileId": "5c57f48cfbcb5f1eec0ecdec", "PartyLogo": "https://storage.googleapis.com/candidate-thumbs/party/177.png", "CandididatePhoto": "https://storage.googleapis.com/candidate-thumbs/images/57-3-4.jpg"}, {"Unnamed: 0": 6174, "CandidateId": "81851bb9-9cb1-403e-84e9-4d6a9d5e71fb", "CandidateNo": 5, "FirstName": "ชัยชนะ", "LastName": "สุวรรณเชษฐา", "PartyName": "พลังท้องถิ่นไท", "PartyNumber": 124, "Title": "นาย", "Votable": true, "province_id": 57, "province_name": "เชียงราย", "zone_number": 3, "PartyTerminated": false, "Age": 65, "Occupation": "รับจ้าง, ค้าขาย", "HighestEducation": "ต่ำกว่าปริญญาตรี", "ImageFileId": "5c57f51bfbcb5f1eec0ed3f2", "SelfIntroduceFileId": "5c57f98cfbcb5f1eec0efff7", "PartyLogo": "https://storage.googleapis.com/candidate-thumbs/party/124.png", "CandididatePhoto": "https://storage.googleapis.com/candidate-thumbs/images/57-3-5.jpg"}, {"Unnamed: 0": 6175, "CandidateId": "df10d9bf-205e-4687-8cf5-a64be4dee985", "CandidateNo": 6, "FirstName": "ทองรัก", "LastName": "อธิกุลสินธ์", "PartyName": "ชาติพัฒนา", "PartyNumber": 45, "Title": "นาย", "Votable": true, "province_id": 57, "province_name": "เชียงราย", "zone_number": 3, "PartyTerminated": false, "Age": 62, "Occupation": "นักการเมือง", "HighestEducation": "ปริญญาตรี", "ImageFileId": "5c57f9bffbcb5f1eec0f042a", "SelfIntroduceFileId": "5c57feb7fbcb5f1eec0f4d66", "PartyLogo": "https://storage.googleapis.com/candidate-thumbs/party/45.png", "CandididatePhoto": "https://storage.googleapis.com/candidate-thumbs/images/57-3-6.jpg"}, {"Unnamed: 0": 6176, "CandidateId": "c2c162b3-c929-410b-9cec-38b3d263aa51", "CandidateNo": 7, "FirstName": "สุวัฒน์", "LastName": "พลเยี่ยม", "PartyName": "เพื่อแผ่นดิน", "PartyNumber": 41, "Title": "นาย", "Votable": true, "province_id": 57, "province_name": "เชียงราย", "zone_number": 3, "PartyTerminated": false, "Age": 65, "Occupation": "ผู้ประกาศข่าวิทยุชุมชน", "HighestEducation": "ปริญญาตรี", "ImageFileId": "5c57ff93fbcb5f1eec0f55ae", "SelfIntroduceFileId": "5c580445fbcb5f1eec0f9a15", "PartyLogo": "https://storage.googleapis.com/candidate-thumbs/party/41.png", "CandididatePhoto": "https://storage.googleapis.com/candidate-thumbs/images/57-3-7.jpg"}, {"Unnamed: 0": 6177, "CandidateId": "0776b93d-7499-4c00-9974-549d4dab920e", "CandidateNo": 8, "FirstName": "จิรายุ", "LastName": "เผ่ากา", "PartyName": "เพื่อชาติ", "PartyNumber": 149, "Title": "นาย", "Votable": true, "province_id": 57, "province_name": "เชียงราย", "zone_number": 3, "PartyTerminated": false, "Age": 46, "Occupation": "ข้าราชการการเมือง", "HighestEducation": "ปริญญาตรี", "ImageFileId": "5c5804effbcb5f1eec0fa42b", "SelfIntroduceFileId": "5c580638fbcb5f1eec0fb583", "PartyLogo": "https://storage.googleapis.com/candidate-thumbs/party/149.png", "CandididatePhoto": "https://storage.googleapis.com/candidate-thumbs/images/57-3-8.jpg"}, {"Unnamed: 0": 6178, "CandidateId": "4293a6c1-d9f2-46c6-8571-e693778805dd", "CandidateNo": 9, "FirstName": "ภควัต", "LastName": "บัวอินทร์", "PartyName": "รวมพลังประชาชาติไทย", "PartyNumber": 181, "Title": "นาย", "Votable": true, "province_id": 57, "province_name": "เชียงราย", "zone_number": 3, "PartyTerminated": false, "Age": 40, "Occupation": "ตัวแทนประกันชีวิต", "HighestEducation": "ปริญญาตรี", "ImageFileId": "5c58081afbcb5f1eec0fcf6a", "SelfIntroduceFileId": "5c5809bcfbcb5f1eec0fe1f6", "PartyLogo": "https://storage.googleapis.com/candidate-thumbs/party/181.png", "CandididatePhoto": "https://storage.googleapis.com/candidate-thumbs/images/57-3-9.jpg"}, {"Unnamed: 0": 6179, "CandidateId": "7119e335-b2b6-45a3-afc7-228a1dd1814b", "CandidateNo": 10, "FirstName": "ปราณี", "LastName": "ราชคมน์", "PartyName": "รักษ์ผืนป่าประเทศไทย", "PartyNumber": 133, "Title": "นาง", "Votable": true, "province_id": 57, "province_name": "เชียงราย", "zone_number": 3, "PartyTerminated": false, "Age": 61, "Occupation": "เกษตรกร", "HighestEducation": "ต่ำกว่าปริญญาตรี", "ImageFileId": "5c580a07fbcb5f1eec0fe581", "SelfIntroduceFileId": "5c580b56fbcb5f1eec0ff64b", "PartyLogo": "https://storage.googleapis.com/candidate-thumbs/party/133.png", "CandididatePhoto": "https://storage.googleapis.com/candidate-thumbs/images/57-3-10.jpg"}, {"Unnamed: 0": 6180, "CandidateId": "7ba834c7-4ae1-4559-9daa-87174715099e", "CandidateNo": 11, "FirstName": "เด็ดดวง", "LastName": "พรมตัน", "PartyName": "เสรีรวมไทย", "PartyNumber": 145, "Title": "นาย", "Votable": true, "province_id": 57, "province_name": "เชียงราย", "zone_number": 3, "PartyTerminated": false, "Age": 64, "Occupation": "ข้าราชการบำนาญ", "HighestEducation": "ปริญญาตรี", "ImageFileId": "5c580b8afbcb5f1eec0ff8be", "SelfIntroduceFileId": "5c580caffbcb5f1eec10064e", "PartyLogo": "https://storage.googleapis.com/candidate-thumbs/party/145.png", "CandididatePhoto": "https://storage.googleapis.com/candidate-thumbs/images/57-3-11.jpg"}, {"Unnamed: 0": 6181, "CandidateId": "bf2699aa-077f-4fdc-88e4-323e891b4140", "CandidateNo": 12, "FirstName": "วิสาร", "LastName": "เตชะธีราวัฒน์", "PartyName": "เพื่อไทย", "PartyNumber": 34, "Title": "นาย", "Votable": true, "province_id": 57, "province_name": "เชียงราย", "zone_number": 3, "PartyTerminated": false, "Age": 62, "Occupation": "นักการเมือง", "HighestEducation": "ปริญญาโท", "ImageFileId": "5c580cd3fbcb5f1eec100813", "SelfIntroduceFileId": "5c58edd8fbcb5f1d88130ce8", "PartyLogo": "https://storage.googleapis.com/candidate-thumbs/party/34.png", "CandididatePhoto": "https://storage.googleapis.com/candidate-thumbs/images/57-3-12.jpg"}, {"Unnamed: 0": 6182, "CandidateId": "c20fe56b-b931-4078-b666-b8dfc11bae33", "CandidateNo": 13, "FirstName": "สิงห์", "LastName": "ใจรัตน์", "PartyName": "พลังธรรมใหม่", "PartyNumber": 175, "Title": "นาย", "Votable": true, "province_id": 57, "province_name": "เชียงราย", "zone_number": 3, "PartyTerminated": false, "Age": 26, "Occupation": "ค้าขาย", "HighestEducation": "ต่ำกว่าปริญญาตรี", "ImageFileId": "5c58ee0cfbcb5f1d88130e61", "SelfIntroduceFileId": "5c58ee6efbcb5f1d88131221", "PartyLogo": "https://storage.googleapis.com/candidate-thumbs/party/175.png", "CandididatePhoto": "https://storage.googleapis.com/candidate-thumbs/images/57-3-13.jpg"}, {"Unnamed: 0": 6183, "CandidateId": "3b311571-d5e8-4d0c-b798-bed96ac4a2a3", "CandidateNo": 14, "FirstName": "ลัดดา", "LastName": "วิชารัตน์", "PartyName": "พลังชาติไทย", "PartyNumber": 186, "Title": "นาง", "Votable": true, "province_id": 57, "province_name": "เชียงราย", "zone_number": 3, "PartyTerminated": false, "Age": 59, "Occupation": "ธุรกิจส่วนตัว", "HighestEducation": "ต่ำกว่าปริญญาตรี", "ImageFileId": "5c58eed7fbcb5f1d881313e1", "SelfIntroduceFileId": "5c58ef33fbcb5f1d8813177f", "PartyLogo": "https://storage.googleapis.com/candidate-thumbs/party/186.png", "CandididatePhoto": "https://storage.googleapis.com/candidate-thumbs/images/57-3-14.jpg"}, {"Unnamed: 0": 6184, "CandidateId": "078c9f92-d5cd-4e94-8299-773d84f255be", "CandidateNo": 15, "FirstName": "เขมกร", "LastName": "ปัญจขันธ์", "PartyName": "ประชานิยม", "PartyNumber": 191, "Title": "นาย", "Votable": true, "province_id": 57, "province_name": "เชียงราย", "zone_number": 3, "PartyTerminated": false, "Age": 42, "Occupation": "วิศวกรอิสระ", "HighestEducation": "ปริญญาโท", "ImageFileId": "5c58ef8bfbcb5f1d88131964", "SelfIntroduceFileId": "5c58f04afbcb5f1d88132216", "PartyLogo": "https://storage.googleapis.com/candidate-thumbs/party/191.png", "CandididatePhoto": "https://storage.googleapis.com/candidate-thumbs/images/57-3-15.jpg"}, {"Unnamed: 0": 6185, "CandidateId": "1d887591-4b06-42a5-be72-5422740d4d07", "CandidateNo": 16, "FirstName": "ประดิษฐ์", "LastName": "ศรีอ้วน", "PartyName": "ประชาธิปัตย์", "PartyNumber": 1, "Title": "นาย", "Votable": true, "province_id": 57, "province_name": "เชียงราย", "zone_number": 3, "PartyTerminated": false, "Age": 66, "Occupation": "อาจารย์ผู้สอน ม.พิษณุโลก", "HighestEducation": "ปริญญาเอก", "ImageFileId": "5c58f229fbcb5f1d881331bb", "SelfIntroduceFileId": "5c58f2befbcb5f1d881338f4", "PartyLogo": "https://storage.googleapis.com/candidate-thumbs/party/1.png", "CandididatePhoto": "https://storage.googleapis.com/candidate-thumbs/images/57-3-16.jpg"}, {"Unnamed: 0": 6186, "CandidateId": "7f95c046-b2a3-45ab-a996-f2289fea9bec", "CandidateNo": 17, "FirstName": "มนต์ชัย", "LastName": "มาลัย", "PartyName": "ครูไทยเพื่อประชาชน", "PartyNumber": 118, "Title": "นาย", "Votable": true, "province_id": 57, "province_name": "เชียงราย", "zone_number": 3, "PartyTerminated": false, "Age": 58, "Occupation": "ข้าราชการบำนาญ", "HighestEducation": "ปริญญาตรี", "ImageFileId": "5c58f305fbcb5f1d88133bb3", "SelfIntroduceFileId": "5c58f3c5fbcb5f1d8813433b", "PartyLogo": "https://storage.googleapis.com/candidate-thumbs/party/118.png", "CandididatePhoto": "https://storage.googleapis.com/candidate-thumbs/images/57-3-17.jpg"}, {"Unnamed: 0": 6187, "CandidateId": "fde81902-f4b8-4099-804b-f0189afc5ac8", "CandidateNo": 18, "FirstName": "พิเชษฐ์", "LastName": "สาระทะ", "PartyName": "ภูมิใจไทย", "PartyNumber": 63, "Title": "นาย", "Votable": true, "province_id": 57, "province_name": "เชียงราย", "zone_number": 3, "PartyTerminated": false, "Age": 28, "Occupation": "พนักงานเอกชน", "HighestEducation": "ปริญญาตรี", "ImageFileId": "5c58f433fbcb5f1d8813464f", "SelfIntroduceFileId": "5c58f555fbcb5f1d881351a4", "PartyLogo": "https://storage.googleapis.com/candidate-thumbs/party/63.png", "CandididatePhoto": "https://storage.googleapis.com/candidate-thumbs/images/57-3-18.jpg"}, {"Unnamed: 0": 6188, "CandidateId": "be07326c-3260-4ab6-a0f9-2119d89b7210", "CandidateNo": 19, "FirstName": "โสภณ", "LastName": "นาขวัญ", "PartyName": "ประชาชนปฏิรูป", "PartyNumber": 176, "Title": "นาย", "Votable": true, "province_id": 57, "province_name": "เชียงราย", "zone_number": 3, "PartyTerminated": false, "Age": 66, "Occupation": "ข้าราชการ", "HighestEducation": "ปริญญาตรี", "ImageFileId": "5c58f5befbcb5f1d8813557d", "SelfIntroduceFileId": "5c58f782fbcb5f1d88136a3e", "PartyLogo": "https://storage.googleapis.com/candidate-thumbs/party/176.png", "CandididatePhoto": "https://storage.googleapis.com/candidate-thumbs/images/57-3-19.jpg"}, {"Unnamed: 0": 6189, "CandidateId": "095cb884-aa46-47ee-8374-421338259e95", "CandidateNo": 20, "FirstName": "สว่าง", "LastName": "โปร่งใจ", "PartyName": "พลังไทยรักไทย", "PartyNumber": 185, "Title": "นาย", "Votable": true, "province_id": 57, "province_name": "เชียงราย", "zone_number": 3, "PartyTerminated": false, "Age": 54, "Occupation": "รับราชการ", "HighestEducation": "ปริญญาโท", "ImageFileId": "5c591503fbcb5f1d8814dbd6", "SelfIntroduceFileId": "5c591b7ffbcb5f1d8815138c", "PartyLogo": "https://storage.googleapis.com/candidate-thumbs/party/185.png", "CandididatePhoto": "https://storage.googleapis.com/candidate-thumbs/images/57-3-20.jpg"}, {"Unnamed: 0": 6190, "CandidateId": "603eb5a2-3ddf-4e9a-b58f-60d59903f2a6", "CandidateNo": 21, "FirstName": "ศิขร", "LastName": "มณีสวัสดิ์", "PartyName": "ประชาธิปไตยใหม่", "PartyNumber": 109, "Title": "นาย", "Votable": true, "province_id": 57, "province_name": "เชียงราย", "zone_number": 3, "PartyTerminated": false, "Age": 55, "Occupation": "รับจ้าง", "HighestEducation": "ต่ำกว่าปริญญาตรี", "ImageFileId": "5c5926aafbcb5f1d88157ab0", "SelfIntroduceFileId": "5c5929d5fbcb5f1d88159d1c", "PartyLogo": "https://storage.googleapis.com/candidate-thumbs/party/109.png", "CandididatePhoto": "https://storage.googleapis.com/candidate-thumbs/images/57-3-21.jpg"}, {"Unnamed: 0": 6191, "CandidateId": "6e66dd4a-7dad-4d11-9c36-9948418eaa76", "CandidateNo": 22, "FirstName": "สุรินทร์", "LastName": "แปงอุ่น", "PartyName": "ชาติไทยพัฒนา", "PartyNumber": 55, "Title": "นาย", "Votable": true, "province_id": 57, "province_name": "เชียงราย", "zone_number": 3, "PartyTerminated": false, "Age": 39, "Occupation": "ทำไร่ ทำนา", "HighestEducation": "ต่ำกว่าปริญญาตรี", "ImageFileId": "5c5a7feefbcb5f19bcaa63d0", "SelfIntroduceFileId": "5c5a805dfbcb5f19bcaa679f", "PartyLogo": "https://storage.googleapis.com/candidate-thumbs/party/55.png", "CandididatePhoto": "https://storage.googleapis.com/candidate-thumbs/images/57-3-22.jpg"}, {"Unnamed: 0": 6192, "CandidateId": "4c8acbcb-0f76-4cdf-ab12-150974a386b9", "CandidateNo": 23, "FirstName": "อรชา", "LastName": "อิกำเหนิด", "PartyName": "มหาชน", "PartyNumber": 4, "Title": "นาง", "Votable": true, "province_id": 57, "province_name": "เชียงราย", "zone_number": 3, "PartyTerminated": false, "Age": 37, "Occupation": "รับจ้าง", "HighestEducation": "ต่ำกว่าปริญญาตรี", "ImageFileId": "5c5a8cecfbcb5f19bcaac5ec", "SelfIntroduceFileId": "5c5a8e4dfbcb5f19bcaad029", "PartyLogo": "https://storage.googleapis.com/candidate-thumbs/party/4.png", "CandididatePhoto": "https://storage.googleapis.com/candidate-thumbs/images/57-3-23.jpg"}, {"Unnamed: 0": 6193, "CandidateId": "293a9793-03c0-49c1-bd6b-60abcccb53d2", "CandidateNo": 24, "FirstName": "ธนาวัฒน์", "LastName": "ธิติกุลรัตน์", "PartyName": "ประชาธรรมไทย", "PartyNumber": 190, "Title": "นาย", "Votable": true, "province_id": 57, "province_name": "เชียงราย", "zone_number": 3, "PartyTerminated": false, "Age": 64, "Occupation": "รับจ้าง", "HighestEducation": "ต่ำกว่าปริญญาตรี", "ImageFileId": "5c5bbe3afbcb5f16fc665e5f", "SelfIntroduceFileId": "5c5bcb9afbcb5f16fc669d77", "PartyLogo": "https://storage.googleapis.com/candidate-thumbs/party/190.png", "CandididatePhoto": "https://storage.googleapis.com/candidate-thumbs/images/57-3-24.jpg"}, {"Unnamed: 0": 6194, "CandidateId": "0d0296ba-37e2-412f-bc4b-8bd29f9700df", "CandidateNo": 25, "FirstName": "สมจิต", "LastName": "ติธิ", "PartyName": "ฐานรากไทย", "PartyNumber": 208, "Title": "นาย", "Votable": true, "province_id": 57, "province_name": "เชียงราย", "zone_number": 3, "PartyTerminated": false, "Age": 64, "Occupation": "ข้าราชการ", "HighestEducation": "ปริญญาตรี", "ImageFileId": "5c5be10ffbcb5f16fc67446f", "SelfIntroduceFileId": "5c5bead6fbcb5f16fc679872", "PartyLogo": "https://storage.googleapis.com/candidate-thumbs/party/208.png", "CandididatePhoto": "https://storage.googleapis.com/candidate-thumbs/images/57-3-25.jpg"}, {"Unnamed: 0": 6195, "CandidateId": "e069c615-5f4f-427b-9e4b-7c9e22bd9605", "CandidateNo": 26, "FirstName": "อิ่นแก้ว", "LastName": "หมื่นไชยวงศ์", "PartyName": "พลเมืองไทย", "PartyNumber": 173, "Title": "นาย", "Votable": true, "province_id": 57, "province_name": "เชียงราย", "zone_number": 3, "PartyTerminated": false, "Age": 65, "Occupation": "เกษตรกร", "HighestEducation": "ต่ำกว่าปริญญาตรี", "ImageFileId": "5c5bec78fbcb5f16fc67a614", "SelfIntroduceFileId": "5c5bed09fbcb5f16fc67ac64", "PartyLogo": "https://storage.googleapis.com/candidate-thumbs/party/173.png", "CandididatePhoto": "https://storage.googleapis.com/candidate-thumbs/images/57-3-26.jpg"}, {"Unnamed: 0": 6196, "CandidateId": "b98a3d42-2775-45d4-a018-82dc6eeb2f11", "CandidateNo": 27, "FirstName": "ศรสัณห์", "LastName": "จำปา", "PartyName": "เศรษฐกิจใหม่", "PartyNumber": 193, "Title": "นาย", "Votable": true, "province_id": 57, "province_name": "เชียงราย", "zone_number": 3, "PartyTerminated": false, "Age": 54, "Occupation": "รับจ้าง", "HighestEducation": "ต่ำกว่าปริญญาตรี", "ImageFileId": "5c5bee5afbcb5f16fc67b86e", "SelfIntroduceFileId": "5c5bef0afbcb5f16fc67be08", "PartyLogo": "https://storage.googleapis.com/candidate-thumbs/party/193.png", "CandididatePhoto": "https://storage.googleapis.com/candidate-thumbs/images/57-3-27.jpg"}, {"Unnamed: 0": 6197, "CandidateId": "93e4c68d-aa08-4a2d-995f-ccc8f62ad6e8", "CandidateNo": 28, "FirstName": "ยุทธศักดิ์", "LastName": "เป็งสถาน", "PartyName": "พลังครูไทย", "PartyNumber": 210, "Title": "นาย", "Votable": true, "province_id": 57, "province_name": "เชียงราย", "zone_number": 3, "PartyTerminated": false, "Age": 62, "Occupation": "ข้้าราชการ", "HighestEducation": "ปริญญาตรี", "ImageFileId": "5c5bf06bfbcb5f16fc67c93a", "SelfIntroduceFileId": "5c5bf155fbcb5f16fc67d044", "PartyLogo": "https://storage.googleapis.com/candidate-thumbs/party/210.png", "CandididatePhoto": "https://storage.googleapis.com/candidate-thumbs/images/57-3-28.jpg"}, {"Unnamed: 0": 6198, "CandidateId": "ca90fd5e-6ab5-41a6-ad4b-5764a92bc980", "CandidateNo": 29, "FirstName": "ยุทธพงศ์", "LastName": "คำสมุทร", "PartyName": "พลังปวงชนไทย", "PartyNumber": 184, "Title": "นาย", "Votable": true, "province_id": 57, "province_name": "เชียงราย", "zone_number": 3, "PartyTerminated": false, "Age": 41, "Occupation": "ค้้าขาย", "HighestEducation": "ต่ำกว่าปริญญาตรี", "ImageFileId": "5c5be696fbcb5f16fc6770d8", "SelfIntroduceFileId": "5c5be725fbcb5f16fc6775e5", "PartyLogo": "https://storage.googleapis.com/candidate-thumbs/party/184.png", "CandididatePhoto": "https://storage.googleapis.com/candidate-thumbs/images/57-3-29.jpg"}, {"Unnamed: 0": 6199, "CandidateId": "98378df9-fa1d-45f0-a74e-a67ac38324c3", "CandidateNo": 30, "FirstName": "กรณิการ์", "LastName": "ฮาร์ท", "PartyName": "ประชากรไทย", "PartyNumber": 2, "Title": "นาง", "Votable": true, "province_id": 57, "province_name": "เชียงราย", "zone_number": 3, "PartyTerminated": false, "Age": 49, "Occupation": "พนักงานบริษํัท", "HighestEducation": "ปริญญาตรี", "ImageFileId": "5c5ce19cfbcb5f16fc689ead", "SelfIntroduceFileId": "5c5ce2b4fbcb5f16fc68a3a2", "PartyLogo": "https://storage.googleapis.com/candidate-thumbs/party/2.png", "CandididatePhoto": "https://storage.googleapis.com/candidate-thumbs/images/57-3-30.jpg"}, {"Unnamed: 0": 6200, "CandidateId": "658b2f1a-732c-437f-bd90-091cbb4d1add", "CandidateNo": 31, "FirstName": "อุษาวดี", "LastName": "วันดี", "PartyName": "ชาติพันธุ์ไทย", "PartyNumber": 196, "Title": "นาง", "Votable": true, "province_id": 57, "province_name": "เชียงราย", "zone_number": 3, "PartyTerminated": false, "Age": 54, "Occupation": "เกษตรกร", "HighestEducation": "ปริญญาตรี", "ImageFileId": "5c5cf470fbcb5f16fc690b1e", "SelfIntroduceFileId": "5c5cfc31fbcb5f0fd8846103", "PartyLogo": "https://storage.googleapis.com/candidate-thumbs/party/196.png", "CandididatePhoto": "https://storage.googleapis.com/candidate-thumbs/images/57-3-31.jpg"}, {"Unnamed: 0": 6201, "CandidateId": "a035a765-f393-457b-a384-695c9330e99b", "CandidateNo": 32, "FirstName": "พูลชัย", "LastName": "หงษ์หิน", "PartyName": "ถิ่นกาขาวชาววิไล", "PartyNumber": 129, "Title": "นาย", "Votable": true, "province_id": 57, "province_name": "เชียงราย", "zone_number": 3, "PartyTerminated": false, "Age": 63, "Occupation": "ธุรกิจส่วนตัว", "HighestEducation": "ปริญญาตรี", "ImageFileId": "5c5d2464fbcb5f0fd8856034", "SelfIntroduceFileId": "5c5d257bfbcb5f0fd88569ae", "PartyLogo": "https://storage.googleapis.com/candidate-thumbs/party/129.png", "CandididatePhoto": "https://storage.googleapis.com/candidate-thumbs/images/57-3-32.jpg"}, {"Unnamed: 0": 6202, "CandidateId": "66a12842-e67c-483b-889e-97b630702ba3", "CandidateNo": 33, "FirstName": "หิรัญกฤษฎิ์", "LastName": "ภิรมย์ชัย", "PartyName": "ไทรักธรรม", "PartyNumber": 144, "Title": "นาย", "Votable": true, "province_id": 57, "province_name": "เชียงราย", "zone_number": 3, "PartyTerminated": false, "Age": 37, "Occupation": "เจ้าของธุรกิจ", "HighestEducation": "ต่ำกว่าปริญญาตรี", "ImageFileId": "5c5d4562fbcb5f0fd88687a3", "SelfIntroduceFileId": "5c5d4772fbcb5f0fd8869be0", "PartyLogo": "https://storage.googleapis.com/candidate-thumbs/party/144.png", "CandididatePhoto": "https://storage.googleapis.com/candidate-thumbs/images/57-3-33.jpg"}, {"Unnamed: 0": 6203, "CandidateId": "0736f258-7d4f-48b9-a8dc-3c91c440d5b1", "CandidateNo": 34, "FirstName": "สุรศักดิ์", "LastName": "ก๋องหล้า", "PartyName": "แทนคุณแผ่นดิน", "PartyNumber": 53, "Title": "นาย", "Votable": false, "province_id": 57, "province_name": "เชียงราย", "zone_number": 3, "PartyTerminated": false, "Age": 49, "Occupation": "รับจ้างทั่วไป", "HighestEducation": "ปริญญาตรี", "ImageFileId": "5c5d54c8fbcb5f0fd887333f", "SelfIntroduceFileId": "5c5d5575fbcb5f0fd8873eaf", "PartyLogo": "https://storage.googleapis.com/candidate-thumbs/party/53.png", "CandididatePhoto": "https://storage.googleapis.com/candidate-thumbs/images/57-3-34.jpg"}]