[{"Unnamed: 0": 1782, "CandidateId": "b0bceef3-4a18-4039-997d-efdcda385b3c", "CandidateNo": 1, "FirstName": "ไพฑูร", "LastName": "สีสง่า", "PartyName": "ภูมิใจไทย", "PartyNumber": 63, "Title": "นาย", "Votable": true, "province_id": 76, "province_name": "เพชรบุรี", "zone_number": 2, "PartyTerminated": false, "Age": 64, "Occupation": "ครู คศ.3", "HighestEducation": "ปริญญาตรี", "ImageFileId": "5c594bcafbcb5f1d88177c01", "SelfIntroduceFileId": "5c57ac6cfbcb5f1eec0cf618", "PartyLogo": "https://storage.googleapis.com/candidate-thumbs/party/63.png", "CandididatePhoto": "https://storage.googleapis.com/candidate-thumbs/images/76-2-1.jpg"}, {"Unnamed: 0": 1783, "CandidateId": "f11e5314-f69c-40fa-9b7c-bf496d031ff6", "CandidateNo": 2, "FirstName": "ธาวิต", "LastName": "พ่อเมือง", "PartyName": "รวมพลังประชาชาติไทย", "PartyNumber": 181, "Title": "นาย", "Votable": false, "province_id": 76, "province_name": "เพชรบุรี", "zone_number": 2, "PartyTerminated": false, "Age": 31, "Occupation": "รับจ้าง", "HighestEducation": "ต่ำกว่าปริญญาตรี", "ImageFileId": "5c594c39fbcb5f1d881781c3", "SelfIntroduceFileId": "5c57b6c7fbcb5f1eec0d230d", "PartyLogo": "https://storage.googleapis.com/candidate-thumbs/party/181.png", "CandididatePhoto": "https://storage.googleapis.com/candidate-thumbs/images/76-2-2.jpg"}, {"Unnamed: 0": 1784, "CandidateId": "41579d3e-205a-4142-becd-97aa5c1c7c8a", "CandidateNo": 3, "FirstName": "อภิวัตร", "LastName": "เงินดี", "PartyName": "ประชานิยม", "PartyNumber": 191, "Title": " ร้อยตำรวจโท", "Votable": true, "province_id": 76, "province_name": "เพชรบุรี", "zone_number": 2, "PartyTerminated": false, "Age": 61, "Occupation": "รับราชการตำรวจ", "HighestEducation": "ปริญญาโท", "ImageFileId": "5c594c9afbcb5f1d881787eb", "SelfIntroduceFileId": "5c57c2d8fbcb5f1eec0d7cd9", "PartyLogo": "https://storage.googleapis.com/candidate-thumbs/party/191.png", "CandididatePhoto": "https://storage.googleapis.com/candidate-thumbs/images/76-2-3.jpg"}, {"Unnamed: 0": 1785, "CandidateId": "71f567c1-4a9d-4c25-9726-e67b583bc430", "CandidateNo": 4, "FirstName": "ฎิชยพงษ์", "LastName": "แช่มเทศ", "PartyName": "รวมใจไทย", "PartyNumber": 174, "Title": "นาย", "Votable": true, "province_id": 76, "province_name": "เพชรบุรี", "zone_number": 2, "PartyTerminated": false, "Age": 39, "Occupation": "รับราชการ", "HighestEducation": "ปริญญาตรี", "ImageFileId": "5c594d12fbcb5f1d88178eb9", "SelfIntroduceFileId": "5c57d34dfbcb5f1eec0dd9ad", "PartyLogo": "https://storage.googleapis.com/candidate-thumbs/party/174.png", "CandididatePhoto": "https://storage.googleapis.com/candidate-thumbs/images/76-2-4.jpg"}, {"Unnamed: 0": 1786, "CandidateId": "476d9d57-3234-4eb6-8d22-1f3f5b1e12c5", "CandidateNo": 5, "FirstName": "สาธิต", "LastName": "อุ๋ยตระกูล", "PartyName": "พลังประชารัฐ", "PartyNumber": 192, "Title": "นาย", "Votable": true, "province_id": 76, "province_name": "เพชรบุรี", "zone_number": 2, "PartyTerminated": false, "Age": 40, "Occupation": "ประธานสภาองค์การบริหารส่วนจังหวัดเพชรบุรี", "HighestEducation": "ปริญญาโท", "ImageFileId": "5c594d5bfbcb5f1d881791e6", "SelfIntroduceFileId": "5c57dad2fbcb5f1eec0dfd86", "PartyLogo": "https://storage.googleapis.com/candidate-thumbs/party/192.png", "CandididatePhoto": "https://storage.googleapis.com/candidate-thumbs/images/76-2-5.jpg"}, {"Unnamed: 0": 1787, "CandidateId": "67b1cbb7-bcef-4263-8184-0dd675163af5", "CandidateNo": 6, "FirstName": "สุขเขตร", "LastName": "สุขโข", "PartyName": "ชาติไทยพัฒนา", "PartyNumber": 55, "Title": "นาย", "Votable": true, "province_id": 76, "province_name": "เพชรบุรี", "zone_number": 2, "PartyTerminated": false, "Age": 40, "Occupation": "ธุรกิจส่วนตัว", "HighestEducation": "ปริญญาตรี", "ImageFileId": "5c594da9fbcb5f1d881794cb", "SelfIntroduceFileId": "5c57e0dcfbcb5f1eec0e2277", "PartyLogo": "https://storage.googleapis.com/candidate-thumbs/party/55.png", "CandididatePhoto": "https://storage.googleapis.com/candidate-thumbs/images/76-2-6.jpg"}, {"Unnamed: 0": 1788, "CandidateId": "d0567c8c-d4c3-4b3d-86f5-fcbdffdc665b", "CandidateNo": 7, "FirstName": "เสริมส่ง", "LastName": "อินทร์ประสิทธิ์", "PartyName": "พลเมืองไทย", "PartyNumber": 173, "Title": " พันตำรวจเอก", "Votable": true, "province_id": 76, "province_name": "เพชรบุรี", "zone_number": 2, "PartyTerminated": false, "Age": 60, "Occupation": "รับราชการตำรวจ", "HighestEducation": "ปริญญาตรี", "ImageFileId": "5c594df4fbcb5f1d881798db", "SelfIntroduceFileId": "5c57e716fbcb5f1eec0e5236", "PartyLogo": "https://storage.googleapis.com/candidate-thumbs/party/173.png", "CandididatePhoto": "https://storage.googleapis.com/candidate-thumbs/images/76-2-7.jpg"}, {"Unnamed: 0": 1789, "CandidateId": "c887f480-33db-40df-afdf-ea646fb8332e", "CandidateNo": 8, "FirstName": "สุริยะ", "LastName": "จันทร์ทอง", "PartyName": "พลังปวงชนไทย", "PartyNumber": 184, "Title": "นาย", "Votable": true, "province_id": 76, "province_name": "เพชรบุรี", "zone_number": 2, "PartyTerminated": false, "Age": 54, "Occupation": "ธุรกิจส่วนตัว", "HighestEducation": "ปริญญาตรี", "ImageFileId": "5c594e40fbcb5f1d88179b64", "SelfIntroduceFileId": "5c57f13ffbcb5f1eec0eadc9", "PartyLogo": "https://storage.googleapis.com/candidate-thumbs/party/184.png", "CandididatePhoto": "https://storage.googleapis.com/candidate-thumbs/images/76-2-8.jpg"}, {"Unnamed: 0": 1790, "CandidateId": "be785dc4-9bb4-4b77-95cc-834d22261be4", "CandidateNo": 9, "FirstName": "สุธาดา", "LastName": "ยอดทองถาวร", "PartyName": "ประชาธรรมไทย", "PartyNumber": 190, "Title": "นาง", "Votable": true, "province_id": 76, "province_name": "เพชรบุรี", "zone_number": 2, "PartyTerminated": false, "Age": 59, "Occupation": "ธุรกิจส่วนตัว", "HighestEducation": "ต่ำกว่าปริญญาตรี", "ImageFileId": "5c594eb2fbcb5f1d8817a176", "SelfIntroduceFileId": "5c57f8fefbcb5f1eec0efbd2", "PartyLogo": "https://storage.googleapis.com/candidate-thumbs/party/190.png", "CandididatePhoto": "https://storage.googleapis.com/candidate-thumbs/images/76-2-9.jpg"}, {"Unnamed: 0": 1791, "CandidateId": "aed6505e-0cb3-4a53-968c-0bc999f1b144", "CandidateNo": 10, "FirstName": "กัมพล", "LastName": "สุภาแพ่ง", "PartyName": "ประชาธิปัตย์", "PartyNumber": 1, "Title": "นาย", "Votable": true, "province_id": 76, "province_name": "เพชรบุรี", "zone_number": 2, "PartyTerminated": false, "Age": 66, "Occupation": "ข้าราชการบำนาญ", "HighestEducation": "ปริญญาเอก", "ImageFileId": "5c594efbfbcb5f1d8817a419", "SelfIntroduceFileId": "5c58039afbcb5f1eec0f8fc0", "PartyLogo": "https://storage.googleapis.com/candidate-thumbs/party/1.png", "CandididatePhoto": "https://storage.googleapis.com/candidate-thumbs/images/76-2-10.jpg"}, {"Unnamed: 0": 1792, "CandidateId": "5764e8fe-e3e2-4f6e-bfe3-e809bbe8547d", "CandidateNo": 11, "FirstName": "กิตติพงษ์", "LastName": "พึ่งแตง", "PartyName": "อนาคตใหม่", "PartyNumber": 177, "Title": "นาย", "Votable": true, "province_id": 76, "province_name": "เพชรบุรี", "zone_number": 2, "PartyTerminated": false, "Age": 55, "Occupation": "นักการเมือง", "HighestEducation": "ปริญญาตรี", "ImageFileId": "5c594f61fbcb5f1d8817a745", "SelfIntroduceFileId": "5c58f704fbcb5f1d8813651c", "PartyLogo": "https://storage.googleapis.com/candidate-thumbs/party/177.png", "CandididatePhoto": "https://storage.googleapis.com/candidate-thumbs/images/76-2-11.jpg"}, {"Unnamed: 0": 1793, "CandidateId": "b06e09e1-ee42-45c6-adcc-481e89a748fa", "CandidateNo": 12, "FirstName": "วรรณพร", "LastName": "เกษเดช", "PartyName": "พลังท้องถิ่นไท", "PartyNumber": 124, "Title": "นางสาว", "Votable": true, "province_id": 76, "province_name": "เพชรบุรี", "zone_number": 2, "PartyTerminated": false, "Age": 39, "Occupation": "ธุรกิจส่วนตัว", "HighestEducation": "ปริญญาตรี", "ImageFileId": "5c594fdafbcb5f1d8817acfe", "SelfIntroduceFileId": "5c58fd57fbcb5f1d8813a1e0", "PartyLogo": "https://storage.googleapis.com/candidate-thumbs/party/124.png", "CandididatePhoto": "https://storage.googleapis.com/candidate-thumbs/images/76-2-12.jpg"}, {"Unnamed: 0": 1794, "CandidateId": "8bdb0ce5-cf77-4d83-9411-c02df39ec82f", "CandidateNo": 13, "FirstName": "หัสพันธ์", "LastName": "เสมเถื่อน", "PartyName": "เสรีรวมไทย", "PartyNumber": 145, "Title": "นาย", "Votable": true, "province_id": 76, "province_name": "เพชรบุรี", "zone_number": 2, "PartyTerminated": false, "Age": 49, "Occupation": "ทนายความ", "HighestEducation": "ปริญญาโท", "ImageFileId": "5c59503cfbcb5f1d8817b077", "SelfIntroduceFileId": "5c5914cbfbcb5f1d8814d9bc", "PartyLogo": "https://storage.googleapis.com/candidate-thumbs/party/145.png", "CandididatePhoto": "https://storage.googleapis.com/candidate-thumbs/images/76-2-13.jpg"}, {"Unnamed: 0": 1795, "CandidateId": "d4a7e8ae-1a00-4f8b-a64d-6df9cdcacdb5", "CandidateNo": 14, "FirstName": "ประจวบ", "LastName": "จันทร์สง่า", "PartyName": "เพื่อแผ่นดิน", "PartyNumber": 41, "Title": "นาย", "Votable": true, "province_id": 76, "province_name": "เพชรบุรี", "zone_number": 2, "PartyTerminated": false, "Age": 52, "Occupation": "ธุรกิจส่วนตัว", "HighestEducation": "ปริญญาโท", "ImageFileId": "5c595082fbcb5f1d8817b4dc", "SelfIntroduceFileId": "5c594761fbcb5f1d8817428f", "PartyLogo": "https://storage.googleapis.com/candidate-thumbs/party/41.png", "CandididatePhoto": "https://storage.googleapis.com/candidate-thumbs/images/76-2-14.jpg"}, {"Unnamed: 0": 1796, "CandidateId": "ce3d375b-9ab7-4eeb-bf27-4a6d46202b2b", "CandidateNo": 15, "FirstName": "อำนาจ", "LastName": "ฉ่ำมะนา", "PartyName": "รักษ์ผืนป่าประเทศไทย", "PartyNumber": 133, "Title": "นาย", "Votable": true, "province_id": 76, "province_name": "เพชรบุรี", "zone_number": 2, "PartyTerminated": false, "Age": 61, "Occupation": "ข้าราชการบำนาญ", "HighestEducation": "ปริญญาตรี", "ImageFileId": "5c5950d4fbcb5f1d8817bb8b", "SelfIntroduceFileId": "5c59445bfbcb5f1d881714eb", "PartyLogo": "https://storage.googleapis.com/candidate-thumbs/party/133.png", "CandididatePhoto": "https://storage.googleapis.com/candidate-thumbs/images/76-2-15.jpg"}, {"Unnamed: 0": 1797, "CandidateId": "fab2a14a-17ad-4da2-869d-6fc5f2cfe695", "CandidateNo": 16, "FirstName": "อาซิม", "LastName": "คาร", "PartyName": "เพื่อนไทย", "PartyNumber": 179, "Title": "นาย", "Votable": false, "province_id": 76, "province_name": "เพชรบุรี", "zone_number": 2, "PartyTerminated": false, "Age": 59, "Occupation": "รับจ้าง", "HighestEducation": "ต่ำกว่าปริญญาตรี", "ImageFileId": "5c595139fbcb5f1d8817c2b8", "SelfIntroduceFileId": "5c593d33fbcb5f1d8816b356", "PartyLogo": "https://storage.googleapis.com/candidate-thumbs/party/179.png", "CandididatePhoto": "https://storage.googleapis.com/candidate-thumbs/images/76-2-16.jpg"}, {"Unnamed: 0": 1798, "CandidateId": "217b8579-cc5a-4233-b3a6-8d23e76fe9b3", "CandidateNo": 17, "FirstName": "ชัยโชค", "LastName": "บุศราทิจ", "PartyName": "ประชาภิวัฒน์", "PartyNumber": 172, "Title": "นาย", "Votable": true, "province_id": 76, "province_name": "เพชรบุรี", "zone_number": 2, "PartyTerminated": false, "Age": 65, "Occupation": "ข้าราชการบำนาญ", "HighestEducation": "ปริญญาตรี", "ImageFileId": "5c59521afbcb5f1d8817cbca", "SelfIntroduceFileId": "5c5be522fbcb5f16fc676387", "PartyLogo": "https://storage.googleapis.com/candidate-thumbs/party/172.png", "CandididatePhoto": "https://storage.googleapis.com/candidate-thumbs/images/76-2-17.jpg"}, {"Unnamed: 0": 1799, "CandidateId": "c79a78ef-4b75-4e47-9cd8-db5a7d6e6d04", "CandidateNo": 18, "FirstName": "ธนัชพร", "LastName": "ศรีฟ้า", "PartyName": "พลังไทยรักชาติ", "PartyNumber": 155, "Title": "นาง", "Votable": true, "province_id": 76, "province_name": "เพชรบุรี", "zone_number": 2, "PartyTerminated": false, "Age": 62, "Occupation": "ข้าราชการบำนาญ", "HighestEducation": "ปริญญาตรี", "ImageFileId": "5c59527afbcb5f1d8817cffd", "SelfIntroduceFileId": "5c5927f1fbcb5f1d881586b9", "PartyLogo": "https://storage.googleapis.com/candidate-thumbs/party/155.png", "CandididatePhoto": "https://storage.googleapis.com/candidate-thumbs/images/76-2-18.jpg"}, {"Unnamed: 0": 1800, "CandidateId": "3af183f6-824e-4a72-9f4e-931109264867", "CandidateNo": 19, "FirstName": "วันชนะ", "LastName": "เกิดดีชะเอมน้อย", "PartyName": "ไทยรักษาชาติ", "PartyNumber": 77, "Title": "นาย", "Votable": true, "province_id": 76, "province_name": "เพชรบุรี", "zone_number": 2, "PartyTerminated": true, "Age": 51, "Occupation": "ธุรกิจส่วนตัว", "HighestEducation": "ปริญญาตรี", "ImageFileId": "5c5952b8fbcb5f1d8817d38a", "SelfIntroduceFileId": "5c593038fbcb5f1d881601c4", "PartyLogo": "https://storage.googleapis.com/candidate-thumbs/party/77.png", "CandididatePhoto": "https://storage.googleapis.com/candidate-thumbs/images/76-2-19.jpg"}, {"Unnamed: 0": 1801, "CandidateId": "3351e1c2-5b6d-490f-8ad2-5a3b105eb5c6", "CandidateNo": 20, "FirstName": "วริศวรรณ", "LastName": "แสงทอง", "PartyName": "เพื่อชาติ", "PartyNumber": 149, "Title": "นางสาว", "Votable": true, "province_id": 76, "province_name": "เพชรบุรี", "zone_number": 2, "PartyTerminated": false, "Age": 26, "Occupation": "ผู้จัดการร้านอาหารพริ้ม", "HighestEducation": "ปริญญาตรี", "ImageFileId": "5c5a7902fbcb5f19bcaa323b", "SelfIntroduceFileId": "5c5a7be0fbcb5f19bcaa4176", "PartyLogo": "https://storage.googleapis.com/candidate-thumbs/party/149.png", "CandididatePhoto": "https://storage.googleapis.com/candidate-thumbs/images/76-2-20.jpg"}, {"Unnamed: 0": 1802, "CandidateId": "3d51316d-4c03-472a-9c98-6c8652e52ece", "CandidateNo": 21, "FirstName": "ปราโมทย์", "LastName": "เพชรศาสตร์", "PartyName": "เศรษฐกิจใหม่", "PartyNumber": 193, "Title": "นาย", "Votable": true, "province_id": 76, "province_name": "เพชรบุรี", "zone_number": 2, "PartyTerminated": false, "Age": 52, "Occupation": "อาจารย์มหาวิทยาลัย", "HighestEducation": "ปริญญาเอก", "ImageFileId": "5c5aa462fbcb5f19bcab6686", "SelfIntroduceFileId": "5c5b8446fbcb5f16fc6513f9", "PartyLogo": "https://storage.googleapis.com/candidate-thumbs/party/193.png", "CandididatePhoto": "https://storage.googleapis.com/candidate-thumbs/images/76-2-21.jpg"}, {"Unnamed: 0": 1803, "CandidateId": "b0c5b6ae-60cb-4ab0-aa80-724aeaeaff36", "CandidateNo": 22, "FirstName": "พลภัทร", "LastName": "หอมแม้น", "PartyName": "ประชาธิปไตยใหม่", "PartyNumber": 109, "Title": "นาย", "Votable": true, "province_id": 76, "province_name": "เพชรบุรี", "zone_number": 2, "PartyTerminated": false, "Age": 53, "Occupation": "ธุรกิจส่วนตัว(อู่ซ่อมรถ)", "HighestEducation": "ปริญญาตรี", "ImageFileId": "5c5aaab3fbcb5f19bcab7efa", "SelfIntroduceFileId": "5c5ba32afbcb5f16fc659853", "PartyLogo": "https://storage.googleapis.com/candidate-thumbs/party/109.png", "CandididatePhoto": "https://storage.googleapis.com/candidate-thumbs/images/76-2-22.jpg"}, {"Unnamed: 0": 1804, "CandidateId": "eb1a9afc-96cb-4c26-87ab-dff011e6204e", "CandidateNo": 23, "FirstName": "ธนกิตติ์", "LastName": "ทองเพชร", "PartyName": "พลังไทสร้างชาติ", "PartyNumber": 200, "Title": "นาย", "Votable": true, "province_id": 76, "province_name": "เพชรบุรี", "zone_number": 2, "PartyTerminated": false, "Age": 63, "Occupation": "ข้าราชการบำนาญ", "HighestEducation": "ปริญญาโท", "ImageFileId": "5c5b9eccfbcb5f16fc65767f", "SelfIntroduceFileId": "5c5ba065fbcb5f16fc658252", "PartyLogo": "https://storage.googleapis.com/candidate-thumbs/party/200.png", "CandididatePhoto": "https://storage.googleapis.com/candidate-thumbs/images/76-2-23.jpg"}, {"Unnamed: 0": 1805, "CandidateId": "01d8c27c-b1d7-49aa-9b57-16387687e88a", "CandidateNo": 24, "FirstName": "พงษ์ประพันธ์", "LastName": "เถื่อนมา", "PartyName": "ครูไทยเพื่อประชาชน", "PartyNumber": 118, "Title": "นาย", "Votable": true, "province_id": 76, "province_name": "เพชรบุรี", "zone_number": 2, "PartyTerminated": false, "Age": 45, "Occupation": "เกษตรกร", "HighestEducation": "ต่ำกว่าปริญญาตรี", "ImageFileId": "5c5babeafbcb5f16fc65d4e8", "SelfIntroduceFileId": "5c5badacfbcb5f16fc65e09c", "PartyLogo": "https://storage.googleapis.com/candidate-thumbs/party/118.png", "CandididatePhoto": "https://storage.googleapis.com/candidate-thumbs/images/76-2-24.jpg"}, {"Unnamed: 0": 1806, "CandidateId": "97da65f7-868a-4bf7-aa64-4ca94afe3397", "CandidateNo": 25, "FirstName": "จิรพันธุ์", "LastName": "ภิรมย์ธีรโชติ", "PartyName": "ภาคีเครือข่ายไทย", "PartyNumber": 211, "Title": "นาย", "Votable": true, "province_id": 76, "province_name": "เพชรบุรี", "zone_number": 2, "PartyTerminated": false, "Age": 44, "Occupation": "รับจ้าง", "HighestEducation": "ปริญญาตรี", "ImageFileId": "5c5bbc72fbcb5f16fc6655e8", "SelfIntroduceFileId": "5c5bbe85fbcb5f16fc665f8a", "PartyLogo": "https://storage.googleapis.com/candidate-thumbs/party/211.png", "CandididatePhoto": "https://storage.googleapis.com/candidate-thumbs/images/76-2-25.jpg"}, {"Unnamed: 0": 1807, "CandidateId": "50214462-5b24-4b80-94b5-31be67f28056", "CandidateNo": 26, "FirstName": "อรรถ", "LastName": "รอดสวัสดิ์", "PartyName": "พลังชาติไทย", "PartyNumber": 186, "Title": "นาย", "Votable": true, "province_id": 76, "province_name": "เพชรบุรี", "zone_number": 2, "PartyTerminated": false, "Age": 70, "Occupation": "เกษตรกร", "HighestEducation": "ต่ำกว่าปริญญาตรี", "ImageFileId": "5c5bce4ffbcb5f16fc66b0f8", "SelfIntroduceFileId": "5c5bd02afbcb5f16fc66bd5c", "PartyLogo": "https://storage.googleapis.com/candidate-thumbs/party/186.png", "CandididatePhoto": "https://storage.googleapis.com/candidate-thumbs/images/76-2-26.jpg"}, {"Unnamed: 0": 1808, "CandidateId": "bea16fb9-3961-4644-911b-65d95bf99c61", "CandidateNo": 27, "FirstName": "พิณนภา", "LastName": "พฤกษาพรรณ", "PartyName": "กรีน", "PartyNumber": 206, "Title": "นางสาว", "Votable": true, "province_id": 76, "province_name": "เพชรบุรี", "zone_number": 2, "PartyTerminated": false, "Age": 32, "Occupation": "ทำไร่", "HighestEducation": "ต่ำกว่าปริญญาตรี", "ImageFileId": "5c5d3370fbcb5f0fd885deff", "SelfIntroduceFileId": "5c5d34fffbcb5f0fd885ea6b", "PartyLogo": "https://storage.googleapis.com/candidate-thumbs/party/206.png", "CandididatePhoto": "https://storage.googleapis.com/candidate-thumbs/images/76-2-27.jpg"}]