[{"Unnamed: 0": 6204, "CandidateId": "c3b5ffd8-0c06-42e9-8923-9ec72b55bc3e", "CandidateNo": 1, "FirstName": "รัตน์ธนวัตร", "LastName": "พุทธจันทร์", "PartyName": "อนาคตใหม่", "PartyNumber": 177, "Title": "นาย", "Votable": true, "province_id": 57, "province_name": "เชียงราย", "zone_number": 4, "PartyTerminated": false, "Age": 37, "Occupation": "ค้าขาย", "HighestEducation": "ปริญญาเอก", "ImageFileId": "5c57a6c9fbcb5f1eec0cea66", "SelfIntroduceFileId": "5c5aa02afbcb5f19bcab49a6", "PartyLogo": "https://storage.googleapis.com/candidate-thumbs/party/177.png", "CandididatePhoto": "https://storage.googleapis.com/candidate-thumbs/images/57-4-1.jpg"}, {"Unnamed: 0": 6205, "CandidateId": "aca9ece3-2b75-4fa8-990a-b4a8cc8f8043", "CandidateNo": 2, "FirstName": "เสงี่ยม", "LastName": "แสนพิช", "PartyName": "พลังประชารัฐ", "PartyNumber": 192, "Title": "นาย", "Votable": true, "province_id": 57, "province_name": "เชียงราย", "zone_number": 4, "PartyTerminated": false, "Age": 60, "Occupation": "พนักงานจ้าง", "HighestEducation": "ปริญญาโท", "ImageFileId": "5c57e443fbcb5f1eec0e3af3", "SelfIntroduceFileId": "5c5a3d76fbcb5f19bca8998b", "PartyLogo": "https://storage.googleapis.com/candidate-thumbs/party/192.png", "CandididatePhoto": "https://storage.googleapis.com/candidate-thumbs/images/57-4-2.jpg"}, {"Unnamed: 0": 6206, "CandidateId": "e2429fe5-a98f-427b-8bb3-feae72dafeca", "CandidateNo": 3, "FirstName": "สมฤทธิ์", "LastName": "หน่อท้าว", "PartyName": "พลังชาติไทย", "PartyNumber": 186, "Title": "พันโท", "Votable": true, "province_id": 57, "province_name": "เชียงราย", "zone_number": 4, "PartyTerminated": false, "Age": 61, "Occupation": "ข้าราชการทหาร", "HighestEducation": "ปริญญาตรี", "ImageFileId": "5c5a40bbfbcb5f19bca8aba3", "SelfIntroduceFileId": "5c5aa1a4fbcb5f19bcab53b9", "PartyLogo": "https://storage.googleapis.com/candidate-thumbs/party/186.png", "CandididatePhoto": "https://storage.googleapis.com/candidate-thumbs/images/57-4-3.jpg"}, {"Unnamed: 0": 6207, "CandidateId": "94095a61-7668-4586-a947-3db75b0ac28a", "CandidateNo": 4, "FirstName": "จีระศักดิ์", "LastName": "ร่มพนาธรรม", "PartyName": "ประชาชาติ", "PartyNumber": 187, "Title": "นาย", "Votable": true, "province_id": 57, "province_name": "เชียงราย", "zone_number": 4, "PartyTerminated": false, "Age": 53, "Occupation": "เกษตรกร", "HighestEducation": "ต่ำกว่าปริญญาตรี", "ImageFileId": "5c57fa4afbcb5f1eec0f0d73", "SelfIntroduceFileId": "5c5a49ebfbcb5f19bca8ee59", "PartyLogo": "https://storage.googleapis.com/candidate-thumbs/party/187.png", "CandididatePhoto": "https://storage.googleapis.com/candidate-thumbs/images/57-4-4.jpg"}, {"Unnamed: 0": 6208, "CandidateId": "8fd9641b-ffe2-4831-9c14-8109b72831a5", "CandidateNo": 5, "FirstName": "สมศักดิ์", "LastName": "พรมภิยะ", "PartyName": "เพื่อชาติ", "PartyNumber": 149, "Title": "สิบเอก", "Votable": true, "province_id": 57, "province_name": "เชียงราย", "zone_number": 4, "PartyTerminated": false, "Age": 60, "Occupation": "ข้าราชการครู", "HighestEducation": "ปริญญาโท", "ImageFileId": "5c58f979fbcb5f1d881380d1", "SelfIntroduceFileId": "5c5ce841fbcb5f16fc68be8b", "PartyLogo": "https://storage.googleapis.com/candidate-thumbs/party/149.png", "CandididatePhoto": "https://storage.googleapis.com/candidate-thumbs/images/57-4-5.jpg"}, {"Unnamed: 0": 6209, "CandidateId": "bee7853d-251a-415c-8676-b15784028c70", "CandidateNo": 6, "FirstName": "สัจจธรรม", "LastName": "นนท์ภู", "PartyName": "พลังท้องถิ่นไท", "PartyNumber": 124, "Title": "นาย", "Votable": true, "province_id": 57, "province_name": "เชียงราย", "zone_number": 4, "PartyTerminated": false, "Age": 56, "Occupation": "เกษตรกรรม", "HighestEducation": "ปริญญาตรี", "ImageFileId": "5c5a4d41fbcb5f19bca90cbe", "SelfIntroduceFileId": "5c5a4e83fbcb5f19bca915d5", "PartyLogo": "https://storage.googleapis.com/candidate-thumbs/party/124.png", "CandididatePhoto": "https://storage.googleapis.com/candidate-thumbs/images/57-4-6.jpg"}, {"Unnamed: 0": 6210, "CandidateId": "2c94af1c-c9b5-4c01-a4ed-42316ff7db9c", "CandidateNo": 7, "FirstName": "ชัยภักดิ์", "LastName": "แสงสุวรรณ", "PartyName": "ชาติพัฒนา", "PartyNumber": 45, "Title": "นาย", "Votable": true, "province_id": 57, "province_name": "เชียงราย", "zone_number": 4, "PartyTerminated": false, "Age": 74, "Occupation": "เกษตรกรเลี้ยงสัตว์", "HighestEducation": "ต่ำกว่าปริญญาตรี", "ImageFileId": "5c590960fbcb5f1d88143763", "SelfIntroduceFileId": "5c5a52e9fbcb5f19bca94294", "PartyLogo": "https://storage.googleapis.com/candidate-thumbs/party/45.png", "CandididatePhoto": "https://storage.googleapis.com/candidate-thumbs/images/57-4-7.jpg"}, {"Unnamed: 0": 6211, "CandidateId": "785a8ca4-145d-47cd-8cde-a84e7da6dfdc", "CandidateNo": 8, "FirstName": "พนิดา", "LastName": "มะโนธรรม", "PartyName": "ประชาภิวัฒน์", "PartyNumber": 172, "Title": "นางสาว", "Votable": true, "province_id": 57, "province_name": "เชียงราย", "zone_number": 4, "PartyTerminated": false, "Age": 49, "Occupation": "เกษตรกรรม", "HighestEducation": "ปริญญาตรี", "ImageFileId": "5c591467fbcb5f1d8814d4bc", "SelfIntroduceFileId": "5c59203ffbcb5f1d88153509", "PartyLogo": "https://storage.googleapis.com/candidate-thumbs/party/172.png", "CandididatePhoto": "https://storage.googleapis.com/candidate-thumbs/images/57-4-8.jpg"}, {"Unnamed: 0": 6212, "CandidateId": "d66b2478-7680-490c-bd76-cf8cb330325a", "CandidateNo": 9, "FirstName": "รังสรรค์", "LastName": "วันไชยธนวงศ์", "PartyName": "เพื่อไทย", "PartyNumber": 34, "Title": "นาย", "Votable": true, "province_id": 57, "province_name": "เชียงราย", "zone_number": 4, "PartyTerminated": false, "Age": 52, "Occupation": "นักการเมือง", "HighestEducation": "ปริญญาโท", "ImageFileId": "5c592b17fbcb5f1d8815b386", "SelfIntroduceFileId": "5c5cebd5fbcb5f16fc68d377", "PartyLogo": "https://storage.googleapis.com/candidate-thumbs/party/34.png", "CandididatePhoto": "https://storage.googleapis.com/candidate-thumbs/images/57-4-9.jpg"}, {"Unnamed: 0": 6213, "CandidateId": "d4e3d5fd-aa5b-4c12-9509-ea35f8fe41ce", "CandidateNo": 10, "FirstName": "เกษตรนพ", "LastName": "ยามี", "PartyName": "เสรีรวมไทย", "PartyNumber": 145, "Title": "นาย", "Votable": true, "province_id": 57, "province_name": "เชียงราย", "zone_number": 4, "PartyTerminated": false, "Age": 63, "Occupation": "ข้าราชการ", "HighestEducation": "ปริญญาตรี", "ImageFileId": "5c5a560cfbcb5f19bca95b46", "SelfIntroduceFileId": "5c594802fbcb5f1d88174c8c", "PartyLogo": "https://storage.googleapis.com/candidate-thumbs/party/145.png", "CandididatePhoto": "https://storage.googleapis.com/candidate-thumbs/images/57-4-10.jpg"}, {"Unnamed: 0": 6214, "CandidateId": "a7f2fcd6-d8a7-4b7e-aed8-8d5c9cbe3a3a", "CandidateNo": 11, "FirstName": "ศศิมณี", "LastName": "สิทธิขันแก้ว", "PartyName": "รักษ์ผืนป่าประเทศไทย", "PartyNumber": 133, "Title": "นางสาว", "Votable": true, "province_id": 57, "province_name": "เชียงราย", "zone_number": 4, "PartyTerminated": false, "Age": 60, "Occupation": "รับราชการ", "HighestEducation": "ปริญญาตรี", "ImageFileId": "5c594901fbcb5f1d881758c0", "SelfIntroduceFileId": "5c595145fbcb5f1d8817c3d5", "PartyLogo": "https://storage.googleapis.com/candidate-thumbs/party/133.png", "CandididatePhoto": "https://storage.googleapis.com/candidate-thumbs/images/57-4-11.jpg"}, {"Unnamed: 0": 6215, "CandidateId": "fba87b65-9d47-4356-bbf4-4cdf4b66b7b1", "CandidateNo": 12, "FirstName": "ทินกร", "LastName": "แกล้วกล้า", "PartyName": "ประชาธิปัตย์", "PartyNumber": 1, "Title": "นาย", "Votable": true, "province_id": 57, "province_name": "เชียงราย", "zone_number": 4, "PartyTerminated": false, "Age": 44, "Occupation": "นักจัดรายการวิทยุ", "HighestEducation": "ต่ำกว่าปริญญาตรี", "ImageFileId": "5c5a584afbcb5f19bca96beb", "SelfIntroduceFileId": "5c5aa3a4fbcb5f19bcab627b", "PartyLogo": "https://storage.googleapis.com/candidate-thumbs/party/1.png", "CandididatePhoto": "https://storage.googleapis.com/candidate-thumbs/images/57-4-12.jpg"}, {"Unnamed: 0": 6216, "CandidateId": "9949dc3f-be0b-4341-b999-9ed709f93359", "CandidateNo": 13, "FirstName": "สุรชาติ", "LastName": "ผิวแดง", "PartyName": "ภราดรภาพ", "PartyNumber": 154, "Title": "นาย", "Votable": true, "province_id": 57, "province_name": "เชียงราย", "zone_number": 4, "PartyTerminated": false, "Age": 49, "Occupation": "เกษตรกร", "HighestEducation": "ต่ำกว่าปริญญาตรี", "ImageFileId": "5c596038fbcb5f1d881821c0", "SelfIntroduceFileId": "5c596132fbcb5f1d88182307", "PartyLogo": "https://storage.googleapis.com/candidate-thumbs/party/154.png", "CandididatePhoto": "https://storage.googleapis.com/candidate-thumbs/images/57-4-13.jpg"}, {"Unnamed: 0": 6217, "CandidateId": "55038bbd-d660-4b55-a4cb-8a51b0382f1a", "CandidateNo": 14, "FirstName": "ศศิวิมล", "LastName": "แซ่จ๋าว", "PartyName": "พลังธรรมใหม่", "PartyNumber": 175, "Title": "นางสาว", "Votable": true, "province_id": 57, "province_name": "เชียงราย", "zone_number": 4, "PartyTerminated": false, "Age": 33, "Occupation": "ค้าขาย", "HighestEducation": "ต่ำกว่าปริญญาตรี", "ImageFileId": "5c596166fbcb5f1d881823c5", "SelfIntroduceFileId": "5c596256fbcb5f1d88182944", "PartyLogo": "https://storage.googleapis.com/candidate-thumbs/party/175.png", "CandididatePhoto": "https://storage.googleapis.com/candidate-thumbs/images/57-4-14.jpg"}, {"Unnamed: 0": 6218, "CandidateId": "ee0ff57f-3f37-4bf4-ad48-fab00199c658", "CandidateNo": 15, "FirstName": "กฤชกร", "LastName": "สิทธิขันแก้ว", "PartyName": "ประชานิยม", "PartyNumber": 191, "Title": "นาย", "Votable": true, "province_id": 57, "province_name": "เชียงราย", "zone_number": 4, "PartyTerminated": false, "Age": 35, "Occupation": "ผู้แทนฝ่ายขายต่างจังหวัด", "HighestEducation": "ต่ำกว่าปริญญาตรี", "ImageFileId": "5c5962affbcb5f1d88182a5e", "SelfIntroduceFileId": "5c5aa4dbfbcb5f19bcab684c", "PartyLogo": "https://storage.googleapis.com/candidate-thumbs/party/191.png", "CandididatePhoto": "https://storage.googleapis.com/candidate-thumbs/images/57-4-15.jpg"}, {"Unnamed: 0": 6219, "CandidateId": "b0b90cc1-75d0-431f-ae16-6802d25fc478", "CandidateNo": 16, "FirstName": "ธวัชชัย", "LastName": "จรูญชาติ", "PartyName": "รวมพลังประชาชาติไทย", "PartyNumber": 181, "Title": "นาย", "Votable": true, "province_id": 57, "province_name": "เชียงราย", "zone_number": 4, "PartyTerminated": false, "Age": 34, "Occupation": "นักศึกษาปริญญาเอก/เกษตรกร", "HighestEducation": "ปริญญาโท", "ImageFileId": "5c5965e1fbcb5f1d88183293", "SelfIntroduceFileId": "5c59668ffbcb5f1d8818352d", "PartyLogo": "https://storage.googleapis.com/candidate-thumbs/party/181.png", "CandididatePhoto": "https://storage.googleapis.com/candidate-thumbs/images/57-4-16.jpg"}, {"Unnamed: 0": 6220, "CandidateId": "395a4964-27ff-4b8a-bb4d-972d8f45e87b", "CandidateNo": 17, "FirstName": "วิวัฒน์", "LastName": "สิงห์ใจ", "PartyName": "ภูมิใจไทย", "PartyNumber": 63, "Title": "นาย", "Votable": true, "province_id": 57, "province_name": "เชียงราย", "zone_number": 4, "PartyTerminated": false, "Age": 28, "Occupation": "พนักงานบริษัท", "HighestEducation": "ปริญญาตรี", "ImageFileId": "5c596447fbcb5f1d88182cce", "SelfIntroduceFileId": "5c5cf93afbcb5f0fd88448db", "PartyLogo": "https://storage.googleapis.com/candidate-thumbs/party/63.png", "CandididatePhoto": "https://storage.googleapis.com/candidate-thumbs/images/57-4-17.jpg"}, {"Unnamed: 0": 6221, "CandidateId": "e3ece9a0-cf2e-4251-acc0-4d78dddf8707", "CandidateNo": 18, "FirstName": "คงศักดิ์", "LastName": "นาถประเสริฐสกุล", "PartyName": "ชาติไทยพัฒนา", "PartyNumber": 55, "Title": "นาย", "Votable": true, "province_id": 57, "province_name": "เชียงราย", "zone_number": 4, "PartyTerminated": false, "Age": 53, "Occupation": "ว่างงาน", "HighestEducation": "ต่ำกว่าปริญญาตรี", "ImageFileId": "5c5952fbfbcb5f1d8817d669", "SelfIntroduceFileId": "5c5aa793fbcb5f19bcab738e", "PartyLogo": "https://storage.googleapis.com/candidate-thumbs/party/55.png", "CandididatePhoto": "https://storage.googleapis.com/candidate-thumbs/images/57-4-18.jpg"}, {"Unnamed: 0": 6222, "CandidateId": "118640a9-9206-41ab-85ef-d1d0c41224cf", "CandidateNo": 19, "FirstName": "ประพัฒน์", "LastName": "จิตสม", "PartyName": "พลังไทยรักไทย", "PartyNumber": 185, "Title": "นาย", "Votable": true, "province_id": 57, "province_name": "เชียงราย", "zone_number": 4, "PartyTerminated": false, "Age": 61, "Occupation": "ข้าราชการบำนาญ", "HighestEducation": "ต่ำกว่าปริญญาตรี", "ImageFileId": "5c5aa96ffbcb5f19bcab7bd5", "SelfIntroduceFileId": "5c5b9245fbcb5f16fc6536ab", "PartyLogo": "https://storage.googleapis.com/candidate-thumbs/party/185.png", "CandididatePhoto": "https://storage.googleapis.com/candidate-thumbs/images/57-4-19.jpg"}, {"Unnamed: 0": 6223, "CandidateId": "04b5787b-a162-4666-ae20-932df5e6af0b", "CandidateNo": 20, "FirstName": "นงนุช", "LastName": "บุตรโสม", "PartyName": "มหาชน", "PartyNumber": 4, "Title": "นางสาว", "Votable": true, "province_id": 57, "province_name": "เชียงราย", "zone_number": 4, "PartyTerminated": false, "Age": 39, "Occupation": "รับจ้าง", "HighestEducation": "ต่ำกว่าปริญญาตรี", "ImageFileId": "5c5a99f1fbcb5f19bcab1e16", "SelfIntroduceFileId": "5c5a9c12fbcb5f19bcab2e45", "PartyLogo": "https://storage.googleapis.com/candidate-thumbs/party/4.png", "CandididatePhoto": "https://storage.googleapis.com/candidate-thumbs/images/57-4-20.jpg"}, {"Unnamed: 0": 6224, "CandidateId": "c423bb5d-86d4-4c95-94cc-d82442530bde", "CandidateNo": 21, "FirstName": "จรัล", "LastName": "อำภัย", "PartyName": "ประชากรไทย", "PartyNumber": 2, "Title": "นาย", "Votable": false, "province_id": 57, "province_name": "เชียงราย", "zone_number": 4, "PartyTerminated": false, "Age": 37, "Occupation": "เกษตรกร", "HighestEducation": "ต่ำกว่าปริญญาตรี", "ImageFileId": "5c5a9c81fbcb5f19bcab30bf", "SelfIntroduceFileId": "5c5a9dc2fbcb5f19bcab39cd", "PartyLogo": "https://storage.googleapis.com/candidate-thumbs/party/2.png", "CandididatePhoto": "https://storage.googleapis.com/candidate-thumbs/images/57-4-21.jpg"}, {"Unnamed: 0": 6225, "CandidateId": "9651c8f8-5240-4fbf-90aa-6790b1dfac5e", "CandidateNo": 22, "FirstName": "คชาชาญ", "LastName": "แสงแก้ว", "PartyName": "พลังปวงชนไทย", "PartyNumber": 184, "Title": "นาย", "Votable": true, "province_id": 57, "province_name": "เชียงราย", "zone_number": 4, "PartyTerminated": false, "Age": 32, "Occupation": "ธุรกิจส่วนตัว", "HighestEducation": "ปริญญาตรี", "ImageFileId": "5c5b9ff8fbcb5f16fc657fbd", "SelfIntroduceFileId": "5c5ba19ffbcb5f16fc658cfb", "PartyLogo": "https://storage.googleapis.com/candidate-thumbs/party/184.png", "CandididatePhoto": "https://storage.googleapis.com/candidate-thumbs/images/57-4-22.jpg"}, {"Unnamed: 0": 6226, "CandidateId": "231a4559-12bc-4b10-85c1-b9afac4f2ba4", "CandidateNo": 23, "FirstName": "ศิริชัย", "LastName": "มะนิก", "PartyName": "ประชาธรรมไทย", "PartyNumber": 190, "Title": "นาย", "Votable": true, "province_id": 57, "province_name": "เชียงราย", "zone_number": 4, "PartyTerminated": false, "Age": 30, "Occupation": "ธุรกิจส่วนตัว", "HighestEducation": "ปริญญาตรี", "ImageFileId": "5c5bacb3fbcb5f16fc65d95e", "SelfIntroduceFileId": "5c5becb8fbcb5f16fc67a7d3", "PartyLogo": "https://storage.googleapis.com/candidate-thumbs/party/190.png", "CandididatePhoto": "https://storage.googleapis.com/candidate-thumbs/images/57-4-23.jpg"}, {"Unnamed: 0": 6227, "CandidateId": "fb9b2123-3f9d-43dd-9c63-b73f3b3c15c0", "CandidateNo": 24, "FirstName": "ประสงค์", "LastName": "ชนะชัย", "PartyName": "พลเมืองไทย", "PartyNumber": 173, "Title": "นาย", "Votable": true, "province_id": 57, "province_name": "เชียงราย", "zone_number": 4, "PartyTerminated": false, "Age": 77, "Occupation": "ธุรกิจส่วนตัว", "HighestEducation": "ต่ำกว่าปริญญาตรี", "ImageFileId": "5c5bc860fbcb5f16fc668831", "SelfIntroduceFileId": "5c5bcd0dfbcb5f16fc66a69f", "PartyLogo": "https://storage.googleapis.com/candidate-thumbs/party/173.png", "CandididatePhoto": "https://storage.googleapis.com/candidate-thumbs/images/57-4-24.jpg"}, {"Unnamed: 0": 6228, "CandidateId": "e2466e45-e9f2-4e10-a8f0-de8fc8b28f56", "CandidateNo": 25, "FirstName": "วรศาสส์", "LastName": "จับใจ", "PartyName": "ประชาชนปฏิรูป", "PartyNumber": 176, "Title": "นาย", "Votable": true, "province_id": 57, "province_name": "เชียงราย", "zone_number": 4, "PartyTerminated": false, "Age": 49, "Occupation": "ทนายความ", "HighestEducation": "ปริญญาตรี", "ImageFileId": "5c5bd5d6fbcb5f16fc66e58c", "SelfIntroduceFileId": "5c5bda31fbcb5f16fc67096b", "PartyLogo": "https://storage.googleapis.com/candidate-thumbs/party/176.png", "CandididatePhoto": "https://storage.googleapis.com/candidate-thumbs/images/57-4-25.jpg"}, {"Unnamed: 0": 6229, "CandidateId": "e4262e59-112a-4329-be85-88504dce3fd5", "CandidateNo": 26, "FirstName": "บุญเทียน", "LastName": "เรือนคำ", "PartyName": "เศรษฐกิจใหม่", "PartyNumber": 193, "Title": "นาง", "Votable": true, "province_id": 57, "province_name": "เชียงราย", "zone_number": 4, "PartyTerminated": false, "Age": 55, "Occupation": "แม่บ้าน", "HighestEducation": "ต่ำกว่าปริญญาตรี", "ImageFileId": "5c5bdd21fbcb5f16fc67236b", "SelfIntroduceFileId": "5c5bde4efbcb5f16fc672e0f", "PartyLogo": "https://storage.googleapis.com/candidate-thumbs/party/193.png", "CandididatePhoto": "https://storage.googleapis.com/candidate-thumbs/images/57-4-26.jpg"}, {"Unnamed: 0": 6230, "CandidateId": "de1890a3-7079-487a-a931-09a73434cd90", "CandidateNo": 27, "FirstName": "กิตติคุณ", "LastName": "มกรมณเฑียร", "PartyName": "ครูไทยเพื่อประชาชน", "PartyNumber": 118, "Title": "นาย", "Votable": true, "province_id": 57, "province_name": "เชียงราย", "zone_number": 4, "PartyTerminated": false, "Age": 29, "Occupation": "ครูเอกชน", "HighestEducation": "ปริญญาตรี", "ImageFileId": "5c5be03cfbcb5f16fc673dd2", "SelfIntroduceFileId": "5c5be2bffbcb5f16fc675337", "PartyLogo": "https://storage.googleapis.com/candidate-thumbs/party/118.png", "CandididatePhoto": "https://storage.googleapis.com/candidate-thumbs/images/57-4-27.jpg"}, {"Unnamed: 0": 6231, "CandidateId": "f0c198c7-313b-4ce9-a8bb-818ddf03a1ef", "CandidateNo": 28, "FirstName": "ประชัน", "LastName": "จันระวังยศ", "PartyName": "พลังครูไทย", "PartyNumber": 210, "Title": "นาย", "Votable": true, "province_id": 57, "province_name": "เชียงราย", "zone_number": 4, "PartyTerminated": false, "Age": 59, "Occupation": "ข้าราชการบำนาญ", "HighestEducation": "ปริญญาโท", "ImageFileId": "5c5be495fbcb5f16fc675f6e", "SelfIntroduceFileId": "5c5be775fbcb5f16fc677a3f", "PartyLogo": "https://storage.googleapis.com/candidate-thumbs/party/210.png", "CandididatePhoto": "https://storage.googleapis.com/candidate-thumbs/images/57-4-28.jpg"}, {"Unnamed: 0": 6232, "CandidateId": "1bdafd5b-0704-4938-8925-b3c36b21788d", "CandidateNo": 29, "FirstName": "ศุภนันท์", "LastName": "แสงบุญเรือง", "PartyName": "สามัญชน", "PartyNumber": 209, "Title": "นาย", "Votable": true, "province_id": 57, "province_name": "เชียงราย", "zone_number": 4, "PartyTerminated": false, "Age": 28, "Occupation": "รับจ้างทั่วไป", "HighestEducation": "ต่ำกว่าปริญญาตรี", "ImageFileId": "5c5bef9bfbcb5f16fc67c36f", "SelfIntroduceFileId": "5c5bf0d1fbcb5f16fc67cbad", "PartyLogo": "https://storage.googleapis.com/candidate-thumbs/party/209.png", "CandididatePhoto": "https://storage.googleapis.com/candidate-thumbs/images/57-4-29.jpg"}, {"Unnamed: 0": 6233, "CandidateId": "359007b6-ed9f-4dfd-b63e-e3849cdd6453", "CandidateNo": 30, "FirstName": "ณฐศร", "LastName": "สมวรรณ์", "PartyName": "ชาติพันธุ์ไทย", "PartyNumber": 196, "Title": "ร้อยตรี", "Votable": true, "province_id": 57, "province_name": "เชียงราย", "zone_number": 4, "PartyTerminated": false, "Age": 56, "Occupation": "ข้าราชการทหาร", "HighestEducation": "ต่ำกว่าปริญญาตรี", "ImageFileId": "5c5d0578fbcb5f0fd884b118", "SelfIntroduceFileId": "5c5d0aacfbcb5f0fd884d393", "PartyLogo": "https://storage.googleapis.com/candidate-thumbs/party/196.png", "CandididatePhoto": "https://storage.googleapis.com/candidate-thumbs/images/57-4-30.jpg"}, {"Unnamed: 0": 6234, "CandidateId": "5bf66cb8-7d68-438e-8176-f1980ed8641f", "CandidateNo": 31, "FirstName": "อติพร", "LastName": "เสาหิน", "PartyName": "ถิ่นกาขาวชาววิไล", "PartyNumber": 129, "Title": "นาง", "Votable": true, "province_id": 57, "province_name": "เชียงราย", "zone_number": 4, "PartyTerminated": false, "Age": 64, "Occupation": "ธุรกิจส่วนตัว", "HighestEducation": "ต่ำกว่าปริญญาตรี", "ImageFileId": "5c5d16c8fbcb5f0fd885087c", "SelfIntroduceFileId": "5c5d199efbcb5f0fd88514fd", "PartyLogo": "https://storage.googleapis.com/candidate-thumbs/party/129.png", "CandididatePhoto": "https://storage.googleapis.com/candidate-thumbs/images/57-4-31.jpg"}, {"Unnamed: 0": 6235, "CandidateId": "7eb345c9-d1ee-4f0a-892b-0c262a398d77", "CandidateNo": 32, "FirstName": "สุรพล", "LastName": "เทพวงศ์", "PartyName": "พลังประชาธิปไตย", "PartyNumber": 153, "Title": "นาย", "Votable": true, "province_id": 57, "province_name": "เชียงราย", "zone_number": 4, "PartyTerminated": false, "Age": 73, "Occupation": "รับราชการตำรวจ", "HighestEducation": "ต่ำกว่าปริญญาตรี", "ImageFileId": "5c5d49f4fbcb5f0fd886ba09", "SelfIntroduceFileId": "5c5d4c5efbcb5f0fd886d826", "PartyLogo": "https://storage.googleapis.com/candidate-thumbs/party/153.png", "CandididatePhoto": "https://storage.googleapis.com/candidate-thumbs/images/57-4-32.jpg"}, {"Unnamed: 0": 6236, "CandidateId": "67174bc5-ed1a-42dc-860b-467013bf0a5c", "CandidateNo": 33, "FirstName": "นงลักษณ์", "LastName": "เทพทองพันธ์", "PartyName": "ไทรักธรรม", "PartyNumber": 144, "Title": "นาง", "Votable": true, "province_id": 57, "province_name": "เชียงราย", "zone_number": 4, "PartyTerminated": false, "Age": 47, "Occupation": "เกษตรกร/ค้าขาย", "HighestEducation": "ปริญญาตรี", "ImageFileId": "5c5d4eedfbcb5f0fd886f084", "SelfIntroduceFileId": "5c5d4f44fbcb5f0fd886f41f", "PartyLogo": "https://storage.googleapis.com/candidate-thumbs/party/144.png", "CandididatePhoto": "https://storage.googleapis.com/candidate-thumbs/images/57-4-33.jpg"}, {"Unnamed: 0": 6237, "CandidateId": "ff1759fc-905d-48e8-80b7-8b0d7598c911", "CandidateNo": 34, "FirstName": "อารีวัลย์", "LastName": "เครือปัญญา", "PartyName": "แทนคุณแผ่นดิน", "PartyNumber": 53, "Title": "นาง", "Votable": false, "province_id": 57, "province_name": "เชียงราย", "zone_number": 4, "PartyTerminated": false, "Age": 54, "Occupation": "ค้าขาย", "HighestEducation": "ต่ำกว่าปริญญาตรี", "ImageFileId": "5c5d58f6fbcb5f0fd8876d39", "SelfIntroduceFileId": "5c5d5baffbcb5f0fd8878786", "PartyLogo": "https://storage.googleapis.com/candidate-thumbs/party/53.png", "CandididatePhoto": "https://storage.googleapis.com/candidate-thumbs/images/57-4-34.jpg"}]