[{"Unnamed: 0": 4564, "CandidateId": "6c61532c-4fe4-48f4-b47f-2ab76fe03b66", "CandidateNo": 1, "FirstName": "ศุภณัฏฐ์", "LastName": "นามนรเศรษฐ์", "PartyName": "ไทยรักษาชาติ", "PartyNumber": 77, "Title": "พันตำรวจเอก", "Votable": true, "province_id": 67, "province_name": "เพชรบูรณ์", "zone_number": 4, "PartyTerminated": true, "Age": 63, "Occupation": "ข้าราชการบำนาญ ตำรวจ", "HighestEducation": "ปริญญาโท", "ImageFileId": "5c57b1acfbcb5f1eec0d09ac", "SelfIntroduceFileId": "5c593a00fbcb5f1d88168b44", "PartyLogo": "https://storage.googleapis.com/candidate-thumbs/party/77.png", "CandididatePhoto": "https://storage.googleapis.com/candidate-thumbs/images/67-4-1.jpg"}, {"Unnamed: 0": 4565, "CandidateId": "310c3e57-2337-431e-968a-5359ff6eda17", "CandidateNo": 2, "FirstName": "พัชรีนิษฐ์", "LastName": "สุขเสถียร", "PartyName": "ประชาชนปฏิรูป", "PartyNumber": 176, "Title": "นางสาว", "Votable": true, "province_id": 67, "province_name": "เพชรบูรณ์", "zone_number": 4, "PartyTerminated": false, "Age": 47, "Occupation": "แม่บ้าน", "HighestEducation": "ปริญญาตรี", "ImageFileId": "5c57b40efbcb5f1eec0d1445", "SelfIntroduceFileId": "5c593a5cfbcb5f1d881690a9", "PartyLogo": "https://storage.googleapis.com/candidate-thumbs/party/176.png", "CandididatePhoto": "https://storage.googleapis.com/candidate-thumbs/images/67-4-2.jpg"}, {"Unnamed: 0": 4566, "CandidateId": "578e85ee-43a3-4aee-8033-cd2e28124afb", "CandidateNo": 3, "FirstName": "เกรียงไกร", "LastName": "เกษาอาด", "PartyName": "พลังท้องถิ่นไท", "PartyNumber": 124, "Title": "นาย", "Votable": true, "province_id": 67, "province_name": "เพชรบูรณ์", "zone_number": 4, "PartyTerminated": false, "Age": 59, "Occupation": "เกษตรกรรม", "HighestEducation": "ปริญญาตรี", "ImageFileId": "5c57b5cbfbcb5f1eec0d1db0", "SelfIntroduceFileId": "5c593a9bfbcb5f1d88169525", "PartyLogo": "https://storage.googleapis.com/candidate-thumbs/party/124.png", "CandididatePhoto": "https://storage.googleapis.com/candidate-thumbs/images/67-4-3.jpg"}, {"Unnamed: 0": 4567, "CandidateId": "ca3cfef1-f61a-4b78-a7f3-f1e23ab48a81", "CandidateNo": 4, "FirstName": "ปิ่นปินัทธ์", "LastName": "สุดทำนอง", "PartyName": "ประชาธิปัตย์", "PartyNumber": 1, "Title": "นางสาว", "Votable": true, "province_id": 67, "province_name": "เพชรบูรณ์", "zone_number": 4, "PartyTerminated": false, "Age": 33, "Occupation": "ธุรกิจส่วนตัว", "HighestEducation": "ปริญญาเอก", "ImageFileId": "5c57b7aafbcb5f1eec0d284c", "SelfIntroduceFileId": "5c593ae7fbcb5f1d8816990f", "PartyLogo": "https://storage.googleapis.com/candidate-thumbs/party/1.png", "CandididatePhoto": "https://storage.googleapis.com/candidate-thumbs/images/67-4-4.jpg"}, {"Unnamed: 0": 4568, "CandidateId": "b4b49447-1fec-4f17-8093-8a00c4783d3e", "CandidateNo": 5, "FirstName": "ประกายแก้ว", "LastName": "จันทร์หอม", "PartyName": "รักษ์ผืนป่าประเทศไทย", "PartyNumber": 133, "Title": "นางสาว", "Votable": true, "province_id": 67, "province_name": "เพชรบูรณ์", "zone_number": 4, "PartyTerminated": false, "Age": 45, "Occupation": "ค้าขาย", "HighestEducation": "ต่ำกว่าปริญญาตรี", "ImageFileId": "5c57b97afbcb5f1eec0d33d9", "SelfIntroduceFileId": "5c593b45fbcb5f1d88169d55", "PartyLogo": "https://storage.googleapis.com/candidate-thumbs/party/133.png", "CandididatePhoto": "https://storage.googleapis.com/candidate-thumbs/images/67-4-5.jpg"}, {"Unnamed: 0": 4569, "CandidateId": "f3d16205-5a74-4da5-934a-4d9337b4a500", "CandidateNo": 6, "FirstName": "ปัณณทัต", "LastName": "ปานเงิน", "PartyName": "ประชาภิวัฒน์", "PartyNumber": 172, "Title": "นาย", "Votable": false, "province_id": 67, "province_name": "เพชรบูรณ์", "zone_number": 4, "PartyTerminated": false, "Age": 43, "Occupation": "นักการเมือง", "HighestEducation": "ปริญญาตรี", "ImageFileId": "5c57bc2cfbcb5f1eec0d491c", "SelfIntroduceFileId": "5c593b78fbcb5f1d88169f4b", "PartyLogo": "https://storage.googleapis.com/candidate-thumbs/party/172.png", "CandididatePhoto": "https://storage.googleapis.com/candidate-thumbs/images/67-4-6.jpg"}, {"Unnamed: 0": 4570, "CandidateId": "adfb1504-24ba-4882-98ff-d5622193a45c", "CandidateNo": 7, "FirstName": "ทวีศักดิ์", "LastName": "เชื้อบุญมี", "PartyName": "รวมพลังประชาชาติไทย", "PartyNumber": 181, "Title": "นาย", "Votable": true, "province_id": 67, "province_name": "เพชรบูรณ์", "zone_number": 4, "PartyTerminated": false, "Age": 63, "Occupation": "ค้าขาย", "HighestEducation": "ปริญญาตรี", "ImageFileId": "5c57c009fbcb5f1eec0d6646", "SelfIntroduceFileId": "5c593bacfbcb5f1d8816a193", "PartyLogo": "https://storage.googleapis.com/candidate-thumbs/party/181.png", "CandididatePhoto": "https://storage.googleapis.com/candidate-thumbs/images/67-4-7.jpg"}, {"Unnamed: 0": 4571, "CandidateId": "701383a6-3f4c-445e-a954-0f8d92463147", "CandidateNo": 8, "FirstName": "ศุภวัฒน์", "LastName": "เมธาวัชรินทร์", "PartyName": "ภูมิใจไทย", "PartyNumber": 63, "Title": "จ่าอากาศเอก", "Votable": true, "province_id": 67, "province_name": "เพชรบูรณ์", "zone_number": 4, "PartyTerminated": false, "Age": 47, "Occupation": "ธุรกิจส่วนตัว", "HighestEducation": "ปริญญาตรี", "ImageFileId": "5c57c69dfbcb5f1eec0da1c4", "SelfIntroduceFileId": "5c593be4fbcb5f1d8816a32b", "PartyLogo": "https://storage.googleapis.com/candidate-thumbs/party/63.png", "CandididatePhoto": "https://storage.googleapis.com/candidate-thumbs/images/67-4-8.jpg"}, {"Unnamed: 0": 4572, "CandidateId": "a3035237-dc20-444f-8f3c-d13bc09f9da9", "CandidateNo": 9, "FirstName": "กิตติคุณ", "LastName": "นาคะบุตร", "PartyName": "เพื่อไทย", "PartyNumber": 34, "Title": "พันจ่าอากาศโท", "Votable": true, "province_id": 67, "province_name": "เพชรบูรณ์", "zone_number": 4, "PartyTerminated": false, "Age": 72, "Occupation": "ธุรกิจส่วนตัว", "HighestEducation": "ปริญญาตรี", "ImageFileId": "5c57c88dfbcb5f1eec0db0e1", "SelfIntroduceFileId": "5c593c14fbcb5f1d8816a529", "PartyLogo": "https://storage.googleapis.com/candidate-thumbs/party/34.png", "CandididatePhoto": "https://storage.googleapis.com/candidate-thumbs/images/67-4-9.jpg"}, {"Unnamed: 0": 4573, "CandidateId": "1c931279-6249-4385-84cf-50fd89a954c5", "CandidateNo": 10, "FirstName": "จักรวาลย์", "LastName": "พรมตู้", "PartyName": "อนาคตใหม่", "PartyNumber": 177, "Title": "นาย", "Votable": true, "province_id": 67, "province_name": "เพชรบูรณ์", "zone_number": 4, "PartyTerminated": false, "Age": 37, "Occupation": "เกษตรกรรม", "HighestEducation": "ปริญญาตรี", "ImageFileId": "5c57ca96fbcb5f1eec0db9ea", "SelfIntroduceFileId": "5c593c45fbcb5f1d8816a6dc", "PartyLogo": "https://storage.googleapis.com/candidate-thumbs/party/177.png", "CandididatePhoto": "https://storage.googleapis.com/candidate-thumbs/images/67-4-10.jpg"}, {"Unnamed: 0": 4574, "CandidateId": "1da1b3e3-6917-4a9a-a79e-6b724c7acf01", "CandidateNo": 11, "FirstName": "กฤษณพงศ์", "LastName": "สอนน้อย", "PartyName": "เสรีรวมไทย", "PartyNumber": 145, "Title": "นาย", "Votable": true, "province_id": 67, "province_name": "เพชรบูรณ์", "zone_number": 4, "PartyTerminated": false, "Age": 54, "Occupation": "ธุรกิจส่วนตัว", "HighestEducation": "ปริญญาตรี", "ImageFileId": "5c57cd88fbcb5f1eec0dc4b6", "SelfIntroduceFileId": "5c593d07fbcb5f1d8816b0cf", "PartyLogo": "https://storage.googleapis.com/candidate-thumbs/party/145.png", "CandididatePhoto": "https://storage.googleapis.com/candidate-thumbs/images/67-4-11.jpg"}, {"Unnamed: 0": 4575, "CandidateId": "9ef981a7-e604-4f0a-83f0-3a5fadffdc40", "CandidateNo": 12, "FirstName": "สมศักดิ์", "LastName": "สังแตง", "PartyName": "พลังปวงชนไทย", "PartyNumber": 184, "Title": "นาย", "Votable": true, "province_id": 67, "province_name": "เพชรบูรณ์", "zone_number": 4, "PartyTerminated": false, "Age": 60, "Occupation": "เกษตรกรรม", "HighestEducation": "ปริญญาตรี", "ImageFileId": "5c57d3e8fbcb5f1eec0ddba3", "SelfIntroduceFileId": "5c593cc4fbcb5f1d8816ad74", "PartyLogo": "https://storage.googleapis.com/candidate-thumbs/party/184.png", "CandididatePhoto": "https://storage.googleapis.com/candidate-thumbs/images/67-4-12.jpg"}, {"Unnamed: 0": 4576, "CandidateId": "8844d32b-26e5-422b-9636-b319899cc8bd", "CandidateNo": 13, "FirstName": "สุรศักดิ์", "LastName": "อนรรฆพันธ์", "PartyName": "พลังประชารัฐ", "PartyNumber": 192, "Title": "นาย", "Votable": true, "province_id": 67, "province_name": "เพชรบูรณ์", "zone_number": 4, "PartyTerminated": false, "Age": 65, "Occupation": "นักการเมือง,เกษตรกรรม", "HighestEducation": "ปริญญาโท", "ImageFileId": "5c57d57afbcb5f1eec0de4ad", "SelfIntroduceFileId": "5c593d66fbcb5f1d8816b66d", "PartyLogo": "https://storage.googleapis.com/candidate-thumbs/party/192.png", "CandididatePhoto": "https://storage.googleapis.com/candidate-thumbs/images/67-4-13.jpg"}, {"Unnamed: 0": 4577, "CandidateId": "11f9c9eb-2cff-456a-911e-9d1c5d686ec3", "CandidateNo": 14, "FirstName": "พีระชัย", "LastName": "แสนคำ", "PartyName": "ชาติไทยพัฒนา", "PartyNumber": 55, "Title": "นาย", "Votable": true, "province_id": 67, "province_name": "เพชรบูรณ์", "zone_number": 4, "PartyTerminated": false, "Age": 59, "Occupation": "รับจ้าง", "HighestEducation": "ต่ำกว่าปริญญาตรี", "ImageFileId": "5c57d6ecfbcb5f1eec0deb8f", "SelfIntroduceFileId": "5c593d98fbcb5f1d8816b8ea", "PartyLogo": "https://storage.googleapis.com/candidate-thumbs/party/55.png", "CandididatePhoto": "https://storage.googleapis.com/candidate-thumbs/images/67-4-14.jpg"}, {"Unnamed: 0": 4578, "CandidateId": "30edd1bc-c38c-4578-9d79-d33527c6c0e6", "CandidateNo": 15, "FirstName": "ละเอียด", "LastName": "น้อยทา", "PartyName": "พลังชาติไทย", "PartyNumber": 186, "Title": "นาง", "Votable": true, "province_id": 67, "province_name": "เพชรบูรณ์", "zone_number": 4, "PartyTerminated": false, "Age": 53, "Occupation": "ผู้ใหญ่บ้าน", "HighestEducation": "ปริญญาตรี", "ImageFileId": "5c57d83bfbcb5f1eec0deff1", "SelfIntroduceFileId": "5c593dd8fbcb5f1d8816bce5", "PartyLogo": "https://storage.googleapis.com/candidate-thumbs/party/186.png", "CandididatePhoto": "https://storage.googleapis.com/candidate-thumbs/images/67-4-15.jpg"}, {"Unnamed: 0": 4579, "CandidateId": "085e4c78-cd07-48db-b3a7-7d3dfd098a30", "CandidateNo": 16, "FirstName": "กุล", "LastName": "บัวศรี", "PartyName": "ประชาธิปไตยใหม่", "PartyNumber": 109, "Title": "ร้อยตรี", "Votable": true, "province_id": 67, "province_name": "เพชรบูรณ์", "zone_number": 4, "PartyTerminated": false, "Age": 56, "Occupation": "รับราชการทหาร", "HighestEducation": "ปริญญาตรี", "ImageFileId": "5c57da25fbcb5f1eec0dfa2d", "SelfIntroduceFileId": "5c593e08fbcb5f1d8816c058", "PartyLogo": "https://storage.googleapis.com/candidate-thumbs/party/109.png", "CandididatePhoto": "https://storage.googleapis.com/candidate-thumbs/images/67-4-16.jpg"}, {"Unnamed: 0": 4580, "CandidateId": "92c6b356-e6cd-4ac7-876d-23bbb9bf6225", "CandidateNo": 17, "FirstName": "บุญเสริม", "LastName": "สิงห์ทอง", "PartyName": "เพื่อชาติ", "PartyNumber": 149, "Title": "นาย", "Votable": true, "province_id": 67, "province_name": "เพชรบูรณ์", "zone_number": 4, "PartyTerminated": false, "Age": 64, "Occupation": "รับราชการครู", "HighestEducation": "ปริญญาโท", "ImageFileId": "5c57db48fbcb5f1eec0dff8b", "SelfIntroduceFileId": "5c593e2cfbcb5f1d8816c224", "PartyLogo": "https://storage.googleapis.com/candidate-thumbs/party/149.png", "CandididatePhoto": "https://storage.googleapis.com/candidate-thumbs/images/67-4-17.jpg"}, {"Unnamed: 0": 4581, "CandidateId": "f0400fad-bcff-48a4-b579-f20a1f37eb51", "CandidateNo": 18, "FirstName": "กรวัฎฐณกิจ", "LastName": "กรอัครินทร์", "PartyName": "เพื่อแผ่นดิน", "PartyNumber": 41, "Title": "ร้อยตรี", "Votable": true, "province_id": 67, "province_name": "เพชรบูรณ์", "zone_number": 4, "PartyTerminated": false, "Age": 58, "Occupation": "ข้าราชการบำนาญ", "HighestEducation": "ต่ำกว่าปริญญาตรี", "ImageFileId": "5c57eb0dfbcb5f1eec0e73dd", "SelfIntroduceFileId": "5c593e55fbcb5f1d8816c37a", "PartyLogo": "https://storage.googleapis.com/candidate-thumbs/party/41.png", "CandididatePhoto": "https://storage.googleapis.com/candidate-thumbs/images/67-4-18.jpg"}, {"Unnamed: 0": 4582, "CandidateId": "e20189d8-170a-4c54-9798-bf9a68c02e92", "CandidateNo": 19, "FirstName": "นะรินวัลย์", "LastName": "คล้ายเดชนิลินัน", "PartyName": "ทางเลือกใหม่", "PartyNumber": 170, "Title": "นางสาว", "Votable": true, "province_id": 67, "province_name": "เพชรบูรณ์", "zone_number": 4, "PartyTerminated": false, "Age": 37, "Occupation": "ขายฮอร์โมนชีวภาพเพื่อการเกษตร", "HighestEducation": "ต่ำกว่าปริญญาตรี", "ImageFileId": "5c57fb0ffbcb5f1eec0f1611", "SelfIntroduceFileId": "5c5930befbcb5f1d88160b19", "PartyLogo": "https://storage.googleapis.com/candidate-thumbs/party/170.png", "CandididatePhoto": "https://storage.googleapis.com/candidate-thumbs/images/67-4-19.jpg"}, {"Unnamed: 0": 4583, "CandidateId": "f67f20e4-aa9a-41b1-8d47-9e6611813ffe", "CandidateNo": 20, "FirstName": "นิพนธ์", "LastName": "อิ่มคง", "PartyName": "เพื่อนไทย", "PartyNumber": 179, "Title": "นาย", "Votable": false, "province_id": 67, "province_name": "เพชรบูรณ์", "zone_number": 4, "PartyTerminated": false, "Age": 35, "Occupation": "ครูเอกชน", "HighestEducation": "ปริญญาตรี", "ImageFileId": "5c59197cfbcb5f1d88150446", "SelfIntroduceFileId": "5c5931eefbcb5f1d88161976", "PartyLogo": "https://storage.googleapis.com/candidate-thumbs/party/179.png", "CandididatePhoto": "https://storage.googleapis.com/candidate-thumbs/images/67-4-20.jpg"}, {"Unnamed: 0": 4584, "CandidateId": "5122d9b8-171d-440d-9dec-ae8fe4a991dd", "CandidateNo": 21, "FirstName": "ประดิษฐ์", "LastName": "บุญยอด", "PartyName": "พลเมืองไทย", "PartyNumber": 173, "Title": "นาย", "Votable": true, "province_id": 67, "province_name": "เพชรบูรณ์", "zone_number": 4, "PartyTerminated": false, "Age": 69, "Occupation": "ข้าราชการยำนาญ", "HighestEducation": "ปริญญาโท", "ImageFileId": "5c5a4c7efbcb5f19bca9055e", "SelfIntroduceFileId": "5c5a555ffbcb5f19bca95711", "PartyLogo": "https://storage.googleapis.com/candidate-thumbs/party/173.png", "CandididatePhoto": "https://storage.googleapis.com/candidate-thumbs/images/67-4-21.jpg"}, {"Unnamed: 0": 4585, "CandidateId": "79b12823-28a8-409b-866e-41e3ec8af13f", "CandidateNo": 22, "FirstName": "ไสว", "LastName": "อินนิ่ม", "PartyName": "ประชาธรรมไทย", "PartyNumber": 190, "Title": "นาย", "Votable": true, "province_id": 67, "province_name": "เพชรบูรณ์", "zone_number": 4, "PartyTerminated": false, "Age": 54, "Occupation": "ค้าขาย", "HighestEducation": "ต่ำกว่าปริญญาตรี", "ImageFileId": "5c5a5031fbcb5f19bca92765", "SelfIntroduceFileId": "5c5a5887fbcb5f19bca96ee8", "PartyLogo": "https://storage.googleapis.com/candidate-thumbs/party/190.png", "CandididatePhoto": "https://storage.googleapis.com/candidate-thumbs/images/67-4-22.jpg"}, {"Unnamed: 0": 4586, "CandidateId": "99cd7cf7-6f61-4536-aca1-485ae1ff0e26", "CandidateNo": 23, "FirstName": "นวน", "LastName": "ไสยาน้อย", "PartyName": "เศรษฐกิจใหม่", "PartyNumber": 193, "Title": "นาย", "Votable": true, "province_id": 67, "province_name": "เพชรบูรณ์", "zone_number": 4, "PartyTerminated": false, "Age": 71, "Occupation": "เกษตรกรรม", "HighestEducation": "ต่ำกว่าปริญญาตรี", "ImageFileId": "5c5a511bfbcb5f19bca92f6b", "SelfIntroduceFileId": "5c5a5efcfbcb5f19bca9a85a", "PartyLogo": "https://storage.googleapis.com/candidate-thumbs/party/193.png", "CandididatePhoto": "https://storage.googleapis.com/candidate-thumbs/images/67-4-23.jpg"}, {"Unnamed: 0": 4587, "CandidateId": "26debe61-08cb-4f26-84bd-09cf0a4a1a54", "CandidateNo": 24, "FirstName": "ทองปน", "LastName": "ตองติดรัมย์", "PartyName": "พลังธรรมใหม่", "PartyNumber": 175, "Title": "นาย", "Votable": true, "province_id": 67, "province_name": "เพชรบูรณ์", "zone_number": 4, "PartyTerminated": false, "Age": 46, "Occupation": "ช่างซ่อมโทรทัศน์", "HighestEducation": "ต่ำกว่าปริญญาตรี", "ImageFileId": "5c5a6516fbcb5f19bca9d611", "SelfIntroduceFileId": NaN, "PartyLogo": "https://storage.googleapis.com/candidate-thumbs/party/175.png", "CandididatePhoto": "https://storage.googleapis.com/candidate-thumbs/images/67-4-24.jpg"}, {"Unnamed: 0": 4588, "CandidateId": "761d8452-5e19-49e3-85f1-750eaa7f180f", "CandidateNo": 25, "FirstName": "สุเทพ", "LastName": "เพชรผึ้ง", "PartyName": "พัฒนาประเทศไทย", "PartyNumber": 207, "Title": "นาย", "Votable": true, "province_id": 67, "province_name": "เพชรบูรณ์", "zone_number": 4, "PartyTerminated": false, "Age": 60, "Occupation": "พนักงานธนาคารเพื่อการเกษตรและสหกรณ์", "HighestEducation": "ปริญญาตรี", "ImageFileId": "5c5a76bbfbcb5f19bcaa254a", "SelfIntroduceFileId": "5c5a77e4fbcb5f19bcaa2c55", "PartyLogo": "https://storage.googleapis.com/candidate-thumbs/party/207.png", "CandididatePhoto": "https://storage.googleapis.com/candidate-thumbs/images/67-4-25.jpg"}, {"Unnamed: 0": 4589, "CandidateId": "b3fcce26-0b34-46e5-a757-7db7766db60a", "CandidateNo": 26, "FirstName": "ณัฐวุฒิ", "LastName": "พริกแดง", "PartyName": "ครูไทยเพื่อประชาชน", "PartyNumber": 118, "Title": "นาย", "Votable": true, "province_id": 67, "province_name": "เพชรบูรณ์", "zone_number": 4, "PartyTerminated": false, "Age": 59, "Occupation": "ค้าขาย", "HighestEducation": "ปริญญาตรี", "ImageFileId": "5c5ba0fefbcb5f16fc658925", "SelfIntroduceFileId": "5c5ba642fbcb5f16fc65ac16", "PartyLogo": "https://storage.googleapis.com/candidate-thumbs/party/118.png", "CandididatePhoto": "https://storage.googleapis.com/candidate-thumbs/images/67-4-26.jpg"}, {"Unnamed: 0": 4590, "CandidateId": "a2f75dde-a7a2-49cf-afc7-84144d649475", "CandidateNo": 27, "FirstName": "ชนัดดา", "LastName": "เมธาจิตติคุณ", "PartyName": "ประชานิยม", "PartyNumber": 191, "Title": "นางสาว", "Votable": true, "province_id": 67, "province_name": "เพชรบูรณ์", "zone_number": 4, "PartyTerminated": false, "Age": 38, "Occupation": "กำลังศึกษาต่อปริญญาโท", "HighestEducation": "ปริญญาตรี", "ImageFileId": "5c5bb430fbcb5f16fc661eca", "SelfIntroduceFileId": "5c5bb947fbcb5f16fc664126", "PartyLogo": "https://storage.googleapis.com/candidate-thumbs/party/191.png", "CandididatePhoto": "https://storage.googleapis.com/candidate-thumbs/images/67-4-27.jpg"}, {"Unnamed: 0": 4591, "CandidateId": "0651760a-b4a4-49eb-a907-dc7478c2d133", "CandidateNo": 28, "FirstName": "พรหทัย", "LastName": "ใหม่ธรรม", "PartyName": "ภราดรภาพ", "PartyNumber": 154, "Title": "นางสาว", "Votable": true, "province_id": 67, "province_name": "เพชรบูรณ์", "zone_number": 4, "PartyTerminated": false, "Age": 26, "Occupation": "พนักงานธนาคาร", "HighestEducation": "ปริญญาตรี", "ImageFileId": "5c5bf63dfbcb5f16fc67f85a", "SelfIntroduceFileId": NaN, "PartyLogo": "https://storage.googleapis.com/candidate-thumbs/party/154.png", "CandididatePhoto": "https://storage.googleapis.com/candidate-thumbs/images/67-4-28.jpg"}, {"Unnamed: 0": 4592, "CandidateId": "9b4c17dc-2fd4-45bf-b2db-d438937892fb", "CandidateNo": 29, "FirstName": "จิระ", "LastName": "เตินขุนทด", "PartyName": "พลังประชาธิปไตย", "PartyNumber": 153, "Title": "นาย", "Votable": true, "province_id": 67, "province_name": "เพชรบูรณ์", "zone_number": 4, "PartyTerminated": false, "Age": 48, "Occupation": "เกษตรกร", "HighestEducation": "ต่ำกว่าปริญญาตรี", "ImageFileId": "5c5d0a2efbcb5f0fd884cfab", "SelfIntroduceFileId": "5c5d1399fbcb5f0fd884fd36", "PartyLogo": "https://storage.googleapis.com/candidate-thumbs/party/153.png", "CandididatePhoto": "https://storage.googleapis.com/candidate-thumbs/images/67-4-29.jpg"}, {"Unnamed: 0": 4593, "CandidateId": "e2b99378-976f-40a5-91c4-d9d291a15153", "CandidateNo": 30, "FirstName": "ธนากร", "LastName": "เถียรธีรทัต", "PartyName": "ประชากรไทย", "PartyNumber": 2, "Title": "นาย", "Votable": true, "province_id": 67, "province_name": "เพชรบูรณ์", "zone_number": 4, "PartyTerminated": false, "Age": 37, "Occupation": "ธุรกิจส่วนตัว", "HighestEducation": "ต่ำกว่าปริญญาตรี", "ImageFileId": "5c5d16e9fbcb5f0fd88508a6", "SelfIntroduceFileId": "5c5d1c63fbcb5f0fd88523eb", "PartyLogo": "https://storage.googleapis.com/candidate-thumbs/party/2.png", "CandididatePhoto": "https://storage.googleapis.com/candidate-thumbs/images/67-4-30.jpg"}, {"Unnamed: 0": 4594, "CandidateId": "f3c0958f-9681-4ac0-840e-d2161dd75f3a", "CandidateNo": 31, "FirstName": "พัสราพร", "LastName": "แก้วแพง", "PartyName": "ผึ้งหลวง", "PartyNumber": 164, "Title": "นาง", "Votable": true, "province_id": 67, "province_name": "เพชรบูรณ์", "zone_number": 4, "PartyTerminated": false, "Age": 51, "Occupation": "ค้าขาย ตัวแทนประกันชีวิต", "HighestEducation": "ปริญญาตรี", "ImageFileId": "5c5d403afbcb5f0fd88650a4", "SelfIntroduceFileId": "5c5d442bfbcb5f0fd8867a60", "PartyLogo": "https://storage.googleapis.com/candidate-thumbs/party/164.png", "CandididatePhoto": "https://storage.googleapis.com/candidate-thumbs/images/67-4-31.jpg"}, {"Unnamed: 0": 4595, "CandidateId": "844f232f-b54f-4c1a-950f-bd0f8520ef15", "CandidateNo": 32, "FirstName": "สุข", "LastName": "จันทโคต", "PartyName": "ไทรักธรรม", "PartyNumber": 144, "Title": "นาย", "Votable": true, "province_id": 67, "province_name": "เพชรบูรณ์", "zone_number": 4, "PartyTerminated": false, "Age": 48, "Occupation": "ธุรกิจส่วนตัว", "HighestEducation": "ต่ำกว่าปริญญาตรี", "ImageFileId": "5c5d48c8fbcb5f0fd886ab00", "SelfIntroduceFileId": "5c5d4ab8fbcb5f0fd886c486", "PartyLogo": "https://storage.googleapis.com/candidate-thumbs/party/144.png", "CandididatePhoto": "https://storage.googleapis.com/candidate-thumbs/images/67-4-32.jpg"}]