[{"Unnamed: 0": 2075, "CandidateId": "f2600694-21ab-436e-8474-12d1fca65c41", "CandidateNo": 1, "FirstName": "อิสระ", "LastName": "นามวงค์", "PartyName": "ประชาชาติ", "PartyNumber": 187, "Title": "นาย", "Votable": true, "province_id": 42, "province_name": "เลย", "zone_number": 2, "PartyTerminated": false, "Age": 59, "Occupation": "เกษตรกร", "HighestEducation": "ต่ำกว่าปริญญาตรี", "ImageFileId": "5c57fe96fbcb5f1eec0f4a64", "SelfIntroduceFileId": "5c580258fbcb5f1eec0f7fcc", "PartyLogo": "https://storage.googleapis.com/candidate-thumbs/party/187.png", "CandididatePhoto": "https://storage.googleapis.com/candidate-thumbs/images/42-2-1.jpg"}, {"Unnamed: 0": 2076, "CandidateId": "e686b2e4-e474-4842-951d-2ce8c8ac7b14", "CandidateNo": 2, "FirstName": "เทพพิทักษ์", "LastName": "ตั้งตระกูล", "PartyName": "พลังธรรมใหม่", "PartyNumber": 175, "Title": "นาย", "Votable": true, "province_id": 42, "province_name": "เลย", "zone_number": 2, "PartyTerminated": false, "Age": 26, "Occupation": "ธุรกิจส่วนตัว", "HighestEducation": "ปริญญาตรี", "ImageFileId": "5c580303fbcb5f1eec0f891c", "SelfIntroduceFileId": "5c580526fbcb5f1eec0fa886", "PartyLogo": "https://storage.googleapis.com/candidate-thumbs/party/175.png", "CandididatePhoto": "https://storage.googleapis.com/candidate-thumbs/images/42-2-2.jpg"}, {"Unnamed: 0": 2077, "CandidateId": "cd2a953b-ab0f-4858-8445-028a67bd4e8b", "CandidateNo": 3, "FirstName": "แสงเดือน", "LastName": "ศรีบุรินทร์", "PartyName": "ภูมิใจไทย", "PartyNumber": 63, "Title": "นาย", "Votable": true, "province_id": 42, "province_name": "เลย", "zone_number": 2, "PartyTerminated": false, "Age": 60, "Occupation": "เกษตรกร", "HighestEducation": "ปริญญาตรี", "ImageFileId": "5c580691fbcb5f1eec0fba07", "SelfIntroduceFileId": "5c58087afbcb5f1eec0fd510", "PartyLogo": "https://storage.googleapis.com/candidate-thumbs/party/63.png", "CandididatePhoto": "https://storage.googleapis.com/candidate-thumbs/images/42-2-3.jpg"}, {"Unnamed: 0": 2078, "CandidateId": "29a74d8e-2483-49d2-945c-c1f64e875911", "CandidateNo": 4, "FirstName": "สุรสีห์", "LastName": "ลานนท์", "PartyName": "เศรษฐกิจใหม่", "PartyNumber": 193, "Title": "นาย", "Votable": true, "province_id": 42, "province_name": "เลย", "zone_number": 2, "PartyTerminated": false, "Age": 61, "Occupation": "ข้าราชการบำนาญ", "HighestEducation": "ปริญญาตรี", "ImageFileId": "5c5808c7fbcb5f1eec0fd9a1", "SelfIntroduceFileId": "5c580ea7fbcb5f1eec101cf7", "PartyLogo": "https://storage.googleapis.com/candidate-thumbs/party/193.png", "CandididatePhoto": "https://storage.googleapis.com/candidate-thumbs/images/42-2-4.jpg"}, {"Unnamed: 0": 2079, "CandidateId": "6523f860-0ccd-4023-9141-24cf402f071f", "CandidateNo": 5, "FirstName": "นิธินันท์", "LastName": "อินทรโฆษิต", "PartyName": "อนาคตใหม่", "PartyNumber": 177, "Title": "นาย", "Votable": true, "province_id": 42, "province_name": "เลย", "zone_number": 2, "PartyTerminated": false, "Age": 54, "Occupation": "ธุรกิจส่วนตัว", "HighestEducation": "ต่ำกว่าปริญญาตรี", "ImageFileId": "5c580f48fbcb5f1eec102520", "SelfIntroduceFileId": "5c5810f5fbcb5f1eec1036a2", "PartyLogo": "https://storage.googleapis.com/candidate-thumbs/party/177.png", "CandididatePhoto": "https://storage.googleapis.com/candidate-thumbs/images/42-2-5.jpg"}, {"Unnamed: 0": 2080, "CandidateId": "d2b54fbc-7f5f-4fb2-93ea-3903dc18b4b8", "CandidateNo": 6, "FirstName": "สงกรานต์", "LastName": "ธรรมกุล", "PartyName": "พลังไทยรักไทย", "PartyNumber": 185, "Title": "นาย", "Votable": true, "province_id": 42, "province_name": "เลย", "zone_number": 2, "PartyTerminated": false, "Age": 62, "Occupation": "ข้าราชการบำนาญ", "HighestEducation": "ปริญญาตรี", "ImageFileId": "5c58119efbcb5f1eec103b44", "SelfIntroduceFileId": "5c581320fbcb5f1eec10490e", "PartyLogo": "https://storage.googleapis.com/candidate-thumbs/party/185.png", "CandididatePhoto": "https://storage.googleapis.com/candidate-thumbs/images/42-2-6.jpg"}, {"Unnamed: 0": 2081, "CandidateId": "afcd19da-20f7-49b3-83e6-0bb99c051dcd", "CandidateNo": 7, "FirstName": "รุ่งทิพย์", "LastName": "ดีมุงคุณวัด", "PartyName": "รักษ์ผืนป่าประเทศไทย", "PartyNumber": 133, "Title": "นางสาว", "Votable": true, "province_id": 42, "province_name": "เลย", "zone_number": 2, "PartyTerminated": false, "Age": 49, "Occupation": "เกษตร", "HighestEducation": "ต่ำกว่าปริญญาตรี", "ImageFileId": "5c581372fbcb5f1eec104c0b", "SelfIntroduceFileId": "5c5814befbcb5f1eec105640", "PartyLogo": "https://storage.googleapis.com/candidate-thumbs/party/133.png", "CandididatePhoto": "https://storage.googleapis.com/candidate-thumbs/images/42-2-7.jpg"}, {"Unnamed: 0": 2082, "CandidateId": "da21a585-99ba-4058-9982-2bda0a2c2da7", "CandidateNo": 8, "FirstName": "พินิจ", "LastName": "สิทธิโห", "PartyName": "ชาติพัฒนา", "PartyNumber": 45, "Title": "นาย", "Votable": true, "province_id": 42, "province_name": "เลย", "zone_number": 2, "PartyTerminated": false, "Age": 65, "Occupation": "นักการเมือง,เกษตรกร", "HighestEducation": "ปริญญาตรี", "ImageFileId": "5c581514fbcb5f1eec1058b6", "SelfIntroduceFileId": "5c581635fbcb5f1eec106187", "PartyLogo": "https://storage.googleapis.com/candidate-thumbs/party/45.png", "CandididatePhoto": "https://storage.googleapis.com/candidate-thumbs/images/42-2-8.jpg"}, {"Unnamed: 0": 2083, "CandidateId": "4a4e1ca0-db4d-468b-9d3e-41bf30d32146", "CandidateNo": 9, "FirstName": "เปล่งมณี", "LastName": "เร่งสมบูรณ์สุข", "PartyName": "พลังประชารัฐ", "PartyNumber": 192, "Title": "นาง", "Votable": true, "province_id": 42, "province_name": "เลย", "zone_number": 2, "PartyTerminated": false, "Age": 57, "Occupation": "นักการเมือง", "HighestEducation": "ปริญญาเอก", "ImageFileId": "5c5816a7fbcb5f1eec1065c8", "SelfIntroduceFileId": "5c5817a6fbcb5f1eec106e5a", "PartyLogo": "https://storage.googleapis.com/candidate-thumbs/party/192.png", "CandididatePhoto": "https://storage.googleapis.com/candidate-thumbs/images/42-2-9.jpg"}, {"Unnamed: 0": 2084, "CandidateId": "c766d4a0-0655-4f4f-83a8-3e6bcfd6ac9e", "CandidateNo": 10, "FirstName": "ชัยอนันต์", "LastName": "สุขแก่น", "PartyName": "ประชาชนปฏิรูป", "PartyNumber": 176, "Title": "ว่าที่ร้อยตรี", "Votable": true, "province_id": 42, "province_name": "เลย", "zone_number": 2, "PartyTerminated": false, "Age": 43, "Occupation": "เกษตร", "HighestEducation": "ต่ำกว่าปริญญาตรี", "ImageFileId": "5c5817fbfbcb5f1eec1070e1", "SelfIntroduceFileId": "5c5818fbfbcb5f1eec1076f7", "PartyLogo": "https://storage.googleapis.com/candidate-thumbs/party/176.png", "CandididatePhoto": "https://storage.googleapis.com/candidate-thumbs/images/42-2-10.jpg"}, {"Unnamed: 0": 2085, "CandidateId": "1d853197-f1ad-4d95-881e-0f1c703c3e3f", "CandidateNo": 11, "FirstName": "ศรัณย์", "LastName": "ทิมสุวรรณ", "PartyName": "เพื่อไทย", "PartyNumber": 34, "Title": "นาย", "Votable": true, "province_id": 42, "province_name": "เลย", "zone_number": 2, "PartyTerminated": false, "Age": 27, "Occupation": "ธุรกิจส่วนตัว", "HighestEducation": "ปริญญาโท", "ImageFileId": "5c5819dffbcb5f1eec107b86", "SelfIntroduceFileId": "5c581ad5fbcb5f1eec10813a", "PartyLogo": "https://storage.googleapis.com/candidate-thumbs/party/34.png", "CandididatePhoto": "https://storage.googleapis.com/candidate-thumbs/images/42-2-11.jpg"}, {"Unnamed: 0": 2086, "CandidateId": "1dd4b6fe-0131-4ae7-bddb-e57dc038cc1b", "CandidateNo": 12, "FirstName": "ภูริวัจน์", "LastName": "พีรภาว์ธรสิริ", "PartyName": "รวมพลังประชาชาติไทย", "PartyNumber": 181, "Title": "นาย", "Votable": true, "province_id": 42, "province_name": "เลย", "zone_number": 2, "PartyTerminated": false, "Age": 59, "Occupation": "ทนายความ", "HighestEducation": "ปริญญาตรี", "ImageFileId": "5c581cedfbcb5f1eec108a40", "SelfIntroduceFileId": "5c581dbffbcb5f1eec108db4", "PartyLogo": "https://storage.googleapis.com/candidate-thumbs/party/181.png", "CandididatePhoto": "https://storage.googleapis.com/candidate-thumbs/images/42-2-12.jpg"}, {"Unnamed: 0": 2087, "CandidateId": "84a42340-66a8-48df-9902-72246856feaa", "CandidateNo": 13, "FirstName": "ชูศักดิ์", "LastName": "บัวระภาสิริ", "PartyName": "เพื่อชาติ", "PartyNumber": 149, "Title": "นาย", "Votable": true, "province_id": 42, "province_name": "เลย", "zone_number": 2, "PartyTerminated": false, "Age": 60, "Occupation": "ค้าขาย", "HighestEducation": "ปริญญาโท", "ImageFileId": "5c582073fbcb5f1eec109bcc", "SelfIntroduceFileId": "5c582183fbcb5f1eec10a016", "PartyLogo": "https://storage.googleapis.com/candidate-thumbs/party/149.png", "CandididatePhoto": "https://storage.googleapis.com/candidate-thumbs/images/42-2-13.jpg"}, {"Unnamed: 0": 2088, "CandidateId": "89a66c29-1397-4c17-a302-8b798320b572", "CandidateNo": 14, "FirstName": "ฉัตรชัย", "LastName": "ลีกระจ่าง", "PartyName": "ประชาธิปัตย์", "PartyNumber": 1, "Title": "นาย", "Votable": true, "province_id": 42, "province_name": "เลย", "zone_number": 2, "PartyTerminated": false, "Age": 49, "Occupation": "ทนายความ", "HighestEducation": "ปริญญาตรี", "ImageFileId": "5c58231dfbcb5f1eec10a6d9", "SelfIntroduceFileId": "5c58241dfbcb5f1eec10aa0b", "PartyLogo": "https://storage.googleapis.com/candidate-thumbs/party/1.png", "CandididatePhoto": "https://storage.googleapis.com/candidate-thumbs/images/42-2-14.jpg"}, {"Unnamed: 0": 2089, "CandidateId": "0060a994-c2b1-43d8-8e57-ddf3b9b1526f", "CandidateNo": 15, "FirstName": "บุญตา", "LastName": "ศิริบุตร", "PartyName": "เสรีรวมไทย", "PartyNumber": 145, "Title": "นางสาว", "Votable": true, "province_id": 42, "province_name": "เลย", "zone_number": 2, "PartyTerminated": false, "Age": 36, "Occupation": "เจ้าของธุรกิจ", "HighestEducation": "ปริญญาเอก", "ImageFileId": "5c582634fbcb5f1eec10b138", "SelfIntroduceFileId": "5c5befd1fbcb5f16fc67c490", "PartyLogo": "https://storage.googleapis.com/candidate-thumbs/party/145.png", "CandididatePhoto": "https://storage.googleapis.com/candidate-thumbs/images/42-2-15.jpg"}, {"Unnamed: 0": 2090, "CandidateId": "cff6f228-2e9b-4dbd-8e98-bf5a287851ea", "CandidateNo": 16, "FirstName": "นอง", "LastName": "บัวระภา", "PartyName": "ภราดรภาพ", "PartyNumber": 154, "Title": "นาย", "Votable": true, "province_id": 42, "province_name": "เลย", "zone_number": 2, "PartyTerminated": false, "Age": 65, "Occupation": "รับจ้างทั่วไป", "HighestEducation": "ต่ำกว่าปริญญาตรี", "ImageFileId": "5c58fb2bfbcb5f1d88138f2f", "SelfIntroduceFileId": "5c58fdc8fbcb5f1d8813a62f", "PartyLogo": "https://storage.googleapis.com/candidate-thumbs/party/154.png", "CandididatePhoto": "https://storage.googleapis.com/candidate-thumbs/images/42-2-16.jpg"}, {"Unnamed: 0": 2091, "CandidateId": "76b36b73-26b0-4c7c-9579-36bcf21c3673", "CandidateNo": 17, "FirstName": "ทวีวัฒน์", "LastName": "ชิดประทุม", "PartyName": "ประชาธรรมไทย", "PartyNumber": 190, "Title": "นาย", "Votable": true, "province_id": 42, "province_name": "เลย", "zone_number": 2, "PartyTerminated": false, "Age": 37, "Occupation": "พนักงานบริษัทเอกชนและนักจัดรายการวิทยุ", "HighestEducation": "ปริญญาตรี", "ImageFileId": "5c58fb78fbcb5f1d8813927d", "SelfIntroduceFileId": "5c58ff36fbcb5f1d8813b797", "PartyLogo": "https://storage.googleapis.com/candidate-thumbs/party/190.png", "CandididatePhoto": "https://storage.googleapis.com/candidate-thumbs/images/42-2-17.jpg"}, {"Unnamed: 0": 2092, "CandidateId": "bb91e551-671e-4292-88f4-4b5d7ad6cfa1", "CandidateNo": 18, "FirstName": "เกษม", "LastName": "สมชาย", "PartyName": "เพื่อนไทย", "PartyNumber": 179, "Title": "นาย", "Votable": false, "province_id": 42, "province_name": "เลย", "zone_number": 2, "PartyTerminated": false, "Age": 53, "Occupation": "เกษตรกร", "HighestEducation": "ปริญญาตรี", "ImageFileId": "5c595644fbcb5f1d8817f2bf", "SelfIntroduceFileId": "5c595854fbcb5f1d881802cb", "PartyLogo": "https://storage.googleapis.com/candidate-thumbs/party/179.png", "CandididatePhoto": "https://storage.googleapis.com/candidate-thumbs/images/42-2-18.jpg"}, {"Unnamed: 0": 2093, "CandidateId": "853ff29c-5e24-4971-a00d-d374810dcf99", "CandidateNo": 19, "FirstName": "ปดิษฐ์", "LastName": "คำดี", "PartyName": "ประชานิยม", "PartyNumber": 191, "Title": "นาย", "Votable": true, "province_id": 42, "province_name": "เลย", "zone_number": 2, "PartyTerminated": false, "Age": 63, "Occupation": "ข้าราชการครูและบุคลากรทางการศึกษา", "HighestEducation": "ปริญญาเอก", "ImageFileId": "5c59587ffbcb5f1d88180352", "SelfIntroduceFileId": "5c59596dfbcb5f1d8818095e", "PartyLogo": "https://storage.googleapis.com/candidate-thumbs/party/191.png", "CandididatePhoto": "https://storage.googleapis.com/candidate-thumbs/images/42-2-19.jpg"}, {"Unnamed: 0": 2094, "CandidateId": "e756a779-fa3d-4816-a115-5eac8043614b", "CandidateNo": 20, "FirstName": "ปนัดดา", "LastName": "ระดาบุตร", "PartyName": "ไทยศรีวิไลย์", "PartyNumber": 180, "Title": "นาง", "Votable": true, "province_id": 42, "province_name": "เลย", "zone_number": 2, "PartyTerminated": false, "Age": 35, "Occupation": "ธุรกิจส่วนตัว", "HighestEducation": "ต่ำกว่าปริญญาตรี", "ImageFileId": "5c5a7b3efbcb5f19bcaa3d76", "SelfIntroduceFileId": "5c5a7cdffbcb5f19bcaa4840", "PartyLogo": "https://storage.googleapis.com/candidate-thumbs/party/180.png", "CandididatePhoto": "https://storage.googleapis.com/candidate-thumbs/images/42-2-20.jpg"}, {"Unnamed: 0": 2095, "CandidateId": "62463340-bcd0-4f96-b013-95f944cf8a76", "CandidateNo": 21, "FirstName": "ธนกฤต", "LastName": "อันทะระ", "PartyName": "ครูไทยเพื่อประชาชน", "PartyNumber": 118, "Title": "นาย", "Votable": true, "province_id": 42, "province_name": "เลย", "zone_number": 2, "PartyTerminated": false, "Age": 57, "Occupation": "ผู้ใหญ่บ้าน", "HighestEducation": "ปริญญาตรี", "ImageFileId": "5c5a9565fbcb5f19bcab03e5", "SelfIntroduceFileId": "5c5a974cfbcb5f19bcab0da8", "PartyLogo": "https://storage.googleapis.com/candidate-thumbs/party/118.png", "CandididatePhoto": "https://storage.googleapis.com/candidate-thumbs/images/42-2-21.jpg"}, {"Unnamed: 0": 2096, "CandidateId": "f92f9968-64e8-4672-8200-cc7f40ca050e", "CandidateNo": 22, "FirstName": "บาเรียน", "LastName": "คามะดา", "PartyName": "พลังปวงชนไทย", "PartyNumber": 184, "Title": "นาย", "Votable": true, "province_id": 42, "province_name": "เลย", "zone_number": 2, "PartyTerminated": false, "Age": 66, "Occupation": "เกษตรกรรม", "HighestEducation": "ต่ำกว่าปริญญาตรี", "ImageFileId": "5c5aa4c6fbcb5f19bcab680b", "SelfIntroduceFileId": "5c5aa5affbcb5f19bcab6c0c", "PartyLogo": "https://storage.googleapis.com/candidate-thumbs/party/184.png", "CandididatePhoto": "https://storage.googleapis.com/candidate-thumbs/images/42-2-22.jpg"}, {"Unnamed: 0": 2097, "CandidateId": "748d4d9f-3f78-48db-9863-9b06c2779785", "CandidateNo": 23, "FirstName": "จำปี", "LastName": "วงบำหลาบ", "PartyName": "พลังชาติไทย", "PartyNumber": 186, "Title": "นาย", "Votable": true, "province_id": 42, "province_name": "เลย", "zone_number": 2, "PartyTerminated": false, "Age": 63, "Occupation": "เกษตรกรรม", "HighestEducation": "ต่ำกว่าปริญญาตรี", "ImageFileId": "5c5bf029fbcb5f16fc67c77c", "SelfIntroduceFileId": "5c5bf1a4fbcb5f16fc67d308", "PartyLogo": "https://storage.googleapis.com/candidate-thumbs/party/186.png", "CandididatePhoto": "https://storage.googleapis.com/candidate-thumbs/images/42-2-23.jpg"}, {"Unnamed: 0": 2098, "CandidateId": "94b8746c-a655-4535-a780-5beabf78b3ef", "CandidateNo": 24, "FirstName": "นัฐวัฒน์", "LastName": "ศิลประเสริฐ", "PartyName": "พลังท้องถิ่นไท", "PartyNumber": 124, "Title": "ว่าที่ร้อยตรี", "Votable": true, "province_id": 42, "province_name": "เลย", "zone_number": 2, "PartyTerminated": false, "Age": 27, "Occupation": "ธุรกิจส่วนตัว", "HighestEducation": "ปริญญาตรี", "ImageFileId": "5c5bf1dafbcb5f16fc67d58b", "SelfIntroduceFileId": "5c5bf315fbcb5f16fc67e12f", "PartyLogo": "https://storage.googleapis.com/candidate-thumbs/party/124.png", "CandididatePhoto": "https://storage.googleapis.com/candidate-thumbs/images/42-2-24.jpg"}, {"Unnamed: 0": 2099, "CandidateId": "1793f7f9-1920-4997-ad54-96c7c71049c3", "CandidateNo": 25, "FirstName": "ณรงค์ศักดิ์", "LastName": "คูณสวัสดิกูล", "PartyName": "เพื่อแผ่นดิน", "PartyNumber": 41, "Title": "นาย", "Votable": true, "province_id": 42, "province_name": "เลย", "zone_number": 2, "PartyTerminated": false, "Age": 53, "Occupation": "ธุรกิจส่วนตัว", "HighestEducation": "ปริญญาตรี", "ImageFileId": "5c5bf345fbcb5f16fc67e323", "SelfIntroduceFileId": "5c5bf4defbcb5f16fc67ef08", "PartyLogo": "https://storage.googleapis.com/candidate-thumbs/party/41.png", "CandididatePhoto": "https://storage.googleapis.com/candidate-thumbs/images/42-2-25.jpg"}, {"Unnamed: 0": 2100, "CandidateId": "06204b72-1288-46c4-a1ab-3c8388632332", "CandidateNo": 26, "FirstName": "ศุภผล", "LastName": "ผลพูนศิริ", "PartyName": "ชาติไทยพัฒนา", "PartyNumber": 55, "Title": "นาย", "Votable": true, "province_id": 42, "province_name": "เลย", "zone_number": 2, "PartyTerminated": false, "Age": 67, "Occupation": "เกษตรกร", "HighestEducation": "ต่ำกว่าปริญญาตรี", "ImageFileId": "5c5d195efbcb5f0fd88513bb", "SelfIntroduceFileId": "5c5d1b15fbcb5f0fd8851b0e", "PartyLogo": "https://storage.googleapis.com/candidate-thumbs/party/55.png", "CandididatePhoto": "https://storage.googleapis.com/candidate-thumbs/images/42-2-26.jpg"}, {"Unnamed: 0": 2101, "CandidateId": "67fd1996-b1e2-44af-91c6-82fd9196cd2b", "CandidateNo": 27, "FirstName": "สุระเสิน", "LastName": "ภูพาน", "PartyName": "พลังรัก", "PartyNumber": 195, "Title": "นาย", "Votable": true, "province_id": 42, "province_name": "เลย", "zone_number": 2, "PartyTerminated": false, "Age": 44, "Occupation": "ธุรกิจส่วนตัว", "HighestEducation": "ต่ำกว่าปริญญาตรี", "ImageFileId": "5c5d1b4efbcb5f0fd8851cb4", "SelfIntroduceFileId": "5c5d1cddfbcb5f0fd885272e", "PartyLogo": "https://storage.googleapis.com/candidate-thumbs/party/195.png", "CandididatePhoto": "https://storage.googleapis.com/candidate-thumbs/images/42-2-27.jpg"}, {"Unnamed: 0": 2102, "CandidateId": "01280805-bb71-472c-9f76-ab3af8468a4e", "CandidateNo": 28, "FirstName": "ลักษณ์ศิริ", "LastName": "อุทธตรี", "PartyName": "ภาคีเครือข่ายไทย", "PartyNumber": 211, "Title": "นาง", "Votable": true, "province_id": 42, "province_name": "เลย", "zone_number": 2, "PartyTerminated": false, "Age": 58, "Occupation": "อิสระ", "HighestEducation": "ปริญญาตรี", "ImageFileId": "5c5d260cfbcb5f0fd8856db6", "SelfIntroduceFileId": "5c5d2721fbcb5f0fd885768d", "PartyLogo": "https://storage.googleapis.com/candidate-thumbs/party/211.png", "CandididatePhoto": "https://storage.googleapis.com/candidate-thumbs/images/42-2-28.jpg"}, {"Unnamed: 0": 2103, "CandidateId": "b933c7be-bb91-43cd-993a-8f649a749ead", "CandidateNo": 29, "FirstName": "ธรรมพล", "LastName": "หงษ์คำ", "PartyName": "พลังสหกรณ์", "PartyNumber": 122, "Title": "นาย", "Votable": true, "province_id": 42, "province_name": "เลย", "zone_number": 2, "PartyTerminated": false, "Age": 49, "Occupation": "เกษตรกร", "HighestEducation": "ปริญญาตรี", "ImageFileId": "5c5d43a5fbcb5f0fd88673a8", "SelfIntroduceFileId": "5c5d5b2afbcb5f0fd887826d", "PartyLogo": "https://storage.googleapis.com/candidate-thumbs/party/122.png", "CandididatePhoto": "https://storage.googleapis.com/candidate-thumbs/images/42-2-29.jpg"}, {"Unnamed: 0": 2104, "CandidateId": "94733909-781f-4eb1-8052-2f5d1e416bac", "CandidateNo": 30, "FirstName": "นคเรศ", "LastName": "ศรีหนารถ", "PartyName": "ผึ้งหลวง", "PartyNumber": 164, "Title": "นาย", "Votable": true, "province_id": 42, "province_name": "เลย", "zone_number": 2, "PartyTerminated": false, "Age": 29, "Occupation": "ธุรกิจส่วนตัว", "HighestEducation": "ปริญญาตรี", "ImageFileId": "5c5d43f2fbcb5f0fd8867708", "SelfIntroduceFileId": "5c5d575bfbcb5f0fd88757cd", "PartyLogo": "https://storage.googleapis.com/candidate-thumbs/party/164.png", "CandididatePhoto": "https://storage.googleapis.com/candidate-thumbs/images/42-2-30.jpg"}, {"Unnamed: 0": 2105, "CandidateId": "0d3d5318-0e35-463d-b76e-e953265133ab", "CandidateNo": 31, "FirstName": "ปรเมศวร์", "LastName": "สุริยวรรณ", "PartyName": "แทนคุณแผ่นดิน", "PartyNumber": 53, "Title": "ว่าที่ร้อยโท", "Votable": true, "province_id": 42, "province_name": "เลย", "zone_number": 2, "PartyTerminated": false, "Age": 30, "Occupation": "ทนายความ", "HighestEducation": "ปริญญาโท", "ImageFileId": "5c5d4475fbcb5f0fd8867dde", "SelfIntroduceFileId": "5c5d5a3ffbcb5f0fd8877b3b", "PartyLogo": "https://storage.googleapis.com/candidate-thumbs/party/53.png", "CandididatePhoto": "https://storage.googleapis.com/candidate-thumbs/images/42-2-31.jpg"}, {"Unnamed: 0": 2106, "CandidateId": "45c5517e-6150-4f0a-bdf3-c411157528be", "CandidateNo": 32, "FirstName": "เอกพล", "LastName": "วงเสน", "PartyName": "พลังศรัทธา", "PartyNumber": 201, "Title": "นาย", "Votable": true, "province_id": 42, "province_name": "เลย", "zone_number": 2, "PartyTerminated": false, "Age": 62, "Occupation": "เกษตรกร", "HighestEducation": "ต่ำกว่าปริญญาตรี", "ImageFileId": "5c5d44b8fbcb5f0fd8868194", "SelfIntroduceFileId": "5c5d595cfbcb5f0fd8877199", "PartyLogo": "https://storage.googleapis.com/candidate-thumbs/party/201.png", "CandididatePhoto": "https://storage.googleapis.com/candidate-thumbs/images/42-2-32.jpg"}, {"Unnamed: 0": 2107, "CandidateId": "7eb43a11-2a47-478d-a8df-7fcc44bb4322", "CandidateNo": 33, "FirstName": "ชยุต", "LastName": "ไชยทิพย์", "PartyName": "ประชาภิวัฒน์", "PartyNumber": 172, "Title": "นาย", "Votable": true, "province_id": 42, "province_name": "เลย", "zone_number": 2, "PartyTerminated": false, "Age": 60, "Occupation": "ข้าราชการบำนาญ", "HighestEducation": "ปริญญาตรี", "ImageFileId": "5c5d51f1fbcb5f0fd8870e59", "SelfIntroduceFileId": "5c5d568ffbcb5f0fd8874ec1", "PartyLogo": "https://storage.googleapis.com/candidate-thumbs/party/172.png", "CandididatePhoto": "https://storage.googleapis.com/candidate-thumbs/images/42-2-33.jpg"}, {"Unnamed: 0": 2108, "CandidateId": "1686fa49-d0cb-4e3d-a0b4-d9dfb768d810", "CandidateNo": 34, "FirstName": "พีระศักดิ์", "LastName": "สารวงษ์", "PartyName": "พลเมืองไทย", "PartyNumber": 173, "Title": "นาย", "Votable": true, "province_id": 42, "province_name": "เลย", "zone_number": 2, "PartyTerminated": false, "Age": 63, "Occupation": "ข้าราชการบำนาญ", "HighestEducation": "ต่ำกว่าปริญญาตรี", "ImageFileId": "5c5d5227fbcb5f0fd8871013", "SelfIntroduceFileId": "5c5d54fffbcb5f0fd8873869", "PartyLogo": "https://storage.googleapis.com/candidate-thumbs/party/173.png", "CandididatePhoto": "https://storage.googleapis.com/candidate-thumbs/images/42-2-34.jpg"}, {"Unnamed: 0": 2109, "CandidateId": "aee870bb-f80d-4374-8829-9381e2f54f94", "CandidateNo": 35, "FirstName": "สมพร", "LastName": "นนทะศิริ", "PartyName": "รักท้องถิ่นไทย", "PartyNumber": 162, "Title": "นางสาว", "Votable": true, "province_id": 42, "province_name": "เลย", "zone_number": 2, "PartyTerminated": false, "Age": 43, "Occupation": "ลูกจ้างเอกชน", "HighestEducation": "ปริญญาตรี", "ImageFileId": "5c5d5292fbcb5f0fd887150e", "SelfIntroduceFileId": "5c5d53d9fbcb5f0fd88727a2", "PartyLogo": "https://storage.googleapis.com/candidate-thumbs/party/162.png", "CandididatePhoto": "https://storage.googleapis.com/candidate-thumbs/images/42-2-35.jpg"}]