[{"Unnamed: 0": 4475, "CandidateId": "f7b323e8-b86a-48dd-bc92-58a63e888f60", "CandidateNo": 1, "FirstName": "สว่าง", "LastName": "กันยายน", "PartyName": "รักษ์ผืนป่าประเทศไทย", "PartyNumber": 133, "Title": "นาย", "Votable": true, "province_id": 67, "province_name": "เพชรบูรณ์", "zone_number": 1, "PartyTerminated": false, "Age": 62, "Occupation": "เกษตรกร", "HighestEducation": "ต่ำกว่าปริญญาตรี", "ImageFileId": "5c57aa68fbcb5f1eec0cf18c", "SelfIntroduceFileId": "5c593511fbcb5f1d8816437b", "PartyLogo": "https://storage.googleapis.com/candidate-thumbs/party/133.png", "CandididatePhoto": "https://storage.googleapis.com/candidate-thumbs/images/67-1-1.jpg"}, {"Unnamed: 0": 4476, "CandidateId": "a5fdf34f-4744-44de-b105-74fb4b8993e0", "CandidateNo": 2, "FirstName": "อดิศักดิ์", "LastName": "บำรุงคีรี", "PartyName": "ประชาชาติ", "PartyNumber": 187, "Title": "นาย", "Votable": true, "province_id": 67, "province_name": "เพชรบูรณ์", "zone_number": 1, "PartyTerminated": false, "Age": 50, "Occupation": "ธุรกิจส่วนตัว", "HighestEducation": "ต่ำกว่าปริญญาตรี", "ImageFileId": "5c57ae15fbcb5f1eec0cfb27", "SelfIntroduceFileId": "5c593147fbcb5f1d88160ffb", "PartyLogo": "https://storage.googleapis.com/candidate-thumbs/party/187.png", "CandididatePhoto": "https://storage.googleapis.com/candidate-thumbs/images/67-1-2.jpg"}, {"Unnamed: 0": 4477, "CandidateId": "3efe8f42-2e8c-45bd-aa75-018ef68b2ed6", "CandidateNo": 3, "FirstName": "ชัยณรงค์", "LastName": "สืบสุรีย์กุล", "PartyName": "ประชาธิปัตย์", "PartyNumber": 1, "Title": "นาย", "Votable": true, "province_id": 67, "province_name": "เพชรบูรณ์", "zone_number": 1, "PartyTerminated": false, "Age": 52, "Occupation": "ธุรกิจ", "HighestEducation": "ปริญญาตรี", "ImageFileId": "5c57b131fbcb5f1eec0d0708", "SelfIntroduceFileId": "5c592f90fbcb5f1d8815f8b2", "PartyLogo": "https://storage.googleapis.com/candidate-thumbs/party/1.png", "CandididatePhoto": "https://storage.googleapis.com/candidate-thumbs/images/67-1-3.jpg"}, {"Unnamed: 0": 4478, "CandidateId": "d649e914-384d-4556-8f37-897922902679", "CandidateNo": 4, "FirstName": "วิจิตร", "LastName": "พรพฤฒิพันธุ์", "PartyName": "ชาติไทยพัฒนา", "PartyNumber": 55, "Title": "นาย", "Votable": true, "province_id": 67, "province_name": "เพชรบูรณ์", "zone_number": 1, "PartyTerminated": false, "Age": 56, "Occupation": "นักการเมือง", "HighestEducation": "ปริญญาโท", "ImageFileId": "5c57b487fbcb5f1eec0d16b1", "SelfIntroduceFileId": "5c592d5afbcb5f1d8815d8d3", "PartyLogo": "https://storage.googleapis.com/candidate-thumbs/party/55.png", "CandididatePhoto": "https://storage.googleapis.com/candidate-thumbs/images/67-1-4.jpg"}, {"Unnamed: 0": 4479, "CandidateId": "da48e586-55e7-4ba9-8275-36b0a9cd623f", "CandidateNo": 5, "FirstName": "พนม", "LastName": "ผลลอย", "PartyName": "เสรีรวมไทย", "PartyNumber": 145, "Title": "นาย", "Votable": true, "province_id": 67, "province_name": "เพชรบูรณ์", "zone_number": 1, "PartyTerminated": false, "Age": 45, "Occupation": "ผู้ใหญ่บ้าน", "HighestEducation": "ต่ำกว่าปริญญาตรี", "ImageFileId": "5c57b862fbcb5f1eec0d2c85", "SelfIntroduceFileId": "5c592a82fbcb5f1d8815a85a", "PartyLogo": "https://storage.googleapis.com/candidate-thumbs/party/145.png", "CandididatePhoto": "https://storage.googleapis.com/candidate-thumbs/images/67-1-5.jpg"}, {"Unnamed: 0": 4480, "CandidateId": "f64db6e9-00f9-4581-bdc9-c712694bb4a3", "CandidateNo": 6, "FirstName": "ดะ", "LastName": "ทรงสวัสดิ์วงศ์", "PartyName": "พลังท้องถิ่นไท", "PartyNumber": 124, "Title": "นาย", "Votable": true, "province_id": 67, "province_name": "เพชรบูรณ์", "zone_number": 1, "PartyTerminated": false, "Age": 52, "Occupation": "เกษตรกรรม", "HighestEducation": "ต่ำกว่าปริญญาตรี", "ImageFileId": "5c57bb19fbcb5f1eec0d3f64", "SelfIntroduceFileId": "5c592710fbcb5f1d88157e02", "PartyLogo": "https://storage.googleapis.com/candidate-thumbs/party/124.png", "CandididatePhoto": "https://storage.googleapis.com/candidate-thumbs/images/67-1-6.jpg"}, {"Unnamed: 0": 4481, "CandidateId": "9b7a5e80-48c4-4162-9dad-5342c17f1ac1", "CandidateNo": 7, "FirstName": "ธาร", "LastName": "คำภักดี", "PartyName": "เพื่อชาติ", "PartyNumber": 149, "Title": "นาย", "Votable": true, "province_id": 67, "province_name": "เพชรบูรณ์", "zone_number": 1, "PartyTerminated": false, "Age": 50, "Occupation": "รับจ้าง", "HighestEducation": "ต่ำกว่าปริญญาตรี", "ImageFileId": "5c57bdfbfbcb5f1eec0d55ea", "SelfIntroduceFileId": "5c5923d0fbcb5f1d8815567a", "PartyLogo": "https://storage.googleapis.com/candidate-thumbs/party/149.png", "CandididatePhoto": "https://storage.googleapis.com/candidate-thumbs/images/67-1-7.jpg"}, {"Unnamed: 0": 4482, "CandidateId": "3f15ae08-ec31-4503-a547-968207af97f0", "CandidateNo": 8, "FirstName": "ศิรวิทย์", "LastName": "ทองคำ", "PartyName": "อนาคตใหม่", "PartyNumber": 177, "Title": "นาย", "Votable": true, "province_id": 67, "province_name": "เพชรบูรณ์", "zone_number": 1, "PartyTerminated": false, "Age": 26, "Occupation": "พนักงานบริษัทเอกชน", "HighestEducation": "ปริญญาตรี", "ImageFileId": "5c57c058fbcb5f1eec0d6873", "SelfIntroduceFileId": "5c591fd1fbcb5f1d881531e8", "PartyLogo": "https://storage.googleapis.com/candidate-thumbs/party/177.png", "CandididatePhoto": "https://storage.googleapis.com/candidate-thumbs/images/67-1-8.jpg"}, {"Unnamed: 0": 4483, "CandidateId": "b99c90f6-5db2-4271-8afe-2e6cfab8dfa6", "CandidateNo": 9, "FirstName": "สนอง", "LastName": "คำเพราะ", "PartyName": "ทางเลือกใหม่", "PartyNumber": 170, "Title": "นาย", "Votable": true, "province_id": 67, "province_name": "เพชรบูรณ์", "zone_number": 1, "PartyTerminated": false, "Age": 63, "Occupation": "ข้าราชการบำนาญ", "HighestEducation": "ปริญญาโท", "ImageFileId": "5c57c3b0fbcb5f1eec0d858a", "SelfIntroduceFileId": "5c591d4cfbcb5f1d88152182", "PartyLogo": "https://storage.googleapis.com/candidate-thumbs/party/170.png", "CandididatePhoto": "https://storage.googleapis.com/candidate-thumbs/images/67-1-9.jpg"}, {"Unnamed: 0": 4484, "CandidateId": "e42ad930-9233-4ed8-b14f-02ca76737e6d", "CandidateNo": 10, "FirstName": "สุทัศน์", "LastName": "จันทร์แสงศรี", "PartyName": "เพื่อไทย", "PartyNumber": 34, "Title": "นาย", "Votable": true, "province_id": 67, "province_name": "เพชรบูรณ์", "zone_number": 1, "PartyTerminated": false, "Age": 61, "Occupation": "นักการเมือง", "HighestEducation": "ปริญญาโท", "ImageFileId": "5c57c7e3fbcb5f1eec0dab82", "SelfIntroduceFileId": "5c591cc3fbcb5f1d88151bf1", "PartyLogo": "https://storage.googleapis.com/candidate-thumbs/party/34.png", "CandididatePhoto": "https://storage.googleapis.com/candidate-thumbs/images/67-1-10.jpg"}, {"Unnamed: 0": 4485, "CandidateId": "1ded29cb-235c-428b-8622-0ca91b82203e", "CandidateNo": 11, "FirstName": "กุลิสรา", "LastName": "เสาธง", "PartyName": "ประชาภิวัฒน์", "PartyNumber": 172, "Title": "นาง", "Votable": true, "province_id": 67, "province_name": "เพชรบูรณ์", "zone_number": 1, "PartyTerminated": false, "Age": 37, "Occupation": "ค้าขาย", "HighestEducation": "ต่ำกว่าปริญญาตรี", "ImageFileId": "5c57cb32fbcb5f1eec0dbd58", "SelfIntroduceFileId": "5c590e2ffbcb5f1d88147c91", "PartyLogo": "https://storage.googleapis.com/candidate-thumbs/party/172.png", "CandididatePhoto": "https://storage.googleapis.com/candidate-thumbs/images/67-1-11.jpg"}, {"Unnamed: 0": 4486, "CandidateId": "9cf349cd-fc11-4374-afa2-2ed46943c196", "CandidateNo": 12, "FirstName": "พิมพ์พร", "LastName": "พรพฤฒิพันธุ์", "PartyName": "พลังประชารัฐ", "PartyNumber": 192, "Title": "นางสาว", "Votable": true, "province_id": 67, "province_name": "เพชรบูรณ์", "zone_number": 1, "PartyTerminated": false, "Age": 40, "Occupation": "นักการเมือง", "HighestEducation": "ปริญญาโท", "ImageFileId": "5c57cd5cfbcb5f1eec0dc495", "SelfIntroduceFileId": "5c590c8dfbcb5f1d881466a3", "PartyLogo": "https://storage.googleapis.com/candidate-thumbs/party/192.png", "CandididatePhoto": "https://storage.googleapis.com/candidate-thumbs/images/67-1-12.jpg"}, {"Unnamed: 0": 4487, "CandidateId": "be90987b-2b36-49a4-a0a8-d8b4ef4ffc58", "CandidateNo": 13, "FirstName": "จักรพันธ์ุ", "LastName": "ศิริวงศ์", "PartyName": "ประชาธิปไตยใหม่", "PartyNumber": 109, "Title": "นาย", "Votable": true, "province_id": 67, "province_name": "เพชรบูรณ์", "zone_number": 1, "PartyTerminated": false, "Age": 62, "Occupation": "ขายตรง", "HighestEducation": "ปริญญาตรี", "ImageFileId": "5c57d04cfbcb5f1eec0dce87", "SelfIntroduceFileId": "5c590ab6fbcb5f1d88144baf", "PartyLogo": "https://storage.googleapis.com/candidate-thumbs/party/109.png", "CandididatePhoto": "https://storage.googleapis.com/candidate-thumbs/images/67-1-13.jpg"}, {"Unnamed: 0": 4488, "CandidateId": "73e1f4cd-7911-46ce-84e4-5e60ae33a596", "CandidateNo": 14, "FirstName": "บุญติ่ง", "LastName": "อุ่นแก้ว", "PartyName": "รวมพลังประชาชาติไทย", "PartyNumber": 181, "Title": "นาย", "Votable": true, "province_id": 67, "province_name": "เพชรบูรณ์", "zone_number": 1, "PartyTerminated": false, "Age": 66, "Occupation": "ข้าราชการบำนาญ", "HighestEducation": "ปริญญาโท", "ImageFileId": "5c57d43bfbcb5f1eec0dddcb", "SelfIntroduceFileId": "5c5908a3fbcb5f1d88142d2c", "PartyLogo": "https://storage.googleapis.com/candidate-thumbs/party/181.png", "CandididatePhoto": "https://storage.googleapis.com/candidate-thumbs/images/67-1-14.jpg"}, {"Unnamed: 0": 4489, "CandidateId": "50f2f53a-12f6-4cce-96c2-1b13f1f31767", "CandidateNo": 15, "FirstName": "ชนัญญา", "LastName": "วิลาสินี", "PartyName": "ประชานิยม", "PartyNumber": 191, "Title": "นาง", "Votable": true, "province_id": 67, "province_name": "เพชรบูรณ์", "zone_number": 1, "PartyTerminated": false, "Age": 63, "Occupation": "ข้าราชการ", "HighestEducation": "ปริญญาโท", "ImageFileId": "5c57d84afbcb5f1eec0df02b", "SelfIntroduceFileId": "5c5906d0fbcb5f1d881416d7", "PartyLogo": "https://storage.googleapis.com/candidate-thumbs/party/191.png", "CandididatePhoto": "https://storage.googleapis.com/candidate-thumbs/images/67-1-15.jpg"}, {"Unnamed: 0": 4490, "CandidateId": "1c579d3f-e566-4530-86e0-da5efa140e95", "CandidateNo": 16, "FirstName": "สัญชัย", "LastName": "วัดบุญเลี้ยง", "PartyName": "ประชาชนปฏิรูป", "PartyNumber": 176, "Title": "นาย", "Votable": true, "province_id": 67, "province_name": "เพชรบูรณ์", "zone_number": 1, "PartyTerminated": false, "Age": 70, "Occupation": "ทนายความ", "HighestEducation": "ปริญญาตรี", "ImageFileId": "5c57daf1fbcb5f1eec0dfe14", "SelfIntroduceFileId": "5c57e9c8fbcb5f1eec0e6a7d", "PartyLogo": "https://storage.googleapis.com/candidate-thumbs/party/176.png", "CandididatePhoto": "https://storage.googleapis.com/candidate-thumbs/images/67-1-16.jpg"}, {"Unnamed: 0": 4491, "CandidateId": "c7d01479-d2f8-47e0-b289-18ee5767372a", "CandidateNo": 17, "FirstName": "ธัชพล", "LastName": "ดวงพัตรา", "PartyName": "ภูมิใจไทย", "PartyNumber": 63, "Title": "นาย", "Votable": true, "province_id": 67, "province_name": "เพชรบูรณ์", "zone_number": 1, "PartyTerminated": false, "Age": 45, "Occupation": "นักการเมือง", "HighestEducation": "ปริญญาโท", "ImageFileId": "5c580229fbcb5f1eec0f7c22", "SelfIntroduceFileId": "5c5904e4fbcb5f1d8813fb90", "PartyLogo": "https://storage.googleapis.com/candidate-thumbs/party/63.png", "CandididatePhoto": "https://storage.googleapis.com/candidate-thumbs/images/67-1-17.jpg"}, {"Unnamed: 0": 4492, "CandidateId": "12ed5a39-30b3-4e61-9939-94b7c1e1e58d", "CandidateNo": 18, "FirstName": "จิตศาสตร์", "LastName": "ศรีบรรดิษฐ์", "PartyName": "เพื่อแผ่นดิน", "PartyNumber": 41, "Title": "ร.ต.", "Votable": true, "province_id": 67, "province_name": "เพชรบูรณ์", "zone_number": 1, "PartyTerminated": false, "Age": 57, "Occupation": "ข้าราขการบำนาญ", "HighestEducation": "ต่ำกว่าปริญญาตรี", "ImageFileId": "5c58045cfbcb5f1eec0f9c57", "SelfIntroduceFileId": "5c5900d6fbcb5f1d8813ce1c", "PartyLogo": "https://storage.googleapis.com/candidate-thumbs/party/41.png", "CandididatePhoto": "https://storage.googleapis.com/candidate-thumbs/images/67-1-18.jpg"}, {"Unnamed: 0": 4493, "CandidateId": "f67222ed-45c5-44ff-b8fd-d275db853190", "CandidateNo": 19, "FirstName": "มงคล", "LastName": "นิลประสิทธิ์", "PartyName": "เพื่อนไทย", "PartyNumber": 179, "Title": "นาย", "Votable": false, "province_id": 67, "province_name": "เพชรบูรณ์", "zone_number": 1, "PartyTerminated": false, "Age": 34, "Occupation": "รับจ้าง", "HighestEducation": "ต่ำกว่าปริญญาตรี", "ImageFileId": "5c593b98fbcb5f1d8816a071", "SelfIntroduceFileId": "5c593ee2fbcb5f1d8816cb53", "PartyLogo": "https://storage.googleapis.com/candidate-thumbs/party/179.png", "CandididatePhoto": "https://storage.googleapis.com/candidate-thumbs/images/67-1-19.jpg"}, {"Unnamed: 0": 4494, "CandidateId": "6e70b90c-4d26-4c4a-9cd8-539ddf4d3f53", "CandidateNo": 20, "FirstName": "เสวี", "LastName": "สะอาดใจ", "PartyName": "เศรษฐกิจใหม่", "PartyNumber": 193, "Title": "นาย", "Votable": true, "province_id": 67, "province_name": "เพชรบูรณ์", "zone_number": 1, "PartyTerminated": false, "Age": 61, "Occupation": "ผู้บริหาร ธนาคาร ธกส.", "HighestEducation": "ปริญญาโท", "ImageFileId": "5c5a4dbefbcb5f19bca91036", "SelfIntroduceFileId": "5c5a4f6efbcb5f19bca91fc6", "PartyLogo": "https://storage.googleapis.com/candidate-thumbs/party/193.png", "CandididatePhoto": "https://storage.googleapis.com/candidate-thumbs/images/67-1-20.jpg"}, {"Unnamed: 0": 4495, "CandidateId": "a77400a5-7df4-4a9f-8c16-d1c87339b548", "CandidateNo": 21, "FirstName": "ชัยยุทธ์", "LastName": "ศรีจริยา", "PartyName": "ประชาธรรมไทย", "PartyNumber": 190, "Title": "นาย", "Votable": true, "province_id": 67, "province_name": "เพชรบูรณ์", "zone_number": 1, "PartyTerminated": false, "Age": 41, "Occupation": "นักแสดงสาธารณะ,ค้าขาย", "HighestEducation": "ปริญญาตรี", "ImageFileId": "5c5a4fa6fbcb5f19bca922cd", "SelfIntroduceFileId": "5c5a517afbcb5f19bca93366", "PartyLogo": "https://storage.googleapis.com/candidate-thumbs/party/190.png", "CandididatePhoto": "https://storage.googleapis.com/candidate-thumbs/images/67-1-21.jpg"}, {"Unnamed: 0": 4496, "CandidateId": "7a284ad7-65e4-4edf-8b3e-8ef4c4ffe38b", "CandidateNo": 22, "FirstName": "สุวัฒน์", "LastName": "บุศย์เมือง", "PartyName": "พลังปวงชนไทย", "PartyNumber": 184, "Title": "นาย", "Votable": true, "province_id": 67, "province_name": "เพชรบูรณ์", "zone_number": 1, "PartyTerminated": false, "Age": 67, "Occupation": "ข้าราชการบำนาญ", "HighestEducation": "ปริญญาโท", "ImageFileId": "5c5a90b3fbcb5f19bcaae330", "SelfIntroduceFileId": NaN, "PartyLogo": "https://storage.googleapis.com/candidate-thumbs/party/184.png", "CandididatePhoto": "https://storage.googleapis.com/candidate-thumbs/images/67-1-22.jpg"}, {"Unnamed: 0": 4497, "CandidateId": "54a4abf5-3a1d-4899-9c2a-6d5ea8743286", "CandidateNo": 23, "FirstName": "ธีระยุทธ", "LastName": "โนรีเวช", "PartyName": "พัฒนาประเทศไทย", "PartyNumber": 207, "Title": "นาวาอากาศโท", "Votable": true, "province_id": 67, "province_name": "เพชรบูรณ์", "zone_number": 1, "PartyTerminated": false, "Age": 58, "Occupation": "รับราชการทหารอากาศ", "HighestEducation": "ต่ำกว่าปริญญาตรี", "ImageFileId": "5c5a8fe8fbcb5f19bcaada13", "SelfIntroduceFileId": "5c5a9079fbcb5f19bcaae0dd", "PartyLogo": "https://storage.googleapis.com/candidate-thumbs/party/207.png", "CandididatePhoto": "https://storage.googleapis.com/candidate-thumbs/images/67-1-23.jpg"}, {"Unnamed: 0": 4498, "CandidateId": "1be5aa48-c00b-464e-86d6-370aa43a7ca9", "CandidateNo": 24, "FirstName": "มัด", "LastName": "บุญละ", "PartyName": "ครูไทยเพื่อประชาชน", "PartyNumber": 118, "Title": "นาย", "Votable": true, "province_id": 67, "province_name": "เพชรบูรณ์", "zone_number": 1, "PartyTerminated": false, "Age": 51, "Occupation": "ผู้ช่วยผู้ใหญ่บ้าน", "HighestEducation": "ต่ำกว่าปริญญาตรี", "ImageFileId": "5c5ba053fbcb5f16fc658197", "SelfIntroduceFileId": "5c5ba102fbcb5f16fc658950", "PartyLogo": "https://storage.googleapis.com/candidate-thumbs/party/118.png", "CandididatePhoto": "https://storage.googleapis.com/candidate-thumbs/images/67-1-24.jpg"}, {"Unnamed: 0": 4499, "CandidateId": "9b21ba54-7662-46f1-be65-f1f350852838", "CandidateNo": 25, "FirstName": "หิรัญวัตติ์", "LastName": "รัตนวิชัย", "PartyName": "พลังชาติไทย", "PartyNumber": 186, "Title": "นาย", "Votable": true, "province_id": 67, "province_name": "เพชรบูรณ์", "zone_number": 1, "PartyTerminated": false, "Age": 54, "Occupation": "ประธานสหกรณ์เคหสถานเพชรบูรณ์ จำกัด", "HighestEducation": "ปริญญาตรี", "ImageFileId": "5c5baf41fbcb5f16fc65f161", "SelfIntroduceFileId": "5c5bb072fbcb5f16fc65fc27", "PartyLogo": "https://storage.googleapis.com/candidate-thumbs/party/186.png", "CandididatePhoto": "https://storage.googleapis.com/candidate-thumbs/images/67-1-25.jpg"}, {"Unnamed: 0": 4500, "CandidateId": "8da63cb8-33ce-413b-b620-b0a1b1c25ac1", "CandidateNo": 26, "FirstName": "สมัย", "LastName": "บัวทอง", "PartyName": "แผ่นดินธรรม", "PartyNumber": 188, "Title": "นาง", "Votable": true, "province_id": 67, "province_name": "เพชรบูรณ์", "zone_number": 1, "PartyTerminated": false, "Age": 49, "Occupation": "เกษตรกร", "HighestEducation": "ปริญญาตรี", "ImageFileId": "5c5bef95fbcb5f16fc67c331", "SelfIntroduceFileId": "5c5bf030fbcb5f16fc67c7a6", "PartyLogo": "https://storage.googleapis.com/candidate-thumbs/party/188.png", "CandididatePhoto": "https://storage.googleapis.com/candidate-thumbs/images/67-1-26.jpg"}, {"Unnamed: 0": 4501, "CandidateId": "d491f6a6-cb41-4ea8-bd4b-9f8bd479efb4", "CandidateNo": 27, "FirstName": "สุวิภา", "LastName": "พลกัณฑ์", "PartyName": "ภราดรภาพ", "PartyNumber": 154, "Title": "นาง", "Votable": true, "province_id": 67, "province_name": "เพชรบูรณ์", "zone_number": 1, "PartyTerminated": false, "Age": 62, "Occupation": "พนักงานรัฐวิสาหกิจ", "HighestEducation": "ปริญญาตรี", "ImageFileId": "5c5bf8effbcb5f16fc68071a", "SelfIntroduceFileId": "5c5cdc3bfbcb5f16fc688b21", "PartyLogo": "https://storage.googleapis.com/candidate-thumbs/party/154.png", "CandididatePhoto": "https://storage.googleapis.com/candidate-thumbs/images/67-1-27.jpg"}, {"Unnamed: 0": 4502, "CandidateId": "af310f80-f618-4ed4-ba9f-013753feb297", "CandidateNo": 28, "FirstName": "กฤษณะ", "LastName": "อินทโฉม", "PartyName": "พลังประชาธิปไตย", "PartyNumber": 153, "Title": "นาย", "Votable": true, "province_id": 67, "province_name": "เพชรบูรณ์", "zone_number": 1, "PartyTerminated": false, "Age": 40, "Occupation": "ธุรกิจขนส่ง", "HighestEducation": "ปริญญาตรี", "ImageFileId": "5c5cff6efbcb5f0fd8847b61", "SelfIntroduceFileId": "5c5d004afbcb5f0fd8848640", "PartyLogo": "https://storage.googleapis.com/candidate-thumbs/party/153.png", "CandididatePhoto": "https://storage.googleapis.com/candidate-thumbs/images/67-1-28.jpg"}, {"Unnamed: 0": 4503, "CandidateId": "48748872-c581-40ef-9095-24d1ea99d42e", "CandidateNo": 29, "FirstName": "เตือนใจ", "LastName": "มั่งมี", "PartyName": "ประชากรไทย", "PartyNumber": 2, "Title": "นาง", "Votable": true, "province_id": 67, "province_name": "เพชรบูรณ์", "zone_number": 1, "PartyTerminated": false, "Age": 51, "Occupation": "ธุรกิจส่วนตัว", "HighestEducation": "ต่ำกว่าปริญญาตรี", "ImageFileId": "5c5d05cafbcb5f0fd884b354", "SelfIntroduceFileId": "5c5d06fdfbcb5f0fd884bdb8", "PartyLogo": "https://storage.googleapis.com/candidate-thumbs/party/2.png", "CandididatePhoto": "https://storage.googleapis.com/candidate-thumbs/images/67-1-29.jpg"}, {"Unnamed: 0": 4504, "CandidateId": "ab2cffed-efbb-42aa-99a0-5f221059df59", "CandidateNo": 30, "FirstName": "กิตติพงษ์", "LastName": "ดอกชูรุ่ง", "PartyName": "ผึ้งหลวง", "PartyNumber": 164, "Title": "นาย", "Votable": true, "province_id": 67, "province_name": "เพชรบูรณ์", "zone_number": 1, "PartyTerminated": false, "Age": 66, "Occupation": "ข้าราชการบำนาญ", "HighestEducation": "ปริญญาตรี", "ImageFileId": "5c5d4347fbcb5f0fd8867017", "SelfIntroduceFileId": "5c5d4b1cfbcb5f0fd886c82a", "PartyLogo": "https://storage.googleapis.com/candidate-thumbs/party/164.png", "CandididatePhoto": "https://storage.googleapis.com/candidate-thumbs/images/67-1-30.jpg"}, {"Unnamed: 0": 4505, "CandidateId": "ebdf2398-9ba9-43d3-bfe4-5eb8d1b2be2e", "CandidateNo": 31, "FirstName": "วิมล", "LastName": "สุนา", "PartyName": "ไทรักธรรม", "PartyNumber": 144, "Title": "นาย", "Votable": true, "province_id": 67, "province_name": "เพชรบูรณ์", "zone_number": 1, "PartyTerminated": false, "Age": 46, "Occupation": "ธุรกิจส่วนตัว", "HighestEducation": "ต่ำกว่าปริญญาตรี", "ImageFileId": "5c5d49e1fbcb5f0fd886b917", "SelfIntroduceFileId": "5c5d4a76fbcb5f0fd886c168", "PartyLogo": "https://storage.googleapis.com/candidate-thumbs/party/144.png", "CandididatePhoto": "https://storage.googleapis.com/candidate-thumbs/images/67-1-31.jpg"}]