[{"Unnamed: 0": 8681, "CandidateId": "6b171d11-9fd4-4fab-86da-d3b3849eac61", "CandidateNo": 1, "FirstName": "นฤมล", "LastName": "วะไลศรี", "PartyName": "รวมพลังประชาชาติไทย", "PartyNumber": 181, "Title": "นางสาว", "Votable": true, "province_id": 50, "province_name": "เชียงใหม่", "zone_number": 2, "PartyTerminated": false, "Age": 53, "Occupation": "ธุรกิจส่วนตัว", "HighestEducation": "ปริญญาตรี", "ImageFileId": "5c57d123fbcb5f1eec0dd1cc", "SelfIntroduceFileId": "5c590aebfbcb5f1d88144e50", "PartyLogo": "https://storage.googleapis.com/candidate-thumbs/party/181.png", "CandididatePhoto": "https://storage.googleapis.com/candidate-thumbs/images/50-2-1.jpg"}, {"Unnamed: 0": 8682, "CandidateId": "636616ab-3e29-4fb3-82c4-bfdd7c581811", "CandidateNo": 2, "FirstName": "ณัชชา", "LastName": "โปธายี่", "PartyName": "อนาคตใหม่", "PartyNumber": 177, "Title": "นางสาว", "Votable": true, "province_id": 50, "province_name": "เชียงใหม่", "zone_number": 2, "PartyTerminated": false, "Age": 38, "Occupation": "ธุรกิจส่วนตัว", "HighestEducation": "ปริญญาตรี", "ImageFileId": "5c581950fbcb5f1eec107897", "SelfIntroduceFileId": "5c581c72fbcb5f1eec10879d", "PartyLogo": "https://storage.googleapis.com/candidate-thumbs/party/177.png", "CandididatePhoto": "https://storage.googleapis.com/candidate-thumbs/images/50-2-2.jpg"}, {"Unnamed: 0": 8683, "CandidateId": "0c4888b3-ab57-4057-98b9-0b886a9c0f10", "CandidateNo": 3, "FirstName": "สมัย", "LastName": "ประดิษฐ์", "PartyName": "ประชาภิวัฒน์", "PartyNumber": 172, "Title": "นาย", "Votable": true, "province_id": 50, "province_name": "เชียงใหม่", "zone_number": 2, "PartyTerminated": false, "Age": 60, "Occupation": "ค้าขาย", "HighestEducation": "ปริญญาตรี", "ImageFileId": "5c581cdbfbcb5f1eec108a01", "SelfIntroduceFileId": "5c581e30fbcb5f1eec108fb8", "PartyLogo": "https://storage.googleapis.com/candidate-thumbs/party/172.png", "CandididatePhoto": "https://storage.googleapis.com/candidate-thumbs/images/50-2-3.jpg"}, {"Unnamed: 0": 8684, "CandidateId": "4b39ba01-6200-4c41-8e5a-9a24dab4e0ba", "CandidateNo": 4, "FirstName": "ธนเชษฐ", "LastName": "นามวงค์", "PartyName": "เสรีรวมไทย", "PartyNumber": 145, "Title": "นาย", "Votable": true, "province_id": 50, "province_name": "เชียงใหม่", "zone_number": 2, "PartyTerminated": false, "Age": 49, "Occupation": "สมาชิกสภาองค์การบริหารส่วนตำบล", "HighestEducation": "ปริญญาตรี", "ImageFileId": "5c581e5cfbcb5f1eec10909b", "SelfIntroduceFileId": "5c581fc2fbcb5f1eec109838", "PartyLogo": "https://storage.googleapis.com/candidate-thumbs/party/145.png", "CandididatePhoto": "https://storage.googleapis.com/candidate-thumbs/images/50-2-4.jpg"}, {"Unnamed: 0": 8685, "CandidateId": "338b3a12-6d36-41c3-ae8b-6cbea59676f8", "CandidateNo": 5, "FirstName": "ศรีพรรณ์", "LastName": "เขียวทอง", "PartyName": "พลังประชารัฐ", "PartyNumber": 192, "Title": "นาง", "Votable": true, "province_id": 50, "province_name": "เชียงใหม่", "zone_number": 2, "PartyTerminated": false, "Age": 56, "Occupation": "แม่บ้าน", "HighestEducation": "ปริญญาโท", "ImageFileId": "5c582005fbcb5f1eec1099f6", "SelfIntroduceFileId": "5c582115fbcb5f1eec109e74", "PartyLogo": "https://storage.googleapis.com/candidate-thumbs/party/192.png", "CandididatePhoto": "https://storage.googleapis.com/candidate-thumbs/images/50-2-5.jpg"}, {"Unnamed: 0": 8686, "CandidateId": "168bc82d-23d8-45a8-94c7-279c45afbbeb", "CandidateNo": 6, "FirstName": "นพคุณ", "LastName": "รัฐผไท", "PartyName": "เพื่อไทย", "PartyNumber": 34, "Title": "นาย", "Votable": true, "province_id": 50, "province_name": "เชียงใหม่", "zone_number": 2, "PartyTerminated": false, "Age": 71, "Occupation": "ข้าราชการบำนาญ", "HighestEducation": "ปริญญาโท", "ImageFileId": "5c58214cfbcb5f1eec109f73", "SelfIntroduceFileId": "5c58227bfbcb5f1eec10a470", "PartyLogo": "https://storage.googleapis.com/candidate-thumbs/party/34.png", "CandididatePhoto": "https://storage.googleapis.com/candidate-thumbs/images/50-2-6.jpg"}, {"Unnamed: 0": 8687, "CandidateId": "e19bfc66-6fc2-4eef-b57b-79e752821b65", "CandidateNo": 7, "FirstName": "อดุลย์", "LastName": "สมนึก", "PartyName": "รักษ์ผืนป่าประเทศไทย", "PartyNumber": 133, "Title": "พ.ต.อ.", "Votable": true, "province_id": 50, "province_name": "เชียงใหม่", "zone_number": 2, "PartyTerminated": false, "Age": 61, "Occupation": "ข้าราชการบำนาญ", "HighestEducation": "ปริญญาโท", "ImageFileId": "5c5822b3fbcb5f1eec10a4e6", "SelfIntroduceFileId": "5c582d33fbcb5f1eec10c4b3", "PartyLogo": "https://storage.googleapis.com/candidate-thumbs/party/133.png", "CandididatePhoto": "https://storage.googleapis.com/candidate-thumbs/images/50-2-7.jpg"}, {"Unnamed: 0": 8688, "CandidateId": "edf3c8cc-c15e-404d-8137-06d3c69b3480", "CandidateNo": 8, "FirstName": "อุดมศักดิ์", "LastName": "คำปวน", "PartyName": "ภูมิใจไทย", "PartyNumber": 63, "Title": "นาย", "Votable": true, "province_id": 50, "province_name": "เชียงใหม่", "zone_number": 2, "PartyTerminated": false, "Age": 60, "Occupation": "ค้าขาย", "HighestEducation": "ปริญญาโท", "ImageFileId": "5c5823a4fbcb5f1eec10a801", "SelfIntroduceFileId": "5c582facfbcb5f1eec10c922", "PartyLogo": "https://storage.googleapis.com/candidate-thumbs/party/63.png", "CandididatePhoto": "https://storage.googleapis.com/candidate-thumbs/images/50-2-8.jpg"}, {"Unnamed: 0": 8689, "CandidateId": "5b5bb6d6-25dd-48b5-a82a-2097bb38b9da", "CandidateNo": 9, "FirstName": "วัชรกรณ์", "LastName": "กันธิ", "PartyName": "รวมใจไทย", "PartyNumber": 174, "Title": "นาย", "Votable": true, "province_id": 50, "province_name": "เชียงใหม่", "zone_number": 2, "PartyTerminated": false, "Age": 41, "Occupation": "สมาชิกสภาเทศบาล", "HighestEducation": "ปริญญาตรี", "ImageFileId": "5c5823e4fbcb5f1eec10a91e", "SelfIntroduceFileId": "5c5824c7fbcb5f1eec10ad9f", "PartyLogo": "https://storage.googleapis.com/candidate-thumbs/party/174.png", "CandididatePhoto": "https://storage.googleapis.com/candidate-thumbs/images/50-2-9.jpg"}, {"Unnamed: 0": 8690, "CandidateId": "b1839430-9cf2-4a61-9869-1a7767050b6a", "CandidateNo": 10, "FirstName": "อารุณ", "LastName": "วงศ์แก้ว", "PartyName": "พลังธรรมใหม่", "PartyNumber": 175, "Title": "นาย", "Votable": true, "province_id": 50, "province_name": "เชียงใหม่", "zone_number": 2, "PartyTerminated": false, "Age": 62, "Occupation": "ข้าราชการบำนาญ", "HighestEducation": "ปริญญาเอก", "ImageFileId": "5c5824fdfbcb5f1eec10aeca", "SelfIntroduceFileId": "5c5825b1fbcb5f1eec10b052", "PartyLogo": "https://storage.googleapis.com/candidate-thumbs/party/175.png", "CandididatePhoto": "https://storage.googleapis.com/candidate-thumbs/images/50-2-10.jpg"}, {"Unnamed: 0": 8691, "CandidateId": "7568a3d2-8d32-44f9-854e-4fc9656c818d", "CandidateNo": 11, "FirstName": "เกียรติศักดิ์", "LastName": "จอกนิธิพงศกร", "PartyName": "ประชาชาติ", "PartyNumber": 187, "Title": "นาย", "Votable": false, "province_id": 50, "province_name": "เชียงใหม่", "zone_number": 2, "PartyTerminated": false, "Age": 36, "Occupation": "สมาชิกสภาองค์การบริหารส่วนตำบล", "HighestEducation": "ต่ำกว่าปริญญาตรี", "ImageFileId": "5c583220fbcb5f1eec10cddf", "SelfIntroduceFileId": "5c5832ccfbcb5f1eec10cf30", "PartyLogo": "https://storage.googleapis.com/candidate-thumbs/party/187.png", "CandididatePhoto": "https://storage.googleapis.com/candidate-thumbs/images/50-2-11.jpg"}, {"Unnamed: 0": 8692, "CandidateId": "9b9157fc-af76-45e2-a060-cf6dfeec23ed", "CandidateNo": 12, "FirstName": "ธนัท", "LastName": "จันทร์ดี", "PartyName": "แผ่นดินธรรม", "PartyNumber": 188, "Title": "นาย", "Votable": true, "province_id": 50, "province_name": "เชียงใหม่", "zone_number": 2, "PartyTerminated": false, "Age": 55, "Occupation": "ข้าราชการบำนาญ", "HighestEducation": "ปริญญาโท", "ImageFileId": "5c582615fbcb5f1eec10b10b", "SelfIntroduceFileId": "5c5826f8fbcb5f1eec10b3f9", "PartyLogo": "https://storage.googleapis.com/candidate-thumbs/party/188.png", "CandididatePhoto": "https://storage.googleapis.com/candidate-thumbs/images/50-2-12.jpg"}, {"Unnamed: 0": 8693, "CandidateId": "37727e6b-18c3-4af5-9cc2-73bed3fdd226", "CandidateNo": 13, "FirstName": "รุจีพัชร", "LastName": "สว่างวงค์", "PartyName": "พลังท้องถิ่นไท", "PartyNumber": 124, "Title": "นาง", "Votable": true, "province_id": 50, "province_name": "เชียงใหม่", "zone_number": 2, "PartyTerminated": false, "Age": 52, "Occupation": "ค้าขาย", "HighestEducation": "ต่ำกว่าปริญญาตรี", "ImageFileId": "5c582d63fbcb5f1eec10c50c", "SelfIntroduceFileId": "5c582e63fbcb5f1eec10c729", "PartyLogo": "https://storage.googleapis.com/candidate-thumbs/party/124.png", "CandididatePhoto": "https://storage.googleapis.com/candidate-thumbs/images/50-2-13.jpg"}, {"Unnamed: 0": 8694, "CandidateId": "ef1f089f-4198-4499-a126-892655c92efb", "CandidateNo": 14, "FirstName": "วิวัฒน์", "LastName": "กิตติพรพานิช", "PartyName": "ประชาธิปัตย์", "PartyNumber": 1, "Title": "นาย", "Votable": true, "province_id": 50, "province_name": "เชียงใหม่", "zone_number": 2, "PartyTerminated": false, "Age": 52, "Occupation": "ธุรกิจส่วนตัว", "HighestEducation": "ปริญญาโท", "ImageFileId": "5c583456fbcb5f1eec10cfd8", "SelfIntroduceFileId": "5c58fd9afbcb5f1d8813a4a9", "PartyLogo": "https://storage.googleapis.com/candidate-thumbs/party/1.png", "CandididatePhoto": "https://storage.googleapis.com/candidate-thumbs/images/50-2-14.jpg"}, {"Unnamed: 0": 8695, "CandidateId": "543c2ce8-6553-4d73-8ae2-5757ebdfde6f", "CandidateNo": 15, "FirstName": "สมบูรณ์", "LastName": "กิติ", "PartyName": "ประชานิยม", "PartyNumber": 191, "Title": "นาย", "Votable": true, "province_id": 50, "province_name": "เชียงใหม่", "zone_number": 2, "PartyTerminated": false, "Age": 50, "Occupation": "ลูกจ้างรายวันกรมชลประทานที่ 1 เชียงใหม่", "HighestEducation": "ปริญญาตรี", "ImageFileId": "5c582a14fbcb5f1eec10bcf4", "SelfIntroduceFileId": "5c582c5efbcb5f1eec10c319", "PartyLogo": "https://storage.googleapis.com/candidate-thumbs/party/191.png", "CandididatePhoto": "https://storage.googleapis.com/candidate-thumbs/images/50-2-15.jpg"}, {"Unnamed: 0": 8696, "CandidateId": "ba8b1247-f1bb-416f-8417-cb287926551c", "CandidateNo": 16, "FirstName": "วุฒิพงศ์", "LastName": "โสมนัส", "PartyName": "ชาติไทยพัฒนา", "PartyNumber": 55, "Title": "นาย", "Votable": true, "province_id": 50, "province_name": "เชียงใหม่", "zone_number": 2, "PartyTerminated": false, "Age": 65, "Occupation": "พนักงานองค์การมหาชน", "HighestEducation": "ปริญญาโท", "ImageFileId": "5c582769fbcb5f1eec10b5d6", "SelfIntroduceFileId": "5c582842fbcb5f1eec10b7ba", "PartyLogo": "https://storage.googleapis.com/candidate-thumbs/party/55.png", "CandididatePhoto": "https://storage.googleapis.com/candidate-thumbs/images/50-2-16.jpg"}, {"Unnamed: 0": 8697, "CandidateId": "b6ac37dc-a31b-4fd2-8c0f-d49cf26894c9", "CandidateNo": 17, "FirstName": "มารศรี", "LastName": "นาคเฉลิม", "PartyName": "พลังชาติไทย", "PartyNumber": 186, "Title": "นาง", "Votable": true, "province_id": 50, "province_name": "เชียงใหม่", "zone_number": 2, "PartyTerminated": false, "Age": 69, "Occupation": "ตัวแทนประกันชีวิต", "HighestEducation": "ปริญญาตรี", "ImageFileId": "5c582877fbcb5f1eec10b828", "SelfIntroduceFileId": "5c582976fbcb5f1eec10bbc9", "PartyLogo": "https://storage.googleapis.com/candidate-thumbs/party/186.png", "CandididatePhoto": "https://storage.googleapis.com/candidate-thumbs/images/50-2-17.jpg"}, {"Unnamed: 0": 8698, "CandidateId": "668ca583-661c-4d6e-b2c3-3dfbeb0542f5", "CandidateNo": 18, "FirstName": "วรินทร", "LastName": "วัฒนพงศศิริกุล", "PartyName": "เพื่อชาติ", "PartyNumber": 149, "Title": "นาง", "Votable": true, "province_id": 50, "province_name": "เชียงใหม่", "zone_number": 2, "PartyTerminated": false, "Age": 55, "Occupation": "ธุรกิจส่วนตัว", "HighestEducation": "ปริญญาตรี", "ImageFileId": "5c5829a1fbcb5f1eec10bc7f", "SelfIntroduceFileId": "5c582b91fbcb5f1eec10c1f1", "PartyLogo": "https://storage.googleapis.com/candidate-thumbs/party/149.png", "CandididatePhoto": "https://storage.googleapis.com/candidate-thumbs/images/50-2-18.jpg"}, {"Unnamed: 0": 8699, "CandidateId": "1c627565-6bd9-466d-ab5d-e2e1bc8ffe6d", "CandidateNo": 19, "FirstName": "จิราภรณ์", "LastName": "แสนธิยะ", "PartyName": "ไทยศรีวิไลย์", "PartyNumber": 180, "Title": "นางสาว", "Votable": true, "province_id": 50, "province_name": "เชียงใหม่", "zone_number": 2, "PartyTerminated": false, "Age": 32, "Occupation": "รับจ้างทั่วไป", "HighestEducation": "ปริญญาตรี", "ImageFileId": "5c591a22fbcb5f1d8815097f", "SelfIntroduceFileId": "5c591fa2fbcb5f1d88152ff0", "PartyLogo": "https://storage.googleapis.com/candidate-thumbs/party/180.png", "CandididatePhoto": "https://storage.googleapis.com/candidate-thumbs/images/50-2-19.jpg"}, {"Unnamed: 0": 8700, "CandidateId": "17de9c96-3192-4ca9-a273-0704ae24f8f8", "CandidateNo": 20, "FirstName": "พรชนิตว์", "LastName": "อินทรวิเชียร", "PartyName": "ประชาชนปฏิรูป", "PartyNumber": 176, "Title": "นางสาว", "Votable": true, "province_id": 50, "province_name": "เชียงใหม่", "zone_number": 2, "PartyTerminated": false, "Age": 61, "Occupation": "ทนายความ", "HighestEducation": "ปริญญาตรี", "ImageFileId": "5c591fd9fbcb5f1d88153212", "SelfIntroduceFileId": "5c592184fbcb5f1d88153e7b", "PartyLogo": "https://storage.googleapis.com/candidate-thumbs/party/176.png", "CandididatePhoto": "https://storage.googleapis.com/candidate-thumbs/images/50-2-20.jpg"}, {"Unnamed: 0": 8701, "CandidateId": "6e388497-3c42-48d7-9772-d25b28723c51", "CandidateNo": 21, "FirstName": "หทัยรัตน์", "LastName": "จันทรส", "PartyName": "เพื่อแผ่นดิน", "PartyNumber": 41, "Title": "นางสาว", "Votable": true, "province_id": 50, "province_name": "เชียงใหม่", "zone_number": 2, "PartyTerminated": false, "Age": 50, "Occupation": "พนักงานบริษัท", "HighestEducation": "ต่ำกว่าปริญญาตรี", "ImageFileId": "5c591d6ffbcb5f1d88152222", "SelfIntroduceFileId": "5c5927b8fbcb5f1d881584bc", "PartyLogo": "https://storage.googleapis.com/candidate-thumbs/party/41.png", "CandididatePhoto": "https://storage.googleapis.com/candidate-thumbs/images/50-2-21.jpg"}, {"Unnamed: 0": 8702, "CandidateId": "28bc6cc3-207e-4f08-a4f2-01d2a468c8b9", "CandidateNo": 22, "FirstName": "อำนาจ", "LastName": "โพธิ์กรุณา", "PartyName": "ชาติพัฒนา", "PartyNumber": 45, "Title": "นาย", "Votable": true, "province_id": 50, "province_name": "เชียงใหม่", "zone_number": 2, "PartyTerminated": false, "Age": 55, "Occupation": "พนักงานบริษัทเอกชน", "HighestEducation": "ปริญญาเอก", "ImageFileId": "5c5950e4fbcb5f1d8817bcbf", "SelfIntroduceFileId": "5c595870fbcb5f1d88180309", "PartyLogo": "https://storage.googleapis.com/candidate-thumbs/party/45.png", "CandididatePhoto": "https://storage.googleapis.com/candidate-thumbs/images/50-2-22.jpg"}, {"Unnamed: 0": 8703, "CandidateId": "04a46c7d-ac3e-4c49-84ca-d7cd84422934", "CandidateNo": 23, "FirstName": "วิภาดา", "LastName": "ปลื้มสติ", "PartyName": "ภราดรภาพ", "PartyNumber": 154, "Title": "นาง", "Votable": true, "province_id": 50, "province_name": "เชียงใหม่", "zone_number": 2, "PartyTerminated": false, "Age": 57, "Occupation": "ธุรกิจส่วนตัว", "HighestEducation": "ปริญญาโท", "ImageFileId": "5c5a4decfbcb5f19bca911df", "SelfIntroduceFileId": "5c5a5029fbcb5f19bca926b8", "PartyLogo": "https://storage.googleapis.com/candidate-thumbs/party/154.png", "CandididatePhoto": "https://storage.googleapis.com/candidate-thumbs/images/50-2-23.jpg"}, {"Unnamed: 0": 8704, "CandidateId": "e27528c0-7dd4-4590-bd9f-0016ca8d6f5e", "CandidateNo": 24, "FirstName": "สำราญ", "LastName": "อรัญญี", "PartyName": "พลังปวงชนไทย", "PartyNumber": 184, "Title": "นาย", "Votable": true, "province_id": 50, "province_name": "เชียงใหม่", "zone_number": 2, "PartyTerminated": false, "Age": 66, "Occupation": "เกษตรกรรม", "HighestEducation": "ปริญญาตรี", "ImageFileId": "5c5a8a6dfbcb5f19bcaab229", "SelfIntroduceFileId": "5c5a8d07fbcb5f19bcaac6bc", "PartyLogo": "https://storage.googleapis.com/candidate-thumbs/party/184.png", "CandididatePhoto": "https://storage.googleapis.com/candidate-thumbs/images/50-2-24.jpg"}, {"Unnamed: 0": 8705, "CandidateId": "be6c8855-66ca-4b51-a928-c6d374382a95", "CandidateNo": 25, "FirstName": "อำพร", "LastName": "สายรัตน์", "PartyName": "เศรษฐกิจใหม่", "PartyNumber": 193, "Title": "นาง", "Votable": true, "province_id": 50, "province_name": "เชียงใหม่", "zone_number": 2, "PartyTerminated": false, "Age": 46, "Occupation": "ค้าขาย", "HighestEducation": "ต่ำกว่าปริญญาตรี", "ImageFileId": "5c5a9fcefbcb5f19bcab47f6", "SelfIntroduceFileId": "5c5aa12cfbcb5f19bcab513a", "PartyLogo": "https://storage.googleapis.com/candidate-thumbs/party/193.png", "CandididatePhoto": "https://storage.googleapis.com/candidate-thumbs/images/50-2-25.jpg"}, {"Unnamed: 0": 8706, "CandidateId": "92173fba-14d3-4f58-aed8-c9a5b6b27e8c", "CandidateNo": 26, "FirstName": "ธัญญรัตน์", "LastName": "หิรัญวงศ์ธาริน", "PartyName": "ครูไทยเพื่อประชาชน", "PartyNumber": 118, "Title": "นางสาว", "Votable": true, "province_id": 50, "province_name": "เชียงใหม่", "zone_number": 2, "PartyTerminated": false, "Age": 54, "Occupation": "ธุรกิจส่วนตัว", "HighestEducation": "ต่ำกว่าปริญญาตรี", "ImageFileId": "5c5ba3e9fbcb5f16fc659ca1", "SelfIntroduceFileId": "5c5ba667fbcb5f16fc65ad96", "PartyLogo": "https://storage.googleapis.com/candidate-thumbs/party/118.png", "CandididatePhoto": "https://storage.googleapis.com/candidate-thumbs/images/50-2-26.jpg"}, {"Unnamed: 0": 8707, "CandidateId": "f597f2a4-e275-404d-a354-c7a5294c582e", "CandidateNo": 27, "FirstName": "บัญชาการ", "LastName": "พลชมชื่น", "PartyName": "ชาติพันธุ์ไทย", "PartyNumber": 196, "Title": "ว่าที่ร้อยโท", "Votable": true, "province_id": 50, "province_name": "เชียงใหม่", "zone_number": 2, "PartyTerminated": false, "Age": 63, "Occupation": "เกษตรกรรม", "HighestEducation": "ปริญญาตรี", "ImageFileId": "5c5ba6e6fbcb5f16fc65b055", "SelfIntroduceFileId": "5c5bacaffbcb5f16fc65d92d", "PartyLogo": "https://storage.googleapis.com/candidate-thumbs/party/196.png", "CandididatePhoto": "https://storage.googleapis.com/candidate-thumbs/images/50-2-27.jpg"}, {"Unnamed: 0": 8708, "CandidateId": "87b8a3ec-9e05-4d93-a2d7-0a230bea476d", "CandidateNo": 28, "FirstName": "สาธิต", "LastName": "เกษสกุล", "PartyName": "ไทยรักษาชาติ", "PartyNumber": 77, "Title": "นาย", "Votable": true, "province_id": 50, "province_name": "เชียงใหม่", "zone_number": 2, "PartyTerminated": true, "Age": 60, "Occupation": "รับจ้าง", "HighestEducation": "ปริญญาตรี", "ImageFileId": "5c5bcca5fbcb5f16fc66a411", "SelfIntroduceFileId": "5c5bd63ffbcb5f16fc66e87c", "PartyLogo": "https://storage.googleapis.com/candidate-thumbs/party/77.png", "CandididatePhoto": "https://storage.googleapis.com/candidate-thumbs/images/50-2-28.jpg"}, {"Unnamed: 0": 8709, "CandidateId": "a34e7175-79f6-43eb-a0b4-e2d49cf0cfc5", "CandidateNo": 29, "FirstName": "ณภัทร", "LastName": "เชื้อพรรณงาม", "PartyName": "พลังรัก", "PartyNumber": 195, "Title": "นาย", "Votable": true, "province_id": 50, "province_name": "เชียงใหม่", "zone_number": 2, "PartyTerminated": false, "Age": 33, "Occupation": "รับจ้าง", "HighestEducation": "ปริญญาตรี", "ImageFileId": "5c5bd6cdfbcb5f16fc66edf4", "SelfIntroduceFileId": "5c5bd815fbcb5f16fc66f8e4", "PartyLogo": "https://storage.googleapis.com/candidate-thumbs/party/195.png", "CandididatePhoto": "https://storage.googleapis.com/candidate-thumbs/images/50-2-29.jpg"}, {"Unnamed: 0": 8710, "CandidateId": "a8236845-b2a1-4cc9-9d93-4a307248d111", "CandidateNo": 30, "FirstName": "บุญส่ง", "LastName": "เก่งป่า", "PartyName": "กรีน", "PartyNumber": 206, "Title": "นาย", "Votable": true, "province_id": 50, "province_name": "เชียงใหม่", "zone_number": 2, "PartyTerminated": false, "Age": 61, "Occupation": "เกษตรกรรม", "HighestEducation": "ต่ำกว่าปริญญาตรี", "ImageFileId": "5c5be3d6fbcb5f16fc675afb", "SelfIntroduceFileId": "5c5be735fbcb5f16fc677605", "PartyLogo": "https://storage.googleapis.com/candidate-thumbs/party/206.png", "CandididatePhoto": "https://storage.googleapis.com/candidate-thumbs/images/50-2-30.jpg"}, {"Unnamed: 0": 8711, "CandidateId": "e9bcfff8-8f7e-441b-a5b9-1eb2290a9385", "CandidateNo": 31, "FirstName": "จงรักษ์", "LastName": "คำจา", "PartyName": "มหาชน", "PartyNumber": 4, "Title": "นาง", "Votable": true, "province_id": 50, "province_name": "เชียงใหม่", "zone_number": 2, "PartyTerminated": false, "Age": 42, "Occupation": "รับจ้างทั่วไป", "HighestEducation": "ต่ำกว่าปริญญาตรี", "ImageFileId": "5c5be7c6fbcb5f16fc677d18", "SelfIntroduceFileId": "5c5be99cfbcb5f16fc678d3c", "PartyLogo": "https://storage.googleapis.com/candidate-thumbs/party/4.png", "CandididatePhoto": "https://storage.googleapis.com/candidate-thumbs/images/50-2-31.jpg"}, {"Unnamed: 0": 8712, "CandidateId": "b551d130-5023-4a9b-9094-b6d0e1b21b61", "CandidateNo": 32, "FirstName": "จเร", "LastName": "ช้างปลิว", "PartyName": "พลังไทยรักไทย", "PartyNumber": 185, "Title": "พันตำรวจโท", "Votable": true, "province_id": 50, "province_name": "เชียงใหม่", "zone_number": 2, "PartyTerminated": false, "Age": 72, "Occupation": "ข้าราชการบำนาญ", "HighestEducation": "ปริญญาตรี", "ImageFileId": "5c5bea75fbcb5f16fc679556", "SelfIntroduceFileId": "5c5bf4f9fbcb5f16fc67efb2", "PartyLogo": "https://storage.googleapis.com/candidate-thumbs/party/185.png", "CandididatePhoto": "https://storage.googleapis.com/candidate-thumbs/images/50-2-32.jpg"}, {"Unnamed: 0": 8713, "CandidateId": "73fe4cd3-2cf5-4f92-97c1-65e7b948ceb9", "CandidateNo": 33, "FirstName": "ประชัน", "LastName": "แปงปวน", "PartyName": "เครือข่ายชาวนาแห่งประเทศไทย", "PartyNumber": 22, "Title": "นาย", "Votable": true, "province_id": 50, "province_name": "เชียงใหม่", "zone_number": 2, "PartyTerminated": false, "Age": 60, "Occupation": "เกษตรกรรม", "HighestEducation": "ต่ำกว่าปริญญาตรี", "ImageFileId": "5c5bf560fbcb5f16fc67f16f", "SelfIntroduceFileId": "5c5bf78cfbcb5f16fc67ff3e", "PartyLogo": "https://storage.googleapis.com/candidate-thumbs/party/22.png", "CandididatePhoto": "https://storage.googleapis.com/candidate-thumbs/images/50-2-33.jpg"}, {"Unnamed: 0": 8714, "CandidateId": "3ef805c6-0111-4696-83ab-d48b924af894", "CandidateNo": 34, "FirstName": "วัลภา", "LastName": "สิทธิพาณิชย์", "PartyName": "พลังไทยรักชาติ", "PartyNumber": 155, "Title": "นาง", "Votable": false, "province_id": 50, "province_name": "เชียงใหม่", "zone_number": 2, "PartyTerminated": false, "Age": 66, "Occupation": "ค้าขาย", "HighestEducation": "ต่ำกว่าปริญญาตรี", "ImageFileId": "5c5bf900fbcb5f16fc68072e", "SelfIntroduceFileId": "5c5ceec2fbcb5f16fc68e463", "PartyLogo": "https://storage.googleapis.com/candidate-thumbs/party/155.png", "CandididatePhoto": "https://storage.googleapis.com/candidate-thumbs/images/50-2-34.jpg"}, {"Unnamed: 0": 8715, "CandidateId": "8d504889-8842-4dfa-a20c-7fb793878c4a", "CandidateNo": 35, "FirstName": "สนธิชัย", "LastName": "หน่อคำ", "PartyName": "ประชาธรรมไทย", "PartyNumber": 190, "Title": "นาย", "Votable": true, "province_id": 50, "province_name": "เชียงใหม่", "zone_number": 2, "PartyTerminated": false, "Age": 48, "Occupation": "ค้าขาย", "HighestEducation": "ต่ำกว่าปริญญาตรี", "ImageFileId": "5c5d46e1fbcb5f0fd886956f", "SelfIntroduceFileId": "5c5d48c7fbcb5f0fd886aade", "PartyLogo": "https://storage.googleapis.com/candidate-thumbs/party/190.png", "CandididatePhoto": "https://storage.googleapis.com/candidate-thumbs/images/50-2-35.jpg"}, {"Unnamed: 0": 8716, "CandidateId": "8799a277-6c60-4862-8119-acd0ce08869c", "CandidateNo": 36, "FirstName": "สถิต", "LastName": "แก้วนาบอน", "PartyName": "ไทรักธรรม", "PartyNumber": 144, "Title": "นาย", "Votable": true, "province_id": 50, "province_name": "เชียงใหม่", "zone_number": 2, "PartyTerminated": false, "Age": 61, "Occupation": "ธุรกิจส่วนตัว", "HighestEducation": "ต่ำกว่าปริญญาตรี", "ImageFileId": "5c5d49a4fbcb5f0fd886b510", "SelfIntroduceFileId": "5c5d4b1ffbcb5f0fd886c84e", "PartyLogo": "https://storage.googleapis.com/candidate-thumbs/party/144.png", "CandididatePhoto": "https://storage.googleapis.com/candidate-thumbs/images/50-2-36.jpg"}]