[{"Unnamed: 0": 8751, "CandidateId": "51f643f3-3d17-4ad9-9558-ca7ce0ff1534", "CandidateNo": 1, "FirstName": "สิงห์คำ", "LastName": "ไชยวัง", "PartyName": "ประชาภิวัฒน์", "PartyNumber": 172, "Title": "นาย", "Votable": true, "province_id": 50, "province_name": "เชียงใหม่", "zone_number": 4, "PartyTerminated": false, "Age": 58, "Occupation": "เกษตรกร", "HighestEducation": "ปริญญาตรี", "ImageFileId": "5c57f289fbcb5f1eec0eba99", "SelfIntroduceFileId": "5c580468fbcb5f1eec0f9cc7", "PartyLogo": "https://storage.googleapis.com/candidate-thumbs/party/172.png", "CandididatePhoto": "https://storage.googleapis.com/candidate-thumbs/images/50-4-1.jpg"}, {"Unnamed: 0": 8752, "CandidateId": "84516e74-23b0-4f46-94a0-8d661c9e55e1", "CandidateNo": 2, "FirstName": "ชลิต", "LastName": "ชนินทร์อารักษ์", "PartyName": "อนาคตใหม่", "PartyNumber": 177, "Title": "นาย", "Votable": true, "province_id": 50, "province_name": "เชียงใหม่", "zone_number": 4, "PartyTerminated": false, "Age": 66, "Occupation": "เกษียณอายุ", "HighestEducation": "ปริญญาโท", "ImageFileId": "5c580539fbcb5f1eec0fa9f7", "SelfIntroduceFileId": "5c580975fbcb5f1eec0fdf0a", "PartyLogo": "https://storage.googleapis.com/candidate-thumbs/party/177.png", "CandididatePhoto": "https://storage.googleapis.com/candidate-thumbs/images/50-4-2.jpg"}, {"Unnamed: 0": 8753, "CandidateId": "6c52eaa3-a083-4963-8350-0659dfc1c8af", "CandidateNo": 3, "FirstName": "อติเทพ", "LastName": "วันทา", "PartyName": "พลังธรรมใหม่", "PartyNumber": 175, "Title": "นาย", "Votable": true, "province_id": 50, "province_name": "เชียงใหม่", "zone_number": 4, "PartyTerminated": false, "Age": 27, "Occupation": "พนักงานเอกชน", "HighestEducation": "ปริญญาตรี", "ImageFileId": "5c580b47fbcb5f1eec0ff520", "SelfIntroduceFileId": "5c580f92fbcb5f1eec10286a", "PartyLogo": "https://storage.googleapis.com/candidate-thumbs/party/175.png", "CandididatePhoto": "https://storage.googleapis.com/candidate-thumbs/images/50-4-3.jpg"}, {"Unnamed: 0": 8754, "CandidateId": "cd8017f2-5cde-41be-afa3-d5857370525b", "CandidateNo": 4, "FirstName": "กิ่งกาญจน์", "LastName": "ณ เชียงใหม่", "PartyName": "พลังประชารัฐ", "PartyNumber": 192, "Title": "นาง", "Votable": true, "province_id": 50, "province_name": "เชียงใหม่", "zone_number": 4, "PartyTerminated": false, "Age": 71, "Occupation": "แม่บ้าน", "HighestEducation": "ปริญญาตรี", "ImageFileId": "5c581255fbcb5f1eec10425e", "SelfIntroduceFileId": "5c581f78fbcb5f1eec10970f", "PartyLogo": "https://storage.googleapis.com/candidate-thumbs/party/192.png", "CandididatePhoto": "https://storage.googleapis.com/candidate-thumbs/images/50-4-4.jpg"}, {"Unnamed: 0": 8755, "CandidateId": "9f4188fb-91c5-419d-b345-d72e1f0e4a07", "CandidateNo": 5, "FirstName": "รัชพล", "LastName": "มหายศ", "PartyName": "ภูมิใจไทย", "PartyNumber": 63, "Title": "นาย", "Votable": true, "province_id": 50, "province_name": "เชียงใหม่", "zone_number": 4, "PartyTerminated": false, "Age": 45, "Occupation": "ธุรกิจส่วนตัว", "HighestEducation": "ปริญญาตรี", "ImageFileId": "5c582a95fbcb5f1eec10be4b", "SelfIntroduceFileId": "5c582c89fbcb5f1eec10c3b0", "PartyLogo": "https://storage.googleapis.com/candidate-thumbs/party/63.png", "CandididatePhoto": "https://storage.googleapis.com/candidate-thumbs/images/50-4-5.jpg"}, {"Unnamed: 0": 8756, "CandidateId": "e1121476-b7bc-4340-add5-480dba07ddb7", "CandidateNo": 6, "FirstName": "สังคม", "LastName": "แสนบุดดี", "PartyName": "เสรีรวมไทย", "PartyNumber": 145, "Title": "นาย", "Votable": true, "province_id": 50, "province_name": "เชียงใหม่", "zone_number": 4, "PartyTerminated": false, "Age": 52, "Occupation": "ธุรกิจส่วนตัว", "HighestEducation": "ปริญญาโท", "ImageFileId": "5c58e754fbcb5f1d8812eb96", "SelfIntroduceFileId": "5c58ea6afbcb5f1d8812faa0", "PartyLogo": "https://storage.googleapis.com/candidate-thumbs/party/145.png", "CandididatePhoto": "https://storage.googleapis.com/candidate-thumbs/images/50-4-6.jpg"}, {"Unnamed: 0": 8757, "CandidateId": "ba583061-b2ba-4aea-82c0-574d6252f993", "CandidateNo": 7, "FirstName": "มาลี", "LastName": "ปันทอย", "PartyName": "พลังชาติไทย", "PartyNumber": 186, "Title": "นางสาว", "Votable": true, "province_id": 50, "province_name": "เชียงใหม่", "zone_number": 4, "PartyTerminated": false, "Age": 51, "Occupation": "ธุรกิจส่วนตัว", "HighestEducation": "ปริญญาโท", "ImageFileId": "5c58eae5fbcb5f1d8812fc9f", "SelfIntroduceFileId": "5c58eeacfbcb5f1d88131301", "PartyLogo": "https://storage.googleapis.com/candidate-thumbs/party/186.png", "CandididatePhoto": "https://storage.googleapis.com/candidate-thumbs/images/50-4-7.jpg"}, {"Unnamed: 0": 8758, "CandidateId": "00e6340f-0269-4aab-a762-879a55c9a646", "CandidateNo": 8, "FirstName": "กัลยา", "LastName": "แก้วมา", "PartyName": "ประชาธิปัตย์", "PartyNumber": 1, "Title": "นางสาว", "Votable": true, "province_id": 50, "province_name": "เชียงใหม่", "zone_number": 4, "PartyTerminated": false, "Age": 52, "Occupation": "ธุรกิจส่วนตัว", "HighestEducation": "ปริญญาเอก", "ImageFileId": "5c582ff1fbcb5f1eec10c97e", "SelfIntroduceFileId": "5c58f0b5fbcb5f1d881325c4", "PartyLogo": "https://storage.googleapis.com/candidate-thumbs/party/1.png", "CandididatePhoto": "https://storage.googleapis.com/candidate-thumbs/images/50-4-8.jpg"}, {"Unnamed: 0": 8759, "CandidateId": "5e0ba4e6-2b24-49f3-a3e7-248b8c9edd99", "CandidateNo": 9, "FirstName": "ไตรภพ", "LastName": "แซ่ย่าง", "PartyName": "พลังท้องถิ่นไท", "PartyNumber": 124, "Title": "นาย", "Votable": true, "province_id": 50, "province_name": "เชียงใหม่", "zone_number": 4, "PartyTerminated": false, "Age": 48, "Occupation": "เกษตรกรรม", "HighestEducation": "ต่ำกว่าปริญญาตรี", "ImageFileId": "5c5cfbadfbcb5f0fd8845e4d", "SelfIntroduceFileId": "5c58f2bdfbcb5f1d881338e1", "PartyLogo": "https://storage.googleapis.com/candidate-thumbs/party/124.png", "CandididatePhoto": "https://storage.googleapis.com/candidate-thumbs/images/50-4-9.jpg"}, {"Unnamed: 0": 8760, "CandidateId": "f21b373f-eb45-4a5a-bf1b-41fdd0cdd920", "CandidateNo": 10, "FirstName": "วิทยา", "LastName": "ทรงคำ", "PartyName": "เพื่อไทย", "PartyNumber": 34, "Title": "นาย", "Votable": true, "province_id": 50, "province_name": "เชียงใหม่", "zone_number": 4, "PartyTerminated": false, "Age": 63, "Occupation": "ข้าราชการ,อดีตสมาชิกสภาผู้แทนราษฎร", "HighestEducation": "ปริญญาโท", "ImageFileId": "5c5cfc7cfbcb5f0fd88464ef", "SelfIntroduceFileId": "5c583177fbcb5f1eec10cd2e", "PartyLogo": "https://storage.googleapis.com/candidate-thumbs/party/34.png", "CandididatePhoto": "https://storage.googleapis.com/candidate-thumbs/images/50-4-10.jpg"}, {"Unnamed: 0": 8761, "CandidateId": "e5374b09-028c-4e8c-9b18-e8002032da19", "CandidateNo": 11, "FirstName": "สมใจ", "LastName": "นิลเกตุ", "PartyName": "แผ่นดินธรรม", "PartyNumber": 188, "Title": "นาย", "Votable": true, "province_id": 50, "province_name": "เชียงใหม่", "zone_number": 4, "PartyTerminated": false, "Age": 73, "Occupation": "ข้าราชการ", "HighestEducation": "ปริญญาโท", "ImageFileId": "5c5cfd7efbcb5f0fd8846b45", "SelfIntroduceFileId": "5c5d008efbcb5f0fd8848856", "PartyLogo": "https://storage.googleapis.com/candidate-thumbs/party/188.png", "CandididatePhoto": "https://storage.googleapis.com/candidate-thumbs/images/50-4-11.jpg"}, {"Unnamed: 0": 8762, "CandidateId": "4b568bd8-aa89-46d8-90f4-6fee66117ffc", "CandidateNo": 12, "FirstName": "วาริสต์", "LastName": "ม่วงป่า", "PartyName": "รักษ์ผืนป่าประเทศไทย", "PartyNumber": 133, "Title": "นาย", "Votable": true, "province_id": 50, "province_name": "เชียงใหม่", "zone_number": 4, "PartyTerminated": false, "Age": 54, "Occupation": "ธุรกิจส่วนตัว", "HighestEducation": "ปริญญาตรี", "ImageFileId": "5c5d0101fbcb5f0fd8848b53", "SelfIntroduceFileId": "5c582e60fbcb5f1eec10c700", "PartyLogo": "https://storage.googleapis.com/candidate-thumbs/party/133.png", "CandididatePhoto": "https://storage.googleapis.com/candidate-thumbs/images/50-4-12.jpg"}, {"Unnamed: 0": 8763, "CandidateId": "6b6bea2b-8670-4296-8c4e-5ae7472b4e00", "CandidateNo": 13, "FirstName": "บุญล้อม", "LastName": "ถวาย", "PartyName": "ชาติพัฒนา", "PartyNumber": 45, "Title": "นาย", "Votable": true, "province_id": 50, "province_name": "เชียงใหม่", "zone_number": 4, "PartyTerminated": false, "Age": 65, "Occupation": "ธุรกิจส่วนตัว", "HighestEducation": "ปริญญาโท", "ImageFileId": "5c5d01c7fbcb5f0fd8848f84", "SelfIntroduceFileId": "5c58f483fbcb5f1d88134914", "PartyLogo": "https://storage.googleapis.com/candidate-thumbs/party/45.png", "CandididatePhoto": "https://storage.googleapis.com/candidate-thumbs/images/50-4-13.jpg"}, {"Unnamed: 0": 8764, "CandidateId": "4756e344-c82b-493e-92d5-b4d27f676f92", "CandidateNo": 14, "FirstName": "ศุภฤกษ์", "LastName": "สมมิตร", "PartyName": "ประชานิยม", "PartyNumber": 191, "Title": "นาย", "Votable": true, "province_id": 50, "province_name": "เชียงใหม่", "zone_number": 4, "PartyTerminated": false, "Age": 53, "Occupation": "ที่ปรึกษาบริษัทเอกชน", "HighestEducation": "ปริญญาโท", "ImageFileId": "5c5814b4fbcb5f1eec1055ed", "SelfIntroduceFileId": "5c5817c4fbcb5f1eec107016", "PartyLogo": "https://storage.googleapis.com/candidate-thumbs/party/191.png", "CandididatePhoto": "https://storage.googleapis.com/candidate-thumbs/images/50-4-14.jpg"}, {"Unnamed: 0": 8765, "CandidateId": "41a0354d-5ba3-4c97-b36d-eeac51816618", "CandidateNo": 15, "FirstName": "ดนัยเทพ", "LastName": "ดวงบาล", "PartyName": "รวมพลังประชาชาติไทย", "PartyNumber": 181, "Title": "นาย", "Votable": true, "province_id": 50, "province_name": "เชียงใหม่", "zone_number": 4, "PartyTerminated": false, "Age": 51, "Occupation": "รับจ้าง", "HighestEducation": "ปริญญาตรี", "ImageFileId": "5c5820dafbcb5f1eec109d18", "SelfIntroduceFileId": "5c5821c7fbcb5f1eec10a1fe", "PartyLogo": "https://storage.googleapis.com/candidate-thumbs/party/181.png", "CandididatePhoto": "https://storage.googleapis.com/candidate-thumbs/images/50-4-15.jpg"}, {"Unnamed: 0": 8766, "CandidateId": "d0a7f129-abb7-4da7-a046-cd4223d256f2", "CandidateNo": 16, "FirstName": "นฤเทพ", "LastName": "พึ่งไทย", "PartyName": "ประชาชาติ", "PartyNumber": 187, "Title": "นาย", "Votable": true, "province_id": 50, "province_name": "เชียงใหม่", "zone_number": 4, "PartyTerminated": false, "Age": 60, "Occupation": "รับจ้าง", "HighestEducation": "ต่ำกว่าปริญญาตรี", "ImageFileId": "5c582244fbcb5f1eec10a396", "SelfIntroduceFileId": "5c5823e0fbcb5f1eec10a8f6", "PartyLogo": "https://storage.googleapis.com/candidate-thumbs/party/187.png", "CandididatePhoto": "https://storage.googleapis.com/candidate-thumbs/images/50-4-16.jpg"}, {"Unnamed: 0": 8767, "CandidateId": "6b5b68a5-4189-482e-a764-436cee5ff2b3", "CandidateNo": 17, "FirstName": "แดงสองแคว", "LastName": "รุจนาภินันท์", "PartyName": "เพื่อชาติ", "PartyNumber": 149, "Title": "นาย", "Votable": true, "province_id": 50, "province_name": "เชียงใหม่", "zone_number": 4, "PartyTerminated": false, "Age": 63, "Occupation": "ธุรกิจส่วนตัว", "HighestEducation": "ต่ำกว่าปริญญาตรี", "ImageFileId": "5c5d05d0fbcb5f0fd884b36d", "SelfIntroduceFileId": "5c582a3cfbcb5f1eec10bd25", "PartyLogo": "https://storage.googleapis.com/candidate-thumbs/party/149.png", "CandididatePhoto": "https://storage.googleapis.com/candidate-thumbs/images/50-4-17.jpg"}, {"Unnamed: 0": 8768, "CandidateId": "a60a4685-bc3f-488b-bc75-478286b5ea97", "CandidateNo": 18, "FirstName": "สิทธิ", "LastName": "อาษากิจ", "PartyName": "ประชาชนปฏิรูป", "PartyNumber": 176, "Title": "นาย", "Votable": true, "province_id": 50, "province_name": "เชียงใหม่", "zone_number": 4, "PartyTerminated": false, "Age": 29, "Occupation": "ธุรกิจส่วนตัว", "HighestEducation": "ปริญญาตรี", "ImageFileId": "5c5825a0fbcb5f1eec10b018", "SelfIntroduceFileId": "5c582706fbcb5f1eec10b4c1", "PartyLogo": "https://storage.googleapis.com/candidate-thumbs/party/176.png", "CandididatePhoto": "https://storage.googleapis.com/candidate-thumbs/images/50-4-18.jpg"}, {"Unnamed: 0": 8769, "CandidateId": "234b603d-a72b-44e5-9e22-9c3968ff226a", "CandidateNo": 19, "FirstName": "สุทธีรา", "LastName": "คำชา", "PartyName": "ไทยศรีวิไลย์", "PartyNumber": 180, "Title": "นางสาว", "Votable": true, "province_id": 50, "province_name": "เชียงใหม่", "zone_number": 4, "PartyTerminated": false, "Age": 44, "Occupation": "ประกอบธุรกิจส่วนตัว", "HighestEducation": "ต่ำกว่าปริญญาตรี", "ImageFileId": "5c590b69fbcb5f1d88145602", "SelfIntroduceFileId": "5c590ceefbcb5f1d88146bbe", "PartyLogo": "https://storage.googleapis.com/candidate-thumbs/party/180.png", "CandididatePhoto": "https://storage.googleapis.com/candidate-thumbs/images/50-4-19.jpg"}, {"Unnamed: 0": 8770, "CandidateId": "a5854952-3500-4de4-9908-25022302b58f", "CandidateNo": 20, "FirstName": "มหรรณพ", "LastName": "รัตนจริงใจ", "PartyName": "ชาติไทยพัฒนา", "PartyNumber": 55, "Title": "นาย", "Votable": true, "province_id": 50, "province_name": "เชียงใหม่", "zone_number": 4, "PartyTerminated": false, "Age": 31, "Occupation": "ธุรกิจส่วนตัว", "HighestEducation": "ต่ำกว่าปริญญาตรี", "ImageFileId": "5c5a5b62fbcb5f19bca984ab", "SelfIntroduceFileId": "5c5a5cc0fbcb5f19bca98f6e", "PartyLogo": "https://storage.googleapis.com/candidate-thumbs/party/55.png", "CandididatePhoto": "https://storage.googleapis.com/candidate-thumbs/images/50-4-20.jpg"}, {"Unnamed: 0": 8771, "CandidateId": "73d6e11b-f764-4e47-9040-fd74f9ab6a8f", "CandidateNo": 21, "FirstName": "กวินทวิภพ", "LastName": "ฤาคนดี", "PartyName": "พลังปวงชนไทย", "PartyNumber": 184, "Title": "นาย", "Votable": true, "province_id": 50, "province_name": "เชียงใหม่", "zone_number": 4, "PartyTerminated": false, "Age": 33, "Occupation": "ธุรกิจส่วนตัว", "HighestEducation": "ปริญญาตรี", "ImageFileId": "5c5a60d9fbcb5f19bca9b77c", "SelfIntroduceFileId": "5c5a626afbcb5f19bca9c1a3", "PartyLogo": "https://storage.googleapis.com/candidate-thumbs/party/184.png", "CandididatePhoto": "https://storage.googleapis.com/candidate-thumbs/images/50-4-21.jpg"}, {"Unnamed: 0": 8772, "CandidateId": "482869e6-8615-470a-a684-b1dc41067566", "CandidateNo": 22, "FirstName": "ประเวช", "LastName": "นัทธี", "PartyName": "ภราดรภาพ", "PartyNumber": 154, "Title": "นาย", "Votable": true, "province_id": 50, "province_name": "เชียงใหม่", "zone_number": 4, "PartyTerminated": false, "Age": 60, "Occupation": "เกษตรกรรม", "HighestEducation": "ต่ำกว่าปริญญาตรี", "ImageFileId": "5c5a67dffbcb5f19bca9e865", "SelfIntroduceFileId": "5c5a76fcfbcb5f19bcaa2614", "PartyLogo": "https://storage.googleapis.com/candidate-thumbs/party/154.png", "CandididatePhoto": "https://storage.googleapis.com/candidate-thumbs/images/50-4-22.jpg"}, {"Unnamed: 0": 8773, "CandidateId": "bdf9de3c-af6f-4e76-a8e2-d2dc43d790df", "CandidateNo": 23, "FirstName": "จรูญ", "LastName": "พรมสวัสดิ์", "PartyName": "ครูไทยเพื่อประชาชน", "PartyNumber": 118, "Title": "นาย", "Votable": true, "province_id": 50, "province_name": "เชียงใหม่", "zone_number": 4, "PartyTerminated": false, "Age": 61, "Occupation": "รับจ้าง", "HighestEducation": "ปริญญาเอก", "ImageFileId": "5c5b9a38fbcb5f16fc656124", "SelfIntroduceFileId": "5c664028fbcb5f1548d96b16", "PartyLogo": "https://storage.googleapis.com/candidate-thumbs/party/118.png", "CandididatePhoto": "https://storage.googleapis.com/candidate-thumbs/images/50-4-23.jpg"}, {"Unnamed: 0": 8774, "CandidateId": "4b69fb03-e297-4fc4-a9e7-7d25f0844976", "CandidateNo": 24, "FirstName": "อรรถพล", "LastName": "ไชยพล", "PartyName": "ชาติพันธุ์ไทย", "PartyNumber": 196, "Title": "นาย", "Votable": true, "province_id": 50, "province_name": "เชียงใหม่", "zone_number": 4, "PartyTerminated": false, "Age": 43, "Occupation": "ค้าขาย", "HighestEducation": "ปริญญาตรี", "ImageFileId": "5c5baa6ffbcb5f16fc65ca11", "SelfIntroduceFileId": "5c5bac42fbcb5f16fc65d6c8", "PartyLogo": "https://storage.googleapis.com/candidate-thumbs/party/196.png", "CandididatePhoto": "https://storage.googleapis.com/candidate-thumbs/images/50-4-24.jpg"}, {"Unnamed: 0": 8775, "CandidateId": "d0460671-510e-4f24-a0db-7bd6dc9779dc", "CandidateNo": 25, "FirstName": "สัมฤทธิ์", "LastName": "บุญเลิศ", "PartyName": "ยางพาราไทย", "PartyNumber": 116, "Title": "นาย", "Votable": true, "province_id": 50, "province_name": "เชียงใหม่", "zone_number": 4, "PartyTerminated": false, "Age": 55, "Occupation": "เกษตร", "HighestEducation": "ต่ำกว่าปริญญาตรี", "ImageFileId": "5c5bac93fbcb5f16fc65d87d", "SelfIntroduceFileId": "5c5bae9bfbcb5f16fc65ead3", "PartyLogo": "https://storage.googleapis.com/candidate-thumbs/party/116.png", "CandididatePhoto": "https://storage.googleapis.com/candidate-thumbs/images/50-4-25.jpg"}, {"Unnamed: 0": 8776, "CandidateId": "f47ec513-a142-44aa-9909-5e4746fb3c9c", "CandidateNo": 26, "FirstName": "อนุชา", "LastName": "จันต๊ะตึง", "PartyName": "มหาชน", "PartyNumber": 4, "Title": "นาย", "Votable": true, "province_id": 50, "province_name": "เชียงใหม่", "zone_number": 4, "PartyTerminated": false, "Age": 30, "Occupation": "รับจ้าง", "HighestEducation": "ต่ำกว่าปริญญาตรี", "ImageFileId": "5c5bdca6fbcb5f16fc672003", "SelfIntroduceFileId": "5c5bde45fbcb5f16fc672dae", "PartyLogo": "https://storage.googleapis.com/candidate-thumbs/party/4.png", "CandididatePhoto": "https://storage.googleapis.com/candidate-thumbs/images/50-4-26.jpg"}, {"Unnamed: 0": 8777, "CandidateId": "13ad5e22-b6a8-4b27-8c7c-cfb2f7634945", "CandidateNo": 27, "FirstName": "สิทธัญ", "LastName": "วงค์ปั๋น", "PartyName": "เครือข่ายชาวนาแห่งประเทศไทย", "PartyNumber": 22, "Title": "นาย", "Votable": true, "province_id": 50, "province_name": "เชียงใหม่", "zone_number": 4, "PartyTerminated": false, "Age": 54, "Occupation": "เกษตรกรรม", "HighestEducation": "ต่ำกว่าปริญญาตรี", "ImageFileId": "5c5be163fbcb5f16fc6747bf", "SelfIntroduceFileId": "5c5be360fbcb5f16fc6757bc", "PartyLogo": "https://storage.googleapis.com/candidate-thumbs/party/22.png", "CandididatePhoto": "https://storage.googleapis.com/candidate-thumbs/images/50-4-27.jpg"}, {"Unnamed: 0": 8778, "CandidateId": "ce529dbd-364a-46de-ba6b-5dc34a3d7f00", "CandidateNo": 28, "FirstName": "ตัณธิกรณ์", "LastName": "วรรณธิกุล", "PartyName": "ประชากรไทย", "PartyNumber": 2, "Title": "นาย", "Votable": true, "province_id": 50, "province_name": "เชียงใหม่", "zone_number": 4, "PartyTerminated": false, "Age": 61, "Occupation": "ธุรกิจส่วนตัว", "HighestEducation": "ต่ำกว่าปริญญาตรี", "ImageFileId": "5c5bed9ffbcb5f16fc67b15f", "SelfIntroduceFileId": "5c5bf17cfbcb5f16fc67d23d", "PartyLogo": "https://storage.googleapis.com/candidate-thumbs/party/2.png", "CandididatePhoto": "https://storage.googleapis.com/candidate-thumbs/images/50-4-28.jpg"}, {"Unnamed: 0": 8779, "CandidateId": "afba6d4e-d50f-4ca6-97a0-dcdc99ca69c5", "CandidateNo": 29, "FirstName": "นัณธพงศ์", "LastName": "อุตมะ", "PartyName": "เศรษฐกิจใหม่", "PartyNumber": 193, "Title": "ว่าที่ร้อยตรี", "Votable": false, "province_id": 50, "province_name": "เชียงใหม่", "zone_number": 4, "PartyTerminated": false, "Age": 50, "Occupation": "ตัวแทนประกันชีวิต", "HighestEducation": "ปริญญาตรี", "ImageFileId": "5c5bf512fbcb5f16fc67f00c", "SelfIntroduceFileId": "5c5bf69cfbcb5f16fc67fae9", "PartyLogo": "https://storage.googleapis.com/candidate-thumbs/party/193.png", "CandididatePhoto": "https://storage.googleapis.com/candidate-thumbs/images/50-4-29.jpg"}, {"Unnamed: 0": 8780, "CandidateId": "0f145507-7845-49df-a87f-3c18a246e1cb", "CandidateNo": 30, "FirstName": "ทศพล", "LastName": "เพชรไทย", "PartyName": "พลังไทยรักไทย", "PartyNumber": 185, "Title": "ร้อยตำรวจเอก", "Votable": true, "province_id": 50, "province_name": "เชียงใหม่", "zone_number": 4, "PartyTerminated": false, "Age": 61, "Occupation": "รับราชการ", "HighestEducation": "ปริญญาตรี", "ImageFileId": "5c5d38fafbcb5f0fd88609cb", "SelfIntroduceFileId": "5c5d5638fbcb5f0fd8874b73", "PartyLogo": "https://storage.googleapis.com/candidate-thumbs/party/185.png", "CandididatePhoto": "https://storage.googleapis.com/candidate-thumbs/images/50-4-30.jpg"}, {"Unnamed: 0": 8781, "CandidateId": "87e9bd40-243a-4cf3-95b3-834fc60fc6fd", "CandidateNo": 31, "FirstName": "แพทรียา", "LastName": "ทะนันชัย", "PartyName": "พลังประชาธิปไตย", "PartyNumber": 153, "Title": "นางสาว", "Votable": true, "province_id": 50, "province_name": "เชียงใหม่", "zone_number": 4, "PartyTerminated": false, "Age": 43, "Occupation": "ธุรกิจส่วนตัว", "HighestEducation": "ปริญญาตรี", "ImageFileId": "5c5d2ee8fbcb5f0fd885b972", "SelfIntroduceFileId": "5c5d305bfbcb5f0fd885c4b2", "PartyLogo": "https://storage.googleapis.com/candidate-thumbs/party/153.png", "CandididatePhoto": "https://storage.googleapis.com/candidate-thumbs/images/50-4-31.jpg"}, {"Unnamed: 0": 8782, "CandidateId": "b2954754-a7d4-4c5c-a5b1-2149d47eeca1", "CandidateNo": 32, "FirstName": "น้ำฝน", "LastName": "สุตาคำ", "PartyName": "เพื่อแผ่นดิน", "PartyNumber": 41, "Title": "นางสาว", "Votable": true, "province_id": 50, "province_name": "เชียงใหม่", "zone_number": 4, "PartyTerminated": false, "Age": 28, "Occupation": "รับจ้าง", "HighestEducation": "ปริญญาโท", "ImageFileId": "5c5d508afbcb5f0fd887038b", "SelfIntroduceFileId": "5c5d5184fbcb5f0fd8870b23", "PartyLogo": "https://storage.googleapis.com/candidate-thumbs/party/41.png", "CandididatePhoto": "https://storage.googleapis.com/candidate-thumbs/images/50-4-32.jpg"}, {"Unnamed: 0": 8783, "CandidateId": "c586f1fd-ff13-415d-80bd-6510b9a5c023", "CandidateNo": 33, "FirstName": "วรัณกร", "LastName": "ตระกูลทองนุ่น", "PartyName": "ไทรักธรรม", "PartyNumber": 144, "Title": "นาง", "Votable": true, "province_id": 50, "province_name": "เชียงใหม่", "zone_number": 4, "PartyTerminated": false, "Age": 57, "Occupation": "ค้าขาย", "HighestEducation": "ปริญญาตรี", "ImageFileId": "5c5d51bafbcb5f0fd8870d1f", "SelfIntroduceFileId": "5c5d534ffbcb5f0fd8872131", "PartyLogo": "https://storage.googleapis.com/candidate-thumbs/party/144.png", "CandididatePhoto": "https://storage.googleapis.com/candidate-thumbs/images/50-4-33.jpg"}, {"Unnamed: 0": 8784, "CandidateId": "e54d88f1-f3e0-4394-96e4-6609771f7149", "CandidateNo": 34, "FirstName": "ธานินทร์", "LastName": "มณีลำพรรณ์", "PartyName": "ประชาธรรมไทย", "PartyNumber": 190, "Title": "นาย", "Votable": true, "province_id": 50, "province_name": "เชียงใหม่", "zone_number": 4, "PartyTerminated": false, "Age": 39, "Occupation": "ธุรกิจส่วนตัว", "HighestEducation": "ปริญญาโท", "ImageFileId": "5c5d537dfbcb5f0fd887235d", "SelfIntroduceFileId": "5c5d5547fbcb5f0fd8873bee", "PartyLogo": "https://storage.googleapis.com/candidate-thumbs/party/190.png", "CandididatePhoto": "https://storage.googleapis.com/candidate-thumbs/images/50-4-34.jpg"}, {"Unnamed: 0": 8785, "CandidateId": "e0d846e8-9a44-4729-82ea-e47a75ee188a", "CandidateNo": 35, "FirstName": "พัชชนันท์", "LastName": "มีเต็มทรัพย์", "PartyName": "แทนคุณแผ่นดิน", "PartyNumber": 53, "Title": "นางสาว", "Votable": true, "province_id": 50, "province_name": "เชียงใหม่", "zone_number": 4, "PartyTerminated": false, "Age": 35, "Occupation": "ธุรกิจส่วนตัว", "HighestEducation": "ปริญญาตรี", "ImageFileId": "5c5d570ffbcb5f0fd8875374", "SelfIntroduceFileId": "5c5d580efbcb5f0fd887615e", "PartyLogo": "https://storage.googleapis.com/candidate-thumbs/party/53.png", "CandididatePhoto": "https://storage.googleapis.com/candidate-thumbs/images/50-4-35.jpg"}]