[{"Unnamed: 0": 8922, "CandidateId": "48367a1f-86d3-4337-bd41-69023503c9a5", "CandidateNo": 1, "FirstName": "นวพล", "LastName": "คีรีรักษ์สกุล", "PartyName": "ประชาธิปัตย์", "PartyNumber": 1, "Title": "นาย", "Votable": true, "province_id": 50, "province_name": "เชียงใหม่", "zone_number": 9, "PartyTerminated": false, "Age": 41, "Occupation": "นักพัฒนาเอกชน", "HighestEducation": "ปริญญาตรี", "ImageFileId": "5c580b8efbcb5f1eec0ff915", "SelfIntroduceFileId": "5c580dbdfbcb5f1eec101261", "PartyLogo": "https://storage.googleapis.com/candidate-thumbs/party/1.png", "CandididatePhoto": "https://storage.googleapis.com/candidate-thumbs/images/50-9-1.jpg"}, {"Unnamed: 0": 8923, "CandidateId": "3268432d-c5fa-4127-a55f-8e4cd68b9534", "CandidateNo": 2, "FirstName": "พัฒนพงษ์", "LastName": "อินต๊ะนนท์", "PartyName": "พลังธรรมใหม่", "PartyNumber": 175, "Title": "นาย", "Votable": true, "province_id": 50, "province_name": "เชียงใหม่", "zone_number": 9, "PartyTerminated": false, "Age": 51, "Occupation": "ค้าขาย เกษตรกรรม", "HighestEducation": "ต่ำกว่าปริญญาตรี", "ImageFileId": "5c66205afbcb5f1548d93256", "SelfIntroduceFileId": "5c580f31fbcb5f1eec102479", "PartyLogo": "https://storage.googleapis.com/candidate-thumbs/party/175.png", "CandididatePhoto": "https://storage.googleapis.com/candidate-thumbs/images/50-9-2.jpg"}, {"Unnamed: 0": 8924, "CandidateId": "f62c14b0-b338-4304-a358-239915c816ab", "CandidateNo": 3, "FirstName": "โยฮัน", "LastName": "ศิลป์มิตรภาพ", "PartyName": "พลังท้องถิ่นไท", "PartyNumber": 124, "Title": "นาย", "Votable": true, "province_id": 50, "province_name": "เชียงใหม่", "zone_number": 9, "PartyTerminated": false, "Age": 61, "Occupation": "ทำสวน", "HighestEducation": "ปริญญาตรี", "ImageFileId": "5c6620b8fbcb5f1548d932d1", "SelfIntroduceFileId": "5c58106cfbcb5f1eec103229", "PartyLogo": "https://storage.googleapis.com/candidate-thumbs/party/124.png", "CandididatePhoto": "https://storage.googleapis.com/candidate-thumbs/images/50-9-3.jpg"}, {"Unnamed: 0": 8925, "CandidateId": "f111ebf4-1173-4dd5-b313-3b537b44f2d8", "CandidateNo": 4, "FirstName": "ภูวนัตถ์", "LastName": "วนาไพร", "PartyName": "รวมพลังประชาชาติไทย", "PartyNumber": 181, "Title": "นาย", "Votable": true, "province_id": 50, "province_name": "เชียงใหม่", "zone_number": 9, "PartyTerminated": false, "Age": 42, "Occupation": "เกษตร", "HighestEducation": "ปริญญาตรี", "ImageFileId": "5c6620f9fbcb5f1548d9331f", "SelfIntroduceFileId": "5c5811a4fbcb5f1eec103bbb", "PartyLogo": "https://storage.googleapis.com/candidate-thumbs/party/181.png", "CandididatePhoto": "https://storage.googleapis.com/candidate-thumbs/images/50-9-4.jpg"}, {"Unnamed: 0": 8926, "CandidateId": "f69da1a7-3e98-4a2b-89a6-400f99a5b6c2", "CandidateNo": 5, "FirstName": "วิจิตร", "LastName": "กูลเรือน", "PartyName": "ภูมิใจไทย", "PartyNumber": 63, "Title": "นาย", "Votable": true, "province_id": 50, "province_name": "เชียงใหม่", "zone_number": 9, "PartyTerminated": false, "Age": 66, "Occupation": "ข้าราชการการเมือง ตำแหน่งรองนายก ทต.แม่แจ่ม", "HighestEducation": "ปริญญาโท", "ImageFileId": "5c5811d6fbcb5f1eec103d67", "SelfIntroduceFileId": "5c58143afbcb5f1eec1053cf", "PartyLogo": "https://storage.googleapis.com/candidate-thumbs/party/63.png", "CandididatePhoto": "https://storage.googleapis.com/candidate-thumbs/images/50-9-5.jpg"}, {"Unnamed: 0": 8927, "CandidateId": "084da4c9-c014-4257-bfb4-055c24139b8b", "CandidateNo": 6, "FirstName": "ศุภชัย", "LastName": "สร้อยเพชร", "PartyName": "พลังชาติไทย", "PartyNumber": 186, "Title": "นาย", "Votable": true, "province_id": 50, "province_name": "เชียงใหม่", "zone_number": 9, "PartyTerminated": false, "Age": 46, "Occupation": "นายหน้าประกันภัย", "HighestEducation": "ต่ำกว่าปริญญาตรี", "ImageFileId": "5c6622a7fbcb5f1548d934e0", "SelfIntroduceFileId": "5c58165afbcb5f1eec1062f1", "PartyLogo": "https://storage.googleapis.com/candidate-thumbs/party/186.png", "CandididatePhoto": "https://storage.googleapis.com/candidate-thumbs/images/50-9-6.jpg"}, {"Unnamed: 0": 8928, "CandidateId": "b189bf36-4283-4f9a-a814-4c8256ff4f77", "CandidateNo": 7, "FirstName": "พนอม", "LastName": "นาสมจิตร", "PartyName": "รักษ์ผืนป่าประเทศไทย", "PartyNumber": 133, "Title": "นาย", "Votable": true, "province_id": 50, "province_name": "เชียงใหม่", "zone_number": 9, "PartyTerminated": false, "Age": 57, "Occupation": "เกษตรกร", "HighestEducation": "ต่ำกว่าปริญญาตรี", "ImageFileId": "5c58ed76fbcb5f1d88130ab7", "SelfIntroduceFileId": "5c58eeeffbcb5f1d881314cc", "PartyLogo": "https://storage.googleapis.com/candidate-thumbs/party/133.png", "CandididatePhoto": "https://storage.googleapis.com/candidate-thumbs/images/50-9-7.jpg"}, {"Unnamed: 0": 8929, "CandidateId": "2125f1d9-5688-43e9-9709-88b31992628f", "CandidateNo": 8, "FirstName": "ศักดา", "LastName": "กูลสวัสดิ์มงคล", "PartyName": "ประชาชาติ", "PartyNumber": 187, "Title": "นาย", "Votable": true, "province_id": 50, "province_name": "เชียงใหม่", "zone_number": 9, "PartyTerminated": false, "Age": 53, "Occupation": "ค้าขาย", "HighestEducation": "ต่ำกว่าปริญญาตรี", "ImageFileId": "5c58ef1bfbcb5f1d881315f6", "SelfIntroduceFileId": "5c58f043fbcb5f1d88132173", "PartyLogo": "https://storage.googleapis.com/candidate-thumbs/party/187.png", "CandididatePhoto": "https://storage.googleapis.com/candidate-thumbs/images/50-9-8.jpg"}, {"Unnamed: 0": 8930, "CandidateId": "ef72f7d1-e52f-4d8b-9912-5823d31471dc", "CandidateNo": 9, "FirstName": "ศรีเรศ", "LastName": "โกฎคำลือ", "PartyName": "เพื่อไทย", "PartyNumber": 34, "Title": "นาย", "Votable": true, "province_id": 50, "province_name": "เชียงใหม่", "zone_number": 9, "PartyTerminated": false, "Age": 63, "Occupation": "ธุรกิจส่วนตัว", "HighestEducation": "ปริญญาโท", "ImageFileId": "5c662491fbcb5f1548d937b0", "SelfIntroduceFileId": "5c58f365fbcb5f1d88133fa0", "PartyLogo": "https://storage.googleapis.com/candidate-thumbs/party/34.png", "CandididatePhoto": "https://storage.googleapis.com/candidate-thumbs/images/50-9-9.jpg"}, {"Unnamed: 0": 8931, "CandidateId": "ab1a01b4-05fc-465b-a0f2-b1d4bcf8163a", "CandidateNo": 10, "FirstName": "นรพล", "LastName": "ตันติมนตรี", "PartyName": "พลังประชารัฐ", "PartyNumber": 192, "Title": "นาย", "Votable": true, "province_id": 50, "province_name": "เชียงใหม่", "zone_number": 9, "PartyTerminated": false, "Age": 46, "Occupation": "นักการเมือง", "HighestEducation": "ปริญญาโท", "ImageFileId": "5c58f390fbcb5f1d8813408c", "SelfIntroduceFileId": "5c58f54cfbcb5f1d881350d1", "PartyLogo": "https://storage.googleapis.com/candidate-thumbs/party/192.png", "CandididatePhoto": "https://storage.googleapis.com/candidate-thumbs/images/50-9-10.jpg"}, {"Unnamed: 0": 8932, "CandidateId": "31d433af-2961-4555-9049-6970dd83dc72", "CandidateNo": 11, "FirstName": "ยงยุทธ", "LastName": "ขันทะสีมา", "PartyName": "เพื่อชาติ", "PartyNumber": 149, "Title": "นาย", "Votable": false, "province_id": 50, "province_name": "เชียงใหม่", "zone_number": 9, "PartyTerminated": false, "Age": 56, "Occupation": "รับจ้าง", "HighestEducation": "ปริญญาตรี", "ImageFileId": "5c58f586fbcb5f1d88135358", "SelfIntroduceFileId": "5c58f6a1fbcb5f1d88135eb7", "PartyLogo": "https://storage.googleapis.com/candidate-thumbs/party/149.png", "CandididatePhoto": "https://storage.googleapis.com/candidate-thumbs/images/50-9-11.jpg"}, {"Unnamed: 0": 8933, "CandidateId": "dc7e444a-143a-49a0-889e-ccd37609e45f", "CandidateNo": 12, "FirstName": "เฉลิมพงษ์", "LastName": "พัฒนาศาสตร์กุล", "PartyName": "ประชาภิวัฒน์", "PartyNumber": 172, "Title": "นาย", "Votable": true, "province_id": 50, "province_name": "เชียงใหม่", "zone_number": 9, "PartyTerminated": false, "Age": 45, "Occupation": "เกษตรกรรม", "HighestEducation": "ต่ำกว่าปริญญาตรี", "ImageFileId": "5c6628e2fbcb5f1548d93ea4", "SelfIntroduceFileId": "5c58f7e2fbcb5f1d88136d5c", "PartyLogo": "https://storage.googleapis.com/candidate-thumbs/party/172.png", "CandididatePhoto": "https://storage.googleapis.com/candidate-thumbs/images/50-9-12.jpg"}, {"Unnamed: 0": 8934, "CandidateId": "80174913-0a8d-47eb-959b-187bf8de1fa0", "CandidateNo": 13, "FirstName": "สุกัญญา", "LastName": "แก้วหน้อย", "PartyName": "ไทยศรีวิไลย์", "PartyNumber": 180, "Title": "นาง", "Votable": true, "province_id": 50, "province_name": "เชียงใหม่", "zone_number": 9, "PartyTerminated": false, "Age": 52, "Occupation": "ธุรกิจส่วนตัว", "HighestEducation": "ต่ำกว่าปริญญาตรี", "ImageFileId": "5c58f811fbcb5f1d88136f44", "SelfIntroduceFileId": "5c58f902fbcb5f1d88137bba", "PartyLogo": "https://storage.googleapis.com/candidate-thumbs/party/180.png", "CandididatePhoto": "https://storage.googleapis.com/candidate-thumbs/images/50-9-13.jpg"}, {"Unnamed: 0": 8935, "CandidateId": "107622b8-974d-465f-8a46-0c46be97b743", "CandidateNo": 14, "FirstName": "ธันยนิตย์", "LastName": "ปุณณจิตต์", "PartyName": "เสรีรวมไทย", "PartyNumber": 145, "Title": "นาย", "Votable": true, "province_id": 50, "province_name": "เชียงใหม่", "zone_number": 9, "PartyTerminated": false, "Age": 61, "Occupation": "ทนายความ", "HighestEducation": "ปริญญาตรี", "ImageFileId": "5c58f991fbcb5f1d881381a5", "SelfIntroduceFileId": "5c58fa7bfbcb5f1d881388a1", "PartyLogo": "https://storage.googleapis.com/candidate-thumbs/party/145.png", "CandididatePhoto": "https://storage.googleapis.com/candidate-thumbs/images/50-9-14.jpg"}, {"Unnamed: 0": 8936, "CandidateId": "cd95fff9-3042-4734-8d2f-31505f01c55f", "CandidateNo": 15, "FirstName": "สุนทร", "LastName": "มาลีการุณกิจ", "PartyName": "อนาคตใหม่", "PartyNumber": 177, "Title": "นาย", "Votable": true, "province_id": 50, "province_name": "เชียงใหม่", "zone_number": 9, "PartyTerminated": false, "Age": 44, "Occupation": "ธุรกิจส่วนตัว", "HighestEducation": "ปริญญาโท", "ImageFileId": "5c58fad6fbcb5f1d88138ba3", "SelfIntroduceFileId": "5c58fc90fbcb5f1d88139bbb", "PartyLogo": "https://storage.googleapis.com/candidate-thumbs/party/177.png", "CandididatePhoto": "https://storage.googleapis.com/candidate-thumbs/images/50-9-15.jpg"}, {"Unnamed: 0": 8937, "CandidateId": "c848060e-bfc0-4006-8355-7c15b4902c5c", "CandidateNo": 16, "FirstName": "วินัย", "LastName": "สังขวรรณะ", "PartyName": "ชาติไทยพัฒนา", "PartyNumber": 55, "Title": "นาย", "Votable": true, "province_id": 50, "province_name": "เชียงใหม่", "zone_number": 9, "PartyTerminated": false, "Age": 61, "Occupation": "รับราชการครู", "HighestEducation": "ปริญญาตรี", "ImageFileId": "5c58fcd4fbcb5f1d88139de0", "SelfIntroduceFileId": "5c58fdc9fbcb5f1d8813a63d", "PartyLogo": "https://storage.googleapis.com/candidate-thumbs/party/55.png", "CandididatePhoto": "https://storage.googleapis.com/candidate-thumbs/images/50-9-16.jpg"}, {"Unnamed: 0": 8938, "CandidateId": "f5527c6d-e727-4129-a6a8-20e27fad18b8", "CandidateNo": 17, "FirstName": "ถาวร", "LastName": "ธิมะโน", "PartyName": "ประชานิยม", "PartyNumber": 191, "Title": "นาย", "Votable": true, "province_id": 50, "province_name": "เชียงใหม่", "zone_number": 9, "PartyTerminated": false, "Age": 69, "Occupation": "ข้าราชการบำนาญ", "HighestEducation": "ปริญญาโท", "ImageFileId": "5c58fe1bfbcb5f1d8813ab9b", "SelfIntroduceFileId": "5c58ff8ffbcb5f1d8813bb09", "PartyLogo": "https://storage.googleapis.com/candidate-thumbs/party/191.png", "CandididatePhoto": "https://storage.googleapis.com/candidate-thumbs/images/50-9-17.jpg"}, {"Unnamed: 0": 8939, "CandidateId": "0a2d5175-6b76-40c8-ae9f-b58c6f05f562", "CandidateNo": 18, "FirstName": "ดุสิต", "LastName": "วณีสอน", "PartyName": "ประชาธิปไตยใหม่", "PartyNumber": 109, "Title": "นาย", "Votable": true, "province_id": 50, "province_name": "เชียงใหม่", "zone_number": 9, "PartyTerminated": false, "Age": 67, "Occupation": "รับราชการครู", "HighestEducation": "ปริญญาโท", "ImageFileId": "5c6626ccfbcb5f1548d93b01", "SelfIntroduceFileId": "5c5900dafbcb5f1d8813ce6f", "PartyLogo": "https://storage.googleapis.com/candidate-thumbs/party/109.png", "CandididatePhoto": "https://storage.googleapis.com/candidate-thumbs/images/50-9-18.jpg"}, {"Unnamed: 0": 8940, "CandidateId": "b5df1d36-e31c-48ee-a262-4d541dc56f73", "CandidateNo": 19, "FirstName": "ถนอม", "LastName": "บุญทา", "PartyName": "ภราดรภาพ", "PartyNumber": 154, "Title": "นาย", "Votable": true, "province_id": 50, "province_name": "เชียงใหม่", "zone_number": 9, "PartyTerminated": false, "Age": 71, "Occupation": "ธุรกิจส่วนตัว", "HighestEducation": "ปริญญาตรี", "ImageFileId": "5c5a4fa1fbcb5f19bca92275", "SelfIntroduceFileId": "5c5a50d1fbcb5f19bca92daf", "PartyLogo": "https://storage.googleapis.com/candidate-thumbs/party/154.png", "CandididatePhoto": "https://storage.googleapis.com/candidate-thumbs/images/50-9-19.jpg"}, {"Unnamed: 0": 8941, "CandidateId": "798059b6-8124-4fdc-9264-0748a4abbc9e", "CandidateNo": 20, "FirstName": "ธนน", "LastName": "ธีรสิทธิภัทร", "PartyName": "ประชาชนปฏิรูป", "PartyNumber": 176, "Title": "นาย", "Votable": true, "province_id": 50, "province_name": "เชียงใหม่", "zone_number": 9, "PartyTerminated": false, "Age": 31, "Occupation": "นักกีฬากอล์ฟ", "HighestEducation": "ปริญญาตรี", "ImageFileId": "5c66270ffbcb5f1548d93b81", "SelfIntroduceFileId": "5c5a67ecfbcb5f19bca9e8cf", "PartyLogo": "https://storage.googleapis.com/candidate-thumbs/party/176.png", "CandididatePhoto": "https://storage.googleapis.com/candidate-thumbs/images/50-9-20.jpg"}, {"Unnamed: 0": 8942, "CandidateId": "11b685dc-b99b-4418-ba9a-f83a977dfb52", "CandidateNo": 21, "FirstName": "รามัยดา", "LastName": "ฐานะนิธิภร", "PartyName": "พลังไทยดี", "PartyNumber": 212, "Title": "นางสาว", "Votable": true, "province_id": 50, "province_name": "เชียงใหม่", "zone_number": 9, "PartyTerminated": false, "Age": 47, "Occupation": "เกษตรกร", "HighestEducation": "ต่ำกว่าปริญญาตรี", "ImageFileId": "5c5aa047fbcb5f19bcab4a44", "SelfIntroduceFileId": "5c5aa18dfbcb5f19bcab530d", "PartyLogo": "https://storage.googleapis.com/candidate-thumbs/party/212.png", "CandididatePhoto": "https://storage.googleapis.com/candidate-thumbs/images/50-9-21.jpg"}, {"Unnamed: 0": 8943, "CandidateId": "6090167b-3896-4db5-9fa1-f376c4cb8651", "CandidateNo": 22, "FirstName": "วัชรินทร์พงษ์", "LastName": "ศิริมา", "PartyName": "ครูไทยเพื่อประชาชน", "PartyNumber": 118, "Title": "นาย", "Votable": true, "province_id": 50, "province_name": "เชียงใหม่", "zone_number": 9, "PartyTerminated": false, "Age": 63, "Occupation": "ข้าราชการบำนาญ", "HighestEducation": "ปริญญาตรี", "ImageFileId": "5c66276cfbcb5f1548d93c15", "SelfIntroduceFileId": "5c5b975cfbcb5f16fc6550a6", "PartyLogo": "https://storage.googleapis.com/candidate-thumbs/party/118.png", "CandididatePhoto": "https://storage.googleapis.com/candidate-thumbs/images/50-9-22.jpg"}, {"Unnamed: 0": 8944, "CandidateId": "ed4c52cf-917e-44cf-b06c-d2c56b3b53ec", "CandidateNo": 23, "FirstName": "อำนวย", "LastName": "หารหม่อง", "PartyName": "ชาติพันธุ์ไทย", "PartyNumber": 196, "Title": "นาย", "Votable": true, "province_id": 50, "province_name": "เชียงใหม่", "zone_number": 9, "PartyTerminated": false, "Age": 49, "Occupation": "รับเหมาก่อสร้าง", "HighestEducation": "ต่ำกว่าปริญญาตรี", "ImageFileId": "5c5b9eb1fbcb5f16fc65754c", "SelfIntroduceFileId": "5c5b9fccfbcb5f16fc657e53", "PartyLogo": "https://storage.googleapis.com/candidate-thumbs/party/196.png", "CandididatePhoto": "https://storage.googleapis.com/candidate-thumbs/images/50-9-23.jpg"}, {"Unnamed: 0": 8945, "CandidateId": "8d46b4bd-159c-4742-a4b6-42d0d9d40f88", "CandidateNo": 24, "FirstName": "ดิเกาะบู", "LastName": "สุริยะชัยพันธ์", "PartyName": "กรีน", "PartyNumber": 206, "Title": "นาย", "Votable": true, "province_id": 50, "province_name": "เชียงใหม่", "zone_number": 9, "PartyTerminated": false, "Age": 47, "Occupation": "เกษตรกร", "HighestEducation": "ต่ำกว่าปริญญาตรี", "ImageFileId": "5c5bba2cfbcb5f16fc664831", "SelfIntroduceFileId": "5c5bbaf9fbcb5f16fc664cab", "PartyLogo": "https://storage.googleapis.com/candidate-thumbs/party/206.png", "CandididatePhoto": "https://storage.googleapis.com/candidate-thumbs/images/50-9-24.jpg"}, {"Unnamed: 0": 8946, "CandidateId": "a66faf4b-1279-454e-83da-e10a760ca611", "CandidateNo": 25, "FirstName": "เกตุวิโรจน์", "LastName": "สุต๋าคำหิรัณย์", "PartyName": "เศรษฐกิจใหม่", "PartyNumber": 193, "Title": "นาย", "Votable": true, "province_id": 50, "province_name": "เชียงใหม่", "zone_number": 9, "PartyTerminated": false, "Age": 59, "Occupation": "ธุรกิจส่วนตัว", "HighestEducation": "ปริญญาตรี", "ImageFileId": "5c6627affbcb5f1548d93c74", "SelfIntroduceFileId": "5c5bc1ddfbcb5f16fc666b3f", "PartyLogo": "https://storage.googleapis.com/candidate-thumbs/party/193.png", "CandididatePhoto": "https://storage.googleapis.com/candidate-thumbs/images/50-9-25.jpg"}, {"Unnamed: 0": 8947, "CandidateId": "8d8beef9-61ab-4f91-9e0c-1c93cbadb4aa", "CandidateNo": 26, "FirstName": "อาริณี", "LastName": "ชมภูป้อ", "PartyName": "มหาชน", "PartyNumber": 4, "Title": "นางสาว", "Votable": true, "province_id": 50, "province_name": "เชียงใหม่", "zone_number": 9, "PartyTerminated": false, "Age": 35, "Occupation": "รับจ้าง", "HighestEducation": "ต่ำกว่าปริญญาตรี", "ImageFileId": "5c5bcba4fbcb5f16fc669e2e", "SelfIntroduceFileId": "5c5bcc9afbcb5f16fc66a3fb", "PartyLogo": "https://storage.googleapis.com/candidate-thumbs/party/4.png", "CandididatePhoto": "https://storage.googleapis.com/candidate-thumbs/images/50-9-26.jpg"}, {"Unnamed: 0": 8948, "CandidateId": "52510960-31ea-41af-8a04-38d6acdb343d", "CandidateNo": 27, "FirstName": "หล้า", "LastName": "ปันศิริ", "PartyName": "เครือข่ายชาวนาแห่งประเทศไทย", "PartyNumber": 22, "Title": "นาย", "Votable": true, "province_id": 50, "province_name": "เชียงใหม่", "zone_number": 9, "PartyTerminated": false, "Age": 69, "Occupation": "เกษตรกรรม", "HighestEducation": "ต่ำกว่าปริญญาตรี", "ImageFileId": "5c5bd3d5fbcb5f16fc66d902", "SelfIntroduceFileId": "5c5bd4a3fbcb5f16fc66df04", "PartyLogo": "https://storage.googleapis.com/candidate-thumbs/party/22.png", "CandididatePhoto": "https://storage.googleapis.com/candidate-thumbs/images/50-9-27.jpg"}, {"Unnamed: 0": 8949, "CandidateId": "ab845f8d-6371-45d5-acfa-540e5bbf3948", "CandidateNo": 28, "FirstName": "จำรัส", "LastName": "คำลือ", "PartyName": "เพื่อแผ่นดิน", "PartyNumber": 41, "Title": "นาย", "Votable": true, "province_id": 50, "province_name": "เชียงใหม่", "zone_number": 9, "PartyTerminated": false, "Age": 64, "Occupation": "ค้าขาย", "HighestEducation": "ต่ำกว่าปริญญาตรี", "ImageFileId": "5c5bd774fbcb5f16fc66f341", "SelfIntroduceFileId": "5c5bd887fbcb5f16fc66fcdb", "PartyLogo": "https://storage.googleapis.com/candidate-thumbs/party/41.png", "CandididatePhoto": "https://storage.googleapis.com/candidate-thumbs/images/50-9-28.jpg"}, {"Unnamed: 0": 8950, "CandidateId": "abda9320-b45e-415e-b35f-7ddc63b354e2", "CandidateNo": 29, "FirstName": "แก้ว", "LastName": "คงทรัพย์", "PartyName": "แผ่นดินธรรม", "PartyNumber": 188, "Title": "นาย", "Votable": true, "province_id": 50, "province_name": "เชียงใหม่", "zone_number": 9, "PartyTerminated": false, "Age": 57, "Occupation": "เกษตรกรรม", "HighestEducation": "ปริญญาตรี", "ImageFileId": "5c6627f6fbcb5f1548d93cf7", "SelfIntroduceFileId": "5c5bf1abfbcb5f16fc67d354", "PartyLogo": "https://storage.googleapis.com/candidate-thumbs/party/188.png", "CandididatePhoto": "https://storage.googleapis.com/candidate-thumbs/images/50-9-29.jpg"}, {"Unnamed: 0": 8951, "CandidateId": "d13e5091-8c04-485b-8336-f8a32065e653", "CandidateNo": 30, "FirstName": "ธวัชชัย", "LastName": "หน่อคำ", "PartyName": "พลังไทยรักไทย", "PartyNumber": 185, "Title": "นาย", "Votable": true, "province_id": 50, "province_name": "เชียงใหม่", "zone_number": 9, "PartyTerminated": false, "Age": 56, "Occupation": "ธุรกิจส่วนตัว", "HighestEducation": "ปริญญาตรี", "ImageFileId": "5c5d0c15fbcb5f0fd884db01", "SelfIntroduceFileId": "5c5d0d0afbcb5f0fd884e018", "PartyLogo": "https://storage.googleapis.com/candidate-thumbs/party/185.png", "CandididatePhoto": "https://storage.googleapis.com/candidate-thumbs/images/50-9-30.jpg"}, {"Unnamed: 0": 8952, "CandidateId": "78c25dab-bf26-419e-b695-909a123db726", "CandidateNo": 31, "FirstName": "บุญส่ง", "LastName": "ประสพชัยอุดม", "PartyName": "พลังรัก", "PartyNumber": 195, "Title": "นาย", "Votable": true, "province_id": 50, "province_name": "เชียงใหม่", "zone_number": 9, "PartyTerminated": false, "Age": 57, "Occupation": "อาสาสมัครบ้านพักเด็กคริสตเตียน", "HighestEducation": "ต่ำกว่าปริญญาตรี", "ImageFileId": "5c662833fbcb5f1548d93d58", "SelfIntroduceFileId": "5c5d1b34fbcb5f0fd8851c54", "PartyLogo": "https://storage.googleapis.com/candidate-thumbs/party/195.png", "CandididatePhoto": "https://storage.googleapis.com/candidate-thumbs/images/50-9-31.jpg"}, {"Unnamed: 0": 8953, "CandidateId": "9b5ec9e0-b90d-4f69-9db3-5b9fb8755360", "CandidateNo": 32, "FirstName": "บุญช่วย", "LastName": "ใบแสด", "PartyName": "ประชาธรรมไทย", "PartyNumber": 190, "Title": "นาย", "Votable": true, "province_id": 50, "province_name": "เชียงใหม่", "zone_number": 9, "PartyTerminated": false, "Age": 60, "Occupation": "ผู้ใหญ่บ้าน", "HighestEducation": "ต่ำกว่าปริญญาตรี", "ImageFileId": "5c5d40fbfbcb5f0fd8865a74", "SelfIntroduceFileId": "5c5d4209fbcb5f0fd88664c7", "PartyLogo": "https://storage.googleapis.com/candidate-thumbs/party/190.png", "CandididatePhoto": "https://storage.googleapis.com/candidate-thumbs/images/50-9-32.jpg"}, {"Unnamed: 0": 8954, "CandidateId": "c74250fc-0f95-4fc7-8329-6d6c5c56c4e8", "CandidateNo": 33, "FirstName": "วิลาส", "LastName": "สุขะวงศ์นันท์", "PartyName": "ไทรักธรรม", "PartyNumber": 144, "Title": "นาย", "Votable": true, "province_id": 50, "province_name": "เชียงใหม่", "zone_number": 9, "PartyTerminated": false, "Age": 59, "Occupation": "พนักงานรัฐวิสาหกิจ", "HighestEducation": "ปริญญาตรี", "ImageFileId": "5c5d4234fbcb5f0fd8866665", "SelfIntroduceFileId": "5c5d4337fbcb5f0fd8866f6f", "PartyLogo": "https://storage.googleapis.com/candidate-thumbs/party/144.png", "CandididatePhoto": "https://storage.googleapis.com/candidate-thumbs/images/50-9-33.jpg"}, {"Unnamed: 0": 8955, "CandidateId": "bfc4677c-2688-4c62-bd16-751258512028", "CandidateNo": 34, "FirstName": "บุญธรรม", "LastName": "จองนาง", "PartyName": "แทนคุณแผ่นดิน", "PartyNumber": 53, "Title": "นาย", "Votable": true, "province_id": 50, "province_name": "เชียงใหม่", "zone_number": 9, "PartyTerminated": false, "Age": 63, "Occupation": "เกษตรกร", "HighestEducation": "ต่ำกว่าปริญญาตรี", "ImageFileId": "5c66287cfbcb5f1548d93dee", "SelfIntroduceFileId": "5c5d4b9efbcb5f0fd886cfa5", "PartyLogo": "https://storage.googleapis.com/candidate-thumbs/party/53.png", "CandididatePhoto": "https://storage.googleapis.com/candidate-thumbs/images/50-9-34.jpg"}]