[{"Unnamed: 0": 4596, "CandidateId": "a387a77b-26be-404a-9933-7ee10b4819c7", "CandidateNo": 1, "FirstName": "เอี่ยม", "LastName": "ทองใจสด", "PartyName": "พลังประชารัฐ", "PartyNumber": 192, "Title": "นาย", "Votable": true, "province_id": 67, "province_name": "เพชรบูรณ์", "zone_number": 5, "PartyTerminated": false, "Age": 77, "Occupation": "นักการเมือง", "HighestEducation": "ปริญญาตรี", "ImageFileId": "5c57af9efbcb5f1eec0d006a", "SelfIntroduceFileId": "5c5900aafbcb5f1d8813cc93", "PartyLogo": "https://storage.googleapis.com/candidate-thumbs/party/192.png", "CandididatePhoto": "https://storage.googleapis.com/candidate-thumbs/images/67-5-1.jpg"}, {"Unnamed: 0": 4597, "CandidateId": "00368716-7018-4951-9101-584e09bf73ed", "CandidateNo": 2, "FirstName": "เกรียงไกร", "LastName": "ปานสีทอง", "PartyName": "อนาคตใหม่", "PartyNumber": 177, "Title": "นาย", "Votable": true, "province_id": 67, "province_name": "เพชรบูรณ์", "zone_number": 5, "PartyTerminated": false, "Age": 49, "Occupation": "ธุรกิจส่วนตัว", "HighestEducation": "ปริญญาตรี", "ImageFileId": "5c57b3d1fbcb5f1eec0d134f", "SelfIntroduceFileId": "5c5901cafbcb5f1d8813da6a", "PartyLogo": "https://storage.googleapis.com/candidate-thumbs/party/177.png", "CandididatePhoto": "https://storage.googleapis.com/candidate-thumbs/images/67-5-2.jpg"}, {"Unnamed: 0": 4598, "CandidateId": "1ee6eeb7-033f-441c-bf24-281b3afacb2c", "CandidateNo": 3, "FirstName": "เหลือ", "LastName": "น้อยภู่", "PartyName": "รวมพลังประชาชาติไทย", "PartyNumber": 181, "Title": "นาย", "Votable": true, "province_id": 67, "province_name": "เพชรบูรณ์", "zone_number": 5, "PartyTerminated": false, "Age": 68, "Occupation": "ค้าขาย", "HighestEducation": "ต่ำกว่าปริญญาตรี", "ImageFileId": "5c57b6b2fbcb5f1eec0d227f", "SelfIntroduceFileId": "5c590288fbcb5f1d8813e2ba", "PartyLogo": "https://storage.googleapis.com/candidate-thumbs/party/181.png", "CandididatePhoto": "https://storage.googleapis.com/candidate-thumbs/images/67-5-3.jpg"}, {"Unnamed: 0": 4599, "CandidateId": "fd5103b3-68ff-4702-9c47-afb789500ce2", "CandidateNo": 4, "FirstName": "ภฤิศรุ้ง", "LastName": "ฉ่ำตะคุ", "PartyName": "เสรีรวมไทย", "PartyNumber": 145, "Title": "นาย", "Votable": true, "province_id": 67, "province_name": "เพชรบูรณ์", "zone_number": 5, "PartyTerminated": false, "Age": 59, "Occupation": "ข้าราชการ", "HighestEducation": "ต่ำกว่าปริญญาตรี", "ImageFileId": "5c57ba06fbcb5f1eec0d3743", "SelfIntroduceFileId": "5c5903ebfbcb5f1d8813f221", "PartyLogo": "https://storage.googleapis.com/candidate-thumbs/party/145.png", "CandididatePhoto": "https://storage.googleapis.com/candidate-thumbs/images/67-5-4.jpg"}, {"Unnamed: 0": 4600, "CandidateId": "ee4c8118-4f98-4b91-8f9a-423f27acc11f", "CandidateNo": 5, "FirstName": "สมโภชน์", "LastName": "นวลสาลี", "PartyName": "ภูมิใจไทย", "PartyNumber": 63, "Title": "นาย", "Votable": true, "province_id": 67, "province_name": "เพชรบูรณ์", "zone_number": 5, "PartyTerminated": false, "Age": 59, "Occupation": "นักการเมืองท้องถิ่น", "HighestEducation": "ต่ำกว่าปริญญาตรี", "ImageFileId": "5c57bc57fbcb5f1eec0d4a2d", "SelfIntroduceFileId": "5c5904a1fbcb5f1d8813f932", "PartyLogo": "https://storage.googleapis.com/candidate-thumbs/party/63.png", "CandididatePhoto": "https://storage.googleapis.com/candidate-thumbs/images/67-5-5.jpg"}, {"Unnamed: 0": 4601, "CandidateId": "9aa8b163-4b1e-4a4a-a91a-e07fe7f5a78a", "CandidateNo": 6, "FirstName": "กานต์ญาณ์มาศ", "LastName": "บำรุงอ่วม", "PartyName": "ประชาภิวัฒน์", "PartyNumber": 172, "Title": "นางสาว", "Votable": true, "province_id": 67, "province_name": "เพชรบูรณ์", "zone_number": 5, "PartyTerminated": false, "Age": 59, "Occupation": "ธุรกิจส่วตัว", "HighestEducation": "ต่ำกว่าปริญญาตรี", "ImageFileId": "5c57c047fbcb5f1eec0d6810", "SelfIntroduceFileId": "5c59058bfbcb5f1d8814052b", "PartyLogo": "https://storage.googleapis.com/candidate-thumbs/party/172.png", "CandididatePhoto": "https://storage.googleapis.com/candidate-thumbs/images/67-5-6.jpg"}, {"Unnamed: 0": 4602, "CandidateId": "87d90165-9b17-48cf-9d0d-674cf00d96bf", "CandidateNo": 7, "FirstName": "ศักรินทร์", "LastName": "พันสมตน", "PartyName": "แทนคุณแผ่นดิน", "PartyNumber": 53, "Title": "นาย", "Votable": true, "province_id": 67, "province_name": "เพชรบูรณ์", "zone_number": 5, "PartyTerminated": false, "Age": 56, "Occupation": "พนักงานบริษัท", "HighestEducation": "ปริญญาโท", "ImageFileId": "5c57ce52fbcb5f1eec0dc785", "SelfIntroduceFileId": "5c590677fbcb5f1d881411eb", "PartyLogo": "https://storage.googleapis.com/candidate-thumbs/party/53.png", "CandididatePhoto": "https://storage.googleapis.com/candidate-thumbs/images/67-5-7.jpg"}, {"Unnamed: 0": 4603, "CandidateId": "4ef5d02f-17b3-4e90-848e-d3356a31f735", "CandidateNo": 8, "FirstName": "สิทธิชัย", "LastName": "ต๊ะอาจ", "PartyName": "เพื่อชาติ", "PartyNumber": 149, "Title": "นาย", "Votable": true, "province_id": 67, "province_name": "เพชรบูรณ์", "zone_number": 5, "PartyTerminated": false, "Age": 58, "Occupation": "ทนายความ", "HighestEducation": "ปริญญาตรี", "ImageFileId": "5c57d846fbcb5f1eec0df017", "SelfIntroduceFileId": "5c590752fbcb5f1d88141ec4", "PartyLogo": "https://storage.googleapis.com/candidate-thumbs/party/149.png", "CandididatePhoto": "https://storage.googleapis.com/candidate-thumbs/images/67-5-8.jpg"}, {"Unnamed: 0": 4604, "CandidateId": "4d125ea6-dd20-4d68-89c7-44e57e658871", "CandidateNo": 9, "FirstName": "คฑาเพชร", "LastName": "แก่นแก้ว", "PartyName": "ประชาธิปัตย์", "PartyNumber": 1, "Title": "นาย", "Votable": true, "province_id": 67, "province_name": "เพชรบูรณ์", "zone_number": 5, "PartyTerminated": false, "Age": 39, "Occupation": "ธุรกิจส่วนตัว", "HighestEducation": "ปริญญาตรี", "ImageFileId": "5c57db7cfbcb5f1eec0e0118", "SelfIntroduceFileId": "5c5907dafbcb5f1d881424d1", "PartyLogo": "https://storage.googleapis.com/candidate-thumbs/party/1.png", "CandididatePhoto": "https://storage.googleapis.com/candidate-thumbs/images/67-5-9.jpg"}, {"Unnamed: 0": 4605, "CandidateId": "7062d86e-4084-4bdd-a8df-73db5c1d96f9", "CandidateNo": 10, "FirstName": "มาวิณหุ์", "LastName": "พรหมบุญ", "PartyName": "ประชาชนปฏิรูป", "PartyNumber": 176, "Title": "นาย", "Votable": true, "province_id": 67, "province_name": "เพชรบูรณ์", "zone_number": 5, "PartyTerminated": false, "Age": 67, "Occupation": "ข้าราชการบำนาญ", "HighestEducation": "ปริญญาโท", "ImageFileId": "5c57e6a6fbcb5f1eec0e4f85", "SelfIntroduceFileId": "5c59084afbcb5f1d8814290f", "PartyLogo": "https://storage.googleapis.com/candidate-thumbs/party/176.png", "CandididatePhoto": "https://storage.googleapis.com/candidate-thumbs/images/67-5-10.jpg"}, {"Unnamed: 0": 4606, "CandidateId": "88c833c8-67fa-43bb-91a6-92c2da0a4956", "CandidateNo": 11, "FirstName": "กฤษฎา", "LastName": "บัวสุวรรณ์", "PartyName": "ไทยรักษาชาติ", "PartyNumber": 77, "Title": "นาย", "Votable": true, "province_id": 67, "province_name": "เพชรบูรณ์", "zone_number": 5, "PartyTerminated": true, "Age": 45, "Occupation": "นักการเมือง", "HighestEducation": "ปริญญาโท", "ImageFileId": "5c57e6e6fbcb5f1eec0e50e4", "SelfIntroduceFileId": "5c5908a8fbcb5f1d88142de7", "PartyLogo": "https://storage.googleapis.com/candidate-thumbs/party/77.png", "CandididatePhoto": "https://storage.googleapis.com/candidate-thumbs/images/67-5-11.jpg"}, {"Unnamed: 0": 4607, "CandidateId": "a467ac03-8021-47c8-bf00-e307df5a68c7", "CandidateNo": 12, "FirstName": "มนัส", "LastName": "ทองคันทา", "PartyName": "พลังชาติไทย", "PartyNumber": 186, "Title": "นาย", "Votable": true, "province_id": 67, "province_name": "เพชรบูรณ์", "zone_number": 5, "PartyTerminated": false, "Age": 66, "Occupation": "ค้าขาย", "HighestEducation": "ต่ำกว่าปริญญาตรี", "ImageFileId": "5c57e733fbcb5f1eec0e5447", "SelfIntroduceFileId": "5c590926fbcb5f1d881435ba", "PartyLogo": "https://storage.googleapis.com/candidate-thumbs/party/186.png", "CandididatePhoto": "https://storage.googleapis.com/candidate-thumbs/images/67-5-12.jpg"}, {"Unnamed: 0": 4608, "CandidateId": "2e8d7301-b533-4aef-8dad-49877a561110", "CandidateNo": 13, "FirstName": "สุพล", "LastName": "เกียมขุนทด", "PartyName": "ประชาธิปไตยใหม่", "PartyNumber": 109, "Title": "นาย", "Votable": true, "province_id": 67, "province_name": "เพชรบูรณ์", "zone_number": 5, "PartyTerminated": false, "Age": 57, "Occupation": "เกษตรกร", "HighestEducation": "ต่ำกว่าปริญญาตรี", "ImageFileId": "5c57e76dfbcb5f1eec0e57f0", "SelfIntroduceFileId": "5c5909b1fbcb5f1d88143b9b", "PartyLogo": "https://storage.googleapis.com/candidate-thumbs/party/109.png", "CandididatePhoto": "https://storage.googleapis.com/candidate-thumbs/images/67-5-13.jpg"}, {"Unnamed: 0": 4609, "CandidateId": "16ed9ab6-619a-4ca7-82d7-58da7f3f3860", "CandidateNo": 14, "FirstName": "สุวรรณ์", "LastName": "มูลตา", "PartyName": "รักษ์ผืนป่าประเทศไทย", "PartyNumber": 133, "Title": "นาย", "Votable": true, "province_id": 67, "province_name": "เพชรบูรณ์", "zone_number": 5, "PartyTerminated": false, "Age": 72, "Occupation": "-", "HighestEducation": "ต่ำกว่าปริญญาตรี", "ImageFileId": "5c57e7abfbcb5f1eec0e5abb", "SelfIntroduceFileId": "5c590a25fbcb5f1d88144291", "PartyLogo": "https://storage.googleapis.com/candidate-thumbs/party/133.png", "CandididatePhoto": "https://storage.googleapis.com/candidate-thumbs/images/67-5-14.jpg"}, {"Unnamed: 0": 4610, "CandidateId": "69af4539-f957-4f5e-ae77-f4e8cc84b1bf", "CandidateNo": 15, "FirstName": "สุชาติ", "LastName": "น้อยคนดี", "PartyName": "พลังท้องถิ่นไท", "PartyNumber": 124, "Title": "นาย", "Votable": true, "province_id": 67, "province_name": "เพชรบูรณ์", "zone_number": 5, "PartyTerminated": false, "Age": 61, "Occupation": "ข้าราชการบำนาญ", "HighestEducation": "ปริญญาโท", "ImageFileId": "5c57e7e0fbcb5f1eec0e5ccd", "SelfIntroduceFileId": "5c590a90fbcb5f1d88144a98", "PartyLogo": "https://storage.googleapis.com/candidate-thumbs/party/124.png", "CandididatePhoto": "https://storage.googleapis.com/candidate-thumbs/images/67-5-15.jpg"}, {"Unnamed: 0": 4611, "CandidateId": "500073d3-0621-4e9d-9e25-9e46ae1a06c8", "CandidateNo": 16, "FirstName": "บุญจันทร์", "LastName": "ยืนยง", "PartyName": "เพื่อแผ่นดิน", "PartyNumber": 41, "Title": "ร้อยตรี", "Votable": true, "province_id": 67, "province_name": "เพชรบูรณ์", "zone_number": 5, "PartyTerminated": false, "Age": 62, "Occupation": "ข้าราชการบำนาญ", "HighestEducation": "ปริญญาตรี", "ImageFileId": "5c57e811fbcb5f1eec0e5e95", "SelfIntroduceFileId": "5c59222bfbcb5f1d881547ad", "PartyLogo": "https://storage.googleapis.com/candidate-thumbs/party/41.png", "CandididatePhoto": "https://storage.googleapis.com/candidate-thumbs/images/67-5-16.jpg"}, {"Unnamed: 0": 4612, "CandidateId": "95d010ed-6e7b-4325-9df3-d4c98a81cd31", "CandidateNo": 17, "FirstName": "คมสัน", "LastName": "ล้นหลาม", "PartyName": "ประชาธรรมไทย", "PartyNumber": 190, "Title": "นาย", "Votable": true, "province_id": 67, "province_name": "เพชรบูรณ์", "zone_number": 5, "PartyTerminated": false, "Age": 57, "Occupation": "ข้าราชการบำนาญ", "HighestEducation": "ปริญญาตรี", "ImageFileId": "5c5a4797fbcb5f19bca8dcb6", "SelfIntroduceFileId": "5c5a5e80fbcb5f19bca9a40e", "PartyLogo": "https://storage.googleapis.com/candidate-thumbs/party/190.png", "CandididatePhoto": "https://storage.googleapis.com/candidate-thumbs/images/67-5-17.jpg"}, {"Unnamed: 0": 4613, "CandidateId": "2b9073e1-f231-47cd-ae40-0c83798033a5", "CandidateNo": 18, "FirstName": "วินิจ", "LastName": "สัตตะบุตร", "PartyName": "พลเมืองไทย", "PartyNumber": 173, "Title": "นาย", "Votable": true, "province_id": 67, "province_name": "เพชรบูรณ์", "zone_number": 5, "PartyTerminated": false, "Age": 65, "Occupation": "ข้าราชการบำนาญ", "HighestEducation": "ปริญญาโท", "ImageFileId": "5c5a4ac2fbcb5f19bca8f52f", "SelfIntroduceFileId": "5c5a5f5efbcb5f19bca9ab5b", "PartyLogo": "https://storage.googleapis.com/candidate-thumbs/party/173.png", "CandididatePhoto": "https://storage.googleapis.com/candidate-thumbs/images/67-5-18.jpg"}, {"Unnamed: 0": 4614, "CandidateId": "ac4f3f4b-9f4e-478b-ade7-65a0a7bce30d", "CandidateNo": 19, "FirstName": "กฤษพร", "LastName": "ตะกรุดแก้ว", "PartyName": "พลังปวงชนไทย", "PartyNumber": 184, "Title": "นาย", "Votable": true, "province_id": 67, "province_name": "เพชรบูรณ์", "zone_number": 5, "PartyTerminated": false, "Age": 42, "Occupation": "ธุรกิจส่วนตัว", "HighestEducation": "ต่ำกว่าปริญญาตรี", "ImageFileId": "5c5a4fe2fbcb5f19bca924b2", "SelfIntroduceFileId": "5c5a6017fbcb5f19bca9b217", "PartyLogo": "https://storage.googleapis.com/candidate-thumbs/party/184.png", "CandididatePhoto": "https://storage.googleapis.com/candidate-thumbs/images/67-5-19.jpg"}, {"Unnamed: 0": 4615, "CandidateId": "266f4998-f085-44a0-be0b-76989b9fff7f", "CandidateNo": 20, "FirstName": "ปรีชา", "LastName": "จันทจร", "PartyName": "พัฒนาประเทศไทย", "PartyNumber": 207, "Title": "นาย", "Votable": true, "province_id": 67, "province_name": "เพชรบูรณ์", "zone_number": 5, "PartyTerminated": false, "Age": 47, "Occupation": "เกษตรกร", "HighestEducation": "ต่ำกว่าปริญญาตรี", "ImageFileId": "5c5a732ffbcb5f19bcaa11cb", "SelfIntroduceFileId": "5c5a7716fbcb5f19bcaa267c", "PartyLogo": "https://storage.googleapis.com/candidate-thumbs/party/207.png", "CandididatePhoto": "https://storage.googleapis.com/candidate-thumbs/images/67-5-20.jpg"}, {"Unnamed: 0": 4616, "CandidateId": "736620cb-750d-4ccc-a9c1-7bd7548b4644", "CandidateNo": 21, "FirstName": "วินัย", "LastName": "นาคนิรันดร์", "PartyName": "ครูไทยเพื่อประชาชน", "PartyNumber": 118, "Title": "นาย", "Votable": true, "province_id": 67, "province_name": "เพชรบูรณ์", "zone_number": 5, "PartyTerminated": false, "Age": 61, "Occupation": "ค้าขาย", "HighestEducation": "ปริญญาตรี", "ImageFileId": "5c5ba4befbcb5f16fc65a1da", "SelfIntroduceFileId": "5c5bc663fbcb5f16fc667f50", "PartyLogo": "https://storage.googleapis.com/candidate-thumbs/party/118.png", "CandididatePhoto": "https://storage.googleapis.com/candidate-thumbs/images/67-5-21.jpg"}, {"Unnamed: 0": 4617, "CandidateId": "864f1ad1-66da-4370-a027-0340c3df51ba", "CandidateNo": 22, "FirstName": "พรหมสิทธิ์", "LastName": "พรหมเมือง", "PartyName": "เศรษฐกิจใหม่", "PartyNumber": 193, "Title": "นาย", "Votable": false, "province_id": 67, "province_name": "เพชรบูรณ์", "zone_number": 5, "PartyTerminated": false, "Age": 65, "Occupation": "บริการรับซ่อมโทรทัศน์ และอุปกรณ์ไฟฟ้า", "HighestEducation": "ต่ำกว่าปริญญาตรี", "ImageFileId": "5c5bacc8fbcb5f16fc65da43", "SelfIntroduceFileId": "5c5bc6f6fbcb5f16fc668210", "PartyLogo": "https://storage.googleapis.com/candidate-thumbs/party/193.png", "CandididatePhoto": "https://storage.googleapis.com/candidate-thumbs/images/67-5-22.jpg"}, {"Unnamed: 0": 4618, "CandidateId": "69b75f0a-425f-42f2-bc67-bfcb619a291f", "CandidateNo": 23, "FirstName": "นิภา", "LastName": "แก้วกลิ่น", "PartyName": "ประชานิยม", "PartyNumber": 191, "Title": "นาง", "Votable": true, "province_id": 67, "province_name": "เพชรบูรณ์", "zone_number": 5, "PartyTerminated": false, "Age": 61, "Occupation": "ข้าราชการบำนาญ", "HighestEducation": "ปริญญาโท", "ImageFileId": "5c5bb7e0fbcb5f16fc66383e", "SelfIntroduceFileId": "5c5bc7e2fbcb5f16fc6686da", "PartyLogo": "https://storage.googleapis.com/candidate-thumbs/party/191.png", "CandididatePhoto": "https://storage.googleapis.com/candidate-thumbs/images/67-5-23.jpg"}, {"Unnamed: 0": 4619, "CandidateId": "0815efa7-4922-4804-9b42-e6a729a6b276", "CandidateNo": 24, "FirstName": "นพมาศ", "LastName": "มูลสุวรรณ", "PartyName": "พลังประชาธิปไตย", "PartyNumber": 153, "Title": "นาง", "Votable": true, "province_id": 67, "province_name": "เพชรบูรณ์", "zone_number": 5, "PartyTerminated": false, "Age": 48, "Occupation": "เกษตรกรเลี้ยงไหม", "HighestEducation": "ต่ำกว่าปริญญาตรี", "ImageFileId": "5c5cf559fbcb5f16fc691112", "SelfIntroduceFileId": "5c5cfa0ffbcb5f0fd8844f6d", "PartyLogo": "https://storage.googleapis.com/candidate-thumbs/party/153.png", "CandididatePhoto": "https://storage.googleapis.com/candidate-thumbs/images/67-5-24.jpg"}, {"Unnamed: 0": 4620, "CandidateId": "658b5175-e1a9-4d3c-ba7c-85ecb7070b22", "CandidateNo": 25, "FirstName": "นารุต", "LastName": "ประวาลวงศ์", "PartyName": "ประชากรไทย", "PartyNumber": 2, "Title": "นาย", "Votable": true, "province_id": 67, "province_name": "เพชรบูรณ์", "zone_number": 5, "PartyTerminated": false, "Age": 27, "Occupation": "ธุรกิจส่วนตัว", "HighestEducation": "ต่ำกว่าปริญญาตรี", "ImageFileId": "5c5cffc9fbcb5f0fd88480f0", "SelfIntroduceFileId": "5c5d03b7fbcb5f0fd884a264", "PartyLogo": "https://storage.googleapis.com/candidate-thumbs/party/2.png", "CandididatePhoto": "https://storage.googleapis.com/candidate-thumbs/images/67-5-25.jpg"}, {"Unnamed: 0": 4621, "CandidateId": "6eafcc9f-9d65-46e1-bd40-26fcd1e17db4", "CandidateNo": 26, "FirstName": "บุญเลิศ", "LastName": "เพชรนิล", "PartyName": "ภราดรภาพ", "PartyNumber": 154, "Title": "นาย", "Votable": true, "province_id": 67, "province_name": "เพชรบูรณ์", "zone_number": 5, "PartyTerminated": false, "Age": 34, "Occupation": "ว่างงาน", "HighestEducation": "ต่ำกว่าปริญญาตรี", "ImageFileId": "5c5d3e40fbcb5f0fd8863b67", "SelfIntroduceFileId": "5c5d44d7fbcb5f0fd8868287", "PartyLogo": "https://storage.googleapis.com/candidate-thumbs/party/154.png", "CandididatePhoto": "https://storage.googleapis.com/candidate-thumbs/images/67-5-26.jpg"}, {"Unnamed: 0": 4622, "CandidateId": "a24a7bbb-bcd5-4901-9e0c-eb424a9efb2f", "CandidateNo": 27, "FirstName": "ชนากานต์", "LastName": "ริกากรณ์", "PartyName": "ผึ้งหลวง", "PartyNumber": 164, "Title": "นางสาว", "Votable": true, "province_id": 67, "province_name": "เพชรบูรณ์", "zone_number": 5, "PartyTerminated": false, "Age": 26, "Occupation": "ค้าขาย", "HighestEducation": "ปริญญาตรี", "ImageFileId": "5c5d4343fbcb5f0fd8866fd3", "SelfIntroduceFileId": "5c5d4b40fbcb5f0fd886c999", "PartyLogo": "https://storage.googleapis.com/candidate-thumbs/party/164.png", "CandididatePhoto": "https://storage.googleapis.com/candidate-thumbs/images/67-5-27.jpg"}, {"Unnamed: 0": 4623, "CandidateId": "c913a31e-a2b1-4eb3-a9d5-08b7a81d8470", "CandidateNo": 28, "FirstName": "ประยุทธ", "LastName": "บุญสนอง", "PartyName": "ไทรักธรรม", "PartyNumber": 144, "Title": "นาย", "Votable": true, "province_id": 67, "province_name": "เพชรบูรณ์", "zone_number": 5, "PartyTerminated": false, "Age": 57, "Occupation": "ดำเนินรายการวิทยุ", "HighestEducation": "ต่ำกว่าปริญญาตรี", "ImageFileId": "5c5d4839fbcb5f0fd886a2ca", "SelfIntroduceFileId": "5c5d4ca3fbcb5f0fd886daeb", "PartyLogo": "https://storage.googleapis.com/candidate-thumbs/party/144.png", "CandididatePhoto": "https://storage.googleapis.com/candidate-thumbs/images/67-5-28.jpg"}]