[{"Unnamed: 0": 404, "CandidateId": "a448fe0d-718e-4a22-a393-c1fa6163d5e0", "CandidateNo": 1, "FirstName": "บุหลัน", "LastName": "ราษฎร์คำพรรณ์", "PartyName": "พลังประชารัฐ", "PartyNumber": 192, "Title": "ด.ต.", "Votable": true, "province_id": 54, "province_name": "แพร่", "zone_number": 1, "PartyTerminated": false, "Age": 62, "Occupation": "ข้าราชการบำนาญ", "HighestEducation": "ปริญญาโท", "ImageFileId": "5c57e582fbcb5f1eec0e43bb", "SelfIntroduceFileId": "5c57e87afbcb5f1eec0e6072", "PartyLogo": "https://storage.googleapis.com/candidate-thumbs/party/192.png", "CandididatePhoto": "https://storage.googleapis.com/candidate-thumbs/images/54-1-1.jpg"}, {"Unnamed: 0": 405, "CandidateId": "ef588875-2609-40e3-b4eb-c9edff8360bf", "CandidateNo": 2, "FirstName": "เนาวรัตน์", "LastName": "คณะนัย", "PartyName": "เศรษฐกิจใหม่", "PartyNumber": 193, "Title": "นาย", "Votable": true, "province_id": 54, "province_name": "แพร่", "zone_number": 1, "PartyTerminated": false, "Age": 74, "Occupation": "ข้าราชการบำนาญ", "HighestEducation": "ปริญญาโท", "ImageFileId": "5c57ff9efbcb5f1eec0f568d", "SelfIntroduceFileId": "5c580821fbcb5f1eec0fcfe5", "PartyLogo": "https://storage.googleapis.com/candidate-thumbs/party/193.png", "CandididatePhoto": "https://storage.googleapis.com/candidate-thumbs/images/54-1-2.jpg"}, {"Unnamed: 0": 406, "CandidateId": "fc79f537-5dbb-4585-9a4c-75fae4bc3352", "CandidateNo": 3, "FirstName": "สันทัด", "LastName": "อุตวรรณา", "PartyName": "เสรีรวมไทย", "PartyNumber": 145, "Title": "ร.ต.ต.", "Votable": true, "province_id": 54, "province_name": "แพร่", "zone_number": 1, "PartyTerminated": false, "Age": 62, "Occupation": "ข้าราชการบำนาญ", "HighestEducation": "ปริญญาตรี", "ImageFileId": "5c57fa24fbcb5f1eec0f0b77", "SelfIntroduceFileId": "5c57ff05fbcb5f1eec0f4fd5", "PartyLogo": "https://storage.googleapis.com/candidate-thumbs/party/145.png", "CandididatePhoto": "https://storage.googleapis.com/candidate-thumbs/images/54-1-3.jpg"}, {"Unnamed: 0": 407, "CandidateId": "58599f2d-dd16-4866-9f26-4f11cca3132e", "CandidateNo": 4, "FirstName": "ธนกฤต", "LastName": "ตุ้ยดี", "PartyName": "เพื่อชาติ", "PartyNumber": 149, "Title": "นาย", "Votable": true, "province_id": 54, "province_name": "แพร่", "zone_number": 1, "PartyTerminated": false, "Age": 53, "Occupation": "เกษตรกร", "HighestEducation": "ต่ำกว่าปริญญาตรี", "ImageFileId": "5c59273bfbcb5f1d881580fa", "SelfIntroduceFileId": "5c592a36fbcb5f1d8815a35f", "PartyLogo": "https://storage.googleapis.com/candidate-thumbs/party/149.png", "CandididatePhoto": "https://storage.googleapis.com/candidate-thumbs/images/54-1-4.jpg"}, {"Unnamed: 0": 408, "CandidateId": "8d306bbd-197d-47cc-bf44-73feeaac9362", "CandidateNo": 5, "FirstName": "ชาตรี", "LastName": "คันธะวงศ์", "PartyName": "พลังธรรมใหม่", "PartyNumber": 175, "Title": "ว่าที่พันตรี", "Votable": true, "province_id": 54, "province_name": "แพร่", "zone_number": 1, "PartyTerminated": false, "Age": 54, "Occupation": "ทนายความ", "HighestEducation": "ปริญญาตรี", "ImageFileId": "5c5933a0fbcb5f1d881631a6", "SelfIntroduceFileId": "5c5937d1fbcb5f1d88166c8f", "PartyLogo": "https://storage.googleapis.com/candidate-thumbs/party/175.png", "CandididatePhoto": "https://storage.googleapis.com/candidate-thumbs/images/54-1-5.jpg"}, {"Unnamed: 0": 409, "CandidateId": "b7da989e-52af-413e-8b2a-b61d97b94507", "CandidateNo": 6, "FirstName": "นฤมล", "LastName": "บุญคง", "PartyName": "ประชาภิวัฒน์", "PartyNumber": 172, "Title": "นาง", "Votable": true, "province_id": 54, "province_name": "แพร่", "zone_number": 1, "PartyTerminated": false, "Age": 55, "Occupation": "ธุระกิจเครือข่าย", "HighestEducation": "ต่ำกว่าปริญญาตรี", "ImageFileId": "5c594ca7fbcb5f1d8817886c", "SelfIntroduceFileId": "5c5950cefbcb5f1d8817bb40", "PartyLogo": "https://storage.googleapis.com/candidate-thumbs/party/172.png", "CandididatePhoto": "https://storage.googleapis.com/candidate-thumbs/images/54-1-6.jpg"}, {"Unnamed: 0": 410, "CandidateId": "91b563aa-a297-4703-91f9-34fb3f1c6682", "CandidateNo": 7, "FirstName": "เอกการ", "LastName": "ซื่อทรงธรรม", "PartyName": "อนาคตใหม่", "PartyNumber": 177, "Title": "นาย", "Votable": true, "province_id": 54, "province_name": "แพร่", "zone_number": 1, "PartyTerminated": false, "Age": 33, "Occupation": "ค้าขาย", "HighestEducation": "ปริญญาโท", "ImageFileId": "5c5a63bafbcb5f19bca9cd14", "SelfIntroduceFileId": "5c5a6895fbcb5f19bca9ed4e", "PartyLogo": "https://storage.googleapis.com/candidate-thumbs/party/177.png", "CandididatePhoto": "https://storage.googleapis.com/candidate-thumbs/images/54-1-7.jpg"}, {"Unnamed: 0": 411, "CandidateId": "739e6c85-9dd8-4677-9c7a-b3756951e003", "CandidateNo": 8, "FirstName": "กฤตภัทร์", "LastName": "อาริยสุธรรม", "PartyName": "พลังท้องถิ่นไท", "PartyNumber": 124, "Title": "นาย", "Votable": true, "province_id": 54, "province_name": "แพร่", "zone_number": 1, "PartyTerminated": false, "Age": 61, "Occupation": "ค้าขาย", "HighestEducation": "ต่ำกว่าปริญญาตรี", "ImageFileId": "5c5a9fa7fbcb5f19bcab4758", "SelfIntroduceFileId": "5c5aa286fbcb5f19bcab5b06", "PartyLogo": "https://storage.googleapis.com/candidate-thumbs/party/124.png", "CandididatePhoto": "https://storage.googleapis.com/candidate-thumbs/images/54-1-8.jpg"}, {"Unnamed: 0": 412, "CandidateId": "d9ce5727-0d3a-47c4-b85a-70199599ea97", "CandidateNo": 9, "FirstName": "ธนินจิตรา", "LastName": "ศุภศิริ", "PartyName": "ประชาธิปัตย์", "PartyNumber": 1, "Title": "นาง", "Votable": true, "province_id": 54, "province_name": "แพร่", "zone_number": 1, "PartyTerminated": false, "Age": 58, "Occupation": "เป็นสมาชิกสภาองค์การบริหารส่วนจังหวัดแพร่", "HighestEducation": "ปริญญาโท", "ImageFileId": "5c5bd9bcfbcb5f16fc670647", "SelfIntroduceFileId": "5c5bb275fbcb5f16fc660e4d", "PartyLogo": "https://storage.googleapis.com/candidate-thumbs/party/1.png", "CandididatePhoto": "https://storage.googleapis.com/candidate-thumbs/images/54-1-9.jpg"}, {"Unnamed: 0": 413, "CandidateId": "e42d21f2-c1e1-4082-bcb8-af9241a13258", "CandidateNo": 10, "FirstName": "ทศพร", "LastName": "เสรีรักษ์", "PartyName": "ไทยรักษาชาติ", "PartyNumber": 77, "Title": "นาย", "Votable": true, "province_id": 54, "province_name": "แพร่", "zone_number": 1, "PartyTerminated": true, "Age": 64, "Occupation": "แพทย์", "HighestEducation": "ปริญญาโท", "ImageFileId": "5c5bd8c0fbcb5f16fc66fff6", "SelfIntroduceFileId": "5c5bd766fbcb5f16fc66f26a", "PartyLogo": "https://storage.googleapis.com/candidate-thumbs/party/77.png", "CandididatePhoto": "https://storage.googleapis.com/candidate-thumbs/images/54-1-10.jpg"}, {"Unnamed: 0": 414, "CandidateId": "e76944f5-59d4-49f7-988c-66a319235560", "CandidateNo": 11, "FirstName": "มนู", "LastName": "สมจิตร", "PartyName": "รักษ์ผืนป่าประเทศไทย", "PartyNumber": 133, "Title": "นาย", "Votable": true, "province_id": 54, "province_name": "แพร่", "zone_number": 1, "PartyTerminated": false, "Age": 75, "Occupation": "ข้าราชการบำนาญ", "HighestEducation": "ปริญญาโท", "ImageFileId": "5c5be829fbcb5f16fc677fcf", "SelfIntroduceFileId": "5c5bf1dafbcb5f16fc67d580", "PartyLogo": "https://storage.googleapis.com/candidate-thumbs/party/133.png", "CandididatePhoto": "https://storage.googleapis.com/candidate-thumbs/images/54-1-11.jpg"}, {"Unnamed: 0": 415, "CandidateId": "c32cdd00-37c3-490d-b690-5c2f5b851b08", "CandidateNo": 12, "FirstName": "อรนรินทร์", "LastName": "รัตนพันธุ์จักร์", "PartyName": "ประชาธิปไตยใหม่", "PartyNumber": 109, "Title": "นางสาว", "Votable": true, "province_id": 54, "province_name": "แพร่", "zone_number": 1, "PartyTerminated": false, "Age": 48, "Occupation": "ธุรกิจส่วนตัว", "HighestEducation": "ปริญญาตรี", "ImageFileId": "5c5bf268fbcb5f16fc67db85", "SelfIntroduceFileId": "5c5bf5b3fbcb5f16fc67f3d0", "PartyLogo": "https://storage.googleapis.com/candidate-thumbs/party/109.png", "CandididatePhoto": "https://storage.googleapis.com/candidate-thumbs/images/54-1-12.jpg"}, {"Unnamed: 0": 416, "CandidateId": "f576d03a-2e61-47f5-b5a5-7ab16dfc5d51", "CandidateNo": 13, "FirstName": "นพคุณ", "LastName": "ทองถิ่น", "PartyName": "รวมพลังประชาชาติไทย", "PartyNumber": 181, "Title": "นาย", "Votable": true, "province_id": 54, "province_name": "แพร่", "zone_number": 1, "PartyTerminated": false, "Age": 38, "Occupation": "พนักงานบริษัทฯ", "HighestEducation": "ปริญญาตรี", "ImageFileId": "5c5bf756fbcb5f16fc67fe81", "SelfIntroduceFileId": "5c5bfc65fbcb5f16fc681416", "PartyLogo": "https://storage.googleapis.com/candidate-thumbs/party/181.png", "CandididatePhoto": "https://storage.googleapis.com/candidate-thumbs/images/54-1-13.jpg"}, {"Unnamed: 0": 417, "CandidateId": "ec9886e5-32ff-4310-9ea5-4d53b4746220", "CandidateNo": 14, "FirstName": "พรพรรณ", "LastName": "พุฒิพาณิชยกิจ", "PartyName": "ประชาชนปฏิรูป", "PartyNumber": 176, "Title": "นางสาว", "Votable": true, "province_id": 54, "province_name": "แพร่", "zone_number": 1, "PartyTerminated": false, "Age": 45, "Occupation": "ค้าขาย", "HighestEducation": "ต่ำกว่าปริญญาตรี", "ImageFileId": "5c5ce93ffbcb5f16fc68c556", "SelfIntroduceFileId": "5c5ceefbfbcb5f16fc68e632", "PartyLogo": "https://storage.googleapis.com/candidate-thumbs/party/176.png", "CandididatePhoto": "https://storage.googleapis.com/candidate-thumbs/images/54-1-14.jpg"}, {"Unnamed: 0": 418, "CandidateId": "78e90b42-f77b-4d0d-9178-7fd136eba703", "CandidateNo": 15, "FirstName": "กรรณิกา", "LastName": "เตปัง", "PartyName": "ไทรักธรรม", "PartyNumber": 144, "Title": "นางสาว", "Votable": true, "province_id": 54, "province_name": "แพร่", "zone_number": 1, "PartyTerminated": false, "Age": 25, "Occupation": "พนักงานบริษัทเอกชน", "HighestEducation": "ปริญญาตรี", "ImageFileId": "5c5cf546fbcb5f16fc69105c", "SelfIntroduceFileId": "5c5cf842fbcb5f0fd8844209", "PartyLogo": "https://storage.googleapis.com/candidate-thumbs/party/144.png", "CandididatePhoto": "https://storage.googleapis.com/candidate-thumbs/images/54-1-15.jpg"}, {"Unnamed: 0": 419, "CandidateId": "2054c2ab-a4ba-47dc-8e3b-7b2eef09a3b5", "CandidateNo": 16, "FirstName": "สมาน", "LastName": "ผูกพันธุ์", "PartyName": "พลังปวงชนไทย", "PartyNumber": 184, "Title": "นาย", "Votable": true, "province_id": 54, "province_name": "แพร่", "zone_number": 1, "PartyTerminated": false, "Age": 69, "Occupation": "ข้าราชการครูบำนาญ", "HighestEducation": "ปริญญาตรี", "ImageFileId": "5c5cfce6fbcb5f0fd8846729", "SelfIntroduceFileId": "5c5d010cfbcb5f0fd8848ba8", "PartyLogo": "https://storage.googleapis.com/candidate-thumbs/party/184.png", "CandididatePhoto": "https://storage.googleapis.com/candidate-thumbs/images/54-1-16.jpg"}, {"Unnamed: 0": 420, "CandidateId": "dc728dd4-fb11-4283-b23a-04e76568eaa9", "CandidateNo": 17, "FirstName": "มานัส", "LastName": "เดชอุปการ", "PartyName": "ภราดรภาพ", "PartyNumber": 154, "Title": "ร้อยตำรวจตรี", "Votable": true, "province_id": 54, "province_name": "แพร่", "zone_number": 1, "PartyTerminated": false, "Age": 67, "Occupation": "ข้าราชการบำนาญ", "HighestEducation": "ต่ำกว่าปริญญาตรี", "ImageFileId": "5c5d04c1fbcb5f0fd884ab04", "SelfIntroduceFileId": "5c5d09dafbcb5f0fd884cdd6", "PartyLogo": "https://storage.googleapis.com/candidate-thumbs/party/154.png", "CandididatePhoto": "https://storage.googleapis.com/candidate-thumbs/images/54-1-17.jpg"}, {"Unnamed: 0": 421, "CandidateId": "d97af102-507c-440c-b1c3-fb980ae5601f", "CandidateNo": 18, "FirstName": "กสานต์", "LastName": "อินทรรุจิกุล", "PartyName": "ประชากรไทย", "PartyNumber": 2, "Title": "นาย", "Votable": true, "province_id": 54, "province_name": "แพร่", "zone_number": 1, "PartyTerminated": false, "Age": 54, "Occupation": "นักการเมืองท้องถิ่น", "HighestEducation": "ปริญญาตรี", "ImageFileId": "5c5d2134fbcb5f0fd8854a47", "SelfIntroduceFileId": "5c5d2667fbcb5f0fd8857094", "PartyLogo": "https://storage.googleapis.com/candidate-thumbs/party/2.png", "CandididatePhoto": "https://storage.googleapis.com/candidate-thumbs/images/54-1-18.jpg"}, {"Unnamed: 0": 422, "CandidateId": "eade6de3-b171-46d3-a699-c7b95c7b35c2", "CandidateNo": 19, "FirstName": "รัตนมาลี", "LastName": "ทุ่งพรวญ", "PartyName": "ชาติพันธุ์ไทย", "PartyNumber": 196, "Title": "นาง", "Votable": true, "province_id": 54, "province_name": "แพร่", "zone_number": 1, "PartyTerminated": false, "Age": 54, "Occupation": "ค้าขาย", "HighestEducation": "ปริญญาโท", "ImageFileId": "5c5d2a9ffbcb5f0fd8859484", "SelfIntroduceFileId": "5c5d30e1fbcb5f0fd885c86e", "PartyLogo": "https://storage.googleapis.com/candidate-thumbs/party/196.png", "CandididatePhoto": "https://storage.googleapis.com/candidate-thumbs/images/54-1-19.jpg"}, {"Unnamed: 0": 423, "CandidateId": "c6ad4f0b-5b00-4d69-a144-07e0a50e2332", "CandidateNo": 20, "FirstName": "ฉัฐมณฑน์", "LastName": "ทองสมจิตติ์", "PartyName": "มหาชน", "PartyNumber": 4, "Title": "นางสาว", "Votable": true, "province_id": 54, "province_name": "แพร่", "zone_number": 1, "PartyTerminated": false, "Age": 48, "Occupation": "ธุรกิจส่วนตัว", "HighestEducation": "ปริญญาเอก", "ImageFileId": "5c5d3384fbcb5f0fd885dfe5", "SelfIntroduceFileId": "5c5d3ab3fbcb5f0fd88616aa", "PartyLogo": "https://storage.googleapis.com/candidate-thumbs/party/4.png", "CandididatePhoto": "https://storage.googleapis.com/candidate-thumbs/images/54-1-20.jpg"}, {"Unnamed: 0": 424, "CandidateId": "62d3e8c1-630a-4242-8793-9fff80d7eca8", "CandidateNo": 21, "FirstName": "เดช", "LastName": "เขื่อนรอบเขต", "PartyName": "พลังชาติไทย", "PartyNumber": 186, "Title": "ร้อยตรี", "Votable": true, "province_id": 54, "province_name": "แพร่", "zone_number": 1, "PartyTerminated": false, "Age": 59, "Occupation": "ข้าราชการทหารบำนาญ", "HighestEducation": "ต่ำกว่าปริญญาตรี", "ImageFileId": "5c5d3eabfbcb5f0fd8863f3d", "SelfIntroduceFileId": "5c5d490cfbcb5f0fd886ae98", "PartyLogo": "https://storage.googleapis.com/candidate-thumbs/party/186.png", "CandididatePhoto": "https://storage.googleapis.com/candidate-thumbs/images/54-1-21.jpg"}, {"Unnamed: 0": 425, "CandidateId": "53441d74-089c-4217-9cee-e388805e2816", "CandidateNo": 22, "FirstName": "ภาวัต", "LastName": "เสนปัญญา", "PartyName": "ครูไทยเพื่อประชาชน", "PartyNumber": 118, "Title": "นาย", "Votable": true, "province_id": 54, "province_name": "แพร่", "zone_number": 1, "PartyTerminated": false, "Age": 58, "Occupation": "เกษตรกร", "HighestEducation": "ต่ำกว่าปริญญาตรี", "ImageFileId": "5c5d49c8fbcb5f0fd886b745", "SelfIntroduceFileId": "5c5d4f4cfbcb5f0fd886f4a4", "PartyLogo": "https://storage.googleapis.com/candidate-thumbs/party/118.png", "CandididatePhoto": "https://storage.googleapis.com/candidate-thumbs/images/54-1-22.jpg"}, {"Unnamed: 0": 426, "CandidateId": "b633ea80-8d21-4159-a3ce-63802aaa74b5", "CandidateNo": 23, "FirstName": "จารุวรรณ", "LastName": "วิไลจิตต์", "PartyName": "เพื่อแผ่นดิน", "PartyNumber": 41, "Title": "นาง", "Votable": true, "province_id": 54, "province_name": "แพร่", "zone_number": 1, "PartyTerminated": false, "Age": 47, "Occupation": "ครู", "HighestEducation": "ปริญญาตรี", "ImageFileId": "5c5d5275fbcb5f0fd8871414", "SelfIntroduceFileId": "5c5d55a7fbcb5f0fd88743e6", "PartyLogo": "https://storage.googleapis.com/candidate-thumbs/party/41.png", "CandididatePhoto": "https://storage.googleapis.com/candidate-thumbs/images/54-1-23.jpg"}, {"Unnamed: 0": 427, "CandidateId": "8cb809d0-86be-4bf8-b279-b678670d32db", "CandidateNo": 24, "FirstName": "พิศ", "LastName": "หนองช้าง", "PartyName": "พลังไทยรักไทย", "PartyNumber": 185, "Title": "นาง", "Votable": true, "province_id": 54, "province_name": "แพร่", "zone_number": 1, "PartyTerminated": false, "Age": 52, "Occupation": "รับราชการ", "HighestEducation": "ปริญญาโท", "ImageFileId": "5c5d5716fbcb5f0fd88753ad", "SelfIntroduceFileId": "5c5d5caffbcb5f0fd887917a", "PartyLogo": "https://storage.googleapis.com/candidate-thumbs/party/185.png", "CandididatePhoto": "https://storage.googleapis.com/candidate-thumbs/images/54-1-24.jpg"}, {"Unnamed: 0": 428, "CandidateId": "d8a816f1-cdb2-4ff5-b262-f46bd2a49e73", "CandidateNo": 25, "FirstName": "มงคล", "LastName": "ภัทรทิพย์มงคล", "PartyName": "ภูมิใจไทย", "PartyNumber": 63, "Title": "นาย", "Votable": true, "province_id": 54, "province_name": "แพร่", "zone_number": 1, "PartyTerminated": false, "Age": 50, "Occupation": "เกษตรกร", "HighestEducation": "ปริญญาตรี", "ImageFileId": "5c5d5dbffbcb5f0fd8879b07", "SelfIntroduceFileId": "5c5d6338fbcb5f0fd887c68a", "PartyLogo": "https://storage.googleapis.com/candidate-thumbs/party/63.png", "CandididatePhoto": "https://storage.googleapis.com/candidate-thumbs/images/54-1-25.jpg"}, {"Unnamed: 0": 429, "CandidateId": "aea1daa0-53eb-4d52-b410-0c149264850f", "CandidateNo": 26, "FirstName": "สุนทร", "LastName": "คำสี", "PartyName": "พลังไทยดี", "PartyNumber": 212, "Title": "นาย", "Votable": true, "province_id": 54, "province_name": "แพร่", "zone_number": 1, "PartyTerminated": false, "Age": 41, "Occupation": "รับจ้าง", "HighestEducation": "ต่ำกว่าปริญญาตรี", "ImageFileId": "5c5d6401fbcb5f0fd887cafb", "SelfIntroduceFileId": "5c5d6bdbfbcb5f0fd887f66b", "PartyLogo": "https://storage.googleapis.com/candidate-thumbs/party/212.png", "CandididatePhoto": "https://storage.googleapis.com/candidate-thumbs/images/54-1-26.jpg"}, {"Unnamed: 0": 430, "CandidateId": "20ccb61a-b970-47b1-8350-87a09d2eaa19", "CandidateNo": 27, "FirstName": "ธวัช", "LastName": "เหมืองหม้อ", "PartyName": "ประชาธรรมไทย", "PartyNumber": 190, "Title": "นาย", "Votable": true, "province_id": 54, "province_name": "แพร่", "zone_number": 1, "PartyTerminated": false, "Age": 63, "Occupation": "รับจ้าง", "HighestEducation": "ปริญญาโท", "ImageFileId": "5c5d6f57fbcb5f0fd88804a7", "SelfIntroduceFileId": "5c5d75dbfbcb5f0fd888170b", "PartyLogo": "https://storage.googleapis.com/candidate-thumbs/party/190.png", "CandididatePhoto": "https://storage.googleapis.com/candidate-thumbs/images/54-1-27.jpg"}]