[{"Unnamed: 0": 431, "CandidateId": "1891a627-cb2b-4f4f-98d4-b8fe0ce1a155", "CandidateNo": 1, "FirstName": "วิตติ", "LastName": "แสงสุพรรณ", "PartyName": "พลังประชารัฐ", "PartyNumber": 192, "Title": "นาย", "Votable": true, "province_id": 54, "province_name": "แพร่", "zone_number": 2, "PartyTerminated": false, "Age": 49, "Occupation": "นักการเมืองท้องถิ่น ตำแหน่ง สมาชิกสภาองค์การบริหารส่วนจังหวัดแพร่", "HighestEducation": "ปริญญาโท", "ImageFileId": "5c57ba7bfbcb5f1eec0d3b9f", "SelfIntroduceFileId": "5c57c3fffbcb5f1eec0d892c", "PartyLogo": "https://storage.googleapis.com/candidate-thumbs/party/192.png", "CandididatePhoto": "https://storage.googleapis.com/candidate-thumbs/images/54-2-1.jpg"}, {"Unnamed: 0": 432, "CandidateId": "55a2d7a5-4509-47ba-9f3e-f9059e9c60d9", "CandidateNo": 2, "FirstName": "ณธีพัฒน์", "LastName": "อมรหิรัญพงษ์", "PartyName": "พลังปวงชนไทย", "PartyNumber": 184, "Title": "ร.ต.ท.", "Votable": true, "province_id": 54, "province_name": "แพร่", "zone_number": 2, "PartyTerminated": false, "Age": 62, "Occupation": "ข้าราชการบำนาญ", "HighestEducation": "ปริญญาตรี", "ImageFileId": "5c5bb4c4fbcb5f16fc6622ef", "SelfIntroduceFileId": "5c592d43fbcb5f1d8815d6f2", "PartyLogo": "https://storage.googleapis.com/candidate-thumbs/party/184.png", "CandididatePhoto": "https://storage.googleapis.com/candidate-thumbs/images/54-2-2.jpg"}, {"Unnamed: 0": 433, "CandidateId": "53567684-d5c5-4e1a-bfd0-ef0066bea6e3", "CandidateNo": 3, "FirstName": "ครูเอี๊ยด", "LastName": "อินทนรลักษณา", "PartyName": "เสรีรวมไทย", "PartyNumber": 145, "Title": "นาย", "Votable": true, "province_id": 54, "province_name": "แพร่", "zone_number": 2, "PartyTerminated": false, "Age": 62, "Occupation": "ข้าราชการท้องถิ่น", "HighestEducation": "ปริญญาโท", "ImageFileId": "5c594671fbcb5f1d881733a3", "SelfIntroduceFileId": "5c594936fbcb5f1d88175bf4", "PartyLogo": "https://storage.googleapis.com/candidate-thumbs/party/145.png", "CandididatePhoto": "https://storage.googleapis.com/candidate-thumbs/images/54-2-3.jpg"}, {"Unnamed: 0": 434, "CandidateId": "eec0c831-fd60-4f57-96ff-17a56464ea7b", "CandidateNo": 4, "FirstName": "ทักษิณ", "LastName": "ฝากมิตร", "PartyName": "เพื่อชาติ", "PartyNumber": 149, "Title": "นาย", "Votable": true, "province_id": 54, "province_name": "แพร่", "zone_number": 2, "PartyTerminated": false, "Age": 54, "Occupation": "ค้าขายเฟอร์นิเจอร์ไม้สัก", "HighestEducation": "ปริญญาตรี", "ImageFileId": "5c5949f9fbcb5f1d88176617", "SelfIntroduceFileId": "5c594c84fbcb5f1d88178624", "PartyLogo": "https://storage.googleapis.com/candidate-thumbs/party/149.png", "CandididatePhoto": "https://storage.googleapis.com/candidate-thumbs/images/54-2-4.jpg"}, {"Unnamed: 0": 435, "CandidateId": "f735fdee-1f4c-4f8f-8597-208118cc9e55", "CandidateNo": 5, "FirstName": "ดนัย", "LastName": "พิสุทธิ์วิริยานันท์", "PartyName": "พลังธรรมใหม่", "PartyNumber": 175, "Title": "นาย", "Votable": true, "province_id": 54, "province_name": "แพร่", "zone_number": 2, "PartyTerminated": false, "Age": 53, "Occupation": "รับจ้าง", "HighestEducation": "ต่ำกว่าปริญญาตรี", "ImageFileId": "5c594ebbfbcb5f1d8817a1e8", "SelfIntroduceFileId": "5c595097fbcb5f1d8817b602", "PartyLogo": "https://storage.googleapis.com/candidate-thumbs/party/175.png", "CandididatePhoto": "https://storage.googleapis.com/candidate-thumbs/images/54-2-5.jpg"}, {"Unnamed: 0": 436, "CandidateId": "6d1dd10a-01fa-48d4-84a2-34cb74a98bca", "CandidateNo": 6, "FirstName": "สวัสดิ์", "LastName": "แปงขา", "PartyName": "ประชาภิวัฒน์", "PartyNumber": 172, "Title": "ร้อยตำรวจโท", "Votable": true, "province_id": 54, "province_name": "แพร่", "zone_number": 2, "PartyTerminated": false, "Age": 63, "Occupation": "ข้าราชการบำนาญ", "HighestEducation": "ปริญญาตรี", "ImageFileId": "5c595162fbcb5f1d8817c52f", "SelfIntroduceFileId": "5c595475fbcb5f1d8817e227", "PartyLogo": "https://storage.googleapis.com/candidate-thumbs/party/172.png", "CandididatePhoto": "https://storage.googleapis.com/candidate-thumbs/images/54-2-6.jpg"}, {"Unnamed: 0": 437, "CandidateId": "15ae3c72-aefa-4845-af19-ae7d5ae8f88a", "CandidateNo": 7, "FirstName": "กฤติดนัย", "LastName": "สันแก้ว", "PartyName": "อนาคตใหม่", "PartyNumber": 177, "Title": "นาย", "Votable": true, "province_id": 54, "province_name": "แพร่", "zone_number": 2, "PartyTerminated": false, "Age": 34, "Occupation": "นักการเมือง", "HighestEducation": "ปริญญาตรี", "ImageFileId": "5c5a9bd5fbcb5f19bcab2c61", "SelfIntroduceFileId": "5c5a9e14fbcb5f19bcab3c84", "PartyLogo": "https://storage.googleapis.com/candidate-thumbs/party/177.png", "CandididatePhoto": "https://storage.googleapis.com/candidate-thumbs/images/54-2-7.jpg"}, {"Unnamed: 0": 438, "CandidateId": "332d09c7-2b6b-4eec-b5ac-a5e8fbd1b3c9", "CandidateNo": 8, "FirstName": "รบ", "LastName": "ถุงคำ", "PartyName": "พลังท้องถิ่นไท", "PartyNumber": 124, "Title": "นาย", "Votable": true, "province_id": 54, "province_name": "แพร่", "zone_number": 2, "PartyTerminated": false, "Age": 74, "Occupation": "เกษตรกร", "HighestEducation": "ปริญญาตรี", "ImageFileId": "5c5aa03afbcb5f19bcab49c9", "SelfIntroduceFileId": "5c5aa8ecfbcb5f19bcab7793", "PartyLogo": "https://storage.googleapis.com/candidate-thumbs/party/124.png", "CandididatePhoto": "https://storage.googleapis.com/candidate-thumbs/images/54-2-8.jpg"}, {"Unnamed: 0": 439, "CandidateId": "377e0b0c-4216-41bb-8841-11c3e2e2d040", "CandidateNo": 9, "FirstName": "คณาธิป", "LastName": "มุดเจริญ", "PartyName": "ประชาธิปัตย์", "PartyNumber": 1, "Title": "นาย", "Votable": true, "province_id": 54, "province_name": "แพร่", "zone_number": 2, "PartyTerminated": false, "Age": 63, "Occupation": "ข้าราชการบำนาญกระทรวงสาธารณสุข", "HighestEducation": "ปริญญาโท", "ImageFileId": "5c5b8ef6fbcb5f16fc652746", "SelfIntroduceFileId": "5c5b90c7fbcb5f16fc652eda", "PartyLogo": "https://storage.googleapis.com/candidate-thumbs/party/1.png", "CandididatePhoto": "https://storage.googleapis.com/candidate-thumbs/images/54-2-9.jpg"}, {"Unnamed: 0": 440, "CandidateId": "041eedc9-ec23-4a65-afbc-f07cb311cc34", "CandidateNo": 10, "FirstName": "วรวัจน์", "LastName": "เอื้ออภิญญกุล", "PartyName": "ไทยรักษาชาติ", "PartyNumber": 77, "Title": "นาย", "Votable": true, "province_id": 54, "province_name": "แพร่", "zone_number": 2, "PartyTerminated": true, "Age": 59, "Occupation": "นักธุรกิจ", "HighestEducation": "ปริญญาโท", "ImageFileId": "5c5b935ffbcb5f16fc653b46", "SelfIntroduceFileId": "5c5b967dfbcb5f16fc65493f", "PartyLogo": "https://storage.googleapis.com/candidate-thumbs/party/77.png", "CandididatePhoto": "https://storage.googleapis.com/candidate-thumbs/images/54-2-10.jpg"}, {"Unnamed: 0": 441, "CandidateId": "77f4d22d-dbe1-48e8-a468-6abbcd37e819", "CandidateNo": 11, "FirstName": "ถาวร", "LastName": "นาจักร", "PartyName": "รักษ์ผืนป่าประเทศไทย", "PartyNumber": 133, "Title": "นาย", "Votable": false, "province_id": 54, "province_name": "แพร่", "zone_number": 2, "PartyTerminated": false, "Age": 70, "Occupation": "เกษตรกรรม", "HighestEducation": "ต่ำกว่าปริญญาตรี", "ImageFileId": "5c5b9c6bfbcb5f16fc656a4f", "SelfIntroduceFileId": "5c5b9fb9fbcb5f16fc657d6f", "PartyLogo": "https://storage.googleapis.com/candidate-thumbs/party/133.png", "CandididatePhoto": "https://storage.googleapis.com/candidate-thumbs/images/54-2-11.jpg"}, {"Unnamed: 0": 442, "CandidateId": "cc43ee3b-6c5f-45e6-a0df-d2ba202955ee", "CandidateNo": 12, "FirstName": "สิริพร", "LastName": "กุลวงศ์", "PartyName": "เศรษฐกิจใหม่", "PartyNumber": 193, "Title": "นาง", "Votable": true, "province_id": 54, "province_name": "แพร่", "zone_number": 2, "PartyTerminated": false, "Age": 62, "Occupation": "ข้าราชการบำนาญ", "HighestEducation": "ปริญญาเอก", "ImageFileId": "5c5bab12fbcb5f16fc65ce61", "SelfIntroduceFileId": "5c5bae26fbcb5f16fc65e503", "PartyLogo": "https://storage.googleapis.com/candidate-thumbs/party/193.png", "CandididatePhoto": "https://storage.googleapis.com/candidate-thumbs/images/54-2-12.jpg"}, {"Unnamed: 0": 443, "CandidateId": "47c65765-c2aa-4c47-b2b4-6cd846d97199", "CandidateNo": 13, "FirstName": "กมลชนก", "LastName": "ชุ่มเชย", "PartyName": "รวมพลังประชาชาติไทย", "PartyNumber": 181, "Title": "นางสาว", "Votable": true, "province_id": 54, "province_name": "แพร่", "zone_number": 2, "PartyTerminated": false, "Age": 27, "Occupation": "ธุรกิจส่วนตัว", "HighestEducation": "ปริญญาโท", "ImageFileId": "5c5bbad3fbcb5f16fc664bd1", "SelfIntroduceFileId": "5c5bbcf9fbcb5f16fc665940", "PartyLogo": "https://storage.googleapis.com/candidate-thumbs/party/181.png", "CandididatePhoto": "https://storage.googleapis.com/candidate-thumbs/images/54-2-13.jpg"}, {"Unnamed: 0": 444, "CandidateId": "536b14ba-7b05-423d-9be2-6eed887d360c", "CandidateNo": 14, "FirstName": "ธีระ", "LastName": "ปิกจุมปู", "PartyName": "ประชาชนปฏิรูป", "PartyNumber": 176, "Title": "นาย", "Votable": true, "province_id": 54, "province_name": "แพร่", "zone_number": 2, "PartyTerminated": false, "Age": 47, "Occupation": "ค้าขาย", "HighestEducation": "ปริญญาตรี", "ImageFileId": "5c5be35ffbcb5f16fc6757b7", "SelfIntroduceFileId": "5c5be6d3fbcb5f16fc677328", "PartyLogo": "https://storage.googleapis.com/candidate-thumbs/party/176.png", "CandididatePhoto": "https://storage.googleapis.com/candidate-thumbs/images/54-2-14.jpg"}, {"Unnamed: 0": 445, "CandidateId": "9b870433-daad-4d9e-9c94-24dd5b65a6f8", "CandidateNo": 15, "FirstName": "ธีมาพร", "LastName": "เอเบล", "PartyName": "ไทรักธรรม", "PartyNumber": 144, "Title": "นาง", "Votable": true, "province_id": 54, "province_name": "แพร่", "zone_number": 2, "PartyTerminated": false, "Age": 50, "Occupation": "รับจ้างทั่วไป", "HighestEducation": "ต่ำกว่าปริญญาตรี", "ImageFileId": "5c5be772fbcb5f16fc677a1d", "SelfIntroduceFileId": "5c5bec42fbcb5f16fc67a2f0", "PartyLogo": "https://storage.googleapis.com/candidate-thumbs/party/144.png", "CandididatePhoto": "https://storage.googleapis.com/candidate-thumbs/images/54-2-15.jpg"}, {"Unnamed: 0": 446, "CandidateId": "a0710dee-2f88-4e38-8920-bfafa90af3e1", "CandidateNo": 16, "FirstName": "ปราการ", "LastName": "แก้วอ้วน", "PartyName": "ภราดรภาพ", "PartyNumber": 154, "Title": "นาย", "Votable": true, "province_id": 54, "province_name": "แพร่", "zone_number": 2, "PartyTerminated": false, "Age": 61, "Occupation": "รับราชการ", "HighestEducation": "ปริญญาตรี", "ImageFileId": "5c5bf9c6fbcb5f16fc680a5a", "SelfIntroduceFileId": "5c5bfe0cfbcb5f16fc681a95", "PartyLogo": "https://storage.googleapis.com/candidate-thumbs/party/154.png", "CandididatePhoto": "https://storage.googleapis.com/candidate-thumbs/images/54-2-16.jpg"}, {"Unnamed: 0": 447, "CandidateId": "0ef04626-13e9-4935-a9b3-6ce244eaa3f4", "CandidateNo": 17, "FirstName": "รังสรรค์", "LastName": "เหมะสุทธินันท์", "PartyName": "เพื่อแผ่นดิน", "PartyNumber": 41, "Title": "นาย", "Votable": true, "province_id": 54, "province_name": "แพร่", "zone_number": 2, "PartyTerminated": false, "Age": 66, "Occupation": "ข้าราชการบำนาญสำนักการประถมศึกษาแพร่ เขต 2", "HighestEducation": "ต่ำกว่าปริญญาตรี", "ImageFileId": "5c5cefc5fbcb5f16fc68e9fd", "SelfIntroduceFileId": "5c5cf37efbcb5f16fc69041e", "PartyLogo": "https://storage.googleapis.com/candidate-thumbs/party/41.png", "CandididatePhoto": "https://storage.googleapis.com/candidate-thumbs/images/54-2-17.jpg"}, {"Unnamed: 0": 448, "CandidateId": "1ee0b12e-3a4c-4199-8061-094c29c8a2a7", "CandidateNo": 18, "FirstName": "พงศ์พันธ์", "LastName": "กระต่ายทอง", "PartyName": "พลังชาติไทย", "PartyNumber": 186, "Title": "นาย", "Votable": true, "province_id": 54, "province_name": "แพร่", "zone_number": 2, "PartyTerminated": false, "Age": 57, "Occupation": "ค้าขาย", "HighestEducation": "ต่ำกว่าปริญญาตรี", "ImageFileId": "5c5d0920fbcb5f0fd884ca45", "SelfIntroduceFileId": "5c5d0c3efbcb5f0fd884dc58", "PartyLogo": "https://storage.googleapis.com/candidate-thumbs/party/186.png", "CandididatePhoto": "https://storage.googleapis.com/candidate-thumbs/images/54-2-18.jpg"}, {"Unnamed: 0": 449, "CandidateId": "3d9c602d-ce2b-42b1-aae1-543d0ac9083e", "CandidateNo": 19, "FirstName": "ธงไชย", "LastName": "สุราช", "PartyName": "ชาติพันธุ์ไทย", "PartyNumber": 196, "Title": "นาย", "Votable": true, "province_id": 54, "province_name": "แพร่", "zone_number": 2, "PartyTerminated": false, "Age": 63, "Occupation": "ธุรกิจส่วนตัว", "HighestEducation": "ต่ำกว่าปริญญาตรี", "ImageFileId": "5c5d1a77fbcb5f0fd885187a", "SelfIntroduceFileId": "5c5d1d99fbcb5f0fd8852bf2", "PartyLogo": "https://storage.googleapis.com/candidate-thumbs/party/196.png", "CandididatePhoto": "https://storage.googleapis.com/candidate-thumbs/images/54-2-19.jpg"}, {"Unnamed: 0": 450, "CandidateId": "ea78dfed-cedf-4fb8-a40b-946143ca0929", "CandidateNo": 20, "FirstName": "เดชวัฒนะกิจ", "LastName": "จารเขียน", "PartyName": "ครูไทยเพื่อประชาชน", "PartyNumber": 118, "Title": "นาย", "Votable": false, "province_id": 54, "province_name": "แพร่", "zone_number": 2, "PartyTerminated": false, "Age": 72, "Occupation": "เกษตรกร", "HighestEducation": "ต่ำกว่าปริญญาตรี", "ImageFileId": "5c5d2a18fbcb5f0fd8858fdb", "SelfIntroduceFileId": "5c5d2cf2fbcb5f0fd885a664", "PartyLogo": "https://storage.googleapis.com/candidate-thumbs/party/118.png", "CandididatePhoto": "https://storage.googleapis.com/candidate-thumbs/images/54-2-20.jpg"}, {"Unnamed: 0": 451, "CandidateId": "1b4e9554-cb50-4e4b-a98b-524295e508fd", "CandidateNo": 21, "FirstName": "อนุพันธ์", "LastName": "ชัยวิรัช", "PartyName": "ภูมิใจไทย", "PartyNumber": 63, "Title": "นาย", "Votable": true, "province_id": 54, "province_name": "แพร่", "zone_number": 2, "PartyTerminated": false, "Age": 64, "Occupation": "ข้าราชการครู", "HighestEducation": "ปริญญาโท", "ImageFileId": "5c5d459dfbcb5f0fd8868a81", "SelfIntroduceFileId": "5c5d4999fbcb5f0fd886b498", "PartyLogo": "https://storage.googleapis.com/candidate-thumbs/party/63.png", "CandididatePhoto": "https://storage.googleapis.com/candidate-thumbs/images/54-2-21.jpg"}, {"Unnamed: 0": 452, "CandidateId": "e2760d0e-e91e-4bbe-8e63-fd3c3479b483", "CandidateNo": 22, "FirstName": "จรรยมณฑน์", "LastName": "จันทร์รักษา", "PartyName": "พลังไทยดี", "PartyNumber": 212, "Title": "นางสาว", "Votable": true, "province_id": 54, "province_name": "แพร่", "zone_number": 2, "PartyTerminated": false, "Age": 41, "Occupation": "ธุรกิจส่วนตัว", "HighestEducation": "ต่ำกว่าปริญญาตรี", "ImageFileId": "5c5d517dfbcb5f0fd8870ae4", "SelfIntroduceFileId": "5c5d54cafbcb5f0fd8873375", "PartyLogo": "https://storage.googleapis.com/candidate-thumbs/party/212.png", "CandididatePhoto": "https://storage.googleapis.com/candidate-thumbs/images/54-2-22.jpg"}, {"Unnamed: 0": 453, "CandidateId": "817069ea-952d-46f1-b5f6-3485b3ff30e2", "CandidateNo": 23, "FirstName": "กรัณย์", "LastName": "กันจะนะ", "PartyName": "ประชากรไทย", "PartyNumber": 2, "Title": "นาย", "Votable": true, "province_id": 54, "province_name": "แพร่", "zone_number": 2, "PartyTerminated": false, "Age": 46, "Occupation": "ผู้จัดการนิติบุคคลอาคารชุดเจมโมทาวน์", "HighestEducation": "ปริญญาโท", "ImageFileId": "5c5d57fffbcb5f0fd8875f81", "SelfIntroduceFileId": "5c5d5c5efbcb5f0fd8878df9", "PartyLogo": "https://storage.googleapis.com/candidate-thumbs/party/2.png", "CandididatePhoto": "https://storage.googleapis.com/candidate-thumbs/images/54-2-23.jpg"}, {"Unnamed: 0": 454, "CandidateId": "02bc374d-a87c-4e4d-96f4-7c3255104cb0", "CandidateNo": 24, "FirstName": "พงศ์พันธ์", "LastName": "สุวรรณพงศ์", "PartyName": "พลังไทยรักไทย", "PartyNumber": 185, "Title": "นาย", "Votable": true, "province_id": 54, "province_name": "แพร่", "zone_number": 2, "PartyTerminated": false, "Age": 55, "Occupation": "ธุรกิจส่วนตัว", "HighestEducation": "ปริญญาตรี", "ImageFileId": "5c5d6669fbcb5f0fd887db4c", "SelfIntroduceFileId": "5c5d64e4fbcb5f0fd887d0e7", "PartyLogo": "https://storage.googleapis.com/candidate-thumbs/party/185.png", "CandididatePhoto": "https://storage.googleapis.com/candidate-thumbs/images/54-2-24.jpg"}, {"Unnamed: 0": 455, "CandidateId": "1f09437d-954c-44fd-aad4-a7d03032658d", "CandidateNo": 25, "FirstName": "คณิน", "LastName": "แพร่น่าน", "PartyName": "ประชาธรรมไทย", "PartyNumber": 190, "Title": "นาย", "Votable": true, "province_id": 54, "province_name": "แพร่", "zone_number": 2, "PartyTerminated": false, "Age": 66, "Occupation": "รับจ้าง", "HighestEducation": "ต่ำกว่าปริญญาตรี", "ImageFileId": "5c5d6783fbcb5f0fd887df8c", "SelfIntroduceFileId": "5c5d6de7fbcb5f0fd887fdcd", "PartyLogo": "https://storage.googleapis.com/candidate-thumbs/party/190.png", "CandididatePhoto": "https://storage.googleapis.com/candidate-thumbs/images/54-2-25.jpg"}, {"Unnamed: 0": 456, "CandidateId": "e85101c7-27d2-4868-ac02-6a7fcfa004b8", "CandidateNo": 26, "FirstName": "พยุงศักดิ์", "LastName": "ชอบชิน", "PartyName": "ประชาธิปไตยใหม่", "PartyNumber": 109, "Title": "นาย", "Votable": true, "province_id": 54, "province_name": "แพร่", "zone_number": 2, "PartyTerminated": false, "Age": 64, "Occupation": "รับราชการครู", "HighestEducation": "ปริญญาตรี", "ImageFileId": "5c5d6fbcfbcb5f0fd888075f", "SelfIntroduceFileId": "5c5d75fbfbcb5f0fd88817d7", "PartyLogo": "https://storage.googleapis.com/candidate-thumbs/party/109.png", "CandididatePhoto": "https://storage.googleapis.com/candidate-thumbs/images/54-2-26.jpg"}]