{"trial_id": "07", "hyperparameters": {"space": [{"class_name": "Int", "config": {"name": "num_layers", "default": null, "conditions": [], "min_value": 2, "max_value": 10, "step": 1, "sampling": "linear"}}, {"class_name": "Int", "config": {"name": "units_0", "default": null, "conditions": [], "min_value": 32, "max_value": 256, "step": 32, "sampling": "linear"}}, {"class_name": "Int", "config": {"name": "units_1", "default": null, "conditions": [], "min_value": 32, "max_value": 256, "step": 32, "sampling": "linear"}}, {"class_name": "Float", "config": {"name": "dropout", "default": 0.5, "conditions": [], "min_value": 0.0, "max_value": 0.8, "step": 0.1, "sampling": "linear"}}, {"class_name": "Int", "config": {"name": "units_2", "default": null, "conditions": [], "min_value": 32, "max_value": 256, "step": 32, "sampling": "linear"}}, {"class_name": "Int", "config": {"name": "units_3", "default": null, "conditions": [], "min_value": 32, "max_value": 256, "step": 32, "sampling": "linear"}}, {"class_name": "Int", "config": {"name": "units_4", "default": null, "conditions": [], "min_value": 32, "max_value": 256, "step": 32, "sampling": "linear"}}, {"class_name": "Int", "config": {"name": "units_5", "default": null, "conditions": [], "min_value": 32, "max_value": 256, "step": 32, "sampling": "linear"}}, {"class_name": "Int", "config": {"name": "units_6", "default": null, "conditions": [], "min_value": 32, "max_value": 256, "step": 32, "sampling": "linear"}}, {"class_name": "Int", "config": {"name": "units_7", "default": null, "conditions": [], "min_value": 32, "max_value": 256, "step": 32, "sampling": "linear"}}, {"class_name": "Int", "config": {"name": "units_8", "default": null, "conditions": [], "min_value": 32, "max_value": 256, "step": 32, "sampling": "linear"}}, {"class_name": "Int", "config": {"name": "units_9", "default": null, "conditions": [], "min_value": 32, "max_value": 256, "step": 32, "sampling": "linear"}}], "values": {"num_layers": 10, "units_0": 256, "units_1": 224, "dropout": 0.1, "units_2": 32, "units_3": 160, "units_4": 32, "units_5": 64, "units_6": 256, "units_7": 192, "units_8": 32, "units_9": 32}}, "metrics": {"metrics": {"loss": {"direction": "min", "observations": [{"value": [0.13742399215698242], "step": 69}]}, "categorical_accuracy": {"direction": "max", "observations": [{"value": [0.9506354331970215], "step": 69}]}, "val_loss": {"direction": "min", "observations": [{"value": [0.27925753593444824], "step": 69}]}, "val_categorical_accuracy": {"direction": "max", "observations": [{"value": [0.8987393975257874], "step": 69}]}}}, "score": 0.9506354331970215, "best_step": 69, "status": "COMPLETED", "message": null}