{"trial_id": "02", "hyperparameters": {"space": [{"class_name": "Int", "config": {"name": "num_layers", "default": null, "conditions": [], "min_value": 2, "max_value": 10, "step": 1, "sampling": "linear"}}, {"class_name": "Int", "config": {"name": "units_0", "default": null, "conditions": [], "min_value": 32, "max_value": 256, "step": 32, "sampling": "linear"}}, {"class_name": "Int", "config": {"name": "units_1", "default": null, "conditions": [], "min_value": 32, "max_value": 256, "step": 32, "sampling": "linear"}}, {"class_name": "Float", "config": {"name": "dropout", "default": 0.5, "conditions": [], "min_value": 0.0, "max_value": 0.8, "step": 0.1, "sampling": "linear"}}, {"class_name": "Int", "config": {"name": "units_2", "default": null, "conditions": [], "min_value": 32, "max_value": 256, "step": 32, "sampling": "linear"}}, {"class_name": "Int", "config": {"name": "units_3", "default": null, "conditions": [], "min_value": 32, "max_value": 256, "step": 32, "sampling": "linear"}}, {"class_name": "Int", "config": {"name": "units_4", "default": null, "conditions": [], "min_value": 32, "max_value": 256, "step": 32, "sampling": "linear"}}, {"class_name": "Int", "config": {"name": "units_5", "default": null, "conditions": [], "min_value": 32, "max_value": 256, "step": 32, "sampling": "linear"}}, {"class_name": "Int", "config": {"name": "units_6", "default": null, "conditions": [], "min_value": 32, "max_value": 256, "step": 32, "sampling": "linear"}}, {"class_name": "Int", "config": {"name": "units_7", "default": null, "conditions": [], "min_value": 32, "max_value": 256, "step": 32, "sampling": "linear"}}], "values": {"num_layers": 5, "units_0": 64, "units_1": 224, "dropout": 0.7000000000000001, "units_2": 256, "units_3": 160, "units_4": 256, "units_5": 32, "units_6": 32, "units_7": 256}}, "metrics": {"metrics": {"loss": {"direction": "min", "observations": [{"value": [0.15025776624679565], "step": 69}]}, "categorical_accuracy": {"direction": "max", "observations": [{"value": [0.9446424841880798], "step": 69}]}, "val_loss": {"direction": "min", "observations": [{"value": [0.2536965310573578], "step": 69}]}, "val_categorical_accuracy": {"direction": "max", "observations": [{"value": [0.9097954034805298], "step": 69}]}}}, "score": 0.9446424841880798, "best_step": 69, "status": "COMPLETED", "message": null}