{"trial_id": "00", "hyperparameters": {"space": [{"class_name": "Int", "config": {"name": "num_layers", "default": null, "conditions": [], "min_value": 2, "max_value": 10, "step": 1, "sampling": "linear"}}, {"class_name": "Int", "config": {"name": "units_0", "default": null, "conditions": [], "min_value": 32, "max_value": 256, "step": 32, "sampling": "linear"}}, {"class_name": "Int", "config": {"name": "units_1", "default": null, "conditions": [], "min_value": 32, "max_value": 256, "step": 32, "sampling": "linear"}}, {"class_name": "Float", "config": {"name": "dropout", "default": 0.5, "conditions": [], "min_value": 0.0, "max_value": 0.8, "step": 0.1, "sampling": "linear"}}, {"class_name": "Int", "config": {"name": "units_2", "default": null, "conditions": [], "min_value": 32, "max_value": 256, "step": 32, "sampling": "linear"}}], "values": {"num_layers": 3, "units_0": 224, "units_1": 128, "dropout": 0.4, "units_2": 32}}, "metrics": {"metrics": {"loss": {"direction": "min", "observations": [{"value": [0.15191014111042023], "step": 68}]}, "categorical_accuracy": {"direction": "max", "observations": [{"value": [0.9448750019073486], "step": 68}]}, "val_loss": {"direction": "min", "observations": [{"value": [0.2499307245016098], "step": 68}]}, "val_categorical_accuracy": {"direction": "max", "observations": [{"value": [0.9067988991737366], "step": 68}]}}}, "score": 0.9448750019073486, "best_step": 68, "status": "COMPLETED", "message": null}