{"Result":[{"Sequence":1,"Title":"นาย","FirstName":"อภิสิทธิ์","LastName":"เวชชาชีวะ","PartyNumber":1,"PartyName":"ประชาธิปัตย์"},{"Sequence":1,"Title":"นาย","FirstName":"สุมิตร","LastName":"สุนทรเวช","PartyNumber":2,"PartyName":"ประชากรไทย"},{"Sequence":2,"Title":"นาย","FirstName":"คณิศร","LastName":"สมมะลวน","PartyNumber":2,"PartyName":"ประชากรไทย"},{"Sequence":1,"Title":"นาย","FirstName":"อภิรัต","LastName":"ศิรินาวิน","PartyNumber":4,"PartyName":"มหาชน"},{"Sequence":2,"Title":"นาย","FirstName":"พาลินี","LastName":"งามพริ้ง","PartyNumber":4,"PartyName":"มหาชน"},{"Sequence":3,"Title":"นาย","FirstName":"สุปกิจ","LastName":"คชเสนี","PartyNumber":4,"PartyName":"มหาชน"},{"Sequence":1,"Title":"ดร.","FirstName":"ทรรศชล","LastName":"พงษ์ภควัต","PartyNumber":6,"PartyName":"กสิกรไทย"},{"Sequence":1,"Title":"นาย","FirstName":"ชิงชัย","LastName":"มงคลธรรม","PartyNumber":13,"PartyName":"ความหวังใหม่"},{"Sequence":1,"Title":"คุณหญิง","FirstName":"สุดารัตน์","LastName":"เกยุราพันธุ์","PartyNumber":34,"PartyName":"เพื่อไทย"},{"Sequence":2,"Title":"นาย","FirstName":"ชัชชาติ","LastName":"สิทธิพันธุ์","PartyNumber":34,"PartyName":"เพื่อไทย"},{"Sequence":3,"Title":"นาย","FirstName":"ชัยเกษม","LastName":"นิติสิริ","PartyNumber":34,"PartyName":"เพื่อไทย"},{"Sequence":1,"Title":"นาย","FirstName":"สุวัจน์","LastName":"ลิปตพัลลภ","PartyNumber":45,"PartyName":"ชาติพัฒนา"},{"Sequence":2,"Title":"นาย","FirstName":"วรรณรัตน์","LastName":"ชาญนุกูล","PartyNumber":45,"PartyName":"ชาติพัฒนา"},{"Sequence":3,"Title":"นาย","FirstName":"เทวัญ","LastName":"ลิปตพัลลภ","PartyNumber":45,"PartyName":"ชาติพัฒนา"},{"Sequence":1,"Title":"นางสาว","FirstName":"กัญจนา","LastName":"ศิลปอาชา","PartyNumber":55,"PartyName":"ชาติไทยพัฒนา"},{"Sequence":1,"Title":"นาย","FirstName":"อนุทิน","LastName":"ชาญวีรกูล","PartyNumber":63,"PartyName":"ภูมิใจไทย"},{"Sequence":1,"Title":"นาย","FirstName":"สมศักดิ์","LastName":"โกศัยสุข","PartyNumber":76,"PartyName":"สังคมประชาธิปไตยไทย"},{"Sequence":1,"Title":"นาง","FirstName":"นลินี","LastName":"ทวีสิน","PartyNumber":98,"PartyName":"เพื่อธรรม"},{"Sequence":1,"Title":"นาย","FirstName":"สุรทิน","LastName":"พิจารณ์","PartyNumber":109,"PartyName":"ประชาธิปไตยใหม่"},{"Sequence":1,"Title":"นาย","FirstName":"ปรีดา","LastName":"บุญเพลิง","PartyNumber":118,"PartyName":"ครูไทยเพื่อประชาชน"},{"Sequence":1,"Title":"นาย","FirstName":"ชัชวาลล์","LastName":"คงอุดม","PartyNumber":124,"PartyName":"พลังท้องถิ่นไท"},{"Sequence":2,"Title":"ศาสตราจารย์ ดร.","FirstName":"โกวิทย์","LastName":"พวงงาม","PartyNumber":124,"PartyName":"พลังท้องถิ่นไท"},{"Sequence":1,"Title":"พลตำรวจเอก","FirstName":"เสรีพิศุทธ์","LastName":"เตมียเวส","PartyNumber":145,"PartyName":"เสรีรวมไทย"},{"Sequence":1,"Title":"นาย","FirstName":"พูนพิพัฒน์","LastName":"นิลรังษี","PartyNumber":153,"PartyName":"พลังประชาธิปไตย"},{"Sequence":1,"Title":"ม.ร.ว.","FirstName":"ดำรงดิศ","LastName":"ดิศกุล","PartyNumber":154,"PartyName":"ภราดรภาพ"},{"Sequence":1,"Title":"นาย","FirstName":"กฤติวัฒน์","LastName":"กลางชัย","PartyNumber":157,"PartyName":"เพื่อชีวิตใหม่"},{"Sequence":1,"Title":"นาย","FirstName":"ธนพร","LastName":"ศรียากูล","PartyNumber":161,"PartyName":"คนธรรมดาแห่งประเทศไทย"},{"Sequence":1,"Title":"นาย","FirstName":"ราเชน","LastName":"ตระกูลเวียง","PartyNumber":170,"PartyName":"ทางเลือกใหม่"},{"Sequence":1,"Title":"นาย","FirstName":"สมเกียรติ","LastName":"ศรลัมพ์","PartyNumber":172,"PartyName":"ประชาภิวัฒน์"},{"Sequence":2,"Title":"นาง","FirstName":"นันทนา","LastName":"สงฆ์ประชา","PartyNumber":172,"PartyName":"ประชาภิวัฒน์"},{"Sequence":3,"Title":"ศาสตราจารย์ นพ.","FirstName":"สุทธิพร","LastName":"จิตต์มิตรภาพ","PartyNumber":172,"PartyName":"ประชาภิวัฒน์"},{"Sequence":1,"Title":"นาย","FirstName":"เอกพร","LastName":"รักความสุข","PartyNumber":173,"PartyName":"พลเมืองไทย"},{"Sequence":1,"Title":"นาย","FirstName":"ธนาธร  ","LastName":"จึงรุ่งเรืองกิจ","PartyNumber":177,"PartyName":"อนาคตใหม่"},{"Sequence":1,"Title":"นาย","FirstName":"อโณทัย","LastName":"ดวงดารา","PartyNumber":178,"PartyName":"ไทยธรรม"},{"Sequence":2,"Title":"นาย","FirstName":"ภูษิต","LastName":"ภูปภัสศิริ","PartyNumber":178,"PartyName":"ไทยธรรม"},{"Sequence":3,"Title":"นาย","FirstName":"กิติกร","LastName":"วิชัยเรืองธรรม","PartyNumber":178,"PartyName":"ไทยธรรม"},{"Sequence":1,"Title":"นาย","FirstName":"มงคลกิตติ์","LastName":"สุขสินธารานนท์","PartyNumber":180,"PartyName":"ไทยศรีวิไลย์"},{"Sequence":2,"Title":"นาย","FirstName":"ณัชพล","LastName":"สุพัฒนะ","PartyNumber":180,"PartyName":"ไทยศรีวิไลย์"},{"Sequence":3,"Title":"นางสาว","FirstName":"ภคอร","LastName":"จันทรคณา","PartyNumber":180,"PartyName":"ไทยศรีวิไลย์"},{"Sequence":1,"Title":"นาย","FirstName":"เอนก","LastName":"พันธุรัตน์","PartyNumber":182,"PartyName":"สยามพัฒนา"},{"Sequence":1,"Title":"นาย","FirstName":"วิทยา","LastName":"อินาลา","PartyNumber":183,"PartyName":"เพื่อคนไทย"},{"Sequence":1,"Title":"พลเอก","FirstName":"ธรรมรักษ์","LastName":"อิศรางกูร ณ อยุธยา","PartyNumber":185,"PartyName":"พลังไทยรักไทย"},{"Sequence":2,"Title":"นาย","FirstName":"คฑาเทพ","LastName":"เตชะเดชเรืองกุล","PartyNumber":185,"PartyName":"พลังไทยรักไทย"},{"Sequence":1,"Title":"พลตรี","FirstName":"ทรงกลด","LastName":"ทิพย์รัตน์","PartyNumber":186,"PartyName":"พลังชาติไทย"},{"Sequence":1,"Title":"นาย","FirstName":"วันมูหะมัดนอร์","LastName":"มะทา","PartyNumber":187,"PartyName":"ประชาชาติ"},{"Sequence":2,"Title":"พันตำรวจเอก","FirstName":"ทวี","LastName":"สอดส่อง","PartyNumber":187,"PartyName":"ประชาชาติ"},{"Sequence":3,"Title":"นางสาว","FirstName":"ณหทัย","LastName":"ทิวไผ่งาม","PartyNumber":187,"PartyName":"ประชาชาติ"},{"Sequence":1,"Title":"ศาสตราจารย์พิเศษ ร.ท.","FirstName":"บรรจบ","LastName":"บรรณรุจิ","PartyNumber":188,"PartyName":"แผ่นดินธรรม"},{"Sequence":2,"Title":"นาย","FirstName":"กรณ์","LastName":"มีดี","PartyNumber":188,"PartyName":"แผ่นดินธรรม"},{"Sequence":1,"Title":"นาย","FirstName":"สายัณห์","LastName":"อินทรภักดิ์","PartyNumber":189,"PartyName":"คลองไทย"},{"Sequence":1,"Title":"นาย","FirstName":"พิเชษฐ","LastName":"สถิรชวาล","PartyNumber":190,"PartyName":"ประชาธรรมไทย"},{"Sequence":2,"Title":"นาย","FirstName":"ชัยวุฑ","LastName":"ตรึกตรอง","PartyNumber":190,"PartyName":"ประชาธรรมไทย"},{"Sequence":1,"Title":"พันตำรวจเอก","FirstName":"รวมนคร","LastName":"ทับทิมธงไชย","PartyNumber":191,"PartyName":"ประชานิยม"},{"Sequence":2,"Title":"พลตำรวจเอก","FirstName":"ยงยุทธ","LastName":"เทพจำนงค์","PartyNumber":191,"PartyName":"ประชานิยม"},{"Sequence":3,"Title":"นาย","FirstName":"ปฐมฤกษ์","LastName":"มณีเนตร","PartyNumber":191,"PartyName":"ประชานิยม"},{"Sequence":1,"Title":"พลเอก","FirstName":"ประยุทธ์","LastName":"จันทร์โอชา","PartyNumber":192,"PartyName":"พลังประชารัฐ"},{"Sequence":1,"Title":"นาย","FirstName":"มิ่งขวัญ","LastName":"แสงสุวรรณ์","PartyNumber":193,"PartyName":"เศรษฐกิจใหม่"},{"Sequence":1,"Title":"นาย","FirstName":"โกวิทย์","LastName":"จิรชนานนท์","PartyNumber":196,"PartyName":"ชาติพันธุ์ไทย"},{"Sequence":2,"Title":"นาย","FirstName":"พลศุภรักษ์","LastName":"ศิริจันทรานนท์","PartyNumber":196,"PartyName":"ชาติพันธุ์ไทย"},{"Sequence":3,"Title":"นาย","FirstName":"ภราดล","LastName":"พรอำนวย","PartyNumber":196,"PartyName":"ชาติพันธุ์ไทย"},{"Sequence":1,"Title":"ดร.","FirstName":"วิฑูรย์","LastName":"ชลายนนาวิน","PartyNumber":198,"PartyName":"พลังสังคม"},{"Sequence":1,"Title":"นาย","FirstName":"ชุมพล  ","LastName":"ครุฑแก้ว","PartyNumber":203,"PartyName":"กลาง"},{"Sequence":1,"Title":"นาย","FirstName":"พงศา","LastName":"ชูแนม","PartyNumber":206,"PartyName":"กรีน"},{"Sequence":1,"Title":"นาย","FirstName":"ศิลปิน","LastName":"หาญผดุงธรรมะ","PartyNumber":207,"PartyName":"พัฒนาประเทศไทย"},{"Sequence":1,"Title":"นาย","FirstName":"บวร","LastName":"ยสินทร","PartyNumber":208,"PartyName":"ฐานรากไทย"},{"Sequence":2,"Title":"ว่าที่ ร.ต.","FirstName":"ญาณวุฒิ","LastName":"พรหมเดชากุล","PartyNumber":208,"PartyName":"ฐานรากไทย"},{"Sequence":1,"Title":"นางสาว","FirstName":"กฤษอนงค์","LastName":"สุวรรณวงศ์","PartyNumber":211,"PartyName":"ภาคีเครือข่ายไทย"},{"Sequence":1,"Title":"นาย","FirstName":"สาธุ","LastName":"อนุโมทามิ","PartyNumber":212,"PartyName":"พลังไทยดี"},{"Sequence":1,"Title":"ดร.","FirstName":"ธีระ","LastName":"เจียบุญหยก","PartyNumber":215,"PartyName":"คนงานไทย"}],"MessageCode":"00000","Message":null}
