{"ongoing_trials": {}, "hyperparameters": {"space": [{"class_name": "Int", "config": {"name": "num_layers", "default": null, "conditions": [], "min_value": 2, "max_value": 10, "step": 1, "sampling": "linear"}}, {"class_name": "Int", "config": {"name": "units_0", "default": null, "conditions": [], "min_value": 32, "max_value": 256, "step": 32, "sampling": "linear"}}, {"class_name": "Int", "config": {"name": "units_1", "default": null, "conditions": [], "min_value": 32, "max_value": 256, "step": 32, "sampling": "linear"}}, {"class_name": "Float", "config": {"name": "dropout", "default": 0.5, "conditions": [], "min_value": 0.0, "max_value": 0.8, "step": 0.1, "sampling": "linear"}}, {"class_name": "Int", "config": {"name": "units_2", "default": null, "conditions": [], "min_value": 32, "max_value": 256, "step": 32, "sampling": "linear"}}, {"class_name": "Int", "config": {"name": "units_3", "default": null, "conditions": [], "min_value": 32, "max_value": 256, "step": 32, "sampling": "linear"}}, {"class_name": "Int", "config": {"name": "units_4", "default": null, "conditions": [], "min_value": 32, "max_value": 256, "step": 32, "sampling": "linear"}}, {"class_name": "Int", "config": {"name": "units_5", "default": null, "conditions": [], "min_value": 32, "max_value": 256, "step": 32, "sampling": "linear"}}, {"class_name": "Int", "config": {"name": "units_6", "default": null, "conditions": [], "min_value": 32, "max_value": 256, "step": 32, "sampling": "linear"}}, {"class_name": "Int", "config": {"name": "units_7", "default": null, "conditions": [], "min_value": 32, "max_value": 256, "step": 32, "sampling": "linear"}}, {"class_name": "Int", "config": {"name": "units_8", "default": null, "conditions": [], "min_value": 32, "max_value": 256, "step": 32, "sampling": "linear"}}, {"class_name": "Int", "config": {"name": "units_9", "default": null, "conditions": [], "min_value": 32, "max_value": 256, "step": 32, "sampling": "linear"}}], "values": {"num_layers": 2, "units_0": 32, "units_1": 32, "dropout": 0.5, "units_2": 32, "units_3": 32, "units_4": 32, "units_5": 32, "units_6": 32, "units_7": 32, "units_8": 32, "units_9": 32}}, "start_order": ["00", "01", "02", "03", "04", "05", "06", "07", "08", "09"], "end_order": ["00", "01", "02", "03", "04", "05", "06", "07", "08", "09"], "run_times": {"00": 1, "01": 1, "02": 1, "03": 1, "04": 1, "05": 1, "06": 1, "07": 1, "08": 1, "09": 1}, "retry_queue": [], "seed": 505, "seed_state": 598, "tried_so_far": ["7049c4b7a477f4a030f6f2b0c8125bf2", "bad29115d6431e752ef8eefbe9f9618a", "ee998821476181abd6c3caa041290a0c", "79f2f60e865299bbc2ce1a5ddf0dbd84", "7b59c502a05fb64f9439e6150a3c95a0", "d811bb1055136a67c56d67904effc669", "c833118dd17e5c766cfcdcfa7d45dd28", "e82bd0896eead9a53b3156804066d961", "823b02fee6a527dff43bdc633f4ce70a", "f8aa6f855e18223e7981ddef658ea2bd"], "id_to_hash": {"00": "823b02fee6a527dff43bdc633f4ce70a", "01": "c833118dd17e5c766cfcdcfa7d45dd28", "02": "ee998821476181abd6c3caa041290a0c", "03": "bad29115d6431e752ef8eefbe9f9618a", "04": "7b59c502a05fb64f9439e6150a3c95a0", "05": "7049c4b7a477f4a030f6f2b0c8125bf2", "06": "f8aa6f855e18223e7981ddef658ea2bd", "07": "79f2f60e865299bbc2ce1a5ddf0dbd84", "08": "e82bd0896eead9a53b3156804066d961", "09": "d811bb1055136a67c56d67904effc669"}}